[2026-07-07 13:16:37] [DEBUG] --- wwProject System Start ---
[2026-07-07 13:16:37] [DEBUG] Router::Router() /jemini/wwProjectV1.36/develop/
[2026-07-07 13:16:37] [DEBUG] Attempting to load: \Develop\Controllers\LoginController::initialAction
[2026-07-07 13:16:37] [DEBUG] Router: Executing \Develop\Controllers\LoginController->initialAction
[2026-07-07 13:16:37] [DEBUG] Login::initialAction() start...
[2026-07-07 13:16:37] [DEBUG] Login::initialAction() errorMessage : 
[2026-07-07 13:16:37] [DEBUG] Screen::view() path: \Develop\Views\Login\Login.view start...
[2026-07-07 13:16:37] [DEBUG] Screen::getContents() start...
[2026-07-07 13:16:37] [DEBUG] Screen::getContents() finish.
[2026-07-07 13:16:37] [DEBUG] Screen::view() path: \Develop\Views\Login\Login.view finish.
[2026-07-07 13:16:37] [DEBUG] Login::initialAction() finish.
[2026-07-07 13:16:43] [DEBUG] --- wwProject System Start ---
[2026-07-07 13:16:43] [DEBUG] Router::Router() /jemini/wwProjectV1.36/Develop/Login/authentication/
[2026-07-07 13:16:43] [DEBUG] Attempting to load: \Develop\Controllers\LoginController::authenticationAction
[2026-07-07 13:16:43] [DEBUG] Router: Executing \Develop\Controllers\LoginController->authenticationAction
[2026-07-07 13:16:43] [DEBUG] Login::AuthenticationAction() start...
[2026-07-07 13:16:43] [DEBUG] Login OK - x
[2026-07-07 13:16:43] [DEBUG] Session::start()
[2026-07-07 13:16:43] [DEBUG] Redirect to Console::initialAction()
[2026-07-07 13:16:43] [DEBUG] --- wwProject System Start ---
[2026-07-07 13:16:43] [DEBUG] Router::Router() /jemini/wwProjectV1.36/Develop/Console/initial/
[2026-07-07 13:16:43] [DEBUG] Attempting to load: \Develop\Controllers\ConsoleController::initialAction
[2026-07-07 13:16:43] [DEBUG] Router: Executing \Develop\Controllers\ConsoleController->initialAction
[2026-07-07 13:16:43] [DEBUG] Console::initialAction() start...
[2026-07-07 13:16:43] [DEBUG] Screen::view() path: \Develop\Views\Console\Console.view start...
[2026-07-07 13:16:43] [DEBUG] Screen::getContents() start...
[2026-07-07 13:16:43] [DEBUG] Screen::getContents() finish.
[2026-07-07 13:16:43] [DEBUG] Screen::view() path: \Develop\Views\Console\Console.view finish.
[2026-07-07 13:16:43] [DEBUG] ConsoleController::initialAction() finish.
[2026-07-07 13:16:43] [DEBUG] --- wwProject System Start ---
[2026-07-07 13:16:43] [DEBUG] Router::Router() /jemini/wwProjectV1.36/Develop/Console/ServerBridgeAction/
[2026-07-07 13:16:43] [DEBUG] Attempting to load: \Develop\Controllers\ConsoleController::ServerBridgeAction
[2026-07-07 13:16:43] [DEBUG] Router: Executing \Develop\Controllers\ConsoleController->ServerBridgeAction
[2026-07-07 13:16:43] [DEBUG] ConsoleController::ServerBridge() start...
[2026-07-07 13:16:43] [DEBUG] ConsoleController::ServerBridge() \Develop\Controllers\ConsoleController::areaInitialAction()
[2026-07-07 13:16:43] [DEBUG] ConsoleController::AreaInitialAction() start...
[2026-07-07 13:16:43] [DEBUG] Screen::updateAreaA() path: \Develop\Views\AreaA\Area_A.view start...
[2026-07-07 13:16:43] [DEBUG] Screen::areaView() sending JSON: ["areas"]
[2026-07-07 13:16:43] [DEBUG] Screen::getContents() start...
[2026-07-07 13:16:43] [DEBUG] Screen::getContents() finish.
[2026-07-07 13:16:43] [DEBUG] Screen::updateAreaA() finish.
[2026-07-07 13:16:43] [DEBUG] Screen::updateAreaB() path: \Develop\Views\AreaB\Area_B.view start...
[2026-07-07 13:16:43] [DEBUG] Screen::getContents() start...
[2026-07-07 13:16:43] [DEBUG] Screen::getContents() finish.
[2026-07-07 13:16:43] [DEBUG] Screen::updateAreaB() finish.
[2026-07-07 13:16:43] [DEBUG] Screen::updateAreaD() path: \Develop\Views\AreaD\Area_D_clear.view start...
[2026-07-07 13:16:43] [DEBUG] Screen::getContents() start...
[2026-07-07 13:16:43] [DEBUG] Screen::getContents() finish.
[2026-07-07 13:16:43] [DEBUG] Screen::updateAreaD() finish.
[2026-07-07 13:16:43] [DEBUG] Screen::updateAreaE() [iframe起動版] path: \Develop\Views\AreaE\Area_E_clear.view start...
[2026-07-07 13:16:43] [DEBUG] Screen::getContents() start...
[2026-07-07 13:16:43] [DEBUG] Screen::getContents() finish.
[2026-07-07 13:16:43] [DEBUG] Screen::updateAreaE() finish.
[2026-07-07 13:16:43] [DEBUG] Screen::updateAreaF() path: \Develop\Views\AreaF\Area_F.view start...
[2026-07-07 13:16:43] [DEBUG] Screen::getContents() start...
[2026-07-07 13:16:43] [DEBUG] Screen::getContents() finish.
[2026-07-07 13:16:43] [DEBUG] Screen::updateAreaF() finish.
[2026-07-07 13:16:43] [DEBUG] ProjectController::startProjectNabi() start...
[2026-07-07 13:16:43] [DEBUG] ProjectController::getProjectListHtml() start...
[2026-07-07 13:16:43] [DEBUG] ProjectModel::getProjectList() start...
[2026-07-07 13:16:43] [DEBUG] ProjectModel::getProjectList() finish.
[2026-07-07 13:16:43] [DEBUG] CodeMasterModel：：getCodesByGroup() start...
[2026-07-07 13:16:43] [DEBUG] CodeMasterModel：：getCodesByGroup() finish.
[2026-07-07 13:16:43] [DEBUG] ProjectController::getNaviFooterHtml() start...
[2026-07-07 13:16:43] [DEBUG] ProjectController::getNaviFooterHtml() finish.
[2026-07-07 13:16:43] [DEBUG] ProjectController::startProjectNabi() finish.
[2026-07-07 13:16:43] [DEBUG] Screen::updateAreaC() \Develop\Views\AreaC\Area_C.view start...
[2026-07-07 13:16:43] [DEBUG] Screen::getContents() start...
[2026-07-07 13:16:43] [DEBUG] Screen::getContents() finish.
[2026-07-07 13:16:43] [DEBUG] Screen::updateAreaC() finish.
[2026-07-07 13:16:43] [DEBUG] ConsoleController::AreaInitialAction() finish.
[2026-07-07 13:16:43] [DEBUG] Screen::areaView() start...
[2026-07-07 13:16:43] [DEBUG] Screen::areaView() finish.
[2026-07-07 13:16:45] [DEBUG] --- wwProject System Start ---
[2026-07-07 13:16:45] [DEBUG] Router::Router() /jemini/wwProjectV1.36/Develop/Console/ServerBridgeAction/
[2026-07-07 13:16:45] [DEBUG] Attempting to load: \Develop\Controllers\ConsoleController::ServerBridgeAction
[2026-07-07 13:16:45] [DEBUG] Router: Executing \Develop\Controllers\ConsoleController->ServerBridgeAction
[2026-07-07 13:16:45] [DEBUG] ConsoleController::ServerBridge() start...
[2026-07-07 13:16:45] [DEBUG] ConsoleController::ServerBridge() \Develop\Controllers\ProjectController::projectSelectAction()
[2026-07-07 13:16:45] [DEBUG] ProjectController::projectSelectAction() start...
[2026-07-07 13:16:45] [DEBUG] ProjectController::projectSelectAction() ☆★☆　SampleProject１
[2026-07-07 13:16:45] [DEBUG] Screen::updateAreaB() path: \Develop\Views\AreaB\Area_B.view start...
[2026-07-07 13:16:45] [DEBUG] Screen::getContents() start...
[2026-07-07 13:16:45] [DEBUG] Screen::getContents() finish.
[2026-07-07 13:16:45] [DEBUG] Screen::updateAreaB() finish.
[2026-07-07 13:16:45] [DEBUG] ProjectController::projectSelectAction() PRJ-D45FEF : PRJ-D45FEF
[2026-07-07 13:16:45] [DEBUG] ProjectController::getProjectListHtml() start...
[2026-07-07 13:16:45] [DEBUG] ProjectModel::getProjectList() start...
[2026-07-07 13:16:45] [DEBUG] ProjectModel::getProjectList() finish.
[2026-07-07 13:16:45] [DEBUG] CodeMasterModel：：getCodesByGroup() start...
[2026-07-07 13:16:45] [DEBUG] CodeMasterModel：：getCodesByGroup() finish.
[2026-07-07 13:16:45] [DEBUG] ProjectController::getNaviFooterHtml() start...
[2026-07-07 13:16:45] [DEBUG] ProjectController::getNaviFooterHtml() finish.
[2026-07-07 13:16:45] [DEBUG] Screen::updateAreaC() \Develop\Views\AreaC\Area_C.view start...
[2026-07-07 13:16:45] [DEBUG] Screen::getContents() start...
[2026-07-07 13:16:45] [DEBUG] Screen::getContents() finish.
[2026-07-07 13:16:45] [DEBUG] Screen::updateAreaC() finish.
[2026-07-07 13:16:45] [DEBUG] Screen::updateAreaD() path: \Develop\Views\AreaD\Area_D_clear.view start...
[2026-07-07 13:16:45] [DEBUG] Screen::getContents() start...
[2026-07-07 13:16:45] [DEBUG] Screen::getContents() finish.
[2026-07-07 13:16:45] [DEBUG] Screen::updateAreaD() finish.
[2026-07-07 13:16:45] [DEBUG] Screen::updateAreaE() [iframe起動版] path: \Develop\Views\AreaE\Area_E_clear.view start...
[2026-07-07 13:16:45] [DEBUG] Screen::getContents() start...
[2026-07-07 13:16:45] [DEBUG] Screen::getContents() finish.
[2026-07-07 13:16:45] [DEBUG] Screen::updateAreaE() finish.
[2026-07-07 13:16:45] [DEBUG] ProjectController::projectSelectAction() finish.
[2026-07-07 13:16:45] [DEBUG] Screen::areaView() start...
[2026-07-07 13:16:45] [DEBUG] Screen::areaView() finish.
[2026-07-07 13:16:46] [DEBUG] --- wwProject System Start ---
[2026-07-07 13:16:46] [DEBUG] Router::Router() /jemini/wwProjectV1.36/Develop/Console/ServerBridgeAction/
[2026-07-07 13:16:46] [DEBUG] Attempting to load: \Develop\Controllers\ConsoleController::ServerBridgeAction
[2026-07-07 13:16:46] [DEBUG] Router: Executing \Develop\Controllers\ConsoleController->ServerBridgeAction
[2026-07-07 13:16:46] [DEBUG] ConsoleController::ServerBridge() start...
[2026-07-07 13:16:46] [DEBUG] ConsoleController::ServerBridge() \Develop\Controllers\PartsDefinitionController::InitialAction()
[2026-07-07 13:16:46] [DEBUG] DBDefinitionController::initialAction() start...
[2026-07-07 13:16:46] [DEBUG] PartsDefinitionController::initialAction() projectId : PRJ-D45FEF
[2026-07-07 13:16:46] [DEBUG] PartsDefinitionModel::getAllPartsList() start... Project ID: PRJ-D45FEF
[2026-07-07 13:16:46] [DEBUG] Screen::updateAreaD() path: \Develop\Views\AreaD\PartsDefinition\PartsDefinitionList.view start...
[2026-07-07 13:16:46] [DEBUG] Screen::getContents() start...
[2026-07-07 13:16:46] [DEBUG] Screen::getContents() finish.
[2026-07-07 13:16:46] [DEBUG] Screen::updateAreaD() finish.
[2026-07-07 13:16:46] [DEBUG] Screen::updateAreaE() [iframe起動版] path: \Develop\Views\AreaE\Area_E_clear.view start...
[2026-07-07 13:16:46] [DEBUG] Screen::getContents() start...
[2026-07-07 13:16:46] [DEBUG] Screen::getContents() finish.
[2026-07-07 13:16:46] [DEBUG] Screen::updateAreaE() finish.
[2026-07-07 13:16:46] [DEBUG] DBDefinitionController::initialAction() end.
[2026-07-07 13:16:46] [DEBUG] Screen::areaView() start...
[2026-07-07 13:16:46] [DEBUG] Screen::areaView() finish.
[2026-07-07 13:16:47] [DEBUG] --- wwProject System Start ---
[2026-07-07 13:16:47] [DEBUG] Router::Router() /jemini/wwProjectV1.36/Develop/Console/ServerBridgeAction/
[2026-07-07 13:16:47] [DEBUG] Attempting to load: \Develop\Controllers\ConsoleController::ServerBridgeAction
[2026-07-07 13:16:47] [DEBUG] Router: Executing \Develop\Controllers\ConsoleController->ServerBridgeAction
[2026-07-07 13:16:47] [DEBUG] ConsoleController::ServerBridge() start...
[2026-07-07 13:16:47] [DEBUG] ConsoleController::ServerBridge() \Develop\Controllers\PartsDefinitionController::editPartsAction()
[2026-07-07 13:16:47] [DEBUG] PartsDefinitionController::editPartsAction() start...
[2026-07-07 13:16:47] [DEBUG] PartsDefinitionModel::getAllPartsList() start... Project ID: PRJ-D45FEF
[2026-07-07 13:16:47] [DEBUG] PartsDefinitionModel::getColumnsByTableId() start... Input: developers
[2026-07-07 13:16:47] [DEBUG] 逆引き成功: 物理名 developers -> table_id : 6
[2026-07-07 13:16:47] [DEBUG] PartsDefinitionModel::getColumnsByTableId() finish. 件数: 9
[2026-07-07 13:16:47] [DEBUG] PartsDefinitionModel::getTableStructure() start... Project ID: PRJ-D45FEF
[2026-07-07 13:16:47] [DEBUG] Screen::updateAreaE() [iframe起動版] path: \Develop\Views\AreaE\PartsDefinition\RegistParts.view start...
[2026-07-07 13:16:47] [DEBUG] Screen::getContents() start...
[2026-07-07 13:16:47] [DEBUG] Screen::getContents() finish.
[2026-07-07 13:16:47] [DEBUG] Screen::updateAreaE() finish.
[2026-07-07 13:16:47] [DEBUG] PartsDefinitionController::editPartsAction() end.
[2026-07-07 13:16:47] [DEBUG] Screen::areaView() start...
[2026-07-07 13:16:47] [DEBUG] Screen::areaView() finish.
[2026-07-07 13:16:51] [DEBUG] --- wwProject System Start ---
[2026-07-07 13:16:51] [DEBUG] Router::Router() /jemini/wwProjectV1.36/Develop/Console/ServerBridgeAction/
[2026-07-07 13:16:51] [DEBUG] Attempting to load: \Develop\Controllers\ConsoleController::ServerBridgeAction
[2026-07-07 13:16:51] [DEBUG] Router: Executing \Develop\Controllers\ConsoleController->ServerBridgeAction
[2026-07-07 13:16:51] [DEBUG] ConsoleController::ServerBridge() start...
[2026-07-07 13:16:51] [DEBUG] ConsoleController::ServerBridge() \Develop\Controllers\PartsDefinitionController::editPartsAction()
[2026-07-07 13:16:51] [DEBUG] PartsDefinitionController::editPartsAction() start...
[2026-07-07 13:16:51] [DEBUG] PartsDefinitionModel::getAllPartsList() start... Project ID: PRJ-D45FEF
[2026-07-07 13:16:51] [DEBUG] PartsDefinitionModel::getTableStructure() start... Project ID: PRJ-D45FEF
[2026-07-07 13:16:51] [DEBUG] Screen::updateAreaE() [iframe起動版] path: \Develop\Views\AreaE\PartsDefinition\RegistParts.view start...
[2026-07-07 13:16:51] [DEBUG] Screen::getContents() start...
[2026-07-07 13:16:51] [DEBUG] Screen::getContents() finish.
[2026-07-07 13:16:51] [DEBUG] Screen::updateAreaE() finish.
[2026-07-07 13:16:51] [DEBUG] PartsDefinitionController::editPartsAction() end.
[2026-07-07 13:16:51] [DEBUG] Screen::areaView() start...
[2026-07-07 13:16:51] [DEBUG] Screen::areaView() finish.
[2026-07-07 13:16:53] [DEBUG] --- wwProject System Start ---
[2026-07-07 13:16:53] [DEBUG] Router::Router() /jemini/wwProjectV1.36/Develop/Console/ServerBridgeAction/
[2026-07-07 13:16:53] [DEBUG] Attempting to load: \Develop\Controllers\ConsoleController::ServerBridgeAction
[2026-07-07 13:16:53] [DEBUG] Router: Executing \Develop\Controllers\ConsoleController->ServerBridgeAction
[2026-07-07 13:16:53] [DEBUG] ConsoleController::ServerBridge() start...
[2026-07-07 13:16:53] [DEBUG] ConsoleController::ServerBridge() \Develop\Controllers\PartsDefinitionController::editPartsAction()
[2026-07-07 13:16:53] [DEBUG] PartsDefinitionController::editPartsAction() start...
[2026-07-07 13:16:53] [DEBUG] PartsDefinitionModel::getAllPartsList() start... Project ID: PRJ-D45FEF
[2026-07-07 13:16:53] [DEBUG] PartsDefinitionModel::getColumnsByTableId() start... Input: developers
[2026-07-07 13:16:53] [DEBUG] 逆引き成功: 物理名 developers -> table_id : 6
[2026-07-07 13:16:53] [DEBUG] PartsDefinitionModel::getColumnsByTableId() finish. 件数: 9
[2026-07-07 13:16:53] [DEBUG] PartsDefinitionModel::getTableStructure() start... Project ID: PRJ-D45FEF
[2026-07-07 13:16:53] [DEBUG] Screen::updateAreaE() [iframe起動版] path: \Develop\Views\AreaE\PartsDefinition\RegistParts.view start...
[2026-07-07 13:16:53] [DEBUG] Screen::getContents() start...
[2026-07-07 13:16:53] [DEBUG] Screen::getContents() finish.
[2026-07-07 13:16:53] [DEBUG] Screen::updateAreaE() finish.
[2026-07-07 13:16:53] [DEBUG] PartsDefinitionController::editPartsAction() end.
[2026-07-07 13:16:53] [DEBUG] Screen::areaView() start...
[2026-07-07 13:16:53] [DEBUG] Screen::areaView() finish.
[2026-07-07 13:21:01] [DEBUG] --- wwProject System Start ---
[2026-07-07 13:21:01] [DEBUG] Router::Router() /jemini/wwProjectV1.36/develop/
[2026-07-07 13:21:01] [DEBUG] Attempting to load: \Develop\Controllers\LoginController::initialAction
[2026-07-07 13:21:01] [DEBUG] Router: Executing \Develop\Controllers\LoginController->initialAction
[2026-07-07 13:21:01] [DEBUG] Login::initialAction() start...
[2026-07-07 13:21:01] [DEBUG] Login::initialAction() errorMessage : 
[2026-07-07 13:21:01] [DEBUG] Screen::view() path: \Develop\Views\Login\Login.view start...
[2026-07-07 13:21:01] [DEBUG] Screen::getContents() start...
[2026-07-07 13:21:01] [DEBUG] Screen::getContents() finish.
[2026-07-07 13:21:01] [DEBUG] Screen::view() path: \Develop\Views\Login\Login.view finish.
[2026-07-07 13:21:01] [DEBUG] Login::initialAction() finish.
[2026-07-07 13:21:03] [DEBUG] --- wwProject System Start ---
[2026-07-07 13:21:03] [DEBUG] Router::Router() /jemini/wwProjectV1.36/Develop/Login/authentication/
[2026-07-07 13:21:03] [DEBUG] Attempting to load: \Develop\Controllers\LoginController::authenticationAction
[2026-07-07 13:21:03] [DEBUG] Router: Executing \Develop\Controllers\LoginController->authenticationAction
[2026-07-07 13:21:03] [DEBUG] Login::AuthenticationAction() start...
[2026-07-07 13:21:03] [DEBUG] Login OK - x
[2026-07-07 13:21:03] [DEBUG] Session::start()
[2026-07-07 13:21:03] [DEBUG] Redirect to Console::initialAction()
[2026-07-07 13:21:03] [DEBUG] --- wwProject System Start ---
[2026-07-07 13:21:03] [DEBUG] Router::Router() /jemini/wwProjectV1.36/Develop/Console/initial/
[2026-07-07 13:21:03] [DEBUG] Attempting to load: \Develop\Controllers\ConsoleController::initialAction
[2026-07-07 13:21:03] [DEBUG] Router: Executing \Develop\Controllers\ConsoleController->initialAction
[2026-07-07 13:21:03] [DEBUG] Console::initialAction() start...
[2026-07-07 13:21:03] [DEBUG] Screen::view() path: \Develop\Views\Console\Console.view start...
[2026-07-07 13:21:03] [DEBUG] Screen::getContents() start...
[2026-07-07 13:21:03] [DEBUG] Screen::getContents() finish.
[2026-07-07 13:21:03] [DEBUG] Screen::view() path: \Develop\Views\Console\Console.view finish.
[2026-07-07 13:21:03] [DEBUG] ConsoleController::initialAction() finish.
[2026-07-07 13:21:04] [DEBUG] --- wwProject System Start ---
[2026-07-07 13:21:04] [DEBUG] Router::Router() /jemini/wwProjectV1.36/Develop/Console/ServerBridgeAction/
[2026-07-07 13:21:04] [DEBUG] Attempting to load: \Develop\Controllers\ConsoleController::ServerBridgeAction
[2026-07-07 13:21:04] [DEBUG] Router: Executing \Develop\Controllers\ConsoleController->ServerBridgeAction
[2026-07-07 13:21:04] [DEBUG] ConsoleController::ServerBridge() start...
[2026-07-07 13:21:04] [DEBUG] ConsoleController::ServerBridge() \Develop\Controllers\ConsoleController::areaInitialAction()
[2026-07-07 13:21:04] [DEBUG] ConsoleController::AreaInitialAction() start...
[2026-07-07 13:21:04] [DEBUG] Screen::updateAreaA() path: \Develop\Views\AreaA\Area_A.view start...
[2026-07-07 13:21:04] [DEBUG] Screen::areaView() sending JSON: ["areas"]
[2026-07-07 13:21:04] [DEBUG] Screen::getContents() start...
[2026-07-07 13:21:04] [DEBUG] Screen::getContents() finish.
[2026-07-07 13:21:04] [DEBUG] Screen::updateAreaA() finish.
[2026-07-07 13:21:04] [DEBUG] Screen::updateAreaB() path: \Develop\Views\AreaB\Area_B.view start...
[2026-07-07 13:21:04] [DEBUG] Screen::getContents() start...
[2026-07-07 13:21:04] [DEBUG] Screen::getContents() finish.
[2026-07-07 13:21:04] [DEBUG] Screen::updateAreaB() finish.
[2026-07-07 13:21:04] [DEBUG] Screen::updateAreaD() path: \Develop\Views\AreaD\Area_D_clear.view start...
[2026-07-07 13:21:04] [DEBUG] Screen::getContents() start...
[2026-07-07 13:21:04] [DEBUG] Screen::getContents() finish.
[2026-07-07 13:21:04] [DEBUG] Screen::updateAreaD() finish.
[2026-07-07 13:21:04] [DEBUG] Screen::updateAreaE() [iframe起動版] path: \Develop\Views\AreaE\Area_E_clear.view start...
[2026-07-07 13:21:04] [DEBUG] Screen::getContents() start...
[2026-07-07 13:21:04] [DEBUG] Screen::getContents() finish.
[2026-07-07 13:21:04] [DEBUG] Screen::updateAreaE() finish.
[2026-07-07 13:21:04] [DEBUG] Screen::updateAreaF() path: \Develop\Views\AreaF\Area_F.view start...
[2026-07-07 13:21:04] [DEBUG] Screen::getContents() start...
[2026-07-07 13:21:04] [DEBUG] Screen::getContents() finish.
[2026-07-07 13:21:04] [DEBUG] Screen::updateAreaF() finish.
[2026-07-07 13:21:04] [DEBUG] ProjectController::startProjectNabi() start...
[2026-07-07 13:21:04] [DEBUG] ProjectController::getProjectListHtml() start...
[2026-07-07 13:21:04] [DEBUG] ProjectModel::getProjectList() start...
[2026-07-07 13:21:04] [DEBUG] ProjectModel::getProjectList() finish.
[2026-07-07 13:21:04] [DEBUG] CodeMasterModel：：getCodesByGroup() start...
[2026-07-07 13:21:04] [DEBUG] CodeMasterModel：：getCodesByGroup() finish.
[2026-07-07 13:21:04] [DEBUG] ProjectController::getNaviFooterHtml() start...
[2026-07-07 13:21:04] [DEBUG] ProjectController::getNaviFooterHtml() finish.
[2026-07-07 13:21:04] [DEBUG] ProjectController::startProjectNabi() finish.
[2026-07-07 13:21:04] [DEBUG] Screen::updateAreaC() \Develop\Views\AreaC\Area_C.view start...
[2026-07-07 13:21:04] [DEBUG] Screen::getContents() start...
[2026-07-07 13:21:04] [DEBUG] Screen::getContents() finish.
[2026-07-07 13:21:04] [DEBUG] Screen::updateAreaC() finish.
[2026-07-07 13:21:04] [DEBUG] ConsoleController::AreaInitialAction() finish.
[2026-07-07 13:21:04] [DEBUG] Screen::areaView() start...
[2026-07-07 13:21:04] [DEBUG] Screen::areaView() finish.
[2026-07-07 13:21:06] [DEBUG] --- wwProject System Start ---
[2026-07-07 13:21:06] [DEBUG] Router::Router() /jemini/wwProjectV1.36/Develop/Console/initial/
[2026-07-07 13:21:06] [DEBUG] Attempting to load: \Develop\Controllers\ConsoleController::initialAction
[2026-07-07 13:21:06] [DEBUG] Router: Executing \Develop\Controllers\ConsoleController->initialAction
[2026-07-07 13:21:06] [DEBUG] Console::initialAction() start...
[2026-07-07 13:21:06] [DEBUG] Screen::view() path: \Develop\Views\Console\Console.view start...
[2026-07-07 13:21:06] [DEBUG] Screen::getContents() start...
[2026-07-07 13:21:06] [DEBUG] Screen::getContents() finish.
[2026-07-07 13:21:06] [DEBUG] Screen::view() path: \Develop\Views\Console\Console.view finish.
[2026-07-07 13:21:06] [DEBUG] ConsoleController::initialAction() finish.
[2026-07-07 13:21:06] [DEBUG] --- wwProject System Start ---
[2026-07-07 13:21:06] [DEBUG] Router::Router() /jemini/wwProjectV1.36/Develop/Console/ServerBridgeAction/
[2026-07-07 13:21:06] [DEBUG] Attempting to load: \Develop\Controllers\ConsoleController::ServerBridgeAction
[2026-07-07 13:21:06] [DEBUG] Router: Executing \Develop\Controllers\ConsoleController->ServerBridgeAction
[2026-07-07 13:21:06] [DEBUG] ConsoleController::ServerBridge() start...
[2026-07-07 13:21:06] [DEBUG] ConsoleController::ServerBridge() \Develop\Controllers\ConsoleController::areaInitialAction()
[2026-07-07 13:21:06] [DEBUG] ConsoleController::AreaInitialAction() start...
[2026-07-07 13:21:06] [DEBUG] Screen::updateAreaA() path: \Develop\Views\AreaA\Area_A.view start...
[2026-07-07 13:21:06] [DEBUG] Screen::areaView() sending JSON: ["areas"]
[2026-07-07 13:21:06] [DEBUG] Screen::getContents() start...
[2026-07-07 13:21:06] [DEBUG] Screen::getContents() finish.
[2026-07-07 13:21:06] [DEBUG] Screen::updateAreaA() finish.
[2026-07-07 13:21:06] [DEBUG] Screen::updateAreaB() path: \Develop\Views\AreaB\Area_B.view start...
[2026-07-07 13:21:06] [DEBUG] Screen::getContents() start...
[2026-07-07 13:21:06] [DEBUG] Screen::getContents() finish.
[2026-07-07 13:21:06] [DEBUG] Screen::updateAreaB() finish.
[2026-07-07 13:21:06] [DEBUG] Screen::updateAreaD() path: \Develop\Views\AreaD\Area_D_clear.view start...
[2026-07-07 13:21:06] [DEBUG] Screen::getContents() start...
[2026-07-07 13:21:06] [DEBUG] Screen::getContents() finish.
[2026-07-07 13:21:06] [DEBUG] Screen::updateAreaD() finish.
[2026-07-07 13:21:06] [DEBUG] Screen::updateAreaE() [iframe起動版] path: \Develop\Views\AreaE\Area_E_clear.view start...
[2026-07-07 13:21:06] [DEBUG] Screen::getContents() start...
[2026-07-07 13:21:06] [DEBUG] Screen::getContents() finish.
[2026-07-07 13:21:06] [DEBUG] Screen::updateAreaE() finish.
[2026-07-07 13:21:06] [DEBUG] Screen::updateAreaF() path: \Develop\Views\AreaF\Area_F.view start...
[2026-07-07 13:21:06] [DEBUG] Screen::getContents() start...
[2026-07-07 13:21:06] [DEBUG] Screen::getContents() finish.
[2026-07-07 13:21:06] [DEBUG] Screen::updateAreaF() finish.
[2026-07-07 13:21:06] [DEBUG] ProjectController::startProjectNabi() start...
[2026-07-07 13:21:06] [DEBUG] ProjectController::getProjectListHtml() start...
[2026-07-07 13:21:06] [DEBUG] ProjectModel::getProjectList() start...
[2026-07-07 13:21:06] [DEBUG] ProjectModel::getProjectList() finish.
[2026-07-07 13:21:06] [DEBUG] CodeMasterModel：：getCodesByGroup() start...
[2026-07-07 13:21:06] [DEBUG] CodeMasterModel：：getCodesByGroup() finish.
[2026-07-07 13:21:06] [DEBUG] ProjectController::getNaviFooterHtml() start...
[2026-07-07 13:21:06] [DEBUG] ProjectController::getNaviFooterHtml() finish.
[2026-07-07 13:21:06] [DEBUG] ProjectController::startProjectNabi() finish.
[2026-07-07 13:21:06] [DEBUG] Screen::updateAreaC() \Develop\Views\AreaC\Area_C.view start...
[2026-07-07 13:21:06] [DEBUG] Screen::getContents() start...
[2026-07-07 13:21:06] [DEBUG] Screen::getContents() finish.
[2026-07-07 13:21:06] [DEBUG] Screen::updateAreaC() finish.
[2026-07-07 13:21:06] [DEBUG] ConsoleController::AreaInitialAction() finish.
[2026-07-07 13:21:06] [DEBUG] Screen::areaView() start...
[2026-07-07 13:21:06] [DEBUG] Screen::areaView() finish.
[2026-07-07 13:21:08] [DEBUG] --- wwProject System Start ---
[2026-07-07 13:21:08] [DEBUG] Router::Router() /jemini/wwProjectV1.36/Develop/Console/ServerBridgeAction/
[2026-07-07 13:21:08] [DEBUG] Attempting to load: \Develop\Controllers\ConsoleController::ServerBridgeAction
[2026-07-07 13:21:08] [DEBUG] Router: Executing \Develop\Controllers\ConsoleController->ServerBridgeAction
[2026-07-07 13:21:08] [DEBUG] ConsoleController::ServerBridge() start...
[2026-07-07 13:21:08] [DEBUG] ConsoleController::ServerBridge() \Develop\Controllers\ProjectController::projectSelectAction()
[2026-07-07 13:21:08] [DEBUG] ProjectController::projectSelectAction() start...
[2026-07-07 13:21:08] [DEBUG] ProjectController::projectSelectAction() ☆★☆　SampleProject１
[2026-07-07 13:21:08] [DEBUG] Screen::updateAreaB() path: \Develop\Views\AreaB\Area_B.view start...
[2026-07-07 13:21:08] [DEBUG] Screen::getContents() start...
[2026-07-07 13:21:08] [DEBUG] Screen::getContents() finish.
[2026-07-07 13:21:08] [DEBUG] Screen::updateAreaB() finish.
[2026-07-07 13:21:08] [DEBUG] ProjectController::projectSelectAction() PRJ-D45FEF : PRJ-D45FEF
[2026-07-07 13:21:08] [DEBUG] ProjectController::getProjectListHtml() start...
[2026-07-07 13:21:08] [DEBUG] ProjectModel::getProjectList() start...
[2026-07-07 13:21:08] [DEBUG] ProjectModel::getProjectList() finish.
[2026-07-07 13:21:08] [DEBUG] CodeMasterModel：：getCodesByGroup() start...
[2026-07-07 13:21:08] [DEBUG] CodeMasterModel：：getCodesByGroup() finish.
[2026-07-07 13:21:08] [DEBUG] ProjectController::getNaviFooterHtml() start...
[2026-07-07 13:21:08] [DEBUG] ProjectController::getNaviFooterHtml() finish.
[2026-07-07 13:21:08] [DEBUG] Screen::updateAreaC() \Develop\Views\AreaC\Area_C.view start...
[2026-07-07 13:21:08] [DEBUG] Screen::getContents() start...
[2026-07-07 13:21:08] [DEBUG] Screen::getContents() finish.
[2026-07-07 13:21:08] [DEBUG] Screen::updateAreaC() finish.
[2026-07-07 13:21:08] [DEBUG] Screen::updateAreaD() path: \Develop\Views\AreaD\Area_D_clear.view start...
[2026-07-07 13:21:08] [DEBUG] Screen::getContents() start...
[2026-07-07 13:21:08] [DEBUG] Screen::getContents() finish.
[2026-07-07 13:21:08] [DEBUG] Screen::updateAreaD() finish.
[2026-07-07 13:21:08] [DEBUG] Screen::updateAreaE() [iframe起動版] path: \Develop\Views\AreaE\Area_E_clear.view start...
[2026-07-07 13:21:08] [DEBUG] Screen::getContents() start...
[2026-07-07 13:21:08] [DEBUG] Screen::getContents() finish.
[2026-07-07 13:21:08] [DEBUG] Screen::updateAreaE() finish.
[2026-07-07 13:21:08] [DEBUG] ProjectController::projectSelectAction() finish.
[2026-07-07 13:21:08] [DEBUG] Screen::areaView() start...
[2026-07-07 13:21:08] [DEBUG] Screen::areaView() finish.
[2026-07-07 13:21:09] [DEBUG] --- wwProject System Start ---
[2026-07-07 13:21:09] [DEBUG] Router::Router() /jemini/wwProjectV1.36/Develop/Console/ServerBridgeAction/
[2026-07-07 13:21:09] [DEBUG] Attempting to load: \Develop\Controllers\ConsoleController::ServerBridgeAction
[2026-07-07 13:21:09] [DEBUG] Router: Executing \Develop\Controllers\ConsoleController->ServerBridgeAction
[2026-07-07 13:21:09] [DEBUG] ConsoleController::ServerBridge() start...
[2026-07-07 13:21:09] [DEBUG] ConsoleController::ServerBridge() \Develop\Controllers\PartsDefinitionController::InitialAction()
[2026-07-07 13:21:09] [DEBUG] DBDefinitionController::initialAction() start...
[2026-07-07 13:21:09] [DEBUG] PartsDefinitionController::initialAction() projectId : PRJ-D45FEF
[2026-07-07 13:21:09] [DEBUG] PartsDefinitionModel::getAllPartsList() start... Project ID: PRJ-D45FEF
[2026-07-07 13:21:09] [DEBUG] Screen::updateAreaD() path: \Develop\Views\AreaD\PartsDefinition\PartsDefinitionList.view start...
[2026-07-07 13:21:09] [DEBUG] Screen::getContents() start...
[2026-07-07 13:21:09] [DEBUG] Screen::getContents() finish.
[2026-07-07 13:21:09] [DEBUG] Screen::updateAreaD() finish.
[2026-07-07 13:21:09] [DEBUG] Screen::updateAreaE() [iframe起動版] path: \Develop\Views\AreaE\Area_E_clear.view start...
[2026-07-07 13:21:09] [DEBUG] Screen::getContents() start...
[2026-07-07 13:21:09] [DEBUG] Screen::getContents() finish.
[2026-07-07 13:21:09] [DEBUG] Screen::updateAreaE() finish.
[2026-07-07 13:21:09] [DEBUG] DBDefinitionController::initialAction() end.
[2026-07-07 13:21:09] [DEBUG] Screen::areaView() start...
[2026-07-07 13:21:09] [DEBUG] Screen::areaView() finish.
[2026-07-07 13:21:10] [DEBUG] --- wwProject System Start ---
[2026-07-07 13:21:10] [DEBUG] Router::Router() /jemini/wwProjectV1.36/Develop/Console/ServerBridgeAction/
[2026-07-07 13:21:10] [DEBUG] Attempting to load: \Develop\Controllers\ConsoleController::ServerBridgeAction
[2026-07-07 13:21:10] [DEBUG] Router: Executing \Develop\Controllers\ConsoleController->ServerBridgeAction
[2026-07-07 13:21:10] [DEBUG] ConsoleController::ServerBridge() start...
[2026-07-07 13:21:10] [DEBUG] ConsoleController::ServerBridge() \Develop\Controllers\PartsDefinitionController::editPartsAction()
[2026-07-07 13:21:10] [DEBUG] PartsDefinitionController::editPartsAction() start...
[2026-07-07 13:21:10] [DEBUG] PartsDefinitionModel::getAllPartsList() start... Project ID: PRJ-D45FEF
[2026-07-07 13:21:10] [DEBUG] PartsDefinitionModel::getColumnsByTableId() start... Input: developers
[2026-07-07 13:21:10] [DEBUG] 逆引き成功: 物理名 developers -> table_id : 6
[2026-07-07 13:21:10] [DEBUG] PartsDefinitionModel::getColumnsByTableId() finish. 件数: 9
[2026-07-07 13:21:10] [DEBUG] PartsDefinitionModel::getTableStructure() start... Project ID: PRJ-D45FEF
[2026-07-07 13:21:10] [DEBUG] Screen::updateAreaE() [iframe起動版] path: \Develop\Views\AreaE\PartsDefinition\RegistParts.view start...
[2026-07-07 13:21:10] [DEBUG] Screen::getContents() start...
[2026-07-07 13:21:11] [DEBUG] Screen::getContents() finish.
[2026-07-07 13:21:11] [DEBUG] Screen::updateAreaE() finish.
[2026-07-07 13:21:11] [DEBUG] PartsDefinitionController::editPartsAction() end.
[2026-07-07 13:21:11] [DEBUG] Screen::areaView() start...
[2026-07-07 13:21:11] [DEBUG] Screen::areaView() finish.
[2026-07-07 13:21:13] [DEBUG] --- wwProject System Start ---
[2026-07-07 13:21:13] [DEBUG] Router::Router() /jemini/wwProjectV1.36/Develop/Console/ServerBridgeAction/
[2026-07-07 13:21:13] [DEBUG] Attempting to load: \Develop\Controllers\ConsoleController::ServerBridgeAction
[2026-07-07 13:21:13] [DEBUG] Router: Executing \Develop\Controllers\ConsoleController->ServerBridgeAction
[2026-07-07 13:21:13] [DEBUG] ConsoleController::ServerBridge() start...
[2026-07-07 13:21:13] [DEBUG] ConsoleController::ServerBridge() \Develop\Controllers\PartsDefinitionController::editPartsAction()
[2026-07-07 13:21:13] [DEBUG] PartsDefinitionController::editPartsAction() start...
[2026-07-07 13:21:13] [DEBUG] PartsDefinitionModel::getAllPartsList() start... Project ID: PRJ-D45FEF
[2026-07-07 13:21:13] [DEBUG] PartsDefinitionModel::getTableStructure() start... Project ID: PRJ-D45FEF
[2026-07-07 13:21:13] [DEBUG] Screen::updateAreaE() [iframe起動版] path: \Develop\Views\AreaE\PartsDefinition\RegistParts.view start...
[2026-07-07 13:21:13] [DEBUG] Screen::getContents() start...
[2026-07-07 13:21:13] [DEBUG] Screen::getContents() finish.
[2026-07-07 13:21:13] [DEBUG] Screen::updateAreaE() finish.
[2026-07-07 13:21:13] [DEBUG] PartsDefinitionController::editPartsAction() end.
[2026-07-07 13:21:13] [DEBUG] Screen::areaView() start...
[2026-07-07 13:21:13] [DEBUG] Screen::areaView() finish.
[2026-07-07 13:21:15] [DEBUG] --- wwProject System Start ---
[2026-07-07 13:21:15] [DEBUG] Router::Router() /jemini/wwProjectV1.36/Develop/Console/ServerBridgeAction/
[2026-07-07 13:21:15] [DEBUG] Attempting to load: \Develop\Controllers\ConsoleController::ServerBridgeAction
[2026-07-07 13:21:15] [DEBUG] Router: Executing \Develop\Controllers\ConsoleController->ServerBridgeAction
[2026-07-07 13:21:15] [DEBUG] ConsoleController::ServerBridge() start...
[2026-07-07 13:21:15] [DEBUG] ConsoleController::ServerBridge() \Develop\Controllers\PartsDefinitionController::editPartsAction()
[2026-07-07 13:21:15] [DEBUG] PartsDefinitionController::editPartsAction() start...
[2026-07-07 13:21:15] [DEBUG] PartsDefinitionModel::getAllPartsList() start... Project ID: PRJ-D45FEF
[2026-07-07 13:21:15] [DEBUG] PartsDefinitionModel::getTableStructure() start... Project ID: PRJ-D45FEF
[2026-07-07 13:21:15] [DEBUG] Screen::updateAreaE() [iframe起動版] path: \Develop\Views\AreaE\PartsDefinition\RegistParts.view start...
[2026-07-07 13:21:15] [DEBUG] Screen::getContents() start...
[2026-07-07 13:21:15] [DEBUG] Screen::getContents() finish.
[2026-07-07 13:21:15] [DEBUG] Screen::updateAreaE() finish.
[2026-07-07 13:21:15] [DEBUG] PartsDefinitionController::editPartsAction() end.
[2026-07-07 13:21:15] [DEBUG] Screen::areaView() start...
[2026-07-07 13:21:15] [DEBUG] Screen::areaView() finish.
[2026-07-07 13:21:17] [DEBUG] --- wwProject System Start ---
[2026-07-07 13:21:17] [DEBUG] Router::Router() /jemini/wwProjectV1.36/Develop/Console/ServerBridgeAction/
[2026-07-07 13:21:17] [DEBUG] Attempting to load: \Develop\Controllers\ConsoleController::ServerBridgeAction
[2026-07-07 13:21:17] [DEBUG] Router: Executing \Develop\Controllers\ConsoleController->ServerBridgeAction
[2026-07-07 13:21:17] [DEBUG] ConsoleController::ServerBridge() start...
[2026-07-07 13:21:17] [DEBUG] ConsoleController::ServerBridge() \Develop\Controllers\PartsDefinitionController::editPartsAction()
[2026-07-07 13:21:17] [DEBUG] PartsDefinitionController::editPartsAction() start...
[2026-07-07 13:21:17] [DEBUG] PartsDefinitionModel::getAllPartsList() start... Project ID: PRJ-D45FEF
[2026-07-07 13:21:17] [DEBUG] PartsDefinitionModel::getColumnsByTableId() start... Input: developers
[2026-07-07 13:21:17] [DEBUG] 逆引き成功: 物理名 developers -> table_id : 6
[2026-07-07 13:21:17] [DEBUG] PartsDefinitionModel::getColumnsByTableId() finish. 件数: 9
[2026-07-07 13:21:17] [DEBUG] PartsDefinitionModel::getTableStructure() start... Project ID: PRJ-D45FEF
[2026-07-07 13:21:17] [DEBUG] Screen::updateAreaE() [iframe起動版] path: \Develop\Views\AreaE\PartsDefinition\RegistParts.view start...
[2026-07-07 13:21:17] [DEBUG] Screen::getContents() start...
[2026-07-07 13:21:17] [DEBUG] Screen::getContents() finish.
[2026-07-07 13:21:17] [DEBUG] Screen::updateAreaE() finish.
[2026-07-07 13:21:17] [DEBUG] PartsDefinitionController::editPartsAction() end.
[2026-07-07 13:21:17] [DEBUG] Screen::areaView() start...
[2026-07-07 13:21:17] [DEBUG] Screen::areaView() finish.
[2026-07-07 13:22:02] [DEBUG] --- wwProject System Start ---
[2026-07-07 13:22:02] [DEBUG] Router::Router() /jemini/wwProjectV1.36/Develop/Console/ServerBridgeAction/
[2026-07-07 13:22:02] [DEBUG] Attempting to load: \Develop\Controllers\ConsoleController::ServerBridgeAction
[2026-07-07 13:22:02] [DEBUG] Router: Executing \Develop\Controllers\ConsoleController->ServerBridgeAction
[2026-07-07 13:22:02] [DEBUG] ConsoleController::ServerBridge() start...
[2026-07-07 13:22:02] [DEBUG] ConsoleController::ServerBridge() \Develop\Controllers\PartsDefinitionController::editPartsAction()
[2026-07-07 13:22:02] [DEBUG] PartsDefinitionController::editPartsAction() start...
[2026-07-07 13:22:02] [DEBUG] PartsDefinitionModel::getAllPartsList() start... Project ID: PRJ-D45FEF
[2026-07-07 13:22:02] [DEBUG] PartsDefinitionModel::getColumnsByTableId() start... Input: developers
[2026-07-07 13:22:02] [DEBUG] 逆引き成功: 物理名 developers -> table_id : 6
[2026-07-07 13:22:02] [DEBUG] PartsDefinitionModel::getColumnsByTableId() finish. 件数: 9
[2026-07-07 13:22:02] [DEBUG] PartsDefinitionModel::getTableStructure() start... Project ID: PRJ-D45FEF
[2026-07-07 13:22:02] [DEBUG] Screen::updateAreaE() [iframe起動版] path: \Develop\Views\AreaE\PartsDefinition\RegistParts.view start...
[2026-07-07 13:22:02] [DEBUG] Screen::getContents() start...
[2026-07-07 13:22:02] [DEBUG] Screen::getContents() finish.
[2026-07-07 13:22:02] [DEBUG] Screen::updateAreaE() finish.
[2026-07-07 13:22:02] [DEBUG] PartsDefinitionController::editPartsAction() end.
[2026-07-07 13:22:02] [DEBUG] Screen::areaView() start...
[2026-07-07 13:22:02] [DEBUG] Screen::areaView() finish.
[2026-07-07 13:22:13] [DEBUG] --- wwProject System Start ---
[2026-07-07 13:22:13] [DEBUG] Router::Router() /jemini/wwProjectV1.36/Develop/Console/ServerBridgeAction/
[2026-07-07 13:22:13] [DEBUG] Attempting to load: \Develop\Controllers\ConsoleController::ServerBridgeAction
[2026-07-07 13:22:13] [DEBUG] Router: Executing \Develop\Controllers\ConsoleController->ServerBridgeAction
[2026-07-07 13:22:13] [DEBUG] ConsoleController::ServerBridge() start...
[2026-07-07 13:22:13] [DEBUG] ConsoleController::ServerBridge() \Develop\Controllers\PartsDefinitionController::editPartsAction()
[2026-07-07 13:22:13] [DEBUG] PartsDefinitionController::editPartsAction() start...
[2026-07-07 13:22:13] [DEBUG] PartsDefinitionModel::getAllPartsList() start... Project ID: PRJ-D45FEF
[2026-07-07 13:22:13] [DEBUG] PartsDefinitionModel::getColumnsByTableId() start... Input: developers
[2026-07-07 13:22:13] [DEBUG] 逆引き成功: 物理名 developers -> table_id : 6
[2026-07-07 13:22:13] [DEBUG] PartsDefinitionModel::getColumnsByTableId() finish. 件数: 9
[2026-07-07 13:22:13] [DEBUG] PartsDefinitionModel::getTableStructure() start... Project ID: PRJ-D45FEF
[2026-07-07 13:22:13] [DEBUG] Screen::updateAreaE() [iframe起動版] path: \Develop\Views\AreaE\PartsDefinition\RegistParts.view start...
[2026-07-07 13:22:13] [DEBUG] Screen::getContents() start...
[2026-07-07 13:22:13] [DEBUG] Screen::getContents() finish.
[2026-07-07 13:22:13] [DEBUG] Screen::updateAreaE() finish.
[2026-07-07 13:22:13] [DEBUG] PartsDefinitionController::editPartsAction() end.
[2026-07-07 13:22:13] [DEBUG] Screen::areaView() start...
[2026-07-07 13:22:13] [DEBUG] Screen::areaView() finish.
[2026-07-07 13:24:45] [DEBUG] --- wwProject System Start ---
[2026-07-07 13:24:45] [DEBUG] Router::Router() /jemini/wwProjectV1.36/Develop/Console/initial/
[2026-07-07 13:24:45] [DEBUG] Attempting to load: \Develop\Controllers\ConsoleController::initialAction
[2026-07-07 13:24:45] [DEBUG] Router: Executing \Develop\Controllers\ConsoleController->initialAction
[2026-07-07 13:24:45] [DEBUG] Console::initialAction() start...
[2026-07-07 13:24:45] [DEBUG] Screen::view() path: \Develop\Views\Console\Console.view start...
[2026-07-07 13:24:45] [DEBUG] Screen::getContents() start...
[2026-07-07 13:24:45] [DEBUG] Screen::getContents() finish.
[2026-07-07 13:24:45] [DEBUG] Screen::view() path: \Develop\Views\Console\Console.view finish.
[2026-07-07 13:24:45] [DEBUG] ConsoleController::initialAction() finish.
[2026-07-07 13:24:45] [DEBUG] --- wwProject System Start ---
[2026-07-07 13:24:45] [DEBUG] Router::Router() /jemini/wwProjectV1.36/Develop/Console/ServerBridgeAction/
[2026-07-07 13:24:45] [DEBUG] Attempting to load: \Develop\Controllers\ConsoleController::ServerBridgeAction
[2026-07-07 13:24:45] [DEBUG] Router: Executing \Develop\Controllers\ConsoleController->ServerBridgeAction
[2026-07-07 13:24:45] [DEBUG] ConsoleController::ServerBridge() start...
[2026-07-07 13:24:45] [DEBUG] ConsoleController::ServerBridge() \Develop\Controllers\ConsoleController::areaInitialAction()
[2026-07-07 13:24:45] [DEBUG] ConsoleController::AreaInitialAction() start...
[2026-07-07 13:24:45] [DEBUG] Screen::updateAreaA() path: \Develop\Views\AreaA\Area_A.view start...
[2026-07-07 13:24:45] [DEBUG] Screen::areaView() sending JSON: ["areas"]
[2026-07-07 13:24:45] [DEBUG] Screen::getContents() start...
[2026-07-07 13:24:45] [DEBUG] Screen::getContents() finish.
[2026-07-07 13:24:45] [DEBUG] Screen::updateAreaA() finish.
[2026-07-07 13:24:45] [DEBUG] Screen::updateAreaB() path: \Develop\Views\AreaB\Area_B.view start...
[2026-07-07 13:24:45] [DEBUG] Screen::getContents() start...
[2026-07-07 13:24:45] [DEBUG] Screen::getContents() finish.
[2026-07-07 13:24:45] [DEBUG] Screen::updateAreaB() finish.
[2026-07-07 13:24:45] [DEBUG] Screen::updateAreaD() path: \Develop\Views\AreaD\Area_D_clear.view start...
[2026-07-07 13:24:45] [DEBUG] Screen::getContents() start...
[2026-07-07 13:24:45] [DEBUG] Screen::getContents() finish.
[2026-07-07 13:24:45] [DEBUG] Screen::updateAreaD() finish.
[2026-07-07 13:24:45] [DEBUG] Screen::updateAreaE() [iframe起動版] path: \Develop\Views\AreaE\Area_E_clear.view start...
[2026-07-07 13:24:45] [DEBUG] Screen::getContents() start...
[2026-07-07 13:24:45] [DEBUG] Screen::getContents() finish.
[2026-07-07 13:24:45] [DEBUG] Screen::updateAreaE() finish.
[2026-07-07 13:24:45] [DEBUG] Screen::updateAreaF() path: \Develop\Views\AreaF\Area_F.view start...
[2026-07-07 13:24:45] [DEBUG] Screen::getContents() start...
[2026-07-07 13:24:45] [DEBUG] Screen::getContents() finish.
[2026-07-07 13:24:45] [DEBUG] Screen::updateAreaF() finish.
[2026-07-07 13:24:45] [DEBUG] ProjectController::startProjectNabi() start...
[2026-07-07 13:24:45] [DEBUG] ProjectController::getProjectListHtml() start...
[2026-07-07 13:24:45] [DEBUG] ProjectModel::getProjectList() start...
[2026-07-07 13:24:45] [DEBUG] ProjectModel::getProjectList() finish.
[2026-07-07 13:24:45] [DEBUG] CodeMasterModel：：getCodesByGroup() start...
[2026-07-07 13:24:45] [DEBUG] CodeMasterModel：：getCodesByGroup() finish.
[2026-07-07 13:24:45] [DEBUG] ProjectController::getNaviFooterHtml() start...
[2026-07-07 13:24:45] [DEBUG] ProjectController::getNaviFooterHtml() finish.
[2026-07-07 13:24:45] [DEBUG] ProjectController::startProjectNabi() finish.
[2026-07-07 13:24:45] [DEBUG] Screen::updateAreaC() \Develop\Views\AreaC\Area_C.view start...
[2026-07-07 13:24:45] [DEBUG] Screen::getContents() start...
[2026-07-07 13:24:45] [DEBUG] Screen::getContents() finish.
[2026-07-07 13:24:45] [DEBUG] Screen::updateAreaC() finish.
[2026-07-07 13:24:45] [DEBUG] ConsoleController::AreaInitialAction() finish.
[2026-07-07 13:24:45] [DEBUG] Screen::areaView() start...
[2026-07-07 13:24:45] [DEBUG] Screen::areaView() finish.
[2026-07-07 13:24:47] [DEBUG] --- wwProject System Start ---
[2026-07-07 13:24:47] [DEBUG] Router::Router() /jemini/wwProjectV1.36/Develop/Console/ServerBridgeAction/
[2026-07-07 13:24:47] [DEBUG] Attempting to load: \Develop\Controllers\ConsoleController::ServerBridgeAction
[2026-07-07 13:24:47] [DEBUG] Router: Executing \Develop\Controllers\ConsoleController->ServerBridgeAction
[2026-07-07 13:24:47] [DEBUG] ConsoleController::ServerBridge() start...
[2026-07-07 13:24:47] [DEBUG] ConsoleController::ServerBridge() \Develop\Controllers\PartsDefinitionController::InitialAction()
[2026-07-07 13:24:47] [DEBUG] DBDefinitionController::initialAction() start...
[2026-07-07 13:24:47] [DEBUG] PartsDefinitionController::initialAction() projectId : PRJ-D45FEF
[2026-07-07 13:24:47] [DEBUG] PartsDefinitionModel::getAllPartsList() start... Project ID: PRJ-D45FEF
[2026-07-07 13:24:47] [DEBUG] Screen::updateAreaD() path: \Develop\Views\AreaD\PartsDefinition\PartsDefinitionList.view start...
[2026-07-07 13:24:47] [DEBUG] Screen::getContents() start...
[2026-07-07 13:24:47] [DEBUG] Screen::getContents() finish.
[2026-07-07 13:24:47] [DEBUG] Screen::updateAreaD() finish.
[2026-07-07 13:24:47] [DEBUG] Screen::updateAreaE() [iframe起動版] path: \Develop\Views\AreaE\Area_E_clear.view start...
[2026-07-07 13:24:47] [DEBUG] Screen::getContents() start...
[2026-07-07 13:24:47] [DEBUG] Screen::getContents() finish.
[2026-07-07 13:24:47] [DEBUG] Screen::updateAreaE() finish.
[2026-07-07 13:24:47] [DEBUG] DBDefinitionController::initialAction() end.
[2026-07-07 13:24:47] [DEBUG] Screen::areaView() start...
[2026-07-07 13:24:47] [DEBUG] Screen::areaView() finish.
[2026-07-07 13:24:49] [DEBUG] --- wwProject System Start ---
[2026-07-07 13:24:49] [DEBUG] Router::Router() /jemini/wwProjectV1.36/Develop/Console/ServerBridgeAction/
[2026-07-07 13:24:49] [DEBUG] Attempting to load: \Develop\Controllers\ConsoleController::ServerBridgeAction
[2026-07-07 13:24:49] [DEBUG] Router: Executing \Develop\Controllers\ConsoleController->ServerBridgeAction
[2026-07-07 13:24:49] [DEBUG] ConsoleController::ServerBridge() start...
[2026-07-07 13:24:49] [DEBUG] ConsoleController::ServerBridge() \Develop\Controllers\PartsDefinitionController::editPartsAction()
[2026-07-07 13:24:49] [DEBUG] PartsDefinitionController::editPartsAction() start...
[2026-07-07 13:24:49] [DEBUG] PartsDefinitionModel::getAllPartsList() start... Project ID: PRJ-D45FEF
[2026-07-07 13:24:49] [DEBUG] PartsDefinitionModel::getColumnsByTableId() start... Input: developers
[2026-07-07 13:24:49] [DEBUG] 逆引き成功: 物理名 developers -> table_id : 6
[2026-07-07 13:24:49] [DEBUG] PartsDefinitionModel::getColumnsByTableId() finish. 件数: 9
[2026-07-07 13:24:49] [DEBUG] PartsDefinitionModel::getTableStructure() start... Project ID: PRJ-D45FEF
[2026-07-07 13:24:49] [DEBUG] Screen::updateAreaE() [iframe起動版] path: \Develop\Views\AreaE\PartsDefinition\RegistParts.view start...
[2026-07-07 13:24:49] [DEBUG] Screen::getContents() start...
[2026-07-07 13:24:49] [DEBUG] Screen::getContents() finish.
[2026-07-07 13:24:49] [DEBUG] Screen::updateAreaE() finish.
[2026-07-07 13:24:49] [DEBUG] PartsDefinitionController::editPartsAction() end.
[2026-07-07 13:24:49] [DEBUG] Screen::areaView() start...
[2026-07-07 13:24:49] [DEBUG] Screen::areaView() finish.
[2026-07-07 13:24:51] [DEBUG] --- wwProject System Start ---
[2026-07-07 13:24:51] [DEBUG] Router::Router() /jemini/wwProjectV1.36/Develop/Console/ServerBridgeAction/
[2026-07-07 13:24:51] [DEBUG] Attempting to load: \Develop\Controllers\ConsoleController::ServerBridgeAction
[2026-07-07 13:24:51] [DEBUG] Router: Executing \Develop\Controllers\ConsoleController->ServerBridgeAction
[2026-07-07 13:24:51] [DEBUG] ConsoleController::ServerBridge() start...
[2026-07-07 13:24:51] [DEBUG] ConsoleController::ServerBridge() \Develop\Controllers\PartsDefinitionController::editPartsAction()
[2026-07-07 13:24:51] [DEBUG] PartsDefinitionController::editPartsAction() start...
[2026-07-07 13:24:51] [DEBUG] PartsDefinitionModel::getAllPartsList() start... Project ID: PRJ-D45FEF
[2026-07-07 13:24:51] [DEBUG] PartsDefinitionModel::getColumnsByTableId() start... Input: developers
[2026-07-07 13:24:51] [DEBUG] 逆引き成功: 物理名 developers -> table_id : 6
[2026-07-07 13:24:51] [DEBUG] PartsDefinitionModel::getColumnsByTableId() finish. 件数: 9
[2026-07-07 13:24:51] [DEBUG] PartsDefinitionModel::getTableStructure() start... Project ID: PRJ-D45FEF
[2026-07-07 13:24:51] [DEBUG] Screen::updateAreaE() [iframe起動版] path: \Develop\Views\AreaE\PartsDefinition\RegistParts.view start...
[2026-07-07 13:24:51] [DEBUG] Screen::getContents() start...
[2026-07-07 13:24:51] [DEBUG] Screen::getContents() finish.
[2026-07-07 13:24:51] [DEBUG] Screen::updateAreaE() finish.
[2026-07-07 13:24:51] [DEBUG] PartsDefinitionController::editPartsAction() end.
[2026-07-07 13:24:51] [DEBUG] Screen::areaView() start...
[2026-07-07 13:24:51] [DEBUG] Screen::areaView() finish.
[2026-07-07 13:24:52] [DEBUG] --- wwProject System Start ---
[2026-07-07 13:24:52] [DEBUG] Router::Router() /jemini/wwProjectV1.36/Develop/Console/ServerBridgeAction/
[2026-07-07 13:24:52] [DEBUG] Attempting to load: \Develop\Controllers\ConsoleController::ServerBridgeAction
[2026-07-07 13:24:52] [DEBUG] Router: Executing \Develop\Controllers\ConsoleController->ServerBridgeAction
[2026-07-07 13:24:52] [DEBUG] ConsoleController::ServerBridge() start...
[2026-07-07 13:24:52] [DEBUG] ConsoleController::ServerBridge() \Develop\Controllers\PartsDefinitionController::editPartsAction()
[2026-07-07 13:24:52] [DEBUG] PartsDefinitionController::editPartsAction() start...
[2026-07-07 13:24:52] [DEBUG] PartsDefinitionModel::getAllPartsList() start... Project ID: PRJ-D45FEF
[2026-07-07 13:24:52] [DEBUG] PartsDefinitionModel::getTableStructure() start... Project ID: PRJ-D45FEF
[2026-07-07 13:24:52] [DEBUG] Screen::updateAreaE() [iframe起動版] path: \Develop\Views\AreaE\PartsDefinition\RegistParts.view start...
[2026-07-07 13:24:52] [DEBUG] Screen::getContents() start...
[2026-07-07 13:24:52] [DEBUG] Screen::getContents() finish.
[2026-07-07 13:24:52] [DEBUG] Screen::updateAreaE() finish.
[2026-07-07 13:24:52] [DEBUG] PartsDefinitionController::editPartsAction() end.
[2026-07-07 13:24:52] [DEBUG] Screen::areaView() start...
[2026-07-07 13:24:52] [DEBUG] Screen::areaView() finish.
[2026-07-07 13:24:53] [DEBUG] --- wwProject System Start ---
[2026-07-07 13:24:53] [DEBUG] Router::Router() /jemini/wwProjectV1.36/Develop/Console/ServerBridgeAction/
[2026-07-07 13:24:53] [DEBUG] Attempting to load: \Develop\Controllers\ConsoleController::ServerBridgeAction
[2026-07-07 13:24:53] [DEBUG] Router: Executing \Develop\Controllers\ConsoleController->ServerBridgeAction
[2026-07-07 13:24:53] [DEBUG] ConsoleController::ServerBridge() start...
[2026-07-07 13:24:53] [DEBUG] ConsoleController::ServerBridge() \Develop\Controllers\PartsDefinitionController::editPartsAction()
[2026-07-07 13:24:53] [DEBUG] PartsDefinitionController::editPartsAction() start...
[2026-07-07 13:24:53] [DEBUG] PartsDefinitionModel::getAllPartsList() start... Project ID: PRJ-D45FEF
[2026-07-07 13:24:53] [DEBUG] PartsDefinitionModel::getColumnsByTableId() start... Input: developers
[2026-07-07 13:24:53] [DEBUG] 逆引き成功: 物理名 developers -> table_id : 6
[2026-07-07 13:24:53] [DEBUG] PartsDefinitionModel::getColumnsByTableId() finish. 件数: 9
[2026-07-07 13:24:53] [DEBUG] PartsDefinitionModel::getTableStructure() start... Project ID: PRJ-D45FEF
[2026-07-07 13:24:53] [DEBUG] Screen::updateAreaE() [iframe起動版] path: \Develop\Views\AreaE\PartsDefinition\RegistParts.view start...
[2026-07-07 13:24:53] [DEBUG] Screen::getContents() start...
[2026-07-07 13:24:53] [DEBUG] Screen::getContents() finish.
[2026-07-07 13:24:53] [DEBUG] Screen::updateAreaE() finish.
[2026-07-07 13:24:53] [DEBUG] PartsDefinitionController::editPartsAction() end.
[2026-07-07 13:24:53] [DEBUG] Screen::areaView() start...
[2026-07-07 13:24:53] [DEBUG] Screen::areaView() finish.
[2026-07-07 13:24:56] [DEBUG] --- wwProject System Start ---
[2026-07-07 13:24:56] [DEBUG] Router::Router() /jemini/wwProjectV1.36/Develop/Console/ServerBridgeAction/
[2026-07-07 13:24:56] [DEBUG] Attempting to load: \Develop\Controllers\ConsoleController::ServerBridgeAction
[2026-07-07 13:24:56] [DEBUG] Router: Executing \Develop\Controllers\ConsoleController->ServerBridgeAction
[2026-07-07 13:24:56] [DEBUG] ConsoleController::ServerBridge() start...
[2026-07-07 13:24:56] [DEBUG] ConsoleController::ServerBridge() \Develop\Controllers\PartsDefinitionController::editPartsAction()
[2026-07-07 13:24:56] [DEBUG] PartsDefinitionController::editPartsAction() start...
[2026-07-07 13:24:56] [DEBUG] PartsDefinitionModel::getAllPartsList() start... Project ID: PRJ-D45FEF
[2026-07-07 13:24:56] [DEBUG] PartsDefinitionModel::getTableStructure() start... Project ID: PRJ-D45FEF
[2026-07-07 13:24:56] [DEBUG] Screen::updateAreaE() [iframe起動版] path: \Develop\Views\AreaE\PartsDefinition\RegistParts.view start...
[2026-07-07 13:24:56] [DEBUG] Screen::getContents() start...
[2026-07-07 13:24:56] [DEBUG] Screen::getContents() finish.
[2026-07-07 13:24:56] [DEBUG] Screen::updateAreaE() finish.
[2026-07-07 13:24:56] [DEBUG] PartsDefinitionController::editPartsAction() end.
[2026-07-07 13:24:56] [DEBUG] Screen::areaView() start...
[2026-07-07 13:24:56] [DEBUG] Screen::areaView() finish.
[2026-07-07 13:24:57] [DEBUG] --- wwProject System Start ---
[2026-07-07 13:24:57] [DEBUG] Router::Router() /jemini/wwProjectV1.36/Develop/Console/ServerBridgeAction/
[2026-07-07 13:24:57] [DEBUG] Attempting to load: \Develop\Controllers\ConsoleController::ServerBridgeAction
[2026-07-07 13:24:57] [DEBUG] Router: Executing \Develop\Controllers\ConsoleController->ServerBridgeAction
[2026-07-07 13:24:57] [DEBUG] ConsoleController::ServerBridge() start...
[2026-07-07 13:24:57] [DEBUG] ConsoleController::ServerBridge() \Develop\Controllers\PartsDefinitionController::editPartsAction()
[2026-07-07 13:24:57] [DEBUG] PartsDefinitionController::editPartsAction() start...
[2026-07-07 13:24:57] [DEBUG] PartsDefinitionModel::getAllPartsList() start... Project ID: PRJ-D45FEF
[2026-07-07 13:24:57] [DEBUG] PartsDefinitionModel::getTableStructure() start... Project ID: PRJ-D45FEF
[2026-07-07 13:24:57] [DEBUG] Screen::updateAreaE() [iframe起動版] path: \Develop\Views\AreaE\PartsDefinition\RegistParts.view start...
[2026-07-07 13:24:57] [DEBUG] Screen::getContents() start...
[2026-07-07 13:24:57] [DEBUG] Screen::getContents() finish.
[2026-07-07 13:24:57] [DEBUG] Screen::updateAreaE() finish.
[2026-07-07 13:24:57] [DEBUG] PartsDefinitionController::editPartsAction() end.
[2026-07-07 13:24:57] [DEBUG] Screen::areaView() start...
[2026-07-07 13:24:57] [DEBUG] Screen::areaView() finish.
[2026-07-07 13:24:58] [DEBUG] --- wwProject System Start ---
[2026-07-07 13:24:58] [DEBUG] Router::Router() /jemini/wwProjectV1.36/Develop/Console/ServerBridgeAction/
[2026-07-07 13:24:58] [DEBUG] Attempting to load: \Develop\Controllers\ConsoleController::ServerBridgeAction
[2026-07-07 13:24:58] [DEBUG] Router: Executing \Develop\Controllers\ConsoleController->ServerBridgeAction
[2026-07-07 13:24:58] [DEBUG] ConsoleController::ServerBridge() start...
[2026-07-07 13:24:58] [DEBUG] ConsoleController::ServerBridge() \Develop\Controllers\PartsDefinitionController::editPartsAction()
[2026-07-07 13:24:58] [DEBUG] PartsDefinitionController::editPartsAction() start...
[2026-07-07 13:24:58] [DEBUG] PartsDefinitionModel::getAllPartsList() start... Project ID: PRJ-D45FEF
[2026-07-07 13:24:58] [DEBUG] PartsDefinitionModel::getColumnsByTableId() start... Input: developers
[2026-07-07 13:24:58] [DEBUG] 逆引き成功: 物理名 developers -> table_id : 6
[2026-07-07 13:24:58] [DEBUG] PartsDefinitionModel::getColumnsByTableId() finish. 件数: 9
[2026-07-07 13:24:58] [DEBUG] PartsDefinitionModel::getTableStructure() start... Project ID: PRJ-D45FEF
[2026-07-07 13:24:58] [DEBUG] Screen::updateAreaE() [iframe起動版] path: \Develop\Views\AreaE\PartsDefinition\RegistParts.view start...
[2026-07-07 13:24:58] [DEBUG] Screen::getContents() start...
[2026-07-07 13:24:58] [DEBUG] Screen::getContents() finish.
[2026-07-07 13:24:58] [DEBUG] Screen::updateAreaE() finish.
[2026-07-07 13:24:58] [DEBUG] PartsDefinitionController::editPartsAction() end.
[2026-07-07 13:24:58] [DEBUG] Screen::areaView() start...
[2026-07-07 13:24:58] [DEBUG] Screen::areaView() finish.
[2026-07-07 13:29:55] [DEBUG] --- wwProject System Start ---
[2026-07-07 13:29:55] [DEBUG] Router::Router() /jemini/wwProjectV1.36/Develop/Console/initial/
[2026-07-07 13:29:55] [DEBUG] Attempting to load: \Develop\Controllers\ConsoleController::initialAction
[2026-07-07 13:29:55] [DEBUG] Router: Executing \Develop\Controllers\ConsoleController->initialAction
[2026-07-07 13:29:55] [DEBUG] Console::initialAction() start...
[2026-07-07 13:29:55] [DEBUG] Screen::view() path: \Develop\Views\Console\Console.view start...
[2026-07-07 13:29:55] [DEBUG] Screen::getContents() start...
[2026-07-07 13:29:55] [DEBUG] Screen::getContents() finish.
[2026-07-07 13:29:55] [DEBUG] Screen::view() path: \Develop\Views\Console\Console.view finish.
[2026-07-07 13:29:55] [DEBUG] ConsoleController::initialAction() finish.
[2026-07-07 13:29:55] [DEBUG] --- wwProject System Start ---
[2026-07-07 13:29:55] [DEBUG] Router::Router() /jemini/wwProjectV1.36/Develop/Console/ServerBridgeAction/
[2026-07-07 13:29:55] [DEBUG] Attempting to load: \Develop\Controllers\ConsoleController::ServerBridgeAction
[2026-07-07 13:29:55] [DEBUG] Router: Executing \Develop\Controllers\ConsoleController->ServerBridgeAction
[2026-07-07 13:29:55] [DEBUG] ConsoleController::ServerBridge() start...
[2026-07-07 13:29:55] [DEBUG] ConsoleController::ServerBridge() \Develop\Controllers\ConsoleController::areaInitialAction()
[2026-07-07 13:29:55] [DEBUG] ConsoleController::AreaInitialAction() start...
[2026-07-07 13:29:55] [DEBUG] Screen::updateAreaA() path: \Develop\Views\AreaA\Area_A.view start...
[2026-07-07 13:29:55] [DEBUG] Screen::areaView() sending JSON: ["areas"]
[2026-07-07 13:29:55] [DEBUG] Screen::getContents() start...
[2026-07-07 13:29:55] [DEBUG] Screen::getContents() finish.
[2026-07-07 13:29:55] [DEBUG] Screen::updateAreaA() finish.
[2026-07-07 13:29:55] [DEBUG] Screen::updateAreaB() path: \Develop\Views\AreaB\Area_B.view start...
[2026-07-07 13:29:55] [DEBUG] Screen::getContents() start...
[2026-07-07 13:29:55] [DEBUG] Screen::getContents() finish.
[2026-07-07 13:29:55] [DEBUG] Screen::updateAreaB() finish.
[2026-07-07 13:29:55] [DEBUG] Screen::updateAreaD() path: \Develop\Views\AreaD\Area_D_clear.view start...
[2026-07-07 13:29:55] [DEBUG] Screen::getContents() start...
[2026-07-07 13:29:55] [DEBUG] Screen::getContents() finish.
[2026-07-07 13:29:55] [DEBUG] Screen::updateAreaD() finish.
[2026-07-07 13:29:55] [DEBUG] Screen::updateAreaE() [iframe起動版] path: \Develop\Views\AreaE\Area_E_clear.view start...
[2026-07-07 13:29:55] [DEBUG] Screen::getContents() start...
[2026-07-07 13:29:55] [DEBUG] Screen::getContents() finish.
[2026-07-07 13:29:55] [DEBUG] Screen::updateAreaE() finish.
[2026-07-07 13:29:55] [DEBUG] Screen::updateAreaF() path: \Develop\Views\AreaF\Area_F.view start...
[2026-07-07 13:29:55] [DEBUG] Screen::getContents() start...
[2026-07-07 13:29:55] [DEBUG] Screen::getContents() finish.
[2026-07-07 13:29:55] [DEBUG] Screen::updateAreaF() finish.
[2026-07-07 13:29:55] [DEBUG] ProjectController::startProjectNabi() start...
[2026-07-07 13:29:55] [DEBUG] ProjectController::getProjectListHtml() start...
[2026-07-07 13:29:55] [DEBUG] ProjectModel::getProjectList() start...
[2026-07-07 13:29:55] [DEBUG] ProjectModel::getProjectList() finish.
[2026-07-07 13:29:55] [DEBUG] CodeMasterModel：：getCodesByGroup() start...
[2026-07-07 13:29:55] [DEBUG] CodeMasterModel：：getCodesByGroup() finish.
[2026-07-07 13:29:55] [DEBUG] ProjectController::getNaviFooterHtml() start...
[2026-07-07 13:29:55] [DEBUG] ProjectController::getNaviFooterHtml() finish.
[2026-07-07 13:29:55] [DEBUG] ProjectController::startProjectNabi() finish.
[2026-07-07 13:29:55] [DEBUG] Screen::updateAreaC() \Develop\Views\AreaC\Area_C.view start...
[2026-07-07 13:29:55] [DEBUG] Screen::getContents() start...
[2026-07-07 13:29:55] [DEBUG] Screen::getContents() finish.
[2026-07-07 13:29:55] [DEBUG] Screen::updateAreaC() finish.
[2026-07-07 13:29:55] [DEBUG] ConsoleController::AreaInitialAction() finish.
[2026-07-07 13:29:55] [DEBUG] Screen::areaView() start...
[2026-07-07 13:29:55] [DEBUG] Screen::areaView() finish.
[2026-07-07 13:29:57] [DEBUG] --- wwProject System Start ---
[2026-07-07 13:29:58] [DEBUG] Router::Router() /jemini/wwProjectV1.36/Develop/Console/ServerBridgeAction/
[2026-07-07 13:29:58] [DEBUG] Attempting to load: \Develop\Controllers\ConsoleController::ServerBridgeAction
[2026-07-07 13:29:58] [DEBUG] Router: Executing \Develop\Controllers\ConsoleController->ServerBridgeAction
[2026-07-07 13:29:58] [DEBUG] ConsoleController::ServerBridge() start...
[2026-07-07 13:29:58] [DEBUG] ConsoleController::ServerBridge() \Develop\Controllers\PartsDefinitionController::InitialAction()
[2026-07-07 13:29:58] [DEBUG] DBDefinitionController::initialAction() start...
[2026-07-07 13:29:58] [DEBUG] PartsDefinitionController::initialAction() projectId : PRJ-D45FEF
[2026-07-07 13:29:58] [DEBUG] PartsDefinitionModel::getAllPartsList() start... Project ID: PRJ-D45FEF
[2026-07-07 13:29:58] [DEBUG] Screen::updateAreaD() path: \Develop\Views\AreaD\PartsDefinition\PartsDefinitionList.view start...
[2026-07-07 13:29:58] [DEBUG] Screen::getContents() start...
[2026-07-07 13:29:58] [DEBUG] Screen::getContents() finish.
[2026-07-07 13:29:58] [DEBUG] Screen::updateAreaD() finish.
[2026-07-07 13:29:58] [DEBUG] Screen::updateAreaE() [iframe起動版] path: \Develop\Views\AreaE\Area_E_clear.view start...
[2026-07-07 13:29:58] [DEBUG] Screen::getContents() start...
[2026-07-07 13:29:58] [DEBUG] Screen::getContents() finish.
[2026-07-07 13:29:58] [DEBUG] Screen::updateAreaE() finish.
[2026-07-07 13:29:58] [DEBUG] DBDefinitionController::initialAction() end.
[2026-07-07 13:29:58] [DEBUG] Screen::areaView() start...
[2026-07-07 13:29:58] [DEBUG] Screen::areaView() finish.
[2026-07-07 13:29:59] [DEBUG] --- wwProject System Start ---
[2026-07-07 13:29:59] [DEBUG] Router::Router() /jemini/wwProjectV1.36/Develop/Console/ServerBridgeAction/
[2026-07-07 13:29:59] [DEBUG] Attempting to load: \Develop\Controllers\ConsoleController::ServerBridgeAction
[2026-07-07 13:29:59] [DEBUG] Router: Executing \Develop\Controllers\ConsoleController->ServerBridgeAction
[2026-07-07 13:29:59] [DEBUG] ConsoleController::ServerBridge() start...
[2026-07-07 13:29:59] [DEBUG] ConsoleController::ServerBridge() \Develop\Controllers\PartsDefinitionController::editPartsAction()
[2026-07-07 13:29:59] [DEBUG] PartsDefinitionController::editPartsAction() start...
[2026-07-07 13:29:59] [DEBUG] PartsDefinitionModel::getAllPartsList() start... Project ID: PRJ-D45FEF
[2026-07-07 13:29:59] [DEBUG] PartsDefinitionModel::getColumnsByTableId() start... Input: developers
[2026-07-07 13:29:59] [DEBUG] 逆引き成功: 物理名 developers -> table_id : 6
[2026-07-07 13:29:59] [DEBUG] PartsDefinitionModel::getColumnsByTableId() finish. 件数: 9
[2026-07-07 13:29:59] [DEBUG] PartsDefinitionModel::getTableStructure() start... Project ID: PRJ-D45FEF
[2026-07-07 13:29:59] [DEBUG] Screen::updateAreaE() [iframe起動版] path: \Develop\Views\AreaE\PartsDefinition\RegistParts.view start...
[2026-07-07 13:29:59] [DEBUG] Screen::getContents() start...
[2026-07-07 13:29:59] [DEBUG] Screen::getContents() finish.
[2026-07-07 13:29:59] [DEBUG] Screen::updateAreaE() finish.
[2026-07-07 13:29:59] [DEBUG] PartsDefinitionController::editPartsAction() end.
[2026-07-07 13:29:59] [DEBUG] Screen::areaView() start...
[2026-07-07 13:29:59] [DEBUG] Screen::areaView() finish.
[2026-07-07 13:30:01] [DEBUG] --- wwProject System Start ---
[2026-07-07 13:30:01] [DEBUG] Router::Router() /jemini/wwProjectV1.36/Develop/Console/ServerBridgeAction/
[2026-07-07 13:30:01] [DEBUG] Attempting to load: \Develop\Controllers\ConsoleController::ServerBridgeAction
[2026-07-07 13:30:01] [DEBUG] Router: Executing \Develop\Controllers\ConsoleController->ServerBridgeAction
[2026-07-07 13:30:01] [DEBUG] ConsoleController::ServerBridge() start...
[2026-07-07 13:30:01] [DEBUG] ConsoleController::ServerBridge() \Develop\Controllers\PartsDefinitionController::editPartsAction()
[2026-07-07 13:30:01] [DEBUG] PartsDefinitionController::editPartsAction() start...
[2026-07-07 13:30:01] [DEBUG] PartsDefinitionModel::getAllPartsList() start... Project ID: PRJ-D45FEF
[2026-07-07 13:30:01] [DEBUG] PartsDefinitionModel::getTableStructure() start... Project ID: PRJ-D45FEF
[2026-07-07 13:30:01] [DEBUG] Screen::updateAreaE() [iframe起動版] path: \Develop\Views\AreaE\PartsDefinition\RegistParts.view start...
[2026-07-07 13:30:01] [DEBUG] Screen::getContents() start...
[2026-07-07 13:30:01] [DEBUG] Screen::getContents() finish.
[2026-07-07 13:30:01] [DEBUG] Screen::updateAreaE() finish.
[2026-07-07 13:30:01] [DEBUG] PartsDefinitionController::editPartsAction() end.
[2026-07-07 13:30:01] [DEBUG] Screen::areaView() start...
[2026-07-07 13:30:01] [DEBUG] Screen::areaView() finish.
[2026-07-07 13:30:04] [DEBUG] --- wwProject System Start ---
[2026-07-07 13:30:04] [DEBUG] Router::Router() /jemini/wwProjectV1.36/Develop/Console/ServerBridgeAction/
[2026-07-07 13:30:04] [DEBUG] Attempting to load: \Develop\Controllers\ConsoleController::ServerBridgeAction
[2026-07-07 13:30:04] [DEBUG] Router: Executing \Develop\Controllers\ConsoleController->ServerBridgeAction
[2026-07-07 13:30:04] [DEBUG] ConsoleController::ServerBridge() start...
[2026-07-07 13:30:04] [DEBUG] ConsoleController::ServerBridge() \Develop\Controllers\PartsDefinitionController::editPartsAction()
[2026-07-07 13:30:04] [DEBUG] PartsDefinitionController::editPartsAction() start...
[2026-07-07 13:30:04] [DEBUG] PartsDefinitionModel::getAllPartsList() start... Project ID: PRJ-D45FEF
[2026-07-07 13:30:04] [DEBUG] PartsDefinitionModel::getColumnsByTableId() start... Input: developers
[2026-07-07 13:30:04] [DEBUG] 逆引き成功: 物理名 developers -> table_id : 6
[2026-07-07 13:30:04] [DEBUG] PartsDefinitionModel::getColumnsByTableId() finish. 件数: 9
[2026-07-07 13:30:04] [DEBUG] PartsDefinitionModel::getTableStructure() start... Project ID: PRJ-D45FEF
[2026-07-07 13:30:04] [DEBUG] Screen::updateAreaE() [iframe起動版] path: \Develop\Views\AreaE\PartsDefinition\RegistParts.view start...
[2026-07-07 13:30:04] [DEBUG] Screen::getContents() start...
[2026-07-07 13:30:04] [DEBUG] Screen::getContents() finish.
[2026-07-07 13:30:04] [DEBUG] Screen::updateAreaE() finish.
[2026-07-07 13:30:04] [DEBUG] PartsDefinitionController::editPartsAction() end.
[2026-07-07 13:30:04] [DEBUG] Screen::areaView() start...
[2026-07-07 13:30:04] [DEBUG] Screen::areaView() finish.
[2026-07-07 13:30:11] [DEBUG] --- wwProject System Start ---
[2026-07-07 13:30:11] [DEBUG] Router::Router() /jemini/wwProjectV1.36/Develop/Console/ServerBridgeAction/
[2026-07-07 13:30:11] [DEBUG] Attempting to load: \Develop\Controllers\ConsoleController::ServerBridgeAction
[2026-07-07 13:30:11] [DEBUG] Router: Executing \Develop\Controllers\ConsoleController->ServerBridgeAction
[2026-07-07 13:30:11] [DEBUG] ConsoleController::ServerBridge() start...
[2026-07-07 13:30:11] [DEBUG] ConsoleController::ServerBridge() \Develop\Controllers\PartsDefinitionController::editPartsAction()
[2026-07-07 13:30:11] [DEBUG] PartsDefinitionController::editPartsAction() start...
[2026-07-07 13:30:11] [DEBUG] PartsDefinitionModel::getAllPartsList() start... Project ID: PRJ-D45FEF
[2026-07-07 13:30:11] [DEBUG] PartsDefinitionModel::getColumnsByTableId() start... Input: developers
[2026-07-07 13:30:11] [DEBUG] 逆引き成功: 物理名 developers -> table_id : 6
[2026-07-07 13:30:11] [DEBUG] PartsDefinitionModel::getColumnsByTableId() finish. 件数: 9
[2026-07-07 13:30:11] [DEBUG] PartsDefinitionModel::getTableStructure() start... Project ID: PRJ-D45FEF
[2026-07-07 13:30:11] [DEBUG] Screen::updateAreaE() [iframe起動版] path: \Develop\Views\AreaE\PartsDefinition\RegistParts.view start...
[2026-07-07 13:30:11] [DEBUG] Screen::getContents() start...
[2026-07-07 13:30:11] [DEBUG] Screen::getContents() finish.
[2026-07-07 13:30:11] [DEBUG] Screen::updateAreaE() finish.
[2026-07-07 13:30:11] [DEBUG] PartsDefinitionController::editPartsAction() end.
[2026-07-07 13:30:11] [DEBUG] Screen::areaView() start...
[2026-07-07 13:30:11] [DEBUG] Screen::areaView() finish.
[2026-07-07 13:30:13] [DEBUG] --- wwProject System Start ---
[2026-07-07 13:30:13] [DEBUG] Router::Router() /jemini/wwProjectV1.36/Develop/Console/ServerBridgeAction/
[2026-07-07 13:30:13] [DEBUG] Attempting to load: \Develop\Controllers\ConsoleController::ServerBridgeAction
[2026-07-07 13:30:13] [DEBUG] Router: Executing \Develop\Controllers\ConsoleController->ServerBridgeAction
[2026-07-07 13:30:13] [DEBUG] ConsoleController::ServerBridge() start...
[2026-07-07 13:30:13] [DEBUG] ConsoleController::ServerBridge() \Develop\Controllers\PartsDefinitionController::editPartsAction()
[2026-07-07 13:30:13] [DEBUG] PartsDefinitionController::editPartsAction() start...
[2026-07-07 13:30:13] [DEBUG] PartsDefinitionModel::getAllPartsList() start... Project ID: PRJ-D45FEF
[2026-07-07 13:30:13] [DEBUG] PartsDefinitionModel::getColumnsByTableId() start... Input: developers
[2026-07-07 13:30:13] [DEBUG] 逆引き成功: 物理名 developers -> table_id : 6
[2026-07-07 13:30:13] [DEBUG] PartsDefinitionModel::getColumnsByTableId() finish. 件数: 9
[2026-07-07 13:30:13] [DEBUG] PartsDefinitionModel::getTableStructure() start... Project ID: PRJ-D45FEF
[2026-07-07 13:30:13] [DEBUG] Screen::updateAreaE() [iframe起動版] path: \Develop\Views\AreaE\PartsDefinition\RegistParts.view start...
[2026-07-07 13:30:13] [DEBUG] Screen::getContents() start...
[2026-07-07 13:30:13] [DEBUG] Screen::getContents() finish.
[2026-07-07 13:30:13] [DEBUG] Screen::updateAreaE() finish.
[2026-07-07 13:30:13] [DEBUG] PartsDefinitionController::editPartsAction() end.
[2026-07-07 13:30:13] [DEBUG] Screen::areaView() start...
[2026-07-07 13:30:13] [DEBUG] Screen::areaView() finish.
[2026-07-07 13:30:14] [DEBUG] --- wwProject System Start ---
[2026-07-07 13:30:14] [DEBUG] Router::Router() /jemini/wwProjectV1.36/Develop/Console/ServerBridgeAction/
[2026-07-07 13:30:14] [DEBUG] Attempting to load: \Develop\Controllers\ConsoleController::ServerBridgeAction
[2026-07-07 13:30:14] [DEBUG] Router: Executing \Develop\Controllers\ConsoleController->ServerBridgeAction
[2026-07-07 13:30:14] [DEBUG] ConsoleController::ServerBridge() start...
[2026-07-07 13:30:14] [DEBUG] ConsoleController::ServerBridge() \Develop\Controllers\PartsDefinitionController::editPartsAction()
[2026-07-07 13:30:14] [DEBUG] PartsDefinitionController::editPartsAction() start...
[2026-07-07 13:30:14] [DEBUG] PartsDefinitionModel::getAllPartsList() start... Project ID: PRJ-D45FEF
[2026-07-07 13:30:14] [DEBUG] PartsDefinitionModel::getColumnsByTableId() start... Input: developers
[2026-07-07 13:30:14] [DEBUG] 逆引き成功: 物理名 developers -> table_id : 6
[2026-07-07 13:30:14] [DEBUG] PartsDefinitionModel::getColumnsByTableId() finish. 件数: 9
[2026-07-07 13:30:14] [DEBUG] PartsDefinitionModel::getTableStructure() start... Project ID: PRJ-D45FEF
[2026-07-07 13:30:14] [DEBUG] Screen::updateAreaE() [iframe起動版] path: \Develop\Views\AreaE\PartsDefinition\RegistParts.view start...
[2026-07-07 13:30:14] [DEBUG] Screen::getContents() start...
[2026-07-07 13:30:14] [DEBUG] Screen::getContents() finish.
[2026-07-07 13:30:14] [DEBUG] Screen::updateAreaE() finish.
[2026-07-07 13:30:14] [DEBUG] PartsDefinitionController::editPartsAction() end.
[2026-07-07 13:30:14] [DEBUG] Screen::areaView() start...
[2026-07-07 13:30:14] [DEBUG] Screen::areaView() finish.
[2026-07-07 13:30:15] [DEBUG] --- wwProject System Start ---
[2026-07-07 13:30:15] [DEBUG] Router::Router() /jemini/wwProjectV1.36/Develop/Console/ServerBridgeAction/
[2026-07-07 13:30:15] [DEBUG] Attempting to load: \Develop\Controllers\ConsoleController::ServerBridgeAction
[2026-07-07 13:30:15] [DEBUG] Router: Executing \Develop\Controllers\ConsoleController->ServerBridgeAction
[2026-07-07 13:30:15] [DEBUG] ConsoleController::ServerBridge() start...
[2026-07-07 13:30:15] [DEBUG] ConsoleController::ServerBridge() \Develop\Controllers\PartsDefinitionController::editPartsAction()
[2026-07-07 13:30:15] [DEBUG] PartsDefinitionController::editPartsAction() start...
[2026-07-07 13:30:15] [DEBUG] PartsDefinitionModel::getAllPartsList() start... Project ID: PRJ-D45FEF
[2026-07-07 13:30:15] [DEBUG] PartsDefinitionModel::getColumnsByTableId() start... Input: developers
[2026-07-07 13:30:15] [DEBUG] 逆引き成功: 物理名 developers -> table_id : 6
[2026-07-07 13:30:15] [DEBUG] PartsDefinitionModel::getColumnsByTableId() finish. 件数: 9
[2026-07-07 13:30:15] [DEBUG] PartsDefinitionModel::getTableStructure() start... Project ID: PRJ-D45FEF
[2026-07-07 13:30:15] [DEBUG] Screen::updateAreaE() [iframe起動版] path: \Develop\Views\AreaE\PartsDefinition\RegistParts.view start...
[2026-07-07 13:30:15] [DEBUG] Screen::getContents() start...
[2026-07-07 13:30:15] [DEBUG] Screen::getContents() finish.
[2026-07-07 13:30:15] [DEBUG] Screen::updateAreaE() finish.
[2026-07-07 13:30:15] [DEBUG] PartsDefinitionController::editPartsAction() end.
[2026-07-07 13:30:15] [DEBUG] Screen::areaView() start...
[2026-07-07 13:30:15] [DEBUG] Screen::areaView() finish.
[2026-07-07 13:30:16] [DEBUG] --- wwProject System Start ---
[2026-07-07 13:30:16] [DEBUG] Router::Router() /jemini/wwProjectV1.36/Develop/Console/ServerBridgeAction/
[2026-07-07 13:30:16] [DEBUG] Attempting to load: \Develop\Controllers\ConsoleController::ServerBridgeAction
[2026-07-07 13:30:16] [DEBUG] Router: Executing \Develop\Controllers\ConsoleController->ServerBridgeAction
[2026-07-07 13:30:16] [DEBUG] ConsoleController::ServerBridge() start...
[2026-07-07 13:30:16] [DEBUG] ConsoleController::ServerBridge() \Develop\Controllers\PartsDefinitionController::editPartsAction()
[2026-07-07 13:30:16] [DEBUG] PartsDefinitionController::editPartsAction() start...
[2026-07-07 13:30:16] [DEBUG] PartsDefinitionModel::getAllPartsList() start... Project ID: PRJ-D45FEF
[2026-07-07 13:30:16] [DEBUG] PartsDefinitionModel::getColumnsByTableId() start... Input: developers
[2026-07-07 13:30:16] [DEBUG] 逆引き成功: 物理名 developers -> table_id : 6
[2026-07-07 13:30:16] [DEBUG] PartsDefinitionModel::getColumnsByTableId() finish. 件数: 9
[2026-07-07 13:30:16] [DEBUG] PartsDefinitionModel::getTableStructure() start... Project ID: PRJ-D45FEF
[2026-07-07 13:30:16] [DEBUG] Screen::updateAreaE() [iframe起動版] path: \Develop\Views\AreaE\PartsDefinition\RegistParts.view start...
[2026-07-07 13:30:16] [DEBUG] Screen::getContents() start...
[2026-07-07 13:30:16] [DEBUG] Screen::getContents() finish.
[2026-07-07 13:30:16] [DEBUG] Screen::updateAreaE() finish.
[2026-07-07 13:30:16] [DEBUG] PartsDefinitionController::editPartsAction() end.
[2026-07-07 13:30:16] [DEBUG] Screen::areaView() start...
[2026-07-07 13:30:16] [DEBUG] Screen::areaView() finish.
[2026-07-07 13:30:18] [DEBUG] --- wwProject System Start ---
[2026-07-07 13:30:18] [DEBUG] Router::Router() /jemini/wwProjectV1.36/Develop/Console/ServerBridgeAction/
[2026-07-07 13:30:18] [DEBUG] Attempting to load: \Develop\Controllers\ConsoleController::ServerBridgeAction
[2026-07-07 13:30:18] [DEBUG] Router: Executing \Develop\Controllers\ConsoleController->ServerBridgeAction
[2026-07-07 13:30:18] [DEBUG] ConsoleController::ServerBridge() start...
[2026-07-07 13:30:18] [DEBUG] ConsoleController::ServerBridge() \Develop\Controllers\PartsDefinitionController::editPartsAction()
[2026-07-07 13:30:18] [DEBUG] PartsDefinitionController::editPartsAction() start...
[2026-07-07 13:30:18] [DEBUG] PartsDefinitionModel::getAllPartsList() start... Project ID: PRJ-D45FEF
[2026-07-07 13:30:18] [DEBUG] PartsDefinitionModel::getTableStructure() start... Project ID: PRJ-D45FEF
[2026-07-07 13:30:18] [DEBUG] Screen::updateAreaE() [iframe起動版] path: \Develop\Views\AreaE\PartsDefinition\RegistParts.view start...
[2026-07-07 13:30:18] [DEBUG] Screen::getContents() start...
[2026-07-07 13:30:18] [DEBUG] Screen::getContents() finish.
[2026-07-07 13:30:18] [DEBUG] Screen::updateAreaE() finish.
[2026-07-07 13:30:18] [DEBUG] PartsDefinitionController::editPartsAction() end.
[2026-07-07 13:30:18] [DEBUG] Screen::areaView() start...
[2026-07-07 13:30:18] [DEBUG] Screen::areaView() finish.
[2026-07-07 13:30:19] [DEBUG] --- wwProject System Start ---
[2026-07-07 13:30:19] [DEBUG] Router::Router() /jemini/wwProjectV1.36/Develop/Console/ServerBridgeAction/
[2026-07-07 13:30:19] [DEBUG] Attempting to load: \Develop\Controllers\ConsoleController::ServerBridgeAction
[2026-07-07 13:30:19] [DEBUG] Router: Executing \Develop\Controllers\ConsoleController->ServerBridgeAction
[2026-07-07 13:30:19] [DEBUG] ConsoleController::ServerBridge() start...
[2026-07-07 13:30:19] [DEBUG] ConsoleController::ServerBridge() \Develop\Controllers\PartsDefinitionController::editPartsAction()
[2026-07-07 13:30:19] [DEBUG] PartsDefinitionController::editPartsAction() start...
[2026-07-07 13:30:19] [DEBUG] PartsDefinitionModel::getAllPartsList() start... Project ID: PRJ-D45FEF
[2026-07-07 13:30:19] [DEBUG] PartsDefinitionModel::getTableStructure() start... Project ID: PRJ-D45FEF
[2026-07-07 13:30:19] [DEBUG] Screen::updateAreaE() [iframe起動版] path: \Develop\Views\AreaE\PartsDefinition\RegistParts.view start...
[2026-07-07 13:30:19] [DEBUG] Screen::getContents() start...
[2026-07-07 13:30:19] [DEBUG] Screen::getContents() finish.
[2026-07-07 13:30:19] [DEBUG] Screen::updateAreaE() finish.
[2026-07-07 13:30:19] [DEBUG] PartsDefinitionController::editPartsAction() end.
[2026-07-07 13:30:19] [DEBUG] Screen::areaView() start...
[2026-07-07 13:30:19] [DEBUG] Screen::areaView() finish.
[2026-07-07 13:30:21] [DEBUG] --- wwProject System Start ---
[2026-07-07 13:30:21] [DEBUG] Router::Router() /jemini/wwProjectV1.36/Develop/Console/ServerBridgeAction/
[2026-07-07 13:30:21] [DEBUG] Attempting to load: \Develop\Controllers\ConsoleController::ServerBridgeAction
[2026-07-07 13:30:21] [DEBUG] Router: Executing \Develop\Controllers\ConsoleController->ServerBridgeAction
[2026-07-07 13:30:21] [DEBUG] ConsoleController::ServerBridge() start...
[2026-07-07 13:30:21] [DEBUG] ConsoleController::ServerBridge() \Develop\Controllers\PartsDefinitionController::editPartsAction()
[2026-07-07 13:30:21] [DEBUG] PartsDefinitionController::editPartsAction() start...
[2026-07-07 13:30:21] [DEBUG] PartsDefinitionModel::getAllPartsList() start... Project ID: PRJ-D45FEF
[2026-07-07 13:30:21] [DEBUG] PartsDefinitionModel::getTableStructure() start... Project ID: PRJ-D45FEF
[2026-07-07 13:30:21] [DEBUG] Screen::updateAreaE() [iframe起動版] path: \Develop\Views\AreaE\PartsDefinition\RegistParts.view start...
[2026-07-07 13:30:21] [DEBUG] Screen::getContents() start...
[2026-07-07 13:30:21] [DEBUG] Screen::getContents() finish.
[2026-07-07 13:30:21] [DEBUG] Screen::updateAreaE() finish.
[2026-07-07 13:30:21] [DEBUG] PartsDefinitionController::editPartsAction() end.
[2026-07-07 13:30:21] [DEBUG] Screen::areaView() start...
[2026-07-07 13:30:21] [DEBUG] Screen::areaView() finish.
[2026-07-07 13:30:22] [DEBUG] --- wwProject System Start ---
[2026-07-07 13:30:22] [DEBUG] Router::Router() /jemini/wwProjectV1.36/Develop/Console/ServerBridgeAction/
[2026-07-07 13:30:22] [DEBUG] Attempting to load: \Develop\Controllers\ConsoleController::ServerBridgeAction
[2026-07-07 13:30:22] [DEBUG] Router: Executing \Develop\Controllers\ConsoleController->ServerBridgeAction
[2026-07-07 13:30:22] [DEBUG] ConsoleController::ServerBridge() start...
[2026-07-07 13:30:22] [DEBUG] ConsoleController::ServerBridge() \Develop\Controllers\PartsDefinitionController::editPartsAction()
[2026-07-07 13:30:22] [DEBUG] PartsDefinitionController::editPartsAction() start...
[2026-07-07 13:30:22] [DEBUG] PartsDefinitionModel::getAllPartsList() start... Project ID: PRJ-D45FEF
[2026-07-07 13:30:22] [DEBUG] PartsDefinitionModel::getTableStructure() start... Project ID: PRJ-D45FEF
[2026-07-07 13:30:22] [DEBUG] Screen::updateAreaE() [iframe起動版] path: \Develop\Views\AreaE\PartsDefinition\RegistParts.view start...
[2026-07-07 13:30:22] [DEBUG] Screen::getContents() start...
[2026-07-07 13:30:22] [DEBUG] Screen::getContents() finish.
[2026-07-07 13:30:22] [DEBUG] Screen::updateAreaE() finish.
[2026-07-07 13:30:22] [DEBUG] PartsDefinitionController::editPartsAction() end.
[2026-07-07 13:30:22] [DEBUG] Screen::areaView() start...
[2026-07-07 13:30:22] [DEBUG] Screen::areaView() finish.
[2026-07-07 13:30:24] [DEBUG] --- wwProject System Start ---
[2026-07-07 13:30:24] [DEBUG] Router::Router() /jemini/wwProjectV1.36/Develop/Console/ServerBridgeAction/
[2026-07-07 13:30:24] [DEBUG] Attempting to load: \Develop\Controllers\ConsoleController::ServerBridgeAction
[2026-07-07 13:30:24] [DEBUG] Router: Executing \Develop\Controllers\ConsoleController->ServerBridgeAction
[2026-07-07 13:30:24] [DEBUG] ConsoleController::ServerBridge() start...
[2026-07-07 13:30:24] [DEBUG] ConsoleController::ServerBridge() \Develop\Controllers\PartsDefinitionController::editPartsAction()
[2026-07-07 13:30:24] [DEBUG] PartsDefinitionController::editPartsAction() start...
[2026-07-07 13:30:24] [DEBUG] PartsDefinitionModel::getAllPartsList() start... Project ID: PRJ-D45FEF
[2026-07-07 13:30:24] [DEBUG] PartsDefinitionModel::getTableStructure() start... Project ID: PRJ-D45FEF
[2026-07-07 13:30:24] [DEBUG] Screen::updateAreaE() [iframe起動版] path: \Develop\Views\AreaE\PartsDefinition\RegistParts.view start...
[2026-07-07 13:30:24] [DEBUG] Screen::getContents() start...
[2026-07-07 13:30:24] [DEBUG] Screen::getContents() finish.
[2026-07-07 13:30:24] [DEBUG] Screen::updateAreaE() finish.
[2026-07-07 13:30:24] [DEBUG] PartsDefinitionController::editPartsAction() end.
[2026-07-07 13:30:24] [DEBUG] Screen::areaView() start...
[2026-07-07 13:30:24] [DEBUG] Screen::areaView() finish.
[2026-07-07 13:30:33] [DEBUG] --- wwProject System Start ---
[2026-07-07 13:30:33] [DEBUG] Router::Router() /jemini/wwProjectV1.36/Develop/Console/ServerBridgeAction/
[2026-07-07 13:30:33] [DEBUG] Attempting to load: \Develop\Controllers\ConsoleController::ServerBridgeAction
[2026-07-07 13:30:33] [DEBUG] Router: Executing \Develop\Controllers\ConsoleController->ServerBridgeAction
[2026-07-07 13:30:33] [DEBUG] ConsoleController::ServerBridge() start...
[2026-07-07 13:30:33] [DEBUG] ConsoleController::ServerBridge() \Develop\Controllers\PartsDefinitionController::editPartsAction()
[2026-07-07 13:30:33] [DEBUG] PartsDefinitionController::editPartsAction() start...
[2026-07-07 13:30:33] [DEBUG] PartsDefinitionModel::getAllPartsList() start... Project ID: PRJ-D45FEF
[2026-07-07 13:30:33] [DEBUG] PartsDefinitionModel::getTableStructure() start... Project ID: PRJ-D45FEF
[2026-07-07 13:30:33] [DEBUG] Screen::updateAreaE() [iframe起動版] path: \Develop\Views\AreaE\PartsDefinition\RegistParts.view start...
[2026-07-07 13:30:33] [DEBUG] Screen::getContents() start...
[2026-07-07 13:30:33] [DEBUG] Screen::getContents() finish.
[2026-07-07 13:30:33] [DEBUG] Screen::updateAreaE() finish.
[2026-07-07 13:30:33] [DEBUG] PartsDefinitionController::editPartsAction() end.
[2026-07-07 13:30:33] [DEBUG] Screen::areaView() start...
[2026-07-07 13:30:33] [DEBUG] Screen::areaView() finish.
[2026-07-07 13:30:35] [DEBUG] --- wwProject System Start ---
[2026-07-07 13:30:35] [DEBUG] Router::Router() /jemini/wwProjectV1.36/Develop/Console/ServerBridgeAction/
[2026-07-07 13:30:35] [DEBUG] Attempting to load: \Develop\Controllers\ConsoleController::ServerBridgeAction
[2026-07-07 13:30:35] [DEBUG] Router: Executing \Develop\Controllers\ConsoleController->ServerBridgeAction
[2026-07-07 13:30:35] [DEBUG] ConsoleController::ServerBridge() start...
[2026-07-07 13:30:35] [DEBUG] ConsoleController::ServerBridge() \Develop\Controllers\PartsDefinitionController::editPartsAction()
[2026-07-07 13:30:35] [DEBUG] PartsDefinitionController::editPartsAction() start...
[2026-07-07 13:30:35] [DEBUG] PartsDefinitionModel::getAllPartsList() start... Project ID: PRJ-D45FEF
[2026-07-07 13:30:35] [DEBUG] PartsDefinitionModel::getTableStructure() start... Project ID: PRJ-D45FEF
[2026-07-07 13:30:35] [DEBUG] Screen::updateAreaE() [iframe起動版] path: \Develop\Views\AreaE\PartsDefinition\RegistParts.view start...
[2026-07-07 13:30:35] [DEBUG] Screen::getContents() start...
[2026-07-07 13:30:35] [DEBUG] Screen::getContents() finish.
[2026-07-07 13:30:35] [DEBUG] Screen::updateAreaE() finish.
[2026-07-07 13:30:35] [DEBUG] PartsDefinitionController::editPartsAction() end.
[2026-07-07 13:30:35] [DEBUG] Screen::areaView() start...
[2026-07-07 13:30:35] [DEBUG] Screen::areaView() finish.
[2026-07-07 13:30:36] [DEBUG] --- wwProject System Start ---
[2026-07-07 13:30:36] [DEBUG] Router::Router() /jemini/wwProjectV1.36/Develop/Console/ServerBridgeAction/
[2026-07-07 13:30:36] [DEBUG] Attempting to load: \Develop\Controllers\ConsoleController::ServerBridgeAction
[2026-07-07 13:30:36] [DEBUG] Router: Executing \Develop\Controllers\ConsoleController->ServerBridgeAction
[2026-07-07 13:30:36] [DEBUG] ConsoleController::ServerBridge() start...
[2026-07-07 13:30:36] [DEBUG] ConsoleController::ServerBridge() \Develop\Controllers\PartsDefinitionController::editPartsAction()
[2026-07-07 13:30:36] [DEBUG] PartsDefinitionController::editPartsAction() start...
[2026-07-07 13:30:36] [DEBUG] PartsDefinitionModel::getAllPartsList() start... Project ID: PRJ-D45FEF
[2026-07-07 13:30:36] [DEBUG] PartsDefinitionModel::getTableStructure() start... Project ID: PRJ-D45FEF
[2026-07-07 13:30:36] [DEBUG] Screen::updateAreaE() [iframe起動版] path: \Develop\Views\AreaE\PartsDefinition\RegistParts.view start...
[2026-07-07 13:30:36] [DEBUG] Screen::getContents() start...
[2026-07-07 13:30:36] [DEBUG] Screen::getContents() finish.
[2026-07-07 13:30:36] [DEBUG] Screen::updateAreaE() finish.
[2026-07-07 13:30:36] [DEBUG] PartsDefinitionController::editPartsAction() end.
[2026-07-07 13:30:36] [DEBUG] Screen::areaView() start...
[2026-07-07 13:30:36] [DEBUG] Screen::areaView() finish.
[2026-07-07 13:30:37] [DEBUG] --- wwProject System Start ---
[2026-07-07 13:30:37] [DEBUG] Router::Router() /jemini/wwProjectV1.36/Develop/Console/ServerBridgeAction/
[2026-07-07 13:30:37] [DEBUG] Attempting to load: \Develop\Controllers\ConsoleController::ServerBridgeAction
[2026-07-07 13:30:37] [DEBUG] Router: Executing \Develop\Controllers\ConsoleController->ServerBridgeAction
[2026-07-07 13:30:37] [DEBUG] ConsoleController::ServerBridge() start...
[2026-07-07 13:30:37] [DEBUG] ConsoleController::ServerBridge() \Develop\Controllers\PartsDefinitionController::editPartsAction()
[2026-07-07 13:30:37] [DEBUG] PartsDefinitionController::editPartsAction() start...
[2026-07-07 13:30:37] [DEBUG] PartsDefinitionModel::getAllPartsList() start... Project ID: PRJ-D45FEF
[2026-07-07 13:30:37] [DEBUG] PartsDefinitionModel::getColumnsByTableId() start... Input: developers
[2026-07-07 13:30:37] [DEBUG] 逆引き成功: 物理名 developers -> table_id : 6
[2026-07-07 13:30:37] [DEBUG] PartsDefinitionModel::getColumnsByTableId() finish. 件数: 9
[2026-07-07 13:30:37] [DEBUG] PartsDefinitionModel::getTableStructure() start... Project ID: PRJ-D45FEF
[2026-07-07 13:30:37] [DEBUG] Screen::updateAreaE() [iframe起動版] path: \Develop\Views\AreaE\PartsDefinition\RegistParts.view start...
[2026-07-07 13:30:37] [DEBUG] Screen::getContents() start...
[2026-07-07 13:30:37] [DEBUG] Screen::getContents() finish.
[2026-07-07 13:30:37] [DEBUG] Screen::updateAreaE() finish.
[2026-07-07 13:30:37] [DEBUG] PartsDefinitionController::editPartsAction() end.
[2026-07-07 13:30:37] [DEBUG] Screen::areaView() start...
[2026-07-07 13:30:37] [DEBUG] Screen::areaView() finish.
[2026-07-07 13:35:44] [DEBUG] --- wwProject System Start ---
[2026-07-07 13:35:44] [DEBUG] Router::Router() /jemini/wwProjectV1.36/Develop/Console/initial/
[2026-07-07 13:35:44] [DEBUG] Attempting to load: \Develop\Controllers\ConsoleController::initialAction
[2026-07-07 13:35:44] [DEBUG] Router: Executing \Develop\Controllers\ConsoleController->initialAction
[2026-07-07 13:35:44] [DEBUG] Console::initialAction() start...
[2026-07-07 13:35:44] [DEBUG] Screen::view() path: \Develop\Views\Console\Console.view start...
[2026-07-07 13:35:44] [DEBUG] Screen::getContents() start...
[2026-07-07 13:35:44] [DEBUG] Screen::getContents() finish.
[2026-07-07 13:35:44] [DEBUG] Screen::view() path: \Develop\Views\Console\Console.view finish.
[2026-07-07 13:35:44] [DEBUG] ConsoleController::initialAction() finish.
[2026-07-07 13:35:44] [DEBUG] --- wwProject System Start ---
[2026-07-07 13:35:44] [DEBUG] Router::Router() /jemini/wwProjectV1.36/Develop/Console/ServerBridgeAction/
[2026-07-07 13:35:44] [DEBUG] Attempting to load: \Develop\Controllers\ConsoleController::ServerBridgeAction
[2026-07-07 13:35:44] [DEBUG] Router: Executing \Develop\Controllers\ConsoleController->ServerBridgeAction
[2026-07-07 13:35:44] [DEBUG] ConsoleController::ServerBridge() start...
[2026-07-07 13:35:44] [DEBUG] ConsoleController::ServerBridge() \Develop\Controllers\ConsoleController::areaInitialAction()
[2026-07-07 13:35:44] [DEBUG] ConsoleController::AreaInitialAction() start...
[2026-07-07 13:35:44] [DEBUG] Screen::updateAreaA() path: \Develop\Views\AreaA\Area_A.view start...
[2026-07-07 13:35:44] [DEBUG] Screen::areaView() sending JSON: ["areas"]
[2026-07-07 13:35:44] [DEBUG] Screen::getContents() start...
[2026-07-07 13:35:44] [DEBUG] Screen::getContents() finish.
[2026-07-07 13:35:44] [DEBUG] Screen::updateAreaA() finish.
[2026-07-07 13:35:44] [DEBUG] Screen::updateAreaB() path: \Develop\Views\AreaB\Area_B.view start...
[2026-07-07 13:35:44] [DEBUG] Screen::getContents() start...
[2026-07-07 13:35:44] [DEBUG] Screen::getContents() finish.
[2026-07-07 13:35:44] [DEBUG] Screen::updateAreaB() finish.
[2026-07-07 13:35:44] [DEBUG] Screen::updateAreaD() path: \Develop\Views\AreaD\Area_D_clear.view start...
[2026-07-07 13:35:44] [DEBUG] Screen::getContents() start...
[2026-07-07 13:35:44] [DEBUG] Screen::getContents() finish.
[2026-07-07 13:35:44] [DEBUG] Screen::updateAreaD() finish.
[2026-07-07 13:35:44] [DEBUG] Screen::updateAreaE() [iframe起動版] path: \Develop\Views\AreaE\Area_E_clear.view start...
[2026-07-07 13:35:44] [DEBUG] Screen::getContents() start...
[2026-07-07 13:35:44] [DEBUG] Screen::getContents() finish.
[2026-07-07 13:35:44] [DEBUG] Screen::updateAreaE() finish.
[2026-07-07 13:35:44] [DEBUG] Screen::updateAreaF() path: \Develop\Views\AreaF\Area_F.view start...
[2026-07-07 13:35:44] [DEBUG] Screen::getContents() start...
[2026-07-07 13:35:45] [DEBUG] Screen::getContents() finish.
[2026-07-07 13:35:45] [DEBUG] Screen::updateAreaF() finish.
[2026-07-07 13:35:45] [DEBUG] ProjectController::startProjectNabi() start...
[2026-07-07 13:35:45] [DEBUG] ProjectController::getProjectListHtml() start...
[2026-07-07 13:35:45] [DEBUG] ProjectModel::getProjectList() start...
[2026-07-07 13:35:45] [DEBUG] ProjectModel::getProjectList() finish.
[2026-07-07 13:35:45] [DEBUG] CodeMasterModel：：getCodesByGroup() start...
[2026-07-07 13:35:45] [DEBUG] CodeMasterModel：：getCodesByGroup() finish.
[2026-07-07 13:35:45] [DEBUG] ProjectController::getNaviFooterHtml() start...
[2026-07-07 13:35:45] [DEBUG] ProjectController::getNaviFooterHtml() finish.
[2026-07-07 13:35:45] [DEBUG] ProjectController::startProjectNabi() finish.
[2026-07-07 13:35:45] [DEBUG] Screen::updateAreaC() \Develop\Views\AreaC\Area_C.view start...
[2026-07-07 13:35:45] [DEBUG] Screen::getContents() start...
[2026-07-07 13:35:45] [DEBUG] Screen::getContents() finish.
[2026-07-07 13:35:45] [DEBUG] Screen::updateAreaC() finish.
[2026-07-07 13:35:45] [DEBUG] ConsoleController::AreaInitialAction() finish.
[2026-07-07 13:35:45] [DEBUG] Screen::areaView() start...
[2026-07-07 13:35:45] [DEBUG] Screen::areaView() finish.
[2026-07-07 13:35:47] [DEBUG] --- wwProject System Start ---
[2026-07-07 13:35:47] [DEBUG] Router::Router() /jemini/wwProjectV1.36/Develop/Console/ServerBridgeAction/
[2026-07-07 13:35:47] [DEBUG] Attempting to load: \Develop\Controllers\ConsoleController::ServerBridgeAction
[2026-07-07 13:35:47] [DEBUG] Router: Executing \Develop\Controllers\ConsoleController->ServerBridgeAction
[2026-07-07 13:35:47] [DEBUG] ConsoleController::ServerBridge() start...
[2026-07-07 13:35:47] [DEBUG] ConsoleController::ServerBridge() \Develop\Controllers\PartsDefinitionController::InitialAction()
[2026-07-07 13:35:47] [DEBUG] DBDefinitionController::initialAction() start...
[2026-07-07 13:35:47] [DEBUG] PartsDefinitionController::initialAction() projectId : PRJ-D45FEF
[2026-07-07 13:35:47] [DEBUG] PartsDefinitionModel::getAllPartsList() start... Project ID: PRJ-D45FEF
[2026-07-07 13:35:47] [DEBUG] Screen::updateAreaD() path: \Develop\Views\AreaD\PartsDefinition\PartsDefinitionList.view start...
[2026-07-07 13:35:47] [DEBUG] Screen::getContents() start...
[2026-07-07 13:35:47] [DEBUG] Screen::getContents() finish.
[2026-07-07 13:35:47] [DEBUG] Screen::updateAreaD() finish.
[2026-07-07 13:35:47] [DEBUG] Screen::updateAreaE() [iframe起動版] path: \Develop\Views\AreaE\Area_E_clear.view start...
[2026-07-07 13:35:47] [DEBUG] Screen::getContents() start...
[2026-07-07 13:35:47] [DEBUG] Screen::getContents() finish.
[2026-07-07 13:35:47] [DEBUG] Screen::updateAreaE() finish.
[2026-07-07 13:35:47] [DEBUG] DBDefinitionController::initialAction() end.
[2026-07-07 13:35:47] [DEBUG] Screen::areaView() start...
[2026-07-07 13:35:47] [DEBUG] Screen::areaView() finish.
[2026-07-07 13:35:48] [DEBUG] --- wwProject System Start ---
[2026-07-07 13:35:48] [DEBUG] Router::Router() /jemini/wwProjectV1.36/Develop/Console/ServerBridgeAction/
[2026-07-07 13:35:48] [DEBUG] Attempting to load: \Develop\Controllers\ConsoleController::ServerBridgeAction
[2026-07-07 13:35:48] [DEBUG] Router: Executing \Develop\Controllers\ConsoleController->ServerBridgeAction
[2026-07-07 13:35:48] [DEBUG] ConsoleController::ServerBridge() start...
[2026-07-07 13:35:48] [DEBUG] ConsoleController::ServerBridge() \Develop\Controllers\PartsDefinitionController::editPartsAction()
[2026-07-07 13:35:48] [DEBUG] PartsDefinitionController::editPartsAction() start...
[2026-07-07 13:35:48] [DEBUG] PartsDefinitionModel::getAllPartsList() start... Project ID: PRJ-D45FEF
[2026-07-07 13:35:48] [DEBUG] PartsDefinitionModel::getColumnsByTableId() start... Input: developers
[2026-07-07 13:35:48] [DEBUG] 逆引き成功: 物理名 developers -> table_id : 6
[2026-07-07 13:35:48] [DEBUG] PartsDefinitionModel::getColumnsByTableId() finish. 件数: 9
[2026-07-07 13:35:48] [DEBUG] PartsDefinitionModel::getTableStructure() start... Project ID: PRJ-D45FEF
[2026-07-07 13:35:48] [DEBUG] Screen::updateAreaE() [iframe起動版] path: \Develop\Views\AreaE\PartsDefinition\RegistParts.view start...
[2026-07-07 13:35:48] [DEBUG] Screen::getContents() start...
[2026-07-07 13:35:48] [DEBUG] Screen::getContents() finish.
[2026-07-07 13:35:48] [DEBUG] Screen::updateAreaE() finish.
[2026-07-07 13:35:48] [DEBUG] PartsDefinitionController::editPartsAction() end.
[2026-07-07 13:35:48] [DEBUG] Screen::areaView() start...
[2026-07-07 13:35:48] [DEBUG] Screen::areaView() finish.
[2026-07-07 13:35:51] [DEBUG] --- wwProject System Start ---
[2026-07-07 13:35:51] [DEBUG] Router::Router() /jemini/wwProjectV1.36/Develop/Console/ServerBridgeAction/
[2026-07-07 13:35:51] [DEBUG] Attempting to load: \Develop\Controllers\ConsoleController::ServerBridgeAction
[2026-07-07 13:35:51] [DEBUG] Router: Executing \Develop\Controllers\ConsoleController->ServerBridgeAction
[2026-07-07 13:35:51] [DEBUG] ConsoleController::ServerBridge() start...
[2026-07-07 13:35:51] [DEBUG] ConsoleController::ServerBridge() \Develop\Controllers\PartsDefinitionController::editPartsAction()
[2026-07-07 13:35:51] [DEBUG] PartsDefinitionController::editPartsAction() start...
[2026-07-07 13:35:51] [DEBUG] PartsDefinitionModel::getAllPartsList() start... Project ID: PRJ-D45FEF
[2026-07-07 13:35:51] [DEBUG] PartsDefinitionModel::getTableStructure() start... Project ID: PRJ-D45FEF
[2026-07-07 13:35:51] [DEBUG] Screen::updateAreaE() [iframe起動版] path: \Develop\Views\AreaE\PartsDefinition\RegistParts.view start...
[2026-07-07 13:35:51] [DEBUG] Screen::getContents() start...
[2026-07-07 13:35:51] [DEBUG] Screen::getContents() finish.
[2026-07-07 13:35:51] [DEBUG] Screen::updateAreaE() finish.
[2026-07-07 13:35:51] [DEBUG] PartsDefinitionController::editPartsAction() end.
[2026-07-07 13:35:51] [DEBUG] Screen::areaView() start...
[2026-07-07 13:35:51] [DEBUG] Screen::areaView() finish.
[2026-07-07 13:35:52] [DEBUG] --- wwProject System Start ---
[2026-07-07 13:35:53] [DEBUG] Router::Router() /jemini/wwProjectV1.36/Develop/Console/ServerBridgeAction/
[2026-07-07 13:35:53] [DEBUG] Attempting to load: \Develop\Controllers\ConsoleController::ServerBridgeAction
[2026-07-07 13:35:53] [DEBUG] Router: Executing \Develop\Controllers\ConsoleController->ServerBridgeAction
[2026-07-07 13:35:53] [DEBUG] ConsoleController::ServerBridge() start...
[2026-07-07 13:35:53] [DEBUG] ConsoleController::ServerBridge() \Develop\Controllers\PartsDefinitionController::editPartsAction()
[2026-07-07 13:35:53] [DEBUG] PartsDefinitionController::editPartsAction() start...
[2026-07-07 13:35:53] [DEBUG] PartsDefinitionModel::getAllPartsList() start... Project ID: PRJ-D45FEF
[2026-07-07 13:35:53] [DEBUG] PartsDefinitionModel::getTableStructure() start... Project ID: PRJ-D45FEF
[2026-07-07 13:35:53] [DEBUG] Screen::updateAreaE() [iframe起動版] path: \Develop\Views\AreaE\PartsDefinition\RegistParts.view start...
[2026-07-07 13:35:53] [DEBUG] Screen::getContents() start...
[2026-07-07 13:35:53] [DEBUG] Screen::getContents() finish.
[2026-07-07 13:35:53] [DEBUG] Screen::updateAreaE() finish.
[2026-07-07 13:35:53] [DEBUG] PartsDefinitionController::editPartsAction() end.
[2026-07-07 13:35:53] [DEBUG] Screen::areaView() start...
[2026-07-07 13:35:53] [DEBUG] Screen::areaView() finish.
[2026-07-07 13:35:54] [DEBUG] --- wwProject System Start ---
[2026-07-07 13:35:54] [DEBUG] Router::Router() /jemini/wwProjectV1.36/Develop/Console/ServerBridgeAction/
[2026-07-07 13:35:54] [DEBUG] Attempting to load: \Develop\Controllers\ConsoleController::ServerBridgeAction
[2026-07-07 13:35:54] [DEBUG] Router: Executing \Develop\Controllers\ConsoleController->ServerBridgeAction
[2026-07-07 13:35:54] [DEBUG] ConsoleController::ServerBridge() start...
[2026-07-07 13:35:54] [DEBUG] ConsoleController::ServerBridge() \Develop\Controllers\PartsDefinitionController::editPartsAction()
[2026-07-07 13:35:54] [DEBUG] PartsDefinitionController::editPartsAction() start...
[2026-07-07 13:35:54] [DEBUG] PartsDefinitionModel::getAllPartsList() start... Project ID: PRJ-D45FEF
[2026-07-07 13:35:54] [DEBUG] PartsDefinitionModel::getTableStructure() start... Project ID: PRJ-D45FEF
[2026-07-07 13:35:54] [DEBUG] Screen::updateAreaE() [iframe起動版] path: \Develop\Views\AreaE\PartsDefinition\RegistParts.view start...
[2026-07-07 13:35:54] [DEBUG] Screen::getContents() start...
[2026-07-07 13:35:54] [DEBUG] Screen::getContents() finish.
[2026-07-07 13:35:54] [DEBUG] Screen::updateAreaE() finish.
[2026-07-07 13:35:54] [DEBUG] PartsDefinitionController::editPartsAction() end.
[2026-07-07 13:35:54] [DEBUG] Screen::areaView() start...
[2026-07-07 13:35:54] [DEBUG] Screen::areaView() finish.
[2026-07-07 13:35:55] [DEBUG] --- wwProject System Start ---
[2026-07-07 13:35:55] [DEBUG] Router::Router() /jemini/wwProjectV1.36/Develop/Console/ServerBridgeAction/
[2026-07-07 13:35:55] [DEBUG] Attempting to load: \Develop\Controllers\ConsoleController::ServerBridgeAction
[2026-07-07 13:35:55] [DEBUG] Router: Executing \Develop\Controllers\ConsoleController->ServerBridgeAction
[2026-07-07 13:35:55] [DEBUG] ConsoleController::ServerBridge() start...
[2026-07-07 13:35:55] [DEBUG] ConsoleController::ServerBridge() \Develop\Controllers\PartsDefinitionController::editPartsAction()
[2026-07-07 13:35:55] [DEBUG] PartsDefinitionController::editPartsAction() start...
[2026-07-07 13:35:55] [DEBUG] PartsDefinitionModel::getAllPartsList() start... Project ID: PRJ-D45FEF
[2026-07-07 13:35:55] [DEBUG] PartsDefinitionModel::getTableStructure() start... Project ID: PRJ-D45FEF
[2026-07-07 13:35:55] [DEBUG] Screen::updateAreaE() [iframe起動版] path: \Develop\Views\AreaE\PartsDefinition\RegistParts.view start...
[2026-07-07 13:35:55] [DEBUG] Screen::getContents() start...
[2026-07-07 13:35:55] [DEBUG] Screen::getContents() finish.
[2026-07-07 13:35:55] [DEBUG] Screen::updateAreaE() finish.
[2026-07-07 13:35:55] [DEBUG] PartsDefinitionController::editPartsAction() end.
[2026-07-07 13:35:55] [DEBUG] Screen::areaView() start...
[2026-07-07 13:35:55] [DEBUG] Screen::areaView() finish.
[2026-07-07 13:35:57] [DEBUG] --- wwProject System Start ---
[2026-07-07 13:35:57] [DEBUG] Router::Router() /jemini/wwProjectV1.36/Develop/Console/ServerBridgeAction/
[2026-07-07 13:35:57] [DEBUG] Attempting to load: \Develop\Controllers\ConsoleController::ServerBridgeAction
[2026-07-07 13:35:57] [DEBUG] Router: Executing \Develop\Controllers\ConsoleController->ServerBridgeAction
[2026-07-07 13:35:57] [DEBUG] ConsoleController::ServerBridge() start...
[2026-07-07 13:35:57] [DEBUG] ConsoleController::ServerBridge() \Develop\Controllers\PartsDefinitionController::editPartsAction()
[2026-07-07 13:35:57] [DEBUG] PartsDefinitionController::editPartsAction() start...
[2026-07-07 13:35:57] [DEBUG] PartsDefinitionModel::getAllPartsList() start... Project ID: PRJ-D45FEF
[2026-07-07 13:35:57] [DEBUG] PartsDefinitionModel::getTableStructure() start... Project ID: PRJ-D45FEF
[2026-07-07 13:35:57] [DEBUG] Screen::updateAreaE() [iframe起動版] path: \Develop\Views\AreaE\PartsDefinition\RegistParts.view start...
[2026-07-07 13:35:57] [DEBUG] Screen::getContents() start...
[2026-07-07 13:35:57] [DEBUG] Screen::getContents() finish.
[2026-07-07 13:35:57] [DEBUG] Screen::updateAreaE() finish.
[2026-07-07 13:35:57] [DEBUG] PartsDefinitionController::editPartsAction() end.
[2026-07-07 13:35:57] [DEBUG] Screen::areaView() start...
[2026-07-07 13:35:57] [DEBUG] Screen::areaView() finish.
[2026-07-07 13:35:59] [DEBUG] --- wwProject System Start ---
[2026-07-07 13:35:59] [DEBUG] Router::Router() /jemini/wwProjectV1.36/Develop/Console/ServerBridgeAction/
[2026-07-07 13:35:59] [DEBUG] Attempting to load: \Develop\Controllers\ConsoleController::ServerBridgeAction
[2026-07-07 13:35:59] [DEBUG] Router: Executing \Develop\Controllers\ConsoleController->ServerBridgeAction
[2026-07-07 13:35:59] [DEBUG] ConsoleController::ServerBridge() start...
[2026-07-07 13:35:59] [DEBUG] ConsoleController::ServerBridge() \Develop\Controllers\PartsDefinitionController::editPartsAction()
[2026-07-07 13:35:59] [DEBUG] PartsDefinitionController::editPartsAction() start...
[2026-07-07 13:35:59] [DEBUG] PartsDefinitionModel::getAllPartsList() start... Project ID: PRJ-D45FEF
[2026-07-07 13:35:59] [DEBUG] PartsDefinitionModel::getColumnsByTableId() start... Input: developers
[2026-07-07 13:35:59] [DEBUG] 逆引き成功: 物理名 developers -> table_id : 6
[2026-07-07 13:35:59] [DEBUG] PartsDefinitionModel::getColumnsByTableId() finish. 件数: 9
[2026-07-07 13:35:59] [DEBUG] PartsDefinitionModel::getTableStructure() start... Project ID: PRJ-D45FEF
[2026-07-07 13:35:59] [DEBUG] Screen::updateAreaE() [iframe起動版] path: \Develop\Views\AreaE\PartsDefinition\RegistParts.view start...
[2026-07-07 13:35:59] [DEBUG] Screen::getContents() start...
[2026-07-07 13:35:59] [DEBUG] Screen::getContents() finish.
[2026-07-07 13:35:59] [DEBUG] Screen::updateAreaE() finish.
[2026-07-07 13:35:59] [DEBUG] PartsDefinitionController::editPartsAction() end.
[2026-07-07 13:35:59] [DEBUG] Screen::areaView() start...
[2026-07-07 13:35:59] [DEBUG] Screen::areaView() finish.
[2026-07-07 13:36:01] [DEBUG] --- wwProject System Start ---
[2026-07-07 13:36:01] [DEBUG] Router::Router() /jemini/wwProjectV1.36/Develop/Console/ServerBridgeAction/
[2026-07-07 13:36:01] [DEBUG] Attempting to load: \Develop\Controllers\ConsoleController::ServerBridgeAction
[2026-07-07 13:36:01] [DEBUG] Router: Executing \Develop\Controllers\ConsoleController->ServerBridgeAction
[2026-07-07 13:36:01] [DEBUG] ConsoleController::ServerBridge() start...
[2026-07-07 13:36:01] [DEBUG] ConsoleController::ServerBridge() \Develop\Controllers\PartsDefinitionController::editPartsAction()
[2026-07-07 13:36:01] [DEBUG] PartsDefinitionController::editPartsAction() start...
[2026-07-07 13:36:01] [DEBUG] PartsDefinitionModel::getAllPartsList() start... Project ID: PRJ-D45FEF
[2026-07-07 13:36:01] [DEBUG] PartsDefinitionModel::getColumnsByTableId() start... Input: developers
[2026-07-07 13:36:01] [DEBUG] 逆引き成功: 物理名 developers -> table_id : 6
[2026-07-07 13:36:01] [DEBUG] PartsDefinitionModel::getColumnsByTableId() finish. 件数: 9
[2026-07-07 13:36:01] [DEBUG] PartsDefinitionModel::getTableStructure() start... Project ID: PRJ-D45FEF
[2026-07-07 13:36:01] [DEBUG] Screen::updateAreaE() [iframe起動版] path: \Develop\Views\AreaE\PartsDefinition\RegistParts.view start...
[2026-07-07 13:36:01] [DEBUG] Screen::getContents() start...
[2026-07-07 13:36:01] [DEBUG] Screen::getContents() finish.
[2026-07-07 13:36:01] [DEBUG] Screen::updateAreaE() finish.
[2026-07-07 13:36:01] [DEBUG] PartsDefinitionController::editPartsAction() end.
[2026-07-07 13:36:01] [DEBUG] Screen::areaView() start...
[2026-07-07 13:36:01] [DEBUG] Screen::areaView() finish.
[2026-07-07 13:36:02] [DEBUG] --- wwProject System Start ---
[2026-07-07 13:36:02] [DEBUG] Router::Router() /jemini/wwProjectV1.36/Develop/Console/ServerBridgeAction/
[2026-07-07 13:36:02] [DEBUG] Attempting to load: \Develop\Controllers\ConsoleController::ServerBridgeAction
[2026-07-07 13:36:02] [DEBUG] Router: Executing \Develop\Controllers\ConsoleController->ServerBridgeAction
[2026-07-07 13:36:02] [DEBUG] ConsoleController::ServerBridge() start...
[2026-07-07 13:36:02] [DEBUG] ConsoleController::ServerBridge() \Develop\Controllers\PartsDefinitionController::editPartsAction()
[2026-07-07 13:36:02] [DEBUG] PartsDefinitionController::editPartsAction() start...
[2026-07-07 13:36:02] [DEBUG] PartsDefinitionModel::getAllPartsList() start... Project ID: PRJ-D45FEF
[2026-07-07 13:36:02] [DEBUG] PartsDefinitionModel::getColumnsByTableId() start... Input: developers
[2026-07-07 13:36:02] [DEBUG] 逆引き成功: 物理名 developers -> table_id : 6
[2026-07-07 13:36:02] [DEBUG] PartsDefinitionModel::getColumnsByTableId() finish. 件数: 9
[2026-07-07 13:36:02] [DEBUG] PartsDefinitionModel::getTableStructure() start... Project ID: PRJ-D45FEF
[2026-07-07 13:36:02] [DEBUG] Screen::updateAreaE() [iframe起動版] path: \Develop\Views\AreaE\PartsDefinition\RegistParts.view start...
[2026-07-07 13:36:02] [DEBUG] Screen::getContents() start...
[2026-07-07 13:36:02] [DEBUG] Screen::getContents() finish.
[2026-07-07 13:36:02] [DEBUG] Screen::updateAreaE() finish.
[2026-07-07 13:36:02] [DEBUG] PartsDefinitionController::editPartsAction() end.
[2026-07-07 13:36:02] [DEBUG] Screen::areaView() start...
[2026-07-07 13:36:02] [DEBUG] Screen::areaView() finish.
[2026-07-07 13:36:13] [DEBUG] --- wwProject System Start ---
[2026-07-07 13:36:13] [DEBUG] Router::Router() /jemini/wwProjectV1.36/Develop/Console/ServerBridgeAction/
[2026-07-07 13:36:13] [DEBUG] Attempting to load: \Develop\Controllers\ConsoleController::ServerBridgeAction
[2026-07-07 13:36:14] [DEBUG] Router: Executing \Develop\Controllers\ConsoleController->ServerBridgeAction
[2026-07-07 13:36:14] [DEBUG] ConsoleController::ServerBridge() start...
[2026-07-07 13:36:14] [DEBUG] ConsoleController::ServerBridge() \Develop\Controllers\PartsDefinitionController::getColumnsAction()
[2026-07-07 13:36:14] [DEBUG] PartsDefinitionController::getColumnsAction() start...
[2026-07-07 13:36:14] [DEBUG] PartsDefinitionModel::getColumnsByTableId() start... Input: developers2
[2026-07-07 13:36:14] [DEBUG] 逆引き成功: 物理名 developers2 -> table_id : 8
[2026-07-07 13:36:14] [DEBUG] PartsDefinitionModel::getColumnsByTableId() finish. 件数: 8
[2026-07-07 13:36:14] [DEBUG] PartsDefinitionModel::getTableStructure() start... Project ID: PRJ-D45FEF
[2026-07-07 13:36:14] [DEBUG] Screen::updateAreaE() [iframe起動版] path: \Develop\Views\AreaE\PartsDefinition\RegistParts.view start...
[2026-07-07 13:36:14] [DEBUG] Screen::getContents() start...
[2026-07-07 13:36:14] [DEBUG] Screen::getContents() finish.
[2026-07-07 13:36:14] [DEBUG] Screen::updateAreaE() finish.
[2026-07-07 13:36:14] [DEBUG] PartsDefinitionController::getColumnsAction() end.
[2026-07-07 13:36:14] [DEBUG] Screen::areaView() start...
[2026-07-07 13:36:14] [DEBUG] Screen::areaView() finish.
[2026-07-07 13:36:26] [DEBUG] --- wwProject System Start ---
[2026-07-07 13:36:26] [DEBUG] Router::Router() /jemini/wwProjectV1.36/Develop/Console/ServerBridgeAction/
[2026-07-07 13:36:26] [DEBUG] Attempting to load: \Develop\Controllers\ConsoleController::ServerBridgeAction
[2026-07-07 13:36:26] [DEBUG] Router: Executing \Develop\Controllers\ConsoleController->ServerBridgeAction
[2026-07-07 13:36:26] [DEBUG] ConsoleController::ServerBridge() start...
[2026-07-07 13:36:26] [DEBUG] ConsoleController::ServerBridge() \Develop\Controllers\PartsDefinitionController::InitialAction()
[2026-07-07 13:36:26] [DEBUG] DBDefinitionController::initialAction() start...
[2026-07-07 13:36:26] [DEBUG] PartsDefinitionController::initialAction() projectId : PRJ-D45FEF
[2026-07-07 13:36:26] [DEBUG] PartsDefinitionModel::getAllPartsList() start... Project ID: PRJ-D45FEF
[2026-07-07 13:36:26] [DEBUG] Screen::updateAreaD() path: \Develop\Views\AreaD\PartsDefinition\PartsDefinitionList.view start...
[2026-07-07 13:36:26] [DEBUG] Screen::getContents() start...
[2026-07-07 13:36:26] [DEBUG] Screen::getContents() finish.
[2026-07-07 13:36:26] [DEBUG] Screen::updateAreaD() finish.
[2026-07-07 13:36:26] [DEBUG] Screen::updateAreaE() [iframe起動版] path: \Develop\Views\AreaE\Area_E_clear.view start...
[2026-07-07 13:36:26] [DEBUG] Screen::getContents() start...
[2026-07-07 13:36:26] [DEBUG] Screen::getContents() finish.
[2026-07-07 13:36:26] [DEBUG] Screen::updateAreaE() finish.
[2026-07-07 13:36:26] [DEBUG] DBDefinitionController::initialAction() end.
[2026-07-07 13:36:26] [DEBUG] Screen::areaView() start...
[2026-07-07 13:36:26] [DEBUG] Screen::areaView() finish.
[2026-07-07 13:37:34] [DEBUG] --- wwProject System Start ---
[2026-07-07 13:37:34] [DEBUG] Router::Router() /jemini/wwProjectV1.36/develop/
[2026-07-07 13:37:34] [DEBUG] Attempting to load: \Develop\Controllers\LoginController::initialAction
[2026-07-07 13:37:34] [DEBUG] Router: Executing \Develop\Controllers\LoginController->initialAction
[2026-07-07 13:37:34] [DEBUG] Login::initialAction() start...
[2026-07-07 13:37:34] [DEBUG] Login::initialAction() errorMessage : 
[2026-07-07 13:37:34] [DEBUG] Screen::view() path: \Develop\Views\Login\Login.view start...
[2026-07-07 13:37:34] [DEBUG] Screen::getContents() start...
[2026-07-07 13:37:34] [DEBUG] Screen::getContents() finish.
[2026-07-07 13:37:34] [DEBUG] Screen::view() path: \Develop\Views\Login\Login.view finish.
[2026-07-07 13:37:34] [DEBUG] Login::initialAction() finish.
[2026-07-07 13:38:04] [DEBUG] --- wwProject System Start ---
[2026-07-07 13:38:04] [DEBUG] Router::Router() /jemini/wwProjectV1.36/Develop/Login/authentication/
[2026-07-07 13:38:04] [DEBUG] Attempting to load: \Develop\Controllers\LoginController::authenticationAction
[2026-07-07 13:38:04] [DEBUG] Router: Executing \Develop\Controllers\LoginController->authenticationAction
[2026-07-07 13:38:04] [DEBUG] Login::AuthenticationAction() start...
[2026-07-07 13:38:04] [DEBUG] Login OK - x
[2026-07-07 13:38:04] [DEBUG] Session::start()
[2026-07-07 13:38:04] [DEBUG] Redirect to Console::initialAction()
[2026-07-07 13:38:04] [DEBUG] --- wwProject System Start ---
[2026-07-07 13:38:04] [DEBUG] Router::Router() /jemini/wwProjectV1.36/Develop/Console/initial/
[2026-07-07 13:38:04] [DEBUG] Attempting to load: \Develop\Controllers\ConsoleController::initialAction
[2026-07-07 13:38:04] [DEBUG] Router: Executing \Develop\Controllers\ConsoleController->initialAction
[2026-07-07 13:38:04] [DEBUG] Console::initialAction() start...
[2026-07-07 13:38:04] [DEBUG] Screen::view() path: \Develop\Views\Console\Console.view start...
[2026-07-07 13:38:04] [DEBUG] Screen::getContents() start...
[2026-07-07 13:38:04] [DEBUG] Screen::getContents() finish.
[2026-07-07 13:38:04] [DEBUG] Screen::view() path: \Develop\Views\Console\Console.view finish.
[2026-07-07 13:38:04] [DEBUG] ConsoleController::initialAction() finish.
[2026-07-07 13:38:04] [DEBUG] --- wwProject System Start ---
[2026-07-07 13:38:04] [DEBUG] Router::Router() /jemini/wwProjectV1.36/Develop/Console/ServerBridgeAction/
[2026-07-07 13:38:04] [DEBUG] Attempting to load: \Develop\Controllers\ConsoleController::ServerBridgeAction
[2026-07-07 13:38:04] [DEBUG] Router: Executing \Develop\Controllers\ConsoleController->ServerBridgeAction
[2026-07-07 13:38:04] [DEBUG] ConsoleController::ServerBridge() start...
[2026-07-07 13:38:04] [DEBUG] ConsoleController::ServerBridge() \Develop\Controllers\ConsoleController::areaInitialAction()
[2026-07-07 13:38:04] [DEBUG] ConsoleController::AreaInitialAction() start...
[2026-07-07 13:38:04] [DEBUG] Screen::updateAreaA() path: \Develop\Views\AreaA\Area_A.view start...
[2026-07-07 13:38:04] [DEBUG] Screen::areaView() sending JSON: ["areas"]
[2026-07-07 13:38:04] [DEBUG] Screen::getContents() start...
[2026-07-07 13:38:04] [DEBUG] Screen::getContents() finish.
[2026-07-07 13:38:04] [DEBUG] Screen::updateAreaA() finish.
[2026-07-07 13:38:04] [DEBUG] Screen::updateAreaB() path: \Develop\Views\AreaB\Area_B.view start...
[2026-07-07 13:38:04] [DEBUG] Screen::getContents() start...
[2026-07-07 13:38:04] [DEBUG] Screen::getContents() finish.
[2026-07-07 13:38:04] [DEBUG] Screen::updateAreaB() finish.
[2026-07-07 13:38:04] [DEBUG] Screen::updateAreaD() path: \Develop\Views\AreaD\Area_D_clear.view start...
[2026-07-07 13:38:04] [DEBUG] Screen::getContents() start...
[2026-07-07 13:38:04] [DEBUG] Screen::getContents() finish.
[2026-07-07 13:38:04] [DEBUG] Screen::updateAreaD() finish.
[2026-07-07 13:38:04] [DEBUG] Screen::updateAreaE() [iframe起動版] path: \Develop\Views\AreaE\Area_E_clear.view start...
[2026-07-07 13:38:04] [DEBUG] Screen::getContents() start...
[2026-07-07 13:38:04] [DEBUG] Screen::getContents() finish.
[2026-07-07 13:38:04] [DEBUG] Screen::updateAreaE() finish.
[2026-07-07 13:38:04] [DEBUG] Screen::updateAreaF() path: \Develop\Views\AreaF\Area_F.view start...
[2026-07-07 13:38:04] [DEBUG] Screen::getContents() start...
[2026-07-07 13:38:04] [DEBUG] Screen::getContents() finish.
[2026-07-07 13:38:04] [DEBUG] Screen::updateAreaF() finish.
[2026-07-07 13:38:04] [DEBUG] ProjectController::startProjectNabi() start...
[2026-07-07 13:38:04] [DEBUG] ProjectController::getProjectListHtml() start...
[2026-07-07 13:38:04] [DEBUG] ProjectModel::getProjectList() start...
[2026-07-07 13:38:04] [DEBUG] ProjectModel::getProjectList() finish.
[2026-07-07 13:38:04] [DEBUG] CodeMasterModel：：getCodesByGroup() start...
[2026-07-07 13:38:04] [DEBUG] CodeMasterModel：：getCodesByGroup() finish.
[2026-07-07 13:38:04] [DEBUG] ProjectController::getNaviFooterHtml() start...
[2026-07-07 13:38:04] [DEBUG] ProjectController::getNaviFooterHtml() finish.
[2026-07-07 13:38:04] [DEBUG] ProjectController::startProjectNabi() finish.
[2026-07-07 13:38:04] [DEBUG] Screen::updateAreaC() \Develop\Views\AreaC\Area_C.view start...
[2026-07-07 13:38:04] [DEBUG] Screen::getContents() start...
[2026-07-07 13:38:04] [DEBUG] Screen::getContents() finish.
[2026-07-07 13:38:04] [DEBUG] Screen::updateAreaC() finish.
[2026-07-07 13:38:04] [DEBUG] ConsoleController::AreaInitialAction() finish.
[2026-07-07 13:38:04] [DEBUG] Screen::areaView() start...
[2026-07-07 13:38:04] [DEBUG] Screen::areaView() finish.
[2026-07-07 13:38:06] [DEBUG] --- wwProject System Start ---
[2026-07-07 13:38:06] [DEBUG] Router::Router() /jemini/wwProjectV1.36/Develop/Console/ServerBridgeAction/
[2026-07-07 13:38:06] [DEBUG] Attempting to load: \Develop\Controllers\ConsoleController::ServerBridgeAction
[2026-07-07 13:38:06] [DEBUG] Router: Executing \Develop\Controllers\ConsoleController->ServerBridgeAction
[2026-07-07 13:38:06] [DEBUG] ConsoleController::ServerBridge() start...
[2026-07-07 13:38:06] [DEBUG] ConsoleController::ServerBridge() \Develop\Controllers\ProjectController::projectSelectAction()
[2026-07-07 13:38:06] [DEBUG] ProjectController::projectSelectAction() start...
[2026-07-07 13:38:06] [DEBUG] ProjectController::projectSelectAction() ☆★☆　SampleProject１
[2026-07-07 13:38:06] [DEBUG] Screen::updateAreaB() path: \Develop\Views\AreaB\Area_B.view start...
[2026-07-07 13:38:06] [DEBUG] Screen::getContents() start...
[2026-07-07 13:38:06] [DEBUG] Screen::getContents() finish.
[2026-07-07 13:38:06] [DEBUG] Screen::updateAreaB() finish.
[2026-07-07 13:38:06] [DEBUG] ProjectController::projectSelectAction() PRJ-D45FEF : PRJ-D45FEF
[2026-07-07 13:38:06] [DEBUG] ProjectController::getProjectListHtml() start...
[2026-07-07 13:38:06] [DEBUG] ProjectModel::getProjectList() start...
[2026-07-07 13:38:06] [DEBUG] ProjectModel::getProjectList() finish.
[2026-07-07 13:38:06] [DEBUG] CodeMasterModel：：getCodesByGroup() start...
[2026-07-07 13:38:06] [DEBUG] CodeMasterModel：：getCodesByGroup() finish.
[2026-07-07 13:38:06] [DEBUG] ProjectController::getNaviFooterHtml() start...
[2026-07-07 13:38:06] [DEBUG] ProjectController::getNaviFooterHtml() finish.
[2026-07-07 13:38:06] [DEBUG] Screen::updateAreaC() \Develop\Views\AreaC\Area_C.view start...
[2026-07-07 13:38:06] [DEBUG] Screen::getContents() start...
[2026-07-07 13:38:06] [DEBUG] Screen::getContents() finish.
[2026-07-07 13:38:06] [DEBUG] Screen::updateAreaC() finish.
[2026-07-07 13:38:06] [DEBUG] Screen::updateAreaD() path: \Develop\Views\AreaD\Area_D_clear.view start...
[2026-07-07 13:38:06] [DEBUG] Screen::getContents() start...
[2026-07-07 13:38:06] [DEBUG] Screen::getContents() finish.
[2026-07-07 13:38:06] [DEBUG] Screen::updateAreaD() finish.
[2026-07-07 13:38:06] [DEBUG] Screen::updateAreaE() [iframe起動版] path: \Develop\Views\AreaE\Area_E_clear.view start...
[2026-07-07 13:38:06] [DEBUG] Screen::getContents() start...
[2026-07-07 13:38:06] [DEBUG] Screen::getContents() finish.
[2026-07-07 13:38:06] [DEBUG] Screen::updateAreaE() finish.
[2026-07-07 13:38:06] [DEBUG] ProjectController::projectSelectAction() finish.
[2026-07-07 13:38:06] [DEBUG] Screen::areaView() start...
[2026-07-07 13:38:06] [DEBUG] Screen::areaView() finish.
[2026-07-07 13:38:07] [DEBUG] --- wwProject System Start ---
[2026-07-07 13:38:07] [DEBUG] Router::Router() /jemini/wwProjectV1.36/Develop/Console/ServerBridgeAction/
[2026-07-07 13:38:07] [DEBUG] Attempting to load: \Develop\Controllers\ConsoleController::ServerBridgeAction
[2026-07-07 13:38:07] [DEBUG] Router: Executing \Develop\Controllers\ConsoleController->ServerBridgeAction
[2026-07-07 13:38:07] [DEBUG] ConsoleController::ServerBridge() start...
[2026-07-07 13:38:07] [DEBUG] ConsoleController::ServerBridge() \Develop\Controllers\PartsDefinitionController::InitialAction()
[2026-07-07 13:38:07] [DEBUG] DBDefinitionController::initialAction() start...
[2026-07-07 13:38:07] [DEBUG] PartsDefinitionController::initialAction() projectId : PRJ-D45FEF
[2026-07-07 13:38:07] [DEBUG] PartsDefinitionModel::getAllPartsList() start... Project ID: PRJ-D45FEF
[2026-07-07 13:38:07] [DEBUG] Screen::updateAreaD() path: \Develop\Views\AreaD\PartsDefinition\PartsDefinitionList.view start...
[2026-07-07 13:38:07] [DEBUG] Screen::getContents() start...
[2026-07-07 13:38:07] [DEBUG] Screen::getContents() finish.
[2026-07-07 13:38:07] [DEBUG] Screen::updateAreaD() finish.
[2026-07-07 13:38:07] [DEBUG] Screen::updateAreaE() [iframe起動版] path: \Develop\Views\AreaE\Area_E_clear.view start...
[2026-07-07 13:38:07] [DEBUG] Screen::getContents() start...
[2026-07-07 13:38:07] [DEBUG] Screen::getContents() finish.
[2026-07-07 13:38:07] [DEBUG] Screen::updateAreaE() finish.
[2026-07-07 13:38:07] [DEBUG] DBDefinitionController::initialAction() end.
[2026-07-07 13:38:07] [DEBUG] Screen::areaView() start...
[2026-07-07 13:38:07] [DEBUG] Screen::areaView() finish.
[2026-07-07 13:38:08] [DEBUG] --- wwProject System Start ---
[2026-07-07 13:38:08] [DEBUG] Router::Router() /jemini/wwProjectV1.36/Develop/Console/ServerBridgeAction/
[2026-07-07 13:38:08] [DEBUG] Attempting to load: \Develop\Controllers\ConsoleController::ServerBridgeAction
[2026-07-07 13:38:08] [DEBUG] Router: Executing \Develop\Controllers\ConsoleController->ServerBridgeAction
[2026-07-07 13:38:08] [DEBUG] ConsoleController::ServerBridge() start...
[2026-07-07 13:38:08] [DEBUG] ConsoleController::ServerBridge() \Develop\Controllers\PartsDefinitionController::editPartsAction()
[2026-07-07 13:38:08] [DEBUG] PartsDefinitionController::editPartsAction() start...
[2026-07-07 13:38:08] [DEBUG] PartsDefinitionModel::getAllPartsList() start... Project ID: PRJ-D45FEF
[2026-07-07 13:38:08] [DEBUG] PartsDefinitionModel::getColumnsByTableId() start... Input: developers
[2026-07-07 13:38:08] [DEBUG] 逆引き成功: 物理名 developers -> table_id : 6
[2026-07-07 13:38:08] [DEBUG] PartsDefinitionModel::getColumnsByTableId() finish. 件数: 9
[2026-07-07 13:38:08] [DEBUG] PartsDefinitionModel::getTableStructure() start... Project ID: PRJ-D45FEF
[2026-07-07 13:38:08] [DEBUG] Screen::updateAreaE() [iframe起動版] path: \Develop\Views\AreaE\PartsDefinition\RegistParts.view start...
[2026-07-07 13:38:08] [DEBUG] Screen::getContents() start...
[2026-07-07 13:38:08] [DEBUG] Screen::getContents() finish.
[2026-07-07 13:38:08] [DEBUG] Screen::updateAreaE() finish.
[2026-07-07 13:38:08] [DEBUG] PartsDefinitionController::editPartsAction() end.
[2026-07-07 13:38:08] [DEBUG] Screen::areaView() start...
[2026-07-07 13:38:08] [DEBUG] Screen::areaView() finish.
[2026-07-07 13:38:09] [DEBUG] --- wwProject System Start ---
[2026-07-07 13:38:09] [DEBUG] Router::Router() /jemini/wwProjectV1.36/Develop/Console/ServerBridgeAction/
[2026-07-07 13:38:09] [DEBUG] Attempting to load: \Develop\Controllers\ConsoleController::ServerBridgeAction
[2026-07-07 13:38:09] [DEBUG] Router: Executing \Develop\Controllers\ConsoleController->ServerBridgeAction
[2026-07-07 13:38:09] [DEBUG] ConsoleController::ServerBridge() start...
[2026-07-07 13:38:09] [DEBUG] ConsoleController::ServerBridge() \Develop\Controllers\PartsDefinitionController::editPartsAction()
[2026-07-07 13:38:09] [DEBUG] PartsDefinitionController::editPartsAction() start...
[2026-07-07 13:38:09] [DEBUG] PartsDefinitionModel::getAllPartsList() start... Project ID: PRJ-D45FEF
[2026-07-07 13:38:09] [DEBUG] PartsDefinitionModel::getTableStructure() start... Project ID: PRJ-D45FEF
[2026-07-07 13:38:09] [DEBUG] Screen::updateAreaE() [iframe起動版] path: \Develop\Views\AreaE\PartsDefinition\RegistParts.view start...
[2026-07-07 13:38:09] [DEBUG] Screen::getContents() start...
[2026-07-07 13:38:09] [DEBUG] Screen::getContents() finish.
[2026-07-07 13:38:09] [DEBUG] Screen::updateAreaE() finish.
[2026-07-07 13:38:09] [DEBUG] PartsDefinitionController::editPartsAction() end.
[2026-07-07 13:38:09] [DEBUG] Screen::areaView() start...
[2026-07-07 13:38:09] [DEBUG] Screen::areaView() finish.
[2026-07-07 13:38:11] [DEBUG] --- wwProject System Start ---
[2026-07-07 13:38:11] [DEBUG] Router::Router() /jemini/wwProjectV1.36/Develop/Console/ServerBridgeAction/
[2026-07-07 13:38:11] [DEBUG] Attempting to load: \Develop\Controllers\ConsoleController::ServerBridgeAction
[2026-07-07 13:38:11] [DEBUG] Router: Executing \Develop\Controllers\ConsoleController->ServerBridgeAction
[2026-07-07 13:38:11] [DEBUG] ConsoleController::ServerBridge() start...
[2026-07-07 13:38:11] [DEBUG] ConsoleController::ServerBridge() \Develop\Controllers\PartsDefinitionController::editPartsAction()
[2026-07-07 13:38:11] [DEBUG] PartsDefinitionController::editPartsAction() start...
[2026-07-07 13:38:11] [DEBUG] PartsDefinitionModel::getAllPartsList() start... Project ID: PRJ-D45FEF
[2026-07-07 13:38:11] [DEBUG] PartsDefinitionModel::getTableStructure() start... Project ID: PRJ-D45FEF
[2026-07-07 13:38:11] [DEBUG] Screen::updateAreaE() [iframe起動版] path: \Develop\Views\AreaE\PartsDefinition\RegistParts.view start...
[2026-07-07 13:38:11] [DEBUG] Screen::getContents() start...
[2026-07-07 13:38:11] [DEBUG] Screen::getContents() finish.
[2026-07-07 13:38:11] [DEBUG] Screen::updateAreaE() finish.
[2026-07-07 13:38:11] [DEBUG] PartsDefinitionController::editPartsAction() end.
[2026-07-07 13:38:11] [DEBUG] Screen::areaView() start...
[2026-07-07 13:38:11] [DEBUG] Screen::areaView() finish.
[2026-07-07 13:38:14] [DEBUG] --- wwProject System Start ---
[2026-07-07 13:38:14] [DEBUG] Router::Router() /jemini/wwProjectV1.36/Develop/Console/ServerBridgeAction/
[2026-07-07 13:38:14] [DEBUG] Attempting to load: \Develop\Controllers\ConsoleController::ServerBridgeAction
[2026-07-07 13:38:14] [DEBUG] Router: Executing \Develop\Controllers\ConsoleController->ServerBridgeAction
[2026-07-07 13:38:14] [DEBUG] ConsoleController::ServerBridge() start...
[2026-07-07 13:38:14] [DEBUG] ConsoleController::ServerBridge() \Develop\Controllers\PartsDefinitionController::editPartsAction()
[2026-07-07 13:38:14] [DEBUG] PartsDefinitionController::editPartsAction() start...
[2026-07-07 13:38:14] [DEBUG] PartsDefinitionModel::getAllPartsList() start... Project ID: PRJ-D45FEF
[2026-07-07 13:38:14] [DEBUG] PartsDefinitionModel::getTableStructure() start... Project ID: PRJ-D45FEF
[2026-07-07 13:38:14] [DEBUG] Screen::updateAreaE() [iframe起動版] path: \Develop\Views\AreaE\PartsDefinition\RegistParts.view start...
[2026-07-07 13:38:14] [DEBUG] Screen::getContents() start...
[2026-07-07 13:38:14] [DEBUG] Screen::getContents() finish.
[2026-07-07 13:38:14] [DEBUG] Screen::updateAreaE() finish.
[2026-07-07 13:38:14] [DEBUG] PartsDefinitionController::editPartsAction() end.
[2026-07-07 13:38:14] [DEBUG] Screen::areaView() start...
[2026-07-07 13:38:14] [DEBUG] Screen::areaView() finish.
[2026-07-07 13:38:18] [DEBUG] --- wwProject System Start ---
[2026-07-07 13:38:18] [DEBUG] Router::Router() /jemini/wwProjectV1.36/Develop/Console/ServerBridgeAction/
[2026-07-07 13:38:18] [DEBUG] Attempting to load: \Develop\Controllers\ConsoleController::ServerBridgeAction
[2026-07-07 13:38:18] [DEBUG] Router: Executing \Develop\Controllers\ConsoleController->ServerBridgeAction
[2026-07-07 13:38:18] [DEBUG] ConsoleController::ServerBridge() start...
[2026-07-07 13:38:18] [DEBUG] ConsoleController::ServerBridge() \Develop\Controllers\PartsDefinitionController::editPartsAction()
[2026-07-07 13:38:18] [DEBUG] PartsDefinitionController::editPartsAction() start...
[2026-07-07 13:38:18] [DEBUG] PartsDefinitionModel::getAllPartsList() start... Project ID: PRJ-D45FEF
[2026-07-07 13:38:18] [DEBUG] PartsDefinitionModel::getColumnsByTableId() start... Input: developers
[2026-07-07 13:38:18] [DEBUG] 逆引き成功: 物理名 developers -> table_id : 6
[2026-07-07 13:38:18] [DEBUG] PartsDefinitionModel::getColumnsByTableId() finish. 件数: 9
[2026-07-07 13:38:18] [DEBUG] PartsDefinitionModel::getTableStructure() start... Project ID: PRJ-D45FEF
[2026-07-07 13:38:18] [DEBUG] Screen::updateAreaE() [iframe起動版] path: \Develop\Views\AreaE\PartsDefinition\RegistParts.view start...
[2026-07-07 13:38:18] [DEBUG] Screen::getContents() start...
[2026-07-07 13:38:18] [DEBUG] Screen::getContents() finish.
[2026-07-07 13:38:18] [DEBUG] Screen::updateAreaE() finish.
[2026-07-07 13:38:18] [DEBUG] PartsDefinitionController::editPartsAction() end.
[2026-07-07 13:38:18] [DEBUG] Screen::areaView() start...
[2026-07-07 13:38:18] [DEBUG] Screen::areaView() finish.
[2026-07-07 13:38:20] [DEBUG] --- wwProject System Start ---
[2026-07-07 13:38:20] [DEBUG] Router::Router() /jemini/wwProjectV1.36/Develop/Console/ServerBridgeAction/
[2026-07-07 13:38:20] [DEBUG] Attempting to load: \Develop\Controllers\ConsoleController::ServerBridgeAction
[2026-07-07 13:38:20] [DEBUG] Router: Executing \Develop\Controllers\ConsoleController->ServerBridgeAction
[2026-07-07 13:38:20] [DEBUG] ConsoleController::ServerBridge() start...
[2026-07-07 13:38:20] [DEBUG] ConsoleController::ServerBridge() \Develop\Controllers\PartsDefinitionController::editPartsAction()
[2026-07-07 13:38:20] [DEBUG] PartsDefinitionController::editPartsAction() start...
[2026-07-07 13:38:20] [DEBUG] PartsDefinitionModel::getAllPartsList() start... Project ID: PRJ-D45FEF
[2026-07-07 13:38:20] [DEBUG] PartsDefinitionModel::getColumnsByTableId() start... Input: developers
[2026-07-07 13:38:20] [DEBUG] 逆引き成功: 物理名 developers -> table_id : 6
[2026-07-07 13:38:20] [DEBUG] PartsDefinitionModel::getColumnsByTableId() finish. 件数: 9
[2026-07-07 13:38:20] [DEBUG] PartsDefinitionModel::getTableStructure() start... Project ID: PRJ-D45FEF
[2026-07-07 13:38:20] [DEBUG] Screen::updateAreaE() [iframe起動版] path: \Develop\Views\AreaE\PartsDefinition\RegistParts.view start...
[2026-07-07 13:38:20] [DEBUG] Screen::getContents() start...
[2026-07-07 13:38:20] [DEBUG] Screen::getContents() finish.
[2026-07-07 13:38:20] [DEBUG] Screen::updateAreaE() finish.
[2026-07-07 13:38:20] [DEBUG] PartsDefinitionController::editPartsAction() end.
[2026-07-07 13:38:20] [DEBUG] Screen::areaView() start...
[2026-07-07 13:38:20] [DEBUG] Screen::areaView() finish.
[2026-07-07 13:38:21] [DEBUG] --- wwProject System Start ---
[2026-07-07 13:38:21] [DEBUG] Router::Router() /jemini/wwProjectV1.36/Develop/Console/ServerBridgeAction/
[2026-07-07 13:38:21] [DEBUG] Attempting to load: \Develop\Controllers\ConsoleController::ServerBridgeAction
[2026-07-07 13:38:21] [DEBUG] Router: Executing \Develop\Controllers\ConsoleController->ServerBridgeAction
[2026-07-07 13:38:21] [DEBUG] ConsoleController::ServerBridge() start...
[2026-07-07 13:38:21] [DEBUG] ConsoleController::ServerBridge() \Develop\Controllers\PartsDefinitionController::editPartsAction()
[2026-07-07 13:38:21] [DEBUG] PartsDefinitionController::editPartsAction() start...
[2026-07-07 13:38:21] [DEBUG] PartsDefinitionModel::getAllPartsList() start... Project ID: PRJ-D45FEF
[2026-07-07 13:38:21] [DEBUG] PartsDefinitionModel::getColumnsByTableId() start... Input: developers
[2026-07-07 13:38:21] [DEBUG] 逆引き成功: 物理名 developers -> table_id : 6
[2026-07-07 13:38:21] [DEBUG] PartsDefinitionModel::getColumnsByTableId() finish. 件数: 9
[2026-07-07 13:38:21] [DEBUG] PartsDefinitionModel::getTableStructure() start... Project ID: PRJ-D45FEF
[2026-07-07 13:38:21] [DEBUG] Screen::updateAreaE() [iframe起動版] path: \Develop\Views\AreaE\PartsDefinition\RegistParts.view start...
[2026-07-07 13:38:21] [DEBUG] Screen::getContents() start...
[2026-07-07 13:38:21] [DEBUG] Screen::getContents() finish.
[2026-07-07 13:38:21] [DEBUG] Screen::updateAreaE() finish.
[2026-07-07 13:38:21] [DEBUG] PartsDefinitionController::editPartsAction() end.
[2026-07-07 13:38:21] [DEBUG] Screen::areaView() start...
[2026-07-07 13:38:21] [DEBUG] Screen::areaView() finish.
[2026-07-07 13:38:22] [DEBUG] --- wwProject System Start ---
[2026-07-07 13:38:22] [DEBUG] Router::Router() /jemini/wwProjectV1.36/Develop/Console/ServerBridgeAction/
[2026-07-07 13:38:22] [DEBUG] Attempting to load: \Develop\Controllers\ConsoleController::ServerBridgeAction
[2026-07-07 13:38:22] [DEBUG] Router: Executing \Develop\Controllers\ConsoleController->ServerBridgeAction
[2026-07-07 13:38:22] [DEBUG] ConsoleController::ServerBridge() start...
[2026-07-07 13:38:22] [DEBUG] ConsoleController::ServerBridge() \Develop\Controllers\PartsDefinitionController::editPartsAction()
[2026-07-07 13:38:22] [DEBUG] PartsDefinitionController::editPartsAction() start...
[2026-07-07 13:38:22] [DEBUG] PartsDefinitionModel::getAllPartsList() start... Project ID: PRJ-D45FEF
[2026-07-07 13:38:22] [DEBUG] PartsDefinitionModel::getColumnsByTableId() start... Input: developers
[2026-07-07 13:38:22] [DEBUG] 逆引き成功: 物理名 developers -> table_id : 6
[2026-07-07 13:38:22] [DEBUG] PartsDefinitionModel::getColumnsByTableId() finish. 件数: 9
[2026-07-07 13:38:22] [DEBUG] PartsDefinitionModel::getTableStructure() start... Project ID: PRJ-D45FEF
[2026-07-07 13:38:22] [DEBUG] Screen::updateAreaE() [iframe起動版] path: \Develop\Views\AreaE\PartsDefinition\RegistParts.view start...
[2026-07-07 13:38:22] [DEBUG] Screen::getContents() start...
[2026-07-07 13:38:22] [DEBUG] Screen::getContents() finish.
[2026-07-07 13:38:22] [DEBUG] Screen::updateAreaE() finish.
[2026-07-07 13:38:22] [DEBUG] PartsDefinitionController::editPartsAction() end.
[2026-07-07 13:38:22] [DEBUG] Screen::areaView() start...
[2026-07-07 13:38:22] [DEBUG] Screen::areaView() finish.
[2026-07-07 13:38:23] [DEBUG] --- wwProject System Start ---
[2026-07-07 13:38:23] [DEBUG] Router::Router() /jemini/wwProjectV1.36/Develop/Console/ServerBridgeAction/
[2026-07-07 13:38:23] [DEBUG] Attempting to load: \Develop\Controllers\ConsoleController::ServerBridgeAction
[2026-07-07 13:38:23] [DEBUG] Router: Executing \Develop\Controllers\ConsoleController->ServerBridgeAction
[2026-07-07 13:38:23] [DEBUG] ConsoleController::ServerBridge() start...
[2026-07-07 13:38:23] [DEBUG] ConsoleController::ServerBridge() \Develop\Controllers\PartsDefinitionController::editPartsAction()
[2026-07-07 13:38:23] [DEBUG] PartsDefinitionController::editPartsAction() start...
[2026-07-07 13:38:23] [DEBUG] PartsDefinitionModel::getAllPartsList() start... Project ID: PRJ-D45FEF
[2026-07-07 13:38:23] [DEBUG] PartsDefinitionModel::getColumnsByTableId() start... Input: developers
[2026-07-07 13:38:23] [DEBUG] 逆引き成功: 物理名 developers -> table_id : 6
[2026-07-07 13:38:23] [DEBUG] PartsDefinitionModel::getColumnsByTableId() finish. 件数: 9
[2026-07-07 13:38:23] [DEBUG] PartsDefinitionModel::getTableStructure() start... Project ID: PRJ-D45FEF
[2026-07-07 13:38:23] [DEBUG] Screen::updateAreaE() [iframe起動版] path: \Develop\Views\AreaE\PartsDefinition\RegistParts.view start...
[2026-07-07 13:38:23] [DEBUG] Screen::getContents() start...
[2026-07-07 13:38:23] [DEBUG] Screen::getContents() finish.
[2026-07-07 13:38:23] [DEBUG] Screen::updateAreaE() finish.
[2026-07-07 13:38:23] [DEBUG] PartsDefinitionController::editPartsAction() end.
[2026-07-07 13:38:23] [DEBUG] Screen::areaView() start...
[2026-07-07 13:38:23] [DEBUG] Screen::areaView() finish.
[2026-07-07 13:38:57] [DEBUG] --- wwProject System Start ---
[2026-07-07 13:38:57] [DEBUG] Router::Router() /jemini/wwProjectV1.36/develop/
[2026-07-07 13:38:57] [DEBUG] Attempting to load: \Develop\Controllers\LoginController::initialAction
[2026-07-07 13:38:57] [DEBUG] Router: Executing \Develop\Controllers\LoginController->initialAction
[2026-07-07 13:38:57] [DEBUG] Login::initialAction() start...
[2026-07-07 13:38:57] [DEBUG] Login::initialAction() errorMessage : 
[2026-07-07 13:38:57] [DEBUG] Screen::view() path: \Develop\Views\Login\Login.view start...
[2026-07-07 13:38:57] [DEBUG] Screen::getContents() start...
[2026-07-07 13:38:57] [DEBUG] Screen::getContents() finish.
[2026-07-07 13:38:57] [DEBUG] Screen::view() path: \Develop\Views\Login\Login.view finish.
[2026-07-07 13:38:57] [DEBUG] Login::initialAction() finish.
[2026-07-07 13:39:02] [DEBUG] --- wwProject System Start ---
[2026-07-07 13:39:02] [DEBUG] Router::Router() /jemini/wwProjectV1.36/Develop/Login/authentication/
[2026-07-07 13:39:02] [DEBUG] Attempting to load: \Develop\Controllers\LoginController::authenticationAction
[2026-07-07 13:39:02] [DEBUG] Router: Executing \Develop\Controllers\LoginController->authenticationAction
[2026-07-07 13:39:02] [DEBUG] Login::AuthenticationAction() start...
[2026-07-07 13:39:02] [DEBUG] Login OK - x
[2026-07-07 13:39:02] [DEBUG] Session::start()
[2026-07-07 13:39:02] [DEBUG] Redirect to Console::initialAction()
[2026-07-07 13:39:02] [DEBUG] --- wwProject System Start ---
[2026-07-07 13:39:02] [DEBUG] Router::Router() /jemini/wwProjectV1.36/Develop/Console/initial/
[2026-07-07 13:39:02] [DEBUG] Attempting to load: \Develop\Controllers\ConsoleController::initialAction
[2026-07-07 13:39:02] [DEBUG] Router: Executing \Develop\Controllers\ConsoleController->initialAction
[2026-07-07 13:39:02] [DEBUG] Console::initialAction() start...
[2026-07-07 13:39:02] [DEBUG] Screen::view() path: \Develop\Views\Console\Console.view start...
[2026-07-07 13:39:02] [DEBUG] Screen::getContents() start...
[2026-07-07 13:39:02] [DEBUG] Screen::getContents() finish.
[2026-07-07 13:39:02] [DEBUG] Screen::view() path: \Develop\Views\Console\Console.view finish.
[2026-07-07 13:39:02] [DEBUG] ConsoleController::initialAction() finish.
[2026-07-07 13:39:02] [DEBUG] --- wwProject System Start ---
[2026-07-07 13:39:02] [DEBUG] Router::Router() /jemini/wwProjectV1.36/Develop/Console/ServerBridgeAction/
[2026-07-07 13:39:02] [DEBUG] Attempting to load: \Develop\Controllers\ConsoleController::ServerBridgeAction
[2026-07-07 13:39:02] [DEBUG] Router: Executing \Develop\Controllers\ConsoleController->ServerBridgeAction
[2026-07-07 13:39:02] [DEBUG] ConsoleController::ServerBridge() start...
[2026-07-07 13:39:02] [DEBUG] ConsoleController::ServerBridge() \Develop\Controllers\ConsoleController::areaInitialAction()
[2026-07-07 13:39:02] [DEBUG] ConsoleController::AreaInitialAction() start...
[2026-07-07 13:39:02] [DEBUG] Screen::updateAreaA() path: \Develop\Views\AreaA\Area_A.view start...
[2026-07-07 13:39:02] [DEBUG] Screen::areaView() sending JSON: ["areas"]
[2026-07-07 13:39:02] [DEBUG] Screen::getContents() start...
[2026-07-07 13:39:02] [DEBUG] Screen::getContents() finish.
[2026-07-07 13:39:02] [DEBUG] Screen::updateAreaA() finish.
[2026-07-07 13:39:02] [DEBUG] Screen::updateAreaB() path: \Develop\Views\AreaB\Area_B.view start...
[2026-07-07 13:39:02] [DEBUG] Screen::getContents() start...
[2026-07-07 13:39:02] [DEBUG] Screen::getContents() finish.
[2026-07-07 13:39:02] [DEBUG] Screen::updateAreaB() finish.
[2026-07-07 13:39:02] [DEBUG] Screen::updateAreaD() path: \Develop\Views\AreaD\Area_D_clear.view start...
[2026-07-07 13:39:02] [DEBUG] Screen::getContents() start...
[2026-07-07 13:39:02] [DEBUG] Screen::getContents() finish.
[2026-07-07 13:39:02] [DEBUG] Screen::updateAreaD() finish.
[2026-07-07 13:39:02] [DEBUG] Screen::updateAreaE() [iframe起動版] path: \Develop\Views\AreaE\Area_E_clear.view start...
[2026-07-07 13:39:02] [DEBUG] Screen::getContents() start...
[2026-07-07 13:39:02] [DEBUG] Screen::getContents() finish.
[2026-07-07 13:39:02] [DEBUG] Screen::updateAreaE() finish.
[2026-07-07 13:39:02] [DEBUG] Screen::updateAreaF() path: \Develop\Views\AreaF\Area_F.view start...
[2026-07-07 13:39:02] [DEBUG] Screen::getContents() start...
[2026-07-07 13:39:02] [DEBUG] Screen::getContents() finish.
[2026-07-07 13:39:02] [DEBUG] Screen::updateAreaF() finish.
[2026-07-07 13:39:02] [DEBUG] ProjectController::startProjectNabi() start...
[2026-07-07 13:39:02] [DEBUG] ProjectController::getProjectListHtml() start...
[2026-07-07 13:39:02] [DEBUG] ProjectModel::getProjectList() start...
[2026-07-07 13:39:02] [DEBUG] ProjectModel::getProjectList() finish.
[2026-07-07 13:39:02] [DEBUG] CodeMasterModel：：getCodesByGroup() start...
[2026-07-07 13:39:02] [DEBUG] CodeMasterModel：：getCodesByGroup() finish.
[2026-07-07 13:39:02] [DEBUG] ProjectController::getNaviFooterHtml() start...
[2026-07-07 13:39:02] [DEBUG] ProjectController::getNaviFooterHtml() finish.
[2026-07-07 13:39:02] [DEBUG] ProjectController::startProjectNabi() finish.
[2026-07-07 13:39:02] [DEBUG] Screen::updateAreaC() \Develop\Views\AreaC\Area_C.view start...
[2026-07-07 13:39:02] [DEBUG] Screen::getContents() start...
[2026-07-07 13:39:02] [DEBUG] Screen::getContents() finish.
[2026-07-07 13:39:02] [DEBUG] Screen::updateAreaC() finish.
[2026-07-07 13:39:02] [DEBUG] ConsoleController::AreaInitialAction() finish.
[2026-07-07 13:39:02] [DEBUG] Screen::areaView() start...
[2026-07-07 13:39:02] [DEBUG] Screen::areaView() finish.
[2026-07-07 13:39:04] [DEBUG] --- wwProject System Start ---
[2026-07-07 13:39:04] [DEBUG] Router::Router() /jemini/wwProjectV1.36/Develop/Console/ServerBridgeAction/
[2026-07-07 13:39:04] [DEBUG] Attempting to load: \Develop\Controllers\ConsoleController::ServerBridgeAction
[2026-07-07 13:39:04] [DEBUG] Router: Executing \Develop\Controllers\ConsoleController->ServerBridgeAction
[2026-07-07 13:39:04] [DEBUG] ConsoleController::ServerBridge() start...
[2026-07-07 13:39:04] [DEBUG] ConsoleController::ServerBridge() \Develop\Controllers\ProjectController::projectSelectAction()
[2026-07-07 13:39:04] [DEBUG] ProjectController::projectSelectAction() start...
[2026-07-07 13:39:04] [DEBUG] ProjectController::projectSelectAction() ☆★☆　SampleProject１
[2026-07-07 13:39:04] [DEBUG] Screen::updateAreaB() path: \Develop\Views\AreaB\Area_B.view start...
[2026-07-07 13:39:04] [DEBUG] Screen::getContents() start...
[2026-07-07 13:39:04] [DEBUG] Screen::getContents() finish.
[2026-07-07 13:39:04] [DEBUG] Screen::updateAreaB() finish.
[2026-07-07 13:39:04] [DEBUG] ProjectController::projectSelectAction() PRJ-D45FEF : PRJ-D45FEF
[2026-07-07 13:39:04] [DEBUG] ProjectController::getProjectListHtml() start...
[2026-07-07 13:39:04] [DEBUG] ProjectModel::getProjectList() start...
[2026-07-07 13:39:04] [DEBUG] ProjectModel::getProjectList() finish.
[2026-07-07 13:39:04] [DEBUG] CodeMasterModel：：getCodesByGroup() start...
[2026-07-07 13:39:04] [DEBUG] CodeMasterModel：：getCodesByGroup() finish.
[2026-07-07 13:39:04] [DEBUG] ProjectController::getNaviFooterHtml() start...
[2026-07-07 13:39:04] [DEBUG] ProjectController::getNaviFooterHtml() finish.
[2026-07-07 13:39:04] [DEBUG] Screen::updateAreaC() \Develop\Views\AreaC\Area_C.view start...
[2026-07-07 13:39:04] [DEBUG] Screen::getContents() start...
[2026-07-07 13:39:04] [DEBUG] Screen::getContents() finish.
[2026-07-07 13:39:04] [DEBUG] Screen::updateAreaC() finish.
[2026-07-07 13:39:04] [DEBUG] Screen::updateAreaD() path: \Develop\Views\AreaD\Area_D_clear.view start...
[2026-07-07 13:39:04] [DEBUG] Screen::getContents() start...
[2026-07-07 13:39:04] [DEBUG] Screen::getContents() finish.
[2026-07-07 13:39:04] [DEBUG] Screen::updateAreaD() finish.
[2026-07-07 13:39:04] [DEBUG] Screen::updateAreaE() [iframe起動版] path: \Develop\Views\AreaE\Area_E_clear.view start...
[2026-07-07 13:39:04] [DEBUG] Screen::getContents() start...
[2026-07-07 13:39:04] [DEBUG] Screen::getContents() finish.
[2026-07-07 13:39:04] [DEBUG] Screen::updateAreaE() finish.
[2026-07-07 13:39:04] [DEBUG] ProjectController::projectSelectAction() finish.
[2026-07-07 13:39:04] [DEBUG] Screen::areaView() start...
[2026-07-07 13:39:04] [DEBUG] Screen::areaView() finish.
[2026-07-07 13:39:05] [DEBUG] --- wwProject System Start ---
[2026-07-07 13:39:05] [DEBUG] Router::Router() /jemini/wwProjectV1.36/Develop/Console/ServerBridgeAction/
[2026-07-07 13:39:05] [DEBUG] Attempting to load: \Develop\Controllers\ConsoleController::ServerBridgeAction
[2026-07-07 13:39:05] [DEBUG] Router: Executing \Develop\Controllers\ConsoleController->ServerBridgeAction
[2026-07-07 13:39:05] [DEBUG] ConsoleController::ServerBridge() start...
[2026-07-07 13:39:05] [DEBUG] ConsoleController::ServerBridge() \Develop\Controllers\PartsDefinitionController::InitialAction()
[2026-07-07 13:39:05] [DEBUG] DBDefinitionController::initialAction() start...
[2026-07-07 13:39:05] [DEBUG] PartsDefinitionController::initialAction() projectId : PRJ-D45FEF
[2026-07-07 13:39:05] [DEBUG] PartsDefinitionModel::getAllPartsList() start... Project ID: PRJ-D45FEF
[2026-07-07 13:39:05] [DEBUG] Screen::updateAreaD() path: \Develop\Views\AreaD\PartsDefinition\PartsDefinitionList.view start...
[2026-07-07 13:39:05] [DEBUG] Screen::getContents() start...
[2026-07-07 13:39:05] [DEBUG] Screen::getContents() finish.
[2026-07-07 13:39:05] [DEBUG] Screen::updateAreaD() finish.
[2026-07-07 13:39:05] [DEBUG] Screen::updateAreaE() [iframe起動版] path: \Develop\Views\AreaE\Area_E_clear.view start...
[2026-07-07 13:39:05] [DEBUG] Screen::getContents() start...
[2026-07-07 13:39:05] [DEBUG] Screen::getContents() finish.
[2026-07-07 13:39:05] [DEBUG] Screen::updateAreaE() finish.
[2026-07-07 13:39:05] [DEBUG] DBDefinitionController::initialAction() end.
[2026-07-07 13:39:05] [DEBUG] Screen::areaView() start...
[2026-07-07 13:39:05] [DEBUG] Screen::areaView() finish.
[2026-07-07 13:39:06] [DEBUG] --- wwProject System Start ---
[2026-07-07 13:39:06] [DEBUG] Router::Router() /jemini/wwProjectV1.36/Develop/Console/ServerBridgeAction/
[2026-07-07 13:39:06] [DEBUG] Attempting to load: \Develop\Controllers\ConsoleController::ServerBridgeAction
[2026-07-07 13:39:06] [DEBUG] Router: Executing \Develop\Controllers\ConsoleController->ServerBridgeAction
[2026-07-07 13:39:06] [DEBUG] ConsoleController::ServerBridge() start...
[2026-07-07 13:39:06] [DEBUG] ConsoleController::ServerBridge() \Develop\Controllers\PartsDefinitionController::editPartsAction()
[2026-07-07 13:39:06] [DEBUG] PartsDefinitionController::editPartsAction() start...
[2026-07-07 13:39:06] [DEBUG] PartsDefinitionModel::getAllPartsList() start... Project ID: PRJ-D45FEF
[2026-07-07 13:39:06] [DEBUG] PartsDefinitionModel::getColumnsByTableId() start... Input: developers
[2026-07-07 13:39:06] [DEBUG] 逆引き成功: 物理名 developers -> table_id : 6
[2026-07-07 13:39:06] [DEBUG] PartsDefinitionModel::getColumnsByTableId() finish. 件数: 9
[2026-07-07 13:39:06] [DEBUG] PartsDefinitionModel::getTableStructure() start... Project ID: PRJ-D45FEF
[2026-07-07 13:39:06] [DEBUG] Screen::updateAreaE() [iframe起動版] path: \Develop\Views\AreaE\PartsDefinition\RegistParts.view start...
[2026-07-07 13:39:06] [DEBUG] Screen::getContents() start...
[2026-07-07 13:39:06] [DEBUG] Screen::getContents() finish.
[2026-07-07 13:39:06] [DEBUG] Screen::updateAreaE() finish.
[2026-07-07 13:39:06] [DEBUG] PartsDefinitionController::editPartsAction() end.
[2026-07-07 13:39:06] [DEBUG] Screen::areaView() start...
[2026-07-07 13:39:06] [DEBUG] Screen::areaView() finish.
[2026-07-07 14:34:36] [DEBUG] --- wwProject System Start ---
[2026-07-07 14:34:36] [DEBUG] Router::Router() /jemini/wwProjectV1.36/Develop/Console/ServerBridgeAction/
[2026-07-07 14:34:36] [DEBUG] Attempting to load: \Develop\Controllers\ConsoleController::ServerBridgeAction
[2026-07-07 14:34:36] [DEBUG] Router: Executing \Develop\Controllers\ConsoleController->ServerBridgeAction
[2026-07-07 14:34:36] [DEBUG] ConsoleController::ServerBridge() start...
[2026-07-07 14:34:36] [DEBUG] ConsoleController::ServerBridge() \Develop\Controllers\PartsDefinitionController::InitialAction()
[2026-07-07 14:34:36] [DEBUG] DBDefinitionController::initialAction() start...
[2026-07-07 14:34:36] [DEBUG] PartsDefinitionController::initialAction() projectId : PRJ-D45FEF
[2026-07-07 14:34:36] [DEBUG] PartsDefinitionModel::getAllPartsList() start... Project ID: PRJ-D45FEF
[2026-07-07 14:34:36] [DEBUG] Screen::updateAreaD() path: \Develop\Views\AreaD\PartsDefinition\PartsDefinitionList.view start...
[2026-07-07 14:34:36] [DEBUG] Screen::getContents() start...
[2026-07-07 14:34:36] [DEBUG] Screen::getContents() finish.
[2026-07-07 14:34:36] [DEBUG] Screen::updateAreaD() finish.
[2026-07-07 14:34:36] [DEBUG] Screen::updateAreaE() [iframe起動版] path: \Develop\Views\AreaE\Area_E_clear.view start...
[2026-07-07 14:34:36] [DEBUG] Screen::getContents() start...
[2026-07-07 14:34:36] [DEBUG] Screen::getContents() finish.
[2026-07-07 14:34:36] [DEBUG] Screen::updateAreaE() finish.
[2026-07-07 14:34:36] [DEBUG] DBDefinitionController::initialAction() end.
[2026-07-07 14:34:36] [DEBUG] Screen::areaView() start...
[2026-07-07 14:34:36] [DEBUG] Screen::areaView() finish.
[2026-07-07 14:34:55] [DEBUG] --- wwProject System Start ---
[2026-07-07 14:34:55] [DEBUG] Router::Router() /jemini/wwProjectV1.36/Develop/Console/ServerBridgeAction/
[2026-07-07 14:34:55] [DEBUG] Attempting to load: \Develop\Controllers\ConsoleController::ServerBridgeAction
[2026-07-07 14:34:55] [DEBUG] Router: Executing \Develop\Controllers\ConsoleController->ServerBridgeAction
[2026-07-07 14:34:55] [DEBUG] ConsoleController::ServerBridge() start...
[2026-07-07 14:34:55] [DEBUG] ConsoleController::ServerBridge() \Develop\Controllers\PartsDefinitionController::editPartsAction()
[2026-07-07 14:34:55] [DEBUG] PartsDefinitionController::editPartsAction() start...
[2026-07-07 14:34:55] [DEBUG] PartsDefinitionModel::getAllPartsList() start... Project ID: PRJ-D45FEF
[2026-07-07 14:34:55] [DEBUG] PartsDefinitionModel::getColumnsByTableId() start... Input: developers
[2026-07-07 14:34:55] [DEBUG] 逆引き成功: 物理名 developers -> table_id : 6
[2026-07-07 14:34:55] [DEBUG] PartsDefinitionModel::getColumnsByTableId() finish. 件数: 9
[2026-07-07 14:34:55] [DEBUG] PartsDefinitionModel::getTableStructure() start... Project ID: PRJ-D45FEF
[2026-07-07 14:34:55] [DEBUG] Screen::updateAreaE() [iframe起動版] path: \Develop\Views\AreaE\PartsDefinition\RegistParts.view start...
[2026-07-07 14:34:55] [DEBUG] Screen::getContents() start...
[2026-07-07 14:34:55] [DEBUG] Screen::getContents() finish.
[2026-07-07 14:34:55] [DEBUG] Screen::updateAreaE() finish.
[2026-07-07 14:34:55] [DEBUG] PartsDefinitionController::editPartsAction() end.
[2026-07-07 14:34:55] [DEBUG] Screen::areaView() start...
[2026-07-07 14:34:55] [DEBUG] Screen::areaView() finish.
[2026-07-07 14:36:28] [DEBUG] --- wwProject System Start ---
[2026-07-07 14:36:28] [DEBUG] Router::Router() /jemini/wwProjectV1.36/Develop/Console/initial/
[2026-07-07 14:36:28] [DEBUG] Attempting to load: \Develop\Controllers\ConsoleController::initialAction
[2026-07-07 14:36:28] [DEBUG] Router: Executing \Develop\Controllers\ConsoleController->initialAction
[2026-07-07 14:36:28] [DEBUG] Console::initialAction() start...
[2026-07-07 14:36:28] [DEBUG] Screen::view() path: \Develop\Views\Console\Console.view start...
[2026-07-07 14:36:28] [DEBUG] Screen::getContents() start...
[2026-07-07 14:36:28] [DEBUG] Screen::getContents() finish.
[2026-07-07 14:36:28] [DEBUG] Screen::view() path: \Develop\Views\Console\Console.view finish.
[2026-07-07 14:36:28] [DEBUG] ConsoleController::initialAction() finish.
[2026-07-07 14:36:28] [DEBUG] --- wwProject System Start ---
[2026-07-07 14:36:28] [DEBUG] Router::Router() /jemini/wwProjectV1.36/Develop/Console/ServerBridgeAction/
[2026-07-07 14:36:28] [DEBUG] Attempting to load: \Develop\Controllers\ConsoleController::ServerBridgeAction
[2026-07-07 14:36:28] [DEBUG] Router: Executing \Develop\Controllers\ConsoleController->ServerBridgeAction
[2026-07-07 14:36:28] [DEBUG] ConsoleController::ServerBridge() start...
[2026-07-07 14:36:28] [DEBUG] ConsoleController::ServerBridge() \Develop\Controllers\ConsoleController::areaInitialAction()
[2026-07-07 14:36:28] [DEBUG] ConsoleController::AreaInitialAction() start...
[2026-07-07 14:36:28] [DEBUG] Screen::updateAreaA() path: \Develop\Views\AreaA\Area_A.view start...
[2026-07-07 14:36:28] [DEBUG] Screen::areaView() sending JSON: ["areas"]
[2026-07-07 14:36:28] [DEBUG] Screen::getContents() start...
[2026-07-07 14:36:28] [DEBUG] Screen::getContents() finish.
[2026-07-07 14:36:28] [DEBUG] Screen::updateAreaA() finish.
[2026-07-07 14:36:28] [DEBUG] Screen::updateAreaB() path: \Develop\Views\AreaB\Area_B.view start...
[2026-07-07 14:36:28] [DEBUG] Screen::getContents() start...
[2026-07-07 14:36:28] [DEBUG] Screen::getContents() finish.
[2026-07-07 14:36:28] [DEBUG] Screen::updateAreaB() finish.
[2026-07-07 14:36:28] [DEBUG] Screen::updateAreaD() path: \Develop\Views\AreaD\Area_D_clear.view start...
[2026-07-07 14:36:28] [DEBUG] Screen::getContents() start...
[2026-07-07 14:36:28] [DEBUG] Screen::getContents() finish.
[2026-07-07 14:36:28] [DEBUG] Screen::updateAreaD() finish.
[2026-07-07 14:36:28] [DEBUG] Screen::updateAreaE() [iframe起動版] path: \Develop\Views\AreaE\Area_E_clear.view start...
[2026-07-07 14:36:28] [DEBUG] Screen::getContents() start...
[2026-07-07 14:36:28] [DEBUG] Screen::getContents() finish.
[2026-07-07 14:36:28] [DEBUG] Screen::updateAreaE() finish.
[2026-07-07 14:36:28] [DEBUG] Screen::updateAreaF() path: \Develop\Views\AreaF\Area_F.view start...
[2026-07-07 14:36:28] [DEBUG] Screen::getContents() start...
[2026-07-07 14:36:28] [DEBUG] Screen::getContents() finish.
[2026-07-07 14:36:28] [DEBUG] Screen::updateAreaF() finish.
[2026-07-07 14:36:28] [DEBUG] ProjectController::startProjectNabi() start...
[2026-07-07 14:36:28] [DEBUG] ProjectController::getProjectListHtml() start...
[2026-07-07 14:36:28] [DEBUG] ProjectModel::getProjectList() start...
[2026-07-07 14:36:28] [DEBUG] ProjectModel::getProjectList() finish.
[2026-07-07 14:36:28] [DEBUG] CodeMasterModel：：getCodesByGroup() start...
[2026-07-07 14:36:28] [DEBUG] CodeMasterModel：：getCodesByGroup() finish.
[2026-07-07 14:36:28] [DEBUG] ProjectController::getNaviFooterHtml() start...
[2026-07-07 14:36:28] [DEBUG] ProjectController::getNaviFooterHtml() finish.
[2026-07-07 14:36:28] [DEBUG] ProjectController::startProjectNabi() finish.
[2026-07-07 14:36:28] [DEBUG] Screen::updateAreaC() \Develop\Views\AreaC\Area_C.view start...
[2026-07-07 14:36:28] [DEBUG] Screen::getContents() start...
[2026-07-07 14:36:28] [DEBUG] Screen::getContents() finish.
[2026-07-07 14:36:28] [DEBUG] Screen::updateAreaC() finish.
[2026-07-07 14:36:28] [DEBUG] ConsoleController::AreaInitialAction() finish.
[2026-07-07 14:36:28] [DEBUG] Screen::areaView() start...
[2026-07-07 14:36:28] [DEBUG] Screen::areaView() finish.
[2026-07-07 14:36:30] [DEBUG] --- wwProject System Start ---
[2026-07-07 14:36:30] [DEBUG] Router::Router() /jemini/wwProjectV1.36/Develop/Console/ServerBridgeAction/
[2026-07-07 14:36:30] [DEBUG] Attempting to load: \Develop\Controllers\ConsoleController::ServerBridgeAction
[2026-07-07 14:36:30] [DEBUG] Router: Executing \Develop\Controllers\ConsoleController->ServerBridgeAction
[2026-07-07 14:36:30] [DEBUG] ConsoleController::ServerBridge() start...
[2026-07-07 14:36:30] [DEBUG] ConsoleController::ServerBridge() \Develop\Controllers\PartsDefinitionController::InitialAction()
[2026-07-07 14:36:30] [DEBUG] DBDefinitionController::initialAction() start...
[2026-07-07 14:36:30] [DEBUG] PartsDefinitionController::initialAction() projectId : PRJ-D45FEF
[2026-07-07 14:36:30] [DEBUG] PartsDefinitionModel::getAllPartsList() start... Project ID: PRJ-D45FEF
[2026-07-07 14:36:30] [DEBUG] Screen::updateAreaD() path: \Develop\Views\AreaD\PartsDefinition\PartsDefinitionList.view start...
[2026-07-07 14:36:30] [DEBUG] Screen::getContents() start...
[2026-07-07 14:36:30] [DEBUG] Screen::getContents() finish.
[2026-07-07 14:36:30] [DEBUG] Screen::updateAreaD() finish.
[2026-07-07 14:36:30] [DEBUG] Screen::updateAreaE() [iframe起動版] path: \Develop\Views\AreaE\Area_E_clear.view start...
[2026-07-07 14:36:30] [DEBUG] Screen::getContents() start...
[2026-07-07 14:36:30] [DEBUG] Screen::getContents() finish.
[2026-07-07 14:36:30] [DEBUG] Screen::updateAreaE() finish.
[2026-07-07 14:36:30] [DEBUG] DBDefinitionController::initialAction() end.
[2026-07-07 14:36:30] [DEBUG] Screen::areaView() start...
[2026-07-07 14:36:30] [DEBUG] Screen::areaView() finish.
[2026-07-07 14:36:32] [DEBUG] --- wwProject System Start ---
[2026-07-07 14:36:32] [DEBUG] Router::Router() /jemini/wwProjectV1.36/Develop/Console/ServerBridgeAction/
[2026-07-07 14:36:32] [DEBUG] Attempting to load: \Develop\Controllers\ConsoleController::ServerBridgeAction
[2026-07-07 14:36:32] [DEBUG] Router: Executing \Develop\Controllers\ConsoleController->ServerBridgeAction
[2026-07-07 14:36:32] [DEBUG] ConsoleController::ServerBridge() start...
[2026-07-07 14:36:32] [DEBUG] ConsoleController::ServerBridge() \Develop\Controllers\PartsDefinitionController::editPartsAction()
[2026-07-07 14:36:32] [DEBUG] PartsDefinitionController::editPartsAction() start...
[2026-07-07 14:36:32] [DEBUG] PartsDefinitionModel::getAllPartsList() start... Project ID: PRJ-D45FEF
[2026-07-07 14:36:32] [DEBUG] PartsDefinitionModel::getColumnsByTableId() start... Input: developers
[2026-07-07 14:36:32] [DEBUG] 逆引き成功: 物理名 developers -> table_id : 6
[2026-07-07 14:36:32] [DEBUG] PartsDefinitionModel::getColumnsByTableId() finish. 件数: 9
[2026-07-07 14:36:32] [DEBUG] PartsDefinitionModel::getTableStructure() start... Project ID: PRJ-D45FEF
[2026-07-07 14:36:32] [DEBUG] Screen::updateAreaE() [iframe起動版] path: \Develop\Views\AreaE\PartsDefinition\RegistParts.view start...
[2026-07-07 14:36:32] [DEBUG] Screen::getContents() start...
[2026-07-07 14:36:32] [DEBUG] Screen::getContents() finish.
[2026-07-07 14:36:32] [DEBUG] Screen::updateAreaE() finish.
[2026-07-07 14:36:32] [DEBUG] PartsDefinitionController::editPartsAction() end.
[2026-07-07 14:36:32] [DEBUG] Screen::areaView() start...
[2026-07-07 14:36:32] [DEBUG] Screen::areaView() finish.
[2026-07-07 14:36:34] [DEBUG] --- wwProject System Start ---
[2026-07-07 14:36:34] [DEBUG] Router::Router() /jemini/wwProjectV1.36/Develop/Console/ServerBridgeAction/
[2026-07-07 14:36:34] [DEBUG] Attempting to load: \Develop\Controllers\ConsoleController::ServerBridgeAction
[2026-07-07 14:36:34] [DEBUG] Router: Executing \Develop\Controllers\ConsoleController->ServerBridgeAction
[2026-07-07 14:36:34] [DEBUG] ConsoleController::ServerBridge() start...
[2026-07-07 14:36:34] [DEBUG] ConsoleController::ServerBridge() \Develop\Controllers\PartsDefinitionController::editPartsAction()
[2026-07-07 14:36:34] [DEBUG] PartsDefinitionController::editPartsAction() start...
[2026-07-07 14:36:34] [DEBUG] PartsDefinitionModel::getAllPartsList() start... Project ID: PRJ-D45FEF
[2026-07-07 14:36:34] [DEBUG] PartsDefinitionModel::getTableStructure() start... Project ID: PRJ-D45FEF
[2026-07-07 14:36:34] [DEBUG] Screen::updateAreaE() [iframe起動版] path: \Develop\Views\AreaE\PartsDefinition\RegistParts.view start...
[2026-07-07 14:36:34] [DEBUG] Screen::getContents() start...
[2026-07-07 14:36:34] [DEBUG] Screen::getContents() finish.
[2026-07-07 14:36:34] [DEBUG] Screen::updateAreaE() finish.
[2026-07-07 14:36:34] [DEBUG] PartsDefinitionController::editPartsAction() end.
[2026-07-07 14:36:34] [DEBUG] Screen::areaView() start...
[2026-07-07 14:36:34] [DEBUG] Screen::areaView() finish.
[2026-07-07 14:36:35] [DEBUG] --- wwProject System Start ---
[2026-07-07 14:36:35] [DEBUG] Router::Router() /jemini/wwProjectV1.36/Develop/Console/ServerBridgeAction/
[2026-07-07 14:36:35] [DEBUG] Attempting to load: \Develop\Controllers\ConsoleController::ServerBridgeAction
[2026-07-07 14:36:35] [DEBUG] Router: Executing \Develop\Controllers\ConsoleController->ServerBridgeAction
[2026-07-07 14:36:35] [DEBUG] ConsoleController::ServerBridge() start...
[2026-07-07 14:36:35] [DEBUG] ConsoleController::ServerBridge() \Develop\Controllers\PartsDefinitionController::editPartsAction()
[2026-07-07 14:36:35] [DEBUG] PartsDefinitionController::editPartsAction() start...
[2026-07-07 14:36:35] [DEBUG] PartsDefinitionModel::getAllPartsList() start... Project ID: PRJ-D45FEF
[2026-07-07 14:36:35] [DEBUG] PartsDefinitionModel::getColumnsByTableId() start... Input: developers
[2026-07-07 14:36:35] [DEBUG] 逆引き成功: 物理名 developers -> table_id : 6
[2026-07-07 14:36:35] [DEBUG] PartsDefinitionModel::getColumnsByTableId() finish. 件数: 9
[2026-07-07 14:36:35] [DEBUG] PartsDefinitionModel::getTableStructure() start... Project ID: PRJ-D45FEF
[2026-07-07 14:36:35] [DEBUG] Screen::updateAreaE() [iframe起動版] path: \Develop\Views\AreaE\PartsDefinition\RegistParts.view start...
[2026-07-07 14:36:35] [DEBUG] Screen::getContents() start...
[2026-07-07 14:36:35] [DEBUG] Screen::getContents() finish.
[2026-07-07 14:36:35] [DEBUG] Screen::updateAreaE() finish.
[2026-07-07 14:36:35] [DEBUG] PartsDefinitionController::editPartsAction() end.
[2026-07-07 14:36:35] [DEBUG] Screen::areaView() start...
[2026-07-07 14:36:35] [DEBUG] Screen::areaView() finish.
[2026-07-07 14:36:36] [DEBUG] --- wwProject System Start ---
[2026-07-07 14:36:36] [DEBUG] Router::Router() /jemini/wwProjectV1.36/Develop/Console/ServerBridgeAction/
[2026-07-07 14:36:36] [DEBUG] Attempting to load: \Develop\Controllers\ConsoleController::ServerBridgeAction
[2026-07-07 14:36:36] [DEBUG] Router: Executing \Develop\Controllers\ConsoleController->ServerBridgeAction
[2026-07-07 14:36:36] [DEBUG] ConsoleController::ServerBridge() start...
[2026-07-07 14:36:36] [DEBUG] ConsoleController::ServerBridge() \Develop\Controllers\PartsDefinitionController::editPartsAction()
[2026-07-07 14:36:36] [DEBUG] PartsDefinitionController::editPartsAction() start...
[2026-07-07 14:36:36] [DEBUG] PartsDefinitionModel::getAllPartsList() start... Project ID: PRJ-D45FEF
[2026-07-07 14:36:36] [DEBUG] PartsDefinitionModel::getTableStructure() start... Project ID: PRJ-D45FEF
[2026-07-07 14:36:36] [DEBUG] Screen::updateAreaE() [iframe起動版] path: \Develop\Views\AreaE\PartsDefinition\RegistParts.view start...
[2026-07-07 14:36:36] [DEBUG] Screen::getContents() start...
[2026-07-07 14:36:36] [DEBUG] Screen::getContents() finish.
[2026-07-07 14:36:36] [DEBUG] Screen::updateAreaE() finish.
[2026-07-07 14:36:36] [DEBUG] PartsDefinitionController::editPartsAction() end.
[2026-07-07 14:36:36] [DEBUG] Screen::areaView() start...
[2026-07-07 14:36:36] [DEBUG] Screen::areaView() finish.
[2026-07-07 14:36:37] [DEBUG] --- wwProject System Start ---
[2026-07-07 14:36:37] [DEBUG] Router::Router() /jemini/wwProjectV1.36/Develop/Console/ServerBridgeAction/
[2026-07-07 14:36:37] [DEBUG] Attempting to load: \Develop\Controllers\ConsoleController::ServerBridgeAction
[2026-07-07 14:36:37] [DEBUG] Router: Executing \Develop\Controllers\ConsoleController->ServerBridgeAction
[2026-07-07 14:36:37] [DEBUG] ConsoleController::ServerBridge() start...
[2026-07-07 14:36:37] [DEBUG] ConsoleController::ServerBridge() \Develop\Controllers\PartsDefinitionController::editPartsAction()
[2026-07-07 14:36:37] [DEBUG] PartsDefinitionController::editPartsAction() start...
[2026-07-07 14:36:37] [DEBUG] PartsDefinitionModel::getAllPartsList() start... Project ID: PRJ-D45FEF
[2026-07-07 14:36:37] [DEBUG] PartsDefinitionModel::getTableStructure() start... Project ID: PRJ-D45FEF
[2026-07-07 14:36:37] [DEBUG] Screen::updateAreaE() [iframe起動版] path: \Develop\Views\AreaE\PartsDefinition\RegistParts.view start...
[2026-07-07 14:36:37] [DEBUG] Screen::getContents() start...
[2026-07-07 14:36:37] [DEBUG] Screen::getContents() finish.
[2026-07-07 14:36:37] [DEBUG] Screen::updateAreaE() finish.
[2026-07-07 14:36:37] [DEBUG] PartsDefinitionController::editPartsAction() end.
[2026-07-07 14:36:37] [DEBUG] Screen::areaView() start...
[2026-07-07 14:36:37] [DEBUG] Screen::areaView() finish.
[2026-07-07 14:36:38] [DEBUG] --- wwProject System Start ---
[2026-07-07 14:36:38] [DEBUG] Router::Router() /jemini/wwProjectV1.36/Develop/Console/ServerBridgeAction/
[2026-07-07 14:36:38] [DEBUG] Attempting to load: \Develop\Controllers\ConsoleController::ServerBridgeAction
[2026-07-07 14:36:38] [DEBUG] Router: Executing \Develop\Controllers\ConsoleController->ServerBridgeAction
[2026-07-07 14:36:38] [DEBUG] ConsoleController::ServerBridge() start...
[2026-07-07 14:36:38] [DEBUG] ConsoleController::ServerBridge() \Develop\Controllers\PartsDefinitionController::editPartsAction()
[2026-07-07 14:36:38] [DEBUG] PartsDefinitionController::editPartsAction() start...
[2026-07-07 14:36:38] [DEBUG] PartsDefinitionModel::getAllPartsList() start... Project ID: PRJ-D45FEF
[2026-07-07 14:36:38] [DEBUG] PartsDefinitionModel::getColumnsByTableId() start... Input: developers
[2026-07-07 14:36:38] [DEBUG] 逆引き成功: 物理名 developers -> table_id : 6
[2026-07-07 14:36:38] [DEBUG] PartsDefinitionModel::getColumnsByTableId() finish. 件数: 9
[2026-07-07 14:36:38] [DEBUG] PartsDefinitionModel::getTableStructure() start... Project ID: PRJ-D45FEF
[2026-07-07 14:36:38] [DEBUG] Screen::updateAreaE() [iframe起動版] path: \Develop\Views\AreaE\PartsDefinition\RegistParts.view start...
[2026-07-07 14:36:38] [DEBUG] Screen::getContents() start...
[2026-07-07 14:36:38] [DEBUG] Screen::getContents() finish.
[2026-07-07 14:36:38] [DEBUG] Screen::updateAreaE() finish.
[2026-07-07 14:36:38] [DEBUG] PartsDefinitionController::editPartsAction() end.
[2026-07-07 14:36:38] [DEBUG] Screen::areaView() start...
[2026-07-07 14:36:38] [DEBUG] Screen::areaView() finish.
[2026-07-07 14:54:06] [DEBUG] --- wwProject System Start ---
[2026-07-07 14:54:06] [DEBUG] Router::Router() /jemini/wwProjectV1.36/Develop/Console/ServerBridgeAction/
[2026-07-07 14:54:06] [DEBUG] Attempting to load: \Develop\Controllers\ConsoleController::ServerBridgeAction
[2026-07-07 14:54:06] [DEBUG] Router: Executing \Develop\Controllers\ConsoleController->ServerBridgeAction
[2026-07-07 14:54:06] [DEBUG] ConsoleController::ServerBridge() start...
[2026-07-07 14:54:06] [DEBUG] ConsoleController::ServerBridge() \Develop\Controllers\PartsDefinitionController::editPartsAction()
[2026-07-07 14:54:06] [DEBUG] PartsDefinitionController::editPartsAction() start...
[2026-07-07 14:54:06] [DEBUG] PartsDefinitionModel::getAllPartsList() start... Project ID: PRJ-D45FEF
[2026-07-07 14:54:06] [DEBUG] PartsDefinitionModel::getColumnsByTableId() start... Input: developers
[2026-07-07 14:54:06] [DEBUG] 逆引き成功: 物理名 developers -> table_id : 6
[2026-07-07 14:54:06] [DEBUG] PartsDefinitionModel::getColumnsByTableId() finish. 件数: 9
[2026-07-07 14:54:06] [DEBUG] PartsDefinitionModel::getTableStructure() start... Project ID: PRJ-D45FEF
[2026-07-07 14:54:06] [DEBUG] Screen::updateAreaE() [iframe起動版] path: \Develop\Views\AreaE\PartsDefinition\RegistParts.view start...
[2026-07-07 14:54:06] [DEBUG] Screen::getContents() start...
[2026-07-07 14:54:07] [DEBUG] Screen::getContents() finish.
[2026-07-07 14:54:07] [DEBUG] Screen::updateAreaE() finish.
[2026-07-07 14:54:07] [DEBUG] PartsDefinitionController::editPartsAction() end.
[2026-07-07 14:54:07] [DEBUG] Screen::areaView() start...
[2026-07-07 14:54:07] [DEBUG] Screen::areaView() finish.
[2026-07-07 14:54:15] [DEBUG] --- wwProject System Start ---
[2026-07-07 14:54:15] [DEBUG] Router::Router() /jemini/wwProjectV1.36/Develop/Console/ServerBridgeAction/
[2026-07-07 14:54:15] [DEBUG] Attempting to load: \Develop\Controllers\ConsoleController::ServerBridgeAction
[2026-07-07 14:54:15] [DEBUG] Router: Executing \Develop\Controllers\ConsoleController->ServerBridgeAction
[2026-07-07 14:54:15] [DEBUG] ConsoleController::ServerBridge() start...
[2026-07-07 14:54:15] [DEBUG] ConsoleController::ServerBridge() \Develop\Controllers\PartsDefinitionController::editPartsAction()
[2026-07-07 14:54:15] [DEBUG] PartsDefinitionController::editPartsAction() start...
[2026-07-07 14:54:15] [DEBUG] PartsDefinitionModel::getAllPartsList() start... Project ID: PRJ-D45FEF
[2026-07-07 14:54:15] [DEBUG] PartsDefinitionModel::getTableStructure() start... Project ID: PRJ-D45FEF
[2026-07-07 14:54:15] [DEBUG] Screen::updateAreaE() [iframe起動版] path: \Develop\Views\AreaE\PartsDefinition\RegistParts.view start...
[2026-07-07 14:54:15] [DEBUG] Screen::getContents() start...
[2026-07-07 14:54:15] [DEBUG] Screen::getContents() finish.
[2026-07-07 14:54:15] [DEBUG] Screen::updateAreaE() finish.
[2026-07-07 14:54:15] [DEBUG] PartsDefinitionController::editPartsAction() end.
[2026-07-07 14:54:15] [DEBUG] Screen::areaView() start...
[2026-07-07 14:54:15] [DEBUG] Screen::areaView() finish.
[2026-07-07 14:54:22] [DEBUG] --- wwProject System Start ---
[2026-07-07 14:54:22] [DEBUG] Router::Router() /jemini/wwProjectV1.36/Develop/Console/ServerBridgeAction/
[2026-07-07 14:54:22] [DEBUG] Attempting to load: \Develop\Controllers\ConsoleController::ServerBridgeAction
[2026-07-07 14:54:22] [DEBUG] Router: Executing \Develop\Controllers\ConsoleController->ServerBridgeAction
[2026-07-07 14:54:22] [DEBUG] ConsoleController::ServerBridge() start...
[2026-07-07 14:54:22] [DEBUG] ConsoleController::ServerBridge() \Develop\Controllers\PartsDefinitionController::editPartsAction()
[2026-07-07 14:54:22] [DEBUG] PartsDefinitionController::editPartsAction() start...
[2026-07-07 14:54:22] [DEBUG] PartsDefinitionModel::getAllPartsList() start... Project ID: PRJ-D45FEF
[2026-07-07 14:54:22] [DEBUG] PartsDefinitionModel::getTableStructure() start... Project ID: PRJ-D45FEF
[2026-07-07 14:54:22] [DEBUG] Screen::updateAreaE() [iframe起動版] path: \Develop\Views\AreaE\PartsDefinition\RegistParts.view start...
[2026-07-07 14:54:22] [DEBUG] Screen::getContents() start...
[2026-07-07 14:54:22] [DEBUG] Screen::getContents() finish.
[2026-07-07 14:54:22] [DEBUG] Screen::updateAreaE() finish.
[2026-07-07 14:54:22] [DEBUG] PartsDefinitionController::editPartsAction() end.
[2026-07-07 14:54:22] [DEBUG] Screen::areaView() start...
[2026-07-07 14:54:22] [DEBUG] Screen::areaView() finish.
[2026-07-07 14:55:37] [DEBUG] --- wwProject System Start ---
[2026-07-07 14:55:37] [DEBUG] Router::Router() /jemini/wwProjectV1.36/develop/
[2026-07-07 14:55:37] [DEBUG] Attempting to load: \Develop\Controllers\LoginController::initialAction
[2026-07-07 14:55:37] [DEBUG] Router: Executing \Develop\Controllers\LoginController->initialAction
[2026-07-07 14:55:37] [DEBUG] Login::initialAction() start...
[2026-07-07 14:55:37] [DEBUG] Login::initialAction() errorMessage : 
[2026-07-07 14:55:37] [DEBUG] Screen::view() path: \Develop\Views\Login\Login.view start...
[2026-07-07 14:55:37] [DEBUG] Screen::getContents() start...
[2026-07-07 14:55:37] [DEBUG] Screen::getContents() finish.
[2026-07-07 14:55:37] [DEBUG] Screen::view() path: \Develop\Views\Login\Login.view finish.
[2026-07-07 14:55:37] [DEBUG] Login::initialAction() finish.
[2026-07-07 14:55:46] [DEBUG] --- wwProject System Start ---
[2026-07-07 14:55:46] [DEBUG] Router::Router() /jemini/wwProjectV1.36/Develop/Login/authentication/
[2026-07-07 14:55:46] [DEBUG] Attempting to load: \Develop\Controllers\LoginController::authenticationAction
[2026-07-07 14:55:46] [DEBUG] Router: Executing \Develop\Controllers\LoginController->authenticationAction
[2026-07-07 14:55:46] [DEBUG] Login::AuthenticationAction() start...
[2026-07-07 14:55:46] [DEBUG] Login OK - x
[2026-07-07 14:55:46] [DEBUG] Session::start()
[2026-07-07 14:55:46] [DEBUG] Redirect to Console::initialAction()
[2026-07-07 14:55:46] [DEBUG] --- wwProject System Start ---
[2026-07-07 14:55:46] [DEBUG] Router::Router() /jemini/wwProjectV1.36/Develop/Console/initial/
[2026-07-07 14:55:46] [DEBUG] Attempting to load: \Develop\Controllers\ConsoleController::initialAction
[2026-07-07 14:55:46] [DEBUG] Router: Executing \Develop\Controllers\ConsoleController->initialAction
[2026-07-07 14:55:46] [DEBUG] Console::initialAction() start...
[2026-07-07 14:55:46] [DEBUG] Screen::view() path: \Develop\Views\Console\Console.view start...
[2026-07-07 14:55:46] [DEBUG] Screen::getContents() start...
[2026-07-07 14:55:46] [DEBUG] Screen::getContents() finish.
[2026-07-07 14:55:46] [DEBUG] Screen::view() path: \Develop\Views\Console\Console.view finish.
[2026-07-07 14:55:46] [DEBUG] ConsoleController::initialAction() finish.
[2026-07-07 14:55:46] [DEBUG] --- wwProject System Start ---
[2026-07-07 14:55:46] [DEBUG] Router::Router() /jemini/wwProjectV1.36/Develop/Console/ServerBridgeAction/
[2026-07-07 14:55:46] [DEBUG] Attempting to load: \Develop\Controllers\ConsoleController::ServerBridgeAction
[2026-07-07 14:55:46] [DEBUG] Router: Executing \Develop\Controllers\ConsoleController->ServerBridgeAction
[2026-07-07 14:55:46] [DEBUG] ConsoleController::ServerBridge() start...
[2026-07-07 14:55:46] [DEBUG] ConsoleController::ServerBridge() \Develop\Controllers\ConsoleController::areaInitialAction()
[2026-07-07 14:55:46] [DEBUG] ConsoleController::AreaInitialAction() start...
[2026-07-07 14:55:46] [DEBUG] Screen::updateAreaA() path: \Develop\Views\AreaA\Area_A.view start...
[2026-07-07 14:55:46] [DEBUG] Screen::areaView() sending JSON: ["areas"]
[2026-07-07 14:55:46] [DEBUG] Screen::getContents() start...
[2026-07-07 14:55:46] [DEBUG] Screen::getContents() finish.
[2026-07-07 14:55:46] [DEBUG] Screen::updateAreaA() finish.
[2026-07-07 14:55:46] [DEBUG] Screen::updateAreaB() path: \Develop\Views\AreaB\Area_B.view start...
[2026-07-07 14:55:46] [DEBUG] Screen::getContents() start...
[2026-07-07 14:55:46] [DEBUG] Screen::getContents() finish.
[2026-07-07 14:55:46] [DEBUG] Screen::updateAreaB() finish.
[2026-07-07 14:55:46] [DEBUG] Screen::updateAreaD() path: \Develop\Views\AreaD\Area_D_clear.view start...
[2026-07-07 14:55:46] [DEBUG] Screen::getContents() start...
[2026-07-07 14:55:46] [DEBUG] Screen::getContents() finish.
[2026-07-07 14:55:46] [DEBUG] Screen::updateAreaD() finish.
[2026-07-07 14:55:46] [DEBUG] Screen::updateAreaE() [iframe起動版] path: \Develop\Views\AreaE\Area_E_clear.view start...
[2026-07-07 14:55:46] [DEBUG] Screen::getContents() start...
[2026-07-07 14:55:46] [DEBUG] Screen::getContents() finish.
[2026-07-07 14:55:46] [DEBUG] Screen::updateAreaE() finish.
[2026-07-07 14:55:46] [DEBUG] Screen::updateAreaF() path: \Develop\Views\AreaF\Area_F.view start...
[2026-07-07 14:55:46] [DEBUG] Screen::getContents() start...
[2026-07-07 14:55:46] [DEBUG] Screen::getContents() finish.
[2026-07-07 14:55:46] [DEBUG] Screen::updateAreaF() finish.
[2026-07-07 14:55:46] [DEBUG] ProjectController::startProjectNabi() start...
[2026-07-07 14:55:46] [DEBUG] ProjectController::getProjectListHtml() start...
[2026-07-07 14:55:46] [DEBUG] ProjectModel::getProjectList() start...
[2026-07-07 14:55:46] [DEBUG] ProjectModel::getProjectList() finish.
[2026-07-07 14:55:46] [DEBUG] CodeMasterModel：：getCodesByGroup() start...
[2026-07-07 14:55:46] [DEBUG] CodeMasterModel：：getCodesByGroup() finish.
[2026-07-07 14:55:46] [DEBUG] ProjectController::getNaviFooterHtml() start...
[2026-07-07 14:55:46] [DEBUG] ProjectController::getNaviFooterHtml() finish.
[2026-07-07 14:55:46] [DEBUG] ProjectController::startProjectNabi() finish.
[2026-07-07 14:55:46] [DEBUG] Screen::updateAreaC() \Develop\Views\AreaC\Area_C.view start...
[2026-07-07 14:55:46] [DEBUG] Screen::getContents() start...
[2026-07-07 14:55:46] [DEBUG] Screen::getContents() finish.
[2026-07-07 14:55:46] [DEBUG] Screen::updateAreaC() finish.
[2026-07-07 14:55:46] [DEBUG] ConsoleController::AreaInitialAction() finish.
[2026-07-07 14:55:46] [DEBUG] Screen::areaView() start...
[2026-07-07 14:55:46] [DEBUG] Screen::areaView() finish.
[2026-07-07 14:55:47] [DEBUG] --- wwProject System Start ---
[2026-07-07 14:55:47] [DEBUG] Router::Router() /jemini/wwProjectV1.36/Develop/Console/ServerBridgeAction/
[2026-07-07 14:55:47] [DEBUG] Attempting to load: \Develop\Controllers\ConsoleController::ServerBridgeAction
[2026-07-07 14:55:47] [DEBUG] Router: Executing \Develop\Controllers\ConsoleController->ServerBridgeAction
[2026-07-07 14:55:47] [DEBUG] ConsoleController::ServerBridge() start...
[2026-07-07 14:55:47] [DEBUG] ConsoleController::ServerBridge() \Develop\Controllers\ProjectController::projectSelectAction()
[2026-07-07 14:55:47] [DEBUG] ProjectController::projectSelectAction() start...
[2026-07-07 14:55:47] [DEBUG] ProjectController::projectSelectAction() ☆★☆　SampleProject１
[2026-07-07 14:55:47] [DEBUG] Screen::updateAreaB() path: \Develop\Views\AreaB\Area_B.view start...
[2026-07-07 14:55:47] [DEBUG] Screen::getContents() start...
[2026-07-07 14:55:47] [DEBUG] Screen::getContents() finish.
[2026-07-07 14:55:47] [DEBUG] Screen::updateAreaB() finish.
[2026-07-07 14:55:47] [DEBUG] ProjectController::projectSelectAction() PRJ-D45FEF : PRJ-D45FEF
[2026-07-07 14:55:47] [DEBUG] ProjectController::getProjectListHtml() start...
[2026-07-07 14:55:47] [DEBUG] ProjectModel::getProjectList() start...
[2026-07-07 14:55:47] [DEBUG] ProjectModel::getProjectList() finish.
[2026-07-07 14:55:47] [DEBUG] CodeMasterModel：：getCodesByGroup() start...
[2026-07-07 14:55:47] [DEBUG] CodeMasterModel：：getCodesByGroup() finish.
[2026-07-07 14:55:47] [DEBUG] ProjectController::getNaviFooterHtml() start...
[2026-07-07 14:55:47] [DEBUG] ProjectController::getNaviFooterHtml() finish.
[2026-07-07 14:55:47] [DEBUG] Screen::updateAreaC() \Develop\Views\AreaC\Area_C.view start...
[2026-07-07 14:55:47] [DEBUG] Screen::getContents() start...
[2026-07-07 14:55:47] [DEBUG] Screen::getContents() finish.
[2026-07-07 14:55:47] [DEBUG] Screen::updateAreaC() finish.
[2026-07-07 14:55:47] [DEBUG] Screen::updateAreaD() path: \Develop\Views\AreaD\Area_D_clear.view start...
[2026-07-07 14:55:47] [DEBUG] Screen::getContents() start...
[2026-07-07 14:55:47] [DEBUG] Screen::getContents() finish.
[2026-07-07 14:55:47] [DEBUG] Screen::updateAreaD() finish.
[2026-07-07 14:55:47] [DEBUG] Screen::updateAreaE() [iframe起動版] path: \Develop\Views\AreaE\Area_E_clear.view start...
[2026-07-07 14:55:47] [DEBUG] Screen::getContents() start...
[2026-07-07 14:55:47] [DEBUG] Screen::getContents() finish.
[2026-07-07 14:55:47] [DEBUG] Screen::updateAreaE() finish.
[2026-07-07 14:55:47] [DEBUG] ProjectController::projectSelectAction() finish.
[2026-07-07 14:55:47] [DEBUG] Screen::areaView() start...
[2026-07-07 14:55:47] [DEBUG] Screen::areaView() finish.
[2026-07-07 14:55:48] [DEBUG] --- wwProject System Start ---
[2026-07-07 14:55:48] [DEBUG] Router::Router() /jemini/wwProjectV1.36/Develop/Console/ServerBridgeAction/
[2026-07-07 14:55:48] [DEBUG] Attempting to load: \Develop\Controllers\ConsoleController::ServerBridgeAction
[2026-07-07 14:55:48] [DEBUG] Router: Executing \Develop\Controllers\ConsoleController->ServerBridgeAction
[2026-07-07 14:55:48] [DEBUG] ConsoleController::ServerBridge() start...
[2026-07-07 14:55:48] [DEBUG] ConsoleController::ServerBridge() \Develop\Controllers\PartsDefinitionController::InitialAction()
[2026-07-07 14:55:48] [DEBUG] DBDefinitionController::initialAction() start...
[2026-07-07 14:55:48] [DEBUG] PartsDefinitionController::initialAction() projectId : PRJ-D45FEF
[2026-07-07 14:55:48] [DEBUG] PartsDefinitionModel::getAllPartsList() start... Project ID: PRJ-D45FEF
[2026-07-07 14:55:48] [DEBUG] Screen::updateAreaD() path: \Develop\Views\AreaD\PartsDefinition\PartsDefinitionList.view start...
[2026-07-07 14:55:48] [DEBUG] Screen::getContents() start...
[2026-07-07 14:55:48] [DEBUG] Screen::getContents() finish.
[2026-07-07 14:55:48] [DEBUG] Screen::updateAreaD() finish.
[2026-07-07 14:55:48] [DEBUG] Screen::updateAreaE() [iframe起動版] path: \Develop\Views\AreaE\Area_E_clear.view start...
[2026-07-07 14:55:48] [DEBUG] Screen::getContents() start...
[2026-07-07 14:55:48] [DEBUG] Screen::getContents() finish.
[2026-07-07 14:55:48] [DEBUG] Screen::updateAreaE() finish.
[2026-07-07 14:55:48] [DEBUG] DBDefinitionController::initialAction() end.
[2026-07-07 14:55:48] [DEBUG] Screen::areaView() start...
[2026-07-07 14:55:48] [DEBUG] Screen::areaView() finish.
[2026-07-07 14:55:49] [DEBUG] --- wwProject System Start ---
[2026-07-07 14:55:49] [DEBUG] Router::Router() /jemini/wwProjectV1.36/Develop/Console/ServerBridgeAction/
[2026-07-07 14:55:49] [DEBUG] Attempting to load: \Develop\Controllers\ConsoleController::ServerBridgeAction
[2026-07-07 14:55:49] [DEBUG] Router: Executing \Develop\Controllers\ConsoleController->ServerBridgeAction
[2026-07-07 14:55:49] [DEBUG] ConsoleController::ServerBridge() start...
[2026-07-07 14:55:49] [DEBUG] ConsoleController::ServerBridge() \Develop\Controllers\PartsDefinitionController::editPartsAction()
[2026-07-07 14:55:49] [DEBUG] PartsDefinitionController::editPartsAction() start...
[2026-07-07 14:55:49] [DEBUG] PartsDefinitionModel::getAllPartsList() start... Project ID: PRJ-D45FEF
[2026-07-07 14:55:49] [DEBUG] PartsDefinitionModel::getColumnsByTableId() start... Input: developers
[2026-07-07 14:55:49] [DEBUG] 逆引き成功: 物理名 developers -> table_id : 6
[2026-07-07 14:55:49] [DEBUG] PartsDefinitionModel::getColumnsByTableId() finish. 件数: 9
[2026-07-07 14:55:49] [DEBUG] PartsDefinitionModel::getTableStructure() start... Project ID: PRJ-D45FEF
[2026-07-07 14:55:49] [DEBUG] Screen::updateAreaE() [iframe起動版] path: \Develop\Views\AreaE\PartsDefinition\RegistParts.view start...
[2026-07-07 14:55:49] [DEBUG] Screen::getContents() start...
[2026-07-07 14:55:50] [DEBUG] Screen::getContents() finish.
[2026-07-07 14:55:50] [DEBUG] Screen::updateAreaE() finish.
[2026-07-07 14:55:50] [DEBUG] PartsDefinitionController::editPartsAction() end.
[2026-07-07 14:55:50] [DEBUG] Screen::areaView() start...
[2026-07-07 14:55:50] [DEBUG] Screen::areaView() finish.
[2026-07-07 14:55:58] [DEBUG] --- wwProject System Start ---
[2026-07-07 14:55:58] [DEBUG] Router::Router() /jemini/wwProjectV1.36/Develop/Console/ServerBridgeAction/
[2026-07-07 14:55:58] [DEBUG] Attempting to load: \Develop\Controllers\ConsoleController::ServerBridgeAction
[2026-07-07 14:55:58] [DEBUG] Router: Executing \Develop\Controllers\ConsoleController->ServerBridgeAction
[2026-07-07 14:55:58] [DEBUG] ConsoleController::ServerBridge() start...
[2026-07-07 14:55:58] [DEBUG] ConsoleController::ServerBridge() \Develop\Controllers\PartsDefinitionController::editPartsAction()
[2026-07-07 14:55:58] [DEBUG] PartsDefinitionController::editPartsAction() start...
[2026-07-07 14:55:58] [DEBUG] PartsDefinitionModel::getAllPartsList() start... Project ID: PRJ-D45FEF
[2026-07-07 14:55:58] [DEBUG] PartsDefinitionModel::getTableStructure() start... Project ID: PRJ-D45FEF
[2026-07-07 14:55:58] [DEBUG] Screen::updateAreaE() [iframe起動版] path: \Develop\Views\AreaE\PartsDefinition\RegistParts.view start...
[2026-07-07 14:55:58] [DEBUG] Screen::getContents() start...
[2026-07-07 14:55:58] [DEBUG] Screen::getContents() finish.
[2026-07-07 14:55:58] [DEBUG] Screen::updateAreaE() finish.
[2026-07-07 14:55:58] [DEBUG] PartsDefinitionController::editPartsAction() end.
[2026-07-07 14:55:58] [DEBUG] Screen::areaView() start...
[2026-07-07 14:55:58] [DEBUG] Screen::areaView() finish.
[2026-07-07 14:56:06] [DEBUG] --- wwProject System Start ---
[2026-07-07 14:56:06] [DEBUG] Router::Router() /jemini/wwProjectV1.36/Develop/Console/ServerBridgeAction/
[2026-07-07 14:56:06] [DEBUG] Attempting to load: \Develop\Controllers\ConsoleController::ServerBridgeAction
[2026-07-07 14:56:06] [DEBUG] Router: Executing \Develop\Controllers\ConsoleController->ServerBridgeAction
[2026-07-07 14:56:06] [DEBUG] ConsoleController::ServerBridge() start...
[2026-07-07 14:56:06] [DEBUG] ConsoleController::ServerBridge() \Develop\Controllers\PartsDefinitionController::editPartsAction()
[2026-07-07 14:56:06] [DEBUG] PartsDefinitionController::editPartsAction() start...
[2026-07-07 14:56:06] [DEBUG] PartsDefinitionModel::getAllPartsList() start... Project ID: PRJ-D45FEF
[2026-07-07 14:56:06] [DEBUG] PartsDefinitionModel::getTableStructure() start... Project ID: PRJ-D45FEF
[2026-07-07 14:56:06] [DEBUG] Screen::updateAreaE() [iframe起動版] path: \Develop\Views\AreaE\PartsDefinition\RegistParts.view start...
[2026-07-07 14:56:06] [DEBUG] Screen::getContents() start...
[2026-07-07 14:56:06] [DEBUG] Screen::getContents() finish.
[2026-07-07 14:56:06] [DEBUG] Screen::updateAreaE() finish.
[2026-07-07 14:56:06] [DEBUG] PartsDefinitionController::editPartsAction() end.
[2026-07-07 14:56:06] [DEBUG] Screen::areaView() start...
[2026-07-07 14:56:06] [DEBUG] Screen::areaView() finish.
[2026-07-07 14:56:29] [DEBUG] --- wwProject System Start ---
[2026-07-07 14:56:29] [DEBUG] Router::Router() /jemini/wwProjectV1.36/develop/
[2026-07-07 14:56:29] [DEBUG] Attempting to load: \Develop\Controllers\LoginController::initialAction
[2026-07-07 14:56:29] [DEBUG] Router: Executing \Develop\Controllers\LoginController->initialAction
[2026-07-07 14:56:29] [DEBUG] Login::initialAction() start...
[2026-07-07 14:56:29] [DEBUG] Login::initialAction() errorMessage : 
[2026-07-07 14:56:29] [DEBUG] Screen::view() path: \Develop\Views\Login\Login.view start...
[2026-07-07 14:56:29] [DEBUG] Screen::getContents() start...
[2026-07-07 14:56:29] [DEBUG] Screen::getContents() finish.
[2026-07-07 14:56:29] [DEBUG] Screen::view() path: \Develop\Views\Login\Login.view finish.
[2026-07-07 14:56:29] [DEBUG] Login::initialAction() finish.
[2026-07-07 14:56:45] [DEBUG] --- wwProject System Start ---
[2026-07-07 14:56:45] [DEBUG] Router::Router() /jemini/wwProjectV1.36/develop/
[2026-07-07 14:56:45] [DEBUG] Attempting to load: \Develop\Controllers\LoginController::initialAction
[2026-07-07 14:56:45] [DEBUG] Router: Executing \Develop\Controllers\LoginController->initialAction
[2026-07-07 14:56:45] [DEBUG] Login::initialAction() start...
[2026-07-07 14:56:45] [DEBUG] Login::initialAction() errorMessage : 
[2026-07-07 14:56:45] [DEBUG] Screen::view() path: \Develop\Views\Login\Login.view start...
[2026-07-07 14:56:45] [DEBUG] Screen::getContents() start...
[2026-07-07 14:56:45] [DEBUG] Screen::getContents() finish.
[2026-07-07 14:56:45] [DEBUG] Screen::view() path: \Develop\Views\Login\Login.view finish.
[2026-07-07 14:56:45] [DEBUG] Login::initialAction() finish.
[2026-07-07 14:56:50] [DEBUG] --- wwProject System Start ---
[2026-07-07 14:56:50] [DEBUG] Router::Router() /jemini/wwProjectV1.36/Develop/Login/authentication/
[2026-07-07 14:56:50] [DEBUG] Attempting to load: \Develop\Controllers\LoginController::authenticationAction
[2026-07-07 14:56:50] [DEBUG] Router: Executing \Develop\Controllers\LoginController->authenticationAction
[2026-07-07 14:56:50] [DEBUG] Login::AuthenticationAction() start...
[2026-07-07 14:56:50] [DEBUG] Login OK - x
[2026-07-07 14:56:50] [DEBUG] Session::start()
[2026-07-07 14:56:50] [DEBUG] Redirect to Console::initialAction()
[2026-07-07 14:56:50] [DEBUG] --- wwProject System Start ---
[2026-07-07 14:56:50] [DEBUG] Router::Router() /jemini/wwProjectV1.36/Develop/Console/initial/
[2026-07-07 14:56:50] [DEBUG] Attempting to load: \Develop\Controllers\ConsoleController::initialAction
[2026-07-07 14:56:50] [DEBUG] Router: Executing \Develop\Controllers\ConsoleController->initialAction
[2026-07-07 14:56:50] [DEBUG] Console::initialAction() start...
[2026-07-07 14:56:50] [DEBUG] Screen::view() path: \Develop\Views\Console\Console.view start...
[2026-07-07 14:56:50] [DEBUG] Screen::getContents() start...
[2026-07-07 14:56:50] [DEBUG] Screen::getContents() finish.
[2026-07-07 14:56:50] [DEBUG] Screen::view() path: \Develop\Views\Console\Console.view finish.
[2026-07-07 14:56:50] [DEBUG] ConsoleController::initialAction() finish.
[2026-07-07 14:56:50] [DEBUG] --- wwProject System Start ---
[2026-07-07 14:56:50] [DEBUG] Router::Router() /jemini/wwProjectV1.36/Develop/Console/ServerBridgeAction/
[2026-07-07 14:56:50] [DEBUG] Attempting to load: \Develop\Controllers\ConsoleController::ServerBridgeAction
[2026-07-07 14:56:50] [DEBUG] Router: Executing \Develop\Controllers\ConsoleController->ServerBridgeAction
[2026-07-07 14:56:50] [DEBUG] ConsoleController::ServerBridge() start...
[2026-07-07 14:56:50] [DEBUG] ConsoleController::ServerBridge() \Develop\Controllers\ConsoleController::areaInitialAction()
[2026-07-07 14:56:50] [DEBUG] ConsoleController::AreaInitialAction() start...
[2026-07-07 14:56:50] [DEBUG] Screen::updateAreaA() path: \Develop\Views\AreaA\Area_A.view start...
[2026-07-07 14:56:50] [DEBUG] Screen::areaView() sending JSON: ["areas"]
[2026-07-07 14:56:50] [DEBUG] Screen::getContents() start...
[2026-07-07 14:56:50] [DEBUG] Screen::getContents() finish.
[2026-07-07 14:56:50] [DEBUG] Screen::updateAreaA() finish.
[2026-07-07 14:56:50] [DEBUG] Screen::updateAreaB() path: \Develop\Views\AreaB\Area_B.view start...
[2026-07-07 14:56:50] [DEBUG] Screen::getContents() start...
[2026-07-07 14:56:50] [DEBUG] Screen::getContents() finish.
[2026-07-07 14:56:50] [DEBUG] Screen::updateAreaB() finish.
[2026-07-07 14:56:50] [DEBUG] Screen::updateAreaD() path: \Develop\Views\AreaD\Area_D_clear.view start...
[2026-07-07 14:56:50] [DEBUG] Screen::getContents() start...
[2026-07-07 14:56:50] [DEBUG] Screen::getContents() finish.
[2026-07-07 14:56:50] [DEBUG] Screen::updateAreaD() finish.
[2026-07-07 14:56:50] [DEBUG] Screen::updateAreaE() [iframe起動版] path: \Develop\Views\AreaE\Area_E_clear.view start...
[2026-07-07 14:56:50] [DEBUG] Screen::getContents() start...
[2026-07-07 14:56:50] [DEBUG] Screen::getContents() finish.
[2026-07-07 14:56:50] [DEBUG] Screen::updateAreaE() finish.
[2026-07-07 14:56:50] [DEBUG] Screen::updateAreaF() path: \Develop\Views\AreaF\Area_F.view start...
[2026-07-07 14:56:50] [DEBUG] Screen::getContents() start...
[2026-07-07 14:56:50] [DEBUG] Screen::getContents() finish.
[2026-07-07 14:56:50] [DEBUG] Screen::updateAreaF() finish.
[2026-07-07 14:56:50] [DEBUG] ProjectController::startProjectNabi() start...
[2026-07-07 14:56:50] [DEBUG] ProjectController::getProjectListHtml() start...
[2026-07-07 14:56:50] [DEBUG] ProjectModel::getProjectList() start...
[2026-07-07 14:56:50] [DEBUG] ProjectModel::getProjectList() finish.
[2026-07-07 14:56:50] [DEBUG] CodeMasterModel：：getCodesByGroup() start...
[2026-07-07 14:56:50] [DEBUG] CodeMasterModel：：getCodesByGroup() finish.
[2026-07-07 14:56:50] [DEBUG] ProjectController::getNaviFooterHtml() start...
[2026-07-07 14:56:50] [DEBUG] ProjectController::getNaviFooterHtml() finish.
[2026-07-07 14:56:50] [DEBUG] ProjectController::startProjectNabi() finish.
[2026-07-07 14:56:50] [DEBUG] Screen::updateAreaC() \Develop\Views\AreaC\Area_C.view start...
[2026-07-07 14:56:50] [DEBUG] Screen::getContents() start...
[2026-07-07 14:56:50] [DEBUG] Screen::getContents() finish.
[2026-07-07 14:56:50] [DEBUG] Screen::updateAreaC() finish.
[2026-07-07 14:56:50] [DEBUG] ConsoleController::AreaInitialAction() finish.
[2026-07-07 14:56:50] [DEBUG] Screen::areaView() start...
[2026-07-07 14:56:50] [DEBUG] Screen::areaView() finish.
[2026-07-07 14:56:52] [DEBUG] --- wwProject System Start ---
[2026-07-07 14:56:52] [DEBUG] Router::Router() /jemini/wwProjectV1.36/Develop/Console/ServerBridgeAction/
[2026-07-07 14:56:52] [DEBUG] Attempting to load: \Develop\Controllers\ConsoleController::ServerBridgeAction
[2026-07-07 14:56:52] [DEBUG] Router: Executing \Develop\Controllers\ConsoleController->ServerBridgeAction
[2026-07-07 14:56:52] [DEBUG] ConsoleController::ServerBridge() start...
[2026-07-07 14:56:52] [DEBUG] ConsoleController::ServerBridge() \Develop\Controllers\ProjectController::projectSelectAction()
[2026-07-07 14:56:52] [DEBUG] ProjectController::projectSelectAction() start...
[2026-07-07 14:56:52] [DEBUG] ProjectController::projectSelectAction() ☆★☆　SampleProject１
[2026-07-07 14:56:52] [DEBUG] Screen::updateAreaB() path: \Develop\Views\AreaB\Area_B.view start...
[2026-07-07 14:56:52] [DEBUG] Screen::getContents() start...
[2026-07-07 14:56:52] [DEBUG] Screen::getContents() finish.
[2026-07-07 14:56:52] [DEBUG] Screen::updateAreaB() finish.
[2026-07-07 14:56:52] [DEBUG] ProjectController::projectSelectAction() PRJ-D45FEF : PRJ-D45FEF
[2026-07-07 14:56:52] [DEBUG] ProjectController::getProjectListHtml() start...
[2026-07-07 14:56:52] [DEBUG] ProjectModel::getProjectList() start...
[2026-07-07 14:56:52] [DEBUG] ProjectModel::getProjectList() finish.
[2026-07-07 14:56:52] [DEBUG] CodeMasterModel：：getCodesByGroup() start...
[2026-07-07 14:56:52] [DEBUG] CodeMasterModel：：getCodesByGroup() finish.
[2026-07-07 14:56:52] [DEBUG] ProjectController::getNaviFooterHtml() start...
[2026-07-07 14:56:52] [DEBUG] ProjectController::getNaviFooterHtml() finish.
[2026-07-07 14:56:52] [DEBUG] Screen::updateAreaC() \Develop\Views\AreaC\Area_C.view start...
[2026-07-07 14:56:52] [DEBUG] Screen::getContents() start...
[2026-07-07 14:56:52] [DEBUG] Screen::getContents() finish.
[2026-07-07 14:56:52] [DEBUG] Screen::updateAreaC() finish.
[2026-07-07 14:56:52] [DEBUG] Screen::updateAreaD() path: \Develop\Views\AreaD\Area_D_clear.view start...
[2026-07-07 14:56:52] [DEBUG] Screen::getContents() start...
[2026-07-07 14:56:52] [DEBUG] Screen::getContents() finish.
[2026-07-07 14:56:52] [DEBUG] Screen::updateAreaD() finish.
[2026-07-07 14:56:52] [DEBUG] Screen::updateAreaE() [iframe起動版] path: \Develop\Views\AreaE\Area_E_clear.view start...
[2026-07-07 14:56:52] [DEBUG] Screen::getContents() start...
[2026-07-07 14:56:52] [DEBUG] Screen::getContents() finish.
[2026-07-07 14:56:52] [DEBUG] Screen::updateAreaE() finish.
[2026-07-07 14:56:52] [DEBUG] ProjectController::projectSelectAction() finish.
[2026-07-07 14:56:52] [DEBUG] Screen::areaView() start...
[2026-07-07 14:56:52] [DEBUG] Screen::areaView() finish.
[2026-07-07 14:56:53] [DEBUG] --- wwProject System Start ---
[2026-07-07 14:56:53] [DEBUG] Router::Router() /jemini/wwProjectV1.36/Develop/Console/ServerBridgeAction/
[2026-07-07 14:56:53] [DEBUG] Attempting to load: \Develop\Controllers\ConsoleController::ServerBridgeAction
[2026-07-07 14:56:53] [DEBUG] Router: Executing \Develop\Controllers\ConsoleController->ServerBridgeAction
[2026-07-07 14:56:53] [DEBUG] ConsoleController::ServerBridge() start...
[2026-07-07 14:56:53] [DEBUG] ConsoleController::ServerBridge() \Develop\Controllers\PartsDefinitionController::InitialAction()
[2026-07-07 14:56:53] [DEBUG] DBDefinitionController::initialAction() start...
[2026-07-07 14:56:53] [DEBUG] PartsDefinitionController::initialAction() projectId : PRJ-D45FEF
[2026-07-07 14:56:53] [DEBUG] PartsDefinitionModel::getAllPartsList() start... Project ID: PRJ-D45FEF
[2026-07-07 14:56:53] [DEBUG] Screen::updateAreaD() path: \Develop\Views\AreaD\PartsDefinition\PartsDefinitionList.view start...
[2026-07-07 14:56:53] [DEBUG] Screen::getContents() start...
[2026-07-07 14:56:53] [DEBUG] Screen::getContents() finish.
[2026-07-07 14:56:53] [DEBUG] Screen::updateAreaD() finish.
[2026-07-07 14:56:53] [DEBUG] Screen::updateAreaE() [iframe起動版] path: \Develop\Views\AreaE\Area_E_clear.view start...
[2026-07-07 14:56:53] [DEBUG] Screen::getContents() start...
[2026-07-07 14:56:53] [DEBUG] Screen::getContents() finish.
[2026-07-07 14:56:53] [DEBUG] Screen::updateAreaE() finish.
[2026-07-07 14:56:53] [DEBUG] DBDefinitionController::initialAction() end.
[2026-07-07 14:56:53] [DEBUG] Screen::areaView() start...
[2026-07-07 14:56:53] [DEBUG] Screen::areaView() finish.
[2026-07-07 14:56:54] [DEBUG] --- wwProject System Start ---
[2026-07-07 14:56:54] [DEBUG] Router::Router() /jemini/wwProjectV1.36/Develop/Console/ServerBridgeAction/
[2026-07-07 14:56:54] [DEBUG] Attempting to load: \Develop\Controllers\ConsoleController::ServerBridgeAction
[2026-07-07 14:56:54] [DEBUG] Router: Executing \Develop\Controllers\ConsoleController->ServerBridgeAction
[2026-07-07 14:56:54] [DEBUG] ConsoleController::ServerBridge() start...
[2026-07-07 14:56:54] [DEBUG] ConsoleController::ServerBridge() \Develop\Controllers\PartsDefinitionController::editPartsAction()
[2026-07-07 14:56:54] [DEBUG] PartsDefinitionController::editPartsAction() start...
[2026-07-07 14:56:54] [DEBUG] PartsDefinitionModel::getAllPartsList() start... Project ID: PRJ-D45FEF
[2026-07-07 14:56:54] [DEBUG] PartsDefinitionModel::getColumnsByTableId() start... Input: developers
[2026-07-07 14:56:54] [DEBUG] 逆引き成功: 物理名 developers -> table_id : 6
[2026-07-07 14:56:54] [DEBUG] PartsDefinitionModel::getColumnsByTableId() finish. 件数: 9
[2026-07-07 14:56:54] [DEBUG] PartsDefinitionModel::getTableStructure() start... Project ID: PRJ-D45FEF
[2026-07-07 14:56:54] [DEBUG] Screen::updateAreaE() [iframe起動版] path: \Develop\Views\AreaE\PartsDefinition\RegistParts.view start...
[2026-07-07 14:56:54] [DEBUG] Screen::getContents() start...
[2026-07-07 14:56:54] [DEBUG] Screen::getContents() finish.
[2026-07-07 14:56:54] [DEBUG] Screen::updateAreaE() finish.
[2026-07-07 14:56:54] [DEBUG] PartsDefinitionController::editPartsAction() end.
[2026-07-07 14:56:54] [DEBUG] Screen::areaView() start...
[2026-07-07 14:56:54] [DEBUG] Screen::areaView() finish.
[2026-07-07 14:57:04] [DEBUG] --- wwProject System Start ---
[2026-07-07 14:57:04] [DEBUG] Router::Router() /jemini/wwProjectV1.36/Develop/Console/ServerBridgeAction/
[2026-07-07 14:57:04] [DEBUG] Attempting to load: \Develop\Controllers\ConsoleController::ServerBridgeAction
[2026-07-07 14:57:04] [DEBUG] Router: Executing \Develop\Controllers\ConsoleController->ServerBridgeAction
[2026-07-07 14:57:04] [DEBUG] ConsoleController::ServerBridge() start...
[2026-07-07 14:57:04] [DEBUG] ConsoleController::ServerBridge() \Develop\Controllers\PartsDefinitionController::getColumnsAction()
[2026-07-07 14:57:04] [DEBUG] PartsDefinitionController::getColumnsAction() start...
[2026-07-07 14:57:04] [DEBUG] PartsDefinitionModel::getColumnsByTableId() start... Input: developers2
[2026-07-07 14:57:04] [DEBUG] 逆引き成功: 物理名 developers2 -> table_id : 8
[2026-07-07 14:57:04] [DEBUG] PartsDefinitionModel::getColumnsByTableId() finish. 件数: 8
[2026-07-07 14:57:04] [DEBUG] PartsDefinitionModel::getTableStructure() start... Project ID: PRJ-D45FEF
[2026-07-07 14:57:04] [DEBUG] Screen::updateAreaE() [iframe起動版] path: \Develop\Views\AreaE\PartsDefinition\RegistParts.view start...
[2026-07-07 14:57:04] [DEBUG] Screen::getContents() start...
[2026-07-07 14:57:04] [DEBUG] Screen::getContents() finish.
[2026-07-07 14:57:04] [DEBUG] Screen::updateAreaE() finish.
[2026-07-07 14:57:04] [DEBUG] PartsDefinitionController::getColumnsAction() end.
[2026-07-07 14:57:04] [DEBUG] Screen::areaView() start...
[2026-07-07 14:57:04] [DEBUG] Screen::areaView() finish.
[2026-07-07 14:57:14] [DEBUG] --- wwProject System Start ---
[2026-07-07 14:57:14] [DEBUG] Router::Router() /jemini/wwProjectV1.36/Develop/Console/ServerBridgeAction/
[2026-07-07 14:57:14] [DEBUG] Attempting to load: \Develop\Controllers\ConsoleController::ServerBridgeAction
[2026-07-07 14:57:14] [DEBUG] Router: Executing \Develop\Controllers\ConsoleController->ServerBridgeAction
[2026-07-07 14:57:14] [DEBUG] ConsoleController::ServerBridge() start...
[2026-07-07 14:57:14] [DEBUG] ConsoleController::ServerBridge() \Develop\Controllers\PartsDefinitionController::editPartsAction()
[2026-07-07 14:57:14] [DEBUG] PartsDefinitionController::editPartsAction() start...
[2026-07-07 14:57:14] [DEBUG] PartsDefinitionModel::getAllPartsList() start... Project ID: PRJ-D45FEF
[2026-07-07 14:57:14] [DEBUG] PartsDefinitionModel::getColumnsByTableId() start... Input: developers
[2026-07-07 14:57:14] [DEBUG] 逆引き成功: 物理名 developers -> table_id : 6
[2026-07-07 14:57:14] [DEBUG] PartsDefinitionModel::getColumnsByTableId() finish. 件数: 9
[2026-07-07 14:57:14] [DEBUG] PartsDefinitionModel::getTableStructure() start... Project ID: PRJ-D45FEF
[2026-07-07 14:57:14] [DEBUG] Screen::updateAreaE() [iframe起動版] path: \Develop\Views\AreaE\PartsDefinition\RegistParts.view start...
[2026-07-07 14:57:14] [DEBUG] Screen::getContents() start...
[2026-07-07 14:57:14] [DEBUG] Screen::getContents() finish.
[2026-07-07 14:57:14] [DEBUG] Screen::updateAreaE() finish.
[2026-07-07 14:57:14] [DEBUG] PartsDefinitionController::editPartsAction() end.
[2026-07-07 14:57:14] [DEBUG] Screen::areaView() start...
[2026-07-07 14:57:14] [DEBUG] Screen::areaView() finish.
[2026-07-07 14:57:17] [DEBUG] --- wwProject System Start ---
[2026-07-07 14:57:17] [DEBUG] Router::Router() /jemini/wwProjectV1.36/Develop/Console/ServerBridgeAction/
[2026-07-07 14:57:17] [DEBUG] Attempting to load: \Develop\Controllers\ConsoleController::ServerBridgeAction
[2026-07-07 14:57:17] [DEBUG] Router: Executing \Develop\Controllers\ConsoleController->ServerBridgeAction
[2026-07-07 14:57:17] [DEBUG] ConsoleController::ServerBridge() start...
[2026-07-07 14:57:17] [DEBUG] ConsoleController::ServerBridge() \Develop\Controllers\PartsDefinitionController::getColumnsAction()
[2026-07-07 14:57:17] [DEBUG] PartsDefinitionController::getColumnsAction() start...
[2026-07-07 14:57:17] [DEBUG] PartsDefinitionModel::getColumnsByTableId() start... Input: developers2
[2026-07-07 14:57:17] [DEBUG] 逆引き成功: 物理名 developers2 -> table_id : 8
[2026-07-07 14:57:17] [DEBUG] PartsDefinitionModel::getColumnsByTableId() finish. 件数: 8
[2026-07-07 14:57:17] [DEBUG] PartsDefinitionModel::getTableStructure() start... Project ID: PRJ-D45FEF
[2026-07-07 14:57:17] [DEBUG] Screen::updateAreaE() [iframe起動版] path: \Develop\Views\AreaE\PartsDefinition\RegistParts.view start...
[2026-07-07 14:57:17] [DEBUG] Screen::getContents() start...
[2026-07-07 14:57:17] [DEBUG] Screen::getContents() finish.
[2026-07-07 14:57:17] [DEBUG] Screen::updateAreaE() finish.
[2026-07-07 14:57:17] [DEBUG] PartsDefinitionController::getColumnsAction() end.
[2026-07-07 14:57:17] [DEBUG] Screen::areaView() start...
[2026-07-07 14:57:17] [DEBUG] Screen::areaView() finish.
[2026-07-07 14:57:25] [DEBUG] --- wwProject System Start ---
[2026-07-07 14:57:25] [DEBUG] Router::Router() /jemini/wwProjectV1.36/Develop/Console/ServerBridgeAction/
[2026-07-07 14:57:25] [DEBUG] Attempting to load: \Develop\Controllers\ConsoleController::ServerBridgeAction
[2026-07-07 14:57:25] [DEBUG] Router: Executing \Develop\Controllers\ConsoleController->ServerBridgeAction
[2026-07-07 14:57:25] [DEBUG] ConsoleController::ServerBridge() start...
[2026-07-07 14:57:25] [DEBUG] ConsoleController::ServerBridge() \Develop\Controllers\PartsDefinitionController::editPartsAction()
[2026-07-07 14:57:25] [DEBUG] PartsDefinitionController::editPartsAction() start...
[2026-07-07 14:57:25] [DEBUG] PartsDefinitionModel::getAllPartsList() start... Project ID: PRJ-D45FEF
[2026-07-07 14:57:25] [DEBUG] PartsDefinitionModel::getTableStructure() start... Project ID: PRJ-D45FEF
[2026-07-07 14:57:25] [DEBUG] Screen::updateAreaE() [iframe起動版] path: \Develop\Views\AreaE\PartsDefinition\RegistParts.view start...
[2026-07-07 14:57:25] [DEBUG] Screen::getContents() start...
[2026-07-07 14:57:25] [DEBUG] Screen::getContents() finish.
[2026-07-07 14:57:25] [DEBUG] Screen::updateAreaE() finish.
[2026-07-07 14:57:25] [DEBUG] PartsDefinitionController::editPartsAction() end.
[2026-07-07 14:57:25] [DEBUG] Screen::areaView() start...
[2026-07-07 14:57:25] [DEBUG] Screen::areaView() finish.
[2026-07-07 14:57:30] [DEBUG] --- wwProject System Start ---
[2026-07-07 14:57:30] [DEBUG] Router::Router() /jemini/wwProjectV1.36/Develop/Console/ServerBridgeAction/
[2026-07-07 14:57:30] [DEBUG] Attempting to load: \Develop\Controllers\ConsoleController::ServerBridgeAction
[2026-07-07 14:57:30] [DEBUG] Router: Executing \Develop\Controllers\ConsoleController->ServerBridgeAction
[2026-07-07 14:57:30] [DEBUG] ConsoleController::ServerBridge() start...
[2026-07-07 14:57:30] [DEBUG] ConsoleController::ServerBridge() \Develop\Controllers\PartsDefinitionController::editPartsAction()
[2026-07-07 14:57:30] [DEBUG] PartsDefinitionController::editPartsAction() start...
[2026-07-07 14:57:30] [DEBUG] PartsDefinitionModel::getAllPartsList() start... Project ID: PRJ-D45FEF
[2026-07-07 14:57:30] [DEBUG] PartsDefinitionModel::getTableStructure() start... Project ID: PRJ-D45FEF
[2026-07-07 14:57:30] [DEBUG] Screen::updateAreaE() [iframe起動版] path: \Develop\Views\AreaE\PartsDefinition\RegistParts.view start...
[2026-07-07 14:57:30] [DEBUG] Screen::getContents() start...
[2026-07-07 14:57:30] [DEBUG] Screen::getContents() finish.
[2026-07-07 14:57:30] [DEBUG] Screen::updateAreaE() finish.
[2026-07-07 14:57:30] [DEBUG] PartsDefinitionController::editPartsAction() end.
[2026-07-07 14:57:30] [DEBUG] Screen::areaView() start...
[2026-07-07 14:57:30] [DEBUG] Screen::areaView() finish.
[2026-07-07 14:57:35] [DEBUG] --- wwProject System Start ---
[2026-07-07 14:57:35] [DEBUG] Router::Router() /jemini/wwProjectV1.36/Develop/Console/ServerBridgeAction/
[2026-07-07 14:57:35] [DEBUG] Attempting to load: \Develop\Controllers\ConsoleController::ServerBridgeAction
[2026-07-07 14:57:35] [DEBUG] Router: Executing \Develop\Controllers\ConsoleController->ServerBridgeAction
[2026-07-07 14:57:35] [DEBUG] ConsoleController::ServerBridge() start...
[2026-07-07 14:57:35] [DEBUG] ConsoleController::ServerBridge() \Develop\Controllers\PartsDefinitionController::editPartsAction()
[2026-07-07 14:57:35] [DEBUG] PartsDefinitionController::editPartsAction() start...
[2026-07-07 14:57:35] [DEBUG] PartsDefinitionModel::getAllPartsList() start... Project ID: PRJ-D45FEF
[2026-07-07 14:57:35] [DEBUG] PartsDefinitionModel::getColumnsByTableId() start... Input: developers
[2026-07-07 14:57:35] [DEBUG] 逆引き成功: 物理名 developers -> table_id : 6
[2026-07-07 14:57:35] [DEBUG] PartsDefinitionModel::getColumnsByTableId() finish. 件数: 9
[2026-07-07 14:57:35] [DEBUG] PartsDefinitionModel::getTableStructure() start... Project ID: PRJ-D45FEF
[2026-07-07 14:57:35] [DEBUG] Screen::updateAreaE() [iframe起動版] path: \Develop\Views\AreaE\PartsDefinition\RegistParts.view start...
[2026-07-07 14:57:35] [DEBUG] Screen::getContents() start...
[2026-07-07 14:57:35] [DEBUG] Screen::getContents() finish.
[2026-07-07 14:57:35] [DEBUG] Screen::updateAreaE() finish.
[2026-07-07 14:57:35] [DEBUG] PartsDefinitionController::editPartsAction() end.
[2026-07-07 14:57:35] [DEBUG] Screen::areaView() start...
[2026-07-07 14:57:35] [DEBUG] Screen::areaView() finish.
[2026-07-07 14:57:59] [DEBUG] --- wwProject System Start ---
[2026-07-07 14:57:59] [DEBUG] Router::Router() /jemini/wwProjectV1.36/Develop/Console/ServerBridgeAction/
[2026-07-07 14:57:59] [DEBUG] Attempting to load: \Develop\Controllers\ConsoleController::ServerBridgeAction
[2026-07-07 14:57:59] [DEBUG] Router: Executing \Develop\Controllers\ConsoleController->ServerBridgeAction
[2026-07-07 14:57:59] [DEBUG] ConsoleController::ServerBridge() start...
[2026-07-07 14:57:59] [DEBUG] ConsoleController::ServerBridge() \Develop\Controllers\PartsDefinitionController::getColumnsAction()
[2026-07-07 14:57:59] [DEBUG] PartsDefinitionController::getColumnsAction() start...
[2026-07-07 14:57:59] [DEBUG] PartsDefinitionModel::getColumnsByTableId() start... Input: developers2
[2026-07-07 14:57:59] [DEBUG] 逆引き成功: 物理名 developers2 -> table_id : 8
[2026-07-07 14:57:59] [DEBUG] PartsDefinitionModel::getColumnsByTableId() finish. 件数: 8
[2026-07-07 14:57:59] [DEBUG] PartsDefinitionModel::getTableStructure() start... Project ID: PRJ-D45FEF
[2026-07-07 14:57:59] [DEBUG] Screen::updateAreaE() [iframe起動版] path: \Develop\Views\AreaE\PartsDefinition\RegistParts.view start...
[2026-07-07 14:57:59] [DEBUG] Screen::getContents() start...
[2026-07-07 14:57:59] [DEBUG] Screen::getContents() finish.
[2026-07-07 14:57:59] [DEBUG] Screen::updateAreaE() finish.
[2026-07-07 14:57:59] [DEBUG] PartsDefinitionController::getColumnsAction() end.
[2026-07-07 14:57:59] [DEBUG] Screen::areaView() start...
[2026-07-07 14:57:59] [DEBUG] Screen::areaView() finish.
[2026-07-07 14:58:24] [DEBUG] --- wwProject System Start ---
[2026-07-07 14:58:24] [DEBUG] Router::Router() /jemini/wwProjectV1.36/Develop/Console/ServerBridgeAction/
[2026-07-07 14:58:24] [DEBUG] Attempting to load: \Develop\Controllers\ConsoleController::ServerBridgeAction
[2026-07-07 14:58:24] [DEBUG] Router: Executing \Develop\Controllers\ConsoleController->ServerBridgeAction
[2026-07-07 14:58:24] [DEBUG] ConsoleController::ServerBridge() start...
[2026-07-07 14:58:24] [DEBUG] ConsoleController::ServerBridge() \Develop\Controllers\PartsDefinitionController::editPartsAction()
[2026-07-07 14:58:24] [DEBUG] PartsDefinitionController::editPartsAction() start...
[2026-07-07 14:58:24] [DEBUG] PartsDefinitionModel::getAllPartsList() start... Project ID: PRJ-D45FEF
[2026-07-07 14:58:24] [DEBUG] PartsDefinitionModel::getColumnsByTableId() start... Input: developers
[2026-07-07 14:58:24] [DEBUG] 逆引き成功: 物理名 developers -> table_id : 6
[2026-07-07 14:58:24] [DEBUG] PartsDefinitionModel::getColumnsByTableId() finish. 件数: 9
[2026-07-07 14:58:24] [DEBUG] PartsDefinitionModel::getTableStructure() start... Project ID: PRJ-D45FEF
[2026-07-07 14:58:24] [DEBUG] Screen::updateAreaE() [iframe起動版] path: \Develop\Views\AreaE\PartsDefinition\RegistParts.view start...
[2026-07-07 14:58:24] [DEBUG] Screen::getContents() start...
[2026-07-07 14:58:24] [DEBUG] Screen::getContents() finish.
[2026-07-07 14:58:24] [DEBUG] Screen::updateAreaE() finish.
[2026-07-07 14:58:24] [DEBUG] PartsDefinitionController::editPartsAction() end.
[2026-07-07 14:58:24] [DEBUG] Screen::areaView() start...
[2026-07-07 14:58:24] [DEBUG] Screen::areaView() finish.
[2026-07-07 14:59:16] [DEBUG] --- wwProject System Start ---
[2026-07-07 14:59:16] [DEBUG] Router::Router() /jemini/wwProjectV1.36/Develop/Console/ServerBridgeAction/
[2026-07-07 14:59:16] [DEBUG] Attempting to load: \Develop\Controllers\ConsoleController::ServerBridgeAction
[2026-07-07 14:59:16] [DEBUG] Router: Executing \Develop\Controllers\ConsoleController->ServerBridgeAction
[2026-07-07 14:59:16] [DEBUG] ConsoleController::ServerBridge() start...
[2026-07-07 14:59:16] [DEBUG] ConsoleController::ServerBridge() \Develop\Controllers\PartsDefinitionController::getColumnsAction()
[2026-07-07 14:59:16] [DEBUG] PartsDefinitionController::getColumnsAction() start...
[2026-07-07 14:59:16] [DEBUG] PartsDefinitionModel::getColumnsByTableId() start... Input: developers2
[2026-07-07 14:59:16] [DEBUG] 逆引き成功: 物理名 developers2 -> table_id : 8
[2026-07-07 14:59:16] [DEBUG] PartsDefinitionModel::getColumnsByTableId() finish. 件数: 8
[2026-07-07 14:59:16] [DEBUG] PartsDefinitionModel::getTableStructure() start... Project ID: PRJ-D45FEF
[2026-07-07 14:59:16] [DEBUG] Screen::updateAreaE() [iframe起動版] path: \Develop\Views\AreaE\PartsDefinition\RegistParts.view start...
[2026-07-07 14:59:16] [DEBUG] Screen::getContents() start...
[2026-07-07 14:59:16] [DEBUG] Screen::getContents() finish.
[2026-07-07 14:59:16] [DEBUG] Screen::updateAreaE() finish.
[2026-07-07 14:59:16] [DEBUG] PartsDefinitionController::getColumnsAction() end.
[2026-07-07 14:59:16] [DEBUG] Screen::areaView() start...
[2026-07-07 14:59:16] [DEBUG] Screen::areaView() finish.
[2026-07-07 15:02:08] [DEBUG] --- wwProject System Start ---
[2026-07-07 15:02:08] [DEBUG] Router::Router() /jemini/wwProjectV1.36/Develop/Console/initial/
[2026-07-07 15:02:08] [DEBUG] Attempting to load: \Develop\Controllers\ConsoleController::initialAction
[2026-07-07 15:02:08] [DEBUG] Router: Executing \Develop\Controllers\ConsoleController->initialAction
[2026-07-07 15:02:08] [DEBUG] Console::initialAction() start...
[2026-07-07 15:02:08] [DEBUG] Screen::view() path: \Develop\Views\Console\Console.view start...
[2026-07-07 15:02:08] [DEBUG] Screen::getContents() start...
[2026-07-07 15:02:08] [DEBUG] Screen::getContents() finish.
[2026-07-07 15:02:08] [DEBUG] Screen::view() path: \Develop\Views\Console\Console.view finish.
[2026-07-07 15:02:08] [DEBUG] ConsoleController::initialAction() finish.
[2026-07-07 15:02:08] [DEBUG] --- wwProject System Start ---
[2026-07-07 15:02:08] [DEBUG] Router::Router() /jemini/wwProjectV1.36/Develop/Console/ServerBridgeAction/
[2026-07-07 15:02:08] [DEBUG] Attempting to load: \Develop\Controllers\ConsoleController::ServerBridgeAction
[2026-07-07 15:02:08] [DEBUG] Router: Executing \Develop\Controllers\ConsoleController->ServerBridgeAction
[2026-07-07 15:02:08] [DEBUG] ConsoleController::ServerBridge() start...
[2026-07-07 15:02:08] [DEBUG] ConsoleController::ServerBridge() \Develop\Controllers\ConsoleController::areaInitialAction()
[2026-07-07 15:02:08] [DEBUG] ConsoleController::AreaInitialAction() start...
[2026-07-07 15:02:08] [DEBUG] Screen::updateAreaA() path: \Develop\Views\AreaA\Area_A.view start...
[2026-07-07 15:02:08] [DEBUG] Screen::areaView() sending JSON: ["areas"]
[2026-07-07 15:02:08] [DEBUG] Screen::getContents() start...
[2026-07-07 15:02:08] [DEBUG] Screen::getContents() finish.
[2026-07-07 15:02:08] [DEBUG] Screen::updateAreaA() finish.
[2026-07-07 15:02:08] [DEBUG] Screen::updateAreaB() path: \Develop\Views\AreaB\Area_B.view start...
[2026-07-07 15:02:08] [DEBUG] Screen::getContents() start...
[2026-07-07 15:02:08] [DEBUG] Screen::getContents() finish.
[2026-07-07 15:02:08] [DEBUG] Screen::updateAreaB() finish.
[2026-07-07 15:02:08] [DEBUG] Screen::updateAreaD() path: \Develop\Views\AreaD\Area_D_clear.view start...
[2026-07-07 15:02:08] [DEBUG] Screen::getContents() start...
[2026-07-07 15:02:08] [DEBUG] Screen::getContents() finish.
[2026-07-07 15:02:08] [DEBUG] Screen::updateAreaD() finish.
[2026-07-07 15:02:08] [DEBUG] Screen::updateAreaE() [iframe起動版] path: \Develop\Views\AreaE\Area_E_clear.view start...
[2026-07-07 15:02:08] [DEBUG] Screen::getContents() start...
[2026-07-07 15:02:08] [DEBUG] Screen::getContents() finish.
[2026-07-07 15:02:08] [DEBUG] Screen::updateAreaE() finish.
[2026-07-07 15:02:08] [DEBUG] Screen::updateAreaF() path: \Develop\Views\AreaF\Area_F.view start...
[2026-07-07 15:02:08] [DEBUG] Screen::getContents() start...
[2026-07-07 15:02:08] [DEBUG] Screen::getContents() finish.
[2026-07-07 15:02:08] [DEBUG] Screen::updateAreaF() finish.
[2026-07-07 15:02:08] [DEBUG] ProjectController::startProjectNabi() start...
[2026-07-07 15:02:08] [DEBUG] ProjectController::getProjectListHtml() start...
[2026-07-07 15:02:08] [DEBUG] ProjectModel::getProjectList() start...
[2026-07-07 15:02:08] [DEBUG] ProjectModel::getProjectList() finish.
[2026-07-07 15:02:08] [DEBUG] CodeMasterModel：：getCodesByGroup() start...
[2026-07-07 15:02:08] [DEBUG] CodeMasterModel：：getCodesByGroup() finish.
[2026-07-07 15:02:08] [DEBUG] ProjectController::getNaviFooterHtml() start...
[2026-07-07 15:02:08] [DEBUG] ProjectController::getNaviFooterHtml() finish.
[2026-07-07 15:02:08] [DEBUG] ProjectController::startProjectNabi() finish.
[2026-07-07 15:02:08] [DEBUG] Screen::updateAreaC() \Develop\Views\AreaC\Area_C.view start...
[2026-07-07 15:02:08] [DEBUG] Screen::getContents() start...
[2026-07-07 15:02:08] [DEBUG] Screen::getContents() finish.
[2026-07-07 15:02:08] [DEBUG] Screen::updateAreaC() finish.
[2026-07-07 15:02:08] [DEBUG] ConsoleController::AreaInitialAction() finish.
[2026-07-07 15:02:08] [DEBUG] Screen::areaView() start...
[2026-07-07 15:02:08] [DEBUG] Screen::areaView() finish.
[2026-07-07 15:02:10] [DEBUG] --- wwProject System Start ---
[2026-07-07 15:02:10] [DEBUG] Router::Router() /jemini/wwProjectV1.36/Develop/Console/ServerBridgeAction/
[2026-07-07 15:02:10] [DEBUG] Attempting to load: \Develop\Controllers\ConsoleController::ServerBridgeAction
[2026-07-07 15:02:10] [DEBUG] Router: Executing \Develop\Controllers\ConsoleController->ServerBridgeAction
[2026-07-07 15:02:10] [DEBUG] ConsoleController::ServerBridge() start...
[2026-07-07 15:02:10] [DEBUG] ConsoleController::ServerBridge() \Develop\Controllers\PartsDefinitionController::InitialAction()
[2026-07-07 15:02:10] [DEBUG] DBDefinitionController::initialAction() start...
[2026-07-07 15:02:10] [DEBUG] PartsDefinitionController::initialAction() projectId : PRJ-D45FEF
[2026-07-07 15:02:10] [DEBUG] PartsDefinitionModel::getAllPartsList() start... Project ID: PRJ-D45FEF
[2026-07-07 15:02:10] [DEBUG] Screen::updateAreaD() path: \Develop\Views\AreaD\PartsDefinition\PartsDefinitionList.view start...
[2026-07-07 15:02:10] [DEBUG] Screen::getContents() start...
[2026-07-07 15:02:10] [DEBUG] Screen::getContents() finish.
[2026-07-07 15:02:10] [DEBUG] Screen::updateAreaD() finish.
[2026-07-07 15:02:10] [DEBUG] Screen::updateAreaE() [iframe起動版] path: \Develop\Views\AreaE\Area_E_clear.view start...
[2026-07-07 15:02:10] [DEBUG] Screen::getContents() start...
[2026-07-07 15:02:10] [DEBUG] Screen::getContents() finish.
[2026-07-07 15:02:10] [DEBUG] Screen::updateAreaE() finish.
[2026-07-07 15:02:10] [DEBUG] DBDefinitionController::initialAction() end.
[2026-07-07 15:02:10] [DEBUG] Screen::areaView() start...
[2026-07-07 15:02:10] [DEBUG] Screen::areaView() finish.
[2026-07-07 15:02:11] [DEBUG] --- wwProject System Start ---
[2026-07-07 15:02:11] [DEBUG] Router::Router() /jemini/wwProjectV1.36/Develop/Console/ServerBridgeAction/
[2026-07-07 15:02:11] [DEBUG] Attempting to load: \Develop\Controllers\ConsoleController::ServerBridgeAction
[2026-07-07 15:02:11] [DEBUG] Router: Executing \Develop\Controllers\ConsoleController->ServerBridgeAction
[2026-07-07 15:02:11] [DEBUG] ConsoleController::ServerBridge() start...
[2026-07-07 15:02:11] [DEBUG] ConsoleController::ServerBridge() \Develop\Controllers\PartsDefinitionController::editPartsAction()
[2026-07-07 15:02:11] [DEBUG] PartsDefinitionController::editPartsAction() start...
[2026-07-07 15:02:11] [DEBUG] PartsDefinitionModel::getAllPartsList() start... Project ID: PRJ-D45FEF
[2026-07-07 15:02:11] [DEBUG] PartsDefinitionModel::getColumnsByTableId() start... Input: developers
[2026-07-07 15:02:11] [DEBUG] 逆引き成功: 物理名 developers -> table_id : 6
[2026-07-07 15:02:11] [DEBUG] PartsDefinitionModel::getColumnsByTableId() finish. 件数: 9
[2026-07-07 15:02:11] [DEBUG] PartsDefinitionModel::getTableStructure() start... Project ID: PRJ-D45FEF
[2026-07-07 15:02:11] [DEBUG] Screen::updateAreaE() [iframe起動版] path: \Develop\Views\AreaE\PartsDefinition\RegistParts.view start...
[2026-07-07 15:02:11] [DEBUG] Screen::getContents() start...
[2026-07-07 15:02:11] [DEBUG] Screen::getContents() finish.
[2026-07-07 15:02:11] [DEBUG] Screen::updateAreaE() finish.
[2026-07-07 15:02:11] [DEBUG] PartsDefinitionController::editPartsAction() end.
[2026-07-07 15:02:11] [DEBUG] Screen::areaView() start...
[2026-07-07 15:02:11] [DEBUG] Screen::areaView() finish.
[2026-07-07 15:02:16] [DEBUG] --- wwProject System Start ---
[2026-07-07 15:02:16] [DEBUG] Router::Router() /jemini/wwProjectV1.36/Develop/Console/ServerBridgeAction/
[2026-07-07 15:02:16] [DEBUG] Attempting to load: \Develop\Controllers\ConsoleController::ServerBridgeAction
[2026-07-07 15:02:16] [DEBUG] Router: Executing \Develop\Controllers\ConsoleController->ServerBridgeAction
[2026-07-07 15:02:16] [DEBUG] ConsoleController::ServerBridge() start...
[2026-07-07 15:02:16] [DEBUG] ConsoleController::ServerBridge() \Develop\Controllers\PartsDefinitionController::getColumnsAction()
[2026-07-07 15:02:16] [DEBUG] PartsDefinitionController::getColumnsAction() start...
[2026-07-07 15:02:16] [DEBUG] PartsDefinitionModel::getColumnsByTableId() start... Input: developers2
[2026-07-07 15:02:16] [DEBUG] 逆引き成功: 物理名 developers2 -> table_id : 8
[2026-07-07 15:02:16] [DEBUG] PartsDefinitionModel::getColumnsByTableId() finish. 件数: 8
[2026-07-07 15:02:16] [DEBUG] PartsDefinitionModel::getTableStructure() start... Project ID: PRJ-D45FEF
[2026-07-07 15:02:16] [DEBUG] Screen::updateAreaE() [iframe起動版] path: \Develop\Views\AreaE\PartsDefinition\RegistParts.view start...
[2026-07-07 15:02:16] [DEBUG] Screen::getContents() start...
[2026-07-07 15:02:16] [DEBUG] Screen::getContents() finish.
[2026-07-07 15:02:16] [DEBUG] Screen::updateAreaE() finish.
[2026-07-07 15:02:16] [DEBUG] PartsDefinitionController::getColumnsAction() end.
[2026-07-07 15:02:16] [DEBUG] Screen::areaView() start...
[2026-07-07 15:02:16] [DEBUG] Screen::areaView() finish.
[2026-07-07 15:02:26] [DEBUG] --- wwProject System Start ---
[2026-07-07 15:02:26] [DEBUG] Router::Router() /jemini/wwProjectV1.36/develop/
[2026-07-07 15:02:26] [DEBUG] Attempting to load: \Develop\Controllers\LoginController::initialAction
[2026-07-07 15:02:26] [DEBUG] Router: Executing \Develop\Controllers\LoginController->initialAction
[2026-07-07 15:02:26] [DEBUG] Login::initialAction() start...
[2026-07-07 15:02:26] [DEBUG] Login::initialAction() errorMessage : 
[2026-07-07 15:02:26] [DEBUG] Screen::view() path: \Develop\Views\Login\Login.view start...
[2026-07-07 15:02:26] [DEBUG] Screen::getContents() start...
[2026-07-07 15:02:26] [DEBUG] Screen::getContents() finish.
[2026-07-07 15:02:26] [DEBUG] Screen::view() path: \Develop\Views\Login\Login.view finish.
[2026-07-07 15:02:26] [DEBUG] Login::initialAction() finish.
[2026-07-07 15:02:29] [DEBUG] --- wwProject System Start ---
[2026-07-07 15:02:29] [DEBUG] Router::Router() /jemini/wwProjectV1.36/Develop/Login/authentication/
[2026-07-07 15:02:29] [DEBUG] Attempting to load: \Develop\Controllers\LoginController::authenticationAction
[2026-07-07 15:02:29] [DEBUG] Router: Executing \Develop\Controllers\LoginController->authenticationAction
[2026-07-07 15:02:29] [DEBUG] Login::AuthenticationAction() start...
[2026-07-07 15:02:29] [DEBUG] Login OK - x
[2026-07-07 15:02:29] [DEBUG] Session::start()
[2026-07-07 15:02:29] [DEBUG] Redirect to Console::initialAction()
[2026-07-07 15:02:29] [DEBUG] --- wwProject System Start ---
[2026-07-07 15:02:29] [DEBUG] Router::Router() /jemini/wwProjectV1.36/Develop/Console/initial/
[2026-07-07 15:02:29] [DEBUG] Attempting to load: \Develop\Controllers\ConsoleController::initialAction
[2026-07-07 15:02:29] [DEBUG] Router: Executing \Develop\Controllers\ConsoleController->initialAction
[2026-07-07 15:02:29] [DEBUG] Console::initialAction() start...
[2026-07-07 15:02:29] [DEBUG] Screen::view() path: \Develop\Views\Console\Console.view start...
[2026-07-07 15:02:29] [DEBUG] Screen::getContents() start...
[2026-07-07 15:02:29] [DEBUG] Screen::getContents() finish.
[2026-07-07 15:02:29] [DEBUG] Screen::view() path: \Develop\Views\Console\Console.view finish.
[2026-07-07 15:02:29] [DEBUG] ConsoleController::initialAction() finish.
[2026-07-07 15:02:29] [DEBUG] --- wwProject System Start ---
[2026-07-07 15:02:29] [DEBUG] Router::Router() /jemini/wwProjectV1.36/Develop/Console/ServerBridgeAction/
[2026-07-07 15:02:29] [DEBUG] Attempting to load: \Develop\Controllers\ConsoleController::ServerBridgeAction
[2026-07-07 15:02:29] [DEBUG] Router: Executing \Develop\Controllers\ConsoleController->ServerBridgeAction
[2026-07-07 15:02:29] [DEBUG] ConsoleController::ServerBridge() start...
[2026-07-07 15:02:29] [DEBUG] ConsoleController::ServerBridge() \Develop\Controllers\ConsoleController::areaInitialAction()
[2026-07-07 15:02:29] [DEBUG] ConsoleController::AreaInitialAction() start...
[2026-07-07 15:02:29] [DEBUG] Screen::updateAreaA() path: \Develop\Views\AreaA\Area_A.view start...
[2026-07-07 15:02:29] [DEBUG] Screen::areaView() sending JSON: ["areas"]
[2026-07-07 15:02:29] [DEBUG] Screen::getContents() start...
[2026-07-07 15:02:29] [DEBUG] Screen::getContents() finish.
[2026-07-07 15:02:29] [DEBUG] Screen::updateAreaA() finish.
[2026-07-07 15:02:29] [DEBUG] Screen::updateAreaB() path: \Develop\Views\AreaB\Area_B.view start...
[2026-07-07 15:02:29] [DEBUG] Screen::getContents() start...
[2026-07-07 15:02:29] [DEBUG] Screen::getContents() finish.
[2026-07-07 15:02:29] [DEBUG] Screen::updateAreaB() finish.
[2026-07-07 15:02:29] [DEBUG] Screen::updateAreaD() path: \Develop\Views\AreaD\Area_D_clear.view start...
[2026-07-07 15:02:29] [DEBUG] Screen::getContents() start...
[2026-07-07 15:02:29] [DEBUG] Screen::getContents() finish.
[2026-07-07 15:02:29] [DEBUG] Screen::updateAreaD() finish.
[2026-07-07 15:02:29] [DEBUG] Screen::updateAreaE() [iframe起動版] path: \Develop\Views\AreaE\Area_E_clear.view start...
[2026-07-07 15:02:29] [DEBUG] Screen::getContents() start...
[2026-07-07 15:02:29] [DEBUG] Screen::getContents() finish.
[2026-07-07 15:02:29] [DEBUG] Screen::updateAreaE() finish.
[2026-07-07 15:02:29] [DEBUG] Screen::updateAreaF() path: \Develop\Views\AreaF\Area_F.view start...
[2026-07-07 15:02:29] [DEBUG] Screen::getContents() start...
[2026-07-07 15:02:29] [DEBUG] Screen::getContents() finish.
[2026-07-07 15:02:29] [DEBUG] Screen::updateAreaF() finish.
[2026-07-07 15:02:29] [DEBUG] ProjectController::startProjectNabi() start...
[2026-07-07 15:02:29] [DEBUG] ProjectController::getProjectListHtml() start...
[2026-07-07 15:02:29] [DEBUG] ProjectModel::getProjectList() start...
[2026-07-07 15:02:29] [DEBUG] ProjectModel::getProjectList() finish.
[2026-07-07 15:02:29] [DEBUG] CodeMasterModel：：getCodesByGroup() start...
[2026-07-07 15:02:29] [DEBUG] CodeMasterModel：：getCodesByGroup() finish.
[2026-07-07 15:02:29] [DEBUG] ProjectController::getNaviFooterHtml() start...
[2026-07-07 15:02:29] [DEBUG] ProjectController::getNaviFooterHtml() finish.
[2026-07-07 15:02:29] [DEBUG] ProjectController::startProjectNabi() finish.
[2026-07-07 15:02:29] [DEBUG] Screen::updateAreaC() \Develop\Views\AreaC\Area_C.view start...
[2026-07-07 15:02:29] [DEBUG] Screen::getContents() start...
[2026-07-07 15:02:29] [DEBUG] Screen::getContents() finish.
[2026-07-07 15:02:29] [DEBUG] Screen::updateAreaC() finish.
[2026-07-07 15:02:29] [DEBUG] ConsoleController::AreaInitialAction() finish.
[2026-07-07 15:02:29] [DEBUG] Screen::areaView() start...
[2026-07-07 15:02:29] [DEBUG] Screen::areaView() finish.
[2026-07-07 15:02:30] [DEBUG] --- wwProject System Start ---
[2026-07-07 15:02:30] [DEBUG] Router::Router() /jemini/wwProjectV1.36/Develop/Console/ServerBridgeAction/
[2026-07-07 15:02:30] [DEBUG] Attempting to load: \Develop\Controllers\ConsoleController::ServerBridgeAction
[2026-07-07 15:02:30] [DEBUG] Router: Executing \Develop\Controllers\ConsoleController->ServerBridgeAction
[2026-07-07 15:02:30] [DEBUG] ConsoleController::ServerBridge() start...
[2026-07-07 15:02:30] [DEBUG] ConsoleController::ServerBridge() \Develop\Controllers\ProjectController::projectSelectAction()
[2026-07-07 15:02:30] [DEBUG] ProjectController::projectSelectAction() start...
[2026-07-07 15:02:30] [DEBUG] ProjectController::projectSelectAction() ☆★☆　SampleProject１
[2026-07-07 15:02:30] [DEBUG] Screen::updateAreaB() path: \Develop\Views\AreaB\Area_B.view start...
[2026-07-07 15:02:30] [DEBUG] Screen::getContents() start...
[2026-07-07 15:02:30] [DEBUG] Screen::getContents() finish.
[2026-07-07 15:02:30] [DEBUG] Screen::updateAreaB() finish.
[2026-07-07 15:02:30] [DEBUG] ProjectController::projectSelectAction() PRJ-D45FEF : PRJ-D45FEF
[2026-07-07 15:02:30] [DEBUG] ProjectController::getProjectListHtml() start...
[2026-07-07 15:02:30] [DEBUG] ProjectModel::getProjectList() start...
[2026-07-07 15:02:30] [DEBUG] ProjectModel::getProjectList() finish.
[2026-07-07 15:02:30] [DEBUG] CodeMasterModel：：getCodesByGroup() start...
[2026-07-07 15:02:30] [DEBUG] CodeMasterModel：：getCodesByGroup() finish.
[2026-07-07 15:02:30] [DEBUG] ProjectController::getNaviFooterHtml() start...
[2026-07-07 15:02:30] [DEBUG] ProjectController::getNaviFooterHtml() finish.
[2026-07-07 15:02:30] [DEBUG] Screen::updateAreaC() \Develop\Views\AreaC\Area_C.view start...
[2026-07-07 15:02:30] [DEBUG] Screen::getContents() start...
[2026-07-07 15:02:30] [DEBUG] Screen::getContents() finish.
[2026-07-07 15:02:30] [DEBUG] Screen::updateAreaC() finish.
[2026-07-07 15:02:30] [DEBUG] Screen::updateAreaD() path: \Develop\Views\AreaD\Area_D_clear.view start...
[2026-07-07 15:02:30] [DEBUG] Screen::getContents() start...
[2026-07-07 15:02:30] [DEBUG] Screen::getContents() finish.
[2026-07-07 15:02:30] [DEBUG] Screen::updateAreaD() finish.
[2026-07-07 15:02:30] [DEBUG] Screen::updateAreaE() [iframe起動版] path: \Develop\Views\AreaE\Area_E_clear.view start...
[2026-07-07 15:02:30] [DEBUG] Screen::getContents() start...
[2026-07-07 15:02:30] [DEBUG] Screen::getContents() finish.
[2026-07-07 15:02:30] [DEBUG] Screen::updateAreaE() finish.
[2026-07-07 15:02:30] [DEBUG] ProjectController::projectSelectAction() finish.
[2026-07-07 15:02:30] [DEBUG] Screen::areaView() start...
[2026-07-07 15:02:30] [DEBUG] Screen::areaView() finish.
[2026-07-07 15:02:31] [DEBUG] --- wwProject System Start ---
[2026-07-07 15:02:31] [DEBUG] Router::Router() /jemini/wwProjectV1.36/Develop/Console/ServerBridgeAction/
[2026-07-07 15:02:31] [DEBUG] Attempting to load: \Develop\Controllers\ConsoleController::ServerBridgeAction
[2026-07-07 15:02:31] [DEBUG] Router: Executing \Develop\Controllers\ConsoleController->ServerBridgeAction
[2026-07-07 15:02:31] [DEBUG] ConsoleController::ServerBridge() start...
[2026-07-07 15:02:31] [DEBUG] ConsoleController::ServerBridge() \Develop\Controllers\PartsDefinitionController::InitialAction()
[2026-07-07 15:02:31] [DEBUG] DBDefinitionController::initialAction() start...
[2026-07-07 15:02:31] [DEBUG] PartsDefinitionController::initialAction() projectId : PRJ-D45FEF
[2026-07-07 15:02:31] [DEBUG] PartsDefinitionModel::getAllPartsList() start... Project ID: PRJ-D45FEF
[2026-07-07 15:02:31] [DEBUG] Screen::updateAreaD() path: \Develop\Views\AreaD\PartsDefinition\PartsDefinitionList.view start...
[2026-07-07 15:02:31] [DEBUG] Screen::getContents() start...
[2026-07-07 15:02:31] [DEBUG] Screen::getContents() finish.
[2026-07-07 15:02:31] [DEBUG] Screen::updateAreaD() finish.
[2026-07-07 15:02:31] [DEBUG] Screen::updateAreaE() [iframe起動版] path: \Develop\Views\AreaE\Area_E_clear.view start...
[2026-07-07 15:02:31] [DEBUG] Screen::getContents() start...
[2026-07-07 15:02:31] [DEBUG] Screen::getContents() finish.
[2026-07-07 15:02:31] [DEBUG] Screen::updateAreaE() finish.
[2026-07-07 15:02:31] [DEBUG] DBDefinitionController::initialAction() end.
[2026-07-07 15:02:31] [DEBUG] Screen::areaView() start...
[2026-07-07 15:02:31] [DEBUG] Screen::areaView() finish.
[2026-07-07 15:02:32] [DEBUG] --- wwProject System Start ---
[2026-07-07 15:02:32] [DEBUG] Router::Router() /jemini/wwProjectV1.36/Develop/Console/ServerBridgeAction/
[2026-07-07 15:02:32] [DEBUG] Attempting to load: \Develop\Controllers\ConsoleController::ServerBridgeAction
[2026-07-07 15:02:32] [DEBUG] Router: Executing \Develop\Controllers\ConsoleController->ServerBridgeAction
[2026-07-07 15:02:32] [DEBUG] ConsoleController::ServerBridge() start...
[2026-07-07 15:02:32] [DEBUG] ConsoleController::ServerBridge() \Develop\Controllers\PartsDefinitionController::editPartsAction()
[2026-07-07 15:02:32] [DEBUG] PartsDefinitionController::editPartsAction() start...
[2026-07-07 15:02:32] [DEBUG] PartsDefinitionModel::getAllPartsList() start... Project ID: PRJ-D45FEF
[2026-07-07 15:02:32] [DEBUG] PartsDefinitionModel::getColumnsByTableId() start... Input: developers
[2026-07-07 15:02:32] [DEBUG] 逆引き成功: 物理名 developers -> table_id : 6
[2026-07-07 15:02:32] [DEBUG] PartsDefinitionModel::getColumnsByTableId() finish. 件数: 9
[2026-07-07 15:02:32] [DEBUG] PartsDefinitionModel::getTableStructure() start... Project ID: PRJ-D45FEF
[2026-07-07 15:02:32] [DEBUG] Screen::updateAreaE() [iframe起動版] path: \Develop\Views\AreaE\PartsDefinition\RegistParts.view start...
[2026-07-07 15:02:32] [DEBUG] Screen::getContents() start...
[2026-07-07 15:02:32] [DEBUG] Screen::getContents() finish.
[2026-07-07 15:02:32] [DEBUG] Screen::updateAreaE() finish.
[2026-07-07 15:02:32] [DEBUG] PartsDefinitionController::editPartsAction() end.
[2026-07-07 15:02:32] [DEBUG] Screen::areaView() start...
[2026-07-07 15:02:32] [DEBUG] Screen::areaView() finish.
[2026-07-07 15:02:39] [DEBUG] --- wwProject System Start ---
[2026-07-07 15:02:39] [DEBUG] Router::Router() /jemini/wwProjectV1.36/Develop/Console/ServerBridgeAction/
[2026-07-07 15:02:39] [DEBUG] Attempting to load: \Develop\Controllers\ConsoleController::ServerBridgeAction
[2026-07-07 15:02:39] [DEBUG] Router: Executing \Develop\Controllers\ConsoleController->ServerBridgeAction
[2026-07-07 15:02:39] [DEBUG] ConsoleController::ServerBridge() start...
[2026-07-07 15:02:39] [DEBUG] ConsoleController::ServerBridge() \Develop\Controllers\PartsDefinitionController::getColumnsAction()
[2026-07-07 15:02:39] [DEBUG] PartsDefinitionController::getColumnsAction() start...
[2026-07-07 15:02:39] [DEBUG] PartsDefinitionModel::getColumnsByTableId() start... Input: developers2
[2026-07-07 15:02:39] [DEBUG] 逆引き成功: 物理名 developers2 -> table_id : 8
[2026-07-07 15:02:39] [DEBUG] PartsDefinitionModel::getColumnsByTableId() finish. 件数: 8
[2026-07-07 15:02:39] [DEBUG] PartsDefinitionModel::getTableStructure() start... Project ID: PRJ-D45FEF
[2026-07-07 15:02:39] [DEBUG] Screen::updateAreaE() [iframe起動版] path: \Develop\Views\AreaE\PartsDefinition\RegistParts.view start...
[2026-07-07 15:02:39] [DEBUG] Screen::getContents() start...
[2026-07-07 15:02:39] [DEBUG] Screen::getContents() finish.
[2026-07-07 15:02:39] [DEBUG] Screen::updateAreaE() finish.
[2026-07-07 15:02:39] [DEBUG] PartsDefinitionController::getColumnsAction() end.
[2026-07-07 15:02:39] [DEBUG] Screen::areaView() start...
[2026-07-07 15:02:39] [DEBUG] Screen::areaView() finish.
[2026-07-07 15:06:50] [DEBUG] --- wwProject System Start ---
[2026-07-07 15:06:50] [DEBUG] Router::Router() /jemini/wwProjectV1.36/Develop/Console/initial/
[2026-07-07 15:06:50] [DEBUG] Attempting to load: \Develop\Controllers\ConsoleController::initialAction
[2026-07-07 15:06:50] [DEBUG] Router: Executing \Develop\Controllers\ConsoleController->initialAction
[2026-07-07 15:06:50] [DEBUG] Console::initialAction() start...
[2026-07-07 15:06:50] [DEBUG] Screen::view() path: \Develop\Views\Console\Console.view start...
[2026-07-07 15:06:50] [DEBUG] Screen::getContents() start...
[2026-07-07 15:06:50] [DEBUG] Screen::getContents() finish.
[2026-07-07 15:06:50] [DEBUG] Screen::view() path: \Develop\Views\Console\Console.view finish.
[2026-07-07 15:06:50] [DEBUG] ConsoleController::initialAction() finish.
[2026-07-07 15:06:50] [DEBUG] --- wwProject System Start ---
[2026-07-07 15:06:50] [DEBUG] Router::Router() /jemini/wwProjectV1.36/Develop/Console/ServerBridgeAction/
[2026-07-07 15:06:50] [DEBUG] Attempting to load: \Develop\Controllers\ConsoleController::ServerBridgeAction
[2026-07-07 15:06:50] [DEBUG] Router: Executing \Develop\Controllers\ConsoleController->ServerBridgeAction
[2026-07-07 15:06:50] [DEBUG] ConsoleController::ServerBridge() start...
[2026-07-07 15:06:50] [DEBUG] ConsoleController::ServerBridge() \Develop\Controllers\ConsoleController::areaInitialAction()
[2026-07-07 15:06:50] [DEBUG] ConsoleController::AreaInitialAction() start...
[2026-07-07 15:06:50] [DEBUG] Screen::updateAreaA() path: \Develop\Views\AreaA\Area_A.view start...
[2026-07-07 15:06:50] [DEBUG] Screen::areaView() sending JSON: ["areas"]
[2026-07-07 15:06:50] [DEBUG] Screen::getContents() start...
[2026-07-07 15:06:50] [DEBUG] Screen::getContents() finish.
[2026-07-07 15:06:50] [DEBUG] Screen::updateAreaA() finish.
[2026-07-07 15:06:50] [DEBUG] Screen::updateAreaB() path: \Develop\Views\AreaB\Area_B.view start...
[2026-07-07 15:06:50] [DEBUG] Screen::getContents() start...
[2026-07-07 15:06:50] [DEBUG] Screen::getContents() finish.
[2026-07-07 15:06:50] [DEBUG] Screen::updateAreaB() finish.
[2026-07-07 15:06:50] [DEBUG] Screen::updateAreaD() path: \Develop\Views\AreaD\Area_D_clear.view start...
[2026-07-07 15:06:50] [DEBUG] Screen::getContents() start...
[2026-07-07 15:06:50] [DEBUG] Screen::getContents() finish.
[2026-07-07 15:06:50] [DEBUG] Screen::updateAreaD() finish.
[2026-07-07 15:06:50] [DEBUG] Screen::updateAreaE() [iframe起動版] path: \Develop\Views\AreaE\Area_E_clear.view start...
[2026-07-07 15:06:50] [DEBUG] Screen::getContents() start...
[2026-07-07 15:06:50] [DEBUG] Screen::getContents() finish.
[2026-07-07 15:06:50] [DEBUG] Screen::updateAreaE() finish.
[2026-07-07 15:06:50] [DEBUG] Screen::updateAreaF() path: \Develop\Views\AreaF\Area_F.view start...
[2026-07-07 15:06:50] [DEBUG] Screen::getContents() start...
[2026-07-07 15:06:50] [DEBUG] Screen::getContents() finish.
[2026-07-07 15:06:50] [DEBUG] Screen::updateAreaF() finish.
[2026-07-07 15:06:50] [DEBUG] ProjectController::startProjectNabi() start...
[2026-07-07 15:06:50] [DEBUG] ProjectController::getProjectListHtml() start...
[2026-07-07 15:06:50] [DEBUG] ProjectModel::getProjectList() start...
[2026-07-07 15:06:50] [DEBUG] ProjectModel::getProjectList() finish.
[2026-07-07 15:06:50] [DEBUG] CodeMasterModel：：getCodesByGroup() start...
[2026-07-07 15:06:50] [DEBUG] CodeMasterModel：：getCodesByGroup() finish.
[2026-07-07 15:06:50] [DEBUG] ProjectController::getNaviFooterHtml() start...
[2026-07-07 15:06:50] [DEBUG] ProjectController::getNaviFooterHtml() finish.
[2026-07-07 15:06:50] [DEBUG] ProjectController::startProjectNabi() finish.
[2026-07-07 15:06:50] [DEBUG] Screen::updateAreaC() \Develop\Views\AreaC\Area_C.view start...
[2026-07-07 15:06:50] [DEBUG] Screen::getContents() start...
[2026-07-07 15:06:50] [DEBUG] Screen::getContents() finish.
[2026-07-07 15:06:50] [DEBUG] Screen::updateAreaC() finish.
[2026-07-07 15:06:50] [DEBUG] ConsoleController::AreaInitialAction() finish.
[2026-07-07 15:06:50] [DEBUG] Screen::areaView() start...
[2026-07-07 15:06:50] [DEBUG] Screen::areaView() finish.
[2026-07-07 15:06:52] [DEBUG] --- wwProject System Start ---
[2026-07-07 15:06:52] [DEBUG] Router::Router() /jemini/wwProjectV1.36/Develop/Console/ServerBridgeAction/
[2026-07-07 15:06:52] [DEBUG] Attempting to load: \Develop\Controllers\ConsoleController::ServerBridgeAction
[2026-07-07 15:06:52] [DEBUG] Router: Executing \Develop\Controllers\ConsoleController->ServerBridgeAction
[2026-07-07 15:06:52] [DEBUG] ConsoleController::ServerBridge() start...
[2026-07-07 15:06:52] [DEBUG] ConsoleController::ServerBridge() \Develop\Controllers\PartsDefinitionController::InitialAction()
[2026-07-07 15:06:52] [DEBUG] DBDefinitionController::initialAction() start...
[2026-07-07 15:06:52] [DEBUG] PartsDefinitionController::initialAction() projectId : PRJ-D45FEF
[2026-07-07 15:06:52] [DEBUG] PartsDefinitionModel::getAllPartsList() start... Project ID: PRJ-D45FEF
[2026-07-07 15:06:52] [DEBUG] Screen::updateAreaD() path: \Develop\Views\AreaD\PartsDefinition\PartsDefinitionList.view start...
[2026-07-07 15:06:52] [DEBUG] Screen::getContents() start...
[2026-07-07 15:06:52] [DEBUG] Screen::getContents() finish.
[2026-07-07 15:06:52] [DEBUG] Screen::updateAreaD() finish.
[2026-07-07 15:06:52] [DEBUG] Screen::updateAreaE() [iframe起動版] path: \Develop\Views\AreaE\Area_E_clear.view start...
[2026-07-07 15:06:52] [DEBUG] Screen::getContents() start...
[2026-07-07 15:06:52] [DEBUG] Screen::getContents() finish.
[2026-07-07 15:06:52] [DEBUG] Screen::updateAreaE() finish.
[2026-07-07 15:06:52] [DEBUG] DBDefinitionController::initialAction() end.
[2026-07-07 15:06:52] [DEBUG] Screen::areaView() start...
[2026-07-07 15:06:52] [DEBUG] Screen::areaView() finish.
[2026-07-07 15:06:53] [DEBUG] --- wwProject System Start ---
[2026-07-07 15:06:53] [DEBUG] Router::Router() /jemini/wwProjectV1.36/Develop/Console/ServerBridgeAction/
[2026-07-07 15:06:53] [DEBUG] Attempting to load: \Develop\Controllers\ConsoleController::ServerBridgeAction
[2026-07-07 15:06:53] [DEBUG] Router: Executing \Develop\Controllers\ConsoleController->ServerBridgeAction
[2026-07-07 15:06:53] [DEBUG] ConsoleController::ServerBridge() start...
[2026-07-07 15:06:53] [DEBUG] ConsoleController::ServerBridge() \Develop\Controllers\PartsDefinitionController::editPartsAction()
[2026-07-07 15:06:53] [DEBUG] PartsDefinitionController::editPartsAction() start...
[2026-07-07 15:06:53] [DEBUG] PartsDefinitionModel::getAllPartsList() start... Project ID: PRJ-D45FEF
[2026-07-07 15:06:53] [DEBUG] PartsDefinitionModel::getColumnsByTableId() start... Input: developers
[2026-07-07 15:06:53] [DEBUG] 逆引き成功: 物理名 developers -> table_id : 6
[2026-07-07 15:06:53] [DEBUG] PartsDefinitionModel::getColumnsByTableId() finish. 件数: 9
[2026-07-07 15:06:54] [DEBUG] PartsDefinitionModel::getTableStructure() start... Project ID: PRJ-D45FEF
[2026-07-07 15:06:54] [DEBUG] Screen::updateAreaE() [iframe起動版] path: \Develop\Views\AreaE\PartsDefinition\RegistParts.view start...
[2026-07-07 15:06:54] [DEBUG] Screen::getContents() start...
[2026-07-07 15:06:54] [DEBUG] Screen::getContents() finish.
[2026-07-07 15:06:54] [DEBUG] Screen::updateAreaE() finish.
[2026-07-07 15:06:54] [DEBUG] PartsDefinitionController::editPartsAction() end.
[2026-07-07 15:06:54] [DEBUG] Screen::areaView() start...
[2026-07-07 15:06:54] [DEBUG] Screen::areaView() finish.
[2026-07-07 15:06:57] [DEBUG] --- wwProject System Start ---
[2026-07-07 15:06:57] [DEBUG] Router::Router() /jemini/wwProjectV1.36/Develop/Console/ServerBridgeAction/
[2026-07-07 15:06:57] [DEBUG] Attempting to load: \Develop\Controllers\ConsoleController::ServerBridgeAction
[2026-07-07 15:06:57] [DEBUG] Router: Executing \Develop\Controllers\ConsoleController->ServerBridgeAction
[2026-07-07 15:06:57] [DEBUG] ConsoleController::ServerBridge() start...
[2026-07-07 15:06:57] [DEBUG] ConsoleController::ServerBridge() \Develop\Controllers\PartsDefinitionController::getColumnsAction()
[2026-07-07 15:06:57] [DEBUG] PartsDefinitionController::getColumnsAction() start...
[2026-07-07 15:06:57] [DEBUG] PartsDefinitionModel::getColumnsByTableId() start... Input: developers2
[2026-07-07 15:06:57] [DEBUG] 逆引き成功: 物理名 developers2 -> table_id : 8
[2026-07-07 15:06:57] [DEBUG] PartsDefinitionModel::getColumnsByTableId() finish. 件数: 8
[2026-07-07 15:06:57] [DEBUG] PartsDefinitionModel::getTableStructure() start... Project ID: PRJ-D45FEF
[2026-07-07 15:06:57] [DEBUG] Screen::updateAreaE() [iframe起動版] path: \Develop\Views\AreaE\PartsDefinition\RegistParts.view start...
[2026-07-07 15:06:57] [DEBUG] Screen::getContents() start...
[2026-07-07 15:06:57] [DEBUG] Screen::getContents() finish.
[2026-07-07 15:06:57] [DEBUG] Screen::updateAreaE() finish.
[2026-07-07 15:06:57] [DEBUG] PartsDefinitionController::getColumnsAction() end.
[2026-07-07 15:06:57] [DEBUG] Screen::areaView() start...
[2026-07-07 15:06:57] [DEBUG] Screen::areaView() finish.
[2026-07-07 15:07:03] [DEBUG] --- wwProject System Start ---
[2026-07-07 15:07:03] [DEBUG] Router::Router() /jemini/wwProjectV1.36/Develop/Console/ServerBridgeAction/
[2026-07-07 15:07:03] [DEBUG] Attempting to load: \Develop\Controllers\ConsoleController::ServerBridgeAction
[2026-07-07 15:07:03] [DEBUG] Router: Executing \Develop\Controllers\ConsoleController->ServerBridgeAction
[2026-07-07 15:07:03] [DEBUG] ConsoleController::ServerBridge() start...
[2026-07-07 15:07:03] [DEBUG] ConsoleController::ServerBridge() \Develop\Controllers\PartsDefinitionController::editPartsAction()
[2026-07-07 15:07:03] [DEBUG] PartsDefinitionController::editPartsAction() start...
[2026-07-07 15:07:03] [DEBUG] PartsDefinitionModel::getAllPartsList() start... Project ID: PRJ-D45FEF
[2026-07-07 15:07:03] [DEBUG] PartsDefinitionModel::getColumnsByTableId() start... Input: developers
[2026-07-07 15:07:03] [DEBUG] 逆引き成功: 物理名 developers -> table_id : 6
[2026-07-07 15:07:03] [DEBUG] PartsDefinitionModel::getColumnsByTableId() finish. 件数: 9
[2026-07-07 15:07:03] [DEBUG] PartsDefinitionModel::getTableStructure() start... Project ID: PRJ-D45FEF
[2026-07-07 15:07:03] [DEBUG] Screen::updateAreaE() [iframe起動版] path: \Develop\Views\AreaE\PartsDefinition\RegistParts.view start...
[2026-07-07 15:07:03] [DEBUG] Screen::getContents() start...
[2026-07-07 15:07:03] [DEBUG] Screen::getContents() finish.
[2026-07-07 15:07:03] [DEBUG] Screen::updateAreaE() finish.
[2026-07-07 15:07:03] [DEBUG] PartsDefinitionController::editPartsAction() end.
[2026-07-07 15:07:03] [DEBUG] Screen::areaView() start...
[2026-07-07 15:07:03] [DEBUG] Screen::areaView() finish.
[2026-07-07 15:07:06] [DEBUG] --- wwProject System Start ---
[2026-07-07 15:07:06] [DEBUG] Router::Router() /jemini/wwProjectV1.36/Develop/Console/ServerBridgeAction/
[2026-07-07 15:07:06] [DEBUG] Attempting to load: \Develop\Controllers\ConsoleController::ServerBridgeAction
[2026-07-07 15:07:06] [DEBUG] Router: Executing \Develop\Controllers\ConsoleController->ServerBridgeAction
[2026-07-07 15:07:06] [DEBUG] ConsoleController::ServerBridge() start...
[2026-07-07 15:07:06] [DEBUG] ConsoleController::ServerBridge() \Develop\Controllers\PartsDefinitionController::editPartsAction()
[2026-07-07 15:07:06] [DEBUG] PartsDefinitionController::editPartsAction() start...
[2026-07-07 15:07:06] [DEBUG] PartsDefinitionModel::getAllPartsList() start... Project ID: PRJ-D45FEF
[2026-07-07 15:07:06] [DEBUG] PartsDefinitionModel::getTableStructure() start... Project ID: PRJ-D45FEF
[2026-07-07 15:07:06] [DEBUG] Screen::updateAreaE() [iframe起動版] path: \Develop\Views\AreaE\PartsDefinition\RegistParts.view start...
[2026-07-07 15:07:06] [DEBUG] Screen::getContents() start...
[2026-07-07 15:07:06] [DEBUG] Screen::getContents() finish.
[2026-07-07 15:07:06] [DEBUG] Screen::updateAreaE() finish.
[2026-07-07 15:07:06] [DEBUG] PartsDefinitionController::editPartsAction() end.
[2026-07-07 15:07:06] [DEBUG] Screen::areaView() start...
[2026-07-07 15:07:06] [DEBUG] Screen::areaView() finish.
[2026-07-07 15:07:08] [DEBUG] --- wwProject System Start ---
[2026-07-07 15:07:08] [DEBUG] Router::Router() /jemini/wwProjectV1.36/Develop/Console/ServerBridgeAction/
[2026-07-07 15:07:08] [DEBUG] Attempting to load: \Develop\Controllers\ConsoleController::ServerBridgeAction
[2026-07-07 15:07:08] [DEBUG] Router: Executing \Develop\Controllers\ConsoleController->ServerBridgeAction
[2026-07-07 15:07:08] [DEBUG] ConsoleController::ServerBridge() start...
[2026-07-07 15:07:08] [DEBUG] ConsoleController::ServerBridge() \Develop\Controllers\PartsDefinitionController::editPartsAction()
[2026-07-07 15:07:08] [DEBUG] PartsDefinitionController::editPartsAction() start...
[2026-07-07 15:07:08] [DEBUG] PartsDefinitionModel::getAllPartsList() start... Project ID: PRJ-D45FEF
[2026-07-07 15:07:08] [DEBUG] PartsDefinitionModel::getColumnsByTableId() start... Input: developers
[2026-07-07 15:07:08] [DEBUG] 逆引き成功: 物理名 developers -> table_id : 6
[2026-07-07 15:07:08] [DEBUG] PartsDefinitionModel::getColumnsByTableId() finish. 件数: 9
[2026-07-07 15:07:08] [DEBUG] PartsDefinitionModel::getTableStructure() start... Project ID: PRJ-D45FEF
[2026-07-07 15:07:08] [DEBUG] Screen::updateAreaE() [iframe起動版] path: \Develop\Views\AreaE\PartsDefinition\RegistParts.view start...
[2026-07-07 15:07:08] [DEBUG] Screen::getContents() start...
[2026-07-07 15:07:08] [DEBUG] Screen::getContents() finish.
[2026-07-07 15:07:08] [DEBUG] Screen::updateAreaE() finish.
[2026-07-07 15:07:08] [DEBUG] PartsDefinitionController::editPartsAction() end.
[2026-07-07 15:07:08] [DEBUG] Screen::areaView() start...
[2026-07-07 15:07:08] [DEBUG] Screen::areaView() finish.
[2026-07-07 15:07:16] [DEBUG] --- wwProject System Start ---
[2026-07-07 15:07:16] [DEBUG] Router::Router() /jemini/wwProjectV1.36/Develop/Console/ServerBridgeAction/
[2026-07-07 15:07:16] [DEBUG] Attempting to load: \Develop\Controllers\ConsoleController::ServerBridgeAction
[2026-07-07 15:07:16] [DEBUG] Router: Executing \Develop\Controllers\ConsoleController->ServerBridgeAction
[2026-07-07 15:07:16] [DEBUG] ConsoleController::ServerBridge() start...
[2026-07-07 15:07:16] [DEBUG] ConsoleController::ServerBridge() \Develop\Controllers\PartsDefinitionController::editPartsAction()
[2026-07-07 15:07:16] [DEBUG] PartsDefinitionController::editPartsAction() start...
[2026-07-07 15:07:16] [DEBUG] PartsDefinitionModel::getAllPartsList() start... Project ID: PRJ-D45FEF
[2026-07-07 15:07:16] [DEBUG] PartsDefinitionModel::getColumnsByTableId() start... Input: developers
[2026-07-07 15:07:16] [DEBUG] 逆引き成功: 物理名 developers -> table_id : 6
[2026-07-07 15:07:16] [DEBUG] PartsDefinitionModel::getColumnsByTableId() finish. 件数: 9
[2026-07-07 15:07:16] [DEBUG] PartsDefinitionModel::getTableStructure() start... Project ID: PRJ-D45FEF
[2026-07-07 15:07:16] [DEBUG] Screen::updateAreaE() [iframe起動版] path: \Develop\Views\AreaE\PartsDefinition\RegistParts.view start...
[2026-07-07 15:07:16] [DEBUG] Screen::getContents() start...
[2026-07-07 15:07:16] [DEBUG] Screen::getContents() finish.
[2026-07-07 15:07:16] [DEBUG] Screen::updateAreaE() finish.
[2026-07-07 15:07:16] [DEBUG] PartsDefinitionController::editPartsAction() end.
[2026-07-07 15:07:16] [DEBUG] Screen::areaView() start...
[2026-07-07 15:07:16] [DEBUG] Screen::areaView() finish.
[2026-07-07 15:07:18] [DEBUG] --- wwProject System Start ---
[2026-07-07 15:07:18] [DEBUG] Router::Router() /jemini/wwProjectV1.36/Develop/Console/ServerBridgeAction/
[2026-07-07 15:07:18] [DEBUG] Attempting to load: \Develop\Controllers\ConsoleController::ServerBridgeAction
[2026-07-07 15:07:18] [DEBUG] Router: Executing \Develop\Controllers\ConsoleController->ServerBridgeAction
[2026-07-07 15:07:18] [DEBUG] ConsoleController::ServerBridge() start...
[2026-07-07 15:07:18] [DEBUG] ConsoleController::ServerBridge() \Develop\Controllers\PartsDefinitionController::editPartsAction()
[2026-07-07 15:07:18] [DEBUG] PartsDefinitionController::editPartsAction() start...
[2026-07-07 15:07:18] [DEBUG] PartsDefinitionModel::getAllPartsList() start... Project ID: PRJ-D45FEF
[2026-07-07 15:07:18] [DEBUG] PartsDefinitionModel::getColumnsByTableId() start... Input: developers
[2026-07-07 15:07:18] [DEBUG] 逆引き成功: 物理名 developers -> table_id : 6
[2026-07-07 15:07:18] [DEBUG] PartsDefinitionModel::getColumnsByTableId() finish. 件数: 9
[2026-07-07 15:07:18] [DEBUG] PartsDefinitionModel::getTableStructure() start... Project ID: PRJ-D45FEF
[2026-07-07 15:07:18] [DEBUG] Screen::updateAreaE() [iframe起動版] path: \Develop\Views\AreaE\PartsDefinition\RegistParts.view start...
[2026-07-07 15:07:18] [DEBUG] Screen::getContents() start...
[2026-07-07 15:07:18] [DEBUG] Screen::getContents() finish.
[2026-07-07 15:07:18] [DEBUG] Screen::updateAreaE() finish.
[2026-07-07 15:07:18] [DEBUG] PartsDefinitionController::editPartsAction() end.
[2026-07-07 15:07:18] [DEBUG] Screen::areaView() start...
[2026-07-07 15:07:18] [DEBUG] Screen::areaView() finish.
[2026-07-07 15:07:19] [DEBUG] --- wwProject System Start ---
[2026-07-07 15:07:19] [DEBUG] Router::Router() /jemini/wwProjectV1.36/Develop/Console/ServerBridgeAction/
[2026-07-07 15:07:19] [DEBUG] Attempting to load: \Develop\Controllers\ConsoleController::ServerBridgeAction
[2026-07-07 15:07:19] [DEBUG] Router: Executing \Develop\Controllers\ConsoleController->ServerBridgeAction
[2026-07-07 15:07:19] [DEBUG] ConsoleController::ServerBridge() start...
[2026-07-07 15:07:19] [DEBUG] ConsoleController::ServerBridge() \Develop\Controllers\PartsDefinitionController::editPartsAction()
[2026-07-07 15:07:19] [DEBUG] PartsDefinitionController::editPartsAction() start...
[2026-07-07 15:07:19] [DEBUG] PartsDefinitionModel::getAllPartsList() start... Project ID: PRJ-D45FEF
[2026-07-07 15:07:19] [DEBUG] PartsDefinitionModel::getColumnsByTableId() start... Input: developers
[2026-07-07 15:07:19] [DEBUG] 逆引き成功: 物理名 developers -> table_id : 6
[2026-07-07 15:07:19] [DEBUG] PartsDefinitionModel::getColumnsByTableId() finish. 件数: 9
[2026-07-07 15:07:19] [DEBUG] PartsDefinitionModel::getTableStructure() start... Project ID: PRJ-D45FEF
[2026-07-07 15:07:19] [DEBUG] Screen::updateAreaE() [iframe起動版] path: \Develop\Views\AreaE\PartsDefinition\RegistParts.view start...
[2026-07-07 15:07:19] [DEBUG] Screen::getContents() start...
[2026-07-07 15:07:19] [DEBUG] Screen::getContents() finish.
[2026-07-07 15:07:19] [DEBUG] Screen::updateAreaE() finish.
[2026-07-07 15:07:19] [DEBUG] PartsDefinitionController::editPartsAction() end.
[2026-07-07 15:07:19] [DEBUG] Screen::areaView() start...
[2026-07-07 15:07:19] [DEBUG] Screen::areaView() finish.
[2026-07-07 15:07:21] [DEBUG] --- wwProject System Start ---
[2026-07-07 15:07:21] [DEBUG] Router::Router() /jemini/wwProjectV1.36/Develop/Console/ServerBridgeAction/
[2026-07-07 15:07:21] [DEBUG] Attempting to load: \Develop\Controllers\ConsoleController::ServerBridgeAction
[2026-07-07 15:07:21] [DEBUG] Router: Executing \Develop\Controllers\ConsoleController->ServerBridgeAction
[2026-07-07 15:07:21] [DEBUG] ConsoleController::ServerBridge() start...
[2026-07-07 15:07:21] [DEBUG] ConsoleController::ServerBridge() \Develop\Controllers\PartsDefinitionController::editPartsAction()
[2026-07-07 15:07:21] [DEBUG] PartsDefinitionController::editPartsAction() start...
[2026-07-07 15:07:21] [DEBUG] PartsDefinitionModel::getAllPartsList() start... Project ID: PRJ-D45FEF
[2026-07-07 15:07:21] [DEBUG] PartsDefinitionModel::getColumnsByTableId() start... Input: developers
[2026-07-07 15:07:21] [DEBUG] 逆引き成功: 物理名 developers -> table_id : 6
[2026-07-07 15:07:21] [DEBUG] PartsDefinitionModel::getColumnsByTableId() finish. 件数: 9
[2026-07-07 15:07:21] [DEBUG] PartsDefinitionModel::getTableStructure() start... Project ID: PRJ-D45FEF
[2026-07-07 15:07:21] [DEBUG] Screen::updateAreaE() [iframe起動版] path: \Develop\Views\AreaE\PartsDefinition\RegistParts.view start...
[2026-07-07 15:07:21] [DEBUG] Screen::getContents() start...
[2026-07-07 15:07:21] [DEBUG] Screen::getContents() finish.
[2026-07-07 15:07:21] [DEBUG] Screen::updateAreaE() finish.
[2026-07-07 15:07:21] [DEBUG] PartsDefinitionController::editPartsAction() end.
[2026-07-07 15:07:21] [DEBUG] Screen::areaView() start...
[2026-07-07 15:07:21] [DEBUG] Screen::areaView() finish.
[2026-07-07 15:07:22] [DEBUG] --- wwProject System Start ---
[2026-07-07 15:07:22] [DEBUG] Router::Router() /jemini/wwProjectV1.36/Develop/Console/ServerBridgeAction/
[2026-07-07 15:07:22] [DEBUG] Attempting to load: \Develop\Controllers\ConsoleController::ServerBridgeAction
[2026-07-07 15:07:22] [DEBUG] Router: Executing \Develop\Controllers\ConsoleController->ServerBridgeAction
[2026-07-07 15:07:22] [DEBUG] ConsoleController::ServerBridge() start...
[2026-07-07 15:07:22] [DEBUG] ConsoleController::ServerBridge() \Develop\Controllers\PartsDefinitionController::editPartsAction()
[2026-07-07 15:07:22] [DEBUG] PartsDefinitionController::editPartsAction() start...
[2026-07-07 15:07:22] [DEBUG] PartsDefinitionModel::getAllPartsList() start... Project ID: PRJ-D45FEF
[2026-07-07 15:07:22] [DEBUG] PartsDefinitionModel::getTableStructure() start... Project ID: PRJ-D45FEF
[2026-07-07 15:07:22] [DEBUG] Screen::updateAreaE() [iframe起動版] path: \Develop\Views\AreaE\PartsDefinition\RegistParts.view start...
[2026-07-07 15:07:22] [DEBUG] Screen::getContents() start...
[2026-07-07 15:07:22] [DEBUG] Screen::getContents() finish.
[2026-07-07 15:07:22] [DEBUG] Screen::updateAreaE() finish.
[2026-07-07 15:07:22] [DEBUG] PartsDefinitionController::editPartsAction() end.
[2026-07-07 15:07:22] [DEBUG] Screen::areaView() start...
[2026-07-07 15:07:22] [DEBUG] Screen::areaView() finish.
[2026-07-07 15:07:23] [DEBUG] --- wwProject System Start ---
[2026-07-07 15:07:23] [DEBUG] Router::Router() /jemini/wwProjectV1.36/Develop/Console/ServerBridgeAction/
[2026-07-07 15:07:23] [DEBUG] Attempting to load: \Develop\Controllers\ConsoleController::ServerBridgeAction
[2026-07-07 15:07:23] [DEBUG] Router: Executing \Develop\Controllers\ConsoleController->ServerBridgeAction
[2026-07-07 15:07:23] [DEBUG] ConsoleController::ServerBridge() start...
[2026-07-07 15:07:23] [DEBUG] ConsoleController::ServerBridge() \Develop\Controllers\PartsDefinitionController::editPartsAction()
[2026-07-07 15:07:23] [DEBUG] PartsDefinitionController::editPartsAction() start...
[2026-07-07 15:07:23] [DEBUG] PartsDefinitionModel::getAllPartsList() start... Project ID: PRJ-D45FEF
[2026-07-07 15:07:23] [DEBUG] PartsDefinitionModel::getTableStructure() start... Project ID: PRJ-D45FEF
[2026-07-07 15:07:23] [DEBUG] Screen::updateAreaE() [iframe起動版] path: \Develop\Views\AreaE\PartsDefinition\RegistParts.view start...
[2026-07-07 15:07:23] [DEBUG] Screen::getContents() start...
[2026-07-07 15:07:23] [DEBUG] Screen::getContents() finish.
[2026-07-07 15:07:23] [DEBUG] Screen::updateAreaE() finish.
[2026-07-07 15:07:23] [DEBUG] PartsDefinitionController::editPartsAction() end.
[2026-07-07 15:07:23] [DEBUG] Screen::areaView() start...
[2026-07-07 15:07:23] [DEBUG] Screen::areaView() finish.
[2026-07-07 15:07:25] [DEBUG] --- wwProject System Start ---
[2026-07-07 15:07:25] [DEBUG] Router::Router() /jemini/wwProjectV1.36/Develop/Console/ServerBridgeAction/
[2026-07-07 15:07:25] [DEBUG] Attempting to load: \Develop\Controllers\ConsoleController::ServerBridgeAction
[2026-07-07 15:07:25] [DEBUG] Router: Executing \Develop\Controllers\ConsoleController->ServerBridgeAction
[2026-07-07 15:07:25] [DEBUG] ConsoleController::ServerBridge() start...
[2026-07-07 15:07:25] [DEBUG] ConsoleController::ServerBridge() \Develop\Controllers\PartsDefinitionController::editPartsAction()
[2026-07-07 15:07:25] [DEBUG] PartsDefinitionController::editPartsAction() start...
[2026-07-07 15:07:25] [DEBUG] PartsDefinitionModel::getAllPartsList() start... Project ID: PRJ-D45FEF
[2026-07-07 15:07:25] [DEBUG] PartsDefinitionModel::getTableStructure() start... Project ID: PRJ-D45FEF
[2026-07-07 15:07:25] [DEBUG] Screen::updateAreaE() [iframe起動版] path: \Develop\Views\AreaE\PartsDefinition\RegistParts.view start...
[2026-07-07 15:07:25] [DEBUG] Screen::getContents() start...
[2026-07-07 15:07:25] [DEBUG] Screen::getContents() finish.
[2026-07-07 15:07:25] [DEBUG] Screen::updateAreaE() finish.
[2026-07-07 15:07:25] [DEBUG] PartsDefinitionController::editPartsAction() end.
[2026-07-07 15:07:25] [DEBUG] Screen::areaView() start...
[2026-07-07 15:07:25] [DEBUG] Screen::areaView() finish.
[2026-07-07 15:07:26] [DEBUG] --- wwProject System Start ---
[2026-07-07 15:07:26] [DEBUG] Router::Router() /jemini/wwProjectV1.36/Develop/Console/ServerBridgeAction/
[2026-07-07 15:07:26] [DEBUG] Attempting to load: \Develop\Controllers\ConsoleController::ServerBridgeAction
[2026-07-07 15:07:26] [DEBUG] Router: Executing \Develop\Controllers\ConsoleController->ServerBridgeAction
[2026-07-07 15:07:26] [DEBUG] ConsoleController::ServerBridge() start...
[2026-07-07 15:07:26] [DEBUG] ConsoleController::ServerBridge() \Develop\Controllers\PartsDefinitionController::editPartsAction()
[2026-07-07 15:07:26] [DEBUG] PartsDefinitionController::editPartsAction() start...
[2026-07-07 15:07:26] [DEBUG] PartsDefinitionModel::getAllPartsList() start... Project ID: PRJ-D45FEF
[2026-07-07 15:07:26] [DEBUG] PartsDefinitionModel::getTableStructure() start... Project ID: PRJ-D45FEF
[2026-07-07 15:07:26] [DEBUG] Screen::updateAreaE() [iframe起動版] path: \Develop\Views\AreaE\PartsDefinition\RegistParts.view start...
[2026-07-07 15:07:26] [DEBUG] Screen::getContents() start...
[2026-07-07 15:07:26] [DEBUG] Screen::getContents() finish.
[2026-07-07 15:07:26] [DEBUG] Screen::updateAreaE() finish.
[2026-07-07 15:07:26] [DEBUG] PartsDefinitionController::editPartsAction() end.
[2026-07-07 15:07:26] [DEBUG] Screen::areaView() start...
[2026-07-07 15:07:26] [DEBUG] Screen::areaView() finish.
[2026-07-07 15:07:29] [DEBUG] --- wwProject System Start ---
[2026-07-07 15:07:29] [DEBUG] Router::Router() /jemini/wwProjectV1.36/Develop/Console/ServerBridgeAction/
[2026-07-07 15:07:29] [DEBUG] Attempting to load: \Develop\Controllers\ConsoleController::ServerBridgeAction
[2026-07-07 15:07:29] [DEBUG] Router: Executing \Develop\Controllers\ConsoleController->ServerBridgeAction
[2026-07-07 15:07:29] [DEBUG] ConsoleController::ServerBridge() start...
[2026-07-07 15:07:29] [DEBUG] ConsoleController::ServerBridge() \Develop\Controllers\PartsDefinitionController::editPartsAction()
[2026-07-07 15:07:29] [DEBUG] PartsDefinitionController::editPartsAction() start...
[2026-07-07 15:07:29] [DEBUG] PartsDefinitionModel::getAllPartsList() start... Project ID: PRJ-D45FEF
[2026-07-07 15:07:29] [DEBUG] PartsDefinitionModel::getTableStructure() start... Project ID: PRJ-D45FEF
[2026-07-07 15:07:29] [DEBUG] Screen::updateAreaE() [iframe起動版] path: \Develop\Views\AreaE\PartsDefinition\RegistParts.view start...
[2026-07-07 15:07:29] [DEBUG] Screen::getContents() start...
[2026-07-07 15:07:29] [DEBUG] Screen::getContents() finish.
[2026-07-07 15:07:29] [DEBUG] Screen::updateAreaE() finish.
[2026-07-07 15:07:29] [DEBUG] PartsDefinitionController::editPartsAction() end.
[2026-07-07 15:07:29] [DEBUG] Screen::areaView() start...
[2026-07-07 15:07:29] [DEBUG] Screen::areaView() finish.
[2026-07-07 15:07:30] [DEBUG] --- wwProject System Start ---
[2026-07-07 15:07:30] [DEBUG] Router::Router() /jemini/wwProjectV1.36/Develop/Console/ServerBridgeAction/
[2026-07-07 15:07:30] [DEBUG] Attempting to load: \Develop\Controllers\ConsoleController::ServerBridgeAction
[2026-07-07 15:07:30] [DEBUG] Router: Executing \Develop\Controllers\ConsoleController->ServerBridgeAction
[2026-07-07 15:07:30] [DEBUG] ConsoleController::ServerBridge() start...
[2026-07-07 15:07:30] [DEBUG] ConsoleController::ServerBridge() \Develop\Controllers\PartsDefinitionController::editPartsAction()
[2026-07-07 15:07:30] [DEBUG] PartsDefinitionController::editPartsAction() start...
[2026-07-07 15:07:30] [DEBUG] PartsDefinitionModel::getAllPartsList() start... Project ID: PRJ-D45FEF
[2026-07-07 15:07:30] [DEBUG] PartsDefinitionModel::getColumnsByTableId() start... Input: developers
[2026-07-07 15:07:30] [DEBUG] 逆引き成功: 物理名 developers -> table_id : 6
[2026-07-07 15:07:30] [DEBUG] PartsDefinitionModel::getColumnsByTableId() finish. 件数: 9
[2026-07-07 15:07:30] [DEBUG] PartsDefinitionModel::getTableStructure() start... Project ID: PRJ-D45FEF
[2026-07-07 15:07:30] [DEBUG] Screen::updateAreaE() [iframe起動版] path: \Develop\Views\AreaE\PartsDefinition\RegistParts.view start...
[2026-07-07 15:07:30] [DEBUG] Screen::getContents() start...
[2026-07-07 15:07:30] [DEBUG] Screen::getContents() finish.
[2026-07-07 15:07:30] [DEBUG] Screen::updateAreaE() finish.
[2026-07-07 15:07:30] [DEBUG] PartsDefinitionController::editPartsAction() end.
[2026-07-07 15:07:30] [DEBUG] Screen::areaView() start...
[2026-07-07 15:07:30] [DEBUG] Screen::areaView() finish.
[2026-07-07 15:07:35] [DEBUG] --- wwProject System Start ---
[2026-07-07 15:07:35] [DEBUG] Router::Router() /jemini/wwProjectV1.36/Develop/Console/ServerBridgeAction/
[2026-07-07 15:07:35] [DEBUG] Attempting to load: \Develop\Controllers\ConsoleController::ServerBridgeAction
[2026-07-07 15:07:35] [DEBUG] Router: Executing \Develop\Controllers\ConsoleController->ServerBridgeAction
[2026-07-07 15:07:35] [DEBUG] ConsoleController::ServerBridge() start...
[2026-07-07 15:07:35] [DEBUG] ConsoleController::ServerBridge() \Develop\Controllers\PartsDefinitionController::editPartsAction()
[2026-07-07 15:07:35] [DEBUG] PartsDefinitionController::editPartsAction() start...
[2026-07-07 15:07:35] [DEBUG] PartsDefinitionModel::getAllPartsList() start... Project ID: PRJ-D45FEF
[2026-07-07 15:07:35] [DEBUG] PartsDefinitionModel::getTableStructure() start... Project ID: PRJ-D45FEF
[2026-07-07 15:07:35] [DEBUG] Screen::updateAreaE() [iframe起動版] path: \Develop\Views\AreaE\PartsDefinition\RegistParts.view start...
[2026-07-07 15:07:35] [DEBUG] Screen::getContents() start...
[2026-07-07 15:07:35] [DEBUG] Screen::getContents() finish.
[2026-07-07 15:07:35] [DEBUG] Screen::updateAreaE() finish.
[2026-07-07 15:07:35] [DEBUG] PartsDefinitionController::editPartsAction() end.
[2026-07-07 15:07:35] [DEBUG] Screen::areaView() start...
[2026-07-07 15:07:35] [DEBUG] Screen::areaView() finish.
[2026-07-07 15:07:37] [DEBUG] --- wwProject System Start ---
[2026-07-07 15:07:37] [DEBUG] Router::Router() /jemini/wwProjectV1.36/Develop/Console/ServerBridgeAction/
[2026-07-07 15:07:37] [DEBUG] Attempting to load: \Develop\Controllers\ConsoleController::ServerBridgeAction
[2026-07-07 15:07:37] [DEBUG] Router: Executing \Develop\Controllers\ConsoleController->ServerBridgeAction
[2026-07-07 15:07:37] [DEBUG] ConsoleController::ServerBridge() start...
[2026-07-07 15:07:37] [DEBUG] ConsoleController::ServerBridge() \Develop\Controllers\PartsDefinitionController::editPartsAction()
[2026-07-07 15:07:37] [DEBUG] PartsDefinitionController::editPartsAction() start...
[2026-07-07 15:07:37] [DEBUG] PartsDefinitionModel::getAllPartsList() start... Project ID: PRJ-D45FEF
[2026-07-07 15:07:37] [DEBUG] PartsDefinitionModel::getColumnsByTableId() start... Input: developers
[2026-07-07 15:07:37] [DEBUG] 逆引き成功: 物理名 developers -> table_id : 6
[2026-07-07 15:07:37] [DEBUG] PartsDefinitionModel::getColumnsByTableId() finish. 件数: 9
[2026-07-07 15:07:37] [DEBUG] PartsDefinitionModel::getTableStructure() start... Project ID: PRJ-D45FEF
[2026-07-07 15:07:37] [DEBUG] Screen::updateAreaE() [iframe起動版] path: \Develop\Views\AreaE\PartsDefinition\RegistParts.view start...
[2026-07-07 15:07:37] [DEBUG] Screen::getContents() start...
[2026-07-07 15:07:37] [DEBUG] Screen::getContents() finish.
[2026-07-07 15:07:37] [DEBUG] Screen::updateAreaE() finish.
[2026-07-07 15:07:37] [DEBUG] PartsDefinitionController::editPartsAction() end.
[2026-07-07 15:07:37] [DEBUG] Screen::areaView() start...
[2026-07-07 15:07:37] [DEBUG] Screen::areaView() finish.
[2026-07-07 15:07:40] [DEBUG] --- wwProject System Start ---
[2026-07-07 15:07:40] [DEBUG] Router::Router() /jemini/wwProjectV1.36/Develop/Console/ServerBridgeAction/
[2026-07-07 15:07:40] [DEBUG] Attempting to load: \Develop\Controllers\ConsoleController::ServerBridgeAction
[2026-07-07 15:07:40] [DEBUG] Router: Executing \Develop\Controllers\ConsoleController->ServerBridgeAction
[2026-07-07 15:07:40] [DEBUG] ConsoleController::ServerBridge() start...
[2026-07-07 15:07:40] [DEBUG] ConsoleController::ServerBridge() \Develop\Controllers\PartsDefinitionController::getColumnsAction()
[2026-07-07 15:07:40] [DEBUG] PartsDefinitionController::getColumnsAction() start...
[2026-07-07 15:07:40] [DEBUG] PartsDefinitionModel::getColumnsByTableId() start... Input: developers2
[2026-07-07 15:07:40] [DEBUG] 逆引き成功: 物理名 developers2 -> table_id : 8
[2026-07-07 15:07:40] [DEBUG] PartsDefinitionModel::getColumnsByTableId() finish. 件数: 8
[2026-07-07 15:07:40] [DEBUG] PartsDefinitionModel::getTableStructure() start... Project ID: PRJ-D45FEF
[2026-07-07 15:07:40] [DEBUG] Screen::updateAreaE() [iframe起動版] path: \Develop\Views\AreaE\PartsDefinition\RegistParts.view start...
[2026-07-07 15:07:40] [DEBUG] Screen::getContents() start...
[2026-07-07 15:07:40] [DEBUG] Screen::getContents() finish.
[2026-07-07 15:07:40] [DEBUG] Screen::updateAreaE() finish.
[2026-07-07 15:07:40] [DEBUG] PartsDefinitionController::getColumnsAction() end.
[2026-07-07 15:07:40] [DEBUG] Screen::areaView() start...
[2026-07-07 15:07:40] [DEBUG] Screen::areaView() finish.
[2026-07-07 15:07:44] [DEBUG] --- wwProject System Start ---
[2026-07-07 15:07:44] [DEBUG] Router::Router() /jemini/wwProjectV1.36/Develop/Console/ServerBridgeAction/
[2026-07-07 15:07:44] [DEBUG] Attempting to load: \Develop\Controllers\ConsoleController::ServerBridgeAction
[2026-07-07 15:07:44] [DEBUG] Router: Executing \Develop\Controllers\ConsoleController->ServerBridgeAction
[2026-07-07 15:07:44] [DEBUG] ConsoleController::ServerBridge() start...
[2026-07-07 15:07:44] [DEBUG] ConsoleController::ServerBridge() \Develop\Controllers\PartsDefinitionController::editPartsAction()
[2026-07-07 15:07:44] [DEBUG] PartsDefinitionController::editPartsAction() start...
[2026-07-07 15:07:44] [DEBUG] PartsDefinitionModel::getAllPartsList() start... Project ID: PRJ-D45FEF
[2026-07-07 15:07:44] [DEBUG] PartsDefinitionModel::getTableStructure() start... Project ID: PRJ-D45FEF
[2026-07-07 15:07:44] [DEBUG] Screen::updateAreaE() [iframe起動版] path: \Develop\Views\AreaE\PartsDefinition\RegistParts.view start...
[2026-07-07 15:07:44] [DEBUG] Screen::getContents() start...
[2026-07-07 15:07:44] [DEBUG] Screen::getContents() finish.
[2026-07-07 15:07:44] [DEBUG] Screen::updateAreaE() finish.
[2026-07-07 15:07:44] [DEBUG] PartsDefinitionController::editPartsAction() end.
[2026-07-07 15:07:44] [DEBUG] Screen::areaView() start...
[2026-07-07 15:07:44] [DEBUG] Screen::areaView() finish.
[2026-07-07 15:07:45] [DEBUG] --- wwProject System Start ---
[2026-07-07 15:07:45] [DEBUG] Router::Router() /jemini/wwProjectV1.36/Develop/Console/ServerBridgeAction/
[2026-07-07 15:07:45] [DEBUG] Attempting to load: \Develop\Controllers\ConsoleController::ServerBridgeAction
[2026-07-07 15:07:45] [DEBUG] Router: Executing \Develop\Controllers\ConsoleController->ServerBridgeAction
[2026-07-07 15:07:45] [DEBUG] ConsoleController::ServerBridge() start...
[2026-07-07 15:07:45] [DEBUG] ConsoleController::ServerBridge() \Develop\Controllers\PartsDefinitionController::editPartsAction()
[2026-07-07 15:07:45] [DEBUG] PartsDefinitionController::editPartsAction() start...
[2026-07-07 15:07:45] [DEBUG] PartsDefinitionModel::getAllPartsList() start... Project ID: PRJ-D45FEF
[2026-07-07 15:07:45] [DEBUG] PartsDefinitionModel::getColumnsByTableId() start... Input: developers
[2026-07-07 15:07:45] [DEBUG] 逆引き成功: 物理名 developers -> table_id : 6
[2026-07-07 15:07:45] [DEBUG] PartsDefinitionModel::getColumnsByTableId() finish. 件数: 9
[2026-07-07 15:07:45] [DEBUG] PartsDefinitionModel::getTableStructure() start... Project ID: PRJ-D45FEF
[2026-07-07 15:07:45] [DEBUG] Screen::updateAreaE() [iframe起動版] path: \Develop\Views\AreaE\PartsDefinition\RegistParts.view start...
[2026-07-07 15:07:45] [DEBUG] Screen::getContents() start...
[2026-07-07 15:07:45] [DEBUG] Screen::getContents() finish.
[2026-07-07 15:07:45] [DEBUG] Screen::updateAreaE() finish.
[2026-07-07 15:07:45] [DEBUG] PartsDefinitionController::editPartsAction() end.
[2026-07-07 15:07:45] [DEBUG] Screen::areaView() start...
[2026-07-07 15:07:45] [DEBUG] Screen::areaView() finish.
[2026-07-07 15:08:19] [DEBUG] --- wwProject System Start ---
[2026-07-07 15:08:19] [DEBUG] Router::Router() /jemini/wwProjectV1.36/Develop/Console/ServerBridgeAction/
[2026-07-07 15:08:19] [DEBUG] Attempting to load: \Develop\Controllers\ConsoleController::ServerBridgeAction
[2026-07-07 15:08:19] [DEBUG] Router: Executing \Develop\Controllers\ConsoleController->ServerBridgeAction
[2026-07-07 15:08:19] [DEBUG] ConsoleController::ServerBridge() start...
[2026-07-07 15:08:19] [DEBUG] ConsoleController::ServerBridge() \Develop\Controllers\PartsDefinitionController::getColumnsAction()
[2026-07-07 15:08:19] [DEBUG] PartsDefinitionController::getColumnsAction() start...
[2026-07-07 15:08:19] [DEBUG] PartsDefinitionModel::getColumnsByTableId() start... Input: developers2
[2026-07-07 15:08:19] [DEBUG] 逆引き成功: 物理名 developers2 -> table_id : 8
[2026-07-07 15:08:19] [DEBUG] PartsDefinitionModel::getColumnsByTableId() finish. 件数: 8
[2026-07-07 15:08:19] [DEBUG] PartsDefinitionModel::getTableStructure() start... Project ID: PRJ-D45FEF
[2026-07-07 15:08:19] [DEBUG] Screen::updateAreaE() [iframe起動版] path: \Develop\Views\AreaE\PartsDefinition\RegistParts.view start...
[2026-07-07 15:08:19] [DEBUG] Screen::getContents() start...
[2026-07-07 15:08:19] [DEBUG] Screen::getContents() finish.
[2026-07-07 15:08:19] [DEBUG] Screen::updateAreaE() finish.
[2026-07-07 15:08:19] [DEBUG] PartsDefinitionController::getColumnsAction() end.
[2026-07-07 15:08:19] [DEBUG] Screen::areaView() start...
[2026-07-07 15:08:19] [DEBUG] Screen::areaView() finish.
[2026-07-07 15:08:49] [DEBUG] --- wwProject System Start ---
[2026-07-07 15:08:49] [DEBUG] Router::Router() /jemini/wwProjectV1.36/Develop/Console/ServerBridgeAction/
[2026-07-07 15:08:49] [DEBUG] Attempting to load: \Develop\Controllers\ConsoleController::ServerBridgeAction
[2026-07-07 15:08:49] [DEBUG] Router: Executing \Develop\Controllers\ConsoleController->ServerBridgeAction
[2026-07-07 15:08:49] [DEBUG] ConsoleController::ServerBridge() start...
[2026-07-07 15:08:49] [DEBUG] ConsoleController::ServerBridge() \Develop\Controllers\PartsDefinitionController::editPartsAction()
[2026-07-07 15:08:49] [DEBUG] PartsDefinitionController::editPartsAction() start...
[2026-07-07 15:08:49] [DEBUG] PartsDefinitionModel::getAllPartsList() start... Project ID: PRJ-D45FEF
[2026-07-07 15:08:49] [DEBUG] PartsDefinitionModel::getTableStructure() start... Project ID: PRJ-D45FEF
[2026-07-07 15:08:49] [DEBUG] Screen::updateAreaE() [iframe起動版] path: \Develop\Views\AreaE\PartsDefinition\RegistParts.view start...
[2026-07-07 15:08:49] [DEBUG] Screen::getContents() start...
[2026-07-07 15:08:49] [DEBUG] Screen::getContents() finish.
[2026-07-07 15:08:49] [DEBUG] Screen::updateAreaE() finish.
[2026-07-07 15:08:49] [DEBUG] PartsDefinitionController::editPartsAction() end.
[2026-07-07 15:08:49] [DEBUG] Screen::areaView() start...
[2026-07-07 15:08:49] [DEBUG] Screen::areaView() finish.
[2026-07-07 15:08:57] [DEBUG] --- wwProject System Start ---
[2026-07-07 15:08:57] [DEBUG] Router::Router() /jemini/wwProjectV1.36/Develop/Console/ServerBridgeAction/
[2026-07-07 15:08:57] [DEBUG] Attempting to load: \Develop\Controllers\ConsoleController::ServerBridgeAction
[2026-07-07 15:08:57] [DEBUG] Router: Executing \Develop\Controllers\ConsoleController->ServerBridgeAction
[2026-07-07 15:08:57] [DEBUG] ConsoleController::ServerBridge() start...
[2026-07-07 15:08:57] [DEBUG] ConsoleController::ServerBridge() \Develop\Controllers\PartsDefinitionController::editPartsAction()
[2026-07-07 15:08:57] [DEBUG] PartsDefinitionController::editPartsAction() start...
[2026-07-07 15:08:57] [DEBUG] PartsDefinitionModel::getAllPartsList() start... Project ID: PRJ-D45FEF
[2026-07-07 15:08:57] [DEBUG] PartsDefinitionModel::getTableStructure() start... Project ID: PRJ-D45FEF
[2026-07-07 15:08:57] [DEBUG] Screen::updateAreaE() [iframe起動版] path: \Develop\Views\AreaE\PartsDefinition\RegistParts.view start...
[2026-07-07 15:08:57] [DEBUG] Screen::getContents() start...
[2026-07-07 15:08:57] [DEBUG] Screen::getContents() finish.
[2026-07-07 15:08:57] [DEBUG] Screen::updateAreaE() finish.
[2026-07-07 15:08:57] [DEBUG] PartsDefinitionController::editPartsAction() end.
[2026-07-07 15:08:57] [DEBUG] Screen::areaView() start...
[2026-07-07 15:08:57] [DEBUG] Screen::areaView() finish.
[2026-07-07 15:09:01] [DEBUG] --- wwProject System Start ---
[2026-07-07 15:09:01] [DEBUG] Router::Router() /jemini/wwProjectV1.36/Develop/Console/ServerBridgeAction/
[2026-07-07 15:09:01] [DEBUG] Attempting to load: \Develop\Controllers\ConsoleController::ServerBridgeAction
[2026-07-07 15:09:01] [DEBUG] Router: Executing \Develop\Controllers\ConsoleController->ServerBridgeAction
[2026-07-07 15:09:01] [DEBUG] ConsoleController::ServerBridge() start...
[2026-07-07 15:09:01] [DEBUG] ConsoleController::ServerBridge() \Develop\Controllers\PartsDefinitionController::editPartsAction()
[2026-07-07 15:09:01] [DEBUG] PartsDefinitionController::editPartsAction() start...
[2026-07-07 15:09:01] [DEBUG] PartsDefinitionModel::getAllPartsList() start... Project ID: PRJ-D45FEF
[2026-07-07 15:09:01] [DEBUG] PartsDefinitionModel::getColumnsByTableId() start... Input: developers
[2026-07-07 15:09:01] [DEBUG] 逆引き成功: 物理名 developers -> table_id : 6
[2026-07-07 15:09:01] [DEBUG] PartsDefinitionModel::getColumnsByTableId() finish. 件数: 9
[2026-07-07 15:09:01] [DEBUG] PartsDefinitionModel::getTableStructure() start... Project ID: PRJ-D45FEF
[2026-07-07 15:09:01] [DEBUG] Screen::updateAreaE() [iframe起動版] path: \Develop\Views\AreaE\PartsDefinition\RegistParts.view start...
[2026-07-07 15:09:01] [DEBUG] Screen::getContents() start...
[2026-07-07 15:09:01] [DEBUG] Screen::getContents() finish.
[2026-07-07 15:09:01] [DEBUG] Screen::updateAreaE() finish.
[2026-07-07 15:09:01] [DEBUG] PartsDefinitionController::editPartsAction() end.
[2026-07-07 15:09:01] [DEBUG] Screen::areaView() start...
[2026-07-07 15:09:01] [DEBUG] Screen::areaView() finish.
[2026-07-07 15:09:13] [DEBUG] --- wwProject System Start ---
[2026-07-07 15:09:13] [DEBUG] Router::Router() /jemini/wwProjectV1.36/Develop/Console/ServerBridgeAction/
[2026-07-07 15:09:13] [DEBUG] Attempting to load: \Develop\Controllers\ConsoleController::ServerBridgeAction
[2026-07-07 15:09:13] [DEBUG] Router: Executing \Develop\Controllers\ConsoleController->ServerBridgeAction
[2026-07-07 15:09:13] [DEBUG] ConsoleController::ServerBridge() start...
[2026-07-07 15:09:13] [DEBUG] ConsoleController::ServerBridge() \Develop\Controllers\PartsDefinitionController::getColumnsAction()
[2026-07-07 15:09:13] [DEBUG] PartsDefinitionController::getColumnsAction() start...
[2026-07-07 15:09:13] [DEBUG] PartsDefinitionModel::getColumnsByTableId() start... Input: developers2
[2026-07-07 15:09:13] [DEBUG] 逆引き成功: 物理名 developers2 -> table_id : 8
[2026-07-07 15:09:13] [DEBUG] PartsDefinitionModel::getColumnsByTableId() finish. 件数: 8
[2026-07-07 15:09:13] [DEBUG] PartsDefinitionModel::getTableStructure() start... Project ID: PRJ-D45FEF
[2026-07-07 15:09:13] [DEBUG] Screen::updateAreaE() [iframe起動版] path: \Develop\Views\AreaE\PartsDefinition\RegistParts.view start...
[2026-07-07 15:09:13] [DEBUG] Screen::getContents() start...
[2026-07-07 15:09:13] [DEBUG] Screen::getContents() finish.
[2026-07-07 15:09:13] [DEBUG] Screen::updateAreaE() finish.
[2026-07-07 15:09:13] [DEBUG] PartsDefinitionController::getColumnsAction() end.
[2026-07-07 15:09:13] [DEBUG] Screen::areaView() start...
[2026-07-07 15:09:13] [DEBUG] Screen::areaView() finish.
[2026-07-07 15:09:41] [DEBUG] --- wwProject System Start ---
[2026-07-07 15:09:41] [DEBUG] Router::Router() /jemini/wwProjectV1.36/Develop/Console/ServerBridgeAction/
[2026-07-07 15:09:41] [DEBUG] Attempting to load: \Develop\Controllers\ConsoleController::ServerBridgeAction
[2026-07-07 15:09:41] [DEBUG] Router: Executing \Develop\Controllers\ConsoleController->ServerBridgeAction
[2026-07-07 15:09:41] [DEBUG] ConsoleController::ServerBridge() start...
[2026-07-07 15:09:41] [DEBUG] ConsoleController::ServerBridge() \Develop\Controllers\PartsDefinitionController::editPartsAction()
[2026-07-07 15:09:41] [DEBUG] PartsDefinitionController::editPartsAction() start...
[2026-07-07 15:09:41] [DEBUG] PartsDefinitionModel::getAllPartsList() start... Project ID: PRJ-D45FEF
[2026-07-07 15:09:41] [DEBUG] PartsDefinitionModel::getColumnsByTableId() start... Input: developers
[2026-07-07 15:09:41] [DEBUG] 逆引き成功: 物理名 developers -> table_id : 6
[2026-07-07 15:09:41] [DEBUG] PartsDefinitionModel::getColumnsByTableId() finish. 件数: 9
[2026-07-07 15:09:41] [DEBUG] PartsDefinitionModel::getTableStructure() start... Project ID: PRJ-D45FEF
[2026-07-07 15:09:41] [DEBUG] Screen::updateAreaE() [iframe起動版] path: \Develop\Views\AreaE\PartsDefinition\RegistParts.view start...
[2026-07-07 15:09:41] [DEBUG] Screen::getContents() start...
[2026-07-07 15:09:41] [DEBUG] Screen::getContents() finish.
[2026-07-07 15:09:41] [DEBUG] Screen::updateAreaE() finish.
[2026-07-07 15:09:41] [DEBUG] PartsDefinitionController::editPartsAction() end.
[2026-07-07 15:09:41] [DEBUG] Screen::areaView() start...
[2026-07-07 15:09:41] [DEBUG] Screen::areaView() finish.
[2026-07-07 15:11:39] [DEBUG] --- wwProject System Start ---
[2026-07-07 15:11:39] [DEBUG] Router::Router() /jemini/wwProjectV1.36/Develop/Console/initial/
[2026-07-07 15:11:39] [DEBUG] Attempting to load: \Develop\Controllers\ConsoleController::initialAction
[2026-07-07 15:11:39] [DEBUG] Router: Executing \Develop\Controllers\ConsoleController->initialAction
[2026-07-07 15:11:39] [DEBUG] Console::initialAction() start...
[2026-07-07 15:11:39] [DEBUG] Screen::view() path: \Develop\Views\Console\Console.view start...
[2026-07-07 15:11:39] [DEBUG] Screen::getContents() start...
[2026-07-07 15:11:39] [DEBUG] Screen::getContents() finish.
[2026-07-07 15:11:39] [DEBUG] Screen::view() path: \Develop\Views\Console\Console.view finish.
[2026-07-07 15:11:39] [DEBUG] ConsoleController::initialAction() finish.
[2026-07-07 15:11:39] [DEBUG] --- wwProject System Start ---
[2026-07-07 15:11:39] [DEBUG] Router::Router() /jemini/wwProjectV1.36/Develop/Console/ServerBridgeAction/
[2026-07-07 15:11:39] [DEBUG] Attempting to load: \Develop\Controllers\ConsoleController::ServerBridgeAction
[2026-07-07 15:11:39] [DEBUG] Router: Executing \Develop\Controllers\ConsoleController->ServerBridgeAction
[2026-07-07 15:11:39] [DEBUG] ConsoleController::ServerBridge() start...
[2026-07-07 15:11:39] [DEBUG] ConsoleController::ServerBridge() \Develop\Controllers\ConsoleController::areaInitialAction()
[2026-07-07 15:11:39] [DEBUG] ConsoleController::AreaInitialAction() start...
[2026-07-07 15:11:39] [DEBUG] Screen::updateAreaA() path: \Develop\Views\AreaA\Area_A.view start...
[2026-07-07 15:11:39] [DEBUG] Screen::areaView() sending JSON: ["areas"]
[2026-07-07 15:11:39] [DEBUG] Screen::getContents() start...
[2026-07-07 15:11:39] [DEBUG] Screen::getContents() finish.
[2026-07-07 15:11:39] [DEBUG] Screen::updateAreaA() finish.
[2026-07-07 15:11:39] [DEBUG] Screen::updateAreaB() path: \Develop\Views\AreaB\Area_B.view start...
[2026-07-07 15:11:39] [DEBUG] Screen::getContents() start...
[2026-07-07 15:11:39] [DEBUG] Screen::getContents() finish.
[2026-07-07 15:11:39] [DEBUG] Screen::updateAreaB() finish.
[2026-07-07 15:11:39] [DEBUG] Screen::updateAreaD() path: \Develop\Views\AreaD\Area_D_clear.view start...
[2026-07-07 15:11:39] [DEBUG] Screen::getContents() start...
[2026-07-07 15:11:39] [DEBUG] Screen::getContents() finish.
[2026-07-07 15:11:39] [DEBUG] Screen::updateAreaD() finish.
[2026-07-07 15:11:39] [DEBUG] Screen::updateAreaE() [iframe起動版] path: \Develop\Views\AreaE\Area_E_clear.view start...
[2026-07-07 15:11:39] [DEBUG] Screen::getContents() start...
[2026-07-07 15:11:39] [DEBUG] Screen::getContents() finish.
[2026-07-07 15:11:39] [DEBUG] Screen::updateAreaE() finish.
[2026-07-07 15:11:39] [DEBUG] Screen::updateAreaF() path: \Develop\Views\AreaF\Area_F.view start...
[2026-07-07 15:11:39] [DEBUG] Screen::getContents() start...
[2026-07-07 15:11:39] [DEBUG] Screen::getContents() finish.
[2026-07-07 15:11:39] [DEBUG] Screen::updateAreaF() finish.
[2026-07-07 15:11:39] [DEBUG] ProjectController::startProjectNabi() start...
[2026-07-07 15:11:39] [DEBUG] ProjectController::getProjectListHtml() start...
[2026-07-07 15:11:39] [DEBUG] ProjectModel::getProjectList() start...
[2026-07-07 15:11:39] [DEBUG] ProjectModel::getProjectList() finish.
[2026-07-07 15:11:39] [DEBUG] CodeMasterModel：：getCodesByGroup() start...
[2026-07-07 15:11:39] [DEBUG] CodeMasterModel：：getCodesByGroup() finish.
[2026-07-07 15:11:39] [DEBUG] ProjectController::getNaviFooterHtml() start...
[2026-07-07 15:11:39] [DEBUG] ProjectController::getNaviFooterHtml() finish.
[2026-07-07 15:11:39] [DEBUG] ProjectController::startProjectNabi() finish.
[2026-07-07 15:11:39] [DEBUG] Screen::updateAreaC() \Develop\Views\AreaC\Area_C.view start...
[2026-07-07 15:11:39] [DEBUG] Screen::getContents() start...
[2026-07-07 15:11:39] [DEBUG] Screen::getContents() finish.
[2026-07-07 15:11:39] [DEBUG] Screen::updateAreaC() finish.
[2026-07-07 15:11:39] [DEBUG] ConsoleController::AreaInitialAction() finish.
[2026-07-07 15:11:39] [DEBUG] Screen::areaView() start...
[2026-07-07 15:11:39] [DEBUG] Screen::areaView() finish.
[2026-07-07 15:11:41] [DEBUG] --- wwProject System Start ---
[2026-07-07 15:11:42] [DEBUG] Router::Router() /jemini/wwProjectV1.36/Develop/Console/ServerBridgeAction/
[2026-07-07 15:11:42] [DEBUG] Attempting to load: \Develop\Controllers\ConsoleController::ServerBridgeAction
[2026-07-07 15:11:42] [DEBUG] Router: Executing \Develop\Controllers\ConsoleController->ServerBridgeAction
[2026-07-07 15:11:42] [DEBUG] ConsoleController::ServerBridge() start...
[2026-07-07 15:11:42] [DEBUG] ConsoleController::ServerBridge() \Develop\Controllers\PartsDefinitionController::InitialAction()
[2026-07-07 15:11:42] [DEBUG] DBDefinitionController::initialAction() start...
[2026-07-07 15:11:42] [DEBUG] PartsDefinitionController::initialAction() projectId : PRJ-D45FEF
[2026-07-07 15:11:42] [DEBUG] PartsDefinitionModel::getAllPartsList() start... Project ID: PRJ-D45FEF
[2026-07-07 15:11:42] [DEBUG] Screen::updateAreaD() path: \Develop\Views\AreaD\PartsDefinition\PartsDefinitionList.view start...
[2026-07-07 15:11:42] [DEBUG] Screen::getContents() start...
[2026-07-07 15:11:42] [DEBUG] Screen::getContents() finish.
[2026-07-07 15:11:42] [DEBUG] Screen::updateAreaD() finish.
[2026-07-07 15:11:42] [DEBUG] Screen::updateAreaE() [iframe起動版] path: \Develop\Views\AreaE\Area_E_clear.view start...
[2026-07-07 15:11:42] [DEBUG] Screen::getContents() start...
[2026-07-07 15:11:42] [DEBUG] Screen::getContents() finish.
[2026-07-07 15:11:42] [DEBUG] Screen::updateAreaE() finish.
[2026-07-07 15:11:42] [DEBUG] DBDefinitionController::initialAction() end.
[2026-07-07 15:11:42] [DEBUG] Screen::areaView() start...
[2026-07-07 15:11:42] [DEBUG] Screen::areaView() finish.
[2026-07-07 15:11:43] [DEBUG] --- wwProject System Start ---
[2026-07-07 15:11:43] [DEBUG] Router::Router() /jemini/wwProjectV1.36/Develop/Console/ServerBridgeAction/
[2026-07-07 15:11:43] [DEBUG] Attempting to load: \Develop\Controllers\ConsoleController::ServerBridgeAction
[2026-07-07 15:11:43] [DEBUG] Router: Executing \Develop\Controllers\ConsoleController->ServerBridgeAction
[2026-07-07 15:11:43] [DEBUG] ConsoleController::ServerBridge() start...
[2026-07-07 15:11:43] [DEBUG] ConsoleController::ServerBridge() \Develop\Controllers\PartsDefinitionController::editPartsAction()
[2026-07-07 15:11:43] [DEBUG] PartsDefinitionController::editPartsAction() start...
[2026-07-07 15:11:43] [DEBUG] PartsDefinitionModel::getAllPartsList() start... Project ID: PRJ-D45FEF
[2026-07-07 15:11:43] [DEBUG] PartsDefinitionModel::getColumnsByTableId() start... Input: developers
[2026-07-07 15:11:43] [DEBUG] 逆引き成功: 物理名 developers -> table_id : 6
[2026-07-07 15:11:43] [DEBUG] PartsDefinitionModel::getColumnsByTableId() finish. 件数: 9
[2026-07-07 15:11:43] [DEBUG] PartsDefinitionModel::getTableStructure() start... Project ID: PRJ-D45FEF
[2026-07-07 15:11:43] [DEBUG] Screen::updateAreaE() [iframe起動版] path: \Develop\Views\AreaE\PartsDefinition\RegistParts.view start...
[2026-07-07 15:11:43] [DEBUG] Screen::getContents() start...
[2026-07-07 15:11:43] [DEBUG] Screen::getContents() finish.
[2026-07-07 15:11:43] [DEBUG] Screen::updateAreaE() finish.
[2026-07-07 15:11:43] [DEBUG] PartsDefinitionController::editPartsAction() end.
[2026-07-07 15:11:43] [DEBUG] Screen::areaView() start...
[2026-07-07 15:11:43] [DEBUG] Screen::areaView() finish.
[2026-07-07 15:11:45] [DEBUG] --- wwProject System Start ---
[2026-07-07 15:11:45] [DEBUG] Router::Router() /jemini/wwProjectV1.36/Develop/Console/ServerBridgeAction/
[2026-07-07 15:11:45] [DEBUG] Attempting to load: \Develop\Controllers\ConsoleController::ServerBridgeAction
[2026-07-07 15:11:45] [DEBUG] Router: Executing \Develop\Controllers\ConsoleController->ServerBridgeAction
[2026-07-07 15:11:45] [DEBUG] ConsoleController::ServerBridge() start...
[2026-07-07 15:11:45] [DEBUG] ConsoleController::ServerBridge() \Develop\Controllers\PartsDefinitionController::getColumnsAction()
[2026-07-07 15:11:45] [DEBUG] PartsDefinitionController::getColumnsAction() start...
[2026-07-07 15:11:45] [DEBUG] PartsDefinitionModel::getColumnsByTableId() start... Input: developers2
[2026-07-07 15:11:45] [DEBUG] 逆引き成功: 物理名 developers2 -> table_id : 8
[2026-07-07 15:11:45] [DEBUG] PartsDefinitionModel::getColumnsByTableId() finish. 件数: 8
[2026-07-07 15:11:45] [DEBUG] PartsDefinitionModel::getTableStructure() start... Project ID: PRJ-D45FEF
[2026-07-07 15:11:45] [DEBUG] Screen::updateAreaE() [iframe起動版] path: \Develop\Views\AreaE\PartsDefinition\RegistParts.view start...
[2026-07-07 15:11:45] [DEBUG] Screen::getContents() start...
[2026-07-07 15:11:45] [DEBUG] Screen::getContents() finish.
[2026-07-07 15:11:45] [DEBUG] Screen::updateAreaE() finish.
[2026-07-07 15:11:45] [DEBUG] PartsDefinitionController::getColumnsAction() end.
[2026-07-07 15:11:45] [DEBUG] Screen::areaView() start...
[2026-07-07 15:11:45] [DEBUG] Screen::areaView() finish.
[2026-07-07 15:11:52] [DEBUG] --- wwProject System Start ---
[2026-07-07 15:11:53] [DEBUG] Router::Router() /jemini/wwProjectV1.36/develop/
[2026-07-07 15:11:53] [DEBUG] Attempting to load: \Develop\Controllers\LoginController::initialAction
[2026-07-07 15:11:53] [DEBUG] Router: Executing \Develop\Controllers\LoginController->initialAction
[2026-07-07 15:11:53] [DEBUG] Login::initialAction() start...
[2026-07-07 15:11:53] [DEBUG] Login::initialAction() errorMessage : 
[2026-07-07 15:11:53] [DEBUG] Screen::view() path: \Develop\Views\Login\Login.view start...
[2026-07-07 15:11:53] [DEBUG] Screen::getContents() start...
[2026-07-07 15:11:53] [DEBUG] Screen::getContents() finish.
[2026-07-07 15:11:53] [DEBUG] Screen::view() path: \Develop\Views\Login\Login.view finish.
[2026-07-07 15:11:53] [DEBUG] Login::initialAction() finish.
[2026-07-07 15:11:55] [DEBUG] --- wwProject System Start ---
[2026-07-07 15:11:55] [DEBUG] Router::Router() /jemini/wwProjectV1.36/Develop/Login/authentication/
[2026-07-07 15:11:55] [DEBUG] Attempting to load: \Develop\Controllers\LoginController::authenticationAction
[2026-07-07 15:11:55] [DEBUG] Router: Executing \Develop\Controllers\LoginController->authenticationAction
[2026-07-07 15:11:55] [DEBUG] Login::AuthenticationAction() start...
[2026-07-07 15:11:55] [DEBUG] Login OK - x
[2026-07-07 15:11:55] [DEBUG] Session::start()
[2026-07-07 15:11:55] [DEBUG] Redirect to Console::initialAction()
[2026-07-07 15:11:55] [DEBUG] --- wwProject System Start ---
[2026-07-07 15:11:55] [DEBUG] Router::Router() /jemini/wwProjectV1.36/Develop/Console/initial/
[2026-07-07 15:11:55] [DEBUG] Attempting to load: \Develop\Controllers\ConsoleController::initialAction
[2026-07-07 15:11:55] [DEBUG] Router: Executing \Develop\Controllers\ConsoleController->initialAction
[2026-07-07 15:11:55] [DEBUG] Console::initialAction() start...
[2026-07-07 15:11:55] [DEBUG] Screen::view() path: \Develop\Views\Console\Console.view start...
[2026-07-07 15:11:55] [DEBUG] Screen::getContents() start...
[2026-07-07 15:11:55] [DEBUG] Screen::getContents() finish.
[2026-07-07 15:11:55] [DEBUG] Screen::view() path: \Develop\Views\Console\Console.view finish.
[2026-07-07 15:11:55] [DEBUG] ConsoleController::initialAction() finish.
[2026-07-07 15:11:55] [DEBUG] --- wwProject System Start ---
[2026-07-07 15:11:55] [DEBUG] Router::Router() /jemini/wwProjectV1.36/Develop/Console/ServerBridgeAction/
[2026-07-07 15:11:55] [DEBUG] Attempting to load: \Develop\Controllers\ConsoleController::ServerBridgeAction
[2026-07-07 15:11:55] [DEBUG] Router: Executing \Develop\Controllers\ConsoleController->ServerBridgeAction
[2026-07-07 15:11:55] [DEBUG] ConsoleController::ServerBridge() start...
[2026-07-07 15:11:55] [DEBUG] ConsoleController::ServerBridge() \Develop\Controllers\ConsoleController::areaInitialAction()
[2026-07-07 15:11:55] [DEBUG] ConsoleController::AreaInitialAction() start...
[2026-07-07 15:11:55] [DEBUG] Screen::updateAreaA() path: \Develop\Views\AreaA\Area_A.view start...
[2026-07-07 15:11:55] [DEBUG] Screen::areaView() sending JSON: ["areas"]
[2026-07-07 15:11:55] [DEBUG] Screen::getContents() start...
[2026-07-07 15:11:55] [DEBUG] Screen::getContents() finish.
[2026-07-07 15:11:55] [DEBUG] Screen::updateAreaA() finish.
[2026-07-07 15:11:55] [DEBUG] Screen::updateAreaB() path: \Develop\Views\AreaB\Area_B.view start...
[2026-07-07 15:11:55] [DEBUG] Screen::getContents() start...
[2026-07-07 15:11:55] [DEBUG] Screen::getContents() finish.
[2026-07-07 15:11:55] [DEBUG] Screen::updateAreaB() finish.
[2026-07-07 15:11:55] [DEBUG] Screen::updateAreaD() path: \Develop\Views\AreaD\Area_D_clear.view start...
[2026-07-07 15:11:55] [DEBUG] Screen::getContents() start...
[2026-07-07 15:11:55] [DEBUG] Screen::getContents() finish.
[2026-07-07 15:11:55] [DEBUG] Screen::updateAreaD() finish.
[2026-07-07 15:11:55] [DEBUG] Screen::updateAreaE() [iframe起動版] path: \Develop\Views\AreaE\Area_E_clear.view start...
[2026-07-07 15:11:55] [DEBUG] Screen::getContents() start...
[2026-07-07 15:11:55] [DEBUG] Screen::getContents() finish.
[2026-07-07 15:11:55] [DEBUG] Screen::updateAreaE() finish.
[2026-07-07 15:11:55] [DEBUG] Screen::updateAreaF() path: \Develop\Views\AreaF\Area_F.view start...
[2026-07-07 15:11:55] [DEBUG] Screen::getContents() start...
[2026-07-07 15:11:55] [DEBUG] Screen::getContents() finish.
[2026-07-07 15:11:55] [DEBUG] Screen::updateAreaF() finish.
[2026-07-07 15:11:55] [DEBUG] ProjectController::startProjectNabi() start...
[2026-07-07 15:11:55] [DEBUG] ProjectController::getProjectListHtml() start...
[2026-07-07 15:11:55] [DEBUG] ProjectModel::getProjectList() start...
[2026-07-07 15:11:55] [DEBUG] ProjectModel::getProjectList() finish.
[2026-07-07 15:11:55] [DEBUG] CodeMasterModel：：getCodesByGroup() start...
[2026-07-07 15:11:55] [DEBUG] CodeMasterModel：：getCodesByGroup() finish.
[2026-07-07 15:11:55] [DEBUG] ProjectController::getNaviFooterHtml() start...
[2026-07-07 15:11:55] [DEBUG] ProjectController::getNaviFooterHtml() finish.
[2026-07-07 15:11:55] [DEBUG] ProjectController::startProjectNabi() finish.
[2026-07-07 15:11:55] [DEBUG] Screen::updateAreaC() \Develop\Views\AreaC\Area_C.view start...
[2026-07-07 15:11:55] [DEBUG] Screen::getContents() start...
[2026-07-07 15:11:55] [DEBUG] Screen::getContents() finish.
[2026-07-07 15:11:55] [DEBUG] Screen::updateAreaC() finish.
[2026-07-07 15:11:55] [DEBUG] ConsoleController::AreaInitialAction() finish.
[2026-07-07 15:11:55] [DEBUG] Screen::areaView() start...
[2026-07-07 15:11:55] [DEBUG] Screen::areaView() finish.
[2026-07-07 15:11:56] [DEBUG] --- wwProject System Start ---
[2026-07-07 15:11:56] [DEBUG] Router::Router() /jemini/wwProjectV1.36/Develop/Console/ServerBridgeAction/
[2026-07-07 15:11:56] [DEBUG] Attempting to load: \Develop\Controllers\ConsoleController::ServerBridgeAction
[2026-07-07 15:11:56] [DEBUG] Router: Executing \Develop\Controllers\ConsoleController->ServerBridgeAction
[2026-07-07 15:11:56] [DEBUG] ConsoleController::ServerBridge() start...
[2026-07-07 15:11:56] [DEBUG] ConsoleController::ServerBridge() \Develop\Controllers\ProjectController::projectSelectAction()
[2026-07-07 15:11:56] [DEBUG] ProjectController::projectSelectAction() start...
[2026-07-07 15:11:56] [DEBUG] ProjectController::projectSelectAction() ☆★☆　SampleProject１
[2026-07-07 15:11:56] [DEBUG] Screen::updateAreaB() path: \Develop\Views\AreaB\Area_B.view start...
[2026-07-07 15:11:56] [DEBUG] Screen::getContents() start...
[2026-07-07 15:11:56] [DEBUG] Screen::getContents() finish.
[2026-07-07 15:11:56] [DEBUG] Screen::updateAreaB() finish.
[2026-07-07 15:11:56] [DEBUG] ProjectController::projectSelectAction() PRJ-D45FEF : PRJ-D45FEF
[2026-07-07 15:11:56] [DEBUG] ProjectController::getProjectListHtml() start...
[2026-07-07 15:11:56] [DEBUG] ProjectModel::getProjectList() start...
[2026-07-07 15:11:56] [DEBUG] ProjectModel::getProjectList() finish.
[2026-07-07 15:11:56] [DEBUG] CodeMasterModel：：getCodesByGroup() start...
[2026-07-07 15:11:56] [DEBUG] CodeMasterModel：：getCodesByGroup() finish.
[2026-07-07 15:11:56] [DEBUG] ProjectController::getNaviFooterHtml() start...
[2026-07-07 15:11:56] [DEBUG] ProjectController::getNaviFooterHtml() finish.
[2026-07-07 15:11:56] [DEBUG] Screen::updateAreaC() \Develop\Views\AreaC\Area_C.view start...
[2026-07-07 15:11:56] [DEBUG] Screen::getContents() start...
[2026-07-07 15:11:56] [DEBUG] Screen::getContents() finish.
[2026-07-07 15:11:56] [DEBUG] Screen::updateAreaC() finish.
[2026-07-07 15:11:56] [DEBUG] Screen::updateAreaD() path: \Develop\Views\AreaD\Area_D_clear.view start...
[2026-07-07 15:11:56] [DEBUG] Screen::getContents() start...
[2026-07-07 15:11:56] [DEBUG] Screen::getContents() finish.
[2026-07-07 15:11:56] [DEBUG] Screen::updateAreaD() finish.
[2026-07-07 15:11:56] [DEBUG] Screen::updateAreaE() [iframe起動版] path: \Develop\Views\AreaE\Area_E_clear.view start...
[2026-07-07 15:11:56] [DEBUG] Screen::getContents() start...
[2026-07-07 15:11:56] [DEBUG] Screen::getContents() finish.
[2026-07-07 15:11:56] [DEBUG] Screen::updateAreaE() finish.
[2026-07-07 15:11:56] [DEBUG] ProjectController::projectSelectAction() finish.
[2026-07-07 15:11:56] [DEBUG] Screen::areaView() start...
[2026-07-07 15:11:56] [DEBUG] Screen::areaView() finish.
[2026-07-07 15:11:57] [DEBUG] --- wwProject System Start ---
[2026-07-07 15:11:57] [DEBUG] Router::Router() /jemini/wwProjectV1.36/Develop/Console/ServerBridgeAction/
[2026-07-07 15:11:57] [DEBUG] Attempting to load: \Develop\Controllers\ConsoleController::ServerBridgeAction
[2026-07-07 15:11:57] [DEBUG] Router: Executing \Develop\Controllers\ConsoleController->ServerBridgeAction
[2026-07-07 15:11:57] [DEBUG] ConsoleController::ServerBridge() start...
[2026-07-07 15:11:57] [DEBUG] ConsoleController::ServerBridge() \Develop\Controllers\PartsDefinitionController::InitialAction()
[2026-07-07 15:11:57] [DEBUG] DBDefinitionController::initialAction() start...
[2026-07-07 15:11:57] [DEBUG] PartsDefinitionController::initialAction() projectId : PRJ-D45FEF
[2026-07-07 15:11:57] [DEBUG] PartsDefinitionModel::getAllPartsList() start... Project ID: PRJ-D45FEF
[2026-07-07 15:11:57] [DEBUG] Screen::updateAreaD() path: \Develop\Views\AreaD\PartsDefinition\PartsDefinitionList.view start...
[2026-07-07 15:11:57] [DEBUG] Screen::getContents() start...
[2026-07-07 15:11:57] [DEBUG] Screen::getContents() finish.
[2026-07-07 15:11:57] [DEBUG] Screen::updateAreaD() finish.
[2026-07-07 15:11:57] [DEBUG] Screen::updateAreaE() [iframe起動版] path: \Develop\Views\AreaE\Area_E_clear.view start...
[2026-07-07 15:11:57] [DEBUG] Screen::getContents() start...
[2026-07-07 15:11:57] [DEBUG] Screen::getContents() finish.
[2026-07-07 15:11:57] [DEBUG] Screen::updateAreaE() finish.
[2026-07-07 15:11:57] [DEBUG] DBDefinitionController::initialAction() end.
[2026-07-07 15:11:57] [DEBUG] Screen::areaView() start...
[2026-07-07 15:11:57] [DEBUG] Screen::areaView() finish.
[2026-07-07 15:11:58] [DEBUG] --- wwProject System Start ---
[2026-07-07 15:11:58] [DEBUG] Router::Router() /jemini/wwProjectV1.36/Develop/Console/ServerBridgeAction/
[2026-07-07 15:11:58] [DEBUG] Attempting to load: \Develop\Controllers\ConsoleController::ServerBridgeAction
[2026-07-07 15:11:58] [DEBUG] Router: Executing \Develop\Controllers\ConsoleController->ServerBridgeAction
[2026-07-07 15:11:58] [DEBUG] ConsoleController::ServerBridge() start...
[2026-07-07 15:11:58] [DEBUG] ConsoleController::ServerBridge() \Develop\Controllers\PartsDefinitionController::editPartsAction()
[2026-07-07 15:11:58] [DEBUG] PartsDefinitionController::editPartsAction() start...
[2026-07-07 15:11:58] [DEBUG] PartsDefinitionModel::getAllPartsList() start... Project ID: PRJ-D45FEF
[2026-07-07 15:11:58] [DEBUG] PartsDefinitionModel::getColumnsByTableId() start... Input: developers
[2026-07-07 15:11:58] [DEBUG] 逆引き成功: 物理名 developers -> table_id : 6
[2026-07-07 15:11:58] [DEBUG] PartsDefinitionModel::getColumnsByTableId() finish. 件数: 9
[2026-07-07 15:11:58] [DEBUG] PartsDefinitionModel::getTableStructure() start... Project ID: PRJ-D45FEF
[2026-07-07 15:11:58] [DEBUG] Screen::updateAreaE() [iframe起動版] path: \Develop\Views\AreaE\PartsDefinition\RegistParts.view start...
[2026-07-07 15:11:58] [DEBUG] Screen::getContents() start...
[2026-07-07 15:11:58] [DEBUG] Screen::getContents() finish.
[2026-07-07 15:11:58] [DEBUG] Screen::updateAreaE() finish.
[2026-07-07 15:11:58] [DEBUG] PartsDefinitionController::editPartsAction() end.
[2026-07-07 15:11:58] [DEBUG] Screen::areaView() start...
[2026-07-07 15:11:58] [DEBUG] Screen::areaView() finish.
[2026-07-07 15:12:01] [DEBUG] --- wwProject System Start ---
[2026-07-07 15:12:01] [DEBUG] Router::Router() /jemini/wwProjectV1.36/Develop/Console/ServerBridgeAction/
[2026-07-07 15:12:01] [DEBUG] Attempting to load: \Develop\Controllers\ConsoleController::ServerBridgeAction
[2026-07-07 15:12:01] [DEBUG] Router: Executing \Develop\Controllers\ConsoleController->ServerBridgeAction
[2026-07-07 15:12:01] [DEBUG] ConsoleController::ServerBridge() start...
[2026-07-07 15:12:01] [DEBUG] ConsoleController::ServerBridge() \Develop\Controllers\PartsDefinitionController::getColumnsAction()
[2026-07-07 15:12:01] [DEBUG] PartsDefinitionController::getColumnsAction() start...
[2026-07-07 15:12:01] [DEBUG] PartsDefinitionModel::getColumnsByTableId() start... Input: developers2
[2026-07-07 15:12:01] [DEBUG] 逆引き成功: 物理名 developers2 -> table_id : 8
[2026-07-07 15:12:01] [DEBUG] PartsDefinitionModel::getColumnsByTableId() finish. 件数: 8
[2026-07-07 15:12:01] [DEBUG] PartsDefinitionModel::getTableStructure() start... Project ID: PRJ-D45FEF
[2026-07-07 15:12:01] [DEBUG] Screen::updateAreaE() [iframe起動版] path: \Develop\Views\AreaE\PartsDefinition\RegistParts.view start...
[2026-07-07 15:12:01] [DEBUG] Screen::getContents() start...
[2026-07-07 15:12:01] [DEBUG] Screen::getContents() finish.
[2026-07-07 15:12:01] [DEBUG] Screen::updateAreaE() finish.
[2026-07-07 15:12:01] [DEBUG] PartsDefinitionController::getColumnsAction() end.
[2026-07-07 15:12:01] [DEBUG] Screen::areaView() start...
[2026-07-07 15:12:01] [DEBUG] Screen::areaView() finish.
[2026-07-07 15:12:36] [DEBUG] --- wwProject System Start ---
[2026-07-07 15:12:36] [DEBUG] Router::Router() /jemini/wwProjectV1.36/Develop/
[2026-07-07 15:12:36] [DEBUG] Attempting to load: \Develop\Controllers\LoginController::initialAction
[2026-07-07 15:12:36] [DEBUG] Router: Executing \Develop\Controllers\LoginController->initialAction
[2026-07-07 15:12:36] [DEBUG] Login::initialAction() start...
[2026-07-07 15:12:36] [DEBUG] Login::initialAction() errorMessage : 
[2026-07-07 15:12:36] [DEBUG] Screen::view() path: \Develop\Views\Login\Login.view start...
[2026-07-07 15:12:36] [DEBUG] Screen::getContents() start...
[2026-07-07 15:12:36] [DEBUG] Screen::getContents() finish.
[2026-07-07 15:12:36] [DEBUG] Screen::view() path: \Develop\Views\Login\Login.view finish.
[2026-07-07 15:12:36] [DEBUG] Login::initialAction() finish.
[2026-07-07 15:12:40] [DEBUG] --- wwProject System Start ---
[2026-07-07 15:12:40] [DEBUG] Router::Router() /jemini/wwProjectV1.36/Develop/Login/authentication/
[2026-07-07 15:12:40] [DEBUG] Attempting to load: \Develop\Controllers\LoginController::authenticationAction
[2026-07-07 15:12:40] [DEBUG] Router: Executing \Develop\Controllers\LoginController->authenticationAction
[2026-07-07 15:12:40] [DEBUG] Login::AuthenticationAction() start...
[2026-07-07 15:12:40] [DEBUG] Login OK - x
[2026-07-07 15:12:40] [DEBUG] Session::start()
[2026-07-07 15:12:40] [DEBUG] Redirect to Console::initialAction()
[2026-07-07 15:12:40] [DEBUG] --- wwProject System Start ---
[2026-07-07 15:12:40] [DEBUG] Router::Router() /jemini/wwProjectV1.36/Develop/Console/initial/
[2026-07-07 15:12:40] [DEBUG] Attempting to load: \Develop\Controllers\ConsoleController::initialAction
[2026-07-07 15:12:40] [DEBUG] Router: Executing \Develop\Controllers\ConsoleController->initialAction
[2026-07-07 15:12:40] [DEBUG] Console::initialAction() start...
[2026-07-07 15:12:40] [DEBUG] Screen::view() path: \Develop\Views\Console\Console.view start...
[2026-07-07 15:12:40] [DEBUG] Screen::getContents() start...
[2026-07-07 15:12:40] [DEBUG] Screen::getContents() finish.
[2026-07-07 15:12:40] [DEBUG] Screen::view() path: \Develop\Views\Console\Console.view finish.
[2026-07-07 15:12:40] [DEBUG] ConsoleController::initialAction() finish.
[2026-07-07 15:12:40] [DEBUG] --- wwProject System Start ---
[2026-07-07 15:12:41] [DEBUG] Router::Router() /jemini/wwProjectV1.36/Develop/Console/ServerBridgeAction/
[2026-07-07 15:12:41] [DEBUG] Attempting to load: \Develop\Controllers\ConsoleController::ServerBridgeAction
[2026-07-07 15:12:41] [DEBUG] Router: Executing \Develop\Controllers\ConsoleController->ServerBridgeAction
[2026-07-07 15:12:41] [DEBUG] ConsoleController::ServerBridge() start...
[2026-07-07 15:12:41] [DEBUG] ConsoleController::ServerBridge() \Develop\Controllers\ConsoleController::areaInitialAction()
[2026-07-07 15:12:41] [DEBUG] ConsoleController::AreaInitialAction() start...
[2026-07-07 15:12:41] [DEBUG] Screen::updateAreaA() path: \Develop\Views\AreaA\Area_A.view start...
[2026-07-07 15:12:41] [DEBUG] Screen::areaView() sending JSON: ["areas"]
[2026-07-07 15:12:41] [DEBUG] Screen::getContents() start...
[2026-07-07 15:12:41] [DEBUG] Screen::getContents() finish.
[2026-07-07 15:12:41] [DEBUG] Screen::updateAreaA() finish.
[2026-07-07 15:12:41] [DEBUG] Screen::updateAreaB() path: \Develop\Views\AreaB\Area_B.view start...
[2026-07-07 15:12:41] [DEBUG] Screen::getContents() start...
[2026-07-07 15:12:41] [DEBUG] Screen::getContents() finish.
[2026-07-07 15:12:41] [DEBUG] Screen::updateAreaB() finish.
[2026-07-07 15:12:41] [DEBUG] Screen::updateAreaD() path: \Develop\Views\AreaD\Area_D_clear.view start...
[2026-07-07 15:12:41] [DEBUG] Screen::getContents() start...
[2026-07-07 15:12:41] [DEBUG] Screen::getContents() finish.
[2026-07-07 15:12:41] [DEBUG] Screen::updateAreaD() finish.
[2026-07-07 15:12:41] [DEBUG] Screen::updateAreaE() [iframe起動版] path: \Develop\Views\AreaE\Area_E_clear.view start...
[2026-07-07 15:12:41] [DEBUG] Screen::getContents() start...
[2026-07-07 15:12:41] [DEBUG] Screen::getContents() finish.
[2026-07-07 15:12:41] [DEBUG] Screen::updateAreaE() finish.
[2026-07-07 15:12:41] [DEBUG] Screen::updateAreaF() path: \Develop\Views\AreaF\Area_F.view start...
[2026-07-07 15:12:41] [DEBUG] Screen::getContents() start...
[2026-07-07 15:12:41] [DEBUG] Screen::getContents() finish.
[2026-07-07 15:12:41] [DEBUG] Screen::updateAreaF() finish.
[2026-07-07 15:12:41] [DEBUG] ProjectController::startProjectNabi() start...
[2026-07-07 15:12:41] [DEBUG] ProjectController::getProjectListHtml() start...
[2026-07-07 15:12:41] [DEBUG] ProjectModel::getProjectList() start...
[2026-07-07 15:12:41] [DEBUG] ProjectModel::getProjectList() finish.
[2026-07-07 15:12:41] [DEBUG] CodeMasterModel：：getCodesByGroup() start...
[2026-07-07 15:12:41] [DEBUG] CodeMasterModel：：getCodesByGroup() finish.
[2026-07-07 15:12:41] [DEBUG] ProjectController::getNaviFooterHtml() start...
[2026-07-07 15:12:41] [DEBUG] ProjectController::getNaviFooterHtml() finish.
[2026-07-07 15:12:41] [DEBUG] ProjectController::startProjectNabi() finish.
[2026-07-07 15:12:41] [DEBUG] Screen::updateAreaC() \Develop\Views\AreaC\Area_C.view start...
[2026-07-07 15:12:41] [DEBUG] Screen::getContents() start...
[2026-07-07 15:12:41] [DEBUG] Screen::getContents() finish.
[2026-07-07 15:12:41] [DEBUG] Screen::updateAreaC() finish.
[2026-07-07 15:12:41] [DEBUG] ConsoleController::AreaInitialAction() finish.
[2026-07-07 15:12:41] [DEBUG] Screen::areaView() start...
[2026-07-07 15:12:41] [DEBUG] Screen::areaView() finish.
[2026-07-07 15:12:42] [DEBUG] --- wwProject System Start ---
[2026-07-07 15:12:42] [DEBUG] Router::Router() /jemini/wwProjectV1.36/Develop/Console/ServerBridgeAction/
[2026-07-07 15:12:42] [DEBUG] Attempting to load: \Develop\Controllers\ConsoleController::ServerBridgeAction
[2026-07-07 15:12:42] [DEBUG] Router: Executing \Develop\Controllers\ConsoleController->ServerBridgeAction
[2026-07-07 15:12:42] [DEBUG] ConsoleController::ServerBridge() start...
[2026-07-07 15:12:42] [DEBUG] ConsoleController::ServerBridge() \Develop\Controllers\ProjectController::projectSelectAction()
[2026-07-07 15:12:42] [DEBUG] ProjectController::projectSelectAction() start...
[2026-07-07 15:12:42] [DEBUG] ProjectController::projectSelectAction() ☆★☆　SampleProject１
[2026-07-07 15:12:42] [DEBUG] Screen::updateAreaB() path: \Develop\Views\AreaB\Area_B.view start...
[2026-07-07 15:12:42] [DEBUG] Screen::getContents() start...
[2026-07-07 15:12:42] [DEBUG] Screen::getContents() finish.
[2026-07-07 15:12:42] [DEBUG] Screen::updateAreaB() finish.
[2026-07-07 15:12:42] [DEBUG] ProjectController::projectSelectAction() PRJ-D45FEF : PRJ-D45FEF
[2026-07-07 15:12:42] [DEBUG] ProjectController::getProjectListHtml() start...
[2026-07-07 15:12:42] [DEBUG] ProjectModel::getProjectList() start...
[2026-07-07 15:12:42] [DEBUG] ProjectModel::getProjectList() finish.
[2026-07-07 15:12:42] [DEBUG] CodeMasterModel：：getCodesByGroup() start...
[2026-07-07 15:12:42] [DEBUG] CodeMasterModel：：getCodesByGroup() finish.
[2026-07-07 15:12:42] [DEBUG] ProjectController::getNaviFooterHtml() start...
[2026-07-07 15:12:42] [DEBUG] ProjectController::getNaviFooterHtml() finish.
[2026-07-07 15:12:42] [DEBUG] Screen::updateAreaC() \Develop\Views\AreaC\Area_C.view start...
[2026-07-07 15:12:42] [DEBUG] Screen::getContents() start...
[2026-07-07 15:12:42] [DEBUG] Screen::getContents() finish.
[2026-07-07 15:12:42] [DEBUG] Screen::updateAreaC() finish.
[2026-07-07 15:12:42] [DEBUG] Screen::updateAreaD() path: \Develop\Views\AreaD\Area_D_clear.view start...
[2026-07-07 15:12:42] [DEBUG] Screen::getContents() start...
[2026-07-07 15:12:42] [DEBUG] Screen::getContents() finish.
[2026-07-07 15:12:42] [DEBUG] Screen::updateAreaD() finish.
[2026-07-07 15:12:42] [DEBUG] Screen::updateAreaE() [iframe起動版] path: \Develop\Views\AreaE\Area_E_clear.view start...
[2026-07-07 15:12:42] [DEBUG] Screen::getContents() start...
[2026-07-07 15:12:42] [DEBUG] Screen::getContents() finish.
[2026-07-07 15:12:42] [DEBUG] Screen::updateAreaE() finish.
[2026-07-07 15:12:42] [DEBUG] ProjectController::projectSelectAction() finish.
[2026-07-07 15:12:42] [DEBUG] Screen::areaView() start...
[2026-07-07 15:12:42] [DEBUG] Screen::areaView() finish.
[2026-07-07 15:12:43] [DEBUG] --- wwProject System Start ---
[2026-07-07 15:12:43] [DEBUG] Router::Router() /jemini/wwProjectV1.36/Develop/Console/ServerBridgeAction/
[2026-07-07 15:12:43] [DEBUG] Attempting to load: \Develop\Controllers\ConsoleController::ServerBridgeAction
[2026-07-07 15:12:43] [DEBUG] Router: Executing \Develop\Controllers\ConsoleController->ServerBridgeAction
[2026-07-07 15:12:43] [DEBUG] ConsoleController::ServerBridge() start...
[2026-07-07 15:12:43] [DEBUG] ConsoleController::ServerBridge() \Develop\Controllers\PartsDefinitionController::InitialAction()
[2026-07-07 15:12:43] [DEBUG] DBDefinitionController::initialAction() start...
[2026-07-07 15:12:43] [DEBUG] PartsDefinitionController::initialAction() projectId : PRJ-D45FEF
[2026-07-07 15:12:43] [DEBUG] PartsDefinitionModel::getAllPartsList() start... Project ID: PRJ-D45FEF
[2026-07-07 15:12:43] [DEBUG] Screen::updateAreaD() path: \Develop\Views\AreaD\PartsDefinition\PartsDefinitionList.view start...
[2026-07-07 15:12:43] [DEBUG] Screen::getContents() start...
[2026-07-07 15:12:43] [DEBUG] Screen::getContents() finish.
[2026-07-07 15:12:43] [DEBUG] Screen::updateAreaD() finish.
[2026-07-07 15:12:43] [DEBUG] Screen::updateAreaE() [iframe起動版] path: \Develop\Views\AreaE\Area_E_clear.view start...
[2026-07-07 15:12:43] [DEBUG] Screen::getContents() start...
[2026-07-07 15:12:43] [DEBUG] Screen::getContents() finish.
[2026-07-07 15:12:43] [DEBUG] Screen::updateAreaE() finish.
[2026-07-07 15:12:43] [DEBUG] DBDefinitionController::initialAction() end.
[2026-07-07 15:12:43] [DEBUG] Screen::areaView() start...
[2026-07-07 15:12:43] [DEBUG] Screen::areaView() finish.
[2026-07-07 15:12:44] [DEBUG] --- wwProject System Start ---
[2026-07-07 15:12:44] [DEBUG] Router::Router() /jemini/wwProjectV1.36/Develop/Console/ServerBridgeAction/
[2026-07-07 15:12:44] [DEBUG] Attempting to load: \Develop\Controllers\ConsoleController::ServerBridgeAction
[2026-07-07 15:12:44] [DEBUG] Router: Executing \Develop\Controllers\ConsoleController->ServerBridgeAction
[2026-07-07 15:12:44] [DEBUG] ConsoleController::ServerBridge() start...
[2026-07-07 15:12:44] [DEBUG] ConsoleController::ServerBridge() \Develop\Controllers\PartsDefinitionController::editPartsAction()
[2026-07-07 15:12:44] [DEBUG] PartsDefinitionController::editPartsAction() start...
[2026-07-07 15:12:44] [DEBUG] PartsDefinitionModel::getAllPartsList() start... Project ID: PRJ-D45FEF
[2026-07-07 15:12:44] [DEBUG] PartsDefinitionModel::getColumnsByTableId() start... Input: developers
[2026-07-07 15:12:44] [DEBUG] 逆引き成功: 物理名 developers -> table_id : 6
[2026-07-07 15:12:44] [DEBUG] PartsDefinitionModel::getColumnsByTableId() finish. 件数: 9
[2026-07-07 15:12:44] [DEBUG] PartsDefinitionModel::getTableStructure() start... Project ID: PRJ-D45FEF
[2026-07-07 15:12:44] [DEBUG] Screen::updateAreaE() [iframe起動版] path: \Develop\Views\AreaE\PartsDefinition\RegistParts.view start...
[2026-07-07 15:12:44] [DEBUG] Screen::getContents() start...
[2026-07-07 15:12:44] [DEBUG] Screen::getContents() finish.
[2026-07-07 15:12:44] [DEBUG] Screen::updateAreaE() finish.
[2026-07-07 15:12:44] [DEBUG] PartsDefinitionController::editPartsAction() end.
[2026-07-07 15:12:44] [DEBUG] Screen::areaView() start...
[2026-07-07 15:12:44] [DEBUG] Screen::areaView() finish.
[2026-07-07 15:12:48] [DEBUG] --- wwProject System Start ---
[2026-07-07 15:12:48] [DEBUG] Router::Router() /jemini/wwProjectV1.36/Develop/Console/ServerBridgeAction/
[2026-07-07 15:12:48] [DEBUG] Attempting to load: \Develop\Controllers\ConsoleController::ServerBridgeAction
[2026-07-07 15:12:48] [DEBUG] Router: Executing \Develop\Controllers\ConsoleController->ServerBridgeAction
[2026-07-07 15:12:48] [DEBUG] ConsoleController::ServerBridge() start...
[2026-07-07 15:12:48] [DEBUG] ConsoleController::ServerBridge() \Develop\Controllers\PartsDefinitionController::getColumnsAction()
[2026-07-07 15:12:48] [DEBUG] PartsDefinitionController::getColumnsAction() start...
[2026-07-07 15:12:48] [DEBUG] PartsDefinitionModel::getColumnsByTableId() start... Input: developers2
[2026-07-07 15:12:48] [DEBUG] 逆引き成功: 物理名 developers2 -> table_id : 8
[2026-07-07 15:12:48] [DEBUG] PartsDefinitionModel::getColumnsByTableId() finish. 件数: 8
[2026-07-07 15:12:48] [DEBUG] PartsDefinitionModel::getTableStructure() start... Project ID: PRJ-D45FEF
[2026-07-07 15:12:48] [DEBUG] Screen::updateAreaE() [iframe起動版] path: \Develop\Views\AreaE\PartsDefinition\RegistParts.view start...
[2026-07-07 15:12:48] [DEBUG] Screen::getContents() start...
[2026-07-07 15:12:48] [DEBUG] Screen::getContents() finish.
[2026-07-07 15:12:48] [DEBUG] Screen::updateAreaE() finish.
[2026-07-07 15:12:48] [DEBUG] PartsDefinitionController::getColumnsAction() end.
[2026-07-07 15:12:48] [DEBUG] Screen::areaView() start...
[2026-07-07 15:12:48] [DEBUG] Screen::areaView() finish.
[2026-07-07 15:13:22] [DEBUG] --- wwProject System Start ---
[2026-07-07 15:13:22] [DEBUG] Router::Router() /jemini/wwProjectV1.36/develop/
[2026-07-07 15:13:22] [DEBUG] Attempting to load: \Develop\Controllers\LoginController::initialAction
[2026-07-07 15:13:22] [DEBUG] Router: Executing \Develop\Controllers\LoginController->initialAction
[2026-07-07 15:13:22] [DEBUG] Login::initialAction() start...
[2026-07-07 15:13:22] [DEBUG] Login::initialAction() errorMessage : 
[2026-07-07 15:13:22] [DEBUG] Screen::view() path: \Develop\Views\Login\Login.view start...
[2026-07-07 15:13:22] [DEBUG] Screen::getContents() start...
[2026-07-07 15:13:22] [DEBUG] Screen::getContents() finish.
[2026-07-07 15:13:22] [DEBUG] Screen::view() path: \Develop\Views\Login\Login.view finish.
[2026-07-07 15:13:22] [DEBUG] Login::initialAction() finish.
[2026-07-07 15:13:25] [DEBUG] --- wwProject System Start ---
[2026-07-07 15:13:25] [DEBUG] Router::Router() /jemini/wwProjectV1.36/Develop/Login/authentication/
[2026-07-07 15:13:25] [DEBUG] Attempting to load: \Develop\Controllers\LoginController::authenticationAction
[2026-07-07 15:13:25] [DEBUG] Router: Executing \Develop\Controllers\LoginController->authenticationAction
[2026-07-07 15:13:25] [DEBUG] Login::AuthenticationAction() start...
[2026-07-07 15:13:25] [DEBUG] Login OK - x
[2026-07-07 15:13:25] [DEBUG] Session::start()
[2026-07-07 15:13:25] [DEBUG] Redirect to Console::initialAction()
[2026-07-07 15:13:25] [DEBUG] --- wwProject System Start ---
[2026-07-07 15:13:25] [DEBUG] Router::Router() /jemini/wwProjectV1.36/Develop/Console/initial/
[2026-07-07 15:13:25] [DEBUG] Attempting to load: \Develop\Controllers\ConsoleController::initialAction
[2026-07-07 15:13:25] [DEBUG] Router: Executing \Develop\Controllers\ConsoleController->initialAction
[2026-07-07 15:13:25] [DEBUG] Console::initialAction() start...
[2026-07-07 15:13:25] [DEBUG] Screen::view() path: \Develop\Views\Console\Console.view start...
[2026-07-07 15:13:25] [DEBUG] Screen::getContents() start...
[2026-07-07 15:13:25] [DEBUG] Screen::getContents() finish.
[2026-07-07 15:13:25] [DEBUG] Screen::view() path: \Develop\Views\Console\Console.view finish.
[2026-07-07 15:13:25] [DEBUG] ConsoleController::initialAction() finish.
[2026-07-07 15:13:26] [DEBUG] --- wwProject System Start ---
[2026-07-07 15:13:26] [DEBUG] Router::Router() /jemini/wwProjectV1.36/Develop/Console/ServerBridgeAction/
[2026-07-07 15:13:26] [DEBUG] Attempting to load: \Develop\Controllers\ConsoleController::ServerBridgeAction
[2026-07-07 15:13:26] [DEBUG] Router: Executing \Develop\Controllers\ConsoleController->ServerBridgeAction
[2026-07-07 15:13:26] [DEBUG] ConsoleController::ServerBridge() start...
[2026-07-07 15:13:26] [DEBUG] ConsoleController::ServerBridge() \Develop\Controllers\ConsoleController::areaInitialAction()
[2026-07-07 15:13:26] [DEBUG] ConsoleController::AreaInitialAction() start...
[2026-07-07 15:13:26] [DEBUG] Screen::updateAreaA() path: \Develop\Views\AreaA\Area_A.view start...
[2026-07-07 15:13:26] [DEBUG] Screen::areaView() sending JSON: ["areas"]
[2026-07-07 15:13:26] [DEBUG] Screen::getContents() start...
[2026-07-07 15:13:26] [DEBUG] Screen::getContents() finish.
[2026-07-07 15:13:26] [DEBUG] Screen::updateAreaA() finish.
[2026-07-07 15:13:26] [DEBUG] Screen::updateAreaB() path: \Develop\Views\AreaB\Area_B.view start...
[2026-07-07 15:13:26] [DEBUG] Screen::getContents() start...
[2026-07-07 15:13:26] [DEBUG] Screen::getContents() finish.
[2026-07-07 15:13:26] [DEBUG] Screen::updateAreaB() finish.
[2026-07-07 15:13:26] [DEBUG] Screen::updateAreaD() path: \Develop\Views\AreaD\Area_D_clear.view start...
[2026-07-07 15:13:26] [DEBUG] Screen::getContents() start...
[2026-07-07 15:13:26] [DEBUG] Screen::getContents() finish.
[2026-07-07 15:13:26] [DEBUG] Screen::updateAreaD() finish.
[2026-07-07 15:13:26] [DEBUG] Screen::updateAreaE() [iframe起動版] path: \Develop\Views\AreaE\Area_E_clear.view start...
[2026-07-07 15:13:26] [DEBUG] Screen::getContents() start...
[2026-07-07 15:13:26] [DEBUG] Screen::getContents() finish.
[2026-07-07 15:13:26] [DEBUG] Screen::updateAreaE() finish.
[2026-07-07 15:13:26] [DEBUG] Screen::updateAreaF() path: \Develop\Views\AreaF\Area_F.view start...
[2026-07-07 15:13:26] [DEBUG] Screen::getContents() start...
[2026-07-07 15:13:26] [DEBUG] Screen::getContents() finish.
[2026-07-07 15:13:26] [DEBUG] Screen::updateAreaF() finish.
[2026-07-07 15:13:26] [DEBUG] ProjectController::startProjectNabi() start...
[2026-07-07 15:13:26] [DEBUG] ProjectController::getProjectListHtml() start...
[2026-07-07 15:13:26] [DEBUG] ProjectModel::getProjectList() start...
[2026-07-07 15:13:26] [DEBUG] ProjectModel::getProjectList() finish.
[2026-07-07 15:13:26] [DEBUG] CodeMasterModel：：getCodesByGroup() start...
[2026-07-07 15:13:26] [DEBUG] CodeMasterModel：：getCodesByGroup() finish.
[2026-07-07 15:13:26] [DEBUG] ProjectController::getNaviFooterHtml() start...
[2026-07-07 15:13:26] [DEBUG] ProjectController::getNaviFooterHtml() finish.
[2026-07-07 15:13:26] [DEBUG] ProjectController::startProjectNabi() finish.
[2026-07-07 15:13:26] [DEBUG] Screen::updateAreaC() \Develop\Views\AreaC\Area_C.view start...
[2026-07-07 15:13:26] [DEBUG] Screen::getContents() start...
[2026-07-07 15:13:26] [DEBUG] Screen::getContents() finish.
[2026-07-07 15:13:26] [DEBUG] Screen::updateAreaC() finish.
[2026-07-07 15:13:26] [DEBUG] ConsoleController::AreaInitialAction() finish.
[2026-07-07 15:13:26] [DEBUG] Screen::areaView() start...
[2026-07-07 15:13:26] [DEBUG] Screen::areaView() finish.
[2026-07-07 15:13:27] [DEBUG] --- wwProject System Start ---
[2026-07-07 15:13:27] [DEBUG] Router::Router() /jemini/wwProjectV1.36/Develop/Console/ServerBridgeAction/
[2026-07-07 15:13:27] [DEBUG] Attempting to load: \Develop\Controllers\ConsoleController::ServerBridgeAction
[2026-07-07 15:13:27] [DEBUG] Router: Executing \Develop\Controllers\ConsoleController->ServerBridgeAction
[2026-07-07 15:13:27] [DEBUG] ConsoleController::ServerBridge() start...
[2026-07-07 15:13:27] [DEBUG] ConsoleController::ServerBridge() \Develop\Controllers\ProjectController::projectSelectAction()
[2026-07-07 15:13:27] [DEBUG] ProjectController::projectSelectAction() start...
[2026-07-07 15:13:27] [DEBUG] ProjectController::projectSelectAction() ☆★☆　SampleProject１
[2026-07-07 15:13:27] [DEBUG] Screen::updateAreaB() path: \Develop\Views\AreaB\Area_B.view start...
[2026-07-07 15:13:27] [DEBUG] Screen::getContents() start...
[2026-07-07 15:13:27] [DEBUG] Screen::getContents() finish.
[2026-07-07 15:13:27] [DEBUG] Screen::updateAreaB() finish.
[2026-07-07 15:13:27] [DEBUG] ProjectController::projectSelectAction() PRJ-D45FEF : PRJ-D45FEF
[2026-07-07 15:13:27] [DEBUG] ProjectController::getProjectListHtml() start...
[2026-07-07 15:13:27] [DEBUG] ProjectModel::getProjectList() start...
[2026-07-07 15:13:27] [DEBUG] ProjectModel::getProjectList() finish.
[2026-07-07 15:13:27] [DEBUG] CodeMasterModel：：getCodesByGroup() start...
[2026-07-07 15:13:27] [DEBUG] CodeMasterModel：：getCodesByGroup() finish.
[2026-07-07 15:13:27] [DEBUG] ProjectController::getNaviFooterHtml() start...
[2026-07-07 15:13:27] [DEBUG] ProjectController::getNaviFooterHtml() finish.
[2026-07-07 15:13:27] [DEBUG] Screen::updateAreaC() \Develop\Views\AreaC\Area_C.view start...
[2026-07-07 15:13:27] [DEBUG] Screen::getContents() start...
[2026-07-07 15:13:27] [DEBUG] Screen::getContents() finish.
[2026-07-07 15:13:27] [DEBUG] Screen::updateAreaC() finish.
[2026-07-07 15:13:27] [DEBUG] Screen::updateAreaD() path: \Develop\Views\AreaD\Area_D_clear.view start...
[2026-07-07 15:13:27] [DEBUG] Screen::getContents() start...
[2026-07-07 15:13:27] [DEBUG] Screen::getContents() finish.
[2026-07-07 15:13:27] [DEBUG] Screen::updateAreaD() finish.
[2026-07-07 15:13:27] [DEBUG] Screen::updateAreaE() [iframe起動版] path: \Develop\Views\AreaE\Area_E_clear.view start...
[2026-07-07 15:13:27] [DEBUG] Screen::getContents() start...
[2026-07-07 15:13:27] [DEBUG] Screen::getContents() finish.
[2026-07-07 15:13:27] [DEBUG] Screen::updateAreaE() finish.
[2026-07-07 15:13:27] [DEBUG] ProjectController::projectSelectAction() finish.
[2026-07-07 15:13:27] [DEBUG] Screen::areaView() start...
[2026-07-07 15:13:27] [DEBUG] Screen::areaView() finish.
[2026-07-07 15:13:28] [DEBUG] --- wwProject System Start ---
[2026-07-07 15:13:28] [DEBUG] Router::Router() /jemini/wwProjectV1.36/Develop/Console/ServerBridgeAction/
[2026-07-07 15:13:28] [DEBUG] Attempting to load: \Develop\Controllers\ConsoleController::ServerBridgeAction
[2026-07-07 15:13:28] [DEBUG] Router: Executing \Develop\Controllers\ConsoleController->ServerBridgeAction
[2026-07-07 15:13:28] [DEBUG] ConsoleController::ServerBridge() start...
[2026-07-07 15:13:28] [DEBUG] ConsoleController::ServerBridge() \Develop\Controllers\PartsDefinitionController::InitialAction()
[2026-07-07 15:13:28] [DEBUG] DBDefinitionController::initialAction() start...
[2026-07-07 15:13:28] [DEBUG] PartsDefinitionController::initialAction() projectId : PRJ-D45FEF
[2026-07-07 15:13:28] [DEBUG] PartsDefinitionModel::getAllPartsList() start... Project ID: PRJ-D45FEF
[2026-07-07 15:13:28] [DEBUG] Screen::updateAreaD() path: \Develop\Views\AreaD\PartsDefinition\PartsDefinitionList.view start...
[2026-07-07 15:13:28] [DEBUG] Screen::getContents() start...
[2026-07-07 15:13:28] [DEBUG] Screen::getContents() finish.
[2026-07-07 15:13:28] [DEBUG] Screen::updateAreaD() finish.
[2026-07-07 15:13:28] [DEBUG] Screen::updateAreaE() [iframe起動版] path: \Develop\Views\AreaE\Area_E_clear.view start...
[2026-07-07 15:13:28] [DEBUG] Screen::getContents() start...
[2026-07-07 15:13:28] [DEBUG] Screen::getContents() finish.
[2026-07-07 15:13:28] [DEBUG] Screen::updateAreaE() finish.
[2026-07-07 15:13:28] [DEBUG] DBDefinitionController::initialAction() end.
[2026-07-07 15:13:28] [DEBUG] Screen::areaView() start...
[2026-07-07 15:13:28] [DEBUG] Screen::areaView() finish.
[2026-07-07 15:13:30] [DEBUG] --- wwProject System Start ---
[2026-07-07 15:13:30] [DEBUG] Router::Router() /jemini/wwProjectV1.36/Develop/Console/ServerBridgeAction/
[2026-07-07 15:13:30] [DEBUG] Attempting to load: \Develop\Controllers\ConsoleController::ServerBridgeAction
[2026-07-07 15:13:30] [DEBUG] Router: Executing \Develop\Controllers\ConsoleController->ServerBridgeAction
[2026-07-07 15:13:30] [DEBUG] ConsoleController::ServerBridge() start...
[2026-07-07 15:13:30] [DEBUG] ConsoleController::ServerBridge() \Develop\Controllers\PartsDefinitionController::editPartsAction()
[2026-07-07 15:13:30] [DEBUG] PartsDefinitionController::editPartsAction() start...
[2026-07-07 15:13:30] [DEBUG] PartsDefinitionModel::getAllPartsList() start... Project ID: PRJ-D45FEF
[2026-07-07 15:13:30] [DEBUG] PartsDefinitionModel::getColumnsByTableId() start... Input: developers
[2026-07-07 15:13:30] [DEBUG] 逆引き成功: 物理名 developers -> table_id : 6
[2026-07-07 15:13:30] [DEBUG] PartsDefinitionModel::getColumnsByTableId() finish. 件数: 9
[2026-07-07 15:13:30] [DEBUG] PartsDefinitionModel::getTableStructure() start... Project ID: PRJ-D45FEF
[2026-07-07 15:13:30] [DEBUG] Screen::updateAreaE() [iframe起動版] path: \Develop\Views\AreaE\PartsDefinition\RegistParts.view start...
[2026-07-07 15:13:30] [DEBUG] Screen::getContents() start...
[2026-07-07 15:13:30] [DEBUG] Screen::getContents() finish.
[2026-07-07 15:13:30] [DEBUG] Screen::updateAreaE() finish.
[2026-07-07 15:13:30] [DEBUG] PartsDefinitionController::editPartsAction() end.
[2026-07-07 15:13:30] [DEBUG] Screen::areaView() start...
[2026-07-07 15:13:30] [DEBUG] Screen::areaView() finish.
[2026-07-07 15:13:33] [DEBUG] --- wwProject System Start ---
[2026-07-07 15:13:33] [DEBUG] Router::Router() /jemini/wwProjectV1.36/Develop/Console/ServerBridgeAction/
[2026-07-07 15:13:33] [DEBUG] Attempting to load: \Develop\Controllers\ConsoleController::ServerBridgeAction
[2026-07-07 15:13:33] [DEBUG] Router: Executing \Develop\Controllers\ConsoleController->ServerBridgeAction
[2026-07-07 15:13:33] [DEBUG] ConsoleController::ServerBridge() start...
[2026-07-07 15:13:33] [DEBUG] ConsoleController::ServerBridge() \Develop\Controllers\PartsDefinitionController::getColumnsAction()
[2026-07-07 15:13:33] [DEBUG] PartsDefinitionController::getColumnsAction() start...
[2026-07-07 15:13:33] [DEBUG] PartsDefinitionModel::getColumnsByTableId() start... Input: developers2
[2026-07-07 15:13:33] [DEBUG] 逆引き成功: 物理名 developers2 -> table_id : 8
[2026-07-07 15:13:33] [DEBUG] PartsDefinitionModel::getColumnsByTableId() finish. 件数: 8
[2026-07-07 15:13:33] [DEBUG] PartsDefinitionModel::getTableStructure() start... Project ID: PRJ-D45FEF
[2026-07-07 15:13:33] [DEBUG] Screen::updateAreaE() [iframe起動版] path: \Develop\Views\AreaE\PartsDefinition\RegistParts.view start...
[2026-07-07 15:13:33] [DEBUG] Screen::getContents() start...
[2026-07-07 15:13:33] [DEBUG] Screen::getContents() finish.
[2026-07-07 15:13:33] [DEBUG] Screen::updateAreaE() finish.
[2026-07-07 15:13:33] [DEBUG] PartsDefinitionController::getColumnsAction() end.
[2026-07-07 15:13:33] [DEBUG] Screen::areaView() start...
[2026-07-07 15:13:33] [DEBUG] Screen::areaView() finish.
[2026-07-07 15:13:49] [DEBUG] --- wwProject System Start ---
[2026-07-07 15:13:49] [DEBUG] Router::Router() /jemini/wwProjectV1.36/Develop/Console/ServerBridgeAction/
[2026-07-07 15:13:49] [DEBUG] Attempting to load: \Develop\Controllers\ConsoleController::ServerBridgeAction
[2026-07-07 15:13:49] [DEBUG] Router: Executing \Develop\Controllers\ConsoleController->ServerBridgeAction
[2026-07-07 15:13:49] [DEBUG] ConsoleController::ServerBridge() start...
[2026-07-07 15:13:49] [DEBUG] ConsoleController::ServerBridge() \Develop\Controllers\PartsDefinitionController::editPartsAction()
[2026-07-07 15:13:49] [DEBUG] PartsDefinitionController::editPartsAction() start...
[2026-07-07 15:13:49] [DEBUG] PartsDefinitionModel::getAllPartsList() start... Project ID: PRJ-D45FEF
[2026-07-07 15:13:49] [DEBUG] PartsDefinitionModel::getColumnsByTableId() start... Input: developers
[2026-07-07 15:13:49] [DEBUG] 逆引き成功: 物理名 developers -> table_id : 6
[2026-07-07 15:13:49] [DEBUG] PartsDefinitionModel::getColumnsByTableId() finish. 件数: 9
[2026-07-07 15:13:49] [DEBUG] PartsDefinitionModel::getTableStructure() start... Project ID: PRJ-D45FEF
[2026-07-07 15:13:49] [DEBUG] Screen::updateAreaE() [iframe起動版] path: \Develop\Views\AreaE\PartsDefinition\RegistParts.view start...
[2026-07-07 15:13:49] [DEBUG] Screen::getContents() start...
[2026-07-07 15:13:49] [DEBUG] Screen::getContents() finish.
[2026-07-07 15:13:49] [DEBUG] Screen::updateAreaE() finish.
[2026-07-07 15:13:49] [DEBUG] PartsDefinitionController::editPartsAction() end.
[2026-07-07 15:13:49] [DEBUG] Screen::areaView() start...
[2026-07-07 15:13:49] [DEBUG] Screen::areaView() finish.
[2026-07-07 15:13:51] [DEBUG] --- wwProject System Start ---
[2026-07-07 15:13:51] [DEBUG] Router::Router() /jemini/wwProjectV1.36/Develop/Console/ServerBridgeAction/
[2026-07-07 15:13:51] [DEBUG] Attempting to load: \Develop\Controllers\ConsoleController::ServerBridgeAction
[2026-07-07 15:13:51] [DEBUG] Router: Executing \Develop\Controllers\ConsoleController->ServerBridgeAction
[2026-07-07 15:13:51] [DEBUG] ConsoleController::ServerBridge() start...
[2026-07-07 15:13:51] [DEBUG] ConsoleController::ServerBridge() \Develop\Controllers\PartsDefinitionController::editPartsAction()
[2026-07-07 15:13:51] [DEBUG] PartsDefinitionController::editPartsAction() start...
[2026-07-07 15:13:51] [DEBUG] PartsDefinitionModel::getAllPartsList() start... Project ID: PRJ-D45FEF
[2026-07-07 15:13:51] [DEBUG] PartsDefinitionModel::getTableStructure() start... Project ID: PRJ-D45FEF
[2026-07-07 15:13:51] [DEBUG] Screen::updateAreaE() [iframe起動版] path: \Develop\Views\AreaE\PartsDefinition\RegistParts.view start...
[2026-07-07 15:13:51] [DEBUG] Screen::getContents() start...
[2026-07-07 15:13:51] [DEBUG] Screen::getContents() finish.
[2026-07-07 15:13:51] [DEBUG] Screen::updateAreaE() finish.
[2026-07-07 15:13:51] [DEBUG] PartsDefinitionController::editPartsAction() end.
[2026-07-07 15:13:51] [DEBUG] Screen::areaView() start...
[2026-07-07 15:13:51] [DEBUG] Screen::areaView() finish.
[2026-07-07 15:13:52] [DEBUG] --- wwProject System Start ---
[2026-07-07 15:13:52] [DEBUG] Router::Router() /jemini/wwProjectV1.36/Develop/Console/ServerBridgeAction/
[2026-07-07 15:13:52] [DEBUG] Attempting to load: \Develop\Controllers\ConsoleController::ServerBridgeAction
[2026-07-07 15:13:52] [DEBUG] Router: Executing \Develop\Controllers\ConsoleController->ServerBridgeAction
[2026-07-07 15:13:52] [DEBUG] ConsoleController::ServerBridge() start...
[2026-07-07 15:13:52] [DEBUG] ConsoleController::ServerBridge() \Develop\Controllers\PartsDefinitionController::editPartsAction()
[2026-07-07 15:13:52] [DEBUG] PartsDefinitionController::editPartsAction() start...
[2026-07-07 15:13:52] [DEBUG] PartsDefinitionModel::getAllPartsList() start... Project ID: PRJ-D45FEF
[2026-07-07 15:13:52] [DEBUG] PartsDefinitionModel::getTableStructure() start... Project ID: PRJ-D45FEF
[2026-07-07 15:13:52] [DEBUG] Screen::updateAreaE() [iframe起動版] path: \Develop\Views\AreaE\PartsDefinition\RegistParts.view start...
[2026-07-07 15:13:52] [DEBUG] Screen::getContents() start...
[2026-07-07 15:13:52] [DEBUG] Screen::getContents() finish.
[2026-07-07 15:13:52] [DEBUG] Screen::updateAreaE() finish.
[2026-07-07 15:13:52] [DEBUG] PartsDefinitionController::editPartsAction() end.
[2026-07-07 15:13:52] [DEBUG] Screen::areaView() start...
[2026-07-07 15:13:52] [DEBUG] Screen::areaView() finish.
[2026-07-07 15:13:55] [DEBUG] --- wwProject System Start ---
[2026-07-07 15:13:55] [DEBUG] Router::Router() /jemini/wwProjectV1.36/Develop/Console/ServerBridgeAction/
[2026-07-07 15:13:55] [DEBUG] Attempting to load: \Develop\Controllers\ConsoleController::ServerBridgeAction
[2026-07-07 15:13:55] [DEBUG] Router: Executing \Develop\Controllers\ConsoleController->ServerBridgeAction
[2026-07-07 15:13:55] [DEBUG] ConsoleController::ServerBridge() start...
[2026-07-07 15:13:55] [DEBUG] ConsoleController::ServerBridge() \Develop\Controllers\PartsDefinitionController::editPartsAction()
[2026-07-07 15:13:55] [DEBUG] PartsDefinitionController::editPartsAction() start...
[2026-07-07 15:13:55] [DEBUG] PartsDefinitionModel::getAllPartsList() start... Project ID: PRJ-D45FEF
[2026-07-07 15:13:55] [DEBUG] PartsDefinitionModel::getColumnsByTableId() start... Input: developers
[2026-07-07 15:13:55] [DEBUG] 逆引き成功: 物理名 developers -> table_id : 6
[2026-07-07 15:13:55] [DEBUG] PartsDefinitionModel::getColumnsByTableId() finish. 件数: 9
[2026-07-07 15:13:55] [DEBUG] PartsDefinitionModel::getTableStructure() start... Project ID: PRJ-D45FEF
[2026-07-07 15:13:55] [DEBUG] Screen::updateAreaE() [iframe起動版] path: \Develop\Views\AreaE\PartsDefinition\RegistParts.view start...
[2026-07-07 15:13:55] [DEBUG] Screen::getContents() start...
[2026-07-07 15:13:55] [DEBUG] Screen::getContents() finish.
[2026-07-07 15:13:55] [DEBUG] Screen::updateAreaE() finish.
[2026-07-07 15:13:55] [DEBUG] PartsDefinitionController::editPartsAction() end.
[2026-07-07 15:13:55] [DEBUG] Screen::areaView() start...
[2026-07-07 15:13:55] [DEBUG] Screen::areaView() finish.
[2026-07-07 15:13:56] [DEBUG] --- wwProject System Start ---
[2026-07-07 15:13:56] [DEBUG] Router::Router() /jemini/wwProjectV1.36/Develop/Console/ServerBridgeAction/
[2026-07-07 15:13:56] [DEBUG] Attempting to load: \Develop\Controllers\ConsoleController::ServerBridgeAction
[2026-07-07 15:13:56] [DEBUG] Router: Executing \Develop\Controllers\ConsoleController->ServerBridgeAction
[2026-07-07 15:13:56] [DEBUG] ConsoleController::ServerBridge() start...
[2026-07-07 15:13:56] [DEBUG] ConsoleController::ServerBridge() \Develop\Controllers\PartsDefinitionController::editPartsAction()
[2026-07-07 15:13:56] [DEBUG] PartsDefinitionController::editPartsAction() start...
[2026-07-07 15:13:56] [DEBUG] PartsDefinitionModel::getAllPartsList() start... Project ID: PRJ-D45FEF
[2026-07-07 15:13:56] [DEBUG] PartsDefinitionModel::getColumnsByTableId() start... Input: developers
[2026-07-07 15:13:56] [DEBUG] 逆引き成功: 物理名 developers -> table_id : 6
[2026-07-07 15:13:56] [DEBUG] PartsDefinitionModel::getColumnsByTableId() finish. 件数: 9
[2026-07-07 15:13:56] [DEBUG] PartsDefinitionModel::getTableStructure() start... Project ID: PRJ-D45FEF
[2026-07-07 15:13:56] [DEBUG] Screen::updateAreaE() [iframe起動版] path: \Develop\Views\AreaE\PartsDefinition\RegistParts.view start...
[2026-07-07 15:13:56] [DEBUG] Screen::getContents() start...
[2026-07-07 15:13:56] [DEBUG] Screen::getContents() finish.
[2026-07-07 15:13:56] [DEBUG] Screen::updateAreaE() finish.
[2026-07-07 15:13:56] [DEBUG] PartsDefinitionController::editPartsAction() end.
[2026-07-07 15:13:56] [DEBUG] Screen::areaView() start...
[2026-07-07 15:13:56] [DEBUG] Screen::areaView() finish.
[2026-07-07 15:13:58] [DEBUG] --- wwProject System Start ---
[2026-07-07 15:13:58] [DEBUG] Router::Router() /jemini/wwProjectV1.36/Develop/Console/ServerBridgeAction/
[2026-07-07 15:13:58] [DEBUG] Attempting to load: \Develop\Controllers\ConsoleController::ServerBridgeAction
[2026-07-07 15:13:58] [DEBUG] Router: Executing \Develop\Controllers\ConsoleController->ServerBridgeAction
[2026-07-07 15:13:58] [DEBUG] ConsoleController::ServerBridge() start...
[2026-07-07 15:13:58] [DEBUG] ConsoleController::ServerBridge() \Develop\Controllers\PartsDefinitionController::editPartsAction()
[2026-07-07 15:13:58] [DEBUG] PartsDefinitionController::editPartsAction() start...
[2026-07-07 15:13:58] [DEBUG] PartsDefinitionModel::getAllPartsList() start... Project ID: PRJ-D45FEF
[2026-07-07 15:13:58] [DEBUG] PartsDefinitionModel::getColumnsByTableId() start... Input: developers
[2026-07-07 15:13:58] [DEBUG] 逆引き成功: 物理名 developers -> table_id : 6
[2026-07-07 15:13:58] [DEBUG] PartsDefinitionModel::getColumnsByTableId() finish. 件数: 9
[2026-07-07 15:13:58] [DEBUG] PartsDefinitionModel::getTableStructure() start... Project ID: PRJ-D45FEF
[2026-07-07 15:13:58] [DEBUG] Screen::updateAreaE() [iframe起動版] path: \Develop\Views\AreaE\PartsDefinition\RegistParts.view start...
[2026-07-07 15:13:58] [DEBUG] Screen::getContents() start...
[2026-07-07 15:13:58] [DEBUG] Screen::getContents() finish.
[2026-07-07 15:13:58] [DEBUG] Screen::updateAreaE() finish.
[2026-07-07 15:13:58] [DEBUG] PartsDefinitionController::editPartsAction() end.
[2026-07-07 15:13:58] [DEBUG] Screen::areaView() start...
[2026-07-07 15:13:58] [DEBUG] Screen::areaView() finish.
[2026-07-07 15:13:59] [DEBUG] --- wwProject System Start ---
[2026-07-07 15:13:59] [DEBUG] Router::Router() /jemini/wwProjectV1.36/Develop/Console/ServerBridgeAction/
[2026-07-07 15:13:59] [DEBUG] Attempting to load: \Develop\Controllers\ConsoleController::ServerBridgeAction
[2026-07-07 15:13:59] [DEBUG] Router: Executing \Develop\Controllers\ConsoleController->ServerBridgeAction
[2026-07-07 15:13:59] [DEBUG] ConsoleController::ServerBridge() start...
[2026-07-07 15:13:59] [DEBUG] ConsoleController::ServerBridge() \Develop\Controllers\PartsDefinitionController::editPartsAction()
[2026-07-07 15:13:59] [DEBUG] PartsDefinitionController::editPartsAction() start...
[2026-07-07 15:13:59] [DEBUG] PartsDefinitionModel::getAllPartsList() start... Project ID: PRJ-D45FEF
[2026-07-07 15:13:59] [DEBUG] PartsDefinitionModel::getColumnsByTableId() start... Input: developers
[2026-07-07 15:13:59] [DEBUG] 逆引き成功: 物理名 developers -> table_id : 6
[2026-07-07 15:13:59] [DEBUG] PartsDefinitionModel::getColumnsByTableId() finish. 件数: 9
[2026-07-07 15:13:59] [DEBUG] PartsDefinitionModel::getTableStructure() start... Project ID: PRJ-D45FEF
[2026-07-07 15:13:59] [DEBUG] Screen::updateAreaE() [iframe起動版] path: \Develop\Views\AreaE\PartsDefinition\RegistParts.view start...
[2026-07-07 15:13:59] [DEBUG] Screen::getContents() start...
[2026-07-07 15:13:59] [DEBUG] Screen::getContents() finish.
[2026-07-07 15:13:59] [DEBUG] Screen::updateAreaE() finish.
[2026-07-07 15:13:59] [DEBUG] PartsDefinitionController::editPartsAction() end.
[2026-07-07 15:13:59] [DEBUG] Screen::areaView() start...
[2026-07-07 15:13:59] [DEBUG] Screen::areaView() finish.
[2026-07-07 15:14:00] [DEBUG] --- wwProject System Start ---
[2026-07-07 15:14:00] [DEBUG] Router::Router() /jemini/wwProjectV1.36/Develop/Console/ServerBridgeAction/
[2026-07-07 15:14:00] [DEBUG] Attempting to load: \Develop\Controllers\ConsoleController::ServerBridgeAction
[2026-07-07 15:14:00] [DEBUG] Router: Executing \Develop\Controllers\ConsoleController->ServerBridgeAction
[2026-07-07 15:14:00] [DEBUG] ConsoleController::ServerBridge() start...
[2026-07-07 15:14:00] [DEBUG] ConsoleController::ServerBridge() \Develop\Controllers\PartsDefinitionController::editPartsAction()
[2026-07-07 15:14:00] [DEBUG] PartsDefinitionController::editPartsAction() start...
[2026-07-07 15:14:00] [DEBUG] PartsDefinitionModel::getAllPartsList() start... Project ID: PRJ-D45FEF
[2026-07-07 15:14:00] [DEBUG] PartsDefinitionModel::getTableStructure() start... Project ID: PRJ-D45FEF
[2026-07-07 15:14:00] [DEBUG] Screen::updateAreaE() [iframe起動版] path: \Develop\Views\AreaE\PartsDefinition\RegistParts.view start...
[2026-07-07 15:14:00] [DEBUG] Screen::getContents() start...
[2026-07-07 15:14:00] [DEBUG] Screen::getContents() finish.
[2026-07-07 15:14:00] [DEBUG] Screen::updateAreaE() finish.
[2026-07-07 15:14:00] [DEBUG] PartsDefinitionController::editPartsAction() end.
[2026-07-07 15:14:00] [DEBUG] Screen::areaView() start...
[2026-07-07 15:14:00] [DEBUG] Screen::areaView() finish.
[2026-07-07 15:14:01] [DEBUG] --- wwProject System Start ---
[2026-07-07 15:14:01] [DEBUG] Router::Router() /jemini/wwProjectV1.36/Develop/Console/ServerBridgeAction/
[2026-07-07 15:14:01] [DEBUG] Attempting to load: \Develop\Controllers\ConsoleController::ServerBridgeAction
[2026-07-07 15:14:01] [DEBUG] Router: Executing \Develop\Controllers\ConsoleController->ServerBridgeAction
[2026-07-07 15:14:01] [DEBUG] ConsoleController::ServerBridge() start...
[2026-07-07 15:14:01] [DEBUG] ConsoleController::ServerBridge() \Develop\Controllers\PartsDefinitionController::editPartsAction()
[2026-07-07 15:14:01] [DEBUG] PartsDefinitionController::editPartsAction() start...
[2026-07-07 15:14:01] [DEBUG] PartsDefinitionModel::getAllPartsList() start... Project ID: PRJ-D45FEF
[2026-07-07 15:14:01] [DEBUG] PartsDefinitionModel::getColumnsByTableId() start... Input: developers
[2026-07-07 15:14:01] [DEBUG] 逆引き成功: 物理名 developers -> table_id : 6
[2026-07-07 15:14:01] [DEBUG] PartsDefinitionModel::getColumnsByTableId() finish. 件数: 9
[2026-07-07 15:14:01] [DEBUG] PartsDefinitionModel::getTableStructure() start... Project ID: PRJ-D45FEF
[2026-07-07 15:14:01] [DEBUG] Screen::updateAreaE() [iframe起動版] path: \Develop\Views\AreaE\PartsDefinition\RegistParts.view start...
[2026-07-07 15:14:01] [DEBUG] Screen::getContents() start...
[2026-07-07 15:14:01] [DEBUG] Screen::getContents() finish.
[2026-07-07 15:14:01] [DEBUG] Screen::updateAreaE() finish.
[2026-07-07 15:14:01] [DEBUG] PartsDefinitionController::editPartsAction() end.
[2026-07-07 15:14:01] [DEBUG] Screen::areaView() start...
[2026-07-07 15:14:01] [DEBUG] Screen::areaView() finish.
[2026-07-07 15:14:06] [DEBUG] --- wwProject System Start ---
[2026-07-07 15:14:06] [DEBUG] Router::Router() /jemini/wwProjectV1.36/Develop/Console/ServerBridgeAction/
[2026-07-07 15:14:06] [DEBUG] Attempting to load: \Develop\Controllers\ConsoleController::ServerBridgeAction
[2026-07-07 15:14:06] [DEBUG] Router: Executing \Develop\Controllers\ConsoleController->ServerBridgeAction
[2026-07-07 15:14:06] [DEBUG] ConsoleController::ServerBridge() start...
[2026-07-07 15:14:06] [DEBUG] ConsoleController::ServerBridge() \Develop\Controllers\PartsDefinitionController::getColumnsAction()
[2026-07-07 15:14:06] [DEBUG] PartsDefinitionController::getColumnsAction() start...
[2026-07-07 15:14:06] [DEBUG] PartsDefinitionModel::getColumnsByTableId() start... Input: developers３
[2026-07-07 15:14:06] [DEBUG] 逆引き成功: 物理名 developers３ -> table_id : 9
[2026-07-07 15:14:06] [DEBUG] PartsDefinitionModel::getColumnsByTableId() finish. 件数: 9
[2026-07-07 15:14:06] [DEBUG] PartsDefinitionModel::getTableStructure() start... Project ID: PRJ-D45FEF
[2026-07-07 15:14:06] [DEBUG] Screen::updateAreaE() [iframe起動版] path: \Develop\Views\AreaE\PartsDefinition\RegistParts.view start...
[2026-07-07 15:14:06] [DEBUG] Screen::getContents() start...
[2026-07-07 15:14:06] [DEBUG] Screen::getContents() finish.
[2026-07-07 15:14:06] [DEBUG] Screen::updateAreaE() finish.
[2026-07-07 15:14:06] [DEBUG] PartsDefinitionController::getColumnsAction() end.
[2026-07-07 15:14:06] [DEBUG] Screen::areaView() start...
[2026-07-07 15:14:06] [DEBUG] Screen::areaView() finish.
[2026-07-07 15:15:04] [DEBUG] --- wwProject System Start ---
[2026-07-07 15:15:04] [DEBUG] Router::Router() /jemini/wwProjectV1.36/Develop/Console/initial/
[2026-07-07 15:15:04] [DEBUG] Attempting to load: \Develop\Controllers\ConsoleController::initialAction
[2026-07-07 15:15:04] [DEBUG] Router: Executing \Develop\Controllers\ConsoleController->initialAction
[2026-07-07 15:15:04] [DEBUG] Console::initialAction() start...
[2026-07-07 15:15:04] [DEBUG] Screen::view() path: \Develop\Views\Console\Console.view start...
[2026-07-07 15:15:04] [DEBUG] Screen::getContents() start...
[2026-07-07 15:15:04] [DEBUG] Screen::getContents() finish.
[2026-07-07 15:15:04] [DEBUG] Screen::view() path: \Develop\Views\Console\Console.view finish.
[2026-07-07 15:15:04] [DEBUG] ConsoleController::initialAction() finish.
[2026-07-07 15:15:04] [DEBUG] --- wwProject System Start ---
[2026-07-07 15:15:04] [DEBUG] Router::Router() /jemini/wwProjectV1.36/Develop/Console/ServerBridgeAction/
[2026-07-07 15:15:04] [DEBUG] Attempting to load: \Develop\Controllers\ConsoleController::ServerBridgeAction
[2026-07-07 15:15:04] [DEBUG] Router: Executing \Develop\Controllers\ConsoleController->ServerBridgeAction
[2026-07-07 15:15:04] [DEBUG] ConsoleController::ServerBridge() start...
[2026-07-07 15:15:04] [DEBUG] ConsoleController::ServerBridge() \Develop\Controllers\ConsoleController::areaInitialAction()
[2026-07-07 15:15:04] [DEBUG] ConsoleController::AreaInitialAction() start...
[2026-07-07 15:15:04] [DEBUG] Screen::updateAreaA() path: \Develop\Views\AreaA\Area_A.view start...
[2026-07-07 15:15:04] [DEBUG] Screen::areaView() sending JSON: ["areas"]
[2026-07-07 15:15:04] [DEBUG] Screen::getContents() start...
[2026-07-07 15:15:04] [DEBUG] Screen::getContents() finish.
[2026-07-07 15:15:04] [DEBUG] Screen::updateAreaA() finish.
[2026-07-07 15:15:04] [DEBUG] Screen::updateAreaB() path: \Develop\Views\AreaB\Area_B.view start...
[2026-07-07 15:15:04] [DEBUG] Screen::getContents() start...
[2026-07-07 15:15:04] [DEBUG] Screen::getContents() finish.
[2026-07-07 15:15:04] [DEBUG] Screen::updateAreaB() finish.
[2026-07-07 15:15:04] [DEBUG] Screen::updateAreaD() path: \Develop\Views\AreaD\Area_D_clear.view start...
[2026-07-07 15:15:04] [DEBUG] Screen::getContents() start...
[2026-07-07 15:15:04] [DEBUG] Screen::getContents() finish.
[2026-07-07 15:15:04] [DEBUG] Screen::updateAreaD() finish.
[2026-07-07 15:15:04] [DEBUG] Screen::updateAreaE() [iframe起動版] path: \Develop\Views\AreaE\Area_E_clear.view start...
[2026-07-07 15:15:04] [DEBUG] Screen::getContents() start...
[2026-07-07 15:15:04] [DEBUG] Screen::getContents() finish.
[2026-07-07 15:15:04] [DEBUG] Screen::updateAreaE() finish.
[2026-07-07 15:15:04] [DEBUG] Screen::updateAreaF() path: \Develop\Views\AreaF\Area_F.view start...
[2026-07-07 15:15:04] [DEBUG] Screen::getContents() start...
[2026-07-07 15:15:04] [DEBUG] Screen::getContents() finish.
[2026-07-07 15:15:04] [DEBUG] Screen::updateAreaF() finish.
[2026-07-07 15:15:04] [DEBUG] ProjectController::startProjectNabi() start...
[2026-07-07 15:15:04] [DEBUG] ProjectController::getProjectListHtml() start...
[2026-07-07 15:15:04] [DEBUG] ProjectModel::getProjectList() start...
[2026-07-07 15:15:04] [DEBUG] ProjectModel::getProjectList() finish.
[2026-07-07 15:15:04] [DEBUG] CodeMasterModel：：getCodesByGroup() start...
[2026-07-07 15:15:04] [DEBUG] CodeMasterModel：：getCodesByGroup() finish.
[2026-07-07 15:15:04] [DEBUG] ProjectController::getNaviFooterHtml() start...
[2026-07-07 15:15:04] [DEBUG] ProjectController::getNaviFooterHtml() finish.
[2026-07-07 15:15:04] [DEBUG] ProjectController::startProjectNabi() finish.
[2026-07-07 15:15:04] [DEBUG] Screen::updateAreaC() \Develop\Views\AreaC\Area_C.view start...
[2026-07-07 15:15:04] [DEBUG] Screen::getContents() start...
[2026-07-07 15:15:04] [DEBUG] Screen::getContents() finish.
[2026-07-07 15:15:04] [DEBUG] Screen::updateAreaC() finish.
[2026-07-07 15:15:04] [DEBUG] ConsoleController::AreaInitialAction() finish.
[2026-07-07 15:15:04] [DEBUG] Screen::areaView() start...
[2026-07-07 15:15:04] [DEBUG] Screen::areaView() finish.
[2026-07-07 15:15:06] [DEBUG] --- wwProject System Start ---
[2026-07-07 15:15:06] [DEBUG] Router::Router() /jemini/wwProjectV1.36/Develop/Console/ServerBridgeAction/
[2026-07-07 15:15:06] [DEBUG] Attempting to load: \Develop\Controllers\ConsoleController::ServerBridgeAction
[2026-07-07 15:15:06] [DEBUG] Router: Executing \Develop\Controllers\ConsoleController->ServerBridgeAction
[2026-07-07 15:15:06] [DEBUG] ConsoleController::ServerBridge() start...
[2026-07-07 15:15:06] [DEBUG] ConsoleController::ServerBridge() \Develop\Controllers\PartsDefinitionController::InitialAction()
[2026-07-07 15:15:06] [DEBUG] DBDefinitionController::initialAction() start...
[2026-07-07 15:15:06] [DEBUG] PartsDefinitionController::initialAction() projectId : PRJ-D45FEF
[2026-07-07 15:15:06] [DEBUG] PartsDefinitionModel::getAllPartsList() start... Project ID: PRJ-D45FEF
[2026-07-07 15:15:06] [DEBUG] Screen::updateAreaD() path: \Develop\Views\AreaD\PartsDefinition\PartsDefinitionList.view start...
[2026-07-07 15:15:06] [DEBUG] Screen::getContents() start...
[2026-07-07 15:15:06] [DEBUG] Screen::getContents() finish.
[2026-07-07 15:15:06] [DEBUG] Screen::updateAreaD() finish.
[2026-07-07 15:15:06] [DEBUG] Screen::updateAreaE() [iframe起動版] path: \Develop\Views\AreaE\Area_E_clear.view start...
[2026-07-07 15:15:06] [DEBUG] Screen::getContents() start...
[2026-07-07 15:15:06] [DEBUG] Screen::getContents() finish.
[2026-07-07 15:15:06] [DEBUG] Screen::updateAreaE() finish.
[2026-07-07 15:15:06] [DEBUG] DBDefinitionController::initialAction() end.
[2026-07-07 15:15:06] [DEBUG] Screen::areaView() start...
[2026-07-07 15:15:06] [DEBUG] Screen::areaView() finish.
[2026-07-07 15:15:07] [DEBUG] --- wwProject System Start ---
[2026-07-07 15:15:08] [DEBUG] Router::Router() /jemini/wwProjectV1.36/Develop/Console/ServerBridgeAction/
[2026-07-07 15:15:08] [DEBUG] Attempting to load: \Develop\Controllers\ConsoleController::ServerBridgeAction
[2026-07-07 15:15:08] [DEBUG] Router: Executing \Develop\Controllers\ConsoleController->ServerBridgeAction
[2026-07-07 15:15:08] [DEBUG] ConsoleController::ServerBridge() start...
[2026-07-07 15:15:08] [DEBUG] ConsoleController::ServerBridge() \Develop\Controllers\PartsDefinitionController::editPartsAction()
[2026-07-07 15:15:08] [DEBUG] PartsDefinitionController::editPartsAction() start...
[2026-07-07 15:15:08] [DEBUG] PartsDefinitionModel::getAllPartsList() start... Project ID: PRJ-D45FEF
[2026-07-07 15:15:08] [DEBUG] PartsDefinitionModel::getColumnsByTableId() start... Input: developers
[2026-07-07 15:15:08] [DEBUG] 逆引き成功: 物理名 developers -> table_id : 6
[2026-07-07 15:15:08] [DEBUG] PartsDefinitionModel::getColumnsByTableId() finish. 件数: 9
[2026-07-07 15:15:08] [DEBUG] PartsDefinitionModel::getTableStructure() start... Project ID: PRJ-D45FEF
[2026-07-07 15:15:08] [DEBUG] Screen::updateAreaE() [iframe起動版] path: \Develop\Views\AreaE\PartsDefinition\RegistParts.view start...
[2026-07-07 15:15:08] [DEBUG] Screen::getContents() start...
[2026-07-07 15:15:08] [DEBUG] Screen::getContents() finish.
[2026-07-07 15:15:08] [DEBUG] Screen::updateAreaE() finish.
[2026-07-07 15:15:08] [DEBUG] PartsDefinitionController::editPartsAction() end.
[2026-07-07 15:15:08] [DEBUG] Screen::areaView() start...
[2026-07-07 15:15:08] [DEBUG] Screen::areaView() finish.
[2026-07-07 15:15:10] [DEBUG] --- wwProject System Start ---
[2026-07-07 15:15:10] [DEBUG] Router::Router() /jemini/wwProjectV1.36/Develop/Console/ServerBridgeAction/
[2026-07-07 15:15:10] [DEBUG] Attempting to load: \Develop\Controllers\ConsoleController::ServerBridgeAction
[2026-07-07 15:15:10] [DEBUG] Router: Executing \Develop\Controllers\ConsoleController->ServerBridgeAction
[2026-07-07 15:15:10] [DEBUG] ConsoleController::ServerBridge() start...
[2026-07-07 15:15:10] [DEBUG] ConsoleController::ServerBridge() \Develop\Controllers\PartsDefinitionController::getColumnsAction()
[2026-07-07 15:15:10] [DEBUG] PartsDefinitionController::getColumnsAction() start...
[2026-07-07 15:15:10] [DEBUG] PartsDefinitionModel::getColumnsByTableId() start... Input: developers2
[2026-07-07 15:15:10] [DEBUG] 逆引き成功: 物理名 developers2 -> table_id : 8
[2026-07-07 15:15:10] [DEBUG] PartsDefinitionModel::getColumnsByTableId() finish. 件数: 8
[2026-07-07 15:15:10] [DEBUG] PartsDefinitionModel::getTableStructure() start... Project ID: PRJ-D45FEF
[2026-07-07 15:15:10] [DEBUG] Screen::updateAreaE() [iframe起動版] path: \Develop\Views\AreaE\PartsDefinition\RegistParts.view start...
[2026-07-07 15:15:10] [DEBUG] Screen::getContents() start...
[2026-07-07 15:15:10] [DEBUG] Screen::getContents() finish.
[2026-07-07 15:15:10] [DEBUG] Screen::updateAreaE() finish.
[2026-07-07 15:15:10] [DEBUG] PartsDefinitionController::getColumnsAction() end.
[2026-07-07 15:15:10] [DEBUG] Screen::areaView() start...
[2026-07-07 15:15:10] [DEBUG] Screen::areaView() finish.
[2026-07-07 15:27:05] [DEBUG] --- wwProject System Start ---
[2026-07-07 15:27:05] [DEBUG] Router::Router() /jemini/wwProjectV1.36/Develop/Console/initial/
[2026-07-07 15:27:05] [DEBUG] Attempting to load: \Develop\Controllers\ConsoleController::initialAction
[2026-07-07 15:27:05] [DEBUG] Router: Executing \Develop\Controllers\ConsoleController->initialAction
[2026-07-07 15:27:05] [DEBUG] Console::initialAction() start...
[2026-07-07 15:27:05] [DEBUG] Screen::view() path: \Develop\Views\Console\Console.view start...
[2026-07-07 15:27:05] [DEBUG] Screen::getContents() start...
[2026-07-07 15:27:05] [DEBUG] Screen::getContents() finish.
[2026-07-07 15:27:05] [DEBUG] Screen::view() path: \Develop\Views\Console\Console.view finish.
[2026-07-07 15:27:05] [DEBUG] ConsoleController::initialAction() finish.
[2026-07-07 15:27:05] [DEBUG] --- wwProject System Start ---
[2026-07-07 15:27:05] [DEBUG] Router::Router() /jemini/wwProjectV1.36/Develop/Console/ServerBridgeAction/
[2026-07-07 15:27:05] [DEBUG] Attempting to load: \Develop\Controllers\ConsoleController::ServerBridgeAction
[2026-07-07 15:27:05] [DEBUG] Router: Executing \Develop\Controllers\ConsoleController->ServerBridgeAction
[2026-07-07 15:27:05] [DEBUG] ConsoleController::ServerBridge() start...
[2026-07-07 15:27:05] [DEBUG] ConsoleController::ServerBridge() \Develop\Controllers\ConsoleController::areaInitialAction()
[2026-07-07 15:27:05] [DEBUG] ConsoleController::AreaInitialAction() start...
[2026-07-07 15:27:05] [DEBUG] Screen::updateAreaA() path: \Develop\Views\AreaA\Area_A.view start...
[2026-07-07 15:27:05] [DEBUG] Screen::areaView() sending JSON: ["areas"]
[2026-07-07 15:27:05] [DEBUG] Screen::getContents() start...
[2026-07-07 15:27:05] [DEBUG] Screen::getContents() finish.
[2026-07-07 15:27:05] [DEBUG] Screen::updateAreaA() finish.
[2026-07-07 15:27:05] [DEBUG] Screen::updateAreaB() path: \Develop\Views\AreaB\Area_B.view start...
[2026-07-07 15:27:05] [DEBUG] Screen::getContents() start...
[2026-07-07 15:27:05] [DEBUG] Screen::getContents() finish.
[2026-07-07 15:27:05] [DEBUG] Screen::updateAreaB() finish.
[2026-07-07 15:27:05] [DEBUG] Screen::updateAreaD() path: \Develop\Views\AreaD\Area_D_clear.view start...
[2026-07-07 15:27:05] [DEBUG] Screen::getContents() start...
[2026-07-07 15:27:05] [DEBUG] Screen::getContents() finish.
[2026-07-07 15:27:05] [DEBUG] Screen::updateAreaD() finish.
[2026-07-07 15:27:05] [DEBUG] Screen::updateAreaE() [iframe起動版] path: \Develop\Views\AreaE\Area_E_clear.view start...
[2026-07-07 15:27:05] [DEBUG] Screen::getContents() start...
[2026-07-07 15:27:05] [DEBUG] Screen::getContents() finish.
[2026-07-07 15:27:05] [DEBUG] Screen::updateAreaE() finish.
[2026-07-07 15:27:05] [DEBUG] Screen::updateAreaF() path: \Develop\Views\AreaF\Area_F.view start...
[2026-07-07 15:27:05] [DEBUG] Screen::getContents() start...
[2026-07-07 15:27:05] [DEBUG] Screen::getContents() finish.
[2026-07-07 15:27:05] [DEBUG] Screen::updateAreaF() finish.
[2026-07-07 15:27:05] [DEBUG] ProjectController::startProjectNabi() start...
[2026-07-07 15:27:05] [DEBUG] ProjectController::getProjectListHtml() start...
[2026-07-07 15:27:05] [DEBUG] ProjectModel::getProjectList() start...
[2026-07-07 15:27:05] [DEBUG] ProjectModel::getProjectList() finish.
[2026-07-07 15:27:05] [DEBUG] CodeMasterModel：：getCodesByGroup() start...
[2026-07-07 15:27:05] [DEBUG] CodeMasterModel：：getCodesByGroup() finish.
[2026-07-07 15:27:05] [DEBUG] ProjectController::getNaviFooterHtml() start...
[2026-07-07 15:27:05] [DEBUG] ProjectController::getNaviFooterHtml() finish.
[2026-07-07 15:27:05] [DEBUG] ProjectController::startProjectNabi() finish.
[2026-07-07 15:27:05] [DEBUG] Screen::updateAreaC() \Develop\Views\AreaC\Area_C.view start...
[2026-07-07 15:27:05] [DEBUG] Screen::getContents() start...
[2026-07-07 15:27:05] [DEBUG] Screen::getContents() finish.
[2026-07-07 15:27:05] [DEBUG] Screen::updateAreaC() finish.
[2026-07-07 15:27:05] [DEBUG] ConsoleController::AreaInitialAction() finish.
[2026-07-07 15:27:05] [DEBUG] Screen::areaView() start...
[2026-07-07 15:27:05] [DEBUG] Screen::areaView() finish.
[2026-07-07 15:27:08] [DEBUG] --- wwProject System Start ---
[2026-07-07 15:27:08] [DEBUG] Router::Router() /jemini/wwProjectV1.36/Develop/Console/ServerBridgeAction/
[2026-07-07 15:27:08] [DEBUG] Attempting to load: \Develop\Controllers\ConsoleController::ServerBridgeAction
[2026-07-07 15:27:08] [DEBUG] Router: Executing \Develop\Controllers\ConsoleController->ServerBridgeAction
[2026-07-07 15:27:08] [DEBUG] ConsoleController::ServerBridge() start...
[2026-07-07 15:27:08] [DEBUG] ConsoleController::ServerBridge() \Develop\Controllers\PartsDefinitionController::InitialAction()
[2026-07-07 15:27:08] [DEBUG] DBDefinitionController::initialAction() start...
[2026-07-07 15:27:08] [DEBUG] PartsDefinitionController::initialAction() projectId : PRJ-D45FEF
[2026-07-07 15:27:08] [DEBUG] PartsDefinitionModel::getAllPartsList() start... Project ID: PRJ-D45FEF
[2026-07-07 15:27:08] [DEBUG] Screen::updateAreaD() path: \Develop\Views\AreaD\PartsDefinition\PartsDefinitionList.view start...
[2026-07-07 15:27:08] [DEBUG] Screen::getContents() start...
[2026-07-07 15:27:08] [DEBUG] Screen::getContents() finish.
[2026-07-07 15:27:08] [DEBUG] Screen::updateAreaD() finish.
[2026-07-07 15:27:08] [DEBUG] Screen::updateAreaE() [iframe起動版] path: \Develop\Views\AreaE\Area_E_clear.view start...
[2026-07-07 15:27:08] [DEBUG] Screen::getContents() start...
[2026-07-07 15:27:08] [DEBUG] Screen::getContents() finish.
[2026-07-07 15:27:08] [DEBUG] Screen::updateAreaE() finish.
[2026-07-07 15:27:08] [DEBUG] DBDefinitionController::initialAction() end.
[2026-07-07 15:27:08] [DEBUG] Screen::areaView() start...
[2026-07-07 15:27:08] [DEBUG] Screen::areaView() finish.
[2026-07-07 15:27:09] [DEBUG] --- wwProject System Start ---
[2026-07-07 15:27:09] [DEBUG] Router::Router() /jemini/wwProjectV1.36/Develop/Console/ServerBridgeAction/
[2026-07-07 15:27:09] [DEBUG] Attempting to load: \Develop\Controllers\ConsoleController::ServerBridgeAction
[2026-07-07 15:27:09] [DEBUG] Router: Executing \Develop\Controllers\ConsoleController->ServerBridgeAction
[2026-07-07 15:27:09] [DEBUG] ConsoleController::ServerBridge() start...
[2026-07-07 15:27:09] [DEBUG] ConsoleController::ServerBridge() \Develop\Controllers\PartsDefinitionController::editPartsAction()
[2026-07-07 15:27:09] [DEBUG] PartsDefinitionController::editPartsAction() start...
[2026-07-07 15:27:09] [DEBUG] PartsDefinitionModel::getAllPartsList() start... Project ID: PRJ-D45FEF
[2026-07-07 15:27:09] [DEBUG] PartsDefinitionModel::getColumnsByTableId() start... Input: developers
[2026-07-07 15:27:09] [DEBUG] 逆引き成功: 物理名 developers -> table_id : 6
[2026-07-07 15:27:09] [DEBUG] PartsDefinitionModel::getColumnsByTableId() finish. 件数: 9
[2026-07-07 15:27:09] [DEBUG] PartsDefinitionModel::getTableStructure() start... Project ID: PRJ-D45FEF
[2026-07-07 15:27:09] [DEBUG] Screen::updateAreaE() [iframe起動版] path: \Develop\Views\AreaE\PartsDefinition\RegistParts.view start...
[2026-07-07 15:27:09] [DEBUG] Screen::getContents() start...
[2026-07-07 15:27:09] [DEBUG] Screen::getContents() finish.
[2026-07-07 15:27:09] [DEBUG] Screen::updateAreaE() finish.
[2026-07-07 15:27:09] [DEBUG] PartsDefinitionController::editPartsAction() end.
[2026-07-07 15:27:09] [DEBUG] Screen::areaView() start...
[2026-07-07 15:27:09] [DEBUG] Screen::areaView() finish.
[2026-07-07 15:27:11] [DEBUG] --- wwProject System Start ---
[2026-07-07 15:27:11] [DEBUG] Router::Router() /jemini/wwProjectV1.36/Develop/Console/ServerBridgeAction/
[2026-07-07 15:27:11] [DEBUG] Attempting to load: \Develop\Controllers\ConsoleController::ServerBridgeAction
[2026-07-07 15:27:11] [DEBUG] Router: Executing \Develop\Controllers\ConsoleController->ServerBridgeAction
[2026-07-07 15:27:11] [DEBUG] ConsoleController::ServerBridge() start...
[2026-07-07 15:27:11] [DEBUG] ConsoleController::ServerBridge() \Develop\Controllers\PartsDefinitionController::getColumnsAction()
[2026-07-07 15:27:11] [DEBUG] PartsDefinitionController::getColumnsAction() start...
[2026-07-07 15:27:11] [DEBUG] PartsDefinitionModel::getColumnsByTableId() start... Input: developers2
[2026-07-07 15:27:11] [DEBUG] 逆引き成功: 物理名 developers2 -> table_id : 8
[2026-07-07 15:27:11] [DEBUG] PartsDefinitionModel::getColumnsByTableId() finish. 件数: 8
[2026-07-07 15:27:11] [DEBUG] PartsDefinitionModel::getTableStructure() start... Project ID: PRJ-D45FEF
[2026-07-07 15:27:11] [DEBUG] Screen::updateAreaE() [iframe起動版] path: \Develop\Views\AreaE\PartsDefinition\RegistParts.view start...
[2026-07-07 15:27:11] [DEBUG] Screen::getContents() start...
[2026-07-07 15:27:11] [DEBUG] Screen::getContents() finish.
[2026-07-07 15:27:11] [DEBUG] Screen::updateAreaE() finish.
[2026-07-07 15:27:11] [DEBUG] PartsDefinitionController::getColumnsAction() end.
[2026-07-07 15:27:11] [DEBUG] Screen::areaView() start...
[2026-07-07 15:27:11] [DEBUG] Screen::areaView() finish.
[2026-07-07 15:27:25] [DEBUG] --- wwProject System Start ---
[2026-07-07 15:27:25] [DEBUG] Router::Router() /jemini/wwProjectV1.36/Develop/Console/ServerBridgeAction/
[2026-07-07 15:27:25] [DEBUG] Attempting to load: \Develop\Controllers\ConsoleController::ServerBridgeAction
[2026-07-07 15:27:25] [DEBUG] Router: Executing \Develop\Controllers\ConsoleController->ServerBridgeAction
[2026-07-07 15:27:25] [DEBUG] ConsoleController::ServerBridge() start...
[2026-07-07 15:27:25] [DEBUG] ConsoleController::ServerBridge() \Develop\Controllers\PartsDefinitionController::editPartsAction()
[2026-07-07 15:27:25] [DEBUG] PartsDefinitionController::editPartsAction() start...
[2026-07-07 15:27:25] [DEBUG] PartsDefinitionModel::getAllPartsList() start... Project ID: PRJ-D45FEF
[2026-07-07 15:27:25] [DEBUG] PartsDefinitionModel::getColumnsByTableId() start... Input: developers
[2026-07-07 15:27:25] [DEBUG] 逆引き成功: 物理名 developers -> table_id : 6
[2026-07-07 15:27:25] [DEBUG] PartsDefinitionModel::getColumnsByTableId() finish. 件数: 9
[2026-07-07 15:27:25] [DEBUG] PartsDefinitionModel::getTableStructure() start... Project ID: PRJ-D45FEF
[2026-07-07 15:27:25] [DEBUG] Screen::updateAreaE() [iframe起動版] path: \Develop\Views\AreaE\PartsDefinition\RegistParts.view start...
[2026-07-07 15:27:25] [DEBUG] Screen::getContents() start...
[2026-07-07 15:27:25] [DEBUG] Screen::getContents() finish.
[2026-07-07 15:27:25] [DEBUG] Screen::updateAreaE() finish.
[2026-07-07 15:27:25] [DEBUG] PartsDefinitionController::editPartsAction() end.
[2026-07-07 15:27:25] [DEBUG] Screen::areaView() start...
[2026-07-07 15:27:25] [DEBUG] Screen::areaView() finish.
[2026-07-07 15:27:27] [DEBUG] --- wwProject System Start ---
[2026-07-07 15:27:27] [DEBUG] Router::Router() /jemini/wwProjectV1.36/Develop/Console/ServerBridgeAction/
[2026-07-07 15:27:27] [DEBUG] Attempting to load: \Develop\Controllers\ConsoleController::ServerBridgeAction
[2026-07-07 15:27:27] [DEBUG] Router: Executing \Develop\Controllers\ConsoleController->ServerBridgeAction
[2026-07-07 15:27:27] [DEBUG] ConsoleController::ServerBridge() start...
[2026-07-07 15:27:27] [DEBUG] ConsoleController::ServerBridge() \Develop\Controllers\PartsDefinitionController::editPartsAction()
[2026-07-07 15:27:27] [DEBUG] PartsDefinitionController::editPartsAction() start...
[2026-07-07 15:27:27] [DEBUG] PartsDefinitionModel::getAllPartsList() start... Project ID: PRJ-D45FEF
[2026-07-07 15:27:27] [DEBUG] PartsDefinitionModel::getColumnsByTableId() start... Input: developers
[2026-07-07 15:27:27] [DEBUG] 逆引き成功: 物理名 developers -> table_id : 6
[2026-07-07 15:27:27] [DEBUG] PartsDefinitionModel::getColumnsByTableId() finish. 件数: 9
[2026-07-07 15:27:27] [DEBUG] PartsDefinitionModel::getTableStructure() start... Project ID: PRJ-D45FEF
[2026-07-07 15:27:27] [DEBUG] Screen::updateAreaE() [iframe起動版] path: \Develop\Views\AreaE\PartsDefinition\RegistParts.view start...
[2026-07-07 15:27:27] [DEBUG] Screen::getContents() start...
[2026-07-07 15:27:27] [DEBUG] Screen::getContents() finish.
[2026-07-07 15:27:27] [DEBUG] Screen::updateAreaE() finish.
[2026-07-07 15:27:27] [DEBUG] PartsDefinitionController::editPartsAction() end.
[2026-07-07 15:27:27] [DEBUG] Screen::areaView() start...
[2026-07-07 15:27:27] [DEBUG] Screen::areaView() finish.
[2026-07-07 15:27:28] [DEBUG] --- wwProject System Start ---
[2026-07-07 15:27:28] [DEBUG] Router::Router() /jemini/wwProjectV1.36/Develop/Console/ServerBridgeAction/
[2026-07-07 15:27:28] [DEBUG] Attempting to load: \Develop\Controllers\ConsoleController::ServerBridgeAction
[2026-07-07 15:27:28] [DEBUG] Router: Executing \Develop\Controllers\ConsoleController->ServerBridgeAction
[2026-07-07 15:27:28] [DEBUG] ConsoleController::ServerBridge() start...
[2026-07-07 15:27:28] [DEBUG] ConsoleController::ServerBridge() \Develop\Controllers\PartsDefinitionController::editPartsAction()
[2026-07-07 15:27:28] [DEBUG] PartsDefinitionController::editPartsAction() start...
[2026-07-07 15:27:28] [DEBUG] PartsDefinitionModel::getAllPartsList() start... Project ID: PRJ-D45FEF
[2026-07-07 15:27:28] [DEBUG] PartsDefinitionModel::getColumnsByTableId() start... Input: developers
[2026-07-07 15:27:28] [DEBUG] 逆引き成功: 物理名 developers -> table_id : 6
[2026-07-07 15:27:28] [DEBUG] PartsDefinitionModel::getColumnsByTableId() finish. 件数: 9
[2026-07-07 15:27:28] [DEBUG] PartsDefinitionModel::getTableStructure() start... Project ID: PRJ-D45FEF
[2026-07-07 15:27:28] [DEBUG] Screen::updateAreaE() [iframe起動版] path: \Develop\Views\AreaE\PartsDefinition\RegistParts.view start...
[2026-07-07 15:27:28] [DEBUG] Screen::getContents() start...
[2026-07-07 15:27:28] [DEBUG] Screen::getContents() finish.
[2026-07-07 15:27:28] [DEBUG] Screen::updateAreaE() finish.
[2026-07-07 15:27:28] [DEBUG] PartsDefinitionController::editPartsAction() end.
[2026-07-07 15:27:28] [DEBUG] Screen::areaView() start...
[2026-07-07 15:27:28] [DEBUG] Screen::areaView() finish.
[2026-07-07 15:27:30] [DEBUG] --- wwProject System Start ---
[2026-07-07 15:27:30] [DEBUG] Router::Router() /jemini/wwProjectV1.36/Develop/Console/ServerBridgeAction/
[2026-07-07 15:27:30] [DEBUG] Attempting to load: \Develop\Controllers\ConsoleController::ServerBridgeAction
[2026-07-07 15:27:30] [DEBUG] Router: Executing \Develop\Controllers\ConsoleController->ServerBridgeAction
[2026-07-07 15:27:30] [DEBUG] ConsoleController::ServerBridge() start...
[2026-07-07 15:27:30] [DEBUG] ConsoleController::ServerBridge() \Develop\Controllers\PartsDefinitionController::editPartsAction()
[2026-07-07 15:27:30] [DEBUG] PartsDefinitionController::editPartsAction() start...
[2026-07-07 15:27:30] [DEBUG] PartsDefinitionModel::getAllPartsList() start... Project ID: PRJ-D45FEF
[2026-07-07 15:27:30] [DEBUG] PartsDefinitionModel::getTableStructure() start... Project ID: PRJ-D45FEF
[2026-07-07 15:27:30] [DEBUG] Screen::updateAreaE() [iframe起動版] path: \Develop\Views\AreaE\PartsDefinition\RegistParts.view start...
[2026-07-07 15:27:30] [DEBUG] Screen::getContents() start...
[2026-07-07 15:27:30] [DEBUG] Screen::getContents() finish.
[2026-07-07 15:27:30] [DEBUG] Screen::updateAreaE() finish.
[2026-07-07 15:27:30] [DEBUG] PartsDefinitionController::editPartsAction() end.
[2026-07-07 15:27:30] [DEBUG] Screen::areaView() start...
[2026-07-07 15:27:30] [DEBUG] Screen::areaView() finish.
[2026-07-07 15:27:31] [DEBUG] --- wwProject System Start ---
[2026-07-07 15:27:31] [DEBUG] Router::Router() /jemini/wwProjectV1.36/Develop/Console/ServerBridgeAction/
[2026-07-07 15:27:31] [DEBUG] Attempting to load: \Develop\Controllers\ConsoleController::ServerBridgeAction
[2026-07-07 15:27:31] [DEBUG] Router: Executing \Develop\Controllers\ConsoleController->ServerBridgeAction
[2026-07-07 15:27:31] [DEBUG] ConsoleController::ServerBridge() start...
[2026-07-07 15:27:31] [DEBUG] ConsoleController::ServerBridge() \Develop\Controllers\PartsDefinitionController::editPartsAction()
[2026-07-07 15:27:31] [DEBUG] PartsDefinitionController::editPartsAction() start...
[2026-07-07 15:27:31] [DEBUG] PartsDefinitionModel::getAllPartsList() start... Project ID: PRJ-D45FEF
[2026-07-07 15:27:31] [DEBUG] PartsDefinitionModel::getTableStructure() start... Project ID: PRJ-D45FEF
[2026-07-07 15:27:31] [DEBUG] Screen::updateAreaE() [iframe起動版] path: \Develop\Views\AreaE\PartsDefinition\RegistParts.view start...
[2026-07-07 15:27:31] [DEBUG] Screen::getContents() start...
[2026-07-07 15:27:31] [DEBUG] Screen::getContents() finish.
[2026-07-07 15:27:31] [DEBUG] Screen::updateAreaE() finish.
[2026-07-07 15:27:31] [DEBUG] PartsDefinitionController::editPartsAction() end.
[2026-07-07 15:27:31] [DEBUG] Screen::areaView() start...
[2026-07-07 15:27:31] [DEBUG] Screen::areaView() finish.
[2026-07-07 15:27:56] [DEBUG] --- wwProject System Start ---
[2026-07-07 15:27:56] [DEBUG] Router::Router() /jemini/wwProjectV1.36/Develop/Console/initial/
[2026-07-07 15:27:56] [DEBUG] Attempting to load: \Develop\Controllers\ConsoleController::initialAction
[2026-07-07 15:27:56] [DEBUG] Router: Executing \Develop\Controllers\ConsoleController->initialAction
[2026-07-07 15:27:56] [DEBUG] Console::initialAction() start...
[2026-07-07 15:27:56] [DEBUG] Screen::view() path: \Develop\Views\Console\Console.view start...
[2026-07-07 15:27:56] [DEBUG] Screen::getContents() start...
[2026-07-07 15:27:56] [DEBUG] Screen::getContents() finish.
[2026-07-07 15:27:56] [DEBUG] Screen::view() path: \Develop\Views\Console\Console.view finish.
[2026-07-07 15:27:56] [DEBUG] ConsoleController::initialAction() finish.
[2026-07-07 15:27:56] [DEBUG] --- wwProject System Start ---
[2026-07-07 15:27:56] [DEBUG] Router::Router() /jemini/wwProjectV1.36/Develop/Console/ServerBridgeAction/
[2026-07-07 15:27:56] [DEBUG] Attempting to load: \Develop\Controllers\ConsoleController::ServerBridgeAction
[2026-07-07 15:27:56] [DEBUG] Router: Executing \Develop\Controllers\ConsoleController->ServerBridgeAction
[2026-07-07 15:27:56] [DEBUG] ConsoleController::ServerBridge() start...
[2026-07-07 15:27:56] [DEBUG] ConsoleController::ServerBridge() \Develop\Controllers\ConsoleController::areaInitialAction()
[2026-07-07 15:27:56] [DEBUG] ConsoleController::AreaInitialAction() start...
[2026-07-07 15:27:56] [DEBUG] Screen::updateAreaA() path: \Develop\Views\AreaA\Area_A.view start...
[2026-07-07 15:27:56] [DEBUG] Screen::areaView() sending JSON: ["areas"]
[2026-07-07 15:27:56] [DEBUG] Screen::getContents() start...
[2026-07-07 15:27:56] [DEBUG] Screen::getContents() finish.
[2026-07-07 15:27:56] [DEBUG] Screen::updateAreaA() finish.
[2026-07-07 15:27:56] [DEBUG] Screen::updateAreaB() path: \Develop\Views\AreaB\Area_B.view start...
[2026-07-07 15:27:56] [DEBUG] Screen::getContents() start...
[2026-07-07 15:27:56] [DEBUG] Screen::getContents() finish.
[2026-07-07 15:27:56] [DEBUG] Screen::updateAreaB() finish.
[2026-07-07 15:27:56] [DEBUG] Screen::updateAreaD() path: \Develop\Views\AreaD\Area_D_clear.view start...
[2026-07-07 15:27:56] [DEBUG] Screen::getContents() start...
[2026-07-07 15:27:56] [DEBUG] Screen::getContents() finish.
[2026-07-07 15:27:56] [DEBUG] Screen::updateAreaD() finish.
[2026-07-07 15:27:56] [DEBUG] Screen::updateAreaE() [iframe起動版] path: \Develop\Views\AreaE\Area_E_clear.view start...
[2026-07-07 15:27:56] [DEBUG] Screen::getContents() start...
[2026-07-07 15:27:56] [DEBUG] Screen::getContents() finish.
[2026-07-07 15:27:56] [DEBUG] Screen::updateAreaE() finish.
[2026-07-07 15:27:56] [DEBUG] Screen::updateAreaF() path: \Develop\Views\AreaF\Area_F.view start...
[2026-07-07 15:27:56] [DEBUG] Screen::getContents() start...
[2026-07-07 15:27:56] [DEBUG] Screen::getContents() finish.
[2026-07-07 15:27:56] [DEBUG] Screen::updateAreaF() finish.
[2026-07-07 15:27:56] [DEBUG] ProjectController::startProjectNabi() start...
[2026-07-07 15:27:56] [DEBUG] ProjectController::getProjectListHtml() start...
[2026-07-07 15:27:56] [DEBUG] ProjectModel::getProjectList() start...
[2026-07-07 15:27:56] [DEBUG] ProjectModel::getProjectList() finish.
[2026-07-07 15:27:56] [DEBUG] CodeMasterModel：：getCodesByGroup() start...
[2026-07-07 15:27:56] [DEBUG] CodeMasterModel：：getCodesByGroup() finish.
[2026-07-07 15:27:56] [DEBUG] ProjectController::getNaviFooterHtml() start...
[2026-07-07 15:27:56] [DEBUG] ProjectController::getNaviFooterHtml() finish.
[2026-07-07 15:27:56] [DEBUG] ProjectController::startProjectNabi() finish.
[2026-07-07 15:27:56] [DEBUG] Screen::updateAreaC() \Develop\Views\AreaC\Area_C.view start...
[2026-07-07 15:27:56] [DEBUG] Screen::getContents() start...
[2026-07-07 15:27:56] [DEBUG] Screen::getContents() finish.
[2026-07-07 15:27:56] [DEBUG] Screen::updateAreaC() finish.
[2026-07-07 15:27:56] [DEBUG] ConsoleController::AreaInitialAction() finish.
[2026-07-07 15:27:56] [DEBUG] Screen::areaView() start...
[2026-07-07 15:27:56] [DEBUG] Screen::areaView() finish.
[2026-07-07 15:27:58] [DEBUG] --- wwProject System Start ---
[2026-07-07 15:27:59] [DEBUG] Router::Router() /jemini/wwProjectV1.36/Develop/Console/ServerBridgeAction/
[2026-07-07 15:27:59] [DEBUG] Attempting to load: \Develop\Controllers\ConsoleController::ServerBridgeAction
[2026-07-07 15:27:59] [DEBUG] Router: Executing \Develop\Controllers\ConsoleController->ServerBridgeAction
[2026-07-07 15:27:59] [DEBUG] ConsoleController::ServerBridge() start...
[2026-07-07 15:27:59] [DEBUG] ConsoleController::ServerBridge() \Develop\Controllers\PartsDefinitionController::InitialAction()
[2026-07-07 15:27:59] [DEBUG] DBDefinitionController::initialAction() start...
[2026-07-07 15:27:59] [DEBUG] PartsDefinitionController::initialAction() projectId : PRJ-D45FEF
[2026-07-07 15:27:59] [DEBUG] PartsDefinitionModel::getAllPartsList() start... Project ID: PRJ-D45FEF
[2026-07-07 15:27:59] [DEBUG] Screen::updateAreaD() path: \Develop\Views\AreaD\PartsDefinition\PartsDefinitionList.view start...
[2026-07-07 15:27:59] [DEBUG] Screen::getContents() start...
[2026-07-07 15:27:59] [DEBUG] Screen::getContents() finish.
[2026-07-07 15:27:59] [DEBUG] Screen::updateAreaD() finish.
[2026-07-07 15:27:59] [DEBUG] Screen::updateAreaE() [iframe起動版] path: \Develop\Views\AreaE\Area_E_clear.view start...
[2026-07-07 15:27:59] [DEBUG] Screen::getContents() start...
[2026-07-07 15:27:59] [DEBUG] Screen::getContents() finish.
[2026-07-07 15:27:59] [DEBUG] Screen::updateAreaE() finish.
[2026-07-07 15:27:59] [DEBUG] DBDefinitionController::initialAction() end.
[2026-07-07 15:27:59] [DEBUG] Screen::areaView() start...
[2026-07-07 15:27:59] [DEBUG] Screen::areaView() finish.
[2026-07-07 15:28:00] [DEBUG] --- wwProject System Start ---
[2026-07-07 15:28:00] [DEBUG] Router::Router() /jemini/wwProjectV1.36/Develop/Console/ServerBridgeAction/
[2026-07-07 15:28:00] [DEBUG] Attempting to load: \Develop\Controllers\ConsoleController::ServerBridgeAction
[2026-07-07 15:28:00] [DEBUG] Router: Executing \Develop\Controllers\ConsoleController->ServerBridgeAction
[2026-07-07 15:28:00] [DEBUG] ConsoleController::ServerBridge() start...
[2026-07-07 15:28:00] [DEBUG] ConsoleController::ServerBridge() \Develop\Controllers\PartsDefinitionController::editPartsAction()
[2026-07-07 15:28:00] [DEBUG] PartsDefinitionController::editPartsAction() start...
[2026-07-07 15:28:00] [DEBUG] PartsDefinitionModel::getAllPartsList() start... Project ID: PRJ-D45FEF
[2026-07-07 15:28:00] [DEBUG] PartsDefinitionModel::getColumnsByTableId() start... Input: developers
[2026-07-07 15:28:00] [DEBUG] 逆引き成功: 物理名 developers -> table_id : 6
[2026-07-07 15:28:00] [DEBUG] PartsDefinitionModel::getColumnsByTableId() finish. 件数: 9
[2026-07-07 15:28:00] [DEBUG] PartsDefinitionModel::getTableStructure() start... Project ID: PRJ-D45FEF
[2026-07-07 15:28:00] [DEBUG] Screen::updateAreaE() [iframe起動版] path: \Develop\Views\AreaE\PartsDefinition\RegistParts.view start...
[2026-07-07 15:28:00] [DEBUG] Screen::getContents() start...
[2026-07-07 15:28:00] [DEBUG] Screen::getContents() finish.
[2026-07-07 15:28:00] [DEBUG] Screen::updateAreaE() finish.
[2026-07-07 15:28:00] [DEBUG] PartsDefinitionController::editPartsAction() end.
[2026-07-07 15:28:00] [DEBUG] Screen::areaView() start...
[2026-07-07 15:28:00] [DEBUG] Screen::areaView() finish.
[2026-07-07 15:28:02] [DEBUG] --- wwProject System Start ---
[2026-07-07 15:28:02] [DEBUG] Router::Router() /jemini/wwProjectV1.36/Develop/Console/ServerBridgeAction/
[2026-07-07 15:28:02] [DEBUG] Attempting to load: \Develop\Controllers\ConsoleController::ServerBridgeAction
[2026-07-07 15:28:02] [DEBUG] Router: Executing \Develop\Controllers\ConsoleController->ServerBridgeAction
[2026-07-07 15:28:02] [DEBUG] ConsoleController::ServerBridge() start...
[2026-07-07 15:28:02] [DEBUG] ConsoleController::ServerBridge() \Develop\Controllers\PartsDefinitionController::editPartsAction()
[2026-07-07 15:28:02] [DEBUG] PartsDefinitionController::editPartsAction() start...
[2026-07-07 15:28:02] [DEBUG] PartsDefinitionModel::getAllPartsList() start... Project ID: PRJ-D45FEF
[2026-07-07 15:28:02] [DEBUG] PartsDefinitionModel::getColumnsByTableId() start... Input: developers
[2026-07-07 15:28:02] [DEBUG] 逆引き成功: 物理名 developers -> table_id : 6
[2026-07-07 15:28:02] [DEBUG] PartsDefinitionModel::getColumnsByTableId() finish. 件数: 9
[2026-07-07 15:28:02] [DEBUG] PartsDefinitionModel::getTableStructure() start... Project ID: PRJ-D45FEF
[2026-07-07 15:28:02] [DEBUG] Screen::updateAreaE() [iframe起動版] path: \Develop\Views\AreaE\PartsDefinition\RegistParts.view start...
[2026-07-07 15:28:02] [DEBUG] Screen::getContents() start...
[2026-07-07 15:28:02] [DEBUG] Screen::getContents() finish.
[2026-07-07 15:28:02] [DEBUG] Screen::updateAreaE() finish.
[2026-07-07 15:28:02] [DEBUG] PartsDefinitionController::editPartsAction() end.
[2026-07-07 15:28:02] [DEBUG] Screen::areaView() start...
[2026-07-07 15:28:02] [DEBUG] Screen::areaView() finish.
[2026-07-07 15:28:03] [DEBUG] --- wwProject System Start ---
[2026-07-07 15:28:03] [DEBUG] Router::Router() /jemini/wwProjectV1.36/Develop/Console/ServerBridgeAction/
[2026-07-07 15:28:03] [DEBUG] Attempting to load: \Develop\Controllers\ConsoleController::ServerBridgeAction
[2026-07-07 15:28:03] [DEBUG] Router: Executing \Develop\Controllers\ConsoleController->ServerBridgeAction
[2026-07-07 15:28:03] [DEBUG] ConsoleController::ServerBridge() start...
[2026-07-07 15:28:03] [DEBUG] ConsoleController::ServerBridge() \Develop\Controllers\PartsDefinitionController::editPartsAction()
[2026-07-07 15:28:03] [DEBUG] PartsDefinitionController::editPartsAction() start...
[2026-07-07 15:28:03] [DEBUG] PartsDefinitionModel::getAllPartsList() start... Project ID: PRJ-D45FEF
[2026-07-07 15:28:03] [DEBUG] PartsDefinitionModel::getColumnsByTableId() start... Input: developers
[2026-07-07 15:28:03] [DEBUG] 逆引き成功: 物理名 developers -> table_id : 6
[2026-07-07 15:28:03] [DEBUG] PartsDefinitionModel::getColumnsByTableId() finish. 件数: 9
[2026-07-07 15:28:03] [DEBUG] PartsDefinitionModel::getTableStructure() start... Project ID: PRJ-D45FEF
[2026-07-07 15:28:03] [DEBUG] Screen::updateAreaE() [iframe起動版] path: \Develop\Views\AreaE\PartsDefinition\RegistParts.view start...
[2026-07-07 15:28:03] [DEBUG] Screen::getContents() start...
[2026-07-07 15:28:03] [DEBUG] Screen::getContents() finish.
[2026-07-07 15:28:03] [DEBUG] Screen::updateAreaE() finish.
[2026-07-07 15:28:03] [DEBUG] PartsDefinitionController::editPartsAction() end.
[2026-07-07 15:28:03] [DEBUG] Screen::areaView() start...
[2026-07-07 15:28:03] [DEBUG] Screen::areaView() finish.
[2026-07-07 15:28:04] [DEBUG] --- wwProject System Start ---
[2026-07-07 15:28:04] [DEBUG] Router::Router() /jemini/wwProjectV1.36/Develop/Console/ServerBridgeAction/
[2026-07-07 15:28:04] [DEBUG] Attempting to load: \Develop\Controllers\ConsoleController::ServerBridgeAction
[2026-07-07 15:28:04] [DEBUG] Router: Executing \Develop\Controllers\ConsoleController->ServerBridgeAction
[2026-07-07 15:28:04] [DEBUG] ConsoleController::ServerBridge() start...
[2026-07-07 15:28:04] [DEBUG] ConsoleController::ServerBridge() \Develop\Controllers\PartsDefinitionController::editPartsAction()
[2026-07-07 15:28:04] [DEBUG] PartsDefinitionController::editPartsAction() start...
[2026-07-07 15:28:04] [DEBUG] PartsDefinitionModel::getAllPartsList() start... Project ID: PRJ-D45FEF
[2026-07-07 15:28:04] [DEBUG] PartsDefinitionModel::getColumnsByTableId() start... Input: developers
[2026-07-07 15:28:04] [DEBUG] 逆引き成功: 物理名 developers -> table_id : 6
[2026-07-07 15:28:04] [DEBUG] PartsDefinitionModel::getColumnsByTableId() finish. 件数: 9
[2026-07-07 15:28:04] [DEBUG] PartsDefinitionModel::getTableStructure() start... Project ID: PRJ-D45FEF
[2026-07-07 15:28:04] [DEBUG] Screen::updateAreaE() [iframe起動版] path: \Develop\Views\AreaE\PartsDefinition\RegistParts.view start...
[2026-07-07 15:28:04] [DEBUG] Screen::getContents() start...
[2026-07-07 15:28:04] [DEBUG] Screen::getContents() finish.
[2026-07-07 15:28:04] [DEBUG] Screen::updateAreaE() finish.
[2026-07-07 15:28:04] [DEBUG] PartsDefinitionController::editPartsAction() end.
[2026-07-07 15:28:04] [DEBUG] Screen::areaView() start...
[2026-07-07 15:28:04] [DEBUG] Screen::areaView() finish.
[2026-07-07 15:28:05] [DEBUG] --- wwProject System Start ---
[2026-07-07 15:28:05] [DEBUG] Router::Router() /jemini/wwProjectV1.36/Develop/Console/ServerBridgeAction/
[2026-07-07 15:28:05] [DEBUG] Attempting to load: \Develop\Controllers\ConsoleController::ServerBridgeAction
[2026-07-07 15:28:05] [DEBUG] Router: Executing \Develop\Controllers\ConsoleController->ServerBridgeAction
[2026-07-07 15:28:05] [DEBUG] ConsoleController::ServerBridge() start...
[2026-07-07 15:28:05] [DEBUG] ConsoleController::ServerBridge() \Develop\Controllers\PartsDefinitionController::editPartsAction()
[2026-07-07 15:28:05] [DEBUG] PartsDefinitionController::editPartsAction() start...
[2026-07-07 15:28:05] [DEBUG] PartsDefinitionModel::getAllPartsList() start... Project ID: PRJ-D45FEF
[2026-07-07 15:28:05] [DEBUG] PartsDefinitionModel::getColumnsByTableId() start... Input: developers
[2026-07-07 15:28:05] [DEBUG] 逆引き成功: 物理名 developers -> table_id : 6
[2026-07-07 15:28:05] [DEBUG] PartsDefinitionModel::getColumnsByTableId() finish. 件数: 9
[2026-07-07 15:28:05] [DEBUG] PartsDefinitionModel::getTableStructure() start... Project ID: PRJ-D45FEF
[2026-07-07 15:28:05] [DEBUG] Screen::updateAreaE() [iframe起動版] path: \Develop\Views\AreaE\PartsDefinition\RegistParts.view start...
[2026-07-07 15:28:05] [DEBUG] Screen::getContents() start...
[2026-07-07 15:28:05] [DEBUG] Screen::getContents() finish.
[2026-07-07 15:28:05] [DEBUG] Screen::updateAreaE() finish.
[2026-07-07 15:28:05] [DEBUG] PartsDefinitionController::editPartsAction() end.
[2026-07-07 15:28:05] [DEBUG] Screen::areaView() start...
[2026-07-07 15:28:05] [DEBUG] Screen::areaView() finish.
[2026-07-07 15:28:06] [DEBUG] --- wwProject System Start ---
[2026-07-07 15:28:06] [DEBUG] Router::Router() /jemini/wwProjectV1.36/Develop/Console/ServerBridgeAction/
[2026-07-07 15:28:06] [DEBUG] Attempting to load: \Develop\Controllers\ConsoleController::ServerBridgeAction
[2026-07-07 15:28:06] [DEBUG] Router: Executing \Develop\Controllers\ConsoleController->ServerBridgeAction
[2026-07-07 15:28:06] [DEBUG] ConsoleController::ServerBridge() start...
[2026-07-07 15:28:06] [DEBUG] ConsoleController::ServerBridge() \Develop\Controllers\PartsDefinitionController::editPartsAction()
[2026-07-07 15:28:06] [DEBUG] PartsDefinitionController::editPartsAction() start...
[2026-07-07 15:28:06] [DEBUG] PartsDefinitionModel::getAllPartsList() start... Project ID: PRJ-D45FEF
[2026-07-07 15:28:06] [DEBUG] PartsDefinitionModel::getColumnsByTableId() start... Input: developers
[2026-07-07 15:28:06] [DEBUG] 逆引き成功: 物理名 developers -> table_id : 6
[2026-07-07 15:28:06] [DEBUG] PartsDefinitionModel::getColumnsByTableId() finish. 件数: 9
[2026-07-07 15:28:06] [DEBUG] PartsDefinitionModel::getTableStructure() start... Project ID: PRJ-D45FEF
[2026-07-07 15:28:06] [DEBUG] Screen::updateAreaE() [iframe起動版] path: \Develop\Views\AreaE\PartsDefinition\RegistParts.view start...
[2026-07-07 15:28:06] [DEBUG] Screen::getContents() start...
[2026-07-07 15:28:06] [DEBUG] Screen::getContents() finish.
[2026-07-07 15:28:06] [DEBUG] Screen::updateAreaE() finish.
[2026-07-07 15:28:06] [DEBUG] PartsDefinitionController::editPartsAction() end.
[2026-07-07 15:28:06] [DEBUG] Screen::areaView() start...
[2026-07-07 15:28:06] [DEBUG] Screen::areaView() finish.
[2026-07-07 15:28:09] [DEBUG] --- wwProject System Start ---
[2026-07-07 15:28:09] [DEBUG] Router::Router() /jemini/wwProjectV1.36/Develop/Console/ServerBridgeAction/
[2026-07-07 15:28:09] [DEBUG] Attempting to load: \Develop\Controllers\ConsoleController::ServerBridgeAction
[2026-07-07 15:28:09] [DEBUG] Router: Executing \Develop\Controllers\ConsoleController->ServerBridgeAction
[2026-07-07 15:28:09] [DEBUG] ConsoleController::ServerBridge() start...
[2026-07-07 15:28:09] [DEBUG] ConsoleController::ServerBridge() \Develop\Controllers\PartsDefinitionController::getColumnsAction()
[2026-07-07 15:28:09] [DEBUG] PartsDefinitionController::getColumnsAction() start...
[2026-07-07 15:28:09] [DEBUG] PartsDefinitionModel::getColumnsByTableId() start... Input: developers2
[2026-07-07 15:28:09] [DEBUG] 逆引き成功: 物理名 developers2 -> table_id : 8
[2026-07-07 15:28:09] [DEBUG] PartsDefinitionModel::getColumnsByTableId() finish. 件数: 8
[2026-07-07 15:28:09] [DEBUG] PartsDefinitionModel::getTableStructure() start... Project ID: PRJ-D45FEF
[2026-07-07 15:28:09] [DEBUG] Screen::updateAreaE() [iframe起動版] path: \Develop\Views\AreaE\PartsDefinition\RegistParts.view start...
[2026-07-07 15:28:09] [DEBUG] Screen::getContents() start...
[2026-07-07 15:28:09] [DEBUG] Screen::getContents() finish.
[2026-07-07 15:28:09] [DEBUG] Screen::updateAreaE() finish.
[2026-07-07 15:28:09] [DEBUG] PartsDefinitionController::getColumnsAction() end.
[2026-07-07 15:28:09] [DEBUG] Screen::areaView() start...
[2026-07-07 15:28:09] [DEBUG] Screen::areaView() finish.
[2026-07-07 17:32:13] [DEBUG] --- wwProject System Start ---
[2026-07-07 17:32:13] [DEBUG] Router::Router() /jemini/wwProjectV1.36/Develop/Console/initial/
[2026-07-07 17:32:13] [DEBUG] Attempting to load: \Develop\Controllers\ConsoleController::initialAction
[2026-07-07 17:32:13] [DEBUG] Router: Executing \Develop\Controllers\ConsoleController->initialAction
[2026-07-07 17:32:13] [DEBUG] Console::initialAction() start...
[2026-07-07 17:32:13] [DEBUG] Screen::view() path: \Develop\Views\Console\Console.view start...
[2026-07-07 17:32:13] [DEBUG] Screen::getContents() start...
[2026-07-07 17:32:13] [DEBUG] Screen::getContents() finish.
[2026-07-07 17:32:13] [DEBUG] Screen::view() path: \Develop\Views\Console\Console.view finish.
[2026-07-07 17:32:13] [DEBUG] ConsoleController::initialAction() finish.
[2026-07-07 17:32:13] [DEBUG] --- wwProject System Start ---
[2026-07-07 17:32:13] [DEBUG] Router::Router() /jemini/wwProjectV1.36/Develop/Console/ServerBridgeAction/
[2026-07-07 17:32:13] [DEBUG] Attempting to load: \Develop\Controllers\ConsoleController::ServerBridgeAction
[2026-07-07 17:32:13] [DEBUG] Router: Executing \Develop\Controllers\ConsoleController->ServerBridgeAction
[2026-07-07 17:32:13] [DEBUG] ConsoleController::ServerBridge() start...
[2026-07-07 17:32:13] [DEBUG] ConsoleController::ServerBridge() \Develop\Controllers\ConsoleController::areaInitialAction()
[2026-07-07 17:32:13] [DEBUG] ConsoleController::AreaInitialAction() start...
[2026-07-07 17:32:13] [DEBUG] Screen::updateAreaA() path: \Develop\Views\AreaA\Area_A.view start...
[2026-07-07 17:32:13] [DEBUG] Screen::areaView() sending JSON: ["areas"]
[2026-07-07 17:32:13] [DEBUG] Screen::getContents() start...
[2026-07-07 17:32:13] [DEBUG] Screen::getContents() finish.
[2026-07-07 17:32:13] [DEBUG] Screen::updateAreaA() finish.
[2026-07-07 17:32:13] [DEBUG] Screen::updateAreaB() path: \Develop\Views\AreaB\Area_B.view start...
[2026-07-07 17:32:13] [DEBUG] Screen::getContents() start...
[2026-07-07 17:32:13] [DEBUG] Screen::getContents() finish.
[2026-07-07 17:32:13] [DEBUG] Screen::updateAreaB() finish.
[2026-07-07 17:32:13] [DEBUG] Screen::updateAreaD() path: \Develop\Views\AreaD\Area_D_clear.view start...
[2026-07-07 17:32:13] [DEBUG] Screen::getContents() start...
[2026-07-07 17:32:13] [DEBUG] Screen::getContents() finish.
[2026-07-07 17:32:13] [DEBUG] Screen::updateAreaD() finish.
[2026-07-07 17:32:13] [DEBUG] Screen::updateAreaE() [iframe起動版] path: \Develop\Views\AreaE\Area_E_clear.view start...
[2026-07-07 17:32:13] [DEBUG] Screen::getContents() start...
[2026-07-07 17:32:13] [DEBUG] Screen::getContents() finish.
[2026-07-07 17:32:13] [DEBUG] Screen::updateAreaE() finish.
[2026-07-07 17:32:13] [DEBUG] Screen::updateAreaF() path: \Develop\Views\AreaF\Area_F.view start...
[2026-07-07 17:32:13] [DEBUG] Screen::getContents() start...
[2026-07-07 17:32:13] [DEBUG] Screen::getContents() finish.
[2026-07-07 17:32:13] [DEBUG] Screen::updateAreaF() finish.
[2026-07-07 17:32:13] [DEBUG] ProjectController::startProjectNabi() start...
[2026-07-07 17:32:13] [DEBUG] ProjectController::getProjectListHtml() start...
[2026-07-07 17:32:13] [DEBUG] ProjectModel::getProjectList() start...
[2026-07-07 17:32:13] [DEBUG] ProjectModel::getProjectList() finish.
[2026-07-07 17:32:13] [DEBUG] CodeMasterModel：：getCodesByGroup() start...
[2026-07-07 17:32:13] [DEBUG] CodeMasterModel：：getCodesByGroup() finish.
[2026-07-07 17:32:13] [DEBUG] ProjectController::getNaviFooterHtml() start...
[2026-07-07 17:32:13] [DEBUG] ProjectController::getNaviFooterHtml() finish.
[2026-07-07 17:32:13] [DEBUG] ProjectController::startProjectNabi() finish.
[2026-07-07 17:32:13] [DEBUG] Screen::updateAreaC() \Develop\Views\AreaC\Area_C.view start...
[2026-07-07 17:32:13] [DEBUG] Screen::getContents() start...
[2026-07-07 17:32:13] [DEBUG] Screen::getContents() finish.
[2026-07-07 17:32:13] [DEBUG] Screen::updateAreaC() finish.
[2026-07-07 17:32:13] [DEBUG] ConsoleController::AreaInitialAction() finish.
[2026-07-07 17:32:13] [DEBUG] Screen::areaView() start...
[2026-07-07 17:32:13] [DEBUG] Screen::areaView() finish.
[2026-07-07 17:32:17] [DEBUG] --- wwProject System Start ---
[2026-07-07 17:32:17] [DEBUG] Router::Router() /jemini/wwProjectV1.36/Develop/Console/ServerBridgeAction/
[2026-07-07 17:32:17] [DEBUG] Attempting to load: \Develop\Controllers\ConsoleController::ServerBridgeAction
[2026-07-07 17:32:17] [DEBUG] Router: Executing \Develop\Controllers\ConsoleController->ServerBridgeAction
[2026-07-07 17:32:17] [DEBUG] ConsoleController::ServerBridge() start...
[2026-07-07 17:32:17] [DEBUG] ConsoleController::ServerBridge() \Develop\Controllers\PartsDefinitionController::InitialAction()
[2026-07-07 17:32:17] [DEBUG] DBDefinitionController::initialAction() start...
[2026-07-07 17:32:17] [DEBUG] PartsDefinitionController::initialAction() projectId : PRJ-D45FEF
[2026-07-07 17:32:17] [DEBUG] PartsDefinitionModel::getAllPartsList() start... Project ID: PRJ-D45FEF
[2026-07-07 17:32:17] [DEBUG] Screen::updateAreaD() path: \Develop\Views\AreaD\PartsDefinition\PartsDefinitionList.view start...
[2026-07-07 17:32:17] [DEBUG] Screen::getContents() start...
[2026-07-07 17:32:17] [DEBUG] Screen::getContents() finish.
[2026-07-07 17:32:17] [DEBUG] Screen::updateAreaD() finish.
[2026-07-07 17:32:17] [DEBUG] Screen::updateAreaE() [iframe起動版] path: \Develop\Views\AreaE\Area_E_clear.view start...
[2026-07-07 17:32:17] [DEBUG] Screen::getContents() start...
[2026-07-07 17:32:17] [DEBUG] Screen::getContents() finish.
[2026-07-07 17:32:17] [DEBUG] Screen::updateAreaE() finish.
[2026-07-07 17:32:17] [DEBUG] DBDefinitionController::initialAction() end.
[2026-07-07 17:32:17] [DEBUG] Screen::areaView() start...
[2026-07-07 17:32:17] [DEBUG] Screen::areaView() finish.
[2026-07-07 17:32:20] [DEBUG] --- wwProject System Start ---
[2026-07-07 17:32:20] [DEBUG] Router::Router() /jemini/wwProjectV1.36/Develop/Console/ServerBridgeAction/
[2026-07-07 17:32:20] [DEBUG] Attempting to load: \Develop\Controllers\ConsoleController::ServerBridgeAction
[2026-07-07 17:32:20] [DEBUG] Router: Executing \Develop\Controllers\ConsoleController->ServerBridgeAction
[2026-07-07 17:32:20] [DEBUG] ConsoleController::ServerBridge() start...
[2026-07-07 17:32:20] [DEBUG] ConsoleController::ServerBridge() \Develop\Controllers\PartsDefinitionController::editPartsAction()
[2026-07-07 17:32:20] [DEBUG] PartsDefinitionController::editPartsAction() start...
[2026-07-07 17:32:20] [DEBUG] PartsDefinitionModel::getAllPartsList() start... Project ID: PRJ-D45FEF
[2026-07-07 17:32:20] [DEBUG] PartsDefinitionModel::getColumnsByTableId() start... Input: developers
[2026-07-07 17:32:20] [DEBUG] 逆引き成功: 物理名 developers -> table_id : 6
[2026-07-07 17:32:20] [DEBUG] PartsDefinitionModel::getColumnsByTableId() finish. 件数: 9
[2026-07-07 17:32:20] [DEBUG] PartsDefinitionModel::getTableStructure() start... Project ID: PRJ-D45FEF
[2026-07-07 17:32:20] [DEBUG] Screen::updateAreaE() [iframe起動版] path: \Develop\Views\AreaE\PartsDefinition\RegistParts.view start...
[2026-07-07 17:32:20] [DEBUG] Screen::getContents() start...
[2026-07-07 17:32:20] [DEBUG] Screen::getContents() finish.
[2026-07-07 17:32:20] [DEBUG] Screen::updateAreaE() finish.
[2026-07-07 17:32:20] [DEBUG] PartsDefinitionController::editPartsAction() end.
[2026-07-07 17:32:20] [DEBUG] Screen::areaView() start...
[2026-07-07 17:32:20] [DEBUG] Screen::areaView() finish.
[2026-07-07 17:32:21] [DEBUG] --- wwProject System Start ---
[2026-07-07 17:32:22] [DEBUG] Router::Router() /jemini/wwProjectV1.36/Develop/Console/ServerBridgeAction/
[2026-07-07 17:32:22] [DEBUG] Attempting to load: \Develop\Controllers\ConsoleController::ServerBridgeAction
[2026-07-07 17:32:22] [DEBUG] Router: Executing \Develop\Controllers\ConsoleController->ServerBridgeAction
[2026-07-07 17:32:22] [DEBUG] ConsoleController::ServerBridge() start...
[2026-07-07 17:32:22] [DEBUG] ConsoleController::ServerBridge() \Develop\Controllers\PartsDefinitionController::editPartsAction()
[2026-07-07 17:32:22] [DEBUG] PartsDefinitionController::editPartsAction() start...
[2026-07-07 17:32:22] [DEBUG] PartsDefinitionModel::getAllPartsList() start... Project ID: PRJ-D45FEF
[2026-07-07 17:32:22] [DEBUG] PartsDefinitionModel::getColumnsByTableId() start... Input: developers
[2026-07-07 17:32:22] [DEBUG] 逆引き成功: 物理名 developers -> table_id : 6
[2026-07-07 17:32:22] [DEBUG] PartsDefinitionModel::getColumnsByTableId() finish. 件数: 9
[2026-07-07 17:32:22] [DEBUG] PartsDefinitionModel::getTableStructure() start... Project ID: PRJ-D45FEF
[2026-07-07 17:32:22] [DEBUG] Screen::updateAreaE() [iframe起動版] path: \Develop\Views\AreaE\PartsDefinition\RegistParts.view start...
[2026-07-07 17:32:22] [DEBUG] Screen::getContents() start...
[2026-07-07 17:32:22] [DEBUG] Screen::getContents() finish.
[2026-07-07 17:32:22] [DEBUG] Screen::updateAreaE() finish.
[2026-07-07 17:32:22] [DEBUG] PartsDefinitionController::editPartsAction() end.
[2026-07-07 17:32:22] [DEBUG] Screen::areaView() start...
[2026-07-07 17:32:22] [DEBUG] Screen::areaView() finish.
[2026-07-07 17:32:23] [DEBUG] --- wwProject System Start ---
[2026-07-07 17:32:23] [DEBUG] Router::Router() /jemini/wwProjectV1.36/Develop/Console/ServerBridgeAction/
[2026-07-07 17:32:23] [DEBUG] Attempting to load: \Develop\Controllers\ConsoleController::ServerBridgeAction
[2026-07-07 17:32:23] [DEBUG] Router: Executing \Develop\Controllers\ConsoleController->ServerBridgeAction
[2026-07-07 17:32:23] [DEBUG] ConsoleController::ServerBridge() start...
[2026-07-07 17:32:23] [DEBUG] ConsoleController::ServerBridge() \Develop\Controllers\PartsDefinitionController::editPartsAction()
[2026-07-07 17:32:23] [DEBUG] PartsDefinitionController::editPartsAction() start...
[2026-07-07 17:32:23] [DEBUG] PartsDefinitionModel::getAllPartsList() start... Project ID: PRJ-D45FEF
[2026-07-07 17:32:23] [DEBUG] PartsDefinitionModel::getColumnsByTableId() start... Input: developers
[2026-07-07 17:32:23] [DEBUG] 逆引き成功: 物理名 developers -> table_id : 6
[2026-07-07 17:32:23] [DEBUG] PartsDefinitionModel::getColumnsByTableId() finish. 件数: 9
[2026-07-07 17:32:23] [DEBUG] PartsDefinitionModel::getTableStructure() start... Project ID: PRJ-D45FEF
[2026-07-07 17:32:23] [DEBUG] Screen::updateAreaE() [iframe起動版] path: \Develop\Views\AreaE\PartsDefinition\RegistParts.view start...
[2026-07-07 17:32:23] [DEBUG] Screen::getContents() start...
[2026-07-07 17:32:23] [DEBUG] Screen::getContents() finish.
[2026-07-07 17:32:23] [DEBUG] Screen::updateAreaE() finish.
[2026-07-07 17:32:23] [DEBUG] PartsDefinitionController::editPartsAction() end.
[2026-07-07 17:32:23] [DEBUG] Screen::areaView() start...
[2026-07-07 17:32:23] [DEBUG] Screen::areaView() finish.
[2026-07-07 17:32:24] [DEBUG] --- wwProject System Start ---
[2026-07-07 17:32:24] [DEBUG] Router::Router() /jemini/wwProjectV1.36/Develop/Console/ServerBridgeAction/
[2026-07-07 17:32:24] [DEBUG] Attempting to load: \Develop\Controllers\ConsoleController::ServerBridgeAction
[2026-07-07 17:32:24] [DEBUG] Router: Executing \Develop\Controllers\ConsoleController->ServerBridgeAction
[2026-07-07 17:32:24] [DEBUG] ConsoleController::ServerBridge() start...
[2026-07-07 17:32:24] [DEBUG] ConsoleController::ServerBridge() \Develop\Controllers\PartsDefinitionController::editPartsAction()
[2026-07-07 17:32:24] [DEBUG] PartsDefinitionController::editPartsAction() start...
[2026-07-07 17:32:24] [DEBUG] PartsDefinitionModel::getAllPartsList() start... Project ID: PRJ-D45FEF
[2026-07-07 17:32:24] [DEBUG] PartsDefinitionModel::getColumnsByTableId() start... Input: developers
[2026-07-07 17:32:24] [DEBUG] 逆引き成功: 物理名 developers -> table_id : 6
[2026-07-07 17:32:24] [DEBUG] PartsDefinitionModel::getColumnsByTableId() finish. 件数: 9
[2026-07-07 17:32:24] [DEBUG] PartsDefinitionModel::getTableStructure() start... Project ID: PRJ-D45FEF
[2026-07-07 17:32:24] [DEBUG] Screen::updateAreaE() [iframe起動版] path: \Develop\Views\AreaE\PartsDefinition\RegistParts.view start...
[2026-07-07 17:32:24] [DEBUG] Screen::getContents() start...
[2026-07-07 17:32:24] [DEBUG] Screen::getContents() finish.
[2026-07-07 17:32:24] [DEBUG] Screen::updateAreaE() finish.
[2026-07-07 17:32:24] [DEBUG] PartsDefinitionController::editPartsAction() end.
[2026-07-07 17:32:24] [DEBUG] Screen::areaView() start...
[2026-07-07 17:32:24] [DEBUG] Screen::areaView() finish.
[2026-07-07 17:32:25] [DEBUG] --- wwProject System Start ---
[2026-07-07 17:32:25] [DEBUG] Router::Router() /jemini/wwProjectV1.36/Develop/Console/ServerBridgeAction/
[2026-07-07 17:32:25] [DEBUG] Attempting to load: \Develop\Controllers\ConsoleController::ServerBridgeAction
[2026-07-07 17:32:25] [DEBUG] Router: Executing \Develop\Controllers\ConsoleController->ServerBridgeAction
[2026-07-07 17:32:25] [DEBUG] ConsoleController::ServerBridge() start...
[2026-07-07 17:32:25] [DEBUG] ConsoleController::ServerBridge() \Develop\Controllers\PartsDefinitionController::editPartsAction()
[2026-07-07 17:32:25] [DEBUG] PartsDefinitionController::editPartsAction() start...
[2026-07-07 17:32:25] [DEBUG] PartsDefinitionModel::getAllPartsList() start... Project ID: PRJ-D45FEF
[2026-07-07 17:32:25] [DEBUG] PartsDefinitionModel::getTableStructure() start... Project ID: PRJ-D45FEF
[2026-07-07 17:32:25] [DEBUG] Screen::updateAreaE() [iframe起動版] path: \Develop\Views\AreaE\PartsDefinition\RegistParts.view start...
[2026-07-07 17:32:25] [DEBUG] Screen::getContents() start...
[2026-07-07 17:32:25] [DEBUG] Screen::getContents() finish.
[2026-07-07 17:32:25] [DEBUG] Screen::updateAreaE() finish.
[2026-07-07 17:32:25] [DEBUG] PartsDefinitionController::editPartsAction() end.
[2026-07-07 17:32:25] [DEBUG] Screen::areaView() start...
[2026-07-07 17:32:25] [DEBUG] Screen::areaView() finish.
[2026-07-07 17:32:26] [DEBUG] --- wwProject System Start ---
[2026-07-07 17:32:26] [DEBUG] Router::Router() /jemini/wwProjectV1.36/Develop/Console/ServerBridgeAction/
[2026-07-07 17:32:26] [DEBUG] Attempting to load: \Develop\Controllers\ConsoleController::ServerBridgeAction
[2026-07-07 17:32:26] [DEBUG] Router: Executing \Develop\Controllers\ConsoleController->ServerBridgeAction
[2026-07-07 17:32:26] [DEBUG] ConsoleController::ServerBridge() start...
[2026-07-07 17:32:26] [DEBUG] ConsoleController::ServerBridge() \Develop\Controllers\PartsDefinitionController::editPartsAction()
[2026-07-07 17:32:26] [DEBUG] PartsDefinitionController::editPartsAction() start...
[2026-07-07 17:32:26] [DEBUG] PartsDefinitionModel::getAllPartsList() start... Project ID: PRJ-D45FEF
[2026-07-07 17:32:26] [DEBUG] PartsDefinitionModel::getTableStructure() start... Project ID: PRJ-D45FEF
[2026-07-07 17:32:26] [DEBUG] Screen::updateAreaE() [iframe起動版] path: \Develop\Views\AreaE\PartsDefinition\RegistParts.view start...
[2026-07-07 17:32:26] [DEBUG] Screen::getContents() start...
[2026-07-07 17:32:26] [DEBUG] Screen::getContents() finish.
[2026-07-07 17:32:26] [DEBUG] Screen::updateAreaE() finish.
[2026-07-07 17:32:26] [DEBUG] PartsDefinitionController::editPartsAction() end.
[2026-07-07 17:32:26] [DEBUG] Screen::areaView() start...
[2026-07-07 17:32:26] [DEBUG] Screen::areaView() finish.
[2026-07-07 17:32:27] [DEBUG] --- wwProject System Start ---
[2026-07-07 17:32:27] [DEBUG] Router::Router() /jemini/wwProjectV1.36/Develop/Console/ServerBridgeAction/
[2026-07-07 17:32:27] [DEBUG] Attempting to load: \Develop\Controllers\ConsoleController::ServerBridgeAction
[2026-07-07 17:32:27] [DEBUG] Router: Executing \Develop\Controllers\ConsoleController->ServerBridgeAction
[2026-07-07 17:32:27] [DEBUG] ConsoleController::ServerBridge() start...
[2026-07-07 17:32:27] [DEBUG] ConsoleController::ServerBridge() \Develop\Controllers\PartsDefinitionController::editPartsAction()
[2026-07-07 17:32:27] [DEBUG] PartsDefinitionController::editPartsAction() start...
[2026-07-07 17:32:27] [DEBUG] PartsDefinitionModel::getAllPartsList() start... Project ID: PRJ-D45FEF
[2026-07-07 17:32:27] [DEBUG] PartsDefinitionModel::getTableStructure() start... Project ID: PRJ-D45FEF
[2026-07-07 17:32:27] [DEBUG] Screen::updateAreaE() [iframe起動版] path: \Develop\Views\AreaE\PartsDefinition\RegistParts.view start...
[2026-07-07 17:32:27] [DEBUG] Screen::getContents() start...
[2026-07-07 17:32:27] [DEBUG] Screen::getContents() finish.
[2026-07-07 17:32:27] [DEBUG] Screen::updateAreaE() finish.
[2026-07-07 17:32:27] [DEBUG] PartsDefinitionController::editPartsAction() end.
[2026-07-07 17:32:27] [DEBUG] Screen::areaView() start...
[2026-07-07 17:32:27] [DEBUG] Screen::areaView() finish.
[2026-07-07 17:32:29] [DEBUG] --- wwProject System Start ---
[2026-07-07 17:32:29] [DEBUG] Router::Router() /jemini/wwProjectV1.36/Develop/Console/ServerBridgeAction/
[2026-07-07 17:32:29] [DEBUG] Attempting to load: \Develop\Controllers\ConsoleController::ServerBridgeAction
[2026-07-07 17:32:29] [DEBUG] Router: Executing \Develop\Controllers\ConsoleController->ServerBridgeAction
[2026-07-07 17:32:29] [DEBUG] ConsoleController::ServerBridge() start...
[2026-07-07 17:32:29] [DEBUG] ConsoleController::ServerBridge() \Develop\Controllers\PartsDefinitionController::editPartsAction()
[2026-07-07 17:32:29] [DEBUG] PartsDefinitionController::editPartsAction() start...
[2026-07-07 17:32:29] [DEBUG] PartsDefinitionModel::getAllPartsList() start... Project ID: PRJ-D45FEF
[2026-07-07 17:32:29] [DEBUG] PartsDefinitionModel::getTableStructure() start... Project ID: PRJ-D45FEF
[2026-07-07 17:32:29] [DEBUG] Screen::updateAreaE() [iframe起動版] path: \Develop\Views\AreaE\PartsDefinition\RegistParts.view start...
[2026-07-07 17:32:29] [DEBUG] Screen::getContents() start...
[2026-07-07 17:32:29] [DEBUG] Screen::getContents() finish.
[2026-07-07 17:32:29] [DEBUG] Screen::updateAreaE() finish.
[2026-07-07 17:32:29] [DEBUG] PartsDefinitionController::editPartsAction() end.
[2026-07-07 17:32:29] [DEBUG] Screen::areaView() start...
[2026-07-07 17:32:29] [DEBUG] Screen::areaView() finish.
[2026-07-07 17:32:31] [DEBUG] --- wwProject System Start ---
[2026-07-07 17:32:31] [DEBUG] Router::Router() /jemini/wwProjectV1.36/Develop/Console/ServerBridgeAction/
[2026-07-07 17:32:31] [DEBUG] Attempting to load: \Develop\Controllers\ConsoleController::ServerBridgeAction
[2026-07-07 17:32:31] [DEBUG] Router: Executing \Develop\Controllers\ConsoleController->ServerBridgeAction
[2026-07-07 17:32:31] [DEBUG] ConsoleController::ServerBridge() start...
[2026-07-07 17:32:31] [DEBUG] ConsoleController::ServerBridge() \Develop\Controllers\PartsDefinitionController::editPartsAction()
[2026-07-07 17:32:31] [DEBUG] PartsDefinitionController::editPartsAction() start...
[2026-07-07 17:32:31] [DEBUG] PartsDefinitionModel::getAllPartsList() start... Project ID: PRJ-D45FEF
[2026-07-07 17:32:31] [DEBUG] PartsDefinitionModel::getTableStructure() start... Project ID: PRJ-D45FEF
[2026-07-07 17:32:31] [DEBUG] Screen::updateAreaE() [iframe起動版] path: \Develop\Views\AreaE\PartsDefinition\RegistParts.view start...
[2026-07-07 17:32:31] [DEBUG] Screen::getContents() start...
[2026-07-07 17:32:31] [DEBUG] Screen::getContents() finish.
[2026-07-07 17:32:31] [DEBUG] Screen::updateAreaE() finish.
[2026-07-07 17:32:31] [DEBUG] PartsDefinitionController::editPartsAction() end.
[2026-07-07 17:32:31] [DEBUG] Screen::areaView() start...
[2026-07-07 17:32:31] [DEBUG] Screen::areaView() finish.
[2026-07-07 17:32:33] [DEBUG] --- wwProject System Start ---
[2026-07-07 17:32:33] [DEBUG] Router::Router() /jemini/wwProjectV1.36/Develop/Console/ServerBridgeAction/
[2026-07-07 17:32:33] [DEBUG] Attempting to load: \Develop\Controllers\ConsoleController::ServerBridgeAction
[2026-07-07 17:32:33] [DEBUG] Router: Executing \Develop\Controllers\ConsoleController->ServerBridgeAction
[2026-07-07 17:32:33] [DEBUG] ConsoleController::ServerBridge() start...
[2026-07-07 17:32:33] [DEBUG] ConsoleController::ServerBridge() \Develop\Controllers\PartsDefinitionController::editPartsAction()
[2026-07-07 17:32:33] [DEBUG] PartsDefinitionController::editPartsAction() start...
[2026-07-07 17:32:33] [DEBUG] PartsDefinitionModel::getAllPartsList() start... Project ID: PRJ-D45FEF
[2026-07-07 17:32:33] [DEBUG] PartsDefinitionModel::getColumnsByTableId() start... Input: developers
[2026-07-07 17:32:33] [DEBUG] 逆引き成功: 物理名 developers -> table_id : 6
[2026-07-07 17:32:33] [DEBUG] PartsDefinitionModel::getColumnsByTableId() finish. 件数: 9
[2026-07-07 17:32:33] [DEBUG] PartsDefinitionModel::getTableStructure() start... Project ID: PRJ-D45FEF
[2026-07-07 17:32:33] [DEBUG] Screen::updateAreaE() [iframe起動版] path: \Develop\Views\AreaE\PartsDefinition\RegistParts.view start...
[2026-07-07 17:32:33] [DEBUG] Screen::getContents() start...
[2026-07-07 17:32:33] [DEBUG] Screen::getContents() finish.
[2026-07-07 17:32:33] [DEBUG] Screen::updateAreaE() finish.
[2026-07-07 17:32:33] [DEBUG] PartsDefinitionController::editPartsAction() end.
[2026-07-07 17:32:33] [DEBUG] Screen::areaView() start...
[2026-07-07 17:32:33] [DEBUG] Screen::areaView() finish.
[2026-07-07 17:32:36] [DEBUG] --- wwProject System Start ---
[2026-07-07 17:32:36] [DEBUG] Router::Router() /jemini/wwProjectV1.36/Develop/Console/ServerBridgeAction/
[2026-07-07 17:32:36] [DEBUG] Attempting to load: \Develop\Controllers\ConsoleController::ServerBridgeAction
[2026-07-07 17:32:36] [DEBUG] Router: Executing \Develop\Controllers\ConsoleController->ServerBridgeAction
[2026-07-07 17:32:36] [DEBUG] ConsoleController::ServerBridge() start...
[2026-07-07 17:32:36] [DEBUG] ConsoleController::ServerBridge() \Develop\Controllers\PartsDefinitionController::getColumnsAction()
[2026-07-07 17:32:36] [DEBUG] PartsDefinitionController::getColumnsAction() start...
[2026-07-07 17:32:36] [DEBUG] PartsDefinitionModel::getColumnsByTableId() start... Input: developers2
[2026-07-07 17:32:36] [DEBUG] 逆引き成功: 物理名 developers2 -> table_id : 8
[2026-07-07 17:32:36] [DEBUG] PartsDefinitionModel::getColumnsByTableId() finish. 件数: 8
[2026-07-07 17:32:36] [DEBUG] PartsDefinitionModel::getTableStructure() start... Project ID: PRJ-D45FEF
[2026-07-07 17:32:36] [DEBUG] Screen::updateAreaE() [iframe起動版] path: \Develop\Views\AreaE\PartsDefinition\RegistParts.view start...
[2026-07-07 17:32:36] [DEBUG] Screen::getContents() start...
[2026-07-07 17:32:36] [DEBUG] Screen::getContents() finish.
[2026-07-07 17:32:36] [DEBUG] Screen::updateAreaE() finish.
[2026-07-07 17:32:36] [DEBUG] PartsDefinitionController::getColumnsAction() end.
[2026-07-07 17:32:36] [DEBUG] Screen::areaView() start...
[2026-07-07 17:32:36] [DEBUG] Screen::areaView() finish.
[2026-07-07 17:32:39] [DEBUG] --- wwProject System Start ---
[2026-07-07 17:32:39] [DEBUG] Router::Router() /jemini/wwProjectV1.36/Develop/Console/ServerBridgeAction/
[2026-07-07 17:32:39] [DEBUG] Attempting to load: \Develop\Controllers\ConsoleController::ServerBridgeAction
[2026-07-07 17:32:39] [DEBUG] Router: Executing \Develop\Controllers\ConsoleController->ServerBridgeAction
[2026-07-07 17:32:39] [DEBUG] ConsoleController::ServerBridge() start...
[2026-07-07 17:32:39] [DEBUG] ConsoleController::ServerBridge() \Develop\Controllers\PartsDefinitionController::editPartsAction()
[2026-07-07 17:32:39] [DEBUG] PartsDefinitionController::editPartsAction() start...
[2026-07-07 17:32:39] [DEBUG] PartsDefinitionModel::getAllPartsList() start... Project ID: PRJ-D45FEF
[2026-07-07 17:32:39] [DEBUG] PartsDefinitionModel::getTableStructure() start... Project ID: PRJ-D45FEF
[2026-07-07 17:32:39] [DEBUG] Screen::updateAreaE() [iframe起動版] path: \Develop\Views\AreaE\PartsDefinition\RegistParts.view start...
[2026-07-07 17:32:39] [DEBUG] Screen::getContents() start...
[2026-07-07 17:32:39] [DEBUG] Screen::getContents() finish.
[2026-07-07 17:32:39] [DEBUG] Screen::updateAreaE() finish.
[2026-07-07 17:32:39] [DEBUG] PartsDefinitionController::editPartsAction() end.
[2026-07-07 17:32:39] [DEBUG] Screen::areaView() start...
[2026-07-07 17:32:39] [DEBUG] Screen::areaView() finish.
[2026-07-07 17:32:41] [DEBUG] --- wwProject System Start ---
[2026-07-07 17:32:41] [DEBUG] Router::Router() /jemini/wwProjectV1.36/Develop/Console/ServerBridgeAction/
[2026-07-07 17:32:41] [DEBUG] Attempting to load: \Develop\Controllers\ConsoleController::ServerBridgeAction
[2026-07-07 17:32:41] [DEBUG] Router: Executing \Develop\Controllers\ConsoleController->ServerBridgeAction
[2026-07-07 17:32:41] [DEBUG] ConsoleController::ServerBridge() start...
[2026-07-07 17:32:41] [DEBUG] ConsoleController::ServerBridge() \Develop\Controllers\PartsDefinitionController::editPartsAction()
[2026-07-07 17:32:41] [DEBUG] PartsDefinitionController::editPartsAction() start...
[2026-07-07 17:32:41] [DEBUG] PartsDefinitionModel::getAllPartsList() start... Project ID: PRJ-D45FEF
[2026-07-07 17:32:41] [DEBUG] PartsDefinitionModel::getColumnsByTableId() start... Input: developers
[2026-07-07 17:32:41] [DEBUG] 逆引き成功: 物理名 developers -> table_id : 6
[2026-07-07 17:32:41] [DEBUG] PartsDefinitionModel::getColumnsByTableId() finish. 件数: 9
[2026-07-07 17:32:41] [DEBUG] PartsDefinitionModel::getTableStructure() start... Project ID: PRJ-D45FEF
[2026-07-07 17:32:41] [DEBUG] Screen::updateAreaE() [iframe起動版] path: \Develop\Views\AreaE\PartsDefinition\RegistParts.view start...
[2026-07-07 17:32:41] [DEBUG] Screen::getContents() start...
[2026-07-07 17:32:41] [DEBUG] Screen::getContents() finish.
[2026-07-07 17:32:41] [DEBUG] Screen::updateAreaE() finish.
[2026-07-07 17:32:41] [DEBUG] PartsDefinitionController::editPartsAction() end.
[2026-07-07 17:32:41] [DEBUG] Screen::areaView() start...
[2026-07-07 17:32:41] [DEBUG] Screen::areaView() finish.
[2026-07-07 17:32:46] [DEBUG] --- wwProject System Start ---
[2026-07-07 17:32:46] [DEBUG] Router::Router() /jemini/wwProjectV1.36/Develop/Console/ServerBridgeAction/
[2026-07-07 17:32:46] [DEBUG] Attempting to load: \Develop\Controllers\ConsoleController::ServerBridgeAction
[2026-07-07 17:32:46] [DEBUG] Router: Executing \Develop\Controllers\ConsoleController->ServerBridgeAction
[2026-07-07 17:32:46] [DEBUG] ConsoleController::ServerBridge() start...
[2026-07-07 17:32:46] [DEBUG] ConsoleController::ServerBridge() \Develop\Controllers\PartsDefinitionController::getColumnsAction()
[2026-07-07 17:32:46] [DEBUG] PartsDefinitionController::getColumnsAction() start...
[2026-07-07 17:32:46] [DEBUG] PartsDefinitionModel::getColumnsByTableId() start... Input: developers2
[2026-07-07 17:32:46] [DEBUG] 逆引き成功: 物理名 developers2 -> table_id : 8
[2026-07-07 17:32:46] [DEBUG] PartsDefinitionModel::getColumnsByTableId() finish. 件数: 8
[2026-07-07 17:32:46] [DEBUG] PartsDefinitionModel::getTableStructure() start... Project ID: PRJ-D45FEF
[2026-07-07 17:32:46] [DEBUG] Screen::updateAreaE() [iframe起動版] path: \Develop\Views\AreaE\PartsDefinition\RegistParts.view start...
[2026-07-07 17:32:46] [DEBUG] Screen::getContents() start...
[2026-07-07 17:32:46] [DEBUG] Screen::getContents() finish.
[2026-07-07 17:32:46] [DEBUG] Screen::updateAreaE() finish.
[2026-07-07 17:32:46] [DEBUG] PartsDefinitionController::getColumnsAction() end.
[2026-07-07 17:32:46] [DEBUG] Screen::areaView() start...
[2026-07-07 17:32:46] [DEBUG] Screen::areaView() finish.
[2026-07-07 17:32:49] [DEBUG] --- wwProject System Start ---
[2026-07-07 17:32:49] [DEBUG] Router::Router() /jemini/wwProjectV1.36/Develop/Console/ServerBridgeAction/
[2026-07-07 17:32:49] [DEBUG] Attempting to load: \Develop\Controllers\ConsoleController::ServerBridgeAction
[2026-07-07 17:32:49] [DEBUG] Router: Executing \Develop\Controllers\ConsoleController->ServerBridgeAction
[2026-07-07 17:32:49] [DEBUG] ConsoleController::ServerBridge() start...
[2026-07-07 17:32:49] [DEBUG] ConsoleController::ServerBridge() \Develop\Controllers\PartsDefinitionController::getColumnsAction()
[2026-07-07 17:32:49] [DEBUG] PartsDefinitionController::getColumnsAction() start...
[2026-07-07 17:32:49] [DEBUG] PartsDefinitionModel::getColumnsByTableId() start... Input: developers３
[2026-07-07 17:32:49] [DEBUG] 逆引き成功: 物理名 developers３ -> table_id : 9
[2026-07-07 17:32:49] [DEBUG] PartsDefinitionModel::getColumnsByTableId() finish. 件数: 9
[2026-07-07 17:32:49] [DEBUG] PartsDefinitionModel::getTableStructure() start... Project ID: PRJ-D45FEF
[2026-07-07 17:32:49] [DEBUG] Screen::updateAreaE() [iframe起動版] path: \Develop\Views\AreaE\PartsDefinition\RegistParts.view start...
[2026-07-07 17:32:49] [DEBUG] Screen::getContents() start...
[2026-07-07 17:32:49] [DEBUG] Screen::getContents() finish.
[2026-07-07 17:32:49] [DEBUG] Screen::updateAreaE() finish.
[2026-07-07 17:32:49] [DEBUG] PartsDefinitionController::getColumnsAction() end.
[2026-07-07 17:32:49] [DEBUG] Screen::areaView() start...
[2026-07-07 17:32:49] [DEBUG] Screen::areaView() finish.
[2026-07-07 17:32:57] [DEBUG] --- wwProject System Start ---
[2026-07-07 17:32:57] [DEBUG] Router::Router() /jemini/wwProjectV1.36/Develop/Console/ServerBridgeAction/
[2026-07-07 17:32:57] [DEBUG] Attempting to load: \Develop\Controllers\ConsoleController::ServerBridgeAction
[2026-07-07 17:32:57] [DEBUG] Router: Executing \Develop\Controllers\ConsoleController->ServerBridgeAction
[2026-07-07 17:32:57] [DEBUG] ConsoleController::ServerBridge() start...
[2026-07-07 17:32:57] [DEBUG] ConsoleController::ServerBridge() \Develop\Controllers\PartsDefinitionController::getColumnsAction()
[2026-07-07 17:32:57] [DEBUG] PartsDefinitionController::getColumnsAction() start...
[2026-07-07 17:32:57] [DEBUG] PartsDefinitionModel::getColumnsByTableId() start... Input: developers
[2026-07-07 17:32:57] [DEBUG] 逆引き成功: 物理名 developers -> table_id : 6
[2026-07-07 17:32:57] [DEBUG] PartsDefinitionModel::getColumnsByTableId() finish. 件数: 9
[2026-07-07 17:32:57] [DEBUG] PartsDefinitionModel::getTableStructure() start... Project ID: PRJ-D45FEF
[2026-07-07 17:32:57] [DEBUG] Screen::updateAreaE() [iframe起動版] path: \Develop\Views\AreaE\PartsDefinition\RegistParts.view start...
[2026-07-07 17:32:57] [DEBUG] Screen::getContents() start...
[2026-07-07 17:32:57] [DEBUG] Screen::getContents() finish.
[2026-07-07 17:32:57] [DEBUG] Screen::updateAreaE() finish.
[2026-07-07 17:32:57] [DEBUG] PartsDefinitionController::getColumnsAction() end.
[2026-07-07 17:32:57] [DEBUG] Screen::areaView() start...
[2026-07-07 17:32:57] [DEBUG] Screen::areaView() finish.
[2026-07-07 17:35:24] [DEBUG] --- wwProject System Start ---
[2026-07-07 17:35:24] [DEBUG] Router::Router() /jemini/wwProjectV1.36/Develop/Console/initial/
[2026-07-07 17:35:24] [DEBUG] Attempting to load: \Develop\Controllers\ConsoleController::initialAction
[2026-07-07 17:35:24] [DEBUG] Router: Executing \Develop\Controllers\ConsoleController->initialAction
[2026-07-07 17:35:24] [DEBUG] Console::initialAction() start...
[2026-07-07 17:35:24] [DEBUG] Screen::view() path: \Develop\Views\Console\Console.view start...
[2026-07-07 17:35:24] [DEBUG] Screen::getContents() start...
[2026-07-07 17:35:24] [DEBUG] Screen::getContents() finish.
[2026-07-07 17:35:24] [DEBUG] Screen::view() path: \Develop\Views\Console\Console.view finish.
[2026-07-07 17:35:24] [DEBUG] ConsoleController::initialAction() finish.
[2026-07-07 17:35:24] [DEBUG] --- wwProject System Start ---
[2026-07-07 17:35:24] [DEBUG] Router::Router() /jemini/wwProjectV1.36/Develop/Console/ServerBridgeAction/
[2026-07-07 17:35:24] [DEBUG] Attempting to load: \Develop\Controllers\ConsoleController::ServerBridgeAction
[2026-07-07 17:35:24] [DEBUG] Router: Executing \Develop\Controllers\ConsoleController->ServerBridgeAction
[2026-07-07 17:35:24] [DEBUG] ConsoleController::ServerBridge() start...
[2026-07-07 17:35:24] [DEBUG] ConsoleController::ServerBridge() \Develop\Controllers\ConsoleController::areaInitialAction()
[2026-07-07 17:35:24] [DEBUG] ConsoleController::AreaInitialAction() start...
[2026-07-07 17:35:24] [DEBUG] Screen::updateAreaA() path: \Develop\Views\AreaA\Area_A.view start...
[2026-07-07 17:35:24] [DEBUG] Screen::areaView() sending JSON: ["areas"]
[2026-07-07 17:35:24] [DEBUG] Screen::getContents() start...
[2026-07-07 17:35:24] [DEBUG] Screen::getContents() finish.
[2026-07-07 17:35:24] [DEBUG] Screen::updateAreaA() finish.
[2026-07-07 17:35:24] [DEBUG] Screen::updateAreaB() path: \Develop\Views\AreaB\Area_B.view start...
[2026-07-07 17:35:24] [DEBUG] Screen::getContents() start...
[2026-07-07 17:35:24] [DEBUG] Screen::getContents() finish.
[2026-07-07 17:35:24] [DEBUG] Screen::updateAreaB() finish.
[2026-07-07 17:35:24] [DEBUG] Screen::updateAreaD() path: \Develop\Views\AreaD\Area_D_clear.view start...
[2026-07-07 17:35:24] [DEBUG] Screen::getContents() start...
[2026-07-07 17:35:24] [DEBUG] Screen::getContents() finish.
[2026-07-07 17:35:24] [DEBUG] Screen::updateAreaD() finish.
[2026-07-07 17:35:24] [DEBUG] Screen::updateAreaE() [iframe起動版] path: \Develop\Views\AreaE\Area_E_clear.view start...
[2026-07-07 17:35:24] [DEBUG] Screen::getContents() start...
[2026-07-07 17:35:24] [DEBUG] Screen::getContents() finish.
[2026-07-07 17:35:24] [DEBUG] Screen::updateAreaE() finish.
[2026-07-07 17:35:24] [DEBUG] Screen::updateAreaF() path: \Develop\Views\AreaF\Area_F.view start...
[2026-07-07 17:35:24] [DEBUG] Screen::getContents() start...
[2026-07-07 17:35:24] [DEBUG] Screen::getContents() finish.
[2026-07-07 17:35:24] [DEBUG] Screen::updateAreaF() finish.
[2026-07-07 17:35:24] [DEBUG] ProjectController::startProjectNabi() start...
[2026-07-07 17:35:24] [DEBUG] ProjectController::getProjectListHtml() start...
[2026-07-07 17:35:24] [DEBUG] ProjectModel::getProjectList() start...
[2026-07-07 17:35:24] [DEBUG] ProjectModel::getProjectList() finish.
[2026-07-07 17:35:24] [DEBUG] CodeMasterModel：：getCodesByGroup() start...
[2026-07-07 17:35:24] [DEBUG] CodeMasterModel：：getCodesByGroup() finish.
[2026-07-07 17:35:24] [DEBUG] ProjectController::getNaviFooterHtml() start...
[2026-07-07 17:35:24] [DEBUG] ProjectController::getNaviFooterHtml() finish.
[2026-07-07 17:35:24] [DEBUG] ProjectController::startProjectNabi() finish.
[2026-07-07 17:35:24] [DEBUG] Screen::updateAreaC() \Develop\Views\AreaC\Area_C.view start...
[2026-07-07 17:35:24] [DEBUG] Screen::getContents() start...
[2026-07-07 17:35:24] [DEBUG] Screen::getContents() finish.
[2026-07-07 17:35:24] [DEBUG] Screen::updateAreaC() finish.
[2026-07-07 17:35:24] [DEBUG] ConsoleController::AreaInitialAction() finish.
[2026-07-07 17:35:24] [DEBUG] Screen::areaView() start...
[2026-07-07 17:35:24] [DEBUG] Screen::areaView() finish.
[2026-07-07 17:35:26] [DEBUG] --- wwProject System Start ---
[2026-07-07 17:35:26] [DEBUG] Router::Router() /jemini/wwProjectV1.36/Develop/Console/ServerBridgeAction/
[2026-07-07 17:35:26] [DEBUG] Attempting to load: \Develop\Controllers\ConsoleController::ServerBridgeAction
[2026-07-07 17:35:26] [DEBUG] Router: Executing \Develop\Controllers\ConsoleController->ServerBridgeAction
[2026-07-07 17:35:26] [DEBUG] ConsoleController::ServerBridge() start...
[2026-07-07 17:35:26] [DEBUG] ConsoleController::ServerBridge() \Develop\Controllers\PartsDefinitionController::InitialAction()
[2026-07-07 17:35:26] [DEBUG] DBDefinitionController::initialAction() start...
[2026-07-07 17:35:26] [DEBUG] PartsDefinitionController::initialAction() projectId : PRJ-D45FEF
[2026-07-07 17:35:26] [DEBUG] PartsDefinitionModel::getAllPartsList() start... Project ID: PRJ-D45FEF
[2026-07-07 17:35:26] [DEBUG] Screen::updateAreaD() path: \Develop\Views\AreaD\PartsDefinition\PartsDefinitionList.view start...
[2026-07-07 17:35:26] [DEBUG] Screen::getContents() start...
[2026-07-07 17:35:26] [DEBUG] Screen::getContents() finish.
[2026-07-07 17:35:26] [DEBUG] Screen::updateAreaD() finish.
[2026-07-07 17:35:26] [DEBUG] Screen::updateAreaE() [iframe起動版] path: \Develop\Views\AreaE\Area_E_clear.view start...
[2026-07-07 17:35:26] [DEBUG] Screen::getContents() start...
[2026-07-07 17:35:26] [DEBUG] Screen::getContents() finish.
[2026-07-07 17:35:26] [DEBUG] Screen::updateAreaE() finish.
[2026-07-07 17:35:26] [DEBUG] DBDefinitionController::initialAction() end.
[2026-07-07 17:35:26] [DEBUG] Screen::areaView() start...
[2026-07-07 17:35:26] [DEBUG] Screen::areaView() finish.
[2026-07-07 17:35:28] [DEBUG] --- wwProject System Start ---
[2026-07-07 17:35:28] [DEBUG] Router::Router() /jemini/wwProjectV1.36/Develop/Console/ServerBridgeAction/
[2026-07-07 17:35:28] [DEBUG] Attempting to load: \Develop\Controllers\ConsoleController::ServerBridgeAction
[2026-07-07 17:35:28] [DEBUG] Router: Executing \Develop\Controllers\ConsoleController->ServerBridgeAction
[2026-07-07 17:35:28] [DEBUG] ConsoleController::ServerBridge() start...
[2026-07-07 17:35:28] [DEBUG] ConsoleController::ServerBridge() \Develop\Controllers\PartsDefinitionController::editPartsAction()
[2026-07-07 17:35:28] [DEBUG] PartsDefinitionController::editPartsAction() start...
[2026-07-07 17:35:28] [DEBUG] PartsDefinitionModel::getAllPartsList() start... Project ID: PRJ-D45FEF
[2026-07-07 17:35:28] [DEBUG] PartsDefinitionModel::getColumnsByTableId() start... Input: developers
[2026-07-07 17:35:28] [DEBUG] 逆引き成功: 物理名 developers -> table_id : 6
[2026-07-07 17:35:28] [DEBUG] PartsDefinitionModel::getColumnsByTableId() finish. 件数: 9
[2026-07-07 17:35:28] [DEBUG] PartsDefinitionModel::getTableStructure() start... Project ID: PRJ-D45FEF
[2026-07-07 17:35:28] [DEBUG] Screen::updateAreaE() [iframe起動版] path: \Develop\Views\AreaE\PartsDefinition\RegistParts.view start...
[2026-07-07 17:35:28] [DEBUG] Screen::getContents() start...
[2026-07-07 17:35:28] [DEBUG] Screen::getContents() finish.
[2026-07-07 17:35:28] [DEBUG] Screen::updateAreaE() finish.
[2026-07-07 17:35:28] [DEBUG] PartsDefinitionController::editPartsAction() end.
[2026-07-07 17:35:28] [DEBUG] Screen::areaView() start...
[2026-07-07 17:35:28] [DEBUG] Screen::areaView() finish.
[2026-07-07 17:35:37] [DEBUG] --- wwProject System Start ---
[2026-07-07 17:35:37] [DEBUG] Router::Router() /jemini/wwProjectV1.36/Develop/Console/ServerBridgeAction/
[2026-07-07 17:35:37] [DEBUG] Attempting to load: \Develop\Controllers\ConsoleController::ServerBridgeAction
[2026-07-07 17:35:37] [DEBUG] Router: Executing \Develop\Controllers\ConsoleController->ServerBridgeAction
[2026-07-07 17:35:37] [DEBUG] ConsoleController::ServerBridge() start...
[2026-07-07 17:35:37] [DEBUG] ConsoleController::ServerBridge() \Develop\Controllers\PartsDefinitionController::editPartsAction()
[2026-07-07 17:35:37] [DEBUG] PartsDefinitionController::editPartsAction() start...
[2026-07-07 17:35:37] [DEBUG] PartsDefinitionModel::getAllPartsList() start... Project ID: PRJ-D45FEF
[2026-07-07 17:35:37] [DEBUG] PartsDefinitionModel::getColumnsByTableId() start... Input: developers
[2026-07-07 17:35:37] [DEBUG] 逆引き成功: 物理名 developers -> table_id : 6
[2026-07-07 17:35:37] [DEBUG] PartsDefinitionModel::getColumnsByTableId() finish. 件数: 9
[2026-07-07 17:35:37] [DEBUG] PartsDefinitionModel::getTableStructure() start... Project ID: PRJ-D45FEF
[2026-07-07 17:35:37] [DEBUG] Screen::updateAreaE() [iframe起動版] path: \Develop\Views\AreaE\PartsDefinition\RegistParts.view start...
[2026-07-07 17:35:37] [DEBUG] Screen::getContents() start...
[2026-07-07 17:35:37] [DEBUG] Screen::getContents() finish.
[2026-07-07 17:35:37] [DEBUG] Screen::updateAreaE() finish.
[2026-07-07 17:35:37] [DEBUG] PartsDefinitionController::editPartsAction() end.
[2026-07-07 17:35:37] [DEBUG] Screen::areaView() start...
[2026-07-07 17:35:37] [DEBUG] Screen::areaView() finish.
[2026-07-07 17:35:41] [DEBUG] --- wwProject System Start ---
[2026-07-07 17:35:41] [DEBUG] Router::Router() /jemini/wwProjectV1.36/Develop/Console/ServerBridgeAction/
[2026-07-07 17:35:41] [DEBUG] Attempting to load: \Develop\Controllers\ConsoleController::ServerBridgeAction
[2026-07-07 17:35:41] [DEBUG] Router: Executing \Develop\Controllers\ConsoleController->ServerBridgeAction
[2026-07-07 17:35:41] [DEBUG] ConsoleController::ServerBridge() start...
[2026-07-07 17:35:41] [DEBUG] ConsoleController::ServerBridge() \Develop\Controllers\PartsDefinitionController::InitialAction()
[2026-07-07 17:35:41] [DEBUG] DBDefinitionController::initialAction() start...
[2026-07-07 17:35:41] [DEBUG] PartsDefinitionController::initialAction() projectId : PRJ-D45FEF
[2026-07-07 17:35:41] [DEBUG] PartsDefinitionModel::getAllPartsList() start... Project ID: PRJ-D45FEF
[2026-07-07 17:35:41] [DEBUG] Screen::updateAreaD() path: \Develop\Views\AreaD\PartsDefinition\PartsDefinitionList.view start...
[2026-07-07 17:35:41] [DEBUG] Screen::getContents() start...
[2026-07-07 17:35:41] [DEBUG] Screen::getContents() finish.
[2026-07-07 17:35:41] [DEBUG] Screen::updateAreaD() finish.
[2026-07-07 17:35:41] [DEBUG] Screen::updateAreaE() [iframe起動版] path: \Develop\Views\AreaE\Area_E_clear.view start...
[2026-07-07 17:35:41] [DEBUG] Screen::getContents() start...
[2026-07-07 17:35:41] [DEBUG] Screen::getContents() finish.
[2026-07-07 17:35:41] [DEBUG] Screen::updateAreaE() finish.
[2026-07-07 17:35:41] [DEBUG] DBDefinitionController::initialAction() end.
[2026-07-07 17:35:41] [DEBUG] Screen::areaView() start...
[2026-07-07 17:35:41] [DEBUG] Screen::areaView() finish.
[2026-07-07 17:35:42] [DEBUG] --- wwProject System Start ---
[2026-07-07 17:35:42] [DEBUG] Router::Router() /jemini/wwProjectV1.36/Develop/Console/ServerBridgeAction/
[2026-07-07 17:35:42] [DEBUG] Attempting to load: \Develop\Controllers\ConsoleController::ServerBridgeAction
[2026-07-07 17:35:42] [DEBUG] Router: Executing \Develop\Controllers\ConsoleController->ServerBridgeAction
[2026-07-07 17:35:42] [DEBUG] ConsoleController::ServerBridge() start...
[2026-07-07 17:35:42] [DEBUG] ConsoleController::ServerBridge() \Develop\Controllers\PartsDefinitionController::editPartsAction()
[2026-07-07 17:35:42] [DEBUG] PartsDefinitionController::editPartsAction() start...
[2026-07-07 17:35:42] [DEBUG] PartsDefinitionModel::getAllPartsList() start... Project ID: PRJ-D45FEF
[2026-07-07 17:35:42] [DEBUG] PartsDefinitionModel::getColumnsByTableId() start... Input: developers
[2026-07-07 17:35:42] [DEBUG] 逆引き成功: 物理名 developers -> table_id : 6
[2026-07-07 17:35:42] [DEBUG] PartsDefinitionModel::getColumnsByTableId() finish. 件数: 9
[2026-07-07 17:35:42] [DEBUG] PartsDefinitionModel::getTableStructure() start... Project ID: PRJ-D45FEF
[2026-07-07 17:35:42] [DEBUG] Screen::updateAreaE() [iframe起動版] path: \Develop\Views\AreaE\PartsDefinition\RegistParts.view start...
[2026-07-07 17:35:42] [DEBUG] Screen::getContents() start...
[2026-07-07 17:35:42] [DEBUG] Screen::getContents() finish.
[2026-07-07 17:35:42] [DEBUG] Screen::updateAreaE() finish.
[2026-07-07 17:35:42] [DEBUG] PartsDefinitionController::editPartsAction() end.
[2026-07-07 17:35:42] [DEBUG] Screen::areaView() start...
[2026-07-07 17:35:42] [DEBUG] Screen::areaView() finish.
[2026-07-07 17:35:52] [DEBUG] --- wwProject System Start ---
[2026-07-07 17:35:52] [DEBUG] Router::Router() /jemini/wwProjectV1.36/Develop/Console/initial/
[2026-07-07 17:35:52] [DEBUG] Attempting to load: \Develop\Controllers\ConsoleController::initialAction
[2026-07-07 17:35:52] [DEBUG] Router: Executing \Develop\Controllers\ConsoleController->initialAction
[2026-07-07 17:35:52] [DEBUG] Console::initialAction() start...
[2026-07-07 17:35:52] [DEBUG] Screen::view() path: \Develop\Views\Console\Console.view start...
[2026-07-07 17:35:52] [DEBUG] Screen::getContents() start...
[2026-07-07 17:35:52] [DEBUG] Screen::getContents() finish.
[2026-07-07 17:35:52] [DEBUG] Screen::view() path: \Develop\Views\Console\Console.view finish.
[2026-07-07 17:35:52] [DEBUG] ConsoleController::initialAction() finish.
[2026-07-07 17:35:52] [DEBUG] --- wwProject System Start ---
[2026-07-07 17:35:52] [DEBUG] Router::Router() /jemini/wwProjectV1.36/Develop/Console/ServerBridgeAction/
[2026-07-07 17:35:52] [DEBUG] Attempting to load: \Develop\Controllers\ConsoleController::ServerBridgeAction
[2026-07-07 17:35:52] [DEBUG] Router: Executing \Develop\Controllers\ConsoleController->ServerBridgeAction
[2026-07-07 17:35:52] [DEBUG] ConsoleController::ServerBridge() start...
[2026-07-07 17:35:52] [DEBUG] ConsoleController::ServerBridge() \Develop\Controllers\ConsoleController::areaInitialAction()
[2026-07-07 17:35:52] [DEBUG] ConsoleController::AreaInitialAction() start...
[2026-07-07 17:35:52] [DEBUG] Screen::updateAreaA() path: \Develop\Views\AreaA\Area_A.view start...
[2026-07-07 17:35:52] [DEBUG] Screen::areaView() sending JSON: ["areas"]
[2026-07-07 17:35:52] [DEBUG] Screen::getContents() start...
[2026-07-07 17:35:52] [DEBUG] Screen::getContents() finish.
[2026-07-07 17:35:52] [DEBUG] Screen::updateAreaA() finish.
[2026-07-07 17:35:52] [DEBUG] Screen::updateAreaB() path: \Develop\Views\AreaB\Area_B.view start...
[2026-07-07 17:35:52] [DEBUG] Screen::getContents() start...
[2026-07-07 17:35:52] [DEBUG] Screen::getContents() finish.
[2026-07-07 17:35:52] [DEBUG] Screen::updateAreaB() finish.
[2026-07-07 17:35:52] [DEBUG] Screen::updateAreaD() path: \Develop\Views\AreaD\Area_D_clear.view start...
[2026-07-07 17:35:52] [DEBUG] Screen::getContents() start...
[2026-07-07 17:35:52] [DEBUG] Screen::getContents() finish.
[2026-07-07 17:35:52] [DEBUG] Screen::updateAreaD() finish.
[2026-07-07 17:35:52] [DEBUG] Screen::updateAreaE() [iframe起動版] path: \Develop\Views\AreaE\Area_E_clear.view start...
[2026-07-07 17:35:52] [DEBUG] Screen::getContents() start...
[2026-07-07 17:35:52] [DEBUG] Screen::getContents() finish.
[2026-07-07 17:35:52] [DEBUG] Screen::updateAreaE() finish.
[2026-07-07 17:35:52] [DEBUG] Screen::updateAreaF() path: \Develop\Views\AreaF\Area_F.view start...
[2026-07-07 17:35:52] [DEBUG] Screen::getContents() start...
[2026-07-07 17:35:52] [DEBUG] Screen::getContents() finish.
[2026-07-07 17:35:52] [DEBUG] Screen::updateAreaF() finish.
[2026-07-07 17:35:52] [DEBUG] ProjectController::startProjectNabi() start...
[2026-07-07 17:35:52] [DEBUG] ProjectController::getProjectListHtml() start...
[2026-07-07 17:35:52] [DEBUG] ProjectModel::getProjectList() start...
[2026-07-07 17:35:52] [DEBUG] ProjectModel::getProjectList() finish.
[2026-07-07 17:35:52] [DEBUG] CodeMasterModel：：getCodesByGroup() start...
[2026-07-07 17:35:52] [DEBUG] CodeMasterModel：：getCodesByGroup() finish.
[2026-07-07 17:35:52] [DEBUG] ProjectController::getNaviFooterHtml() start...
[2026-07-07 17:35:52] [DEBUG] ProjectController::getNaviFooterHtml() finish.
[2026-07-07 17:35:52] [DEBUG] ProjectController::startProjectNabi() finish.
[2026-07-07 17:35:52] [DEBUG] Screen::updateAreaC() \Develop\Views\AreaC\Area_C.view start...
[2026-07-07 17:35:52] [DEBUG] Screen::getContents() start...
[2026-07-07 17:35:52] [DEBUG] Screen::getContents() finish.
[2026-07-07 17:35:52] [DEBUG] Screen::updateAreaC() finish.
[2026-07-07 17:35:52] [DEBUG] ConsoleController::AreaInitialAction() finish.
[2026-07-07 17:35:52] [DEBUG] Screen::areaView() start...
[2026-07-07 17:35:52] [DEBUG] Screen::areaView() finish.
[2026-07-07 17:35:54] [DEBUG] --- wwProject System Start ---
[2026-07-07 17:35:54] [DEBUG] Router::Router() /jemini/wwProjectV1.36/Develop/Console/ServerBridgeAction/
[2026-07-07 17:35:54] [DEBUG] Attempting to load: \Develop\Controllers\ConsoleController::ServerBridgeAction
[2026-07-07 17:35:54] [DEBUG] Router: Executing \Develop\Controllers\ConsoleController->ServerBridgeAction
[2026-07-07 17:35:54] [DEBUG] ConsoleController::ServerBridge() start...
[2026-07-07 17:35:54] [DEBUG] ConsoleController::ServerBridge() \Develop\Controllers\PartsDefinitionController::InitialAction()
[2026-07-07 17:35:54] [DEBUG] DBDefinitionController::initialAction() start...
[2026-07-07 17:35:54] [DEBUG] PartsDefinitionController::initialAction() projectId : PRJ-D45FEF
[2026-07-07 17:35:54] [DEBUG] PartsDefinitionModel::getAllPartsList() start... Project ID: PRJ-D45FEF
[2026-07-07 17:35:54] [DEBUG] Screen::updateAreaD() path: \Develop\Views\AreaD\PartsDefinition\PartsDefinitionList.view start...
[2026-07-07 17:35:54] [DEBUG] Screen::getContents() start...
[2026-07-07 17:35:54] [DEBUG] Screen::getContents() finish.
[2026-07-07 17:35:54] [DEBUG] Screen::updateAreaD() finish.
[2026-07-07 17:35:54] [DEBUG] Screen::updateAreaE() [iframe起動版] path: \Develop\Views\AreaE\Area_E_clear.view start...
[2026-07-07 17:35:54] [DEBUG] Screen::getContents() start...
[2026-07-07 17:35:54] [DEBUG] Screen::getContents() finish.
[2026-07-07 17:35:54] [DEBUG] Screen::updateAreaE() finish.
[2026-07-07 17:35:54] [DEBUG] DBDefinitionController::initialAction() end.
[2026-07-07 17:35:54] [DEBUG] Screen::areaView() start...
[2026-07-07 17:35:54] [DEBUG] Screen::areaView() finish.
[2026-07-07 17:35:55] [DEBUG] --- wwProject System Start ---
[2026-07-07 17:35:55] [DEBUG] Router::Router() /jemini/wwProjectV1.36/Develop/Console/ServerBridgeAction/
[2026-07-07 17:35:55] [DEBUG] Attempting to load: \Develop\Controllers\ConsoleController::ServerBridgeAction
[2026-07-07 17:35:55] [DEBUG] Router: Executing \Develop\Controllers\ConsoleController->ServerBridgeAction
[2026-07-07 17:35:55] [DEBUG] ConsoleController::ServerBridge() start...
[2026-07-07 17:35:55] [DEBUG] ConsoleController::ServerBridge() \Develop\Controllers\PartsDefinitionController::editPartsAction()
[2026-07-07 17:35:55] [DEBUG] PartsDefinitionController::editPartsAction() start...
[2026-07-07 17:35:55] [DEBUG] PartsDefinitionModel::getAllPartsList() start... Project ID: PRJ-D45FEF
[2026-07-07 17:35:55] [DEBUG] PartsDefinitionModel::getColumnsByTableId() start... Input: developers
[2026-07-07 17:35:55] [DEBUG] 逆引き成功: 物理名 developers -> table_id : 6
[2026-07-07 17:35:55] [DEBUG] PartsDefinitionModel::getColumnsByTableId() finish. 件数: 9
[2026-07-07 17:35:55] [DEBUG] PartsDefinitionModel::getTableStructure() start... Project ID: PRJ-D45FEF
[2026-07-07 17:35:55] [DEBUG] Screen::updateAreaE() [iframe起動版] path: \Develop\Views\AreaE\PartsDefinition\RegistParts.view start...
[2026-07-07 17:35:55] [DEBUG] Screen::getContents() start...
[2026-07-07 17:35:55] [DEBUG] Screen::getContents() finish.
[2026-07-07 17:35:55] [DEBUG] Screen::updateAreaE() finish.
[2026-07-07 17:35:55] [DEBUG] PartsDefinitionController::editPartsAction() end.
[2026-07-07 17:35:55] [DEBUG] Screen::areaView() start...
[2026-07-07 17:35:55] [DEBUG] Screen::areaView() finish.
[2026-07-07 17:36:04] [DEBUG] --- wwProject System Start ---
[2026-07-07 17:36:04] [DEBUG] Router::Router() /jemini/wwProjectV1.36/Develop/Console/ServerBridgeAction/
[2026-07-07 17:36:04] [DEBUG] Attempting to load: \Develop\Controllers\ConsoleController::ServerBridgeAction
[2026-07-07 17:36:04] [DEBUG] Router: Executing \Develop\Controllers\ConsoleController->ServerBridgeAction
[2026-07-07 17:36:04] [DEBUG] ConsoleController::ServerBridge() start...
[2026-07-07 17:36:04] [DEBUG] ConsoleController::ServerBridge() \Develop\Controllers\PartsDefinitionController::InitialAction()
[2026-07-07 17:36:04] [DEBUG] DBDefinitionController::initialAction() start...
[2026-07-07 17:36:04] [DEBUG] PartsDefinitionController::initialAction() projectId : PRJ-D45FEF
[2026-07-07 17:36:04] [DEBUG] PartsDefinitionModel::getAllPartsList() start... Project ID: PRJ-D45FEF
[2026-07-07 17:36:04] [DEBUG] Screen::updateAreaD() path: \Develop\Views\AreaD\PartsDefinition\PartsDefinitionList.view start...
[2026-07-07 17:36:04] [DEBUG] Screen::getContents() start...
[2026-07-07 17:36:04] [DEBUG] Screen::getContents() finish.
[2026-07-07 17:36:04] [DEBUG] Screen::updateAreaD() finish.
[2026-07-07 17:36:04] [DEBUG] Screen::updateAreaE() [iframe起動版] path: \Develop\Views\AreaE\Area_E_clear.view start...
[2026-07-07 17:36:04] [DEBUG] Screen::getContents() start...
[2026-07-07 17:36:04] [DEBUG] Screen::getContents() finish.
[2026-07-07 17:36:04] [DEBUG] Screen::updateAreaE() finish.
[2026-07-07 17:36:04] [DEBUG] DBDefinitionController::initialAction() end.
[2026-07-07 17:36:04] [DEBUG] Screen::areaView() start...
[2026-07-07 17:36:04] [DEBUG] Screen::areaView() finish.
[2026-07-07 17:36:06] [DEBUG] --- wwProject System Start ---
[2026-07-07 17:36:06] [DEBUG] Router::Router() /jemini/wwProjectV1.36/Develop/Console/ServerBridgeAction/
[2026-07-07 17:36:06] [DEBUG] Attempting to load: \Develop\Controllers\ConsoleController::ServerBridgeAction
[2026-07-07 17:36:06] [DEBUG] Router: Executing \Develop\Controllers\ConsoleController->ServerBridgeAction
[2026-07-07 17:36:06] [DEBUG] ConsoleController::ServerBridge() start...
[2026-07-07 17:36:06] [DEBUG] ConsoleController::ServerBridge() \Develop\Controllers\PartsDefinitionController::editPartsAction()
[2026-07-07 17:36:06] [DEBUG] PartsDefinitionController::editPartsAction() start...
[2026-07-07 17:36:06] [DEBUG] PartsDefinitionModel::getAllPartsList() start... Project ID: PRJ-D45FEF
[2026-07-07 17:36:06] [DEBUG] PartsDefinitionModel::getColumnsByTableId() start... Input: developers
[2026-07-07 17:36:06] [DEBUG] 逆引き成功: 物理名 developers -> table_id : 6
[2026-07-07 17:36:06] [DEBUG] PartsDefinitionModel::getColumnsByTableId() finish. 件数: 9
[2026-07-07 17:36:06] [DEBUG] PartsDefinitionModel::getTableStructure() start... Project ID: PRJ-D45FEF
[2026-07-07 17:36:06] [DEBUG] Screen::updateAreaE() [iframe起動版] path: \Develop\Views\AreaE\PartsDefinition\RegistParts.view start...
[2026-07-07 17:36:06] [DEBUG] Screen::getContents() start...
[2026-07-07 17:36:06] [DEBUG] Screen::getContents() finish.
[2026-07-07 17:36:06] [DEBUG] Screen::updateAreaE() finish.
[2026-07-07 17:36:06] [DEBUG] PartsDefinitionController::editPartsAction() end.
[2026-07-07 17:36:06] [DEBUG] Screen::areaView() start...
[2026-07-07 17:36:06] [DEBUG] Screen::areaView() finish.
[2026-07-07 17:36:10] [DEBUG] --- wwProject System Start ---
[2026-07-07 17:36:10] [DEBUG] Router::Router() /jemini/wwProjectV1.36/Develop/Console/ServerBridgeAction/
[2026-07-07 17:36:10] [DEBUG] Attempting to load: \Develop\Controllers\ConsoleController::ServerBridgeAction
[2026-07-07 17:36:10] [DEBUG] Router: Executing \Develop\Controllers\ConsoleController->ServerBridgeAction
[2026-07-07 17:36:10] [DEBUG] ConsoleController::ServerBridge() start...
[2026-07-07 17:36:10] [DEBUG] ConsoleController::ServerBridge() \Develop\Controllers\ScreenDefinitionController::initialAction()
[2026-07-07 17:36:10] [DEBUG] PartsDefinitionController::initialAction() start...
[2026-07-07 17:36:10] [DEBUG] PartsDefinitionController::initialAction() projectId : PRJ-D45FEF
[2026-07-07 17:36:10] [DEBUG] PartsDefinitionModel::getAllPartsList() start... Project ID: PRJ-D45FEF
[2026-07-07 17:36:10] [DEBUG] PartsDefinitionModel::getAllPartsList() １
[2026-07-07 17:36:10] [DEBUG] PartsDefinitionModel::getAllPartsList() ２
[2026-07-07 17:36:10] [DEBUG] PartsDefinitionModel::getAllPartsList() ３
[2026-07-07 17:36:10] [DEBUG] PartsDefinitionModel::getAllPartsList() finish. 件数: 3
[2026-07-07 17:36:10] [DEBUG] Screen::updateAreaD() path: \Develop\Views\AreaD\PartsDefinition\PartsDefinitionList.view start...
[2026-07-07 17:36:10] [DEBUG] Screen::getContents() start...
[2026-07-07 17:36:10] [DEBUG] Screen::getContents() finish.
[2026-07-07 17:36:10] [DEBUG] Screen::updateAreaD() finish.
[2026-07-07 17:36:10] [DEBUG] Screen::updateAreaE() [iframe起動版] path: \Develop\Views\AreaE\Area_E_clear.view start...
[2026-07-07 17:36:10] [DEBUG] Screen::getContents() start...
[2026-07-07 17:36:10] [DEBUG] Screen::getContents() finish.
[2026-07-07 17:36:10] [DEBUG] Screen::updateAreaE() finish.
[2026-07-07 17:36:10] [DEBUG] PartsDefinitionController::initialAction() end.
[2026-07-07 17:36:10] [DEBUG] Screen::areaView() start...
[2026-07-07 17:36:10] [DEBUG] Screen::areaView() finish.
[2026-07-07 17:36:11] [DEBUG] --- wwProject System Start ---
[2026-07-07 17:36:11] [DEBUG] Router::Router() /jemini/wwProjectV1.36/Develop/Console/ServerBridgeAction/
[2026-07-07 17:36:11] [DEBUG] Attempting to load: \Develop\Controllers\ConsoleController::ServerBridgeAction
[2026-07-07 17:36:11] [DEBUG] Router: Executing \Develop\Controllers\ConsoleController->ServerBridgeAction
[2026-07-07 17:36:11] [DEBUG] ConsoleController::ServerBridge() start...
[2026-07-07 17:36:11] [DEBUG] ConsoleController::ServerBridge() \Develop\Controllers\PartsDefinitionController::InitialAction()
[2026-07-07 17:36:11] [DEBUG] DBDefinitionController::initialAction() start...
[2026-07-07 17:36:11] [DEBUG] PartsDefinitionController::initialAction() projectId : PRJ-D45FEF
[2026-07-07 17:36:11] [DEBUG] PartsDefinitionModel::getAllPartsList() start... Project ID: PRJ-D45FEF
[2026-07-07 17:36:11] [DEBUG] Screen::updateAreaD() path: \Develop\Views\AreaD\PartsDefinition\PartsDefinitionList.view start...
[2026-07-07 17:36:11] [DEBUG] Screen::getContents() start...
[2026-07-07 17:36:11] [DEBUG] Screen::getContents() finish.
[2026-07-07 17:36:11] [DEBUG] Screen::updateAreaD() finish.
[2026-07-07 17:36:11] [DEBUG] Screen::updateAreaE() [iframe起動版] path: \Develop\Views\AreaE\Area_E_clear.view start...
[2026-07-07 17:36:11] [DEBUG] Screen::getContents() start...
[2026-07-07 17:36:11] [DEBUG] Screen::getContents() finish.
[2026-07-07 17:36:11] [DEBUG] Screen::updateAreaE() finish.
[2026-07-07 17:36:11] [DEBUG] DBDefinitionController::initialAction() end.
[2026-07-07 17:36:11] [DEBUG] Screen::areaView() start...
[2026-07-07 17:36:11] [DEBUG] Screen::areaView() finish.
[2026-07-07 17:36:15] [DEBUG] --- wwProject System Start ---
[2026-07-07 17:36:15] [DEBUG] Router::Router() /jemini/wwProjectV1.36/Develop/Console/initial/
[2026-07-07 17:36:15] [DEBUG] Attempting to load: \Develop\Controllers\ConsoleController::initialAction
[2026-07-07 17:36:15] [DEBUG] Router: Executing \Develop\Controllers\ConsoleController->initialAction
[2026-07-07 17:36:15] [DEBUG] Console::initialAction() start...
[2026-07-07 17:36:15] [DEBUG] Screen::view() path: \Develop\Views\Console\Console.view start...
[2026-07-07 17:36:15] [DEBUG] Screen::getContents() start...
[2026-07-07 17:36:15] [DEBUG] Screen::getContents() finish.
[2026-07-07 17:36:15] [DEBUG] Screen::view() path: \Develop\Views\Console\Console.view finish.
[2026-07-07 17:36:15] [DEBUG] ConsoleController::initialAction() finish.
[2026-07-07 17:36:15] [DEBUG] --- wwProject System Start ---
[2026-07-07 17:36:15] [DEBUG] Router::Router() /jemini/wwProjectV1.36/Develop/Console/ServerBridgeAction/
[2026-07-07 17:36:15] [DEBUG] Attempting to load: \Develop\Controllers\ConsoleController::ServerBridgeAction
[2026-07-07 17:36:15] [DEBUG] Router: Executing \Develop\Controllers\ConsoleController->ServerBridgeAction
[2026-07-07 17:36:15] [DEBUG] ConsoleController::ServerBridge() start...
[2026-07-07 17:36:15] [DEBUG] ConsoleController::ServerBridge() \Develop\Controllers\ConsoleController::areaInitialAction()
[2026-07-07 17:36:15] [DEBUG] ConsoleController::AreaInitialAction() start...
[2026-07-07 17:36:15] [DEBUG] Screen::updateAreaA() path: \Develop\Views\AreaA\Area_A.view start...
[2026-07-07 17:36:15] [DEBUG] Screen::areaView() sending JSON: ["areas"]
[2026-07-07 17:36:15] [DEBUG] Screen::getContents() start...
[2026-07-07 17:36:15] [DEBUG] Screen::getContents() finish.
[2026-07-07 17:36:15] [DEBUG] Screen::updateAreaA() finish.
[2026-07-07 17:36:15] [DEBUG] Screen::updateAreaB() path: \Develop\Views\AreaB\Area_B.view start...
[2026-07-07 17:36:15] [DEBUG] Screen::getContents() start...
[2026-07-07 17:36:15] [DEBUG] Screen::getContents() finish.
[2026-07-07 17:36:15] [DEBUG] Screen::updateAreaB() finish.
[2026-07-07 17:36:15] [DEBUG] Screen::updateAreaD() path: \Develop\Views\AreaD\Area_D_clear.view start...
[2026-07-07 17:36:15] [DEBUG] Screen::getContents() start...
[2026-07-07 17:36:15] [DEBUG] Screen::getContents() finish.
[2026-07-07 17:36:15] [DEBUG] Screen::updateAreaD() finish.
[2026-07-07 17:36:15] [DEBUG] Screen::updateAreaE() [iframe起動版] path: \Develop\Views\AreaE\Area_E_clear.view start...
[2026-07-07 17:36:15] [DEBUG] Screen::getContents() start...
[2026-07-07 17:36:15] [DEBUG] Screen::getContents() finish.
[2026-07-07 17:36:15] [DEBUG] Screen::updateAreaE() finish.
[2026-07-07 17:36:15] [DEBUG] Screen::updateAreaF() path: \Develop\Views\AreaF\Area_F.view start...
[2026-07-07 17:36:15] [DEBUG] Screen::getContents() start...
[2026-07-07 17:36:15] [DEBUG] Screen::getContents() finish.
[2026-07-07 17:36:15] [DEBUG] Screen::updateAreaF() finish.
[2026-07-07 17:36:15] [DEBUG] ProjectController::startProjectNabi() start...
[2026-07-07 17:36:15] [DEBUG] ProjectController::getProjectListHtml() start...
[2026-07-07 17:36:15] [DEBUG] ProjectModel::getProjectList() start...
[2026-07-07 17:36:15] [DEBUG] ProjectModel::getProjectList() finish.
[2026-07-07 17:36:15] [DEBUG] CodeMasterModel：：getCodesByGroup() start...
[2026-07-07 17:36:15] [DEBUG] CodeMasterModel：：getCodesByGroup() finish.
[2026-07-07 17:36:15] [DEBUG] ProjectController::getNaviFooterHtml() start...
[2026-07-07 17:36:15] [DEBUG] ProjectController::getNaviFooterHtml() finish.
[2026-07-07 17:36:15] [DEBUG] ProjectController::startProjectNabi() finish.
[2026-07-07 17:36:15] [DEBUG] Screen::updateAreaC() \Develop\Views\AreaC\Area_C.view start...
[2026-07-07 17:36:15] [DEBUG] Screen::getContents() start...
[2026-07-07 17:36:15] [DEBUG] Screen::getContents() finish.
[2026-07-07 17:36:15] [DEBUG] Screen::updateAreaC() finish.
[2026-07-07 17:36:15] [DEBUG] ConsoleController::AreaInitialAction() finish.
[2026-07-07 17:36:15] [DEBUG] Screen::areaView() start...
[2026-07-07 17:36:15] [DEBUG] Screen::areaView() finish.
[2026-07-07 17:36:17] [DEBUG] --- wwProject System Start ---
[2026-07-07 17:36:17] [DEBUG] Router::Router() /jemini/wwProjectV1.36/Develop/Console/ServerBridgeAction/
[2026-07-07 17:36:17] [DEBUG] Attempting to load: \Develop\Controllers\ConsoleController::ServerBridgeAction
[2026-07-07 17:36:17] [DEBUG] Router: Executing \Develop\Controllers\ConsoleController->ServerBridgeAction
[2026-07-07 17:36:17] [DEBUG] ConsoleController::ServerBridge() start...
[2026-07-07 17:36:17] [DEBUG] ConsoleController::ServerBridge() \Develop\Controllers\PartsDefinitionController::InitialAction()
[2026-07-07 17:36:17] [DEBUG] DBDefinitionController::initialAction() start...
[2026-07-07 17:36:17] [DEBUG] PartsDefinitionController::initialAction() projectId : PRJ-D45FEF
[2026-07-07 17:36:17] [DEBUG] PartsDefinitionModel::getAllPartsList() start... Project ID: PRJ-D45FEF
[2026-07-07 17:36:17] [DEBUG] Screen::updateAreaD() path: \Develop\Views\AreaD\PartsDefinition\PartsDefinitionList.view start...
[2026-07-07 17:36:17] [DEBUG] Screen::getContents() start...
[2026-07-07 17:36:17] [DEBUG] Screen::getContents() finish.
[2026-07-07 17:36:17] [DEBUG] Screen::updateAreaD() finish.
[2026-07-07 17:36:17] [DEBUG] Screen::updateAreaE() [iframe起動版] path: \Develop\Views\AreaE\Area_E_clear.view start...
[2026-07-07 17:36:17] [DEBUG] Screen::getContents() start...
[2026-07-07 17:36:17] [DEBUG] Screen::getContents() finish.
[2026-07-07 17:36:17] [DEBUG] Screen::updateAreaE() finish.
[2026-07-07 17:36:17] [DEBUG] DBDefinitionController::initialAction() end.
[2026-07-07 17:36:17] [DEBUG] Screen::areaView() start...
[2026-07-07 17:36:17] [DEBUG] Screen::areaView() finish.
[2026-07-07 17:36:18] [DEBUG] --- wwProject System Start ---
[2026-07-07 17:36:18] [DEBUG] Router::Router() /jemini/wwProjectV1.36/Develop/Console/ServerBridgeAction/
[2026-07-07 17:36:18] [DEBUG] Attempting to load: \Develop\Controllers\ConsoleController::ServerBridgeAction
[2026-07-07 17:36:18] [DEBUG] Router: Executing \Develop\Controllers\ConsoleController->ServerBridgeAction
[2026-07-07 17:36:18] [DEBUG] ConsoleController::ServerBridge() start...
[2026-07-07 17:36:18] [DEBUG] ConsoleController::ServerBridge() \Develop\Controllers\PartsDefinitionController::editPartsAction()
[2026-07-07 17:36:18] [DEBUG] PartsDefinitionController::editPartsAction() start...
[2026-07-07 17:36:18] [DEBUG] PartsDefinitionModel::getAllPartsList() start... Project ID: PRJ-D45FEF
[2026-07-07 17:36:18] [DEBUG] PartsDefinitionModel::getColumnsByTableId() start... Input: developers
[2026-07-07 17:36:18] [DEBUG] 逆引き成功: 物理名 developers -> table_id : 6
[2026-07-07 17:36:18] [DEBUG] PartsDefinitionModel::getColumnsByTableId() finish. 件数: 9
[2026-07-07 17:36:18] [DEBUG] PartsDefinitionModel::getTableStructure() start... Project ID: PRJ-D45FEF
[2026-07-07 17:36:18] [DEBUG] Screen::updateAreaE() [iframe起動版] path: \Develop\Views\AreaE\PartsDefinition\RegistParts.view start...
[2026-07-07 17:36:18] [DEBUG] Screen::getContents() start...
[2026-07-07 17:36:18] [DEBUG] Screen::getContents() finish.
[2026-07-07 17:36:18] [DEBUG] Screen::updateAreaE() finish.
[2026-07-07 17:36:18] [DEBUG] PartsDefinitionController::editPartsAction() end.
[2026-07-07 17:36:18] [DEBUG] Screen::areaView() start...
[2026-07-07 17:36:18] [DEBUG] Screen::areaView() finish.
[2026-07-07 17:36:20] [DEBUG] --- wwProject System Start ---
[2026-07-07 17:36:20] [DEBUG] Router::Router() /jemini/wwProjectV1.36/Develop/Console/ServerBridgeAction/
[2026-07-07 17:36:20] [DEBUG] Attempting to load: \Develop\Controllers\ConsoleController::ServerBridgeAction
[2026-07-07 17:36:20] [DEBUG] Router: Executing \Develop\Controllers\ConsoleController->ServerBridgeAction
[2026-07-07 17:36:20] [DEBUG] ConsoleController::ServerBridge() start...
[2026-07-07 17:36:20] [DEBUG] ConsoleController::ServerBridge() \Develop\Controllers\DBDefinitionController::initialAction()
[2026-07-07 17:36:20] [DEBUG] DBDefinitionController::initialAction() start...
[2026-07-07 17:36:20] [DEBUG] DBDefinitionController::initialAction() project_id : PRJ-D45FEF
[2026-07-07 17:36:20] [DEBUG] DBDefinitionModel::getTableList() start...
[2026-07-07 17:36:20] [DEBUG] DBDefinitionModel::getTableList() finish. 取得件数: 3
[2026-07-07 17:36:20] [DEBUG] Screen::updateAreaD() path: \Develop\Views\AreaD\DBDefinition\DBDefinitionList.view start...
[2026-07-07 17:36:20] [DEBUG] Screen::getContents() start...
[2026-07-07 17:36:20] [DEBUG] Screen::getContents() finish.
[2026-07-07 17:36:20] [DEBUG] Screen::updateAreaD() finish.
[2026-07-07 17:36:20] [DEBUG] Screen::updateAreaE() [iframe起動版] path: \Develop\Views\AreaE\Area_E_clear.view start...
[2026-07-07 17:36:20] [DEBUG] Screen::getContents() start...
[2026-07-07 17:36:20] [DEBUG] Screen::getContents() finish.
[2026-07-07 17:36:20] [DEBUG] Screen::updateAreaE() finish.
[2026-07-07 17:36:20] [DEBUG] DBDefinitionController::initialAction() end.
[2026-07-07 17:36:20] [DEBUG] Screen::areaView() start...
[2026-07-07 17:36:20] [DEBUG] Screen::areaView() finish.
[2026-07-07 17:36:22] [DEBUG] --- wwProject System Start ---
[2026-07-07 17:36:22] [DEBUG] Router::Router() /jemini/wwProjectV1.36/Develop/Console/ServerBridgeAction/
[2026-07-07 17:36:22] [DEBUG] Attempting to load: \Develop\Controllers\ConsoleController::ServerBridgeAction
[2026-07-07 17:36:22] [DEBUG] Router: Executing \Develop\Controllers\ConsoleController->ServerBridgeAction
[2026-07-07 17:36:22] [DEBUG] ConsoleController::ServerBridge() start...
[2026-07-07 17:36:22] [DEBUG] ConsoleController::ServerBridge() \Develop\Controllers\PartsDefinitionController::InitialAction()
[2026-07-07 17:36:22] [DEBUG] DBDefinitionController::initialAction() start...
[2026-07-07 17:36:22] [DEBUG] PartsDefinitionController::initialAction() projectId : PRJ-D45FEF
[2026-07-07 17:36:22] [DEBUG] PartsDefinitionModel::getAllPartsList() start... Project ID: PRJ-D45FEF
[2026-07-07 17:36:22] [DEBUG] Screen::updateAreaD() path: \Develop\Views\AreaD\PartsDefinition\PartsDefinitionList.view start...
[2026-07-07 17:36:22] [DEBUG] Screen::getContents() start...
[2026-07-07 17:36:22] [DEBUG] Screen::getContents() finish.
[2026-07-07 17:36:22] [DEBUG] Screen::updateAreaD() finish.
[2026-07-07 17:36:22] [DEBUG] Screen::updateAreaE() [iframe起動版] path: \Develop\Views\AreaE\Area_E_clear.view start...
[2026-07-07 17:36:22] [DEBUG] Screen::getContents() start...
[2026-07-07 17:36:22] [DEBUG] Screen::getContents() finish.
[2026-07-07 17:36:22] [DEBUG] Screen::updateAreaE() finish.
[2026-07-07 17:36:22] [DEBUG] DBDefinitionController::initialAction() end.
[2026-07-07 17:36:22] [DEBUG] Screen::areaView() start...
[2026-07-07 17:36:22] [DEBUG] Screen::areaView() finish.
[2026-07-07 17:36:23] [DEBUG] --- wwProject System Start ---
[2026-07-07 17:36:23] [DEBUG] Router::Router() /jemini/wwProjectV1.36/Develop/Console/ServerBridgeAction/
[2026-07-07 17:36:23] [DEBUG] Attempting to load: \Develop\Controllers\ConsoleController::ServerBridgeAction
[2026-07-07 17:36:23] [DEBUG] Router: Executing \Develop\Controllers\ConsoleController->ServerBridgeAction
[2026-07-07 17:36:23] [DEBUG] ConsoleController::ServerBridge() start...
[2026-07-07 17:36:23] [DEBUG] ConsoleController::ServerBridge() \Develop\Controllers\PartsDefinitionController::editPartsAction()
[2026-07-07 17:36:23] [DEBUG] PartsDefinitionController::editPartsAction() start...
[2026-07-07 17:36:23] [DEBUG] PartsDefinitionModel::getAllPartsList() start... Project ID: PRJ-D45FEF
[2026-07-07 17:36:23] [DEBUG] PartsDefinitionModel::getColumnsByTableId() start... Input: developers
[2026-07-07 17:36:23] [DEBUG] 逆引き成功: 物理名 developers -> table_id : 6
[2026-07-07 17:36:23] [DEBUG] PartsDefinitionModel::getColumnsByTableId() finish. 件数: 9
[2026-07-07 17:36:23] [DEBUG] PartsDefinitionModel::getTableStructure() start... Project ID: PRJ-D45FEF
[2026-07-07 17:36:23] [DEBUG] Screen::updateAreaE() [iframe起動版] path: \Develop\Views\AreaE\PartsDefinition\RegistParts.view start...
[2026-07-07 17:36:23] [DEBUG] Screen::getContents() start...
[2026-07-07 17:36:23] [DEBUG] Screen::getContents() finish.
[2026-07-07 17:36:23] [DEBUG] Screen::updateAreaE() finish.
[2026-07-07 17:36:23] [DEBUG] PartsDefinitionController::editPartsAction() end.
[2026-07-07 17:36:23] [DEBUG] Screen::areaView() start...
[2026-07-07 17:36:23] [DEBUG] Screen::areaView() finish.
[2026-07-07 17:36:29] [DEBUG] --- wwProject System Start ---
[2026-07-07 17:36:29] [DEBUG] Router::Router() /jemini/wwProjectV1.36/develop/
[2026-07-07 17:36:29] [DEBUG] Attempting to load: \Develop\Controllers\LoginController::initialAction
[2026-07-07 17:36:29] [DEBUG] Router: Executing \Develop\Controllers\LoginController->initialAction
[2026-07-07 17:36:29] [DEBUG] Login::initialAction() start...
[2026-07-07 17:36:29] [DEBUG] Login::initialAction() errorMessage : 
[2026-07-07 17:36:29] [DEBUG] Screen::view() path: \Develop\Views\Login\Login.view start...
[2026-07-07 17:36:29] [DEBUG] Screen::getContents() start...
[2026-07-07 17:36:29] [DEBUG] Screen::getContents() finish.
[2026-07-07 17:36:29] [DEBUG] Screen::view() path: \Develop\Views\Login\Login.view finish.
[2026-07-07 17:36:29] [DEBUG] Login::initialAction() finish.
[2026-07-07 17:36:32] [DEBUG] --- wwProject System Start ---
[2026-07-07 17:36:32] [DEBUG] Router::Router() /jemini/wwProjectV1.36/Develop/Login/authentication/
[2026-07-07 17:36:32] [DEBUG] Attempting to load: \Develop\Controllers\LoginController::authenticationAction
[2026-07-07 17:36:32] [DEBUG] Router: Executing \Develop\Controllers\LoginController->authenticationAction
[2026-07-07 17:36:32] [DEBUG] Login::AuthenticationAction() start...
[2026-07-07 17:36:32] [DEBUG] Login OK - x
[2026-07-07 17:36:32] [DEBUG] Session::start()
[2026-07-07 17:36:32] [DEBUG] Redirect to Console::initialAction()
[2026-07-07 17:36:32] [DEBUG] --- wwProject System Start ---
[2026-07-07 17:36:32] [DEBUG] Router::Router() /jemini/wwProjectV1.36/Develop/Console/initial/
[2026-07-07 17:36:32] [DEBUG] Attempting to load: \Develop\Controllers\ConsoleController::initialAction
[2026-07-07 17:36:32] [DEBUG] Router: Executing \Develop\Controllers\ConsoleController->initialAction
[2026-07-07 17:36:32] [DEBUG] Console::initialAction() start...
[2026-07-07 17:36:32] [DEBUG] Screen::view() path: \Develop\Views\Console\Console.view start...
[2026-07-07 17:36:32] [DEBUG] Screen::getContents() start...
[2026-07-07 17:36:32] [DEBUG] Screen::getContents() finish.
[2026-07-07 17:36:32] [DEBUG] Screen::view() path: \Develop\Views\Console\Console.view finish.
[2026-07-07 17:36:32] [DEBUG] ConsoleController::initialAction() finish.
[2026-07-07 17:36:32] [DEBUG] --- wwProject System Start ---
[2026-07-07 17:36:32] [DEBUG] Router::Router() /jemini/wwProjectV1.36/Develop/Console/ServerBridgeAction/
[2026-07-07 17:36:32] [DEBUG] Attempting to load: \Develop\Controllers\ConsoleController::ServerBridgeAction
[2026-07-07 17:36:32] [DEBUG] Router: Executing \Develop\Controllers\ConsoleController->ServerBridgeAction
[2026-07-07 17:36:32] [DEBUG] ConsoleController::ServerBridge() start...
[2026-07-07 17:36:32] [DEBUG] ConsoleController::ServerBridge() \Develop\Controllers\ConsoleController::areaInitialAction()
[2026-07-07 17:36:32] [DEBUG] ConsoleController::AreaInitialAction() start...
[2026-07-07 17:36:32] [DEBUG] Screen::updateAreaA() path: \Develop\Views\AreaA\Area_A.view start...
[2026-07-07 17:36:32] [DEBUG] Screen::areaView() sending JSON: ["areas"]
[2026-07-07 17:36:32] [DEBUG] Screen::getContents() start...
[2026-07-07 17:36:32] [DEBUG] Screen::getContents() finish.
[2026-07-07 17:36:32] [DEBUG] Screen::updateAreaA() finish.
[2026-07-07 17:36:32] [DEBUG] Screen::updateAreaB() path: \Develop\Views\AreaB\Area_B.view start...
[2026-07-07 17:36:32] [DEBUG] Screen::getContents() start...
[2026-07-07 17:36:32] [DEBUG] Screen::getContents() finish.
[2026-07-07 17:36:32] [DEBUG] Screen::updateAreaB() finish.
[2026-07-07 17:36:32] [DEBUG] Screen::updateAreaD() path: \Develop\Views\AreaD\Area_D_clear.view start...
[2026-07-07 17:36:32] [DEBUG] Screen::getContents() start...
[2026-07-07 17:36:32] [DEBUG] Screen::getContents() finish.
[2026-07-07 17:36:32] [DEBUG] Screen::updateAreaD() finish.
[2026-07-07 17:36:32] [DEBUG] Screen::updateAreaE() [iframe起動版] path: \Develop\Views\AreaE\Area_E_clear.view start...
[2026-07-07 17:36:32] [DEBUG] Screen::getContents() start...
[2026-07-07 17:36:32] [DEBUG] Screen::getContents() finish.
[2026-07-07 17:36:32] [DEBUG] Screen::updateAreaE() finish.
[2026-07-07 17:36:32] [DEBUG] Screen::updateAreaF() path: \Develop\Views\AreaF\Area_F.view start...
[2026-07-07 17:36:32] [DEBUG] Screen::getContents() start...
[2026-07-07 17:36:32] [DEBUG] Screen::getContents() finish.
[2026-07-07 17:36:32] [DEBUG] Screen::updateAreaF() finish.
[2026-07-07 17:36:32] [DEBUG] ProjectController::startProjectNabi() start...
[2026-07-07 17:36:32] [DEBUG] ProjectController::getProjectListHtml() start...
[2026-07-07 17:36:32] [DEBUG] ProjectModel::getProjectList() start...
[2026-07-07 17:36:32] [DEBUG] ProjectModel::getProjectList() finish.
[2026-07-07 17:36:32] [DEBUG] CodeMasterModel：：getCodesByGroup() start...
[2026-07-07 17:36:32] [DEBUG] CodeMasterModel：：getCodesByGroup() finish.
[2026-07-07 17:36:32] [DEBUG] ProjectController::getNaviFooterHtml() start...
[2026-07-07 17:36:32] [DEBUG] ProjectController::getNaviFooterHtml() finish.
[2026-07-07 17:36:32] [DEBUG] ProjectController::startProjectNabi() finish.
[2026-07-07 17:36:32] [DEBUG] Screen::updateAreaC() \Develop\Views\AreaC\Area_C.view start...
[2026-07-07 17:36:32] [DEBUG] Screen::getContents() start...
[2026-07-07 17:36:32] [DEBUG] Screen::getContents() finish.
[2026-07-07 17:36:32] [DEBUG] Screen::updateAreaC() finish.
[2026-07-07 17:36:32] [DEBUG] ConsoleController::AreaInitialAction() finish.
[2026-07-07 17:36:32] [DEBUG] Screen::areaView() start...
[2026-07-07 17:36:32] [DEBUG] Screen::areaView() finish.
[2026-07-07 17:36:33] [DEBUG] --- wwProject System Start ---
[2026-07-07 17:36:33] [DEBUG] Router::Router() /jemini/wwProjectV1.36/Develop/Console/ServerBridgeAction/
[2026-07-07 17:36:33] [DEBUG] Attempting to load: \Develop\Controllers\ConsoleController::ServerBridgeAction
[2026-07-07 17:36:33] [DEBUG] Router: Executing \Develop\Controllers\ConsoleController->ServerBridgeAction
[2026-07-07 17:36:33] [DEBUG] ConsoleController::ServerBridge() start...
[2026-07-07 17:36:33] [DEBUG] ConsoleController::ServerBridge() \Develop\Controllers\ProjectController::projectSelectAction()
[2026-07-07 17:36:33] [DEBUG] ProjectController::projectSelectAction() start...
[2026-07-07 17:36:33] [DEBUG] ProjectController::projectSelectAction() ☆★☆　SampleProject１
[2026-07-07 17:36:33] [DEBUG] Screen::updateAreaB() path: \Develop\Views\AreaB\Area_B.view start...
[2026-07-07 17:36:33] [DEBUG] Screen::getContents() start...
[2026-07-07 17:36:33] [DEBUG] Screen::getContents() finish.
[2026-07-07 17:36:33] [DEBUG] Screen::updateAreaB() finish.
[2026-07-07 17:36:33] [DEBUG] ProjectController::projectSelectAction() PRJ-D45FEF : PRJ-D45FEF
[2026-07-07 17:36:33] [DEBUG] ProjectController::getProjectListHtml() start...
[2026-07-07 17:36:33] [DEBUG] ProjectModel::getProjectList() start...
[2026-07-07 17:36:33] [DEBUG] ProjectModel::getProjectList() finish.
[2026-07-07 17:36:33] [DEBUG] CodeMasterModel：：getCodesByGroup() start...
[2026-07-07 17:36:33] [DEBUG] CodeMasterModel：：getCodesByGroup() finish.
[2026-07-07 17:36:33] [DEBUG] ProjectController::getNaviFooterHtml() start...
[2026-07-07 17:36:33] [DEBUG] ProjectController::getNaviFooterHtml() finish.
[2026-07-07 17:36:33] [DEBUG] Screen::updateAreaC() \Develop\Views\AreaC\Area_C.view start...
[2026-07-07 17:36:33] [DEBUG] Screen::getContents() start...
[2026-07-07 17:36:33] [DEBUG] Screen::getContents() finish.
[2026-07-07 17:36:33] [DEBUG] Screen::updateAreaC() finish.
[2026-07-07 17:36:33] [DEBUG] Screen::updateAreaD() path: \Develop\Views\AreaD\Area_D_clear.view start...
[2026-07-07 17:36:33] [DEBUG] Screen::getContents() start...
[2026-07-07 17:36:33] [DEBUG] Screen::getContents() finish.
[2026-07-07 17:36:33] [DEBUG] Screen::updateAreaD() finish.
[2026-07-07 17:36:33] [DEBUG] Screen::updateAreaE() [iframe起動版] path: \Develop\Views\AreaE\Area_E_clear.view start...
[2026-07-07 17:36:33] [DEBUG] Screen::getContents() start...
[2026-07-07 17:36:33] [DEBUG] Screen::getContents() finish.
[2026-07-07 17:36:33] [DEBUG] Screen::updateAreaE() finish.
[2026-07-07 17:36:33] [DEBUG] ProjectController::projectSelectAction() finish.
[2026-07-07 17:36:33] [DEBUG] Screen::areaView() start...
[2026-07-07 17:36:33] [DEBUG] Screen::areaView() finish.
[2026-07-07 17:36:34] [DEBUG] --- wwProject System Start ---
[2026-07-07 17:36:34] [DEBUG] Router::Router() /jemini/wwProjectV1.36/Develop/Console/ServerBridgeAction/
[2026-07-07 17:36:34] [DEBUG] Attempting to load: \Develop\Controllers\ConsoleController::ServerBridgeAction
[2026-07-07 17:36:34] [DEBUG] Router: Executing \Develop\Controllers\ConsoleController->ServerBridgeAction
[2026-07-07 17:36:34] [DEBUG] ConsoleController::ServerBridge() start...
[2026-07-07 17:36:34] [DEBUG] ConsoleController::ServerBridge() \Develop\Controllers\PartsDefinitionController::InitialAction()
[2026-07-07 17:36:34] [DEBUG] DBDefinitionController::initialAction() start...
[2026-07-07 17:36:34] [DEBUG] PartsDefinitionController::initialAction() projectId : PRJ-D45FEF
[2026-07-07 17:36:34] [DEBUG] PartsDefinitionModel::getAllPartsList() start... Project ID: PRJ-D45FEF
[2026-07-07 17:36:34] [DEBUG] Screen::updateAreaD() path: \Develop\Views\AreaD\PartsDefinition\PartsDefinitionList.view start...
[2026-07-07 17:36:34] [DEBUG] Screen::getContents() start...
[2026-07-07 17:36:34] [DEBUG] Screen::getContents() finish.
[2026-07-07 17:36:34] [DEBUG] Screen::updateAreaD() finish.
[2026-07-07 17:36:34] [DEBUG] Screen::updateAreaE() [iframe起動版] path: \Develop\Views\AreaE\Area_E_clear.view start...
[2026-07-07 17:36:34] [DEBUG] Screen::getContents() start...
[2026-07-07 17:36:34] [DEBUG] Screen::getContents() finish.
[2026-07-07 17:36:34] [DEBUG] Screen::updateAreaE() finish.
[2026-07-07 17:36:34] [DEBUG] DBDefinitionController::initialAction() end.
[2026-07-07 17:36:34] [DEBUG] Screen::areaView() start...
[2026-07-07 17:36:34] [DEBUG] Screen::areaView() finish.
[2026-07-07 17:36:36] [DEBUG] --- wwProject System Start ---
[2026-07-07 17:36:36] [DEBUG] Router::Router() /jemini/wwProjectV1.36/Develop/Console/ServerBridgeAction/
[2026-07-07 17:36:36] [DEBUG] Attempting to load: \Develop\Controllers\ConsoleController::ServerBridgeAction
[2026-07-07 17:36:36] [DEBUG] Router: Executing \Develop\Controllers\ConsoleController->ServerBridgeAction
[2026-07-07 17:36:36] [DEBUG] ConsoleController::ServerBridge() start...
[2026-07-07 17:36:36] [DEBUG] ConsoleController::ServerBridge() \Develop\Controllers\PartsDefinitionController::editPartsAction()
[2026-07-07 17:36:36] [DEBUG] PartsDefinitionController::editPartsAction() start...
[2026-07-07 17:36:36] [DEBUG] PartsDefinitionModel::getAllPartsList() start... Project ID: PRJ-D45FEF
[2026-07-07 17:36:36] [DEBUG] PartsDefinitionModel::getColumnsByTableId() start... Input: developers
[2026-07-07 17:36:36] [DEBUG] 逆引き成功: 物理名 developers -> table_id : 6
[2026-07-07 17:36:36] [DEBUG] PartsDefinitionModel::getColumnsByTableId() finish. 件数: 9
[2026-07-07 17:36:36] [DEBUG] PartsDefinitionModel::getTableStructure() start... Project ID: PRJ-D45FEF
[2026-07-07 17:36:36] [DEBUG] Screen::updateAreaE() [iframe起動版] path: \Develop\Views\AreaE\PartsDefinition\RegistParts.view start...
[2026-07-07 17:36:36] [DEBUG] Screen::getContents() start...
[2026-07-07 17:36:36] [DEBUG] Screen::getContents() finish.
[2026-07-07 17:36:36] [DEBUG] Screen::updateAreaE() finish.
[2026-07-07 17:36:36] [DEBUG] PartsDefinitionController::editPartsAction() end.
[2026-07-07 17:36:36] [DEBUG] Screen::areaView() start...
[2026-07-07 17:36:36] [DEBUG] Screen::areaView() finish.
[2026-07-07 17:41:42] [DEBUG] --- wwProject System Start ---
[2026-07-07 17:41:42] [DEBUG] Router::Router() /jemini/wwProjectV1.36/Develop/Console/ServerBridgeAction/
[2026-07-07 17:41:42] [DEBUG] Attempting to load: \Develop\Controllers\ConsoleController::ServerBridgeAction
[2026-07-07 17:41:42] [DEBUG] Router: Executing \Develop\Controllers\ConsoleController->ServerBridgeAction
[2026-07-07 17:41:42] [DEBUG] ConsoleController::ServerBridge() start...
[2026-07-07 17:41:42] [DEBUG] ConsoleController::ServerBridge() \Develop\Controllers\PartsDefinitionController::editPartsAction()
[2026-07-07 17:41:42] [DEBUG] PartsDefinitionController::editPartsAction() start...
[2026-07-07 17:41:42] [DEBUG] PartsDefinitionModel::getAllPartsList() start... Project ID: PRJ-D45FEF
[2026-07-07 17:41:42] [DEBUG] PartsDefinitionModel::getColumnsByTableId() start... Input: developers
[2026-07-07 17:41:42] [DEBUG] 逆引き成功: 物理名 developers -> table_id : 6
[2026-07-07 17:41:42] [DEBUG] PartsDefinitionModel::getColumnsByTableId() finish. 件数: 9
[2026-07-07 17:41:42] [DEBUG] PartsDefinitionModel::getTableStructure() start... Project ID: PRJ-D45FEF
[2026-07-07 17:41:42] [DEBUG] Screen::updateAreaE() [iframe起動版] path: \Develop\Views\AreaE\PartsDefinition\RegistParts.view start...
[2026-07-07 17:41:42] [DEBUG] Screen::getContents() start...
[2026-07-07 17:41:42] [DEBUG] Screen::getContents() finish.
[2026-07-07 17:41:42] [DEBUG] Screen::updateAreaE() finish.
[2026-07-07 17:41:42] [DEBUG] PartsDefinitionController::editPartsAction() end.
[2026-07-07 17:41:42] [DEBUG] Screen::areaView() start...
[2026-07-07 17:41:42] [DEBUG] Screen::areaView() finish.
[2026-07-07 17:41:45] [DEBUG] --- wwProject System Start ---
[2026-07-07 17:41:46] [DEBUG] Router::Router() /jemini/wwProjectV1.36/Develop/Console/ServerBridgeAction/
[2026-07-07 17:41:46] [DEBUG] Attempting to load: \Develop\Controllers\ConsoleController::ServerBridgeAction
[2026-07-07 17:41:46] [DEBUG] Router: Executing \Develop\Controllers\ConsoleController->ServerBridgeAction
[2026-07-07 17:41:46] [DEBUG] ConsoleController::ServerBridge() start...
[2026-07-07 17:41:46] [DEBUG] ConsoleController::ServerBridge() \Develop\Controllers\PartsDefinitionController::InitialAction()
[2026-07-07 17:41:46] [DEBUG] DBDefinitionController::initialAction() start...
[2026-07-07 17:41:46] [DEBUG] PartsDefinitionController::initialAction() projectId : PRJ-D45FEF
[2026-07-07 17:41:46] [DEBUG] PartsDefinitionModel::getAllPartsList() start... Project ID: PRJ-D45FEF
[2026-07-07 17:41:46] [DEBUG] Screen::updateAreaD() path: \Develop\Views\AreaD\PartsDefinition\PartsDefinitionList.view start...
[2026-07-07 17:41:46] [DEBUG] Screen::getContents() start...
[2026-07-07 17:41:46] [DEBUG] Screen::getContents() finish.
[2026-07-07 17:41:46] [DEBUG] Screen::updateAreaD() finish.
[2026-07-07 17:41:46] [DEBUG] Screen::updateAreaE() [iframe起動版] path: \Develop\Views\AreaE\Area_E_clear.view start...
[2026-07-07 17:41:46] [DEBUG] Screen::getContents() start...
[2026-07-07 17:41:46] [DEBUG] Screen::getContents() finish.
[2026-07-07 17:41:46] [DEBUG] Screen::updateAreaE() finish.
[2026-07-07 17:41:46] [DEBUG] DBDefinitionController::initialAction() end.
[2026-07-07 17:41:46] [DEBUG] Screen::areaView() start...
[2026-07-07 17:41:46] [DEBUG] Screen::areaView() finish.
[2026-07-07 17:41:47] [DEBUG] --- wwProject System Start ---
[2026-07-07 17:41:47] [DEBUG] Router::Router() /jemini/wwProjectV1.36/Develop/Console/ServerBridgeAction/
[2026-07-07 17:41:47] [DEBUG] Attempting to load: \Develop\Controllers\ConsoleController::ServerBridgeAction
[2026-07-07 17:41:47] [DEBUG] Router: Executing \Develop\Controllers\ConsoleController->ServerBridgeAction
[2026-07-07 17:41:47] [DEBUG] ConsoleController::ServerBridge() start...
[2026-07-07 17:41:47] [DEBUG] ConsoleController::ServerBridge() \Develop\Controllers\PartsDefinitionController::editPartsAction()
[2026-07-07 17:41:47] [DEBUG] PartsDefinitionController::editPartsAction() start...
[2026-07-07 17:41:47] [DEBUG] PartsDefinitionModel::getAllPartsList() start... Project ID: PRJ-D45FEF
[2026-07-07 17:41:47] [DEBUG] PartsDefinitionModel::getColumnsByTableId() start... Input: developers
[2026-07-07 17:41:47] [DEBUG] 逆引き成功: 物理名 developers -> table_id : 6
[2026-07-07 17:41:47] [DEBUG] PartsDefinitionModel::getColumnsByTableId() finish. 件数: 9
[2026-07-07 17:41:47] [DEBUG] PartsDefinitionModel::getTableStructure() start... Project ID: PRJ-D45FEF
[2026-07-07 17:41:47] [DEBUG] Screen::updateAreaE() [iframe起動版] path: \Develop\Views\AreaE\PartsDefinition\RegistParts.view start...
[2026-07-07 17:41:47] [DEBUG] Screen::getContents() start...
[2026-07-07 17:41:47] [DEBUG] Screen::getContents() finish.
[2026-07-07 17:41:47] [DEBUG] Screen::updateAreaE() finish.
[2026-07-07 17:41:47] [DEBUG] PartsDefinitionController::editPartsAction() end.
[2026-07-07 17:41:47] [DEBUG] Screen::areaView() start...
[2026-07-07 17:41:47] [DEBUG] Screen::areaView() finish.
[2026-07-07 17:41:51] [DEBUG] --- wwProject System Start ---
[2026-07-07 17:41:51] [DEBUG] Router::Router() /jemini/wwProjectV1.36/Develop/Console/ServerBridgeAction/
[2026-07-07 17:41:51] [DEBUG] Attempting to load: \Develop\Controllers\ConsoleController::ServerBridgeAction
[2026-07-07 17:41:51] [DEBUG] Router: Executing \Develop\Controllers\ConsoleController->ServerBridgeAction
[2026-07-07 17:41:51] [DEBUG] ConsoleController::ServerBridge() start...
[2026-07-07 17:41:51] [DEBUG] ConsoleController::ServerBridge() \Develop\Controllers\PartsDefinitionController::editPartsAction()
[2026-07-07 17:41:51] [DEBUG] PartsDefinitionController::editPartsAction() start...
[2026-07-07 17:41:51] [DEBUG] PartsDefinitionModel::getAllPartsList() start... Project ID: PRJ-D45FEF
[2026-07-07 17:41:51] [DEBUG] PartsDefinitionModel::getTableStructure() start... Project ID: PRJ-D45FEF
[2026-07-07 17:41:51] [DEBUG] Screen::updateAreaE() [iframe起動版] path: \Develop\Views\AreaE\PartsDefinition\RegistParts.view start...
[2026-07-07 17:41:51] [DEBUG] Screen::getContents() start...
[2026-07-07 17:41:51] [DEBUG] Screen::getContents() finish.
[2026-07-07 17:41:51] [DEBUG] Screen::updateAreaE() finish.
[2026-07-07 17:41:51] [DEBUG] PartsDefinitionController::editPartsAction() end.
[2026-07-07 17:41:51] [DEBUG] Screen::areaView() start...
[2026-07-07 17:41:51] [DEBUG] Screen::areaView() finish.
[2026-07-07 17:41:53] [DEBUG] --- wwProject System Start ---
[2026-07-07 17:41:53] [DEBUG] Router::Router() /jemini/wwProjectV1.36/Develop/Console/ServerBridgeAction/
[2026-07-07 17:41:53] [DEBUG] Attempting to load: \Develop\Controllers\ConsoleController::ServerBridgeAction
[2026-07-07 17:41:53] [DEBUG] Router: Executing \Develop\Controllers\ConsoleController->ServerBridgeAction
[2026-07-07 17:41:53] [DEBUG] ConsoleController::ServerBridge() start...
[2026-07-07 17:41:53] [DEBUG] ConsoleController::ServerBridge() \Develop\Controllers\PartsDefinitionController::editPartsAction()
[2026-07-07 17:41:53] [DEBUG] PartsDefinitionController::editPartsAction() start...
[2026-07-07 17:41:53] [DEBUG] PartsDefinitionModel::getAllPartsList() start... Project ID: PRJ-D45FEF
[2026-07-07 17:41:53] [DEBUG] PartsDefinitionModel::getTableStructure() start... Project ID: PRJ-D45FEF
[2026-07-07 17:41:53] [DEBUG] Screen::updateAreaE() [iframe起動版] path: \Develop\Views\AreaE\PartsDefinition\RegistParts.view start...
[2026-07-07 17:41:53] [DEBUG] Screen::getContents() start...
[2026-07-07 17:41:53] [DEBUG] Screen::getContents() finish.
[2026-07-07 17:41:53] [DEBUG] Screen::updateAreaE() finish.
[2026-07-07 17:41:53] [DEBUG] PartsDefinitionController::editPartsAction() end.
[2026-07-07 17:41:53] [DEBUG] Screen::areaView() start...
[2026-07-07 17:41:53] [DEBUG] Screen::areaView() finish.
[2026-07-07 17:41:54] [DEBUG] --- wwProject System Start ---
[2026-07-07 17:41:54] [DEBUG] Router::Router() /jemini/wwProjectV1.36/Develop/Console/ServerBridgeAction/
[2026-07-07 17:41:54] [DEBUG] Attempting to load: \Develop\Controllers\ConsoleController::ServerBridgeAction
[2026-07-07 17:41:54] [DEBUG] Router: Executing \Develop\Controllers\ConsoleController->ServerBridgeAction
[2026-07-07 17:41:54] [DEBUG] ConsoleController::ServerBridge() start...
[2026-07-07 17:41:54] [DEBUG] ConsoleController::ServerBridge() \Develop\Controllers\PartsDefinitionController::editPartsAction()
[2026-07-07 17:41:54] [DEBUG] PartsDefinitionController::editPartsAction() start...
[2026-07-07 17:41:54] [DEBUG] PartsDefinitionModel::getAllPartsList() start... Project ID: PRJ-D45FEF
[2026-07-07 17:41:54] [DEBUG] PartsDefinitionModel::getTableStructure() start... Project ID: PRJ-D45FEF
[2026-07-07 17:41:54] [DEBUG] Screen::updateAreaE() [iframe起動版] path: \Develop\Views\AreaE\PartsDefinition\RegistParts.view start...
[2026-07-07 17:41:54] [DEBUG] Screen::getContents() start...
[2026-07-07 17:41:54] [DEBUG] Screen::getContents() finish.
[2026-07-07 17:41:54] [DEBUG] Screen::updateAreaE() finish.
[2026-07-07 17:41:54] [DEBUG] PartsDefinitionController::editPartsAction() end.
[2026-07-07 17:41:54] [DEBUG] Screen::areaView() start...
[2026-07-07 17:41:54] [DEBUG] Screen::areaView() finish.
[2026-07-07 17:41:56] [DEBUG] --- wwProject System Start ---
[2026-07-07 17:41:56] [DEBUG] Router::Router() /jemini/wwProjectV1.36/Develop/Console/ServerBridgeAction/
[2026-07-07 17:41:56] [DEBUG] Attempting to load: \Develop\Controllers\ConsoleController::ServerBridgeAction
[2026-07-07 17:41:56] [DEBUG] Router: Executing \Develop\Controllers\ConsoleController->ServerBridgeAction
[2026-07-07 17:41:56] [DEBUG] ConsoleController::ServerBridge() start...
[2026-07-07 17:41:56] [DEBUG] ConsoleController::ServerBridge() \Develop\Controllers\PartsDefinitionController::editPartsAction()
[2026-07-07 17:41:56] [DEBUG] PartsDefinitionController::editPartsAction() start...
[2026-07-07 17:41:56] [DEBUG] PartsDefinitionModel::getAllPartsList() start... Project ID: PRJ-D45FEF
[2026-07-07 17:41:56] [DEBUG] PartsDefinitionModel::getColumnsByTableId() start... Input: developers
[2026-07-07 17:41:56] [DEBUG] 逆引き成功: 物理名 developers -> table_id : 6
[2026-07-07 17:41:56] [DEBUG] PartsDefinitionModel::getColumnsByTableId() finish. 件数: 9
[2026-07-07 17:41:56] [DEBUG] PartsDefinitionModel::getTableStructure() start... Project ID: PRJ-D45FEF
[2026-07-07 17:41:56] [DEBUG] Screen::updateAreaE() [iframe起動版] path: \Develop\Views\AreaE\PartsDefinition\RegistParts.view start...
[2026-07-07 17:41:56] [DEBUG] Screen::getContents() start...
[2026-07-07 17:41:56] [DEBUG] Screen::getContents() finish.
[2026-07-07 17:41:56] [DEBUG] Screen::updateAreaE() finish.
[2026-07-07 17:41:56] [DEBUG] PartsDefinitionController::editPartsAction() end.
[2026-07-07 17:41:56] [DEBUG] Screen::areaView() start...
[2026-07-07 17:41:56] [DEBUG] Screen::areaView() finish.
[2026-07-07 17:43:50] [DEBUG] --- wwProject System Start ---
[2026-07-07 17:43:50] [DEBUG] Router::Router() /jemini/wwProjectV1.36/develop/
[2026-07-07 17:43:50] [DEBUG] Attempting to load: \Develop\Controllers\LoginController::initialAction
[2026-07-07 17:43:50] [DEBUG] Router: Executing \Develop\Controllers\LoginController->initialAction
[2026-07-07 17:43:50] [DEBUG] Login::initialAction() start...
[2026-07-07 17:43:50] [DEBUG] Login::initialAction() errorMessage : 
[2026-07-07 17:43:50] [DEBUG] Screen::view() path: \Develop\Views\Login\Login.view start...
[2026-07-07 17:43:50] [DEBUG] Screen::getContents() start...
[2026-07-07 17:43:50] [DEBUG] Screen::getContents() finish.
[2026-07-07 17:43:50] [DEBUG] Screen::view() path: \Develop\Views\Login\Login.view finish.
[2026-07-07 17:43:50] [DEBUG] Login::initialAction() finish.
