[2026-07-13 02:44:53] [DEBUG] --- wwProject System Start ---
[2026-07-13 02:44:53] [DEBUG] Router::Router() /jemini/wwProjectV1.37/Develop/
[2026-07-13 02:44:53] [DEBUG] Attempting to load: \Develop\Controllers\LoginController::initialAction
[2026-07-13 02:44:53] [DEBUG] Router: Executing \Develop\Controllers\LoginController->initialAction
[2026-07-13 02:44:53] [DEBUG] Login::initialAction() start...
[2026-07-13 02:44:53] [DEBUG] Login::initialAction() errorMessage : 
[2026-07-13 02:44:53] [DEBUG] Screen::view() path: \Develop\Views\Login\Login.view start...
[2026-07-13 02:44:53] [DEBUG] Screen::getContents() start...
[2026-07-13 02:44:53] [DEBUG] Screen::getContents() finish.
[2026-07-13 02:44:53] [DEBUG] Screen::view() path: \Develop\Views\Login\Login.view finish.
[2026-07-13 02:44:53] [DEBUG] Login::initialAction() finish.
[2026-07-13 02:44:57] [DEBUG] --- wwProject System Start ---
[2026-07-13 02:44:57] [DEBUG] Router::Router() /jemini/wwProjectV1.37/Develop/Login/authentication/
[2026-07-13 02:44:57] [DEBUG] Attempting to load: \Develop\Controllers\LoginController::authenticationAction
[2026-07-13 02:44:57] [DEBUG] Router: Executing \Develop\Controllers\LoginController->authenticationAction
[2026-07-13 02:44:57] [DEBUG] Login::AuthenticationAction() start...
[2026-07-13 02:44:57] [DEBUG] Login OK - x
[2026-07-13 02:44:57] [DEBUG] Session::start()
[2026-07-13 02:44:57] [DEBUG] Redirect to Console::initialAction()
[2026-07-13 02:44:57] [DEBUG] --- wwProject System Start ---
[2026-07-13 02:44:57] [DEBUG] Router::Router() /jemini/wwProjectV1.37/Develop/Console/initial/
[2026-07-13 02:44:57] [DEBUG] Attempting to load: \Develop\Controllers\ConsoleController::initialAction
[2026-07-13 02:44:57] [DEBUG] Router: Executing \Develop\Controllers\ConsoleController->initialAction
[2026-07-13 02:44:57] [DEBUG] Console::initialAction() start...
[2026-07-13 02:44:57] [DEBUG] Screen::view() path: \Develop\Views\Console\Console.view start...
[2026-07-13 02:44:57] [DEBUG] Screen::getContents() start...
[2026-07-13 02:44:57] [DEBUG] Screen::getContents() finish.
[2026-07-13 02:44:57] [DEBUG] Screen::view() path: \Develop\Views\Console\Console.view finish.
[2026-07-13 02:44:57] [DEBUG] ConsoleController::initialAction() finish.
[2026-07-13 02:44:57] [DEBUG] --- wwProject System Start ---
[2026-07-13 02:44:57] [DEBUG] Router::Router() /jemini/wwProjectV1.37/Develop/Console/ServerBridgeAction/
[2026-07-13 02:44:57] [DEBUG] Attempting to load: \Develop\Controllers\ConsoleController::ServerBridgeAction
[2026-07-13 02:44:57] [DEBUG] Router: Executing \Develop\Controllers\ConsoleController->ServerBridgeAction
[2026-07-13 02:44:57] [DEBUG] ConsoleController::ServerBridge() start...
[2026-07-13 02:44:57] [DEBUG] ConsoleController::ServerBridge() \Develop\Controllers\ConsoleController::areaInitialAction()
[2026-07-13 02:44:57] [DEBUG] ConsoleController::AreaInitialAction() start...
[2026-07-13 02:44:57] [DEBUG] Screen::updateAreaA() path: \Develop\Views\AreaA\Area_A.view start...
[2026-07-13 02:44:57] [DEBUG] Screen::areaView() sending JSON: ["areas"]
[2026-07-13 02:44:57] [DEBUG] Screen::getContents() start...
[2026-07-13 02:44:57] [DEBUG] Screen::getContents() finish.
[2026-07-13 02:44:57] [DEBUG] Screen::updateAreaA() finish.
[2026-07-13 02:44:57] [DEBUG] Screen::updateAreaB() path: \Develop\Views\AreaB\Area_B.view start...
[2026-07-13 02:44:57] [DEBUG] Screen::getContents() start...
[2026-07-13 02:44:57] [DEBUG] Screen::getContents() finish.
[2026-07-13 02:44:57] [DEBUG] Screen::updateAreaB() finish.
[2026-07-13 02:44:57] [DEBUG] Screen::updateAreaD() path: \Develop\Views\AreaD\Area_D_clear.view start...
[2026-07-13 02:44:57] [DEBUG] Screen::getContents() start...
[2026-07-13 02:44:57] [DEBUG] Screen::getContents() finish.
[2026-07-13 02:44:57] [DEBUG] Screen::updateAreaD() finish.
[2026-07-13 02:44:57] [DEBUG] Screen::updateAreaE() [iframe起動版] path: \Develop\Views\AreaE\Area_E_clear.view start...
[2026-07-13 02:44:57] [DEBUG] Screen::getContents() start...
[2026-07-13 02:44:57] [DEBUG] Screen::getContents() finish.
[2026-07-13 02:44:57] [DEBUG] Screen::updateAreaE() finish.
[2026-07-13 02:44:57] [DEBUG] Screen::updateAreaF() path: \Develop\Views\AreaF\Area_F.view start...
[2026-07-13 02:44:57] [DEBUG] Screen::getContents() start...
[2026-07-13 02:44:57] [DEBUG] Screen::getContents() finish.
[2026-07-13 02:44:57] [DEBUG] Screen::updateAreaF() finish.
[2026-07-13 02:44:57] [DEBUG] ProjectController::startProjectNabi() start...
[2026-07-13 02:44:57] [DEBUG] ProjectController::getProjectListHtml() start...
[2026-07-13 02:44:57] [DEBUG] ProjectModel::getProjectList() start...
[2026-07-13 02:44:57] [DEBUG] ProjectModel::getProjectList() finish.
[2026-07-13 02:44:57] [DEBUG] CodeMasterModel：：getCodesByGroup() start...
[2026-07-13 02:44:57] [DEBUG] CodeMasterModel：：getCodesByGroup() finish.
[2026-07-13 02:44:57] [DEBUG] ProjectController::getNaviFooterHtml() start...
[2026-07-13 02:44:57] [DEBUG] ProjectController::getNaviFooterHtml() finish.
[2026-07-13 02:44:57] [DEBUG] ProjectController::startProjectNabi() finish.
[2026-07-13 02:44:57] [DEBUG] Screen::updateAreaC() \Develop\Views\AreaC\Area_C.view start...
[2026-07-13 02:44:57] [DEBUG] Screen::getContents() start...
[2026-07-13 02:44:57] [DEBUG] Screen::getContents() finish.
[2026-07-13 02:44:57] [DEBUG] Screen::updateAreaC() finish.
[2026-07-13 02:44:57] [DEBUG] ConsoleController::AreaInitialAction() finish.
[2026-07-13 02:44:57] [DEBUG] Screen::areaView() start...
[2026-07-13 02:44:57] [DEBUG] Screen::areaView() finish.
[2026-07-13 02:44:58] [DEBUG] --- wwProject System Start ---
[2026-07-13 02:44:58] [DEBUG] Router::Router() /jemini/wwProjectV1.37/Develop/Console/ServerBridgeAction/
[2026-07-13 02:44:58] [DEBUG] Attempting to load: \Develop\Controllers\ConsoleController::ServerBridgeAction
[2026-07-13 02:44:58] [DEBUG] Router: Executing \Develop\Controllers\ConsoleController->ServerBridgeAction
[2026-07-13 02:44:58] [DEBUG] ConsoleController::ServerBridge() start...
[2026-07-13 02:44:58] [DEBUG] ConsoleController::ServerBridge() \Develop\Controllers\ProjectController::projectSelectAction()
[2026-07-13 02:44:58] [DEBUG] ProjectController::projectSelectAction() start...
[2026-07-13 02:44:58] [DEBUG] ProjectController::projectSelectAction() ☆★☆　SampleProject１
[2026-07-13 02:44:58] [DEBUG] Screen::updateAreaB() path: \Develop\Views\AreaB\Area_B.view start...
[2026-07-13 02:44:58] [DEBUG] Screen::getContents() start...
[2026-07-13 02:44:58] [DEBUG] Screen::getContents() finish.
[2026-07-13 02:44:58] [DEBUG] Screen::updateAreaB() finish.
[2026-07-13 02:44:58] [DEBUG] ProjectController::projectSelectAction() PRJ-D45FEF : PRJ-D45FEF
[2026-07-13 02:44:58] [DEBUG] ProjectController::getProjectListHtml() start...
[2026-07-13 02:44:58] [DEBUG] ProjectModel::getProjectList() start...
[2026-07-13 02:44:58] [DEBUG] ProjectModel::getProjectList() finish.
[2026-07-13 02:44:58] [DEBUG] CodeMasterModel：：getCodesByGroup() start...
[2026-07-13 02:44:58] [DEBUG] CodeMasterModel：：getCodesByGroup() finish.
[2026-07-13 02:44:58] [DEBUG] ProjectController::getNaviFooterHtml() start...
[2026-07-13 02:44:58] [DEBUG] ProjectController::getNaviFooterHtml() finish.
[2026-07-13 02:44:58] [DEBUG] Screen::updateAreaC() \Develop\Views\AreaC\Area_C.view start...
[2026-07-13 02:44:58] [DEBUG] Screen::getContents() start...
[2026-07-13 02:44:58] [DEBUG] Screen::getContents() finish.
[2026-07-13 02:44:58] [DEBUG] Screen::updateAreaC() finish.
[2026-07-13 02:44:58] [DEBUG] Screen::updateAreaD() path: \Develop\Views\AreaD\Area_D_clear.view start...
[2026-07-13 02:44:58] [DEBUG] Screen::getContents() start...
[2026-07-13 02:44:58] [DEBUG] Screen::getContents() finish.
[2026-07-13 02:44:58] [DEBUG] Screen::updateAreaD() finish.
[2026-07-13 02:44:58] [DEBUG] Screen::updateAreaE() [iframe起動版] path: \Develop\Views\AreaE\Area_E_clear.view start...
[2026-07-13 02:44:58] [DEBUG] Screen::getContents() start...
[2026-07-13 02:44:58] [DEBUG] Screen::getContents() finish.
[2026-07-13 02:44:58] [DEBUG] Screen::updateAreaE() finish.
[2026-07-13 02:44:58] [DEBUG] ProjectController::projectSelectAction() finish.
[2026-07-13 02:44:58] [DEBUG] Screen::areaView() start...
[2026-07-13 02:44:58] [DEBUG] Screen::areaView() finish.
[2026-07-13 02:44:59] [DEBUG] --- wwProject System Start ---
[2026-07-13 02:44:59] [DEBUG] Router::Router() /jemini/wwProjectV1.37/Develop/Console/ServerBridgeAction/
[2026-07-13 02:44:59] [DEBUG] Attempting to load: \Develop\Controllers\ConsoleController::ServerBridgeAction
[2026-07-13 02:44:59] [DEBUG] Router: Executing \Develop\Controllers\ConsoleController->ServerBridgeAction
[2026-07-13 02:44:59] [DEBUG] ConsoleController::ServerBridge() start...
[2026-07-13 02:44:59] [DEBUG] ConsoleController::ServerBridge() \Develop\Controllers\DBDefinitionController::initialAction()
[2026-07-13 02:44:59] [DEBUG] DBDefinitionController::initialAction() start...
[2026-07-13 02:44:59] [DEBUG] DBDefinitionModel::getTableList() start...
[2026-07-13 02:44:59] [DEBUG] DBDefinitionModel::getTableList() finish. 取得件数: 6
[2026-07-13 02:44:59] [DEBUG] Screen::updateAreaD() path: \Develop\Views\AreaD\DBDefinition\DBDefinitionList.view start...
[2026-07-13 02:44:59] [DEBUG] Screen::getContents() start...
[2026-07-13 02:44:59] [DEBUG] Screen::getContents() finish.
[2026-07-13 02:44:59] [DEBUG] Screen::updateAreaD() finish.
[2026-07-13 02:44:59] [DEBUG] Screen::updateAreaE() [iframe起動版] path: \Develop\Views\AreaE\Area_E_clear.view start...
[2026-07-13 02:44:59] [DEBUG] Screen::getContents() start...
[2026-07-13 02:44:59] [DEBUG] Screen::getContents() finish.
[2026-07-13 02:44:59] [DEBUG] Screen::updateAreaE() finish.
[2026-07-13 02:44:59] [DEBUG] DBDefinitionController::initialAction() end.
[2026-07-13 02:44:59] [DEBUG] Screen::areaView() start...
[2026-07-13 02:44:59] [DEBUG] Screen::areaView() finish.
[2026-07-13 02:45:01] [DEBUG] --- wwProject System Start ---
[2026-07-13 02:45:01] [DEBUG] Router::Router() /jemini/wwProjectV1.37/Develop/Console/ServerBridgeAction/
[2026-07-13 02:45:01] [DEBUG] Attempting to load: \Develop\Controllers\ConsoleController::ServerBridgeAction
[2026-07-13 02:45:01] [DEBUG] Router: Executing \Develop\Controllers\ConsoleController->ServerBridgeAction
[2026-07-13 02:45:01] [DEBUG] ConsoleController::ServerBridge() start...
[2026-07-13 02:45:01] [DEBUG] ConsoleController::ServerBridge() \Develop\Controllers\DBDefinitionController::editTableAction()
[2026-07-13 02:45:01] [DEBUG] DBDefinitionController::editTableAction() start...
[2026-07-13 02:45:01] [DEBUG] DBDefinitionModel::getTableInfo() start... [Table: ApplicantAndParticipant]
[2026-07-13 02:45:01] [DEBUG] DBDefinitionModel::getSavedColumns() start... [TableID: 16]
[2026-07-13 02:45:01] [DEBUG] DBDefinitionModel::getTableList() start...
[2026-07-13 02:45:01] [DEBUG] DBDefinitionModel::getTableList() finish. 取得件数: 6
[2026-07-13 02:45:01] [DEBUG] DBDefinitionModel::getSavedColumns() start... [TableID: 17]
[2026-07-13 02:45:01] [DEBUG] DBDefinitionModel::getSavedColumns() start... [TableID: 16]
[2026-07-13 02:45:01] [DEBUG] DBDefinitionModel::getSavedColumns() start... [TableID: 13]
[2026-07-13 02:45:01] [DEBUG] DBDefinitionModel::getSavedColumns() start... [TableID: 14]
[2026-07-13 02:45:01] [DEBUG] DBDefinitionModel::getSavedColumns() start... [TableID: 12]
[2026-07-13 02:45:01] [DEBUG] DBDefinitionModel::getSavedColumns() start... [TableID: 15]
[2026-07-13 02:45:01] [DEBUG] Screen::updateAreaE() [iframe起動版] path: \Develop\Views\AreaE\DBDefinition\RegistTable.view start...
[2026-07-13 02:45:01] [DEBUG] Screen::getContents() start...
[2026-07-13 02:45:01] [DEBUG] Screen::getContents() finish.
[2026-07-13 02:45:01] [DEBUG] Screen::updateAreaE() finish.
[2026-07-13 02:45:01] [DEBUG] DBDefinitionController::editTableAction() finish.
[2026-07-13 02:45:01] [DEBUG] Screen::areaView() start...
[2026-07-13 02:45:01] [DEBUG] Screen::areaView() finish.
[2026-07-13 02:45:03] [DEBUG] --- wwProject System Start ---
[2026-07-13 02:45:03] [DEBUG] Router::Router() /jemini/wwProjectV1.37/Develop/Console/ServerBridgeAction/
[2026-07-13 02:45:03] [DEBUG] Attempting to load: \Develop\Controllers\ConsoleController::ServerBridgeAction
[2026-07-13 02:45:03] [DEBUG] Router: Executing \Develop\Controllers\ConsoleController->ServerBridgeAction
[2026-07-13 02:45:03] [DEBUG] ConsoleController::ServerBridge() start...
[2026-07-13 02:45:03] [DEBUG] ConsoleController::ServerBridge() \Develop\Controllers\DBDefinitionController::newTableAction()
[2026-07-13 02:45:03] [DEBUG] DBDefinitionController::newTableAction() start...
[2026-07-13 02:45:03] [DEBUG] DBDefinitionModel::getTableList() start...
[2026-07-13 02:45:03] [DEBUG] DBDefinitionModel::getTableList() finish. 取得件数: 6
[2026-07-13 02:45:03] [DEBUG] DBDefinitionModel::getSavedColumns() start... [TableID: 17]
[2026-07-13 02:45:03] [DEBUG] DBDefinitionModel::getSavedColumns() start... [TableID: 16]
[2026-07-13 02:45:03] [DEBUG] DBDefinitionModel::getSavedColumns() start... [TableID: 13]
[2026-07-13 02:45:03] [DEBUG] DBDefinitionModel::getSavedColumns() start... [TableID: 14]
[2026-07-13 02:45:03] [DEBUG] DBDefinitionModel::getSavedColumns() start... [TableID: 12]
[2026-07-13 02:45:03] [DEBUG] DBDefinitionModel::getSavedColumns() start... [TableID: 15]
[2026-07-13 02:45:03] [DEBUG] Screen::updateAreaE() [iframe起動版] path: \Develop\Views\AreaE\DBDefinition\RegistTable.view start...
[2026-07-13 02:45:03] [DEBUG] Screen::getContents() start...
[2026-07-13 02:45:03] [DEBUG] Screen::getContents() finish.
[2026-07-13 02:45:03] [DEBUG] Screen::updateAreaE() finish.
[2026-07-13 02:45:03] [DEBUG] DBDefinitionController::newTableAction() end.
[2026-07-13 02:45:03] [DEBUG] Screen::areaView() start...
[2026-07-13 02:45:03] [DEBUG] Screen::areaView() finish.
[2026-07-13 02:46:26] [DEBUG] --- wwProject System Start ---
[2026-07-13 02:46:26] [DEBUG] Router::Router() /jemini/wwProjectV1.37/Develop/Console/ServerBridgeAction/
[2026-07-13 02:46:26] [DEBUG] Attempting to load: \Develop\Controllers\ConsoleController::ServerBridgeAction
[2026-07-13 02:46:26] [DEBUG] Router: Executing \Develop\Controllers\ConsoleController->ServerBridgeAction
[2026-07-13 02:46:26] [DEBUG] ConsoleController::ServerBridge() start...
[2026-07-13 02:46:26] [DEBUG] ConsoleController::ServerBridge() \Develop\Controllers\DBDefinitionController::editTableAction()
[2026-07-13 02:46:26] [DEBUG] DBDefinitionController::editTableAction() start...
[2026-07-13 02:46:26] [DEBUG] DBDefinitionModel::getTableInfo() start... [Table: ApplicantAndParticipant]
[2026-07-13 02:46:26] [DEBUG] DBDefinitionModel::getSavedColumns() start... [TableID: 16]
[2026-07-13 02:46:26] [DEBUG] DBDefinitionModel::getTableList() start...
[2026-07-13 02:46:26] [DEBUG] DBDefinitionModel::getTableList() finish. 取得件数: 6
[2026-07-13 02:46:26] [DEBUG] DBDefinitionModel::getSavedColumns() start... [TableID: 17]
[2026-07-13 02:46:26] [DEBUG] DBDefinitionModel::getSavedColumns() start... [TableID: 16]
[2026-07-13 02:46:26] [DEBUG] DBDefinitionModel::getSavedColumns() start... [TableID: 13]
[2026-07-13 02:46:26] [DEBUG] DBDefinitionModel::getSavedColumns() start... [TableID: 14]
[2026-07-13 02:46:26] [DEBUG] DBDefinitionModel::getSavedColumns() start... [TableID: 12]
[2026-07-13 02:46:26] [DEBUG] DBDefinitionModel::getSavedColumns() start... [TableID: 15]
[2026-07-13 02:46:26] [DEBUG] Screen::updateAreaE() [iframe起動版] path: \Develop\Views\AreaE\DBDefinition\RegistTable.view start...
[2026-07-13 02:46:26] [DEBUG] Screen::getContents() start...
[2026-07-13 02:46:26] [DEBUG] Screen::getContents() finish.
[2026-07-13 02:46:26] [DEBUG] Screen::updateAreaE() finish.
[2026-07-13 02:46:26] [DEBUG] DBDefinitionController::editTableAction() finish.
[2026-07-13 02:46:26] [DEBUG] Screen::areaView() start...
[2026-07-13 02:46:26] [DEBUG] Screen::areaView() finish.
[2026-07-13 02:46:39] [DEBUG] --- wwProject System Start ---
[2026-07-13 02:46:39] [DEBUG] Router::Router() /jemini/wwProjectV1.37/Develop/Console/ServerBridgeAction/
[2026-07-13 02:46:39] [DEBUG] Attempting to load: \Develop\Controllers\ConsoleController::ServerBridgeAction
[2026-07-13 02:46:39] [DEBUG] Router: Executing \Develop\Controllers\ConsoleController->ServerBridgeAction
[2026-07-13 02:46:39] [DEBUG] ConsoleController::ServerBridge() start...
[2026-07-13 02:46:39] [DEBUG] ConsoleController::ServerBridge() \Develop\Controllers\DBDefinitionController::registerAction()
[2026-07-13 02:46:39] [DEBUG] DBDefinitionController::registerAction() start...
[2026-07-13 02:46:39] [DEBUG] DBDefinitionModel::registerTableAndColumns() start...
[2026-07-13 02:46:39] [DEBUG] DBDefinitionModel::registerTableAndColumns() 11
[2026-07-13 02:46:39] [DEBUG] DBDefinitionModel::registerTableAndColumns() 12
[2026-07-13 02:46:40] [DEBUG] DBDefinitionModel::registerTableAndColumns() 13 (Updated table_id: 16)
[2026-07-13 02:46:40] [DEBUG] DBDefinitionModel::registerTableAndColumns() 21
[2026-07-13 02:46:40] [DEBUG] DBDefinitionModel::registerTableAndColumns() 22
[2026-07-13 02:46:40] [DEBUG] DBDefinitionModel::registerTableAndColumns() 23
[2026-07-13 02:46:40] [DEBUG] DBDefinitionModel::registerTableAndColumns() 24
[2026-07-13 02:46:40] [DEBUG] DBDefinitionModel::registerTableAndColumns() 25
[2026-07-13 02:46:40] [DEBUG] DBDefinitionModel::registerTableAndColumns() 26
[2026-07-13 02:46:40] [DEBUG] DBDefinitionModel::registerTableAndColumns() 27
[2026-07-13 02:46:40] [DEBUG] DBDefinitionModel::registerTableAndColumns() commit success.
[2026-07-13 02:46:40] [DEBUG] DBDefinitionController::initialAction() start...
[2026-07-13 02:46:40] [DEBUG] DBDefinitionModel::getTableList() start...
[2026-07-13 02:46:40] [DEBUG] DBDefinitionModel::getTableList() finish. 取得件数: 6
[2026-07-13 02:46:40] [DEBUG] Screen::updateAreaD() path: \Develop\Views\AreaD\DBDefinition\DBDefinitionList.view start...
[2026-07-13 02:46:40] [DEBUG] Screen::getContents() start...
[2026-07-13 02:46:40] [DEBUG] Screen::getContents() finish.
[2026-07-13 02:46:40] [DEBUG] Screen::updateAreaD() finish.
[2026-07-13 02:46:40] [DEBUG] Screen::updateAreaE() [iframe起動版] path: \Develop\Views\AreaE\Area_E_clear.view start...
[2026-07-13 02:46:40] [DEBUG] Screen::getContents() start...
[2026-07-13 02:46:40] [DEBUG] Screen::getContents() finish.
[2026-07-13 02:46:40] [DEBUG] Screen::updateAreaE() finish.
[2026-07-13 02:46:40] [DEBUG] DBDefinitionController::initialAction() end.
[2026-07-13 02:46:40] [DEBUG] Screen::areaView() start...
[2026-07-13 02:46:40] [DEBUG] Screen::areaView() finish.
[2026-07-13 02:48:27] [DEBUG] --- wwProject System Start ---
[2026-07-13 02:48:27] [DEBUG] Router::Router() /jemini/wwProjectV1.37/Develop/Console/ServerBridgeAction/
[2026-07-13 02:48:27] [DEBUG] Attempting to load: \Develop\Controllers\ConsoleController::ServerBridgeAction
[2026-07-13 02:48:27] [DEBUG] Router: Executing \Develop\Controllers\ConsoleController->ServerBridgeAction
[2026-07-13 02:48:27] [DEBUG] ConsoleController::ServerBridge() start...
[2026-07-13 02:48:27] [DEBUG] ConsoleController::ServerBridge() \Develop\Controllers\DBDefinitionController::initialAction()
[2026-07-13 02:48:27] [DEBUG] DBDefinitionController::initialAction() start...
[2026-07-13 02:48:27] [DEBUG] DBDefinitionModel::getTableList() start...
[2026-07-13 02:48:27] [DEBUG] DBDefinitionModel::getTableList() finish. 取得件数: 5
[2026-07-13 02:48:27] [DEBUG] Screen::updateAreaD() path: \Develop\Views\AreaD\DBDefinition\DBDefinitionList.view start...
[2026-07-13 02:48:27] [DEBUG] Screen::getContents() start...
[2026-07-13 02:48:27] [DEBUG] Screen::getContents() finish.
[2026-07-13 02:48:27] [DEBUG] Screen::updateAreaD() finish.
[2026-07-13 02:48:27] [DEBUG] Screen::updateAreaE() [iframe起動版] path: \Develop\Views\AreaE\Area_E_clear.view start...
[2026-07-13 02:48:27] [DEBUG] Screen::getContents() start...
[2026-07-13 02:48:27] [DEBUG] Screen::getContents() finish.
[2026-07-13 02:48:27] [DEBUG] Screen::updateAreaE() finish.
[2026-07-13 02:48:27] [DEBUG] DBDefinitionController::initialAction() end.
[2026-07-13 02:48:27] [DEBUG] Screen::areaView() start...
[2026-07-13 02:48:27] [DEBUG] Screen::areaView() finish.
[2026-07-13 02:48:28] [DEBUG] --- wwProject System Start ---
[2026-07-13 02:48:28] [DEBUG] Router::Router() /jemini/wwProjectV1.37/Develop/Console/ServerBridgeAction/
[2026-07-13 02:48:28] [DEBUG] Attempting to load: \Develop\Controllers\ConsoleController::ServerBridgeAction
[2026-07-13 02:48:28] [DEBUG] Router: Executing \Develop\Controllers\ConsoleController->ServerBridgeAction
[2026-07-13 02:48:28] [DEBUG] ConsoleController::ServerBridge() start...
[2026-07-13 02:48:28] [DEBUG] ConsoleController::ServerBridge() \Develop\Controllers\DBDefinitionController::editTableAction()
[2026-07-13 02:48:28] [DEBUG] DBDefinitionController::editTableAction() start...
[2026-07-13 02:48:28] [DEBUG] DBDefinitionModel::getTableInfo() start... [Table: ApplicantAndParticipant]
[2026-07-13 02:48:28] [DEBUG] DBDefinitionModel::getSavedColumns() start... [TableID: 16]
[2026-07-13 02:48:28] [DEBUG] DBDefinitionModel::getTableList() start...
[2026-07-13 02:48:28] [DEBUG] DBDefinitionModel::getTableList() finish. 取得件数: 5
[2026-07-13 02:48:28] [DEBUG] DBDefinitionModel::getSavedColumns() start... [TableID: 16]
[2026-07-13 02:48:28] [DEBUG] DBDefinitionModel::getSavedColumns() start... [TableID: 13]
[2026-07-13 02:48:28] [DEBUG] DBDefinitionModel::getSavedColumns() start... [TableID: 14]
[2026-07-13 02:48:28] [DEBUG] DBDefinitionModel::getSavedColumns() start... [TableID: 12]
[2026-07-13 02:48:28] [DEBUG] DBDefinitionModel::getSavedColumns() start... [TableID: 15]
[2026-07-13 02:48:28] [DEBUG] Screen::updateAreaE() [iframe起動版] path: \Develop\Views\AreaE\DBDefinition\RegistTable.view start...
[2026-07-13 02:48:28] [DEBUG] Screen::getContents() start...
[2026-07-13 02:48:28] [DEBUG] Screen::getContents() finish.
[2026-07-13 02:48:28] [DEBUG] Screen::updateAreaE() finish.
[2026-07-13 02:48:28] [DEBUG] DBDefinitionController::editTableAction() finish.
[2026-07-13 02:48:28] [DEBUG] Screen::areaView() start...
[2026-07-13 02:48:28] [DEBUG] Screen::areaView() finish.
[2026-07-13 02:52:26] [DEBUG] --- wwProject System Start ---
[2026-07-13 02:52:26] [DEBUG] Router::Router() /jemini/wwProjectV1.37/Develop/Console/ServerBridgeAction/
[2026-07-13 02:52:26] [DEBUG] Attempting to load: \Develop\Controllers\ConsoleController::ServerBridgeAction
[2026-07-13 02:52:26] [DEBUG] Router: Executing \Develop\Controllers\ConsoleController->ServerBridgeAction
[2026-07-13 02:52:26] [DEBUG] ConsoleController::ServerBridge() start...
[2026-07-13 02:52:26] [DEBUG] ConsoleController::ServerBridge() \Develop\Controllers\DBDefinitionController::editTableAction()
[2026-07-13 02:52:26] [DEBUG] DBDefinitionController::editTableAction() start...
[2026-07-13 02:52:26] [DEBUG] DBDefinitionModel::getTableInfo() start... [Table: ApplicantAndParticipant]
[2026-07-13 02:52:26] [DEBUG] DBDefinitionModel::getSavedColumns() start... [TableID: 16]
[2026-07-13 02:52:26] [DEBUG] DBDefinitionModel::getTableList() start...
[2026-07-13 02:52:26] [DEBUG] DBDefinitionModel::getTableList() finish. 取得件数: 5
[2026-07-13 02:52:26] [DEBUG] DBDefinitionModel::getSavedColumns() start... [TableID: 16]
[2026-07-13 02:52:26] [DEBUG] DBDefinitionModel::getSavedColumns() start... [TableID: 13]
[2026-07-13 02:52:26] [DEBUG] DBDefinitionModel::getSavedColumns() start... [TableID: 14]
[2026-07-13 02:52:26] [DEBUG] DBDefinitionModel::getSavedColumns() start... [TableID: 12]
[2026-07-13 02:52:26] [DEBUG] DBDefinitionModel::getSavedColumns() start... [TableID: 15]
[2026-07-13 02:52:26] [DEBUG] Screen::updateAreaE() [iframe起動版] path: \Develop\Views\AreaE\DBDefinition\RegistTable.view start...
[2026-07-13 02:52:26] [DEBUG] Screen::getContents() start...
[2026-07-13 02:52:26] [DEBUG] Screen::getContents() finish.
[2026-07-13 02:52:26] [DEBUG] Screen::updateAreaE() finish.
[2026-07-13 02:52:26] [DEBUG] DBDefinitionController::editTableAction() finish.
[2026-07-13 02:52:26] [DEBUG] Screen::areaView() start...
[2026-07-13 02:52:26] [DEBUG] Screen::areaView() finish.
[2026-07-13 02:52:35] [DEBUG] --- wwProject System Start ---
[2026-07-13 02:52:35] [DEBUG] Router::Router() /jemini/wwProjectV1.37/Develop/Console/ServerBridgeAction/
[2026-07-13 02:52:35] [DEBUG] Attempting to load: \Develop\Controllers\ConsoleController::ServerBridgeAction
[2026-07-13 02:52:35] [DEBUG] Router: Executing \Develop\Controllers\ConsoleController->ServerBridgeAction
[2026-07-13 02:52:35] [DEBUG] ConsoleController::ServerBridge() start...
[2026-07-13 02:52:35] [DEBUG] ConsoleController::ServerBridge() \Develop\Controllers\DBDefinitionController::registerAction()
[2026-07-13 02:52:35] [DEBUG] DBDefinitionController::registerAction() start...
[2026-07-13 02:52:35] [DEBUG] DBDefinitionModel::registerTableAndColumns() start...
[2026-07-13 02:52:35] [DEBUG] DBDefinitionModel::registerTableAndColumns() 11
[2026-07-13 02:52:35] [DEBUG] DBDefinitionModel::registerTableAndColumns() 12
[2026-07-13 02:52:35] [DEBUG] DBDefinitionModel::registerTableAndColumns() 13 (Updated table_id: 16)
[2026-07-13 02:52:35] [DEBUG] DBDefinitionModel::registerTableAndColumns() 21
[2026-07-13 02:52:35] [DEBUG] DBDefinitionModel::registerTableAndColumns() 22
[2026-07-13 02:52:35] [DEBUG] DBDefinitionModel::registerTableAndColumns() 23
[2026-07-13 02:52:35] [DEBUG] DBDefinitionModel::registerTableAndColumns() 24
[2026-07-13 02:52:35] [DEBUG] DBDefinitionModel::registerTableAndColumns() 25
[2026-07-13 02:52:35] [DEBUG] DBDefinitionModel::registerTableAndColumns() 26
[2026-07-13 02:52:35] [DEBUG] DBDefinitionModel::registerTableAndColumns() 27
[2026-07-13 02:52:35] [DEBUG] DBDefinitionModel::registerTableAndColumns() commit success.
[2026-07-13 02:52:35] [DEBUG] DBDefinitionController::initialAction() start...
[2026-07-13 02:52:35] [DEBUG] DBDefinitionModel::getTableList() start...
[2026-07-13 02:52:35] [DEBUG] DBDefinitionModel::getTableList() finish. 取得件数: 5
[2026-07-13 02:52:35] [DEBUG] Screen::updateAreaD() path: \Develop\Views\AreaD\DBDefinition\DBDefinitionList.view start...
[2026-07-13 02:52:35] [DEBUG] Screen::getContents() start...
[2026-07-13 02:52:35] [DEBUG] Screen::getContents() finish.
[2026-07-13 02:52:35] [DEBUG] Screen::updateAreaD() finish.
[2026-07-13 02:52:35] [DEBUG] Screen::updateAreaE() [iframe起動版] path: \Develop\Views\AreaE\Area_E_clear.view start...
[2026-07-13 02:52:35] [DEBUG] Screen::getContents() start...
[2026-07-13 02:52:35] [DEBUG] Screen::getContents() finish.
[2026-07-13 02:52:35] [DEBUG] Screen::updateAreaE() finish.
[2026-07-13 02:52:35] [DEBUG] DBDefinitionController::initialAction() end.
[2026-07-13 02:52:35] [DEBUG] Screen::areaView() start...
[2026-07-13 02:52:35] [DEBUG] Screen::areaView() finish.
[2026-07-13 02:53:03] [DEBUG] --- wwProject System Start ---
[2026-07-13 02:53:03] [DEBUG] Router::Router() /jemini/wwProjectV1.37/Develop/Console/ServerBridgeAction/
[2026-07-13 02:53:03] [DEBUG] Attempting to load: \Develop\Controllers\ConsoleController::ServerBridgeAction
[2026-07-13 02:53:03] [DEBUG] Router: Executing \Develop\Controllers\ConsoleController->ServerBridgeAction
[2026-07-13 02:53:03] [DEBUG] ConsoleController::ServerBridge() start...
[2026-07-13 02:53:03] [DEBUG] ConsoleController::ServerBridge() \Develop\Controllers\DBDefinitionController::editTableAction()
[2026-07-13 02:53:03] [DEBUG] DBDefinitionController::editTableAction() start...
[2026-07-13 02:53:03] [DEBUG] DBDefinitionModel::getTableInfo() start... [Table: ApplicantAndParticipant]
[2026-07-13 02:53:03] [DEBUG] DBDefinitionModel::getSavedColumns() start... [TableID: 16]
[2026-07-13 02:53:03] [DEBUG] DBDefinitionModel::getTableList() start...
[2026-07-13 02:53:03] [DEBUG] DBDefinitionModel::getTableList() finish. 取得件数: 5
[2026-07-13 02:53:03] [DEBUG] DBDefinitionModel::getSavedColumns() start... [TableID: 16]
[2026-07-13 02:53:03] [DEBUG] DBDefinitionModel::getSavedColumns() start... [TableID: 13]
[2026-07-13 02:53:03] [DEBUG] DBDefinitionModel::getSavedColumns() start... [TableID: 14]
[2026-07-13 02:53:03] [DEBUG] DBDefinitionModel::getSavedColumns() start... [TableID: 12]
[2026-07-13 02:53:03] [DEBUG] DBDefinitionModel::getSavedColumns() start... [TableID: 15]
[2026-07-13 02:53:03] [DEBUG] Screen::updateAreaE() [iframe起動版] path: \Develop\Views\AreaE\DBDefinition\RegistTable.view start...
[2026-07-13 02:53:03] [DEBUG] Screen::getContents() start...
[2026-07-13 02:53:03] [DEBUG] Screen::getContents() finish.
[2026-07-13 02:53:03] [DEBUG] Screen::updateAreaE() finish.
[2026-07-13 02:53:03] [DEBUG] DBDefinitionController::editTableAction() finish.
[2026-07-13 02:53:03] [DEBUG] Screen::areaView() start...
[2026-07-13 02:53:03] [DEBUG] Screen::areaView() finish.
[2026-07-13 02:56:48] [DEBUG] --- wwProject System Start ---
[2026-07-13 02:56:48] [DEBUG] Router::Router() /jemini/wwProjectV1.37/Develop/Console/ServerBridgeAction/
[2026-07-13 02:56:48] [DEBUG] Attempting to load: \Develop\Controllers\ConsoleController::ServerBridgeAction
[2026-07-13 02:56:48] [DEBUG] Router: Executing \Develop\Controllers\ConsoleController->ServerBridgeAction
[2026-07-13 02:56:48] [DEBUG] ConsoleController::ServerBridge() start...
[2026-07-13 02:56:48] [DEBUG] ConsoleController::ServerBridge() \Develop\Controllers\DBDefinitionController::editTableAction()
[2026-07-13 02:56:48] [DEBUG] DBDefinitionController::editTableAction() start...
[2026-07-13 02:56:48] [DEBUG] DBDefinitionModel::getTableInfo() start... [Table: ApplicantAndParticipant]
[2026-07-13 02:56:48] [DEBUG] DBDefinitionModel::getSavedColumns() start... [TableID: 16]
[2026-07-13 02:56:48] [DEBUG] DBDefinitionModel::getTableList() start...
[2026-07-13 02:56:48] [DEBUG] DBDefinitionModel::getTableList() finish. 取得件数: 5
[2026-07-13 02:56:48] [DEBUG] DBDefinitionModel::getSavedColumns() start... [TableID: 16]
[2026-07-13 02:56:48] [DEBUG] DBDefinitionModel::getSavedColumns() start... [TableID: 13]
[2026-07-13 02:56:48] [DEBUG] DBDefinitionModel::getSavedColumns() start... [TableID: 14]
[2026-07-13 02:56:48] [DEBUG] DBDefinitionModel::getSavedColumns() start... [TableID: 12]
[2026-07-13 02:56:48] [DEBUG] DBDefinitionModel::getSavedColumns() start... [TableID: 15]
[2026-07-13 02:56:48] [DEBUG] Screen::updateAreaE() [iframe起動版] path: \Develop\Views\AreaE\DBDefinition\RegistTable.view start...
[2026-07-13 02:56:48] [DEBUG] Screen::getContents() start...
[2026-07-13 02:56:48] [DEBUG] Screen::getContents() finish.
[2026-07-13 02:56:48] [DEBUG] Screen::updateAreaE() finish.
[2026-07-13 02:56:48] [DEBUG] DBDefinitionController::editTableAction() finish.
[2026-07-13 02:56:48] [DEBUG] Screen::areaView() start...
[2026-07-13 02:56:48] [DEBUG] Screen::areaView() finish.
[2026-07-13 03:14:11] [DEBUG] --- wwProject System Start ---
[2026-07-13 03:14:11] [DEBUG] Router::Router() /jemini/wwProjectV1.37/Develop/
[2026-07-13 03:14:11] [DEBUG] Attempting to load: \Develop\Controllers\LoginController::initialAction
[2026-07-13 03:14:11] [DEBUG] Router: Executing \Develop\Controllers\LoginController->initialAction
[2026-07-13 03:14:11] [DEBUG] Login::initialAction() start...
[2026-07-13 03:14:11] [DEBUG] Login::initialAction() errorMessage : 
[2026-07-13 03:14:11] [DEBUG] Screen::view() path: \Develop\Views\Login\Login.view start...
[2026-07-13 03:14:11] [DEBUG] Screen::getContents() start...
[2026-07-13 03:14:11] [DEBUG] Screen::getContents() finish.
[2026-07-13 03:14:11] [DEBUG] Screen::view() path: \Develop\Views\Login\Login.view finish.
[2026-07-13 03:14:11] [DEBUG] Login::initialAction() finish.
[2026-07-13 03:14:13] [DEBUG] --- wwProject System Start ---
[2026-07-13 03:14:13] [DEBUG] Router::Router() /jemini/wwProjectV1.37/Develop/Login/authentication/
[2026-07-13 03:14:13] [DEBUG] Attempting to load: \Develop\Controllers\LoginController::authenticationAction
[2026-07-13 03:14:13] [DEBUG] Router: Executing \Develop\Controllers\LoginController->authenticationAction
[2026-07-13 03:14:13] [DEBUG] Login::AuthenticationAction() start...
[2026-07-13 03:14:13] [DEBUG] Login OK - x
[2026-07-13 03:14:13] [DEBUG] Session::start()
[2026-07-13 03:14:13] [DEBUG] Redirect to Console::initialAction()
[2026-07-13 03:14:13] [DEBUG] --- wwProject System Start ---
[2026-07-13 03:14:13] [DEBUG] Router::Router() /jemini/wwProjectV1.37/Develop/Console/initial/
[2026-07-13 03:14:13] [DEBUG] Attempting to load: \Develop\Controllers\ConsoleController::initialAction
[2026-07-13 03:14:13] [DEBUG] Router: Executing \Develop\Controllers\ConsoleController->initialAction
[2026-07-13 03:14:13] [DEBUG] Console::initialAction() start...
[2026-07-13 03:14:13] [DEBUG] Screen::view() path: \Develop\Views\Console\Console.view start...
[2026-07-13 03:14:13] [DEBUG] Screen::getContents() start...
[2026-07-13 03:14:13] [DEBUG] Screen::getContents() finish.
[2026-07-13 03:14:13] [DEBUG] Screen::view() path: \Develop\Views\Console\Console.view finish.
[2026-07-13 03:14:13] [DEBUG] ConsoleController::initialAction() finish.
[2026-07-13 03:14:13] [DEBUG] --- wwProject System Start ---
[2026-07-13 03:14:13] [DEBUG] Router::Router() /jemini/wwProjectV1.37/Develop/Console/ServerBridgeAction/
[2026-07-13 03:14:13] [DEBUG] Attempting to load: \Develop\Controllers\ConsoleController::ServerBridgeAction
[2026-07-13 03:14:13] [DEBUG] Router: Executing \Develop\Controllers\ConsoleController->ServerBridgeAction
[2026-07-13 03:14:13] [DEBUG] ConsoleController::ServerBridge() start...
[2026-07-13 03:14:13] [DEBUG] ConsoleController::ServerBridge() \Develop\Controllers\ConsoleController::areaInitialAction()
[2026-07-13 03:14:13] [DEBUG] ConsoleController::AreaInitialAction() start...
[2026-07-13 03:14:13] [DEBUG] Screen::updateAreaA() path: \Develop\Views\AreaA\Area_A.view start...
[2026-07-13 03:14:13] [DEBUG] Screen::areaView() sending JSON: ["areas"]
[2026-07-13 03:14:13] [DEBUG] Screen::getContents() start...
[2026-07-13 03:14:13] [DEBUG] Screen::getContents() finish.
[2026-07-13 03:14:13] [DEBUG] Screen::updateAreaA() finish.
[2026-07-13 03:14:13] [DEBUG] Screen::updateAreaB() path: \Develop\Views\AreaB\Area_B.view start...
[2026-07-13 03:14:13] [DEBUG] Screen::getContents() start...
[2026-07-13 03:14:13] [DEBUG] Screen::getContents() finish.
[2026-07-13 03:14:13] [DEBUG] Screen::updateAreaB() finish.
[2026-07-13 03:14:13] [DEBUG] Screen::updateAreaD() path: \Develop\Views\AreaD\Area_D_clear.view start...
[2026-07-13 03:14:13] [DEBUG] Screen::getContents() start...
[2026-07-13 03:14:13] [DEBUG] Screen::getContents() finish.
[2026-07-13 03:14:13] [DEBUG] Screen::updateAreaD() finish.
[2026-07-13 03:14:13] [DEBUG] Screen::updateAreaE() [iframe起動版] path: \Develop\Views\AreaE\Area_E_clear.view start...
[2026-07-13 03:14:13] [DEBUG] Screen::getContents() start...
[2026-07-13 03:14:13] [DEBUG] Screen::getContents() finish.
[2026-07-13 03:14:13] [DEBUG] Screen::updateAreaE() finish.
[2026-07-13 03:14:13] [DEBUG] Screen::updateAreaF() path: \Develop\Views\AreaF\Area_F.view start...
[2026-07-13 03:14:13] [DEBUG] Screen::getContents() start...
[2026-07-13 03:14:13] [DEBUG] Screen::getContents() finish.
[2026-07-13 03:14:13] [DEBUG] Screen::updateAreaF() finish.
[2026-07-13 03:14:13] [DEBUG] ProjectController::startProjectNabi() start...
[2026-07-13 03:14:13] [DEBUG] ProjectController::getProjectListHtml() start...
[2026-07-13 03:14:13] [DEBUG] ProjectModel::getProjectList() start...
[2026-07-13 03:14:13] [DEBUG] ProjectModel::getProjectList() finish.
[2026-07-13 03:14:13] [DEBUG] CodeMasterModel：：getCodesByGroup() start...
[2026-07-13 03:14:13] [DEBUG] CodeMasterModel：：getCodesByGroup() finish.
[2026-07-13 03:14:13] [DEBUG] ProjectController::getNaviFooterHtml() start...
[2026-07-13 03:14:13] [DEBUG] ProjectController::getNaviFooterHtml() finish.
[2026-07-13 03:14:13] [DEBUG] ProjectController::startProjectNabi() finish.
[2026-07-13 03:14:13] [DEBUG] Screen::updateAreaC() \Develop\Views\AreaC\Area_C.view start...
[2026-07-13 03:14:13] [DEBUG] Screen::getContents() start...
[2026-07-13 03:14:13] [DEBUG] Screen::getContents() finish.
[2026-07-13 03:14:13] [DEBUG] Screen::updateAreaC() finish.
[2026-07-13 03:14:13] [DEBUG] ConsoleController::AreaInitialAction() finish.
[2026-07-13 03:14:13] [DEBUG] Screen::areaView() start...
[2026-07-13 03:14:13] [DEBUG] Screen::areaView() finish.
[2026-07-13 03:14:15] [DEBUG] --- wwProject System Start ---
[2026-07-13 03:14:15] [DEBUG] Router::Router() /jemini/wwProjectV1.37/Develop/Console/ServerBridgeAction/
[2026-07-13 03:14:15] [DEBUG] Attempting to load: \Develop\Controllers\ConsoleController::ServerBridgeAction
[2026-07-13 03:14:15] [DEBUG] Router: Executing \Develop\Controllers\ConsoleController->ServerBridgeAction
[2026-07-13 03:14:15] [DEBUG] ConsoleController::ServerBridge() start...
[2026-07-13 03:14:15] [DEBUG] ConsoleController::ServerBridge() \Develop\Controllers\ProjectController::projectSelectAction()
[2026-07-13 03:14:15] [DEBUG] ProjectController::projectSelectAction() start...
[2026-07-13 03:14:15] [DEBUG] ProjectController::projectSelectAction() ☆★☆　SampleProject１
[2026-07-13 03:14:15] [DEBUG] Screen::updateAreaB() path: \Develop\Views\AreaB\Area_B.view start...
[2026-07-13 03:14:15] [DEBUG] Screen::getContents() start...
[2026-07-13 03:14:15] [DEBUG] Screen::getContents() finish.
[2026-07-13 03:14:15] [DEBUG] Screen::updateAreaB() finish.
[2026-07-13 03:14:15] [DEBUG] ProjectController::projectSelectAction() PRJ-D45FEF : PRJ-D45FEF
[2026-07-13 03:14:15] [DEBUG] ProjectController::getProjectListHtml() start...
[2026-07-13 03:14:15] [DEBUG] ProjectModel::getProjectList() start...
[2026-07-13 03:14:15] [DEBUG] ProjectModel::getProjectList() finish.
[2026-07-13 03:14:15] [DEBUG] CodeMasterModel：：getCodesByGroup() start...
[2026-07-13 03:14:15] [DEBUG] CodeMasterModel：：getCodesByGroup() finish.
[2026-07-13 03:14:15] [DEBUG] ProjectController::getNaviFooterHtml() start...
[2026-07-13 03:14:15] [DEBUG] ProjectController::getNaviFooterHtml() finish.
[2026-07-13 03:14:15] [DEBUG] Screen::updateAreaC() \Develop\Views\AreaC\Area_C.view start...
[2026-07-13 03:14:15] [DEBUG] Screen::getContents() start...
[2026-07-13 03:14:15] [DEBUG] Screen::getContents() finish.
[2026-07-13 03:14:15] [DEBUG] Screen::updateAreaC() finish.
[2026-07-13 03:14:15] [DEBUG] Screen::updateAreaD() path: \Develop\Views\AreaD\Area_D_clear.view start...
[2026-07-13 03:14:15] [DEBUG] Screen::getContents() start...
[2026-07-13 03:14:15] [DEBUG] Screen::getContents() finish.
[2026-07-13 03:14:15] [DEBUG] Screen::updateAreaD() finish.
[2026-07-13 03:14:15] [DEBUG] Screen::updateAreaE() [iframe起動版] path: \Develop\Views\AreaE\Area_E_clear.view start...
[2026-07-13 03:14:15] [DEBUG] Screen::getContents() start...
[2026-07-13 03:14:15] [DEBUG] Screen::getContents() finish.
[2026-07-13 03:14:15] [DEBUG] Screen::updateAreaE() finish.
[2026-07-13 03:14:15] [DEBUG] ProjectController::projectSelectAction() finish.
[2026-07-13 03:14:15] [DEBUG] Screen::areaView() start...
[2026-07-13 03:14:15] [DEBUG] Screen::areaView() finish.
[2026-07-13 03:14:16] [DEBUG] --- wwProject System Start ---
[2026-07-13 03:14:16] [DEBUG] Router::Router() /jemini/wwProjectV1.37/Develop/Console/ServerBridgeAction/
[2026-07-13 03:14:16] [DEBUG] Attempting to load: \Develop\Controllers\ConsoleController::ServerBridgeAction
[2026-07-13 03:14:16] [DEBUG] Router: Executing \Develop\Controllers\ConsoleController->ServerBridgeAction
[2026-07-13 03:14:16] [DEBUG] ConsoleController::ServerBridge() start...
[2026-07-13 03:14:16] [DEBUG] ConsoleController::ServerBridge() \Develop\Controllers\DBDefinitionController::initialAction()
[2026-07-13 03:14:16] [DEBUG] DBDefinitionController::initialAction() start...
[2026-07-13 03:14:16] [DEBUG] DBDefinitionModel::getTableList() start...
[2026-07-13 03:14:16] [DEBUG] DBDefinitionModel::getTableList() finish. 取得件数: 5
[2026-07-13 03:14:16] [DEBUG] Screen::updateAreaD() path: \Develop\Views\AreaD\DBDefinition\DBDefinitionList.view start...
[2026-07-13 03:14:16] [DEBUG] Screen::getContents() start...
[2026-07-13 03:14:16] [DEBUG] Screen::getContents() finish.
[2026-07-13 03:14:16] [DEBUG] Screen::updateAreaD() finish.
[2026-07-13 03:14:16] [DEBUG] Screen::updateAreaE() [iframe起動版] path: \Develop\Views\AreaE\Area_E_clear.view start...
[2026-07-13 03:14:16] [DEBUG] Screen::getContents() start...
[2026-07-13 03:14:16] [DEBUG] Screen::getContents() finish.
[2026-07-13 03:14:16] [DEBUG] Screen::updateAreaE() finish.
[2026-07-13 03:14:16] [DEBUG] DBDefinitionController::initialAction() end.
[2026-07-13 03:14:16] [DEBUG] Screen::areaView() start...
[2026-07-13 03:14:16] [DEBUG] Screen::areaView() finish.
[2026-07-13 03:14:18] [DEBUG] --- wwProject System Start ---
[2026-07-13 03:14:18] [DEBUG] Router::Router() /jemini/wwProjectV1.37/Develop/Console/ServerBridgeAction/
[2026-07-13 03:14:18] [DEBUG] Attempting to load: \Develop\Controllers\ConsoleController::ServerBridgeAction
[2026-07-13 03:14:18] [DEBUG] Router: Executing \Develop\Controllers\ConsoleController->ServerBridgeAction
[2026-07-13 03:14:18] [DEBUG] ConsoleController::ServerBridge() start...
[2026-07-13 03:14:18] [DEBUG] ConsoleController::ServerBridge() \Develop\Controllers\DBDefinitionController::editTableAction()
[2026-07-13 03:14:18] [DEBUG] DBDefinitionController::editTableAction() start...
[2026-07-13 03:14:18] [DEBUG] DBDefinitionModel::getTableInfo() start... [Table: ApplicantAndParticipant]
[2026-07-13 03:14:18] [DEBUG] DBDefinitionModel::getSavedColumns() start... [TableID: 16]
[2026-07-13 03:14:18] [DEBUG] DBDefinitionModel::getTableList() start...
[2026-07-13 03:14:18] [DEBUG] DBDefinitionModel::getTableList() finish. 取得件数: 5
[2026-07-13 03:14:18] [DEBUG] DBDefinitionModel::getSavedColumns() start... [TableID: 16]
[2026-07-13 03:14:18] [DEBUG] DBDefinitionModel::getSavedColumns() start... [TableID: 13]
[2026-07-13 03:14:18] [DEBUG] DBDefinitionModel::getSavedColumns() start... [TableID: 14]
[2026-07-13 03:14:18] [DEBUG] DBDefinitionModel::getSavedColumns() start... [TableID: 12]
[2026-07-13 03:14:18] [DEBUG] DBDefinitionModel::getSavedColumns() start... [TableID: 15]
[2026-07-13 03:14:18] [DEBUG] Screen::updateAreaE() [iframe起動版] path: \Develop\Views\AreaE\DBDefinition\RegistTable.view start...
[2026-07-13 03:14:18] [DEBUG] Screen::getContents() start...
[2026-07-13 03:14:18] [DEBUG] Screen::getContents() finish.
[2026-07-13 03:14:18] [DEBUG] Screen::updateAreaE() finish.
[2026-07-13 03:14:18] [DEBUG] DBDefinitionController::editTableAction() finish.
[2026-07-13 03:14:18] [DEBUG] Screen::areaView() start...
[2026-07-13 03:14:18] [DEBUG] Screen::areaView() finish.
[2026-07-13 03:14:33] [DEBUG] --- wwProject System Start ---
[2026-07-13 03:14:33] [DEBUG] Router::Router() /jemini/wwProjectV1.37/Develop/Console/ServerBridgeAction/
[2026-07-13 03:14:33] [DEBUG] Attempting to load: \Develop\Controllers\ConsoleController::ServerBridgeAction
[2026-07-13 03:14:33] [DEBUG] Router: Executing \Develop\Controllers\ConsoleController->ServerBridgeAction
[2026-07-13 03:14:33] [DEBUG] ConsoleController::ServerBridge() start...
[2026-07-13 03:14:33] [DEBUG] ConsoleController::ServerBridge() \Develop\Controllers\DBDefinitionController::registerAction()
[2026-07-13 03:14:33] [DEBUG] DBDefinitionController::registerAction() start...
[2026-07-13 03:14:33] [DEBUG] DBDefinitionModel::registerTableAndColumns() start...
[2026-07-13 03:14:33] [DEBUG] DBDefinitionModel::registerTableAndColumns() 11
[2026-07-13 03:14:33] [DEBUG] DBDefinitionModel::registerTableAndColumns() 12
[2026-07-13 03:14:33] [DEBUG] DBDefinitionModel::registerTableAndColumns() 13 (Updated table_id: 16)
[2026-07-13 03:14:33] [DEBUG] DBDefinitionModel::registerTableAndColumns() 21
[2026-07-13 03:14:33] [DEBUG] DBDefinitionModel::registerTableAndColumns() 22
[2026-07-13 03:14:33] [DEBUG] DBDefinitionModel::registerTableAndColumns() 23
[2026-07-13 03:14:33] [DEBUG] DBDefinitionModel::registerTableAndColumns() 24
[2026-07-13 03:14:33] [DEBUG] DBDefinitionModel::registerTableAndColumns() 25
[2026-07-13 03:14:33] [DEBUG] DBDefinitionModel::registerTableAndColumns() 26
[2026-07-13 03:14:33] [DEBUG] DBDefinitionModel::registerTableAndColumns() 27
[2026-07-13 03:14:33] [DEBUG] DBDefinitionModel::registerTableAndColumns() commit success.
[2026-07-13 03:14:33] [DEBUG] DBDefinitionController::initialAction() start...
[2026-07-13 03:14:33] [DEBUG] DBDefinitionModel::getTableList() start...
[2026-07-13 03:14:33] [DEBUG] DBDefinitionModel::getTableList() finish. 取得件数: 5
[2026-07-13 03:14:33] [DEBUG] Screen::updateAreaD() path: \Develop\Views\AreaD\DBDefinition\DBDefinitionList.view start...
[2026-07-13 03:14:33] [DEBUG] Screen::getContents() start...
[2026-07-13 03:14:33] [DEBUG] Screen::getContents() finish.
[2026-07-13 03:14:33] [DEBUG] Screen::updateAreaD() finish.
[2026-07-13 03:14:33] [DEBUG] Screen::updateAreaE() [iframe起動版] path: \Develop\Views\AreaE\Area_E_clear.view start...
[2026-07-13 03:14:33] [DEBUG] Screen::getContents() start...
[2026-07-13 03:14:33] [DEBUG] Screen::getContents() finish.
[2026-07-13 03:14:33] [DEBUG] Screen::updateAreaE() finish.
[2026-07-13 03:14:33] [DEBUG] DBDefinitionController::initialAction() end.
[2026-07-13 03:14:33] [DEBUG] Screen::areaView() start...
[2026-07-13 03:14:33] [DEBUG] Screen::areaView() finish.
[2026-07-13 03:16:51] [DEBUG] --- wwProject System Start ---
[2026-07-13 03:16:51] [DEBUG] Router::Router() /jemini/wwProjectV1.37/Develop/Console/ServerBridgeAction/
[2026-07-13 03:16:51] [DEBUG] Attempting to load: \Develop\Controllers\ConsoleController::ServerBridgeAction
[2026-07-13 03:16:51] [DEBUG] Router: Executing \Develop\Controllers\ConsoleController->ServerBridgeAction
[2026-07-13 03:16:51] [DEBUG] ConsoleController::ServerBridge() start...
[2026-07-13 03:16:51] [DEBUG] ConsoleController::ServerBridge() \Develop\Controllers\DBDefinitionController::newTableAction()
[2026-07-13 03:16:51] [DEBUG] DBDefinitionController::newTableAction() start...
[2026-07-13 03:16:51] [DEBUG] DBDefinitionModel::getTableList() start...
[2026-07-13 03:16:51] [DEBUG] DBDefinitionModel::getTableList() finish. 取得件数: 5
[2026-07-13 03:16:51] [DEBUG] DBDefinitionModel::getSavedColumns() start... [TableID: 16]
[2026-07-13 03:16:51] [DEBUG] DBDefinitionModel::getSavedColumns() start... [TableID: 13]
[2026-07-13 03:16:51] [DEBUG] DBDefinitionModel::getSavedColumns() start... [TableID: 14]
[2026-07-13 03:16:51] [DEBUG] DBDefinitionModel::getSavedColumns() start... [TableID: 12]
[2026-07-13 03:16:51] [DEBUG] DBDefinitionModel::getSavedColumns() start... [TableID: 15]
[2026-07-13 03:16:51] [DEBUG] Screen::updateAreaE() [iframe起動版] path: \Develop\Views\AreaE\DBDefinition\RegistTable.view start...
[2026-07-13 03:16:51] [DEBUG] Screen::getContents() start...
[2026-07-13 03:16:51] [DEBUG] Screen::getContents() finish.
[2026-07-13 03:16:51] [DEBUG] Screen::updateAreaE() finish.
[2026-07-13 03:16:51] [DEBUG] DBDefinitionController::newTableAction() end.
[2026-07-13 03:16:51] [DEBUG] Screen::areaView() start...
[2026-07-13 03:16:51] [DEBUG] Screen::areaView() finish.
[2026-07-13 03:18:55] [DEBUG] --- wwProject System Start ---
[2026-07-13 03:18:55] [DEBUG] Router::Router() /jemini/wwProjectV1.37/Develop/
[2026-07-13 03:18:55] [DEBUG] Attempting to load: \Develop\Controllers\LoginController::initialAction
[2026-07-13 03:18:55] [DEBUG] Router: Executing \Develop\Controllers\LoginController->initialAction
[2026-07-13 03:18:55] [DEBUG] Login::initialAction() start...
[2026-07-13 03:18:55] [DEBUG] Login::initialAction() errorMessage : 
[2026-07-13 03:18:55] [DEBUG] Screen::view() path: \Develop\Views\Login\Login.view start...
[2026-07-13 03:18:55] [DEBUG] Screen::getContents() start...
[2026-07-13 03:18:55] [DEBUG] Screen::getContents() finish.
[2026-07-13 03:18:55] [DEBUG] Screen::view() path: \Develop\Views\Login\Login.view finish.
[2026-07-13 03:18:55] [DEBUG] Login::initialAction() finish.
[2026-07-13 03:18:58] [DEBUG] --- wwProject System Start ---
[2026-07-13 03:18:58] [DEBUG] Router::Router() /jemini/wwProjectV1.37/Develop/Login/authentication/
[2026-07-13 03:18:58] [DEBUG] Attempting to load: \Develop\Controllers\LoginController::authenticationAction
[2026-07-13 03:18:58] [DEBUG] Router: Executing \Develop\Controllers\LoginController->authenticationAction
[2026-07-13 03:18:58] [DEBUG] Login::AuthenticationAction() start...
[2026-07-13 03:18:58] [DEBUG] Login OK - x
[2026-07-13 03:18:58] [DEBUG] Session::start()
[2026-07-13 03:18:58] [DEBUG] Redirect to Console::initialAction()
[2026-07-13 03:18:58] [DEBUG] --- wwProject System Start ---
[2026-07-13 03:18:58] [DEBUG] Router::Router() /jemini/wwProjectV1.37/Develop/Console/initial/
[2026-07-13 03:18:58] [DEBUG] Attempting to load: \Develop\Controllers\ConsoleController::initialAction
[2026-07-13 03:18:58] [DEBUG] Router: Executing \Develop\Controllers\ConsoleController->initialAction
[2026-07-13 03:18:58] [DEBUG] Console::initialAction() start...
[2026-07-13 03:18:58] [DEBUG] Screen::view() path: \Develop\Views\Console\Console.view start...
[2026-07-13 03:18:58] [DEBUG] Screen::getContents() start...
[2026-07-13 03:18:58] [DEBUG] Screen::getContents() finish.
[2026-07-13 03:18:58] [DEBUG] Screen::view() path: \Develop\Views\Console\Console.view finish.
[2026-07-13 03:18:58] [DEBUG] ConsoleController::initialAction() finish.
[2026-07-13 03:18:58] [DEBUG] --- wwProject System Start ---
[2026-07-13 03:18:58] [DEBUG] Router::Router() /jemini/wwProjectV1.37/Develop/Console/ServerBridgeAction/
[2026-07-13 03:18:58] [DEBUG] Attempting to load: \Develop\Controllers\ConsoleController::ServerBridgeAction
[2026-07-13 03:18:58] [DEBUG] Router: Executing \Develop\Controllers\ConsoleController->ServerBridgeAction
[2026-07-13 03:18:58] [DEBUG] ConsoleController::ServerBridge() start...
[2026-07-13 03:18:58] [DEBUG] ConsoleController::ServerBridge() \Develop\Controllers\ConsoleController::areaInitialAction()
[2026-07-13 03:18:58] [DEBUG] ConsoleController::AreaInitialAction() start...
[2026-07-13 03:18:58] [DEBUG] Screen::updateAreaA() path: \Develop\Views\AreaA\Area_A.view start...
[2026-07-13 03:18:58] [DEBUG] Screen::areaView() sending JSON: ["areas"]
[2026-07-13 03:18:58] [DEBUG] Screen::getContents() start...
[2026-07-13 03:18:58] [DEBUG] Screen::getContents() finish.
[2026-07-13 03:18:58] [DEBUG] Screen::updateAreaA() finish.
[2026-07-13 03:18:58] [DEBUG] Screen::updateAreaB() path: \Develop\Views\AreaB\Area_B.view start...
[2026-07-13 03:18:58] [DEBUG] Screen::getContents() start...
[2026-07-13 03:18:58] [DEBUG] Screen::getContents() finish.
[2026-07-13 03:18:58] [DEBUG] Screen::updateAreaB() finish.
[2026-07-13 03:18:58] [DEBUG] Screen::updateAreaD() path: \Develop\Views\AreaD\Area_D_clear.view start...
[2026-07-13 03:18:58] [DEBUG] Screen::getContents() start...
[2026-07-13 03:18:58] [DEBUG] Screen::getContents() finish.
[2026-07-13 03:18:58] [DEBUG] Screen::updateAreaD() finish.
[2026-07-13 03:18:58] [DEBUG] Screen::updateAreaE() [iframe起動版] path: \Develop\Views\AreaE\Area_E_clear.view start...
[2026-07-13 03:18:58] [DEBUG] Screen::getContents() start...
[2026-07-13 03:18:58] [DEBUG] Screen::getContents() finish.
[2026-07-13 03:18:58] [DEBUG] Screen::updateAreaE() finish.
[2026-07-13 03:18:58] [DEBUG] Screen::updateAreaF() path: \Develop\Views\AreaF\Area_F.view start...
[2026-07-13 03:18:58] [DEBUG] Screen::getContents() start...
[2026-07-13 03:18:58] [DEBUG] Screen::getContents() finish.
[2026-07-13 03:18:58] [DEBUG] Screen::updateAreaF() finish.
[2026-07-13 03:18:58] [DEBUG] ProjectController::startProjectNabi() start...
[2026-07-13 03:18:58] [DEBUG] ProjectController::getProjectListHtml() start...
[2026-07-13 03:18:58] [DEBUG] ProjectModel::getProjectList() start...
[2026-07-13 03:18:58] [DEBUG] ProjectModel::getProjectList() finish.
[2026-07-13 03:18:58] [DEBUG] CodeMasterModel：：getCodesByGroup() start...
[2026-07-13 03:18:58] [DEBUG] CodeMasterModel：：getCodesByGroup() finish.
[2026-07-13 03:18:58] [DEBUG] ProjectController::getNaviFooterHtml() start...
[2026-07-13 03:18:58] [DEBUG] ProjectController::getNaviFooterHtml() finish.
[2026-07-13 03:18:58] [DEBUG] ProjectController::startProjectNabi() finish.
[2026-07-13 03:18:58] [DEBUG] Screen::updateAreaC() \Develop\Views\AreaC\Area_C.view start...
[2026-07-13 03:18:58] [DEBUG] Screen::getContents() start...
[2026-07-13 03:18:58] [DEBUG] Screen::getContents() finish.
[2026-07-13 03:18:58] [DEBUG] Screen::updateAreaC() finish.
[2026-07-13 03:18:58] [DEBUG] ConsoleController::AreaInitialAction() finish.
[2026-07-13 03:18:58] [DEBUG] Screen::areaView() start...
[2026-07-13 03:18:58] [DEBUG] Screen::areaView() finish.
[2026-07-13 03:18:59] [DEBUG] --- wwProject System Start ---
[2026-07-13 03:18:59] [DEBUG] Router::Router() /jemini/wwProjectV1.37/Develop/Console/ServerBridgeAction/
[2026-07-13 03:18:59] [DEBUG] Attempting to load: \Develop\Controllers\ConsoleController::ServerBridgeAction
[2026-07-13 03:18:59] [DEBUG] Router: Executing \Develop\Controllers\ConsoleController->ServerBridgeAction
[2026-07-13 03:18:59] [DEBUG] ConsoleController::ServerBridge() start...
[2026-07-13 03:18:59] [DEBUG] ConsoleController::ServerBridge() \Develop\Controllers\ProjectController::projectSelectAction()
[2026-07-13 03:18:59] [DEBUG] ProjectController::projectSelectAction() start...
[2026-07-13 03:18:59] [DEBUG] ProjectController::projectSelectAction() ☆★☆　SampleProject１
[2026-07-13 03:18:59] [DEBUG] Screen::updateAreaB() path: \Develop\Views\AreaB\Area_B.view start...
[2026-07-13 03:18:59] [DEBUG] Screen::getContents() start...
[2026-07-13 03:18:59] [DEBUG] Screen::getContents() finish.
[2026-07-13 03:18:59] [DEBUG] Screen::updateAreaB() finish.
[2026-07-13 03:18:59] [DEBUG] ProjectController::projectSelectAction() PRJ-D45FEF : PRJ-D45FEF
[2026-07-13 03:18:59] [DEBUG] ProjectController::getProjectListHtml() start...
[2026-07-13 03:18:59] [DEBUG] ProjectModel::getProjectList() start...
[2026-07-13 03:18:59] [DEBUG] ProjectModel::getProjectList() finish.
[2026-07-13 03:18:59] [DEBUG] CodeMasterModel：：getCodesByGroup() start...
[2026-07-13 03:18:59] [DEBUG] CodeMasterModel：：getCodesByGroup() finish.
[2026-07-13 03:18:59] [DEBUG] ProjectController::getNaviFooterHtml() start...
[2026-07-13 03:18:59] [DEBUG] ProjectController::getNaviFooterHtml() finish.
[2026-07-13 03:18:59] [DEBUG] Screen::updateAreaC() \Develop\Views\AreaC\Area_C.view start...
[2026-07-13 03:18:59] [DEBUG] Screen::getContents() start...
[2026-07-13 03:18:59] [DEBUG] Screen::getContents() finish.
[2026-07-13 03:18:59] [DEBUG] Screen::updateAreaC() finish.
[2026-07-13 03:18:59] [DEBUG] Screen::updateAreaD() path: \Develop\Views\AreaD\Area_D_clear.view start...
[2026-07-13 03:18:59] [DEBUG] Screen::getContents() start...
[2026-07-13 03:18:59] [DEBUG] Screen::getContents() finish.
[2026-07-13 03:18:59] [DEBUG] Screen::updateAreaD() finish.
[2026-07-13 03:18:59] [DEBUG] Screen::updateAreaE() [iframe起動版] path: \Develop\Views\AreaE\Area_E_clear.view start...
[2026-07-13 03:18:59] [DEBUG] Screen::getContents() start...
[2026-07-13 03:18:59] [DEBUG] Screen::getContents() finish.
[2026-07-13 03:18:59] [DEBUG] Screen::updateAreaE() finish.
[2026-07-13 03:18:59] [DEBUG] ProjectController::projectSelectAction() finish.
[2026-07-13 03:18:59] [DEBUG] Screen::areaView() start...
[2026-07-13 03:18:59] [DEBUG] Screen::areaView() finish.
[2026-07-13 03:19:00] [DEBUG] --- wwProject System Start ---
[2026-07-13 03:19:00] [DEBUG] Router::Router() /jemini/wwProjectV1.37/Develop/Console/ServerBridgeAction/
[2026-07-13 03:19:00] [DEBUG] Attempting to load: \Develop\Controllers\ConsoleController::ServerBridgeAction
[2026-07-13 03:19:00] [DEBUG] Router: Executing \Develop\Controllers\ConsoleController->ServerBridgeAction
[2026-07-13 03:19:00] [DEBUG] ConsoleController::ServerBridge() start...
[2026-07-13 03:19:00] [DEBUG] ConsoleController::ServerBridge() \Develop\Controllers\DBDefinitionController::initialAction()
[2026-07-13 03:19:00] [DEBUG] DBDefinitionController::initialAction() start...
[2026-07-13 03:19:00] [DEBUG] DBDefinitionModel::getTableList() start...
[2026-07-13 03:19:00] [DEBUG] DBDefinitionModel::getTableList() finish. 取得件数: 5
[2026-07-13 03:19:00] [DEBUG] Screen::updateAreaD() path: \Develop\Views\AreaD\DBDefinition\DBDefinitionList.view start...
[2026-07-13 03:19:00] [DEBUG] Screen::getContents() start...
[2026-07-13 03:19:00] [DEBUG] Screen::getContents() finish.
[2026-07-13 03:19:00] [DEBUG] Screen::updateAreaD() finish.
[2026-07-13 03:19:00] [DEBUG] Screen::updateAreaE() [iframe起動版] path: \Develop\Views\AreaE\Area_E_clear.view start...
[2026-07-13 03:19:00] [DEBUG] Screen::getContents() start...
[2026-07-13 03:19:00] [DEBUG] Screen::getContents() finish.
[2026-07-13 03:19:00] [DEBUG] Screen::updateAreaE() finish.
[2026-07-13 03:19:00] [DEBUG] DBDefinitionController::initialAction() end.
[2026-07-13 03:19:00] [DEBUG] Screen::areaView() start...
[2026-07-13 03:19:00] [DEBUG] Screen::areaView() finish.
[2026-07-13 03:19:01] [DEBUG] --- wwProject System Start ---
[2026-07-13 03:19:01] [DEBUG] Router::Router() /jemini/wwProjectV1.37/Develop/Console/ServerBridgeAction/
[2026-07-13 03:19:01] [DEBUG] Attempting to load: \Develop\Controllers\ConsoleController::ServerBridgeAction
[2026-07-13 03:19:01] [DEBUG] Router: Executing \Develop\Controllers\ConsoleController->ServerBridgeAction
[2026-07-13 03:19:01] [DEBUG] ConsoleController::ServerBridge() start...
[2026-07-13 03:19:01] [DEBUG] ConsoleController::ServerBridge() \Develop\Controllers\DBDefinitionController::editTableAction()
[2026-07-13 03:19:01] [DEBUG] DBDefinitionController::editTableAction() start...
[2026-07-13 03:19:01] [DEBUG] DBDefinitionModel::getTableInfo() start... [Table: ApplicantAndParticipant]
[2026-07-13 03:19:01] [DEBUG] DBDefinitionModel::getSavedColumns() start... [TableID: 16]
[2026-07-13 03:19:01] [DEBUG] DBDefinitionModel::getTableList() start...
[2026-07-13 03:19:01] [DEBUG] DBDefinitionModel::getTableList() finish. 取得件数: 5
[2026-07-13 03:19:01] [DEBUG] DBDefinitionModel::getSavedColumns() start... [TableID: 16]
[2026-07-13 03:19:01] [DEBUG] DBDefinitionModel::getSavedColumns() start... [TableID: 13]
[2026-07-13 03:19:01] [DEBUG] DBDefinitionModel::getSavedColumns() start... [TableID: 14]
[2026-07-13 03:19:01] [DEBUG] DBDefinitionModel::getSavedColumns() start... [TableID: 12]
[2026-07-13 03:19:01] [DEBUG] DBDefinitionModel::getSavedColumns() start... [TableID: 15]
[2026-07-13 03:19:01] [DEBUG] Screen::updateAreaE() [iframe起動版] path: \Develop\Views\AreaE\DBDefinition\RegistTable.view start...
[2026-07-13 03:19:01] [DEBUG] Screen::getContents() start...
[2026-07-13 03:19:02] [DEBUG] Screen::getContents() finish.
[2026-07-13 03:19:02] [DEBUG] Screen::updateAreaE() finish.
[2026-07-13 03:19:02] [DEBUG] DBDefinitionController::editTableAction() finish.
[2026-07-13 03:19:02] [DEBUG] Screen::areaView() start...
[2026-07-13 03:19:02] [DEBUG] Screen::areaView() finish.
[2026-07-13 03:19:11] [DEBUG] --- wwProject System Start ---
[2026-07-13 03:19:11] [DEBUG] Router::Router() /jemini/wwProjectV1.37/Develop/Console/ServerBridgeAction/
[2026-07-13 03:19:11] [DEBUG] Attempting to load: \Develop\Controllers\ConsoleController::ServerBridgeAction
[2026-07-13 03:19:11] [DEBUG] Router: Executing \Develop\Controllers\ConsoleController->ServerBridgeAction
[2026-07-13 03:19:11] [DEBUG] ConsoleController::ServerBridge() start...
[2026-07-13 03:19:11] [DEBUG] ConsoleController::ServerBridge() \Develop\Controllers\DBDefinitionController::registerAction()
[2026-07-13 03:19:11] [DEBUG] DBDefinitionController::registerAction() start...
[2026-07-13 03:19:11] [DEBUG] DBDefinitionModel::registerTableAndColumns() start...
[2026-07-13 03:19:11] [DEBUG] DBDefinitionModel::registerTableAndColumns() 11
[2026-07-13 03:19:11] [DEBUG] DBDefinitionModel::registerTableAndColumns() 12
[2026-07-13 03:19:11] [DEBUG] DBDefinitionModel::registerTableAndColumns() 13 (Updated table_id: 16)
[2026-07-13 03:19:11] [DEBUG] DBDefinitionModel::registerTableAndColumns() 21
[2026-07-13 03:19:11] [DEBUG] DBDefinitionModel::registerTableAndColumns() 22
[2026-07-13 03:19:11] [DEBUG] DBDefinitionModel::registerTableAndColumns() 23
[2026-07-13 03:19:11] [DEBUG] DBDefinitionModel::registerTableAndColumns() 24
[2026-07-13 03:19:11] [DEBUG] DBDefinitionModel::registerTableAndColumns() 25
[2026-07-13 03:19:11] [DEBUG] DBDefinitionModel::registerTableAndColumns() 26
[2026-07-13 03:19:11] [DEBUG] DBDefinitionModel::registerTableAndColumns() 27
[2026-07-13 03:19:11] [DEBUG] DBDefinitionModel::registerTableAndColumns() commit success.
[2026-07-13 03:19:11] [DEBUG] DBDefinitionController::initialAction() start...
[2026-07-13 03:19:11] [DEBUG] DBDefinitionModel::getTableList() start...
[2026-07-13 03:19:11] [DEBUG] DBDefinitionModel::getTableList() finish. 取得件数: 5
[2026-07-13 03:19:11] [DEBUG] Screen::updateAreaD() path: \Develop\Views\AreaD\DBDefinition\DBDefinitionList.view start...
[2026-07-13 03:19:11] [DEBUG] Screen::getContents() start...
[2026-07-13 03:19:11] [DEBUG] Screen::getContents() finish.
[2026-07-13 03:19:11] [DEBUG] Screen::updateAreaD() finish.
[2026-07-13 03:19:11] [DEBUG] Screen::updateAreaE() [iframe起動版] path: \Develop\Views\AreaE\Area_E_clear.view start...
[2026-07-13 03:19:11] [DEBUG] Screen::getContents() start...
[2026-07-13 03:19:11] [DEBUG] Screen::getContents() finish.
[2026-07-13 03:19:11] [DEBUG] Screen::updateAreaE() finish.
[2026-07-13 03:19:11] [DEBUG] DBDefinitionController::initialAction() end.
[2026-07-13 03:19:11] [DEBUG] Screen::areaView() start...
[2026-07-13 03:19:11] [DEBUG] Screen::areaView() finish.
[2026-07-13 03:26:27] [DEBUG] --- wwProject System Start ---
[2026-07-13 03:26:27] [DEBUG] Router::Router() /jemini/wwProjectV1.37/Develop/
[2026-07-13 03:26:27] [DEBUG] Attempting to load: \Develop\Controllers\LoginController::initialAction
[2026-07-13 03:26:27] [DEBUG] Router: Executing \Develop\Controllers\LoginController->initialAction
[2026-07-13 03:26:27] [DEBUG] Login::initialAction() start...
[2026-07-13 03:26:27] [DEBUG] Login::initialAction() errorMessage : 
[2026-07-13 03:26:27] [DEBUG] Screen::view() path: \Develop\Views\Login\Login.view start...
[2026-07-13 03:26:27] [DEBUG] Screen::getContents() start...
[2026-07-13 03:26:27] [DEBUG] Screen::getContents() finish.
[2026-07-13 03:26:27] [DEBUG] Screen::view() path: \Develop\Views\Login\Login.view finish.
[2026-07-13 03:26:27] [DEBUG] Login::initialAction() finish.
[2026-07-13 03:26:29] [DEBUG] --- wwProject System Start ---
[2026-07-13 03:26:29] [DEBUG] Router::Router() /jemini/wwProjectV1.37/Develop/Login/authentication/
[2026-07-13 03:26:29] [DEBUG] Attempting to load: \Develop\Controllers\LoginController::authenticationAction
[2026-07-13 03:26:29] [DEBUG] Router: Executing \Develop\Controllers\LoginController->authenticationAction
[2026-07-13 03:26:29] [DEBUG] Login::AuthenticationAction() start...
[2026-07-13 03:26:29] [DEBUG] Login OK - x
[2026-07-13 03:26:29] [DEBUG] Session::start()
[2026-07-13 03:26:29] [DEBUG] Redirect to Console::initialAction()
[2026-07-13 03:26:29] [DEBUG] --- wwProject System Start ---
[2026-07-13 03:26:29] [DEBUG] Router::Router() /jemini/wwProjectV1.37/Develop/Console/initial/
[2026-07-13 03:26:29] [DEBUG] Attempting to load: \Develop\Controllers\ConsoleController::initialAction
[2026-07-13 03:26:29] [DEBUG] Router: Executing \Develop\Controllers\ConsoleController->initialAction
[2026-07-13 03:26:29] [DEBUG] Console::initialAction() start...
[2026-07-13 03:26:29] [DEBUG] Screen::view() path: \Develop\Views\Console\Console.view start...
[2026-07-13 03:26:29] [DEBUG] Screen::getContents() start...
[2026-07-13 03:26:29] [DEBUG] Screen::getContents() finish.
[2026-07-13 03:26:29] [DEBUG] Screen::view() path: \Develop\Views\Console\Console.view finish.
[2026-07-13 03:26:29] [DEBUG] ConsoleController::initialAction() finish.
[2026-07-13 03:26:29] [DEBUG] --- wwProject System Start ---
[2026-07-13 03:26:29] [DEBUG] Router::Router() /jemini/wwProjectV1.37/Develop/Console/ServerBridgeAction/
[2026-07-13 03:26:29] [DEBUG] Attempting to load: \Develop\Controllers\ConsoleController::ServerBridgeAction
[2026-07-13 03:26:29] [DEBUG] Router: Executing \Develop\Controllers\ConsoleController->ServerBridgeAction
[2026-07-13 03:26:29] [DEBUG] ConsoleController::ServerBridge() start...
[2026-07-13 03:26:29] [DEBUG] ConsoleController::ServerBridge() \Develop\Controllers\ConsoleController::areaInitialAction()
[2026-07-13 03:26:29] [DEBUG] ConsoleController::AreaInitialAction() start...
[2026-07-13 03:26:29] [DEBUG] Screen::updateAreaA() path: \Develop\Views\AreaA\Area_A.view start...
[2026-07-13 03:26:29] [DEBUG] Screen::areaView() sending JSON: ["areas"]
[2026-07-13 03:26:29] [DEBUG] Screen::getContents() start...
[2026-07-13 03:26:29] [DEBUG] Screen::getContents() finish.
[2026-07-13 03:26:29] [DEBUG] Screen::updateAreaA() finish.
[2026-07-13 03:26:29] [DEBUG] Screen::updateAreaB() path: \Develop\Views\AreaB\Area_B.view start...
[2026-07-13 03:26:29] [DEBUG] Screen::getContents() start...
[2026-07-13 03:26:29] [DEBUG] Screen::getContents() finish.
[2026-07-13 03:26:29] [DEBUG] Screen::updateAreaB() finish.
[2026-07-13 03:26:29] [DEBUG] Screen::updateAreaD() path: \Develop\Views\AreaD\Area_D_clear.view start...
[2026-07-13 03:26:29] [DEBUG] Screen::getContents() start...
[2026-07-13 03:26:29] [DEBUG] Screen::getContents() finish.
[2026-07-13 03:26:29] [DEBUG] Screen::updateAreaD() finish.
[2026-07-13 03:26:29] [DEBUG] Screen::updateAreaE() [iframe起動版] path: \Develop\Views\AreaE\Area_E_clear.view start...
[2026-07-13 03:26:29] [DEBUG] Screen::getContents() start...
[2026-07-13 03:26:29] [DEBUG] Screen::getContents() finish.
[2026-07-13 03:26:29] [DEBUG] Screen::updateAreaE() finish.
[2026-07-13 03:26:29] [DEBUG] Screen::updateAreaF() path: \Develop\Views\AreaF\Area_F.view start...
[2026-07-13 03:26:29] [DEBUG] Screen::getContents() start...
[2026-07-13 03:26:29] [DEBUG] Screen::getContents() finish.
[2026-07-13 03:26:29] [DEBUG] Screen::updateAreaF() finish.
[2026-07-13 03:26:29] [DEBUG] ProjectController::startProjectNabi() start...
[2026-07-13 03:26:29] [DEBUG] ProjectController::getProjectListHtml() start...
[2026-07-13 03:26:29] [DEBUG] ProjectModel::getProjectList() start...
[2026-07-13 03:26:29] [DEBUG] ProjectModel::getProjectList() finish.
[2026-07-13 03:26:29] [DEBUG] CodeMasterModel：：getCodesByGroup() start...
[2026-07-13 03:26:29] [DEBUG] CodeMasterModel：：getCodesByGroup() finish.
[2026-07-13 03:26:29] [DEBUG] ProjectController::getNaviFooterHtml() start...
[2026-07-13 03:26:29] [DEBUG] ProjectController::getNaviFooterHtml() finish.
[2026-07-13 03:26:29] [DEBUG] ProjectController::startProjectNabi() finish.
[2026-07-13 03:26:29] [DEBUG] Screen::updateAreaC() \Develop\Views\AreaC\Area_C.view start...
[2026-07-13 03:26:29] [DEBUG] Screen::getContents() start...
[2026-07-13 03:26:29] [DEBUG] Screen::getContents() finish.
[2026-07-13 03:26:29] [DEBUG] Screen::updateAreaC() finish.
[2026-07-13 03:26:29] [DEBUG] ConsoleController::AreaInitialAction() finish.
[2026-07-13 03:26:29] [DEBUG] Screen::areaView() start...
[2026-07-13 03:26:29] [DEBUG] Screen::areaView() finish.
[2026-07-13 03:26:30] [DEBUG] --- wwProject System Start ---
[2026-07-13 03:26:30] [DEBUG] Router::Router() /jemini/wwProjectV1.37/Develop/Console/ServerBridgeAction/
[2026-07-13 03:26:30] [DEBUG] Attempting to load: \Develop\Controllers\ConsoleController::ServerBridgeAction
[2026-07-13 03:26:30] [DEBUG] Router: Executing \Develop\Controllers\ConsoleController->ServerBridgeAction
[2026-07-13 03:26:30] [DEBUG] ConsoleController::ServerBridge() start...
[2026-07-13 03:26:30] [DEBUG] ConsoleController::ServerBridge() \Develop\Controllers\ProjectController::projectSelectAction()
[2026-07-13 03:26:30] [DEBUG] ProjectController::projectSelectAction() start...
[2026-07-13 03:26:30] [DEBUG] ProjectController::projectSelectAction() ☆★☆　SampleProject１
[2026-07-13 03:26:30] [DEBUG] Screen::updateAreaB() path: \Develop\Views\AreaB\Area_B.view start...
[2026-07-13 03:26:30] [DEBUG] Screen::getContents() start...
[2026-07-13 03:26:30] [DEBUG] Screen::getContents() finish.
[2026-07-13 03:26:30] [DEBUG] Screen::updateAreaB() finish.
[2026-07-13 03:26:30] [DEBUG] ProjectController::projectSelectAction() PRJ-D45FEF : PRJ-D45FEF
[2026-07-13 03:26:30] [DEBUG] ProjectController::getProjectListHtml() start...
[2026-07-13 03:26:30] [DEBUG] ProjectModel::getProjectList() start...
[2026-07-13 03:26:30] [DEBUG] ProjectModel::getProjectList() finish.
[2026-07-13 03:26:30] [DEBUG] CodeMasterModel：：getCodesByGroup() start...
[2026-07-13 03:26:30] [DEBUG] CodeMasterModel：：getCodesByGroup() finish.
[2026-07-13 03:26:30] [DEBUG] ProjectController::getNaviFooterHtml() start...
[2026-07-13 03:26:30] [DEBUG] ProjectController::getNaviFooterHtml() finish.
[2026-07-13 03:26:30] [DEBUG] Screen::updateAreaC() \Develop\Views\AreaC\Area_C.view start...
[2026-07-13 03:26:30] [DEBUG] Screen::getContents() start...
[2026-07-13 03:26:30] [DEBUG] Screen::getContents() finish.
[2026-07-13 03:26:30] [DEBUG] Screen::updateAreaC() finish.
[2026-07-13 03:26:30] [DEBUG] Screen::updateAreaD() path: \Develop\Views\AreaD\Area_D_clear.view start...
[2026-07-13 03:26:30] [DEBUG] Screen::getContents() start...
[2026-07-13 03:26:30] [DEBUG] Screen::getContents() finish.
[2026-07-13 03:26:30] [DEBUG] Screen::updateAreaD() finish.
[2026-07-13 03:26:30] [DEBUG] Screen::updateAreaE() [iframe起動版] path: \Develop\Views\AreaE\Area_E_clear.view start...
[2026-07-13 03:26:30] [DEBUG] Screen::getContents() start...
[2026-07-13 03:26:30] [DEBUG] Screen::getContents() finish.
[2026-07-13 03:26:30] [DEBUG] Screen::updateAreaE() finish.
[2026-07-13 03:26:30] [DEBUG] ProjectController::projectSelectAction() finish.
[2026-07-13 03:26:30] [DEBUG] Screen::areaView() start...
[2026-07-13 03:26:30] [DEBUG] Screen::areaView() finish.
[2026-07-13 03:26:32] [DEBUG] --- wwProject System Start ---
[2026-07-13 03:26:32] [DEBUG] Router::Router() /jemini/wwProjectV1.37/Develop/Console/ServerBridgeAction/
[2026-07-13 03:26:32] [DEBUG] Attempting to load: \Develop\Controllers\ConsoleController::ServerBridgeAction
[2026-07-13 03:26:32] [DEBUG] Router: Executing \Develop\Controllers\ConsoleController->ServerBridgeAction
[2026-07-13 03:26:32] [DEBUG] ConsoleController::ServerBridge() start...
[2026-07-13 03:26:32] [DEBUG] ConsoleController::ServerBridge() \Develop\Controllers\DBDefinitionController::initialAction()
[2026-07-13 03:26:32] [DEBUG] DBDefinitionController::initialAction() start...
[2026-07-13 03:26:32] [DEBUG] DBDefinitionModel::getTableList() start...
[2026-07-13 03:26:32] [DEBUG] DBDefinitionModel::getTableList() finish. 取得件数: 5
[2026-07-13 03:26:32] [DEBUG] Screen::updateAreaD() path: \Develop\Views\AreaD\DBDefinition\DBDefinitionList.view start...
[2026-07-13 03:26:32] [DEBUG] Screen::getContents() start...
[2026-07-13 03:26:32] [DEBUG] Screen::getContents() finish.
[2026-07-13 03:26:32] [DEBUG] Screen::updateAreaD() finish.
[2026-07-13 03:26:32] [DEBUG] Screen::updateAreaE() [iframe起動版] path: \Develop\Views\AreaE\Area_E_clear.view start...
[2026-07-13 03:26:32] [DEBUG] Screen::getContents() start...
[2026-07-13 03:26:32] [DEBUG] Screen::getContents() finish.
[2026-07-13 03:26:32] [DEBUG] Screen::updateAreaE() finish.
[2026-07-13 03:26:32] [DEBUG] DBDefinitionController::initialAction() end.
[2026-07-13 03:26:32] [DEBUG] Screen::areaView() start...
[2026-07-13 03:26:32] [DEBUG] Screen::areaView() finish.
[2026-07-13 03:26:33] [DEBUG] --- wwProject System Start ---
[2026-07-13 03:26:33] [DEBUG] Router::Router() /jemini/wwProjectV1.37/Develop/Console/ServerBridgeAction/
[2026-07-13 03:26:33] [DEBUG] Attempting to load: \Develop\Controllers\ConsoleController::ServerBridgeAction
[2026-07-13 03:26:33] [DEBUG] Router: Executing \Develop\Controllers\ConsoleController->ServerBridgeAction
[2026-07-13 03:26:33] [DEBUG] ConsoleController::ServerBridge() start...
[2026-07-13 03:26:33] [DEBUG] ConsoleController::ServerBridge() \Develop\Controllers\DBDefinitionController::editTableAction()
[2026-07-13 03:26:33] [DEBUG] DBDefinitionController::editTableAction() start...
[2026-07-13 03:26:33] [DEBUG] DBDefinitionModel::getTableInfo() start... [Table: ApplicantAndParticipant]
[2026-07-13 03:26:33] [DEBUG] DBDefinitionModel::getSavedColumns() start... [TableID: 16]
[2026-07-13 03:26:33] [DEBUG] DBDefinitionModel::getTableList() start...
[2026-07-13 03:26:33] [DEBUG] DBDefinitionModel::getTableList() finish. 取得件数: 5
[2026-07-13 03:26:33] [DEBUG] DBDefinitionModel::getSavedColumns() start... [TableID: 16]
[2026-07-13 03:26:33] [DEBUG] DBDefinitionModel::getSavedColumns() start... [TableID: 13]
[2026-07-13 03:26:33] [DEBUG] DBDefinitionModel::getSavedColumns() start... [TableID: 14]
[2026-07-13 03:26:33] [DEBUG] DBDefinitionModel::getSavedColumns() start... [TableID: 12]
[2026-07-13 03:26:33] [DEBUG] DBDefinitionModel::getSavedColumns() start... [TableID: 15]
[2026-07-13 03:26:33] [DEBUG] Screen::updateAreaE() [iframe起動版] path: \Develop\Views\AreaE\DBDefinition\RegistTable.view start...
[2026-07-13 03:26:33] [DEBUG] Screen::getContents() start...
[2026-07-13 03:26:33] [DEBUG] Screen::getContents() finish.
[2026-07-13 03:26:33] [DEBUG] Screen::updateAreaE() finish.
[2026-07-13 03:26:33] [DEBUG] DBDefinitionController::editTableAction() finish.
[2026-07-13 03:26:33] [DEBUG] Screen::areaView() start...
[2026-07-13 03:26:33] [DEBUG] Screen::areaView() finish.
[2026-07-13 03:26:43] [DEBUG] --- wwProject System Start ---
[2026-07-13 03:26:43] [DEBUG] Router::Router() /jemini/wwProjectV1.37/Develop/Console/ServerBridgeAction/
[2026-07-13 03:26:43] [DEBUG] Attempting to load: \Develop\Controllers\ConsoleController::ServerBridgeAction
[2026-07-13 03:26:43] [DEBUG] Router: Executing \Develop\Controllers\ConsoleController->ServerBridgeAction
[2026-07-13 03:26:43] [DEBUG] ConsoleController::ServerBridge() start...
[2026-07-13 03:26:43] [DEBUG] ConsoleController::ServerBridge() \Develop\Controllers\DBDefinitionController::registerAction()
[2026-07-13 03:26:43] [DEBUG] DBDefinitionController::registerAction() start...
[2026-07-13 03:26:43] [DEBUG] DBDefinitionModel::registerTableAndColumns() start...
[2026-07-13 03:26:43] [DEBUG] DBDefinitionModel::registerTableAndColumns() 11
[2026-07-13 03:26:43] [DEBUG] DBDefinitionModel::registerTableAndColumns() 12
[2026-07-13 03:26:43] [DEBUG] DBDefinitionModel::registerTableAndColumns() 13 (Updated table_id: 16)
[2026-07-13 03:26:43] [DEBUG] DBDefinitionModel::registerTableAndColumns() 21
[2026-07-13 03:26:43] [DEBUG] DBDefinitionModel::registerTableAndColumns() 22
[2026-07-13 03:26:43] [DEBUG] DBDefinitionModel::registerTableAndColumns() 23
[2026-07-13 03:26:43] [DEBUG] DBDefinitionModel::registerTableAndColumns() 24
[2026-07-13 03:26:43] [DEBUG] DBDefinitionModel::registerTableAndColumns() 25
[2026-07-13 03:26:43] [DEBUG] DBDefinitionModel::registerTableAndColumns() 26
[2026-07-13 03:26:43] [DEBUG] DBDefinitionModel::registerTableAndColumns() 27
[2026-07-13 03:26:43] [DEBUG] DBDefinitionModel::registerTableAndColumns() commit success.
[2026-07-13 03:26:43] [DEBUG] DBDefinitionController::initialAction() start...
[2026-07-13 03:26:43] [DEBUG] DBDefinitionModel::getTableList() start...
[2026-07-13 03:26:43] [DEBUG] DBDefinitionModel::getTableList() finish. 取得件数: 5
[2026-07-13 03:26:43] [DEBUG] Screen::updateAreaD() path: \Develop\Views\AreaD\DBDefinition\DBDefinitionList.view start...
[2026-07-13 03:26:43] [DEBUG] Screen::getContents() start...
[2026-07-13 03:26:43] [DEBUG] Screen::getContents() finish.
[2026-07-13 03:26:43] [DEBUG] Screen::updateAreaD() finish.
[2026-07-13 03:26:43] [DEBUG] Screen::updateAreaE() [iframe起動版] path: \Develop\Views\AreaE\Area_E_clear.view start...
[2026-07-13 03:26:43] [DEBUG] Screen::getContents() start...
[2026-07-13 03:26:43] [DEBUG] Screen::getContents() finish.
[2026-07-13 03:26:43] [DEBUG] Screen::updateAreaE() finish.
[2026-07-13 03:26:43] [DEBUG] DBDefinitionController::initialAction() end.
[2026-07-13 03:26:43] [DEBUG] Screen::areaView() start...
[2026-07-13 03:26:43] [DEBUG] Screen::areaView() finish.
[2026-07-13 06:18:45] [DEBUG] --- wwProject System Start ---
[2026-07-13 06:18:45] [DEBUG] Router::Router() /jemini/wwProjectV1.37/develop/
[2026-07-13 06:18:45] [DEBUG] Attempting to load: \Develop\Controllers\LoginController::initialAction
[2026-07-13 06:18:45] [DEBUG] Router: Executing \Develop\Controllers\LoginController->initialAction
[2026-07-13 06:18:45] [DEBUG] Login::initialAction() start...
[2026-07-13 06:18:46] [DEBUG] Login::initialAction() errorMessage : 
[2026-07-13 06:18:46] [DEBUG] Screen::view() path: \Develop\Views\Login\Login.view start...
[2026-07-13 06:18:46] [DEBUG] Screen::getContents() start...
[2026-07-13 06:18:46] [DEBUG] Screen::getContents() finish.
[2026-07-13 06:18:46] [DEBUG] Screen::view() path: \Develop\Views\Login\Login.view finish.
[2026-07-13 06:18:46] [DEBUG] Login::initialAction() finish.
[2026-07-13 06:18:49] [DEBUG] --- wwProject System Start ---
[2026-07-13 06:18:49] [DEBUG] Router::Router() /jemini/wwProjectV1.37/Develop/Login/authentication/
[2026-07-13 06:18:49] [DEBUG] Attempting to load: \Develop\Controllers\LoginController::authenticationAction
[2026-07-13 06:18:49] [DEBUG] Router: Executing \Develop\Controllers\LoginController->authenticationAction
[2026-07-13 06:18:49] [DEBUG] Login::AuthenticationAction() start...
[2026-07-13 06:18:50] [DEBUG] Login OK - x
[2026-07-13 06:18:50] [DEBUG] Session::start()
[2026-07-13 06:18:50] [DEBUG] Redirect to Console::initialAction()
[2026-07-13 06:18:50] [DEBUG] --- wwProject System Start ---
[2026-07-13 06:18:50] [DEBUG] Router::Router() /jemini/wwProjectV1.37/Develop/Console/initial/
[2026-07-13 06:18:50] [DEBUG] Attempting to load: \Develop\Controllers\ConsoleController::initialAction
[2026-07-13 06:18:50] [DEBUG] Router: Executing \Develop\Controllers\ConsoleController->initialAction
[2026-07-13 06:18:50] [DEBUG] Console::initialAction() start...
[2026-07-13 06:18:50] [DEBUG] Screen::view() path: \Develop\Views\Console\Console.view start...
[2026-07-13 06:18:50] [DEBUG] Screen::getContents() start...
[2026-07-13 06:18:50] [DEBUG] Screen::getContents() finish.
[2026-07-13 06:18:50] [DEBUG] Screen::view() path: \Develop\Views\Console\Console.view finish.
[2026-07-13 06:18:50] [DEBUG] ConsoleController::initialAction() finish.
[2026-07-13 06:18:50] [DEBUG] --- wwProject System Start ---
[2026-07-13 06:18:50] [DEBUG] Router::Router() /jemini/wwProjectV1.37/Develop/Console/ServerBridgeAction/
[2026-07-13 06:18:50] [DEBUG] Attempting to load: \Develop\Controllers\ConsoleController::ServerBridgeAction
[2026-07-13 06:18:50] [DEBUG] Router: Executing \Develop\Controllers\ConsoleController->ServerBridgeAction
[2026-07-13 06:18:50] [DEBUG] ConsoleController::ServerBridge() start...
[2026-07-13 06:18:50] [DEBUG] ConsoleController::ServerBridge() \Develop\Controllers\ConsoleController::areaInitialAction()
[2026-07-13 06:18:50] [DEBUG] ConsoleController::AreaInitialAction() start...
[2026-07-13 06:18:50] [DEBUG] Screen::updateAreaA() path: \Develop\Views\AreaA\Area_A.view start...
[2026-07-13 06:18:50] [DEBUG] Screen::areaView() sending JSON: ["areas"]
[2026-07-13 06:18:50] [DEBUG] Screen::getContents() start...
[2026-07-13 06:18:50] [DEBUG] Screen::getContents() finish.
[2026-07-13 06:18:50] [DEBUG] Screen::updateAreaA() finish.
[2026-07-13 06:18:50] [DEBUG] Screen::updateAreaB() path: \Develop\Views\AreaB\Area_B.view start...
[2026-07-13 06:18:50] [DEBUG] Screen::getContents() start...
[2026-07-13 06:18:50] [DEBUG] Screen::getContents() finish.
[2026-07-13 06:18:50] [DEBUG] Screen::updateAreaB() finish.
[2026-07-13 06:18:50] [DEBUG] Screen::updateAreaD() path: \Develop\Views\AreaD\Area_D_clear.view start...
[2026-07-13 06:18:50] [DEBUG] Screen::getContents() start...
[2026-07-13 06:18:50] [DEBUG] Screen::getContents() finish.
[2026-07-13 06:18:50] [DEBUG] Screen::updateAreaD() finish.
[2026-07-13 06:18:50] [DEBUG] Screen::updateAreaE() [iframe起動版] path: \Develop\Views\AreaE\Area_E_clear.view start...
[2026-07-13 06:18:50] [DEBUG] Screen::getContents() start...
[2026-07-13 06:18:50] [DEBUG] Screen::getContents() finish.
[2026-07-13 06:18:50] [DEBUG] Screen::updateAreaE() finish.
[2026-07-13 06:18:50] [DEBUG] Screen::updateAreaF() path: \Develop\Views\AreaF\Area_F.view start...
[2026-07-13 06:18:50] [DEBUG] Screen::getContents() start...
[2026-07-13 06:18:50] [DEBUG] Screen::getContents() finish.
[2026-07-13 06:18:50] [DEBUG] Screen::updateAreaF() finish.
[2026-07-13 06:18:50] [DEBUG] ProjectController::startProjectNabi() start...
[2026-07-13 06:18:50] [DEBUG] ProjectController::getProjectListHtml() start...
[2026-07-13 06:18:50] [DEBUG] ProjectModel::getProjectList() start...
[2026-07-13 06:18:50] [DEBUG] ProjectModel::getProjectList() finish.
[2026-07-13 06:18:50] [DEBUG] CodeMasterModel：：getCodesByGroup() start...
[2026-07-13 06:18:50] [DEBUG] CodeMasterModel：：getCodesByGroup() finish.
[2026-07-13 06:18:50] [DEBUG] ProjectController::getNaviFooterHtml() start...
[2026-07-13 06:18:50] [DEBUG] ProjectController::getNaviFooterHtml() finish.
[2026-07-13 06:18:50] [DEBUG] ProjectController::startProjectNabi() finish.
[2026-07-13 06:18:50] [DEBUG] Screen::updateAreaC() \Develop\Views\AreaC\Area_C.view start...
[2026-07-13 06:18:50] [DEBUG] Screen::getContents() start...
[2026-07-13 06:18:50] [DEBUG] Screen::getContents() finish.
[2026-07-13 06:18:50] [DEBUG] Screen::updateAreaC() finish.
[2026-07-13 06:18:50] [DEBUG] ConsoleController::AreaInitialAction() finish.
[2026-07-13 06:18:50] [DEBUG] Screen::areaView() start...
[2026-07-13 06:18:50] [DEBUG] Screen::areaView() finish.
[2026-07-13 06:18:52] [DEBUG] --- wwProject System Start ---
[2026-07-13 06:18:52] [DEBUG] Router::Router() /jemini/wwProjectV1.37/Develop/Console/ServerBridgeAction/
[2026-07-13 06:18:52] [DEBUG] Attempting to load: \Develop\Controllers\ConsoleController::ServerBridgeAction
[2026-07-13 06:18:52] [DEBUG] Router: Executing \Develop\Controllers\ConsoleController->ServerBridgeAction
[2026-07-13 06:18:52] [DEBUG] ConsoleController::ServerBridge() start...
[2026-07-13 06:18:52] [DEBUG] ConsoleController::ServerBridge() \Develop\Controllers\ProjectController::projectSelectAction()
[2026-07-13 06:18:52] [DEBUG] ProjectController::projectSelectAction() start...
[2026-07-13 06:18:52] [DEBUG] ProjectController::projectSelectAction() ☆★☆　SampleProject１
[2026-07-13 06:18:52] [DEBUG] Screen::updateAreaB() path: \Develop\Views\AreaB\Area_B.view start...
[2026-07-13 06:18:52] [DEBUG] Screen::getContents() start...
[2026-07-13 06:18:52] [DEBUG] Screen::getContents() finish.
[2026-07-13 06:18:52] [DEBUG] Screen::updateAreaB() finish.
[2026-07-13 06:18:52] [DEBUG] ProjectController::projectSelectAction() PRJ-D45FEF : PRJ-D45FEF
[2026-07-13 06:18:52] [DEBUG] ProjectController::getProjectListHtml() start...
[2026-07-13 06:18:52] [DEBUG] ProjectModel::getProjectList() start...
[2026-07-13 06:18:52] [DEBUG] ProjectModel::getProjectList() finish.
[2026-07-13 06:18:52] [DEBUG] CodeMasterModel：：getCodesByGroup() start...
[2026-07-13 06:18:52] [DEBUG] CodeMasterModel：：getCodesByGroup() finish.
[2026-07-13 06:18:52] [DEBUG] ProjectController::getNaviFooterHtml() start...
[2026-07-13 06:18:52] [DEBUG] ProjectController::getNaviFooterHtml() finish.
[2026-07-13 06:18:52] [DEBUG] Screen::updateAreaC() \Develop\Views\AreaC\Area_C.view start...
[2026-07-13 06:18:52] [DEBUG] Screen::getContents() start...
[2026-07-13 06:18:52] [DEBUG] Screen::getContents() finish.
[2026-07-13 06:18:52] [DEBUG] Screen::updateAreaC() finish.
[2026-07-13 06:18:52] [DEBUG] Screen::updateAreaD() path: \Develop\Views\AreaD\Area_D_clear.view start...
[2026-07-13 06:18:52] [DEBUG] Screen::getContents() start...
[2026-07-13 06:18:52] [DEBUG] Screen::getContents() finish.
[2026-07-13 06:18:52] [DEBUG] Screen::updateAreaD() finish.
[2026-07-13 06:18:52] [DEBUG] Screen::updateAreaE() [iframe起動版] path: \Develop\Views\AreaE\Area_E_clear.view start...
[2026-07-13 06:18:52] [DEBUG] Screen::getContents() start...
[2026-07-13 06:18:52] [DEBUG] Screen::getContents() finish.
[2026-07-13 06:18:52] [DEBUG] Screen::updateAreaE() finish.
[2026-07-13 06:18:52] [DEBUG] ProjectController::projectSelectAction() finish.
[2026-07-13 06:18:52] [DEBUG] Screen::areaView() start...
[2026-07-13 06:18:52] [DEBUG] Screen::areaView() finish.
[2026-07-13 06:18:54] [DEBUG] --- wwProject System Start ---
[2026-07-13 06:18:54] [DEBUG] Router::Router() /jemini/wwProjectV1.37/Develop/Console/ServerBridgeAction/
[2026-07-13 06:18:54] [DEBUG] Attempting to load: \Develop\Controllers\ConsoleController::ServerBridgeAction
[2026-07-13 06:18:54] [DEBUG] Router: Executing \Develop\Controllers\ConsoleController->ServerBridgeAction
[2026-07-13 06:18:54] [DEBUG] ConsoleController::ServerBridge() start...
[2026-07-13 06:18:54] [DEBUG] ConsoleController::ServerBridge() \Develop\Controllers\DBDefinitionController::initialAction()
[2026-07-13 06:18:54] [DEBUG] DBDefinitionController::initialAction() start...
[2026-07-13 06:18:54] [DEBUG] DBDefinitionModel::getTableList() start...
[2026-07-13 06:18:54] [DEBUG] DBDefinitionModel::getTableList() finish. 取得件数: 5
[2026-07-13 06:18:54] [DEBUG] Screen::updateAreaD() path: \Develop\Views\AreaD\DBDefinition\DBDefinitionList.view start...
[2026-07-13 06:18:54] [DEBUG] Screen::getContents() start...
[2026-07-13 06:18:54] [DEBUG] Screen::getContents() finish.
[2026-07-13 06:18:54] [DEBUG] Screen::updateAreaD() finish.
[2026-07-13 06:18:54] [DEBUG] Screen::updateAreaE() [iframe起動版] path: \Develop\Views\AreaE\Area_E_clear.view start...
[2026-07-13 06:18:54] [DEBUG] Screen::getContents() start...
[2026-07-13 06:18:54] [DEBUG] Screen::getContents() finish.
[2026-07-13 06:18:54] [DEBUG] Screen::updateAreaE() finish.
[2026-07-13 06:18:54] [DEBUG] DBDefinitionController::initialAction() end.
[2026-07-13 06:18:54] [DEBUG] Screen::areaView() start...
[2026-07-13 06:18:54] [DEBUG] Screen::areaView() finish.
[2026-07-13 06:18:55] [DEBUG] --- wwProject System Start ---
[2026-07-13 06:18:55] [DEBUG] Router::Router() /jemini/wwProjectV1.37/Develop/Console/ServerBridgeAction/
[2026-07-13 06:18:55] [DEBUG] Attempting to load: \Develop\Controllers\ConsoleController::ServerBridgeAction
[2026-07-13 06:18:55] [DEBUG] Router: Executing \Develop\Controllers\ConsoleController->ServerBridgeAction
[2026-07-13 06:18:55] [DEBUG] ConsoleController::ServerBridge() start...
[2026-07-13 06:18:55] [DEBUG] ConsoleController::ServerBridge() \Develop\Controllers\DBDefinitionController::editTableAction()
[2026-07-13 06:18:55] [DEBUG] DBDefinitionController::editTableAction() start...
[2026-07-13 06:18:55] [DEBUG] DBDefinitionModel::getTableInfo() start... [Table: ApplicantAndParticipant]
[2026-07-13 06:18:55] [DEBUG] DBDefinitionModel::getSavedColumns() start... [TableID: 16]
[2026-07-13 06:18:55] [DEBUG] DBDefinitionModel::getTableList() start...
[2026-07-13 06:18:55] [DEBUG] DBDefinitionModel::getTableList() finish. 取得件数: 5
[2026-07-13 06:18:55] [DEBUG] DBDefinitionModel::getSavedColumns() start... [TableID: 16]
[2026-07-13 06:18:55] [DEBUG] DBDefinitionModel::getSavedColumns() start... [TableID: 13]
[2026-07-13 06:18:55] [DEBUG] DBDefinitionModel::getSavedColumns() start... [TableID: 14]
[2026-07-13 06:18:55] [DEBUG] DBDefinitionModel::getSavedColumns() start... [TableID: 12]
[2026-07-13 06:18:55] [DEBUG] DBDefinitionModel::getSavedColumns() start... [TableID: 15]
[2026-07-13 06:18:55] [DEBUG] Screen::updateAreaE() [iframe起動版] path: \Develop\Views\AreaE\DBDefinition\RegistTable.view start...
[2026-07-13 06:18:55] [DEBUG] Screen::getContents() start...
[2026-07-13 06:18:55] [DEBUG] Screen::getContents() finish.
[2026-07-13 06:18:55] [DEBUG] Screen::updateAreaE() finish.
[2026-07-13 06:18:55] [DEBUG] DBDefinitionController::editTableAction() finish.
[2026-07-13 06:18:55] [DEBUG] Screen::areaView() start...
[2026-07-13 06:18:55] [DEBUG] Screen::areaView() finish.
[2026-07-13 12:38:20] [DEBUG] --- wwProject System Start ---
[2026-07-13 12:38:20] [DEBUG] Router::Router() /jemini/wwProjectV1.37/Develop/
[2026-07-13 12:38:20] [DEBUG] Attempting to load: \Develop\Controllers\LoginController::initialAction
[2026-07-13 12:38:20] [DEBUG] Router: Executing \Develop\Controllers\LoginController->initialAction
[2026-07-13 12:38:20] [DEBUG] Login::initialAction() start...
[2026-07-13 12:38:20] [DEBUG] Login::initialAction() errorMessage : 
[2026-07-13 12:38:20] [DEBUG] Screen::view() path: \Develop\Views\Login\Login.view start...
[2026-07-13 12:38:20] [DEBUG] Screen::getContents() start...
[2026-07-13 12:38:20] [DEBUG] Screen::getContents() finish.
[2026-07-13 12:38:20] [DEBUG] Screen::view() path: \Develop\Views\Login\Login.view finish.
[2026-07-13 12:38:20] [DEBUG] Login::initialAction() finish.
[2026-07-13 12:38:25] [DEBUG] --- wwProject System Start ---
[2026-07-13 12:38:25] [DEBUG] Router::Router() /jemini/wwProjectV1.37/Develop/Login/authentication/
[2026-07-13 12:38:25] [DEBUG] Attempting to load: \Develop\Controllers\LoginController::authenticationAction
[2026-07-13 12:38:25] [DEBUG] Router: Executing \Develop\Controllers\LoginController->authenticationAction
[2026-07-13 12:38:25] [DEBUG] Login::AuthenticationAction() start...
[2026-07-13 12:38:25] [DEBUG] Login OK - x
[2026-07-13 12:38:25] [DEBUG] Session::start()
[2026-07-13 12:38:25] [DEBUG] Redirect to Console::initialAction()
[2026-07-13 12:38:25] [DEBUG] --- wwProject System Start ---
[2026-07-13 12:38:25] [DEBUG] Router::Router() /jemini/wwProjectV1.37/Develop/Console/initial/
[2026-07-13 12:38:25] [DEBUG] Attempting to load: \Develop\Controllers\ConsoleController::initialAction
[2026-07-13 12:38:25] [DEBUG] Router: Executing \Develop\Controllers\ConsoleController->initialAction
[2026-07-13 12:38:25] [DEBUG] Console::initialAction() start...
[2026-07-13 12:38:25] [DEBUG] Screen::view() path: \Develop\Views\Console\Console.view start...
[2026-07-13 12:38:25] [DEBUG] Screen::getContents() start...
[2026-07-13 12:38:25] [DEBUG] Screen::getContents() finish.
[2026-07-13 12:38:25] [DEBUG] Screen::view() path: \Develop\Views\Console\Console.view finish.
[2026-07-13 12:38:25] [DEBUG] ConsoleController::initialAction() finish.
[2026-07-13 12:38:25] [DEBUG] --- wwProject System Start ---
[2026-07-13 12:38:25] [DEBUG] Router::Router() /jemini/wwProjectV1.37/Develop/Console/ServerBridgeAction/
[2026-07-13 12:38:25] [DEBUG] Attempting to load: \Develop\Controllers\ConsoleController::ServerBridgeAction
[2026-07-13 12:38:25] [DEBUG] Router: Executing \Develop\Controllers\ConsoleController->ServerBridgeAction
[2026-07-13 12:38:25] [DEBUG] ConsoleController::ServerBridge() start...
[2026-07-13 12:38:25] [DEBUG] ConsoleController::ServerBridge() \Develop\Controllers\ConsoleController::areaInitialAction()
[2026-07-13 12:38:25] [DEBUG] ConsoleController::AreaInitialAction() start...
[2026-07-13 12:38:25] [DEBUG] Screen::updateAreaA() path: \Develop\Views\AreaA\Area_A.view start...
[2026-07-13 12:38:25] [DEBUG] Screen::areaView() sending JSON: ["areas"]
[2026-07-13 12:38:25] [DEBUG] Screen::getContents() start...
[2026-07-13 12:38:25] [DEBUG] Screen::getContents() finish.
[2026-07-13 12:38:25] [DEBUG] Screen::updateAreaA() finish.
[2026-07-13 12:38:25] [DEBUG] Screen::updateAreaB() path: \Develop\Views\AreaB\Area_B.view start...
[2026-07-13 12:38:25] [DEBUG] Screen::getContents() start...
[2026-07-13 12:38:25] [DEBUG] Screen::getContents() finish.
[2026-07-13 12:38:25] [DEBUG] Screen::updateAreaB() finish.
[2026-07-13 12:38:25] [DEBUG] Screen::updateAreaD() path: \Develop\Views\AreaD\Area_D_clear.view start...
[2026-07-13 12:38:25] [DEBUG] Screen::getContents() start...
[2026-07-13 12:38:25] [DEBUG] Screen::getContents() finish.
[2026-07-13 12:38:25] [DEBUG] Screen::updateAreaD() finish.
[2026-07-13 12:38:25] [DEBUG] Screen::updateAreaE() [iframe起動版] path: \Develop\Views\AreaE\Area_E_clear.view start...
[2026-07-13 12:38:25] [DEBUG] Screen::getContents() start...
[2026-07-13 12:38:25] [DEBUG] Screen::getContents() finish.
[2026-07-13 12:38:25] [DEBUG] Screen::updateAreaE() finish.
[2026-07-13 12:38:25] [DEBUG] Screen::updateAreaF() path: \Develop\Views\AreaF\Area_F.view start...
[2026-07-13 12:38:25] [DEBUG] Screen::getContents() start...
[2026-07-13 12:38:25] [DEBUG] Screen::getContents() finish.
[2026-07-13 12:38:25] [DEBUG] Screen::updateAreaF() finish.
[2026-07-13 12:38:25] [DEBUG] ProjectController::startProjectNabi() start...
[2026-07-13 12:38:25] [DEBUG] ProjectController::getProjectListHtml() start...
[2026-07-13 12:38:25] [DEBUG] ProjectModel::getProjectList() start...
[2026-07-13 12:38:25] [DEBUG] ProjectModel::getProjectList() finish.
[2026-07-13 12:38:25] [DEBUG] CodeMasterModel：：getCodesByGroup() start...
[2026-07-13 12:38:25] [DEBUG] CodeMasterModel：：getCodesByGroup() finish.
[2026-07-13 12:38:25] [DEBUG] ProjectController::getNaviFooterHtml() start...
[2026-07-13 12:38:25] [DEBUG] ProjectController::getNaviFooterHtml() finish.
[2026-07-13 12:38:25] [DEBUG] ProjectController::startProjectNabi() finish.
[2026-07-13 12:38:25] [DEBUG] Screen::updateAreaC() \Develop\Views\AreaC\Area_C.view start...
[2026-07-13 12:38:25] [DEBUG] Screen::getContents() start...
[2026-07-13 12:38:25] [DEBUG] Screen::getContents() finish.
[2026-07-13 12:38:25] [DEBUG] Screen::updateAreaC() finish.
[2026-07-13 12:38:25] [DEBUG] ConsoleController::AreaInitialAction() finish.
[2026-07-13 12:38:25] [DEBUG] Screen::areaView() start...
[2026-07-13 12:38:25] [DEBUG] Screen::areaView() finish.
[2026-07-13 12:38:27] [DEBUG] --- wwProject System Start ---
[2026-07-13 12:38:27] [DEBUG] Router::Router() /jemini/wwProjectV1.37/Develop/Console/ServerBridgeAction/
[2026-07-13 12:38:27] [DEBUG] Attempting to load: \Develop\Controllers\ConsoleController::ServerBridgeAction
[2026-07-13 12:38:27] [DEBUG] Router: Executing \Develop\Controllers\ConsoleController->ServerBridgeAction
[2026-07-13 12:38:27] [DEBUG] ConsoleController::ServerBridge() start...
[2026-07-13 12:38:27] [DEBUG] ConsoleController::ServerBridge() \Develop\Controllers\ProjectController::projectSelectAction()
[2026-07-13 12:38:27] [DEBUG] ProjectController::projectSelectAction() start...
[2026-07-13 12:38:27] [DEBUG] ProjectController::projectSelectAction() ☆★☆　SampleProject１
[2026-07-13 12:38:27] [DEBUG] Screen::updateAreaB() path: \Develop\Views\AreaB\Area_B.view start...
[2026-07-13 12:38:27] [DEBUG] Screen::getContents() start...
[2026-07-13 12:38:27] [DEBUG] Screen::getContents() finish.
[2026-07-13 12:38:27] [DEBUG] Screen::updateAreaB() finish.
[2026-07-13 12:38:27] [DEBUG] ProjectController::projectSelectAction() PRJ-D45FEF : PRJ-D45FEF
[2026-07-13 12:38:27] [DEBUG] ProjectController::getProjectListHtml() start...
[2026-07-13 12:38:27] [DEBUG] ProjectModel::getProjectList() start...
[2026-07-13 12:38:27] [DEBUG] ProjectModel::getProjectList() finish.
[2026-07-13 12:38:27] [DEBUG] CodeMasterModel：：getCodesByGroup() start...
[2026-07-13 12:38:27] [DEBUG] CodeMasterModel：：getCodesByGroup() finish.
[2026-07-13 12:38:27] [DEBUG] ProjectController::getNaviFooterHtml() start...
[2026-07-13 12:38:27] [DEBUG] ProjectController::getNaviFooterHtml() finish.
[2026-07-13 12:38:27] [DEBUG] Screen::updateAreaC() \Develop\Views\AreaC\Area_C.view start...
[2026-07-13 12:38:27] [DEBUG] Screen::getContents() start...
[2026-07-13 12:38:27] [DEBUG] Screen::getContents() finish.
[2026-07-13 12:38:27] [DEBUG] Screen::updateAreaC() finish.
[2026-07-13 12:38:27] [DEBUG] Screen::updateAreaD() path: \Develop\Views\AreaD\Area_D_clear.view start...
[2026-07-13 12:38:27] [DEBUG] Screen::getContents() start...
[2026-07-13 12:38:27] [DEBUG] Screen::getContents() finish.
[2026-07-13 12:38:27] [DEBUG] Screen::updateAreaD() finish.
[2026-07-13 12:38:27] [DEBUG] Screen::updateAreaE() [iframe起動版] path: \Develop\Views\AreaE\Area_E_clear.view start...
[2026-07-13 12:38:27] [DEBUG] Screen::getContents() start...
[2026-07-13 12:38:27] [DEBUG] Screen::getContents() finish.
[2026-07-13 12:38:27] [DEBUG] Screen::updateAreaE() finish.
[2026-07-13 12:38:27] [DEBUG] ProjectController::projectSelectAction() finish.
[2026-07-13 12:38:27] [DEBUG] Screen::areaView() start...
[2026-07-13 12:38:27] [DEBUG] Screen::areaView() finish.
[2026-07-13 12:38:28] [DEBUG] --- wwProject System Start ---
[2026-07-13 12:38:28] [DEBUG] Router::Router() /jemini/wwProjectV1.37/Develop/Console/ServerBridgeAction/
[2026-07-13 12:38:28] [DEBUG] Attempting to load: \Develop\Controllers\ConsoleController::ServerBridgeAction
[2026-07-13 12:38:28] [DEBUG] Router: Executing \Develop\Controllers\ConsoleController->ServerBridgeAction
[2026-07-13 12:38:28] [DEBUG] ConsoleController::ServerBridge() start...
[2026-07-13 12:38:28] [DEBUG] ConsoleController::ServerBridge() \Develop\Controllers\DBDefinitionController::initialAction()
[2026-07-13 12:38:28] [DEBUG] DBDefinitionController::initialAction() start...
[2026-07-13 12:38:28] [DEBUG] DBDefinitionModel::getTableList() start...
[2026-07-13 12:38:28] [DEBUG] DBDefinitionModel::getTableList() finish. 取得件数: 5
[2026-07-13 12:38:28] [DEBUG] Screen::updateAreaD() path: \Develop\Views\AreaD\DBDefinition\DBDefinitionList.view start...
[2026-07-13 12:38:28] [DEBUG] Screen::getContents() start...
[2026-07-13 12:38:28] [DEBUG] Screen::getContents() finish.
[2026-07-13 12:38:28] [DEBUG] Screen::updateAreaD() finish.
[2026-07-13 12:38:28] [DEBUG] Screen::updateAreaE() [iframe起動版] path: \Develop\Views\AreaE\Area_E_clear.view start...
[2026-07-13 12:38:28] [DEBUG] Screen::getContents() start...
[2026-07-13 12:38:28] [DEBUG] Screen::getContents() finish.
[2026-07-13 12:38:28] [DEBUG] Screen::updateAreaE() finish.
[2026-07-13 12:38:28] [DEBUG] DBDefinitionController::initialAction() end.
[2026-07-13 12:38:28] [DEBUG] Screen::areaView() start...
[2026-07-13 12:38:28] [DEBUG] Screen::areaView() finish.
[2026-07-13 12:38:29] [DEBUG] --- wwProject System Start ---
[2026-07-13 12:38:29] [DEBUG] Router::Router() /jemini/wwProjectV1.37/Develop/Console/ServerBridgeAction/
[2026-07-13 12:38:29] [DEBUG] Attempting to load: \Develop\Controllers\ConsoleController::ServerBridgeAction
[2026-07-13 12:38:29] [DEBUG] Router: Executing \Develop\Controllers\ConsoleController->ServerBridgeAction
[2026-07-13 12:38:29] [DEBUG] ConsoleController::ServerBridge() start...
[2026-07-13 12:38:29] [DEBUG] ConsoleController::ServerBridge() \Develop\Controllers\DBDefinitionController::editTableAction()
[2026-07-13 12:38:29] [DEBUG] DBDefinitionController::editTableAction() start...
[2026-07-13 12:38:29] [DEBUG] DBDefinitionModel::getTableInfo() start... [Table: ApplicantAndParticipant]
[2026-07-13 12:38:29] [DEBUG] DBDefinitionModel::getSavedColumns() start... [TableID: 16]
[2026-07-13 12:38:29] [DEBUG] DBDefinitionModel::getTableList() start...
[2026-07-13 12:38:29] [DEBUG] DBDefinitionModel::getTableList() finish. 取得件数: 5
[2026-07-13 12:38:29] [DEBUG] DBDefinitionModel::getSavedColumns() start... [TableID: 16]
[2026-07-13 12:38:29] [DEBUG] DBDefinitionModel::getSavedColumns() start... [TableID: 13]
[2026-07-13 12:38:29] [DEBUG] DBDefinitionModel::getSavedColumns() start... [TableID: 14]
[2026-07-13 12:38:29] [DEBUG] DBDefinitionModel::getSavedColumns() start... [TableID: 12]
[2026-07-13 12:38:29] [DEBUG] DBDefinitionModel::getSavedColumns() start... [TableID: 15]
[2026-07-13 12:38:29] [DEBUG] Screen::updateAreaE() [iframe起動版] path: \Develop\Views\AreaE\DBDefinition\RegistTable.view start...
[2026-07-13 12:38:29] [DEBUG] Screen::getContents() start...
[2026-07-13 12:38:29] [DEBUG] Screen::getContents() finish.
[2026-07-13 12:38:29] [DEBUG] Screen::updateAreaE() finish.
[2026-07-13 12:38:29] [DEBUG] DBDefinitionController::editTableAction() finish.
[2026-07-13 12:38:29] [DEBUG] Screen::areaView() start...
[2026-07-13 12:38:29] [DEBUG] Screen::areaView() finish.
[2026-07-13 16:35:42] [DEBUG] --- wwProject System Start ---
[2026-07-13 16:35:42] [DEBUG] Router::Router() /jemini/wwProjectV1.37/Develop/Console/initial/
[2026-07-13 16:35:42] [DEBUG] Attempting to load: \Develop\Controllers\ConsoleController::initialAction
[2026-07-13 16:35:42] [DEBUG] Router: Executing \Develop\Controllers\ConsoleController->initialAction
[2026-07-13 16:35:42] [DEBUG] Console::initialAction() start...
[2026-07-13 16:35:42] [DEBUG] Screen::view() path: \Develop\Views\Console\Console.view start...
[2026-07-13 16:35:42] [DEBUG] Screen::getContents() start...
[2026-07-13 16:35:42] [DEBUG] Screen::getContents() finish.
[2026-07-13 16:35:42] [DEBUG] Screen::view() path: \Develop\Views\Console\Console.view finish.
[2026-07-13 16:35:42] [DEBUG] ConsoleController::initialAction() finish.
[2026-07-13 16:35:43] [DEBUG] --- wwProject System Start ---
[2026-07-13 16:35:43] [DEBUG] Router::Router() /jemini/wwProjectV1.37/Develop/Console/ServerBridgeAction/
[2026-07-13 16:35:43] [DEBUG] Attempting to load: \Develop\Controllers\ConsoleController::ServerBridgeAction
[2026-07-13 16:35:43] [DEBUG] Router: Executing \Develop\Controllers\ConsoleController->ServerBridgeAction
[2026-07-13 16:35:43] [DEBUG] ConsoleController::ServerBridge() start...
[2026-07-13 16:35:43] [DEBUG] ConsoleController::ServerBridge() \Develop\Controllers\ConsoleController::areaInitialAction()
[2026-07-13 16:35:43] [DEBUG] ConsoleController::AreaInitialAction() start...
[2026-07-13 16:35:43] [DEBUG] Screen::updateAreaA() path: \Develop\Views\AreaA\Area_A.view start...
[2026-07-13 16:35:43] [DEBUG] Screen::areaView() sending JSON: ["areas"]
[2026-07-13 16:35:43] [DEBUG] Screen::getContents() start...
[2026-07-13 16:35:43] [DEBUG] Screen::getContents() finish.
[2026-07-13 16:35:43] [DEBUG] Screen::updateAreaA() finish.
[2026-07-13 16:35:43] [DEBUG] Screen::updateAreaB() path: \Develop\Views\AreaB\Area_B.view start...
[2026-07-13 16:35:43] [DEBUG] Screen::getContents() start...
[2026-07-13 16:35:43] [DEBUG] Screen::getContents() finish.
[2026-07-13 16:35:43] [DEBUG] Screen::updateAreaB() finish.
[2026-07-13 16:35:43] [DEBUG] Screen::updateAreaD() path: \Develop\Views\AreaD\Area_D_clear.view start...
[2026-07-13 16:35:43] [DEBUG] Screen::getContents() start...
[2026-07-13 16:35:43] [DEBUG] Screen::getContents() finish.
[2026-07-13 16:35:43] [DEBUG] Screen::updateAreaD() finish.
[2026-07-13 16:35:43] [DEBUG] Screen::updateAreaE() [iframe起動版] path: \Develop\Views\AreaE\Area_E_clear.view start...
[2026-07-13 16:35:43] [DEBUG] Screen::getContents() start...
[2026-07-13 16:35:43] [DEBUG] Screen::getContents() finish.
[2026-07-13 16:35:43] [DEBUG] Screen::updateAreaE() finish.
[2026-07-13 16:35:43] [DEBUG] Screen::updateAreaF() path: \Develop\Views\AreaF\Area_F.view start...
[2026-07-13 16:35:43] [DEBUG] Screen::getContents() start...
[2026-07-13 16:35:43] [DEBUG] Screen::getContents() finish.
[2026-07-13 16:35:43] [DEBUG] Screen::updateAreaF() finish.
[2026-07-13 16:35:43] [DEBUG] ProjectController::startProjectNabi() start...
[2026-07-13 16:35:43] [DEBUG] ProjectController::getProjectListHtml() start...
[2026-07-13 16:35:43] [DEBUG] ProjectModel::getProjectList() start...
[2026-07-13 16:35:43] [DEBUG] ProjectModel::getProjectList() finish.
[2026-07-13 16:35:43] [DEBUG] CodeMasterModel：：getCodesByGroup() start...
[2026-07-13 16:35:43] [DEBUG] CodeMasterModel：：getCodesByGroup() finish.
[2026-07-13 16:35:43] [DEBUG] ProjectController::getNaviFooterHtml() start...
[2026-07-13 16:35:43] [DEBUG] ProjectController::getNaviFooterHtml() finish.
[2026-07-13 16:35:43] [DEBUG] ProjectController::startProjectNabi() finish.
[2026-07-13 16:35:43] [DEBUG] Screen::updateAreaC() \Develop\Views\AreaC\Area_C.view start...
[2026-07-13 16:35:43] [DEBUG] Screen::getContents() start...
[2026-07-13 16:35:43] [DEBUG] Screen::getContents() finish.
[2026-07-13 16:35:43] [DEBUG] Screen::updateAreaC() finish.
[2026-07-13 16:35:43] [DEBUG] ConsoleController::AreaInitialAction() finish.
[2026-07-13 16:35:43] [DEBUG] Screen::areaView() start...
[2026-07-13 16:35:43] [DEBUG] Screen::areaView() finish.
[2026-07-13 19:51:06] [DEBUG] --- wwProject System Start ---
[2026-07-13 19:51:06] [DEBUG] Router::Router() /jemini/wwProjectV1.37/Develop/Console/ServerBridgeAction/
[2026-07-13 19:51:06] [DEBUG] Attempting to load: \Develop\Controllers\ConsoleController::ServerBridgeAction
[2026-07-13 19:51:06] [DEBUG] Router: Executing \Develop\Controllers\ConsoleController->ServerBridgeAction
[2026-07-13 19:51:06] [DEBUG] ConsoleController::ServerBridge() start...
[2026-07-13 19:51:06] [DEBUG] ConsoleController::ServerBridge() \Develop\Controllers\DBDefinitionController::initialAction()
[2026-07-13 19:51:06] [DEBUG] DBDefinitionController::initialAction() start...
[2026-07-13 19:51:06] [DEBUG] DBDefinitionModel::getTableList() start...
[2026-07-13 19:51:06] [DEBUG] DBDefinitionModel::getTableList() finish. 取得件数: 5
[2026-07-13 19:51:06] [DEBUG] Screen::updateAreaD() path: \Develop\Views\AreaD\DBDefinition\DBDefinitionList.view start...
[2026-07-13 19:51:06] [DEBUG] Screen::getContents() start...
[2026-07-13 19:51:06] [DEBUG] Screen::getContents() finish.
[2026-07-13 19:51:06] [DEBUG] Screen::updateAreaD() finish.
[2026-07-13 19:51:06] [DEBUG] Screen::updateAreaE() [iframe起動版] path: \Develop\Views\AreaE\Area_E_clear.view start...
[2026-07-13 19:51:06] [DEBUG] Screen::getContents() start...
[2026-07-13 19:51:06] [DEBUG] Screen::getContents() finish.
[2026-07-13 19:51:06] [DEBUG] Screen::updateAreaE() finish.
[2026-07-13 19:51:06] [DEBUG] DBDefinitionController::initialAction() end.
[2026-07-13 19:51:06] [DEBUG] Screen::areaView() start...
[2026-07-13 19:51:06] [DEBUG] Screen::areaView() finish.
[2026-07-13 19:51:07] [DEBUG] --- wwProject System Start ---
[2026-07-13 19:51:07] [DEBUG] Router::Router() /jemini/wwProjectV1.37/Develop/Console/ServerBridgeAction/
[2026-07-13 19:51:07] [DEBUG] Attempting to load: \Develop\Controllers\ConsoleController::ServerBridgeAction
[2026-07-13 19:51:07] [DEBUG] Router: Executing \Develop\Controllers\ConsoleController->ServerBridgeAction
[2026-07-13 19:51:07] [DEBUG] ConsoleController::ServerBridge() start...
[2026-07-13 19:51:07] [DEBUG] ConsoleController::ServerBridge() \Develop\Controllers\DBDefinitionController::editTableAction()
[2026-07-13 19:51:07] [DEBUG] DBDefinitionController::editTableAction() start...
[2026-07-13 19:51:07] [DEBUG] DBDefinitionModel::getTableInfo() start... [Table: ApplicantAndParticipant]
[2026-07-13 19:51:07] [DEBUG] DBDefinitionModel::getSavedColumns() start... [TableID: 16]
[2026-07-13 19:51:07] [DEBUG] DBDefinitionModel::getTableList() start...
[2026-07-13 19:51:07] [DEBUG] DBDefinitionModel::getTableList() finish. 取得件数: 5
[2026-07-13 19:51:07] [DEBUG] DBDefinitionModel::getSavedColumns() start... [TableID: 16]
[2026-07-13 19:51:07] [DEBUG] DBDefinitionModel::getSavedColumns() start... [TableID: 13]
[2026-07-13 19:51:07] [DEBUG] DBDefinitionModel::getSavedColumns() start... [TableID: 14]
[2026-07-13 19:51:07] [DEBUG] DBDefinitionModel::getSavedColumns() start... [TableID: 12]
[2026-07-13 19:51:07] [DEBUG] DBDefinitionModel::getSavedColumns() start... [TableID: 15]
[2026-07-13 19:51:07] [DEBUG] Screen::updateAreaE() [iframe起動版] path: \Develop\Views\AreaE\DBDefinition\RegistTable.view start...
[2026-07-13 19:51:07] [DEBUG] Screen::getContents() start...
[2026-07-13 19:51:08] [DEBUG] Screen::getContents() finish.
[2026-07-13 19:51:08] [DEBUG] Screen::updateAreaE() finish.
[2026-07-13 19:51:08] [DEBUG] DBDefinitionController::editTableAction() finish.
[2026-07-13 19:51:08] [DEBUG] Screen::areaView() start...
[2026-07-13 19:51:08] [DEBUG] Screen::areaView() finish.
[2026-07-13 19:51:33] [DEBUG] --- wwProject System Start ---
[2026-07-13 19:51:33] [DEBUG] Router::Router() /jemini/wwProjectV1.37/Develop/Console/ServerBridgeAction/
[2026-07-13 19:51:33] [DEBUG] Attempting to load: \Develop\Controllers\ConsoleController::ServerBridgeAction
[2026-07-13 19:51:33] [DEBUG] Router: Executing \Develop\Controllers\ConsoleController->ServerBridgeAction
[2026-07-13 19:51:33] [DEBUG] ConsoleController::ServerBridge() start...
[2026-07-13 19:51:33] [DEBUG] ConsoleController::ServerBridge() \Develop\Controllers\PartsDefinitionController::InitialAction()
[2026-07-13 19:51:33] [DEBUG] DBDefinitionController::initialAction() start...
[2026-07-13 19:51:33] [DEBUG] PartsDefinitionController::initialAction() projectId : PRJ-D45FEF
[2026-07-13 19:51:33] [DEBUG] PartsDefinitionModel::getAllPartsList() start... Project ID: PRJ-D45FEF
[2026-07-13 19:51:33] [DEBUG] Screen::updateAreaD() path: \Develop\Views\AreaD\PartsDefinition\PartsDefinitionList.view start...
[2026-07-13 19:51:33] [DEBUG] Screen::getContents() start...
[2026-07-13 19:51:33] [DEBUG] Screen::getContents() finish.
[2026-07-13 19:51:33] [DEBUG] Screen::updateAreaD() finish.
[2026-07-13 19:51:33] [DEBUG] Screen::updateAreaE() [iframe起動版] path: \Develop\Views\AreaE\Area_E_clear.view start...
[2026-07-13 19:51:33] [DEBUG] Screen::getContents() start...
[2026-07-13 19:51:33] [DEBUG] Screen::getContents() finish.
[2026-07-13 19:51:33] [DEBUG] Screen::updateAreaE() finish.
[2026-07-13 19:51:33] [DEBUG] DBDefinitionController::initialAction() end.
[2026-07-13 19:51:33] [DEBUG] Screen::areaView() start...
[2026-07-13 19:51:33] [DEBUG] Screen::areaView() finish.
[2026-07-13 19:51:35] [DEBUG] --- wwProject System Start ---
[2026-07-13 19:51:35] [DEBUG] Router::Router() /jemini/wwProjectV1.37/Develop/Console/ServerBridgeAction/
[2026-07-13 19:51:35] [DEBUG] Attempting to load: \Develop\Controllers\ConsoleController::ServerBridgeAction
[2026-07-13 19:51:35] [DEBUG] Router: Executing \Develop\Controllers\ConsoleController->ServerBridgeAction
[2026-07-13 19:51:35] [DEBUG] ConsoleController::ServerBridge() start...
[2026-07-13 19:51:35] [DEBUG] ConsoleController::ServerBridge() \Develop\Controllers\PartsDefinitionController::editPartsAction()
[2026-07-13 19:51:35] [DEBUG] PartsDefinitionController::editPartsAction() start...
[2026-07-13 19:51:35] [DEBUG] PartsDefinitionModel::getAllPartsList() start... Project ID: PRJ-D45FEF
[2026-07-13 19:51:35] [DEBUG] PartsDefinitionModel::getColumnsByTableId() start... Input: newDevelopers
[2026-07-13 19:51:35] [DEBUG] 逆引き成功: 物理名 newDevelopers -> table_id : 12
[2026-07-13 19:51:35] [DEBUG] PartsDefinitionModel::getColumnsByTableId() finish. 件数: 9
[2026-07-13 19:51:35] [DEBUG] PartsDefinitionModel::getTableStructure() start... Project ID: PRJ-D45FEF
[2026-07-13 19:51:35] [DEBUG] Screen::updateAreaE() [iframe起動版] path: \Develop\Views\AreaE\PartsDefinition\RegistParts.view start...
[2026-07-13 19:51:35] [DEBUG] Screen::getContents() start...
[2026-07-13 19:51:35] [DEBUG] Screen::getContents() finish.
[2026-07-13 19:51:35] [DEBUG] Screen::updateAreaE() finish.
[2026-07-13 19:51:35] [DEBUG] PartsDefinitionController::editPartsAction() end.
[2026-07-13 19:51:35] [DEBUG] Screen::areaView() start...
[2026-07-13 19:51:35] [DEBUG] Screen::areaView() finish.
[2026-07-13 19:51:41] [DEBUG] --- wwProject System Start ---
[2026-07-13 19:51:41] [DEBUG] Router::Router() /jemini/wwProjectV1.37/Develop/Console/ServerBridgeAction/
[2026-07-13 19:51:41] [DEBUG] Attempting to load: \Develop\Controllers\ConsoleController::ServerBridgeAction
[2026-07-13 19:51:41] [DEBUG] Router: Executing \Develop\Controllers\ConsoleController->ServerBridgeAction
[2026-07-13 19:51:41] [DEBUG] ConsoleController::ServerBridge() start...
[2026-07-13 19:51:41] [DEBUG] ConsoleController::ServerBridge() \Develop\Controllers\PartsDefinitionController::editPartsAction()
[2026-07-13 19:51:41] [DEBUG] PartsDefinitionController::editPartsAction() start...
[2026-07-13 19:51:41] [DEBUG] PartsDefinitionModel::getAllPartsList() start... Project ID: PRJ-D45FEF
[2026-07-13 19:51:41] [DEBUG] PartsDefinitionModel::getColumnsByTableId() start... Input: newDevelopers
[2026-07-13 19:51:41] [DEBUG] 逆引き成功: 物理名 newDevelopers -> table_id : 12
[2026-07-13 19:51:41] [DEBUG] PartsDefinitionModel::getColumnsByTableId() finish. 件数: 9
[2026-07-13 19:51:41] [DEBUG] PartsDefinitionModel::getTableStructure() start... Project ID: PRJ-D45FEF
[2026-07-13 19:51:41] [DEBUG] Screen::updateAreaE() [iframe起動版] path: \Develop\Views\AreaE\PartsDefinition\RegistParts.view start...
[2026-07-13 19:51:41] [DEBUG] Screen::getContents() start...
[2026-07-13 19:51:41] [DEBUG] Screen::getContents() finish.
[2026-07-13 19:51:41] [DEBUG] Screen::updateAreaE() finish.
[2026-07-13 19:51:41] [DEBUG] PartsDefinitionController::editPartsAction() end.
[2026-07-13 19:51:41] [DEBUG] Screen::areaView() start...
[2026-07-13 19:51:41] [DEBUG] Screen::areaView() finish.
[2026-07-13 19:51:46] [DEBUG] --- wwProject System Start ---
[2026-07-13 19:51:46] [DEBUG] Router::Router() /jemini/wwProjectV1.37/Develop/Console/ServerBridgeAction/
[2026-07-13 19:51:46] [DEBUG] Attempting to load: \Develop\Controllers\ConsoleController::ServerBridgeAction
[2026-07-13 19:51:46] [DEBUG] Router: Executing \Develop\Controllers\ConsoleController->ServerBridgeAction
[2026-07-13 19:51:46] [DEBUG] ConsoleController::ServerBridge() start...
[2026-07-13 19:51:46] [DEBUG] ConsoleController::ServerBridge() \Develop\Controllers\PartsDefinitionController::getColumnsAction()
[2026-07-13 19:51:46] [DEBUG] PartsDefinitionController::getColumnsAction() start...
[2026-07-13 19:51:46] [DEBUG] PartsDefinitionModel::getColumnsByTableId() start... Input: ApplicantAndParticipant
[2026-07-13 19:51:46] [DEBUG] 逆引き成功: 物理名 ApplicantAndParticipant -> table_id : 16
[2026-07-13 19:51:46] [DEBUG] PartsDefinitionModel::getColumnsByTableId() finish. 件数: 9
[2026-07-13 19:51:46] [DEBUG] PartsDefinitionModel::getTableStructure() start... Project ID: PRJ-D45FEF
[2026-07-13 19:51:46] [DEBUG] Screen::updateAreaE() [iframe起動版] path: \Develop\Views\AreaE\PartsDefinition\RegistParts.view start...
[2026-07-13 19:51:46] [DEBUG] Screen::getContents() start...
[2026-07-13 19:51:46] [DEBUG] Screen::getContents() finish.
[2026-07-13 19:51:46] [DEBUG] Screen::updateAreaE() finish.
[2026-07-13 19:51:46] [DEBUG] PartsDefinitionController::getColumnsAction() end.
[2026-07-13 19:51:46] [DEBUG] Screen::areaView() start...
[2026-07-13 19:51:46] [DEBUG] Screen::areaView() finish.
[2026-07-13 19:51:51] [DEBUG] --- wwProject System Start ---
[2026-07-13 19:51:51] [DEBUG] Router::Router() /jemini/wwProjectV1.37/Develop/Console/ServerBridgeAction/
[2026-07-13 19:51:51] [DEBUG] Attempting to load: \Develop\Controllers\ConsoleController::ServerBridgeAction
[2026-07-13 19:51:51] [DEBUG] Router: Executing \Develop\Controllers\ConsoleController->ServerBridgeAction
[2026-07-13 19:51:51] [DEBUG] ConsoleController::ServerBridge() start...
[2026-07-13 19:51:51] [DEBUG] ConsoleController::ServerBridge() \Develop\Controllers\PartsDefinitionController::editPartsAction()
[2026-07-13 19:51:51] [DEBUG] PartsDefinitionController::editPartsAction() start...
[2026-07-13 19:51:51] [DEBUG] PartsDefinitionModel::getAllPartsList() start... Project ID: PRJ-D45FEF
[2026-07-13 19:51:51] [DEBUG] PartsDefinitionModel::getTableStructure() start... Project ID: PRJ-D45FEF
[2026-07-13 19:51:51] [DEBUG] Screen::updateAreaE() [iframe起動版] path: \Develop\Views\AreaE\PartsDefinition\RegistParts.view start...
[2026-07-13 19:51:51] [DEBUG] Screen::getContents() start...
[2026-07-13 19:51:51] [DEBUG] Screen::getContents() finish.
[2026-07-13 19:51:51] [DEBUG] Screen::updateAreaE() finish.
[2026-07-13 19:51:51] [DEBUG] PartsDefinitionController::editPartsAction() end.
[2026-07-13 19:51:51] [DEBUG] Screen::areaView() start...
[2026-07-13 19:51:51] [DEBUG] Screen::areaView() finish.
[2026-07-13 19:51:59] [DEBUG] --- wwProject System Start ---
[2026-07-13 19:51:59] [DEBUG] Router::Router() /jemini/wwProjectV1.37/Develop/Console/ServerBridgeAction/
[2026-07-13 19:51:59] [DEBUG] Attempting to load: \Develop\Controllers\ConsoleController::ServerBridgeAction
[2026-07-13 19:51:59] [DEBUG] Router: Executing \Develop\Controllers\ConsoleController->ServerBridgeAction
[2026-07-13 19:51:59] [DEBUG] ConsoleController::ServerBridge() start...
[2026-07-13 19:51:59] [DEBUG] ConsoleController::ServerBridge() \Develop\Controllers\PartsDefinitionController::editPartsAction()
[2026-07-13 19:51:59] [DEBUG] PartsDefinitionController::editPartsAction() start...
[2026-07-13 19:51:59] [DEBUG] PartsDefinitionModel::getAllPartsList() start... Project ID: PRJ-D45FEF
[2026-07-13 19:51:59] [DEBUG] PartsDefinitionModel::getTableStructure() start... Project ID: PRJ-D45FEF
[2026-07-13 19:51:59] [DEBUG] Screen::updateAreaE() [iframe起動版] path: \Develop\Views\AreaE\PartsDefinition\RegistParts.view start...
[2026-07-13 19:51:59] [DEBUG] Screen::getContents() start...
[2026-07-13 19:51:59] [DEBUG] Screen::getContents() finish.
[2026-07-13 19:51:59] [DEBUG] Screen::updateAreaE() finish.
[2026-07-13 19:51:59] [DEBUG] PartsDefinitionController::editPartsAction() end.
[2026-07-13 19:51:59] [DEBUG] Screen::areaView() start...
[2026-07-13 19:51:59] [DEBUG] Screen::areaView() finish.
[2026-07-13 19:52:01] [DEBUG] --- wwProject System Start ---
[2026-07-13 19:52:01] [DEBUG] Router::Router() /jemini/wwProjectV1.37/Develop/Console/ServerBridgeAction/
[2026-07-13 19:52:01] [DEBUG] Attempting to load: \Develop\Controllers\ConsoleController::ServerBridgeAction
[2026-07-13 19:52:01] [DEBUG] Router: Executing \Develop\Controllers\ConsoleController->ServerBridgeAction
[2026-07-13 19:52:01] [DEBUG] ConsoleController::ServerBridge() start...
[2026-07-13 19:52:01] [DEBUG] ConsoleController::ServerBridge() \Develop\Controllers\PartsDefinitionController::editPartsAction()
[2026-07-13 19:52:01] [DEBUG] PartsDefinitionController::editPartsAction() start...
[2026-07-13 19:52:01] [DEBUG] PartsDefinitionModel::getAllPartsList() start... Project ID: PRJ-D45FEF
[2026-07-13 19:52:01] [DEBUG] PartsDefinitionModel::getTableStructure() start... Project ID: PRJ-D45FEF
[2026-07-13 19:52:01] [DEBUG] Screen::updateAreaE() [iframe起動版] path: \Develop\Views\AreaE\PartsDefinition\RegistParts.view start...
[2026-07-13 19:52:01] [DEBUG] Screen::getContents() start...
[2026-07-13 19:52:01] [DEBUG] Screen::getContents() finish.
[2026-07-13 19:52:01] [DEBUG] Screen::updateAreaE() finish.
[2026-07-13 19:52:01] [DEBUG] PartsDefinitionController::editPartsAction() end.
[2026-07-13 19:52:01] [DEBUG] Screen::areaView() start...
[2026-07-13 19:52:01] [DEBUG] Screen::areaView() finish.
[2026-07-13 19:52:02] [DEBUG] --- wwProject System Start ---
[2026-07-13 19:52:02] [DEBUG] Router::Router() /jemini/wwProjectV1.37/Develop/Console/ServerBridgeAction/
[2026-07-13 19:52:02] [DEBUG] Attempting to load: \Develop\Controllers\ConsoleController::ServerBridgeAction
[2026-07-13 19:52:02] [DEBUG] Router: Executing \Develop\Controllers\ConsoleController->ServerBridgeAction
[2026-07-13 19:52:02] [DEBUG] ConsoleController::ServerBridge() start...
[2026-07-13 19:52:02] [DEBUG] ConsoleController::ServerBridge() \Develop\Controllers\PartsDefinitionController::editPartsAction()
[2026-07-13 19:52:02] [DEBUG] PartsDefinitionController::editPartsAction() start...
[2026-07-13 19:52:02] [DEBUG] PartsDefinitionModel::getAllPartsList() start... Project ID: PRJ-D45FEF
[2026-07-13 19:52:02] [DEBUG] PartsDefinitionModel::getColumnsByTableId() start... Input: newDevelopers
[2026-07-13 19:52:02] [DEBUG] 逆引き成功: 物理名 newDevelopers -> table_id : 12
[2026-07-13 19:52:02] [DEBUG] PartsDefinitionModel::getColumnsByTableId() finish. 件数: 9
[2026-07-13 19:52:02] [DEBUG] PartsDefinitionModel::getTableStructure() start... Project ID: PRJ-D45FEF
[2026-07-13 19:52:02] [DEBUG] Screen::updateAreaE() [iframe起動版] path: \Develop\Views\AreaE\PartsDefinition\RegistParts.view start...
[2026-07-13 19:52:02] [DEBUG] Screen::getContents() start...
[2026-07-13 19:52:02] [DEBUG] Screen::getContents() finish.
[2026-07-13 19:52:02] [DEBUG] Screen::updateAreaE() finish.
[2026-07-13 19:52:02] [DEBUG] PartsDefinitionController::editPartsAction() end.
[2026-07-13 19:52:02] [DEBUG] Screen::areaView() start...
[2026-07-13 19:52:02] [DEBUG] Screen::areaView() finish.
[2026-07-13 19:52:04] [DEBUG] --- wwProject System Start ---
[2026-07-13 19:52:04] [DEBUG] Router::Router() /jemini/wwProjectV1.37/Develop/Console/ServerBridgeAction/
[2026-07-13 19:52:04] [DEBUG] Attempting to load: \Develop\Controllers\ConsoleController::ServerBridgeAction
[2026-07-13 19:52:04] [DEBUG] Router: Executing \Develop\Controllers\ConsoleController->ServerBridgeAction
[2026-07-13 19:52:04] [DEBUG] ConsoleController::ServerBridge() start...
[2026-07-13 19:52:04] [DEBUG] ConsoleController::ServerBridge() \Develop\Controllers\PartsDefinitionController::editPartsAction()
[2026-07-13 19:52:04] [DEBUG] PartsDefinitionController::editPartsAction() start...
[2026-07-13 19:52:04] [DEBUG] PartsDefinitionModel::getAllPartsList() start... Project ID: PRJ-D45FEF
[2026-07-13 19:52:04] [DEBUG] PartsDefinitionModel::getColumnsByTableId() start... Input: newDevelopers
[2026-07-13 19:52:04] [DEBUG] 逆引き成功: 物理名 newDevelopers -> table_id : 12
[2026-07-13 19:52:04] [DEBUG] PartsDefinitionModel::getColumnsByTableId() finish. 件数: 9
[2026-07-13 19:52:04] [DEBUG] PartsDefinitionModel::getTableStructure() start... Project ID: PRJ-D45FEF
[2026-07-13 19:52:04] [DEBUG] Screen::updateAreaE() [iframe起動版] path: \Develop\Views\AreaE\PartsDefinition\RegistParts.view start...
[2026-07-13 19:52:04] [DEBUG] Screen::getContents() start...
[2026-07-13 19:52:04] [DEBUG] Screen::getContents() finish.
[2026-07-13 19:52:04] [DEBUG] Screen::updateAreaE() finish.
[2026-07-13 19:52:04] [DEBUG] PartsDefinitionController::editPartsAction() end.
[2026-07-13 19:52:04] [DEBUG] Screen::areaView() start...
[2026-07-13 19:52:04] [DEBUG] Screen::areaView() finish.
[2026-07-13 19:52:05] [DEBUG] --- wwProject System Start ---
[2026-07-13 19:52:05] [DEBUG] Router::Router() /jemini/wwProjectV1.37/Develop/Console/ServerBridgeAction/
[2026-07-13 19:52:05] [DEBUG] Attempting to load: \Develop\Controllers\ConsoleController::ServerBridgeAction
[2026-07-13 19:52:05] [DEBUG] Router: Executing \Develop\Controllers\ConsoleController->ServerBridgeAction
[2026-07-13 19:52:05] [DEBUG] ConsoleController::ServerBridge() start...
[2026-07-13 19:52:05] [DEBUG] ConsoleController::ServerBridge() \Develop\Controllers\PartsDefinitionController::editPartsAction()
[2026-07-13 19:52:05] [DEBUG] PartsDefinitionController::editPartsAction() start...
[2026-07-13 19:52:05] [DEBUG] PartsDefinitionModel::getAllPartsList() start... Project ID: PRJ-D45FEF
[2026-07-13 19:52:05] [DEBUG] PartsDefinitionModel::getColumnsByTableId() start... Input: newDevelopers
[2026-07-13 19:52:05] [DEBUG] 逆引き成功: 物理名 newDevelopers -> table_id : 12
[2026-07-13 19:52:05] [DEBUG] PartsDefinitionModel::getColumnsByTableId() finish. 件数: 9
[2026-07-13 19:52:05] [DEBUG] PartsDefinitionModel::getTableStructure() start... Project ID: PRJ-D45FEF
[2026-07-13 19:52:05] [DEBUG] Screen::updateAreaE() [iframe起動版] path: \Develop\Views\AreaE\PartsDefinition\RegistParts.view start...
[2026-07-13 19:52:05] [DEBUG] Screen::getContents() start...
[2026-07-13 19:52:05] [DEBUG] Screen::getContents() finish.
[2026-07-13 19:52:05] [DEBUG] Screen::updateAreaE() finish.
[2026-07-13 19:52:05] [DEBUG] PartsDefinitionController::editPartsAction() end.
[2026-07-13 19:52:05] [DEBUG] Screen::areaView() start...
[2026-07-13 19:52:05] [DEBUG] Screen::areaView() finish.
[2026-07-13 19:52:07] [DEBUG] --- wwProject System Start ---
[2026-07-13 19:52:07] [DEBUG] Router::Router() /jemini/wwProjectV1.37/Develop/Console/ServerBridgeAction/
[2026-07-13 19:52:07] [DEBUG] Attempting to load: \Develop\Controllers\ConsoleController::ServerBridgeAction
[2026-07-13 19:52:07] [DEBUG] Router: Executing \Develop\Controllers\ConsoleController->ServerBridgeAction
[2026-07-13 19:52:07] [DEBUG] ConsoleController::ServerBridge() start...
[2026-07-13 19:52:07] [DEBUG] ConsoleController::ServerBridge() \Develop\Controllers\PartsDefinitionController::editPartsAction()
[2026-07-13 19:52:07] [DEBUG] PartsDefinitionController::editPartsAction() start...
[2026-07-13 19:52:07] [DEBUG] PartsDefinitionModel::getAllPartsList() start... Project ID: PRJ-D45FEF
[2026-07-13 19:52:07] [DEBUG] PartsDefinitionModel::getColumnsByTableId() start... Input: newDevelopers
[2026-07-13 19:52:07] [DEBUG] 逆引き成功: 物理名 newDevelopers -> table_id : 12
[2026-07-13 19:52:07] [DEBUG] PartsDefinitionModel::getColumnsByTableId() finish. 件数: 9
[2026-07-13 19:52:07] [DEBUG] PartsDefinitionModel::getTableStructure() start... Project ID: PRJ-D45FEF
[2026-07-13 19:52:07] [DEBUG] Screen::updateAreaE() [iframe起動版] path: \Develop\Views\AreaE\PartsDefinition\RegistParts.view start...
[2026-07-13 19:52:07] [DEBUG] Screen::getContents() start...
[2026-07-13 19:52:07] [DEBUG] Screen::getContents() finish.
[2026-07-13 19:52:07] [DEBUG] Screen::updateAreaE() finish.
[2026-07-13 19:52:07] [DEBUG] PartsDefinitionController::editPartsAction() end.
[2026-07-13 19:52:07] [DEBUG] Screen::areaView() start...
[2026-07-13 19:52:07] [DEBUG] Screen::areaView() finish.
[2026-07-13 19:52:13] [DEBUG] --- wwProject System Start ---
[2026-07-13 19:52:13] [DEBUG] Router::Router() /jemini/wwProjectV1.37/Develop/Console/ServerBridgeAction/
[2026-07-13 19:52:13] [DEBUG] Attempting to load: \Develop\Controllers\ConsoleController::ServerBridgeAction
[2026-07-13 19:52:13] [DEBUG] Router: Executing \Develop\Controllers\ConsoleController->ServerBridgeAction
[2026-07-13 19:52:13] [DEBUG] ConsoleController::ServerBridge() start...
[2026-07-13 19:52:13] [DEBUG] ConsoleController::ServerBridge() \Develop\Controllers\PartsDefinitionController::InitialAction()
[2026-07-13 19:52:13] [DEBUG] DBDefinitionController::initialAction() start...
[2026-07-13 19:52:13] [DEBUG] PartsDefinitionController::initialAction() projectId : PRJ-D45FEF
[2026-07-13 19:52:13] [DEBUG] PartsDefinitionModel::getAllPartsList() start... Project ID: PRJ-D45FEF
[2026-07-13 19:52:13] [DEBUG] Screen::updateAreaD() path: \Develop\Views\AreaD\PartsDefinition\PartsDefinitionList.view start...
[2026-07-13 19:52:13] [DEBUG] Screen::getContents() start...
[2026-07-13 19:52:13] [DEBUG] Screen::getContents() finish.
[2026-07-13 19:52:13] [DEBUG] Screen::updateAreaD() finish.
[2026-07-13 19:52:13] [DEBUG] Screen::updateAreaE() [iframe起動版] path: \Develop\Views\AreaE\Area_E_clear.view start...
[2026-07-13 19:52:13] [DEBUG] Screen::getContents() start...
[2026-07-13 19:52:13] [DEBUG] Screen::getContents() finish.
[2026-07-13 19:52:13] [DEBUG] Screen::updateAreaE() finish.
[2026-07-13 19:52:13] [DEBUG] DBDefinitionController::initialAction() end.
[2026-07-13 19:52:13] [DEBUG] Screen::areaView() start...
[2026-07-13 19:52:13] [DEBUG] Screen::areaView() finish.
[2026-07-13 19:52:14] [DEBUG] --- wwProject System Start ---
[2026-07-13 19:52:14] [DEBUG] Router::Router() /jemini/wwProjectV1.37/Develop/Console/ServerBridgeAction/
[2026-07-13 19:52:14] [DEBUG] Attempting to load: \Develop\Controllers\ConsoleController::ServerBridgeAction
[2026-07-13 19:52:14] [DEBUG] Router: Executing \Develop\Controllers\ConsoleController->ServerBridgeAction
[2026-07-13 19:52:14] [DEBUG] ConsoleController::ServerBridge() start...
[2026-07-13 19:52:14] [DEBUG] ConsoleController::ServerBridge() \Develop\Controllers\DBDefinitionController::initialAction()
[2026-07-13 19:52:14] [DEBUG] DBDefinitionController::initialAction() start...
[2026-07-13 19:52:14] [DEBUG] DBDefinitionModel::getTableList() start...
[2026-07-13 19:52:14] [DEBUG] DBDefinitionModel::getTableList() finish. 取得件数: 5
[2026-07-13 19:52:14] [DEBUG] Screen::updateAreaD() path: \Develop\Views\AreaD\DBDefinition\DBDefinitionList.view start...
[2026-07-13 19:52:14] [DEBUG] Screen::getContents() start...
[2026-07-13 19:52:14] [DEBUG] Screen::getContents() finish.
[2026-07-13 19:52:14] [DEBUG] Screen::updateAreaD() finish.
[2026-07-13 19:52:14] [DEBUG] Screen::updateAreaE() [iframe起動版] path: \Develop\Views\AreaE\Area_E_clear.view start...
[2026-07-13 19:52:14] [DEBUG] Screen::getContents() start...
[2026-07-13 19:52:14] [DEBUG] Screen::getContents() finish.
[2026-07-13 19:52:14] [DEBUG] Screen::updateAreaE() finish.
[2026-07-13 19:52:14] [DEBUG] DBDefinitionController::initialAction() end.
[2026-07-13 19:52:14] [DEBUG] Screen::areaView() start...
[2026-07-13 19:52:14] [DEBUG] Screen::areaView() finish.
[2026-07-13 19:52:16] [DEBUG] --- wwProject System Start ---
[2026-07-13 19:52:16] [DEBUG] Router::Router() /jemini/wwProjectV1.37/Develop/Console/ServerBridgeAction/
[2026-07-13 19:52:16] [DEBUG] Attempting to load: \Develop\Controllers\ConsoleController::ServerBridgeAction
[2026-07-13 19:52:16] [DEBUG] Router: Executing \Develop\Controllers\ConsoleController->ServerBridgeAction
[2026-07-13 19:52:16] [DEBUG] ConsoleController::ServerBridge() start...
[2026-07-13 19:52:16] [DEBUG] ConsoleController::ServerBridge() \Develop\Controllers\ProjectDefinitionController::initialAction()
[2026-07-13 19:52:16] [DEBUG] ProjectDefinitionController::initialAction() start...
[2026-07-13 19:52:16] [DEBUG] ProjectModel::getProjectList() start...
[2026-07-13 19:52:16] [DEBUG] ProjectModel::getProjectList() finish.
[2026-07-13 19:52:16] [DEBUG] Screen::updateAreaD() path: \Develop\Views\AreaD\ProjectDefinition\ProjectDefinitionList.view start...
[2026-07-13 19:52:16] [DEBUG] Screen::getContents() start...
[2026-07-13 19:52:16] [DEBUG] Screen::getContents() finish.
[2026-07-13 19:52:16] [DEBUG] Screen::updateAreaD() finish.
[2026-07-13 19:52:16] [DEBUG] ProjectDefinitionController::initialAction() finish.
[2026-07-13 19:52:16] [DEBUG] Screen::areaView() start...
[2026-07-13 19:52:16] [DEBUG] Screen::areaView() finish.
[2026-07-13 19:52:17] [DEBUG] --- wwProject System Start ---
[2026-07-13 19:52:17] [DEBUG] Router::Router() /jemini/wwProjectV1.37/Develop/Console/ServerBridgeAction/
[2026-07-13 19:52:17] [DEBUG] Attempting to load: \Develop\Controllers\ConsoleController::ServerBridgeAction
[2026-07-13 19:52:17] [DEBUG] Router: Executing \Develop\Controllers\ConsoleController->ServerBridgeAction
[2026-07-13 19:52:17] [DEBUG] ConsoleController::ServerBridge() start...
[2026-07-13 19:52:17] [DEBUG] ConsoleController::ServerBridge() \Develop\Controllers\ProjectDefinitionController::projectDetailAction()
[2026-07-13 19:52:17] [DEBUG] ProjectDefinitionController::projectDetailAction() start...
[2026-07-13 19:52:17] [DEBUG] ProjectModel::getProjectById() start... ProjectID: PRJ-WW2024
[2026-07-13 19:52:17] [DEBUG] Screen::updateAreaE() [iframe起動版] path: \Develop\Views\AreaE\ProjectDefinition\ProjectDefinitionEdit.view start...
[2026-07-13 19:52:17] [DEBUG] Screen::getContents() start...
[2026-07-13 19:52:17] [DEBUG] Screen::getContents() finish.
[2026-07-13 19:52:17] [DEBUG] Screen::updateAreaE() finish.
[2026-07-13 19:52:17] [DEBUG] ProjectDefinitionController::projectDetailAction() finish.
[2026-07-13 19:52:17] [DEBUG] Screen::areaView() start...
[2026-07-13 19:52:17] [DEBUG] Screen::areaView() finish.
[2026-07-13 19:52:23] [DEBUG] --- wwProject System Start ---
[2026-07-13 19:52:23] [DEBUG] Router::Router() /jemini/wwProjectV1.37/Develop/Console/ServerBridgeAction/
[2026-07-13 19:52:23] [DEBUG] Attempting to load: \Develop\Controllers\ConsoleController::ServerBridgeAction
[2026-07-13 19:52:23] [DEBUG] Router: Executing \Develop\Controllers\ConsoleController->ServerBridgeAction
[2026-07-13 19:52:23] [DEBUG] ConsoleController::ServerBridge() start...
[2026-07-13 19:52:23] [DEBUG] ConsoleController::ServerBridge() \Develop\Controllers\DBDefinitionController::initialAction()
[2026-07-13 19:52:23] [DEBUG] DBDefinitionController::initialAction() start...
[2026-07-13 19:52:23] [DEBUG] DBDefinitionModel::getTableList() start...
[2026-07-13 19:52:23] [DEBUG] DBDefinitionModel::getTableList() finish. 取得件数: 5
[2026-07-13 19:52:23] [DEBUG] Screen::updateAreaD() path: \Develop\Views\AreaD\DBDefinition\DBDefinitionList.view start...
[2026-07-13 19:52:23] [DEBUG] Screen::getContents() start...
[2026-07-13 19:52:23] [DEBUG] Screen::getContents() finish.
[2026-07-13 19:52:23] [DEBUG] Screen::updateAreaD() finish.
[2026-07-13 19:52:23] [DEBUG] Screen::updateAreaE() [iframe起動版] path: \Develop\Views\AreaE\Area_E_clear.view start...
[2026-07-13 19:52:23] [DEBUG] Screen::getContents() start...
[2026-07-13 19:52:23] [DEBUG] Screen::getContents() finish.
[2026-07-13 19:52:23] [DEBUG] Screen::updateAreaE() finish.
[2026-07-13 19:52:23] [DEBUG] DBDefinitionController::initialAction() end.
[2026-07-13 19:52:23] [DEBUG] Screen::areaView() start...
[2026-07-13 19:52:23] [DEBUG] Screen::areaView() finish.
[2026-07-13 19:52:24] [DEBUG] --- wwProject System Start ---
[2026-07-13 19:52:24] [DEBUG] Router::Router() /jemini/wwProjectV1.37/Develop/Console/ServerBridgeAction/
[2026-07-13 19:52:24] [DEBUG] Attempting to load: \Develop\Controllers\ConsoleController::ServerBridgeAction
[2026-07-13 19:52:24] [DEBUG] Router: Executing \Develop\Controllers\ConsoleController->ServerBridgeAction
[2026-07-13 19:52:24] [DEBUG] ConsoleController::ServerBridge() start...
[2026-07-13 19:52:24] [DEBUG] ConsoleController::ServerBridge() \Develop\Controllers\DBDefinitionController::editTableAction()
[2026-07-13 19:52:24] [DEBUG] DBDefinitionController::editTableAction() start...
[2026-07-13 19:52:24] [DEBUG] DBDefinitionModel::getTableInfo() start... [Table: ApplicantAndParticipant]
[2026-07-13 19:52:24] [DEBUG] DBDefinitionModel::getSavedColumns() start... [TableID: 16]
[2026-07-13 19:52:24] [DEBUG] DBDefinitionModel::getTableList() start...
[2026-07-13 19:52:24] [DEBUG] DBDefinitionModel::getTableList() finish. 取得件数: 5
[2026-07-13 19:52:24] [DEBUG] DBDefinitionModel::getSavedColumns() start... [TableID: 16]
[2026-07-13 19:52:24] [DEBUG] DBDefinitionModel::getSavedColumns() start... [TableID: 13]
[2026-07-13 19:52:24] [DEBUG] DBDefinitionModel::getSavedColumns() start... [TableID: 14]
[2026-07-13 19:52:24] [DEBUG] DBDefinitionModel::getSavedColumns() start... [TableID: 12]
[2026-07-13 19:52:24] [DEBUG] DBDefinitionModel::getSavedColumns() start... [TableID: 15]
[2026-07-13 19:52:24] [DEBUG] Screen::updateAreaE() [iframe起動版] path: \Develop\Views\AreaE\DBDefinition\RegistTable.view start...
[2026-07-13 19:52:24] [DEBUG] Screen::getContents() start...
[2026-07-13 19:52:24] [DEBUG] Screen::getContents() finish.
[2026-07-13 19:52:24] [DEBUG] Screen::updateAreaE() finish.
[2026-07-13 19:52:24] [DEBUG] DBDefinitionController::editTableAction() finish.
[2026-07-13 19:52:24] [DEBUG] Screen::areaView() start...
[2026-07-13 19:52:24] [DEBUG] Screen::areaView() finish.
