[2026-07-23 01:35:18] [DEBUG] --- wwProject System Start ---
[2026-07-23 01:35:18] [DEBUG] Router::Router() /jemini/wwProjectV1.51/Develop/Console/ServerBridgeAction/
[2026-07-23 01:35:18] [DEBUG] Attempting to load: \Develop\Controllers\ConsoleController::ServerBridgeAction
[2026-07-23 01:35:18] [DEBUG] Router: Executing \Develop\Controllers\ConsoleController->ServerBridgeAction
[2026-07-23 01:35:18] [DEBUG] ConsoleController::ServerBridge() start...
[2026-07-23 01:35:18] [DEBUG] ConsoleController::ServerBridge() \Develop\Controllers\PartsDefinitionController::editPartsAction()
[2026-07-23 01:35:18] [DEBUG] PartsDefinitionController::editPartsAction() start...
[2026-07-23 01:35:18] [DEBUG] PartsDefinitionModel::getAllPartsList() start... Project ID: PRJ-D45FEF
[2026-07-23 01:35:18] [DEBUG] PartsDefinitionModel::getColumnsByTableId() start... Input: newDevelopers
[2026-07-23 01:35:18] [DEBUG] 逆引き成功: 物理名 newDevelopers -> table_id : 12
[2026-07-23 01:35:18] [DEBUG] PartsDefinitionModel::getColumnsByTableId() finish. 件数: 9
[2026-07-23 01:35:18] [DEBUG] PartsDefinitionModel::getTableStructure() start... Project ID: PRJ-D45FEF
[2026-07-23 01:35:18] [DEBUG] Screen::updateAreaE() [iframe起動版] path: \Develop\Views\AreaE\PartsDefinition\RegistParts.view start...
[2026-07-23 01:35:18] [DEBUG] Screen::getContents() start...
[2026-07-23 01:35:18] [DEBUG] Screen::getContents() finish.
[2026-07-23 01:35:18] [DEBUG] Screen::updateAreaE() finish.
[2026-07-23 01:35:18] [DEBUG] PartsDefinitionController::editPartsAction() end.
[2026-07-23 01:35:18] [DEBUG] Screen::areaView() start...
[2026-07-23 01:35:18] [DEBUG] Screen::areaView() finish.
[2026-07-23 01:35:20] [DEBUG] --- wwProject System Start ---
[2026-07-23 01:35:20] [DEBUG] Router::Router() /jemini/wwProjectV1.51/Develop/Console/ServerBridgeAction/
[2026-07-23 01:35:20] [DEBUG] Attempting to load: \Develop\Controllers\ConsoleController::ServerBridgeAction
[2026-07-23 01:35:20] [DEBUG] Router: Executing \Develop\Controllers\ConsoleController->ServerBridgeAction
[2026-07-23 01:35:20] [DEBUG] ConsoleController::ServerBridge() start...
[2026-07-23 01:35:20] [DEBUG] ConsoleController::ServerBridge() \Develop\Controllers\PartsDefinitionController::editPartsAction()
[2026-07-23 01:35:20] [DEBUG] PartsDefinitionController::editPartsAction() start...
[2026-07-23 01:35:20] [DEBUG] PartsDefinitionModel::getAllPartsList() start... Project ID: PRJ-D45FEF
[2026-07-23 01:35:20] [DEBUG] PartsDefinitionModel::getColumnsByTableId() start... Input: newDevelopers
[2026-07-23 01:35:20] [DEBUG] 逆引き成功: 物理名 newDevelopers -> table_id : 12
[2026-07-23 01:35:20] [DEBUG] PartsDefinitionModel::getColumnsByTableId() finish. 件数: 9
[2026-07-23 01:35:20] [DEBUG] PartsDefinitionModel::getTableStructure() start... Project ID: PRJ-D45FEF
[2026-07-23 01:35:20] [DEBUG] Screen::updateAreaE() [iframe起動版] path: \Develop\Views\AreaE\PartsDefinition\RegistParts.view start...
[2026-07-23 01:35:20] [DEBUG] Screen::getContents() start...
[2026-07-23 01:35:20] [DEBUG] Screen::getContents() finish.
[2026-07-23 01:35:20] [DEBUG] Screen::updateAreaE() finish.
[2026-07-23 01:35:20] [DEBUG] PartsDefinitionController::editPartsAction() end.
[2026-07-23 01:35:20] [DEBUG] Screen::areaView() start...
[2026-07-23 01:35:20] [DEBUG] Screen::areaView() finish.
[2026-07-23 01:35:21] [DEBUG] --- wwProject System Start ---
[2026-07-23 01:35:21] [DEBUG] Router::Router() /jemini/wwProjectV1.51/Develop/Console/ServerBridgeAction/
[2026-07-23 01:35:21] [DEBUG] Attempting to load: \Develop\Controllers\ConsoleController::ServerBridgeAction
[2026-07-23 01:35:21] [DEBUG] Router: Executing \Develop\Controllers\ConsoleController->ServerBridgeAction
[2026-07-23 01:35:21] [DEBUG] ConsoleController::ServerBridge() start...
[2026-07-23 01:35:21] [DEBUG] ConsoleController::ServerBridge() \Develop\Controllers\PartsDefinitionController::editPartsAction()
[2026-07-23 01:35:21] [DEBUG] PartsDefinitionController::editPartsAction() start...
[2026-07-23 01:35:21] [DEBUG] PartsDefinitionModel::getAllPartsList() start... Project ID: PRJ-D45FEF
[2026-07-23 01:35:21] [DEBUG] PartsDefinitionModel::getColumnsByTableId() start... Input: newDevelopers
[2026-07-23 01:35:21] [DEBUG] 逆引き成功: 物理名 newDevelopers -> table_id : 12
[2026-07-23 01:35:21] [DEBUG] PartsDefinitionModel::getColumnsByTableId() finish. 件数: 9
[2026-07-23 01:35:21] [DEBUG] PartsDefinitionModel::getTableStructure() start... Project ID: PRJ-D45FEF
[2026-07-23 01:35:21] [DEBUG] Screen::updateAreaE() [iframe起動版] path: \Develop\Views\AreaE\PartsDefinition\RegistParts.view start...
[2026-07-23 01:35:21] [DEBUG] Screen::getContents() start...
[2026-07-23 01:35:21] [DEBUG] Screen::getContents() finish.
[2026-07-23 01:35:21] [DEBUG] Screen::updateAreaE() finish.
[2026-07-23 01:35:21] [DEBUG] PartsDefinitionController::editPartsAction() end.
[2026-07-23 01:35:21] [DEBUG] Screen::areaView() start...
[2026-07-23 01:35:21] [DEBUG] Screen::areaView() finish.
[2026-07-23 03:14:06] [DEBUG] --- wwProject System Start ---
[2026-07-23 03:14:06] [DEBUG] Router::Router() /jemini/wwProjectV1.51/Develop/Console/ServerBridgeAction/
[2026-07-23 03:14:06] [DEBUG] Attempting to load: \Develop\Controllers\ConsoleController::ServerBridgeAction
[2026-07-23 03:14:06] [DEBUG] Router: Executing \Develop\Controllers\ConsoleController->ServerBridgeAction
[2026-07-23 03:14:06] [DEBUG] ConsoleController::ServerBridge() start...
[2026-07-23 03:14:06] [DEBUG] ConsoleController::ServerBridge() \Develop\Controllers\PartsDefinitionController::editPartsAction()
[2026-07-23 03:14:06] [DEBUG] PartsDefinitionController::editPartsAction() start...
[2026-07-23 03:14:06] [DEBUG] PartsDefinitionModel::getAllPartsList() start... Project ID: PRJ-D45FEF
[2026-07-23 03:14:06] [DEBUG] PartsDefinitionModel::getColumnsByTableId() start... Input: developers
[2026-07-23 03:14:06] [DEBUG] 逆引き成功: 物理名 developers -> table_id : 14
[2026-07-23 03:14:06] [DEBUG] PartsDefinitionModel::getColumnsByTableId() finish. 件数: 9
[2026-07-23 03:14:06] [DEBUG] PartsDefinitionModel::getTableStructure() start... Project ID: PRJ-D45FEF
[2026-07-23 03:14:06] [DEBUG] Screen::updateAreaE() [iframe起動版] path: \Develop\Views\AreaE\PartsDefinition\RegistParts.view start...
[2026-07-23 03:14:06] [DEBUG] Screen::getContents() start...
[2026-07-23 03:14:06] [DEBUG] Screen::getContents() finish.
[2026-07-23 03:14:06] [DEBUG] Screen::updateAreaE() finish.
[2026-07-23 03:14:06] [DEBUG] PartsDefinitionController::editPartsAction() end.
[2026-07-23 03:14:06] [DEBUG] Screen::areaView() start...
[2026-07-23 03:14:06] [DEBUG] Screen::areaView() finish.
[2026-07-23 03:14:09] [DEBUG] --- wwProject System Start ---
[2026-07-23 03:14:09] [DEBUG] Router::Router() /jemini/wwProjectV1.51/Develop/Console/ServerBridgeAction/
[2026-07-23 03:14:09] [DEBUG] Attempting to load: \Develop\Controllers\ConsoleController::ServerBridgeAction
[2026-07-23 03:14:09] [DEBUG] Router: Executing \Develop\Controllers\ConsoleController->ServerBridgeAction
[2026-07-23 03:14:09] [DEBUG] ConsoleController::ServerBridge() start...
[2026-07-23 03:14:09] [DEBUG] ConsoleController::ServerBridge() \Develop\Controllers\PartsDefinitionController::editPartsAction()
[2026-07-23 03:14:09] [DEBUG] PartsDefinitionController::editPartsAction() start...
[2026-07-23 03:14:09] [DEBUG] PartsDefinitionModel::getAllPartsList() start... Project ID: PRJ-D45FEF
[2026-07-23 03:14:09] [DEBUG] PartsDefinitionModel::getColumnsByTableId() start... Input: developers
[2026-07-23 03:14:09] [DEBUG] 逆引き成功: 物理名 developers -> table_id : 14
[2026-07-23 03:14:09] [DEBUG] PartsDefinitionModel::getColumnsByTableId() finish. 件数: 9
[2026-07-23 03:14:09] [DEBUG] PartsDefinitionModel::getTableStructure() start... Project ID: PRJ-D45FEF
[2026-07-23 03:14:09] [DEBUG] Screen::updateAreaE() [iframe起動版] path: \Develop\Views\AreaE\PartsDefinition\RegistParts.view start...
[2026-07-23 03:14:09] [DEBUG] Screen::getContents() start...
[2026-07-23 03:14:09] [DEBUG] Screen::getContents() finish.
[2026-07-23 03:14:09] [DEBUG] Screen::updateAreaE() finish.
[2026-07-23 03:14:09] [DEBUG] PartsDefinitionController::editPartsAction() end.
[2026-07-23 03:14:09] [DEBUG] Screen::areaView() start...
[2026-07-23 03:14:09] [DEBUG] Screen::areaView() finish.
[2026-07-23 03:29:12] [DEBUG] --- wwProject System Start ---
[2026-07-23 03:29:12] [DEBUG] Router::Router() /jemini/wwProjectV1.51/Develop/Console/initial/
[2026-07-23 03:29:12] [DEBUG] Attempting to load: \Develop\Controllers\ConsoleController::initialAction
[2026-07-23 03:29:12] [DEBUG] Router: Executing \Develop\Controllers\ConsoleController->initialAction
[2026-07-23 03:29:12] [DEBUG] Console::initialAction() start...
[2026-07-23 03:29:12] [DEBUG] Screen::view() path: \Develop\Views\Console\Console.view start...
[2026-07-23 03:29:12] [DEBUG] Screen::getContents() start...
[2026-07-23 03:29:12] [DEBUG] Screen::getContents() finish.
[2026-07-23 03:29:12] [DEBUG] Screen::view() path: \Develop\Views\Console\Console.view finish.
[2026-07-23 03:29:12] [DEBUG] ConsoleController::initialAction() finish.
[2026-07-23 03:29:12] [DEBUG] --- wwProject System Start ---
[2026-07-23 03:29:12] [DEBUG] Router::Router() /jemini/wwProjectV1.51/Develop/Console/ServerBridgeAction/
[2026-07-23 03:29:12] [DEBUG] Attempting to load: \Develop\Controllers\ConsoleController::ServerBridgeAction
[2026-07-23 03:29:12] [DEBUG] Router: Executing \Develop\Controllers\ConsoleController->ServerBridgeAction
[2026-07-23 03:29:12] [DEBUG] ConsoleController::ServerBridge() start...
[2026-07-23 03:29:12] [DEBUG] ConsoleController::ServerBridge() \Develop\Controllers\ConsoleController::areaInitialAction()
[2026-07-23 03:29:12] [DEBUG] ConsoleController::AreaInitialAction() start...
[2026-07-23 03:29:12] [DEBUG] Screen::updateAreaA() path: \Develop\Views\AreaA\Area_A.view start...
[2026-07-23 03:29:12] [DEBUG] Screen::areaView() sending JSON: ["areas"]
[2026-07-23 03:29:12] [DEBUG] Screen::getContents() start...
[2026-07-23 03:29:12] [DEBUG] Screen::getContents() finish.
[2026-07-23 03:29:12] [DEBUG] Screen::updateAreaA() finish.
[2026-07-23 03:29:12] [DEBUG] Screen::updateAreaB() path: \Develop\Views\AreaB\Area_B.view start...
[2026-07-23 03:29:12] [DEBUG] Screen::getContents() start...
[2026-07-23 03:29:12] [DEBUG] Screen::getContents() finish.
[2026-07-23 03:29:12] [DEBUG] Screen::updateAreaB() finish.
[2026-07-23 03:29:12] [DEBUG] Screen::updateAreaD() path: \Develop\Views\AreaD\Area_D_clear.view start...
[2026-07-23 03:29:12] [DEBUG] Screen::getContents() start...
[2026-07-23 03:29:12] [DEBUG] Screen::getContents() finish.
[2026-07-23 03:29:12] [DEBUG] Screen::updateAreaD() finish.
[2026-07-23 03:29:12] [DEBUG] Screen::updateAreaE() [iframe起動版] path: \Develop\Views\AreaE\Area_E_clear.view start...
[2026-07-23 03:29:12] [DEBUG] Screen::getContents() start...
[2026-07-23 03:29:12] [DEBUG] Screen::getContents() finish.
[2026-07-23 03:29:12] [DEBUG] Screen::updateAreaE() finish.
[2026-07-23 03:29:12] [DEBUG] Screen::updateAreaF() path: \Develop\Views\AreaF\Area_F.view start...
[2026-07-23 03:29:12] [DEBUG] Screen::getContents() start...
[2026-07-23 03:29:12] [DEBUG] Screen::getContents() finish.
[2026-07-23 03:29:12] [DEBUG] Screen::updateAreaF() finish.
[2026-07-23 03:29:12] [DEBUG] ProjectController::startProjectNabi() start...
[2026-07-23 03:29:12] [DEBUG] ProjectController::getProjectListHtml() start...
[2026-07-23 03:29:12] [DEBUG] ProjectModel::getProjectList() start...
[2026-07-23 03:29:12] [DEBUG] ProjectModel::getProjectList() finish.
[2026-07-23 03:29:12] [DEBUG] CodeMasterModel：：getCodesByGroup() start...
[2026-07-23 03:29:12] [DEBUG] CodeMasterModel：：getCodesByGroup() finish.
[2026-07-23 03:29:12] [DEBUG] ProjectController::getNaviFooterHtml() start...
[2026-07-23 03:29:12] [DEBUG] ProjectController::getNaviFooterHtml() finish.
[2026-07-23 03:29:12] [DEBUG] ProjectController::startProjectNabi() finish.
[2026-07-23 03:29:12] [DEBUG] Screen::updateAreaC() \Develop\Views\AreaC\Area_C.view start...
[2026-07-23 03:29:12] [DEBUG] Screen::getContents() start...
[2026-07-23 03:29:12] [DEBUG] Screen::getContents() finish.
[2026-07-23 03:29:12] [DEBUG] Screen::updateAreaC() finish.
[2026-07-23 03:29:12] [DEBUG] ConsoleController::AreaInitialAction() finish.
[2026-07-23 03:29:12] [DEBUG] Screen::areaView() start...
[2026-07-23 03:29:12] [DEBUG] Screen::areaView() finish.
[2026-07-23 03:29:14] [DEBUG] --- wwProject System Start ---
[2026-07-23 03:29:15] [DEBUG] Router::Router() /jemini/wwProjectV1.51/Develop/Console/ServerBridgeAction/
[2026-07-23 03:29:15] [DEBUG] Attempting to load: \Develop\Controllers\ConsoleController::ServerBridgeAction
[2026-07-23 03:29:15] [DEBUG] Router: Executing \Develop\Controllers\ConsoleController->ServerBridgeAction
[2026-07-23 03:29:15] [DEBUG] ConsoleController::ServerBridge() start...
[2026-07-23 03:29:15] [DEBUG] ConsoleController::ServerBridge() \Develop\Controllers\PartsDefinitionController::InitialAction()
[2026-07-23 03:29:15] [DEBUG] DBDefinitionController::initialAction() start...
[2026-07-23 03:29:15] [DEBUG] PartsDefinitionController::initialAction() projectId : PRJ-D45FEF
[2026-07-23 03:29:15] [DEBUG] PartsDefinitionModel::getAllPartsList() start... Project ID: PRJ-D45FEF
[2026-07-23 03:29:15] [DEBUG] Screen::updateAreaD() path: \Develop\Views\AreaD\PartsDefinition\PartsDefinitionList.view start...
[2026-07-23 03:29:15] [DEBUG] Screen::getContents() start...
[2026-07-23 03:29:15] [DEBUG] Screen::getContents() finish.
[2026-07-23 03:29:15] [DEBUG] Screen::updateAreaD() finish.
[2026-07-23 03:29:15] [DEBUG] Screen::updateAreaE() [iframe起動版] path: \Develop\Views\AreaE\Area_E_clear.view start...
[2026-07-23 03:29:15] [DEBUG] Screen::getContents() start...
[2026-07-23 03:29:15] [DEBUG] Screen::getContents() finish.
[2026-07-23 03:29:15] [DEBUG] Screen::updateAreaE() finish.
[2026-07-23 03:29:15] [DEBUG] DBDefinitionController::initialAction() end.
[2026-07-23 03:29:15] [DEBUG] Screen::areaView() start...
[2026-07-23 03:29:15] [DEBUG] Screen::areaView() finish.
[2026-07-23 03:29:17] [DEBUG] --- wwProject System Start ---
[2026-07-23 03:29:17] [DEBUG] Router::Router() /jemini/wwProjectV1.51/Develop/Console/ServerBridgeAction/
[2026-07-23 03:29:17] [DEBUG] Attempting to load: \Develop\Controllers\ConsoleController::ServerBridgeAction
[2026-07-23 03:29:17] [DEBUG] Router: Executing \Develop\Controllers\ConsoleController->ServerBridgeAction
[2026-07-23 03:29:17] [DEBUG] ConsoleController::ServerBridge() start...
[2026-07-23 03:29:17] [DEBUG] ConsoleController::ServerBridge() \Develop\Controllers\PartsDefinitionController::editPartsAction()
[2026-07-23 03:29:17] [DEBUG] PartsDefinitionController::editPartsAction() start...
[2026-07-23 03:29:17] [DEBUG] PartsDefinitionModel::getAllPartsList() start... Project ID: PRJ-D45FEF
[2026-07-23 03:29:17] [DEBUG] PartsDefinitionModel::getColumnsByTableId() start... Input: newDevelopers
[2026-07-23 03:29:17] [DEBUG] 逆引き成功: 物理名 newDevelopers -> table_id : 12
[2026-07-23 03:29:17] [DEBUG] PartsDefinitionModel::getColumnsByTableId() finish. 件数: 9
[2026-07-23 03:29:17] [DEBUG] PartsDefinitionModel::getTableStructure() start... Project ID: PRJ-D45FEF
[2026-07-23 03:29:17] [DEBUG] Screen::updateAreaE() [iframe起動版] path: \Develop\Views\AreaE\PartsDefinition\RegistParts.view start...
[2026-07-23 03:29:17] [DEBUG] Screen::getContents() start...
[2026-07-23 03:29:17] [DEBUG] Screen::getContents() finish.
[2026-07-23 03:29:17] [DEBUG] Screen::updateAreaE() finish.
[2026-07-23 03:29:17] [DEBUG] PartsDefinitionController::editPartsAction() end.
[2026-07-23 03:29:17] [DEBUG] Screen::areaView() start...
[2026-07-23 03:29:17] [DEBUG] Screen::areaView() finish.
[2026-07-23 03:29:19] [DEBUG] --- wwProject System Start ---
[2026-07-23 03:29:19] [DEBUG] Router::Router() /jemini/wwProjectV1.51/Develop/Console/ServerBridgeAction/
[2026-07-23 03:29:19] [DEBUG] Attempting to load: \Develop\Controllers\ConsoleController::ServerBridgeAction
[2026-07-23 03:29:19] [DEBUG] Router: Executing \Develop\Controllers\ConsoleController->ServerBridgeAction
[2026-07-23 03:29:19] [DEBUG] ConsoleController::ServerBridge() start...
[2026-07-23 03:29:19] [DEBUG] ConsoleController::ServerBridge() \Develop\Controllers\PartsDefinitionController::editPartsAction()
[2026-07-23 03:29:19] [DEBUG] PartsDefinitionController::editPartsAction() start...
[2026-07-23 03:29:19] [DEBUG] PartsDefinitionModel::getAllPartsList() start... Project ID: PRJ-D45FEF
[2026-07-23 03:29:19] [DEBUG] PartsDefinitionModel::getColumnsByTableId() start... Input: newDevelopers
[2026-07-23 03:29:19] [DEBUG] 逆引き成功: 物理名 newDevelopers -> table_id : 12
[2026-07-23 03:29:19] [DEBUG] PartsDefinitionModel::getColumnsByTableId() finish. 件数: 9
[2026-07-23 03:29:19] [DEBUG] PartsDefinitionModel::getTableStructure() start... Project ID: PRJ-D45FEF
[2026-07-23 03:29:19] [DEBUG] Screen::updateAreaE() [iframe起動版] path: \Develop\Views\AreaE\PartsDefinition\RegistParts.view start...
[2026-07-23 03:29:19] [DEBUG] Screen::getContents() start...
[2026-07-23 03:29:19] [DEBUG] Screen::getContents() finish.
[2026-07-23 03:29:19] [DEBUG] Screen::updateAreaE() finish.
[2026-07-23 03:29:19] [DEBUG] PartsDefinitionController::editPartsAction() end.
[2026-07-23 03:29:19] [DEBUG] Screen::areaView() start...
[2026-07-23 03:29:19] [DEBUG] Screen::areaView() finish.
[2026-07-23 03:29:20] [DEBUG] --- wwProject System Start ---
[2026-07-23 03:29:21] [DEBUG] Router::Router() /jemini/wwProjectV1.51/Develop/Console/ServerBridgeAction/
[2026-07-23 03:29:21] [DEBUG] Attempting to load: \Develop\Controllers\ConsoleController::ServerBridgeAction
[2026-07-23 03:29:21] [DEBUG] Router: Executing \Develop\Controllers\ConsoleController->ServerBridgeAction
[2026-07-23 03:29:21] [DEBUG] ConsoleController::ServerBridge() start...
[2026-07-23 03:29:21] [DEBUG] ConsoleController::ServerBridge() \Develop\Controllers\PartsDefinitionController::editPartsAction()
[2026-07-23 03:29:21] [DEBUG] PartsDefinitionController::editPartsAction() start...
[2026-07-23 03:29:21] [DEBUG] PartsDefinitionModel::getAllPartsList() start... Project ID: PRJ-D45FEF
[2026-07-23 03:29:21] [DEBUG] PartsDefinitionModel::getColumnsByTableId() start... Input: developers
[2026-07-23 03:29:21] [DEBUG] 逆引き成功: 物理名 developers -> table_id : 14
[2026-07-23 03:29:21] [DEBUG] PartsDefinitionModel::getColumnsByTableId() finish. 件数: 9
[2026-07-23 03:29:21] [DEBUG] PartsDefinitionModel::getTableStructure() start... Project ID: PRJ-D45FEF
[2026-07-23 03:29:21] [DEBUG] Screen::updateAreaE() [iframe起動版] path: \Develop\Views\AreaE\PartsDefinition\RegistParts.view start...
[2026-07-23 03:29:21] [DEBUG] Screen::getContents() start...
[2026-07-23 03:29:21] [DEBUG] Screen::getContents() finish.
[2026-07-23 03:29:21] [DEBUG] Screen::updateAreaE() finish.
[2026-07-23 03:29:21] [DEBUG] PartsDefinitionController::editPartsAction() end.
[2026-07-23 03:29:21] [DEBUG] Screen::areaView() start...
[2026-07-23 03:29:21] [DEBUG] Screen::areaView() finish.
[2026-07-23 03:32:51] [DEBUG] --- wwProject System Start ---
[2026-07-23 03:32:51] [DEBUG] Router::Router() /jemini/wwProjectV1.51/Develop/Console/initial/
[2026-07-23 03:32:51] [DEBUG] Attempting to load: \Develop\Controllers\ConsoleController::initialAction
[2026-07-23 03:32:51] [DEBUG] Router: Executing \Develop\Controllers\ConsoleController->initialAction
[2026-07-23 03:32:51] [DEBUG] Console::initialAction() start...
[2026-07-23 03:32:51] [DEBUG] Screen::view() path: \Develop\Views\Console\Console.view start...
[2026-07-23 03:32:51] [DEBUG] Screen::getContents() start...
[2026-07-23 03:32:51] [DEBUG] Screen::getContents() finish.
[2026-07-23 03:32:51] [DEBUG] Screen::view() path: \Develop\Views\Console\Console.view finish.
[2026-07-23 03:32:51] [DEBUG] ConsoleController::initialAction() finish.
[2026-07-23 03:32:51] [DEBUG] --- wwProject System Start ---
[2026-07-23 03:32:51] [DEBUG] Router::Router() /jemini/wwProjectV1.51/Develop/Console/ServerBridgeAction/
[2026-07-23 03:32:51] [DEBUG] Attempting to load: \Develop\Controllers\ConsoleController::ServerBridgeAction
[2026-07-23 03:32:51] [DEBUG] Router: Executing \Develop\Controllers\ConsoleController->ServerBridgeAction
[2026-07-23 03:32:51] [DEBUG] ConsoleController::ServerBridge() start...
[2026-07-23 03:32:51] [DEBUG] ConsoleController::ServerBridge() \Develop\Controllers\ConsoleController::areaInitialAction()
[2026-07-23 03:32:51] [DEBUG] ConsoleController::AreaInitialAction() start...
[2026-07-23 03:32:51] [DEBUG] Screen::updateAreaA() path: \Develop\Views\AreaA\Area_A.view start...
[2026-07-23 03:32:51] [DEBUG] Screen::areaView() sending JSON: ["areas"]
[2026-07-23 03:32:51] [DEBUG] Screen::getContents() start...
[2026-07-23 03:32:51] [DEBUG] Screen::getContents() finish.
[2026-07-23 03:32:51] [DEBUG] Screen::updateAreaA() finish.
[2026-07-23 03:32:51] [DEBUG] Screen::updateAreaB() path: \Develop\Views\AreaB\Area_B.view start...
[2026-07-23 03:32:51] [DEBUG] Screen::getContents() start...
[2026-07-23 03:32:51] [DEBUG] Screen::getContents() finish.
[2026-07-23 03:32:51] [DEBUG] Screen::updateAreaB() finish.
[2026-07-23 03:32:51] [DEBUG] Screen::updateAreaD() path: \Develop\Views\AreaD\Area_D_clear.view start...
[2026-07-23 03:32:51] [DEBUG] Screen::getContents() start...
[2026-07-23 03:32:51] [DEBUG] Screen::getContents() finish.
[2026-07-23 03:32:51] [DEBUG] Screen::updateAreaD() finish.
[2026-07-23 03:32:51] [DEBUG] Screen::updateAreaE() [iframe起動版] path: \Develop\Views\AreaE\Area_E_clear.view start...
[2026-07-23 03:32:51] [DEBUG] Screen::getContents() start...
[2026-07-23 03:32:51] [DEBUG] Screen::getContents() finish.
[2026-07-23 03:32:51] [DEBUG] Screen::updateAreaE() finish.
[2026-07-23 03:32:51] [DEBUG] Screen::updateAreaF() path: \Develop\Views\AreaF\Area_F.view start...
[2026-07-23 03:32:51] [DEBUG] Screen::getContents() start...
[2026-07-23 03:32:51] [DEBUG] Screen::getContents() finish.
[2026-07-23 03:32:51] [DEBUG] Screen::updateAreaF() finish.
[2026-07-23 03:32:51] [DEBUG] ProjectController::startProjectNabi() start...
[2026-07-23 03:32:51] [DEBUG] ProjectController::getProjectListHtml() start...
[2026-07-23 03:32:51] [DEBUG] ProjectModel::getProjectList() start...
[2026-07-23 03:32:51] [DEBUG] ProjectModel::getProjectList() finish.
[2026-07-23 03:32:51] [DEBUG] CodeMasterModel：：getCodesByGroup() start...
[2026-07-23 03:32:51] [DEBUG] CodeMasterModel：：getCodesByGroup() finish.
[2026-07-23 03:32:51] [DEBUG] ProjectController::getNaviFooterHtml() start...
[2026-07-23 03:32:51] [DEBUG] ProjectController::getNaviFooterHtml() finish.
[2026-07-23 03:32:51] [DEBUG] ProjectController::startProjectNabi() finish.
[2026-07-23 03:32:51] [DEBUG] Screen::updateAreaC() \Develop\Views\AreaC\Area_C.view start...
[2026-07-23 03:32:51] [DEBUG] Screen::getContents() start...
[2026-07-23 03:32:51] [DEBUG] Screen::getContents() finish.
[2026-07-23 03:32:51] [DEBUG] Screen::updateAreaC() finish.
[2026-07-23 03:32:51] [DEBUG] ConsoleController::AreaInitialAction() finish.
[2026-07-23 03:32:51] [DEBUG] Screen::areaView() start...
[2026-07-23 03:32:51] [DEBUG] Screen::areaView() finish.
[2026-07-23 03:32:53] [DEBUG] --- wwProject System Start ---
[2026-07-23 03:32:53] [DEBUG] Router::Router() /jemini/wwProjectV1.51/Develop/Console/ServerBridgeAction/
[2026-07-23 03:32:53] [DEBUG] Attempting to load: \Develop\Controllers\ConsoleController::ServerBridgeAction
[2026-07-23 03:32:53] [DEBUG] Router: Executing \Develop\Controllers\ConsoleController->ServerBridgeAction
[2026-07-23 03:32:53] [DEBUG] ConsoleController::ServerBridge() start...
[2026-07-23 03:32:53] [DEBUG] ConsoleController::ServerBridge() \Develop\Controllers\PartsDefinitionController::InitialAction()
[2026-07-23 03:32:53] [DEBUG] DBDefinitionController::initialAction() start...
[2026-07-23 03:32:53] [DEBUG] PartsDefinitionController::initialAction() projectId : PRJ-D45FEF
[2026-07-23 03:32:53] [DEBUG] PartsDefinitionModel::getAllPartsList() start... Project ID: PRJ-D45FEF
[2026-07-23 03:32:53] [DEBUG] Screen::updateAreaD() path: \Develop\Views\AreaD\PartsDefinition\PartsDefinitionList.view start...
[2026-07-23 03:32:53] [DEBUG] Screen::getContents() start...
[2026-07-23 03:32:53] [DEBUG] Screen::getContents() finish.
[2026-07-23 03:32:53] [DEBUG] Screen::updateAreaD() finish.
[2026-07-23 03:32:53] [DEBUG] Screen::updateAreaE() [iframe起動版] path: \Develop\Views\AreaE\Area_E_clear.view start...
[2026-07-23 03:32:53] [DEBUG] Screen::getContents() start...
[2026-07-23 03:32:53] [DEBUG] Screen::getContents() finish.
[2026-07-23 03:32:53] [DEBUG] Screen::updateAreaE() finish.
[2026-07-23 03:32:53] [DEBUG] DBDefinitionController::initialAction() end.
[2026-07-23 03:32:53] [DEBUG] Screen::areaView() start...
[2026-07-23 03:32:53] [DEBUG] Screen::areaView() finish.
[2026-07-23 03:32:59] [DEBUG] --- wwProject System Start ---
[2026-07-23 03:32:59] [DEBUG] Router::Router() /jemini/wwProjectV1.51/Develop/Console/ServerBridgeAction/
[2026-07-23 03:32:59] [DEBUG] Attempting to load: \Develop\Controllers\ConsoleController::ServerBridgeAction
[2026-07-23 03:32:59] [DEBUG] Router: Executing \Develop\Controllers\ConsoleController->ServerBridgeAction
[2026-07-23 03:32:59] [DEBUG] ConsoleController::ServerBridge() start...
[2026-07-23 03:32:59] [DEBUG] ConsoleController::ServerBridge() \Develop\Controllers\PartsDefinitionController::editPartsAction()
[2026-07-23 03:32:59] [DEBUG] PartsDefinitionController::editPartsAction() start...
[2026-07-23 03:32:59] [DEBUG] PartsDefinitionModel::getAllPartsList() start... Project ID: PRJ-D45FEF
[2026-07-23 03:32:59] [DEBUG] PartsDefinitionModel::getColumnsByTableId() start... Input: newDevelopers
[2026-07-23 03:32:59] [DEBUG] 逆引き成功: 物理名 newDevelopers -> table_id : 12
[2026-07-23 03:32:59] [DEBUG] PartsDefinitionModel::getColumnsByTableId() finish. 件数: 9
[2026-07-23 03:32:59] [DEBUG] PartsDefinitionModel::getTableStructure() start... Project ID: PRJ-D45FEF
[2026-07-23 03:32:59] [DEBUG] Screen::updateAreaE() [iframe起動版] path: \Develop\Views\AreaE\PartsDefinition\RegistParts.view start...
[2026-07-23 03:32:59] [DEBUG] Screen::getContents() start...
[2026-07-23 03:32:59] [DEBUG] Screen::getContents() finish.
[2026-07-23 03:32:59] [DEBUG] Screen::updateAreaE() finish.
[2026-07-23 03:32:59] [DEBUG] PartsDefinitionController::editPartsAction() end.
[2026-07-23 03:32:59] [DEBUG] Screen::areaView() start...
[2026-07-23 03:32:59] [DEBUG] Screen::areaView() finish.
[2026-07-23 03:33:05] [DEBUG] --- wwProject System Start ---
[2026-07-23 03:33:05] [DEBUG] Router::Router() /jemini/wwProjectV1.51/Develop/Console/ServerBridgeAction/
[2026-07-23 03:33:05] [DEBUG] Attempting to load: \Develop\Controllers\ConsoleController::ServerBridgeAction
[2026-07-23 03:33:05] [DEBUG] Router: Executing \Develop\Controllers\ConsoleController->ServerBridgeAction
[2026-07-23 03:33:05] [DEBUG] ConsoleController::ServerBridge() start...
[2026-07-23 03:33:05] [DEBUG] ConsoleController::ServerBridge() \Develop\Controllers\PartsDefinitionController::editPartsAction()
[2026-07-23 03:33:05] [DEBUG] PartsDefinitionController::editPartsAction() start...
[2026-07-23 03:33:05] [DEBUG] PartsDefinitionModel::getAllPartsList() start... Project ID: PRJ-D45FEF
[2026-07-23 03:33:05] [DEBUG] PartsDefinitionModel::getColumnsByTableId() start... Input: developers
[2026-07-23 03:33:05] [DEBUG] 逆引き成功: 物理名 developers -> table_id : 14
[2026-07-23 03:33:05] [DEBUG] PartsDefinitionModel::getColumnsByTableId() finish. 件数: 9
[2026-07-23 03:33:05] [DEBUG] PartsDefinitionModel::getTableStructure() start... Project ID: PRJ-D45FEF
[2026-07-23 03:33:05] [DEBUG] Screen::updateAreaE() [iframe起動版] path: \Develop\Views\AreaE\PartsDefinition\RegistParts.view start...
[2026-07-23 03:33:05] [DEBUG] Screen::getContents() start...
[2026-07-23 03:33:05] [DEBUG] Screen::getContents() finish.
[2026-07-23 03:33:05] [DEBUG] Screen::updateAreaE() finish.
[2026-07-23 03:33:05] [DEBUG] PartsDefinitionController::editPartsAction() end.
[2026-07-23 03:33:05] [DEBUG] Screen::areaView() start...
[2026-07-23 03:33:05] [DEBUG] Screen::areaView() finish.
[2026-07-23 03:35:27] [DEBUG] --- wwProject System Start ---
[2026-07-23 03:35:27] [DEBUG] Router::Router() /jemini/wwProjectV1.51/Develop/Console/initial/
[2026-07-23 03:35:27] [DEBUG] Attempting to load: \Develop\Controllers\ConsoleController::initialAction
[2026-07-23 03:35:27] [DEBUG] Router: Executing \Develop\Controllers\ConsoleController->initialAction
[2026-07-23 03:35:27] [DEBUG] Console::initialAction() start...
[2026-07-23 03:35:27] [DEBUG] Screen::view() path: \Develop\Views\Console\Console.view start...
[2026-07-23 03:35:27] [DEBUG] Screen::getContents() start...
[2026-07-23 03:35:27] [DEBUG] Screen::getContents() finish.
[2026-07-23 03:35:27] [DEBUG] Screen::view() path: \Develop\Views\Console\Console.view finish.
[2026-07-23 03:35:27] [DEBUG] ConsoleController::initialAction() finish.
[2026-07-23 03:35:27] [DEBUG] --- wwProject System Start ---
[2026-07-23 03:35:27] [DEBUG] Router::Router() /jemini/wwProjectV1.51/Develop/Console/ServerBridgeAction/
[2026-07-23 03:35:27] [DEBUG] Attempting to load: \Develop\Controllers\ConsoleController::ServerBridgeAction
[2026-07-23 03:35:27] [DEBUG] Router: Executing \Develop\Controllers\ConsoleController->ServerBridgeAction
[2026-07-23 03:35:27] [DEBUG] ConsoleController::ServerBridge() start...
[2026-07-23 03:35:27] [DEBUG] ConsoleController::ServerBridge() \Develop\Controllers\ConsoleController::areaInitialAction()
[2026-07-23 03:35:27] [DEBUG] ConsoleController::AreaInitialAction() start...
[2026-07-23 03:35:27] [DEBUG] Screen::updateAreaA() path: \Develop\Views\AreaA\Area_A.view start...
[2026-07-23 03:35:27] [DEBUG] Screen::areaView() sending JSON: ["areas"]
[2026-07-23 03:35:27] [DEBUG] Screen::getContents() start...
[2026-07-23 03:35:27] [DEBUG] Screen::getContents() finish.
[2026-07-23 03:35:27] [DEBUG] Screen::updateAreaA() finish.
[2026-07-23 03:35:27] [DEBUG] Screen::updateAreaB() path: \Develop\Views\AreaB\Area_B.view start...
[2026-07-23 03:35:27] [DEBUG] Screen::getContents() start...
[2026-07-23 03:35:27] [DEBUG] Screen::getContents() finish.
[2026-07-23 03:35:27] [DEBUG] Screen::updateAreaB() finish.
[2026-07-23 03:35:27] [DEBUG] Screen::updateAreaD() path: \Develop\Views\AreaD\Area_D_clear.view start...
[2026-07-23 03:35:27] [DEBUG] Screen::getContents() start...
[2026-07-23 03:35:27] [DEBUG] Screen::getContents() finish.
[2026-07-23 03:35:27] [DEBUG] Screen::updateAreaD() finish.
[2026-07-23 03:35:27] [DEBUG] Screen::updateAreaE() [iframe起動版] path: \Develop\Views\AreaE\Area_E_clear.view start...
[2026-07-23 03:35:27] [DEBUG] Screen::getContents() start...
[2026-07-23 03:35:27] [DEBUG] Screen::getContents() finish.
[2026-07-23 03:35:27] [DEBUG] Screen::updateAreaE() finish.
[2026-07-23 03:35:27] [DEBUG] Screen::updateAreaF() path: \Develop\Views\AreaF\Area_F.view start...
[2026-07-23 03:35:27] [DEBUG] Screen::getContents() start...
[2026-07-23 03:35:27] [DEBUG] Screen::getContents() finish.
[2026-07-23 03:35:27] [DEBUG] Screen::updateAreaF() finish.
[2026-07-23 03:35:27] [DEBUG] ProjectController::startProjectNabi() start...
[2026-07-23 03:35:27] [DEBUG] ProjectController::getProjectListHtml() start...
[2026-07-23 03:35:27] [DEBUG] ProjectModel::getProjectList() start...
[2026-07-23 03:35:27] [DEBUG] ProjectModel::getProjectList() finish.
[2026-07-23 03:35:27] [DEBUG] CodeMasterModel：：getCodesByGroup() start...
[2026-07-23 03:35:27] [DEBUG] CodeMasterModel：：getCodesByGroup() finish.
[2026-07-23 03:35:27] [DEBUG] ProjectController::getNaviFooterHtml() start...
[2026-07-23 03:35:27] [DEBUG] ProjectController::getNaviFooterHtml() finish.
[2026-07-23 03:35:27] [DEBUG] ProjectController::startProjectNabi() finish.
[2026-07-23 03:35:27] [DEBUG] Screen::updateAreaC() \Develop\Views\AreaC\Area_C.view start...
[2026-07-23 03:35:27] [DEBUG] Screen::getContents() start...
[2026-07-23 03:35:27] [DEBUG] Screen::getContents() finish.
[2026-07-23 03:35:27] [DEBUG] Screen::updateAreaC() finish.
[2026-07-23 03:35:27] [DEBUG] ConsoleController::AreaInitialAction() finish.
[2026-07-23 03:35:27] [DEBUG] Screen::areaView() start...
[2026-07-23 03:35:27] [DEBUG] Screen::areaView() finish.
[2026-07-23 03:35:32] [DEBUG] --- wwProject System Start ---
[2026-07-23 03:35:32] [DEBUG] Router::Router() /jemini/wwProjectV1.51/Develop/Console/ServerBridgeAction/
[2026-07-23 03:35:32] [DEBUG] Attempting to load: \Develop\Controllers\ConsoleController::ServerBridgeAction
[2026-07-23 03:35:32] [DEBUG] Router: Executing \Develop\Controllers\ConsoleController->ServerBridgeAction
[2026-07-23 03:35:32] [DEBUG] ConsoleController::ServerBridge() start...
[2026-07-23 03:35:32] [DEBUG] ConsoleController::ServerBridge() \Develop\Controllers\PartsDefinitionController::InitialAction()
[2026-07-23 03:35:32] [DEBUG] DBDefinitionController::initialAction() start...
[2026-07-23 03:35:32] [DEBUG] PartsDefinitionController::initialAction() projectId : PRJ-D45FEF
[2026-07-23 03:35:32] [DEBUG] PartsDefinitionModel::getAllPartsList() start... Project ID: PRJ-D45FEF
[2026-07-23 03:35:32] [DEBUG] Screen::updateAreaD() path: \Develop\Views\AreaD\PartsDefinition\PartsDefinitionList.view start...
[2026-07-23 03:35:32] [DEBUG] Screen::getContents() start...
[2026-07-23 03:35:32] [DEBUG] Screen::getContents() finish.
[2026-07-23 03:35:32] [DEBUG] Screen::updateAreaD() finish.
[2026-07-23 03:35:32] [DEBUG] Screen::updateAreaE() [iframe起動版] path: \Develop\Views\AreaE\Area_E_clear.view start...
[2026-07-23 03:35:32] [DEBUG] Screen::getContents() start...
[2026-07-23 03:35:32] [DEBUG] Screen::getContents() finish.
[2026-07-23 03:35:32] [DEBUG] Screen::updateAreaE() finish.
[2026-07-23 03:35:32] [DEBUG] DBDefinitionController::initialAction() end.
[2026-07-23 03:35:32] [DEBUG] Screen::areaView() start...
[2026-07-23 03:35:32] [DEBUG] Screen::areaView() finish.
[2026-07-23 03:35:38] [DEBUG] --- wwProject System Start ---
[2026-07-23 03:35:38] [DEBUG] Router::Router() /jemini/wwProjectV1.51/Develop/Console/ServerBridgeAction/
[2026-07-23 03:35:38] [DEBUG] Attempting to load: \Develop\Controllers\ConsoleController::ServerBridgeAction
[2026-07-23 03:35:38] [DEBUG] Router: Executing \Develop\Controllers\ConsoleController->ServerBridgeAction
[2026-07-23 03:35:38] [DEBUG] ConsoleController::ServerBridge() start...
[2026-07-23 03:35:38] [DEBUG] ConsoleController::ServerBridge() \Develop\Controllers\PartsDefinitionController::editPartsAction()
[2026-07-23 03:35:38] [DEBUG] PartsDefinitionController::editPartsAction() start...
[2026-07-23 03:35:38] [DEBUG] PartsDefinitionModel::getAllPartsList() start... Project ID: PRJ-D45FEF
[2026-07-23 03:35:38] [DEBUG] PartsDefinitionModel::getColumnsByTableId() start... Input: newDevelopers
[2026-07-23 03:35:38] [DEBUG] 逆引き成功: 物理名 newDevelopers -> table_id : 12
[2026-07-23 03:35:38] [DEBUG] PartsDefinitionModel::getColumnsByTableId() finish. 件数: 9
[2026-07-23 03:35:38] [DEBUG] PartsDefinitionModel::getTableStructure() start... Project ID: PRJ-D45FEF
[2026-07-23 03:35:38] [DEBUG] Screen::updateAreaE() [iframe起動版] path: \Develop\Views\AreaE\PartsDefinition\RegistParts.view start...
[2026-07-23 03:35:38] [DEBUG] Screen::getContents() start...
[2026-07-23 03:35:38] [DEBUG] Screen::getContents() finish.
[2026-07-23 03:35:38] [DEBUG] Screen::updateAreaE() finish.
[2026-07-23 03:35:38] [DEBUG] PartsDefinitionController::editPartsAction() end.
[2026-07-23 03:35:38] [DEBUG] Screen::areaView() start...
[2026-07-23 03:35:38] [DEBUG] Screen::areaView() finish.
[2026-07-23 03:35:45] [DEBUG] --- wwProject System Start ---
[2026-07-23 03:35:45] [DEBUG] Router::Router() /jemini/wwProjectV1.51/Develop/Console/ServerBridgeAction/
[2026-07-23 03:35:45] [DEBUG] Attempting to load: \Develop\Controllers\ConsoleController::ServerBridgeAction
[2026-07-23 03:35:45] [DEBUG] Router: Executing \Develop\Controllers\ConsoleController->ServerBridgeAction
[2026-07-23 03:35:45] [DEBUG] ConsoleController::ServerBridge() start...
[2026-07-23 03:35:45] [DEBUG] ConsoleController::ServerBridge() \Develop\Controllers\PartsDefinitionController::editPartsAction()
[2026-07-23 03:35:45] [DEBUG] PartsDefinitionController::editPartsAction() start...
[2026-07-23 03:35:45] [DEBUG] PartsDefinitionModel::getAllPartsList() start... Project ID: PRJ-D45FEF
[2026-07-23 03:35:45] [DEBUG] PartsDefinitionModel::getColumnsByTableId() start... Input: newDevelopers
[2026-07-23 03:35:45] [DEBUG] 逆引き成功: 物理名 newDevelopers -> table_id : 12
[2026-07-23 03:35:45] [DEBUG] PartsDefinitionModel::getColumnsByTableId() finish. 件数: 9
[2026-07-23 03:35:45] [DEBUG] PartsDefinitionModel::getTableStructure() start... Project ID: PRJ-D45FEF
[2026-07-23 03:35:45] [DEBUG] Screen::updateAreaE() [iframe起動版] path: \Develop\Views\AreaE\PartsDefinition\RegistParts.view start...
[2026-07-23 03:35:45] [DEBUG] Screen::getContents() start...
[2026-07-23 03:35:45] [DEBUG] Screen::getContents() finish.
[2026-07-23 03:35:45] [DEBUG] Screen::updateAreaE() finish.
[2026-07-23 03:35:45] [DEBUG] PartsDefinitionController::editPartsAction() end.
[2026-07-23 03:35:45] [DEBUG] Screen::areaView() start...
[2026-07-23 03:35:45] [DEBUG] Screen::areaView() finish.
[2026-07-23 03:35:48] [DEBUG] --- wwProject System Start ---
[2026-07-23 03:35:48] [DEBUG] Router::Router() /jemini/wwProjectV1.51/Develop/Console/ServerBridgeAction/
[2026-07-23 03:35:48] [DEBUG] Attempting to load: \Develop\Controllers\ConsoleController::ServerBridgeAction
[2026-07-23 03:35:48] [DEBUG] Router: Executing \Develop\Controllers\ConsoleController->ServerBridgeAction
[2026-07-23 03:35:48] [DEBUG] ConsoleController::ServerBridge() start...
[2026-07-23 03:35:48] [DEBUG] ConsoleController::ServerBridge() \Develop\Controllers\PartsDefinitionController::editPartsAction()
[2026-07-23 03:35:48] [DEBUG] PartsDefinitionController::editPartsAction() start...
[2026-07-23 03:35:48] [DEBUG] PartsDefinitionModel::getAllPartsList() start... Project ID: PRJ-D45FEF
[2026-07-23 03:35:48] [DEBUG] PartsDefinitionModel::getColumnsByTableId() start... Input: developers
[2026-07-23 03:35:48] [DEBUG] 逆引き成功: 物理名 developers -> table_id : 14
[2026-07-23 03:35:48] [DEBUG] PartsDefinitionModel::getColumnsByTableId() finish. 件数: 9
[2026-07-23 03:35:48] [DEBUG] PartsDefinitionModel::getTableStructure() start... Project ID: PRJ-D45FEF
[2026-07-23 03:35:48] [DEBUG] Screen::updateAreaE() [iframe起動版] path: \Develop\Views\AreaE\PartsDefinition\RegistParts.view start...
[2026-07-23 03:35:48] [DEBUG] Screen::getContents() start...
[2026-07-23 03:35:48] [DEBUG] Screen::getContents() finish.
[2026-07-23 03:35:48] [DEBUG] Screen::updateAreaE() finish.
[2026-07-23 03:35:48] [DEBUG] PartsDefinitionController::editPartsAction() end.
[2026-07-23 03:35:48] [DEBUG] Screen::areaView() start...
[2026-07-23 03:35:48] [DEBUG] Screen::areaView() finish.
[2026-07-23 03:38:16] [DEBUG] --- wwProject System Start ---
[2026-07-23 03:38:16] [DEBUG] Router::Router() /jemini/wwProjectV1.51/Develop/Console/initial/
[2026-07-23 03:38:16] [DEBUG] Attempting to load: \Develop\Controllers\ConsoleController::initialAction
[2026-07-23 03:38:16] [DEBUG] Router: Executing \Develop\Controllers\ConsoleController->initialAction
[2026-07-23 03:38:16] [DEBUG] Console::initialAction() start...
[2026-07-23 03:38:16] [DEBUG] Screen::view() path: \Develop\Views\Console\Console.view start...
[2026-07-23 03:38:16] [DEBUG] Screen::getContents() start...
[2026-07-23 03:38:16] [DEBUG] Screen::getContents() finish.
[2026-07-23 03:38:16] [DEBUG] Screen::view() path: \Develop\Views\Console\Console.view finish.
[2026-07-23 03:38:16] [DEBUG] ConsoleController::initialAction() finish.
[2026-07-23 03:38:16] [DEBUG] --- wwProject System Start ---
[2026-07-23 03:38:16] [DEBUG] Router::Router() /jemini/wwProjectV1.51/Develop/Console/ServerBridgeAction/
[2026-07-23 03:38:16] [DEBUG] Attempting to load: \Develop\Controllers\ConsoleController::ServerBridgeAction
[2026-07-23 03:38:16] [DEBUG] Router: Executing \Develop\Controllers\ConsoleController->ServerBridgeAction
[2026-07-23 03:38:16] [DEBUG] ConsoleController::ServerBridge() start...
[2026-07-23 03:38:16] [DEBUG] ConsoleController::ServerBridge() \Develop\Controllers\ConsoleController::areaInitialAction()
[2026-07-23 03:38:16] [DEBUG] ConsoleController::AreaInitialAction() start...
[2026-07-23 03:38:16] [DEBUG] Screen::updateAreaA() path: \Develop\Views\AreaA\Area_A.view start...
[2026-07-23 03:38:16] [DEBUG] Screen::areaView() sending JSON: ["areas"]
[2026-07-23 03:38:16] [DEBUG] Screen::getContents() start...
[2026-07-23 03:38:16] [DEBUG] Screen::getContents() finish.
[2026-07-23 03:38:16] [DEBUG] Screen::updateAreaA() finish.
[2026-07-23 03:38:16] [DEBUG] Screen::updateAreaB() path: \Develop\Views\AreaB\Area_B.view start...
[2026-07-23 03:38:16] [DEBUG] Screen::getContents() start...
[2026-07-23 03:38:16] [DEBUG] Screen::getContents() finish.
[2026-07-23 03:38:16] [DEBUG] Screen::updateAreaB() finish.
[2026-07-23 03:38:16] [DEBUG] Screen::updateAreaD() path: \Develop\Views\AreaD\Area_D_clear.view start...
[2026-07-23 03:38:16] [DEBUG] Screen::getContents() start...
[2026-07-23 03:38:16] [DEBUG] Screen::getContents() finish.
[2026-07-23 03:38:16] [DEBUG] Screen::updateAreaD() finish.
[2026-07-23 03:38:16] [DEBUG] Screen::updateAreaE() [iframe起動版] path: \Develop\Views\AreaE\Area_E_clear.view start...
[2026-07-23 03:38:16] [DEBUG] Screen::getContents() start...
[2026-07-23 03:38:16] [DEBUG] Screen::getContents() finish.
[2026-07-23 03:38:16] [DEBUG] Screen::updateAreaE() finish.
[2026-07-23 03:38:16] [DEBUG] Screen::updateAreaF() path: \Develop\Views\AreaF\Area_F.view start...
[2026-07-23 03:38:16] [DEBUG] Screen::getContents() start...
[2026-07-23 03:38:16] [DEBUG] Screen::getContents() finish.
[2026-07-23 03:38:16] [DEBUG] Screen::updateAreaF() finish.
[2026-07-23 03:38:16] [DEBUG] ProjectController::startProjectNabi() start...
[2026-07-23 03:38:16] [DEBUG] ProjectController::getProjectListHtml() start...
[2026-07-23 03:38:16] [DEBUG] ProjectModel::getProjectList() start...
[2026-07-23 03:38:16] [DEBUG] ProjectModel::getProjectList() finish.
[2026-07-23 03:38:16] [DEBUG] CodeMasterModel：：getCodesByGroup() start...
[2026-07-23 03:38:16] [DEBUG] CodeMasterModel：：getCodesByGroup() finish.
[2026-07-23 03:38:16] [DEBUG] ProjectController::getNaviFooterHtml() start...
[2026-07-23 03:38:16] [DEBUG] ProjectController::getNaviFooterHtml() finish.
[2026-07-23 03:38:16] [DEBUG] ProjectController::startProjectNabi() finish.
[2026-07-23 03:38:16] [DEBUG] Screen::updateAreaC() \Develop\Views\AreaC\Area_C.view start...
[2026-07-23 03:38:16] [DEBUG] Screen::getContents() start...
[2026-07-23 03:38:16] [DEBUG] Screen::getContents() finish.
[2026-07-23 03:38:16] [DEBUG] Screen::updateAreaC() finish.
[2026-07-23 03:38:16] [DEBUG] ConsoleController::AreaInitialAction() finish.
[2026-07-23 03:38:16] [DEBUG] Screen::areaView() start...
[2026-07-23 03:38:16] [DEBUG] Screen::areaView() finish.
[2026-07-23 03:38:18] [DEBUG] --- wwProject System Start ---
[2026-07-23 03:38:18] [DEBUG] Router::Router() /jemini/wwProjectV1.51/Develop/Console/ServerBridgeAction/
[2026-07-23 03:38:18] [DEBUG] Attempting to load: \Develop\Controllers\ConsoleController::ServerBridgeAction
[2026-07-23 03:38:18] [DEBUG] Router: Executing \Develop\Controllers\ConsoleController->ServerBridgeAction
[2026-07-23 03:38:18] [DEBUG] ConsoleController::ServerBridge() start...
[2026-07-23 03:38:18] [DEBUG] ConsoleController::ServerBridge() \Develop\Controllers\PartsDefinitionController::InitialAction()
[2026-07-23 03:38:18] [DEBUG] DBDefinitionController::initialAction() start...
[2026-07-23 03:38:18] [DEBUG] PartsDefinitionController::initialAction() projectId : PRJ-D45FEF
[2026-07-23 03:38:18] [DEBUG] PartsDefinitionModel::getAllPartsList() start... Project ID: PRJ-D45FEF
[2026-07-23 03:38:18] [DEBUG] Screen::updateAreaD() path: \Develop\Views\AreaD\PartsDefinition\PartsDefinitionList.view start...
[2026-07-23 03:38:18] [DEBUG] Screen::getContents() start...
[2026-07-23 03:38:18] [DEBUG] Screen::getContents() finish.
[2026-07-23 03:38:18] [DEBUG] Screen::updateAreaD() finish.
[2026-07-23 03:38:18] [DEBUG] Screen::updateAreaE() [iframe起動版] path: \Develop\Views\AreaE\Area_E_clear.view start...
[2026-07-23 03:38:18] [DEBUG] Screen::getContents() start...
[2026-07-23 03:38:18] [DEBUG] Screen::getContents() finish.
[2026-07-23 03:38:18] [DEBUG] Screen::updateAreaE() finish.
[2026-07-23 03:38:18] [DEBUG] DBDefinitionController::initialAction() end.
[2026-07-23 03:38:18] [DEBUG] Screen::areaView() start...
[2026-07-23 03:38:18] [DEBUG] Screen::areaView() finish.
[2026-07-23 03:38:22] [DEBUG] --- wwProject System Start ---
[2026-07-23 03:38:22] [DEBUG] Router::Router() /jemini/wwProjectV1.51/Develop/Console/ServerBridgeAction/
[2026-07-23 03:38:22] [DEBUG] Attempting to load: \Develop\Controllers\ConsoleController::ServerBridgeAction
[2026-07-23 03:38:22] [DEBUG] Router: Executing \Develop\Controllers\ConsoleController->ServerBridgeAction
[2026-07-23 03:38:22] [DEBUG] ConsoleController::ServerBridge() start...
[2026-07-23 03:38:22] [DEBUG] ConsoleController::ServerBridge() \Develop\Controllers\PartsDefinitionController::editPartsAction()
[2026-07-23 03:38:22] [DEBUG] PartsDefinitionController::editPartsAction() start...
[2026-07-23 03:38:22] [DEBUG] PartsDefinitionModel::getAllPartsList() start... Project ID: PRJ-D45FEF
[2026-07-23 03:38:22] [DEBUG] PartsDefinitionModel::getColumnsByTableId() start... Input: newDevelopers
[2026-07-23 03:38:22] [DEBUG] 逆引き成功: 物理名 newDevelopers -> table_id : 12
[2026-07-23 03:38:22] [DEBUG] PartsDefinitionModel::getColumnsByTableId() finish. 件数: 9
[2026-07-23 03:38:22] [DEBUG] PartsDefinitionModel::getTableStructure() start... Project ID: PRJ-D45FEF
[2026-07-23 03:38:22] [DEBUG] Screen::updateAreaE() [iframe起動版] path: \Develop\Views\AreaE\PartsDefinition\RegistParts.view start...
[2026-07-23 03:38:22] [DEBUG] Screen::getContents() start...
[2026-07-23 03:38:22] [DEBUG] Screen::getContents() finish.
[2026-07-23 03:38:22] [DEBUG] Screen::updateAreaE() finish.
[2026-07-23 03:38:22] [DEBUG] PartsDefinitionController::editPartsAction() end.
[2026-07-23 03:38:22] [DEBUG] Screen::areaView() start...
[2026-07-23 03:38:22] [DEBUG] Screen::areaView() finish.
[2026-07-23 03:38:24] [DEBUG] --- wwProject System Start ---
[2026-07-23 03:38:24] [DEBUG] Router::Router() /jemini/wwProjectV1.51/Develop/Console/ServerBridgeAction/
[2026-07-23 03:38:24] [DEBUG] Attempting to load: \Develop\Controllers\ConsoleController::ServerBridgeAction
[2026-07-23 03:38:24] [DEBUG] Router: Executing \Develop\Controllers\ConsoleController->ServerBridgeAction
[2026-07-23 03:38:24] [DEBUG] ConsoleController::ServerBridge() start...
[2026-07-23 03:38:24] [DEBUG] ConsoleController::ServerBridge() \Develop\Controllers\PartsDefinitionController::editPartsAction()
[2026-07-23 03:38:24] [DEBUG] PartsDefinitionController::editPartsAction() start...
[2026-07-23 03:38:24] [DEBUG] PartsDefinitionModel::getAllPartsList() start... Project ID: PRJ-D45FEF
[2026-07-23 03:38:24] [DEBUG] PartsDefinitionModel::getColumnsByTableId() start... Input: developers
[2026-07-23 03:38:24] [DEBUG] 逆引き成功: 物理名 developers -> table_id : 14
[2026-07-23 03:38:24] [DEBUG] PartsDefinitionModel::getColumnsByTableId() finish. 件数: 9
[2026-07-23 03:38:24] [DEBUG] PartsDefinitionModel::getTableStructure() start... Project ID: PRJ-D45FEF
[2026-07-23 03:38:24] [DEBUG] Screen::updateAreaE() [iframe起動版] path: \Develop\Views\AreaE\PartsDefinition\RegistParts.view start...
[2026-07-23 03:38:24] [DEBUG] Screen::getContents() start...
[2026-07-23 03:38:24] [DEBUG] Screen::getContents() finish.
[2026-07-23 03:38:24] [DEBUG] Screen::updateAreaE() finish.
[2026-07-23 03:38:24] [DEBUG] PartsDefinitionController::editPartsAction() end.
[2026-07-23 03:38:24] [DEBUG] Screen::areaView() start...
[2026-07-23 03:38:24] [DEBUG] Screen::areaView() finish.
[2026-07-23 03:38:35] [DEBUG] --- wwProject System Start ---
[2026-07-23 03:38:35] [DEBUG] Router::Router() /jemini/wwProjectV1.51/Develop/Console/ServerBridgeAction/
[2026-07-23 03:38:35] [DEBUG] Attempting to load: \Develop\Controllers\ConsoleController::ServerBridgeAction
[2026-07-23 03:38:35] [DEBUG] Router: Executing \Develop\Controllers\ConsoleController->ServerBridgeAction
[2026-07-23 03:38:35] [DEBUG] ConsoleController::ServerBridge() start...
[2026-07-23 03:38:35] [DEBUG] ConsoleController::ServerBridge() \Develop\Controllers\PartsDefinitionController::editPartsAction()
[2026-07-23 03:38:35] [DEBUG] PartsDefinitionController::editPartsAction() start...
[2026-07-23 03:38:35] [DEBUG] PartsDefinitionModel::getAllPartsList() start... Project ID: PRJ-D45FEF
[2026-07-23 03:38:35] [DEBUG] PartsDefinitionModel::getColumnsByTableId() start... Input: developers
[2026-07-23 03:38:35] [DEBUG] 逆引き成功: 物理名 developers -> table_id : 14
[2026-07-23 03:38:35] [DEBUG] PartsDefinitionModel::getColumnsByTableId() finish. 件数: 9
[2026-07-23 03:38:35] [DEBUG] PartsDefinitionModel::getTableStructure() start... Project ID: PRJ-D45FEF
[2026-07-23 03:38:35] [DEBUG] Screen::updateAreaE() [iframe起動版] path: \Develop\Views\AreaE\PartsDefinition\RegistParts.view start...
[2026-07-23 03:38:35] [DEBUG] Screen::getContents() start...
[2026-07-23 03:38:35] [DEBUG] Screen::getContents() finish.
[2026-07-23 03:38:35] [DEBUG] Screen::updateAreaE() finish.
[2026-07-23 03:38:35] [DEBUG] PartsDefinitionController::editPartsAction() end.
[2026-07-23 03:38:35] [DEBUG] Screen::areaView() start...
[2026-07-23 03:38:35] [DEBUG] Screen::areaView() finish.
[2026-07-23 03:40:31] [DEBUG] --- wwProject System Start ---
[2026-07-23 03:40:31] [DEBUG] Router::Router() /jemini/wwProjectV1.51/Develop/Console/ServerBridgeAction/
[2026-07-23 03:40:31] [DEBUG] Attempting to load: \Develop\Controllers\ConsoleController::ServerBridgeAction
[2026-07-23 03:40:31] [DEBUG] Router: Executing \Develop\Controllers\ConsoleController->ServerBridgeAction
[2026-07-23 03:40:31] [DEBUG] ConsoleController::ServerBridge() start...
[2026-07-23 03:40:31] [DEBUG] ConsoleController::ServerBridge() \Develop\Controllers\PartsDefinitionController::editPartsAction()
[2026-07-23 03:40:31] [DEBUG] PartsDefinitionController::editPartsAction() start...
[2026-07-23 03:40:31] [DEBUG] PartsDefinitionModel::getAllPartsList() start... Project ID: PRJ-D45FEF
[2026-07-23 03:40:31] [DEBUG] PartsDefinitionModel::getTableStructure() start... Project ID: PRJ-D45FEF
[2026-07-23 03:40:31] [DEBUG] Screen::updateAreaE() [iframe起動版] path: \Develop\Views\AreaE\PartsDefinition\RegistParts.view start...
[2026-07-23 03:40:31] [DEBUG] Screen::getContents() start...
[2026-07-23 03:40:31] [DEBUG] Screen::getContents() finish.
[2026-07-23 03:40:31] [DEBUG] Screen::updateAreaE() finish.
[2026-07-23 03:40:31] [DEBUG] PartsDefinitionController::editPartsAction() end.
[2026-07-23 03:40:31] [DEBUG] Screen::areaView() start...
[2026-07-23 03:40:31] [DEBUG] Screen::areaView() finish.
[2026-07-23 03:40:32] [DEBUG] --- wwProject System Start ---
[2026-07-23 03:40:32] [DEBUG] Router::Router() /jemini/wwProjectV1.51/Develop/Console/initial/
[2026-07-23 03:40:32] [DEBUG] Attempting to load: \Develop\Controllers\ConsoleController::initialAction
[2026-07-23 03:40:32] [DEBUG] Router: Executing \Develop\Controllers\ConsoleController->initialAction
[2026-07-23 03:40:32] [DEBUG] Console::initialAction() start...
[2026-07-23 03:40:32] [DEBUG] Screen::view() path: \Develop\Views\Console\Console.view start...
[2026-07-23 03:40:32] [DEBUG] Screen::getContents() start...
[2026-07-23 03:40:32] [DEBUG] Screen::getContents() finish.
[2026-07-23 03:40:32] [DEBUG] Screen::view() path: \Develop\Views\Console\Console.view finish.
[2026-07-23 03:40:32] [DEBUG] ConsoleController::initialAction() finish.
[2026-07-23 03:40:32] [DEBUG] --- wwProject System Start ---
[2026-07-23 03:40:32] [DEBUG] Router::Router() /jemini/wwProjectV1.51/Develop/Console/ServerBridgeAction/
[2026-07-23 03:40:32] [DEBUG] Attempting to load: \Develop\Controllers\ConsoleController::ServerBridgeAction
[2026-07-23 03:40:32] [DEBUG] Router: Executing \Develop\Controllers\ConsoleController->ServerBridgeAction
[2026-07-23 03:40:32] [DEBUG] ConsoleController::ServerBridge() start...
[2026-07-23 03:40:32] [DEBUG] ConsoleController::ServerBridge() \Develop\Controllers\ConsoleController::areaInitialAction()
[2026-07-23 03:40:32] [DEBUG] ConsoleController::AreaInitialAction() start...
[2026-07-23 03:40:32] [DEBUG] Screen::updateAreaA() path: \Develop\Views\AreaA\Area_A.view start...
[2026-07-23 03:40:32] [DEBUG] Screen::areaView() sending JSON: ["areas"]
[2026-07-23 03:40:32] [DEBUG] Screen::getContents() start...
[2026-07-23 03:40:32] [DEBUG] Screen::getContents() finish.
[2026-07-23 03:40:32] [DEBUG] Screen::updateAreaA() finish.
[2026-07-23 03:40:32] [DEBUG] Screen::updateAreaB() path: \Develop\Views\AreaB\Area_B.view start...
[2026-07-23 03:40:32] [DEBUG] Screen::getContents() start...
[2026-07-23 03:40:32] [DEBUG] Screen::getContents() finish.
[2026-07-23 03:40:32] [DEBUG] Screen::updateAreaB() finish.
[2026-07-23 03:40:32] [DEBUG] Screen::updateAreaD() path: \Develop\Views\AreaD\Area_D_clear.view start...
[2026-07-23 03:40:32] [DEBUG] Screen::getContents() start...
[2026-07-23 03:40:32] [DEBUG] Screen::getContents() finish.
[2026-07-23 03:40:32] [DEBUG] Screen::updateAreaD() finish.
[2026-07-23 03:40:32] [DEBUG] Screen::updateAreaE() [iframe起動版] path: \Develop\Views\AreaE\Area_E_clear.view start...
[2026-07-23 03:40:32] [DEBUG] Screen::getContents() start...
[2026-07-23 03:40:32] [DEBUG] Screen::getContents() finish.
[2026-07-23 03:40:32] [DEBUG] Screen::updateAreaE() finish.
[2026-07-23 03:40:32] [DEBUG] Screen::updateAreaF() path: \Develop\Views\AreaF\Area_F.view start...
[2026-07-23 03:40:32] [DEBUG] Screen::getContents() start...
[2026-07-23 03:40:32] [DEBUG] Screen::getContents() finish.
[2026-07-23 03:40:32] [DEBUG] Screen::updateAreaF() finish.
[2026-07-23 03:40:32] [DEBUG] ProjectController::startProjectNabi() start...
[2026-07-23 03:40:32] [DEBUG] ProjectController::getProjectListHtml() start...
[2026-07-23 03:40:32] [DEBUG] ProjectModel::getProjectList() start...
[2026-07-23 03:40:32] [DEBUG] ProjectModel::getProjectList() finish.
[2026-07-23 03:40:32] [DEBUG] CodeMasterModel：：getCodesByGroup() start...
[2026-07-23 03:40:32] [DEBUG] CodeMasterModel：：getCodesByGroup() finish.
[2026-07-23 03:40:32] [DEBUG] ProjectController::getNaviFooterHtml() start...
[2026-07-23 03:40:32] [DEBUG] ProjectController::getNaviFooterHtml() finish.
[2026-07-23 03:40:32] [DEBUG] ProjectController::startProjectNabi() finish.
[2026-07-23 03:40:32] [DEBUG] Screen::updateAreaC() \Develop\Views\AreaC\Area_C.view start...
[2026-07-23 03:40:32] [DEBUG] Screen::getContents() start...
[2026-07-23 03:40:32] [DEBUG] Screen::getContents() finish.
[2026-07-23 03:40:32] [DEBUG] Screen::updateAreaC() finish.
[2026-07-23 03:40:32] [DEBUG] ConsoleController::AreaInitialAction() finish.
[2026-07-23 03:40:32] [DEBUG] Screen::areaView() start...
[2026-07-23 03:40:32] [DEBUG] Screen::areaView() finish.
[2026-07-23 03:40:35] [DEBUG] --- wwProject System Start ---
[2026-07-23 03:40:35] [DEBUG] Router::Router() /jemini/wwProjectV1.51/Develop/Console/ServerBridgeAction/
[2026-07-23 03:40:35] [DEBUG] Attempting to load: \Develop\Controllers\ConsoleController::ServerBridgeAction
[2026-07-23 03:40:35] [DEBUG] Router: Executing \Develop\Controllers\ConsoleController->ServerBridgeAction
[2026-07-23 03:40:35] [DEBUG] ConsoleController::ServerBridge() start...
[2026-07-23 03:40:35] [DEBUG] ConsoleController::ServerBridge() \Develop\Controllers\PartsDefinitionController::InitialAction()
[2026-07-23 03:40:35] [DEBUG] DBDefinitionController::initialAction() start...
[2026-07-23 03:40:35] [DEBUG] PartsDefinitionController::initialAction() projectId : PRJ-D45FEF
[2026-07-23 03:40:35] [DEBUG] PartsDefinitionModel::getAllPartsList() start... Project ID: PRJ-D45FEF
[2026-07-23 03:40:35] [DEBUG] Screen::updateAreaD() path: \Develop\Views\AreaD\PartsDefinition\PartsDefinitionList.view start...
[2026-07-23 03:40:35] [DEBUG] Screen::getContents() start...
[2026-07-23 03:40:35] [DEBUG] Screen::getContents() finish.
[2026-07-23 03:40:35] [DEBUG] Screen::updateAreaD() finish.
[2026-07-23 03:40:35] [DEBUG] Screen::updateAreaE() [iframe起動版] path: \Develop\Views\AreaE\Area_E_clear.view start...
[2026-07-23 03:40:35] [DEBUG] Screen::getContents() start...
[2026-07-23 03:40:35] [DEBUG] Screen::getContents() finish.
[2026-07-23 03:40:35] [DEBUG] Screen::updateAreaE() finish.
[2026-07-23 03:40:35] [DEBUG] DBDefinitionController::initialAction() end.
[2026-07-23 03:40:35] [DEBUG] Screen::areaView() start...
[2026-07-23 03:40:35] [DEBUG] Screen::areaView() finish.
[2026-07-23 03:40:38] [DEBUG] --- wwProject System Start ---
[2026-07-23 03:40:38] [DEBUG] Router::Router() /jemini/wwProjectV1.51/Develop/Console/ServerBridgeAction/
[2026-07-23 03:40:38] [DEBUG] Attempting to load: \Develop\Controllers\ConsoleController::ServerBridgeAction
[2026-07-23 03:40:38] [DEBUG] Router: Executing \Develop\Controllers\ConsoleController->ServerBridgeAction
[2026-07-23 03:40:38] [DEBUG] ConsoleController::ServerBridge() start...
[2026-07-23 03:40:38] [DEBUG] ConsoleController::ServerBridge() \Develop\Controllers\PartsDefinitionController::editPartsAction()
[2026-07-23 03:40:38] [DEBUG] PartsDefinitionController::editPartsAction() start...
[2026-07-23 03:40:38] [DEBUG] PartsDefinitionModel::getAllPartsList() start... Project ID: PRJ-D45FEF
[2026-07-23 03:40:38] [DEBUG] PartsDefinitionModel::getColumnsByTableId() start... Input: developers
[2026-07-23 03:40:38] [DEBUG] 逆引き成功: 物理名 developers -> table_id : 14
[2026-07-23 03:40:38] [DEBUG] PartsDefinitionModel::getColumnsByTableId() finish. 件数: 9
[2026-07-23 03:40:38] [DEBUG] PartsDefinitionModel::getTableStructure() start... Project ID: PRJ-D45FEF
[2026-07-23 03:40:38] [DEBUG] Screen::updateAreaE() [iframe起動版] path: \Develop\Views\AreaE\PartsDefinition\RegistParts.view start...
[2026-07-23 03:40:38] [DEBUG] Screen::getContents() start...
[2026-07-23 03:40:38] [DEBUG] Screen::getContents() finish.
[2026-07-23 03:40:38] [DEBUG] Screen::updateAreaE() finish.
[2026-07-23 03:40:38] [DEBUG] PartsDefinitionController::editPartsAction() end.
[2026-07-23 03:40:38] [DEBUG] Screen::areaView() start...
[2026-07-23 03:40:38] [DEBUG] Screen::areaView() finish.
[2026-07-23 03:42:06] [DEBUG] --- wwProject System Start ---
[2026-07-23 03:42:06] [DEBUG] Router::Router() /jemini/wwProjectV1.51/Develop/Console/initial/
[2026-07-23 03:42:06] [DEBUG] Attempting to load: \Develop\Controllers\ConsoleController::initialAction
[2026-07-23 03:42:06] [DEBUG] Router: Executing \Develop\Controllers\ConsoleController->initialAction
[2026-07-23 03:42:06] [DEBUG] Console::initialAction() start...
[2026-07-23 03:42:06] [DEBUG] Screen::view() path: \Develop\Views\Console\Console.view start...
[2026-07-23 03:42:06] [DEBUG] Screen::getContents() start...
[2026-07-23 03:42:06] [DEBUG] Screen::getContents() finish.
[2026-07-23 03:42:06] [DEBUG] Screen::view() path: \Develop\Views\Console\Console.view finish.
[2026-07-23 03:42:06] [DEBUG] ConsoleController::initialAction() finish.
[2026-07-23 03:42:06] [DEBUG] --- wwProject System Start ---
[2026-07-23 03:42:06] [DEBUG] Router::Router() /jemini/wwProjectV1.51/Develop/Console/ServerBridgeAction/
[2026-07-23 03:42:06] [DEBUG] Attempting to load: \Develop\Controllers\ConsoleController::ServerBridgeAction
[2026-07-23 03:42:06] [DEBUG] Router: Executing \Develop\Controllers\ConsoleController->ServerBridgeAction
[2026-07-23 03:42:06] [DEBUG] ConsoleController::ServerBridge() start...
[2026-07-23 03:42:06] [DEBUG] ConsoleController::ServerBridge() \Develop\Controllers\ConsoleController::areaInitialAction()
[2026-07-23 03:42:06] [DEBUG] ConsoleController::AreaInitialAction() start...
[2026-07-23 03:42:06] [DEBUG] Screen::updateAreaA() path: \Develop\Views\AreaA\Area_A.view start...
[2026-07-23 03:42:06] [DEBUG] Screen::areaView() sending JSON: ["areas"]
[2026-07-23 03:42:06] [DEBUG] Screen::getContents() start...
[2026-07-23 03:42:06] [DEBUG] Screen::getContents() finish.
[2026-07-23 03:42:06] [DEBUG] Screen::updateAreaA() finish.
[2026-07-23 03:42:06] [DEBUG] Screen::updateAreaB() path: \Develop\Views\AreaB\Area_B.view start...
[2026-07-23 03:42:06] [DEBUG] Screen::getContents() start...
[2026-07-23 03:42:06] [DEBUG] Screen::getContents() finish.
[2026-07-23 03:42:06] [DEBUG] Screen::updateAreaB() finish.
[2026-07-23 03:42:06] [DEBUG] Screen::updateAreaD() path: \Develop\Views\AreaD\Area_D_clear.view start...
[2026-07-23 03:42:06] [DEBUG] Screen::getContents() start...
[2026-07-23 03:42:06] [DEBUG] Screen::getContents() finish.
[2026-07-23 03:42:06] [DEBUG] Screen::updateAreaD() finish.
[2026-07-23 03:42:06] [DEBUG] Screen::updateAreaE() [iframe起動版] path: \Develop\Views\AreaE\Area_E_clear.view start...
[2026-07-23 03:42:06] [DEBUG] Screen::getContents() start...
[2026-07-23 03:42:06] [DEBUG] Screen::getContents() finish.
[2026-07-23 03:42:06] [DEBUG] Screen::updateAreaE() finish.
[2026-07-23 03:42:06] [DEBUG] Screen::updateAreaF() path: \Develop\Views\AreaF\Area_F.view start...
[2026-07-23 03:42:06] [DEBUG] Screen::getContents() start...
[2026-07-23 03:42:06] [DEBUG] Screen::getContents() finish.
[2026-07-23 03:42:06] [DEBUG] Screen::updateAreaF() finish.
[2026-07-23 03:42:06] [DEBUG] ProjectController::startProjectNabi() start...
[2026-07-23 03:42:06] [DEBUG] ProjectController::getProjectListHtml() start...
[2026-07-23 03:42:06] [DEBUG] ProjectModel::getProjectList() start...
[2026-07-23 03:42:06] [DEBUG] ProjectModel::getProjectList() finish.
[2026-07-23 03:42:06] [DEBUG] CodeMasterModel：：getCodesByGroup() start...
[2026-07-23 03:42:06] [DEBUG] CodeMasterModel：：getCodesByGroup() finish.
[2026-07-23 03:42:06] [DEBUG] ProjectController::getNaviFooterHtml() start...
[2026-07-23 03:42:06] [DEBUG] ProjectController::getNaviFooterHtml() finish.
[2026-07-23 03:42:06] [DEBUG] ProjectController::startProjectNabi() finish.
[2026-07-23 03:42:06] [DEBUG] Screen::updateAreaC() \Develop\Views\AreaC\Area_C.view start...
[2026-07-23 03:42:06] [DEBUG] Screen::getContents() start...
[2026-07-23 03:42:06] [DEBUG] Screen::getContents() finish.
[2026-07-23 03:42:06] [DEBUG] Screen::updateAreaC() finish.
[2026-07-23 03:42:06] [DEBUG] ConsoleController::AreaInitialAction() finish.
[2026-07-23 03:42:06] [DEBUG] Screen::areaView() start...
[2026-07-23 03:42:06] [DEBUG] Screen::areaView() finish.
[2026-07-23 03:42:08] [DEBUG] --- wwProject System Start ---
[2026-07-23 03:42:08] [DEBUG] Router::Router() /jemini/wwProjectV1.51/Develop/Console/ServerBridgeAction/
[2026-07-23 03:42:08] [DEBUG] Attempting to load: \Develop\Controllers\ConsoleController::ServerBridgeAction
[2026-07-23 03:42:08] [DEBUG] Router: Executing \Develop\Controllers\ConsoleController->ServerBridgeAction
[2026-07-23 03:42:08] [DEBUG] ConsoleController::ServerBridge() start...
[2026-07-23 03:42:08] [DEBUG] ConsoleController::ServerBridge() \Develop\Controllers\PartsDefinitionController::InitialAction()
[2026-07-23 03:42:08] [DEBUG] DBDefinitionController::initialAction() start...
[2026-07-23 03:42:08] [DEBUG] PartsDefinitionController::initialAction() projectId : PRJ-D45FEF
[2026-07-23 03:42:08] [DEBUG] PartsDefinitionModel::getAllPartsList() start... Project ID: PRJ-D45FEF
[2026-07-23 03:42:08] [DEBUG] Screen::updateAreaD() path: \Develop\Views\AreaD\PartsDefinition\PartsDefinitionList.view start...
[2026-07-23 03:42:08] [DEBUG] Screen::getContents() start...
[2026-07-23 03:42:08] [DEBUG] Screen::getContents() finish.
[2026-07-23 03:42:08] [DEBUG] Screen::updateAreaD() finish.
[2026-07-23 03:42:08] [DEBUG] Screen::updateAreaE() [iframe起動版] path: \Develop\Views\AreaE\Area_E_clear.view start...
[2026-07-23 03:42:08] [DEBUG] Screen::getContents() start...
[2026-07-23 03:42:08] [DEBUG] Screen::getContents() finish.
[2026-07-23 03:42:08] [DEBUG] Screen::updateAreaE() finish.
[2026-07-23 03:42:08] [DEBUG] DBDefinitionController::initialAction() end.
[2026-07-23 03:42:08] [DEBUG] Screen::areaView() start...
[2026-07-23 03:42:08] [DEBUG] Screen::areaView() finish.
[2026-07-23 03:42:10] [DEBUG] --- wwProject System Start ---
[2026-07-23 03:42:10] [DEBUG] Router::Router() /jemini/wwProjectV1.51/Develop/Console/ServerBridgeAction/
[2026-07-23 03:42:10] [DEBUG] Attempting to load: \Develop\Controllers\ConsoleController::ServerBridgeAction
[2026-07-23 03:42:10] [DEBUG] Router: Executing \Develop\Controllers\ConsoleController->ServerBridgeAction
[2026-07-23 03:42:10] [DEBUG] ConsoleController::ServerBridge() start...
[2026-07-23 03:42:10] [DEBUG] ConsoleController::ServerBridge() \Develop\Controllers\PartsDefinitionController::editPartsAction()
[2026-07-23 03:42:10] [DEBUG] PartsDefinitionController::editPartsAction() start...
[2026-07-23 03:42:10] [DEBUG] PartsDefinitionModel::getAllPartsList() start... Project ID: PRJ-D45FEF
[2026-07-23 03:42:10] [DEBUG] PartsDefinitionModel::getColumnsByTableId() start... Input: developers
[2026-07-23 03:42:10] [DEBUG] 逆引き成功: 物理名 developers -> table_id : 14
[2026-07-23 03:42:10] [DEBUG] PartsDefinitionModel::getColumnsByTableId() finish. 件数: 9
[2026-07-23 03:42:10] [DEBUG] PartsDefinitionModel::getTableStructure() start... Project ID: PRJ-D45FEF
[2026-07-23 03:42:10] [DEBUG] Screen::updateAreaE() [iframe起動版] path: \Develop\Views\AreaE\PartsDefinition\RegistParts.view start...
[2026-07-23 03:42:10] [DEBUG] Screen::getContents() start...
[2026-07-23 03:42:10] [DEBUG] Screen::getContents() finish.
[2026-07-23 03:42:10] [DEBUG] Screen::updateAreaE() finish.
[2026-07-23 03:42:10] [DEBUG] PartsDefinitionController::editPartsAction() end.
[2026-07-23 03:42:10] [DEBUG] Screen::areaView() start...
[2026-07-23 03:42:10] [DEBUG] Screen::areaView() finish.
[2026-07-23 05:47:24] [DEBUG] --- wwProject System Start ---
[2026-07-23 05:47:24] [DEBUG] Router::Router() /jemini/wwProjectV1.51/Develop/Console/ServerBridgeAction/
[2026-07-23 05:47:24] [DEBUG] Attempting to load: \Develop\Controllers\ConsoleController::ServerBridgeAction
[2026-07-23 05:47:24] [DEBUG] Router: Executing \Develop\Controllers\ConsoleController->ServerBridgeAction
[2026-07-23 05:47:24] [DEBUG] ConsoleController::ServerBridge() start...
[2026-07-23 05:47:24] [DEBUG] ConsoleController::ServerBridge() \Develop\Controllers\PartsDefinitionController::changeTypeAction()
[2026-07-23 05:47:24] [ERROR] ConsoleController::ServerBridge Fatal: App Method Not Found: \Develop\Controllers\PartsDefinitionController::changeTypeAction
[2026-07-23 05:47:27] [DEBUG] --- wwProject System Start ---
[2026-07-23 05:47:27] [DEBUG] Router::Router() /jemini/wwProjectV1.51/Develop/Console/ServerBridgeAction/
[2026-07-23 05:47:27] [DEBUG] Attempting to load: \Develop\Controllers\ConsoleController::ServerBridgeAction
[2026-07-23 05:47:27] [DEBUG] Router: Executing \Develop\Controllers\ConsoleController->ServerBridgeAction
[2026-07-23 05:47:27] [DEBUG] ConsoleController::ServerBridge() start...
[2026-07-23 05:47:27] [DEBUG] ConsoleController::ServerBridge() \Develop\Controllers\PartsDefinitionController::changeTypeAction()
[2026-07-23 05:47:27] [ERROR] ConsoleController::ServerBridge Fatal: App Method Not Found: \Develop\Controllers\PartsDefinitionController::changeTypeAction
[2026-07-23 11:22:28] [DEBUG] --- wwProject System Start ---
[2026-07-23 11:22:28] [DEBUG] Router::Router() /jemini/wwProjectV1.51/Develop/Console/initial/
[2026-07-23 11:22:28] [DEBUG] Attempting to load: \Develop\Controllers\ConsoleController::initialAction
[2026-07-23 11:22:28] [DEBUG] Router: Executing \Develop\Controllers\ConsoleController->initialAction
[2026-07-23 11:22:28] [DEBUG] Console::initialAction() start...
[2026-07-23 11:22:28] [DEBUG] Screen::view() path: \Develop\Views\Console\Console.view start...
[2026-07-23 11:22:28] [DEBUG] Screen::getContents() start...
[2026-07-23 11:22:28] [DEBUG] Screen::getContents() finish.
[2026-07-23 11:22:28] [DEBUG] Screen::view() path: \Develop\Views\Console\Console.view finish.
[2026-07-23 11:22:28] [DEBUG] ConsoleController::initialAction() finish.
[2026-07-23 11:22:29] [DEBUG] --- wwProject System Start ---
[2026-07-23 11:22:29] [DEBUG] Router::Router() /jemini/wwProjectV1.51/Develop/Console/ServerBridgeAction/
[2026-07-23 11:22:29] [DEBUG] Attempting to load: \Develop\Controllers\ConsoleController::ServerBridgeAction
[2026-07-23 11:22:29] [DEBUG] Router: Executing \Develop\Controllers\ConsoleController->ServerBridgeAction
[2026-07-23 11:22:29] [DEBUG] ConsoleController::ServerBridge() start...
[2026-07-23 11:22:29] [DEBUG] ConsoleController::ServerBridge() \Develop\Controllers\ConsoleController::areaInitialAction()
[2026-07-23 11:22:29] [DEBUG] ConsoleController::AreaInitialAction() start...
[2026-07-23 11:22:29] [DEBUG] Screen::updateAreaA() path: \Develop\Views\AreaA\Area_A.view start...
[2026-07-23 11:22:29] [DEBUG] Screen::areaView() sending JSON: ["areas"]
[2026-07-23 11:22:29] [DEBUG] Screen::getContents() start...
[2026-07-23 11:22:29] [DEBUG] Screen::getContents() finish.
[2026-07-23 11:22:29] [DEBUG] Screen::updateAreaA() finish.
[2026-07-23 11:22:29] [DEBUG] Screen::updateAreaB() path: \Develop\Views\AreaB\Area_B.view start...
[2026-07-23 11:22:29] [DEBUG] Screen::getContents() start...
[2026-07-23 11:22:29] [DEBUG] Screen::getContents() finish.
[2026-07-23 11:22:29] [DEBUG] Screen::updateAreaB() finish.
[2026-07-23 11:22:29] [DEBUG] Screen::updateAreaD() path: \Develop\Views\AreaD\Area_D_clear.view start...
[2026-07-23 11:22:29] [DEBUG] Screen::getContents() start...
[2026-07-23 11:22:29] [DEBUG] Screen::getContents() finish.
[2026-07-23 11:22:29] [DEBUG] Screen::updateAreaD() finish.
[2026-07-23 11:22:29] [DEBUG] Screen::updateAreaE() [iframe起動版] path: \Develop\Views\AreaE\Area_E_clear.view start...
[2026-07-23 11:22:29] [DEBUG] Screen::getContents() start...
[2026-07-23 11:22:29] [DEBUG] Screen::getContents() finish.
[2026-07-23 11:22:29] [DEBUG] Screen::updateAreaE() finish.
[2026-07-23 11:22:29] [DEBUG] Screen::updateAreaF() path: \Develop\Views\AreaF\Area_F.view start...
[2026-07-23 11:22:29] [DEBUG] Screen::getContents() start...
[2026-07-23 11:22:29] [DEBUG] Screen::getContents() finish.
[2026-07-23 11:22:29] [DEBUG] Screen::updateAreaF() finish.
[2026-07-23 11:22:29] [DEBUG] ProjectController::startProjectNabi() start...
[2026-07-23 11:22:29] [DEBUG] ProjectController::getProjectListHtml() start...
[2026-07-23 11:22:29] [DEBUG] ProjectModel::getProjectList() start...
[2026-07-23 11:22:29] [DEBUG] ProjectModel::getProjectList() finish.
[2026-07-23 11:22:29] [DEBUG] CodeMasterModel：：getCodesByGroup() start...
[2026-07-23 11:22:29] [DEBUG] CodeMasterModel：：getCodesByGroup() finish.
[2026-07-23 11:22:29] [DEBUG] ProjectController::getNaviFooterHtml() start...
[2026-07-23 11:22:29] [DEBUG] ProjectController::getNaviFooterHtml() finish.
[2026-07-23 11:22:29] [DEBUG] ProjectController::startProjectNabi() finish.
[2026-07-23 11:22:29] [DEBUG] Screen::updateAreaC() \Develop\Views\AreaC\Area_C.view start...
[2026-07-23 11:22:29] [DEBUG] Screen::getContents() start...
[2026-07-23 11:22:29] [DEBUG] Screen::getContents() finish.
[2026-07-23 11:22:29] [DEBUG] Screen::updateAreaC() finish.
[2026-07-23 11:22:29] [DEBUG] ConsoleController::AreaInitialAction() finish.
[2026-07-23 11:22:29] [DEBUG] Screen::areaView() start...
[2026-07-23 11:22:29] [DEBUG] Screen::areaView() finish.
[2026-07-23 11:22:31] [DEBUG] --- wwProject System Start ---
[2026-07-23 11:22:31] [DEBUG] Router::Router() /jemini/wwProjectV1.51/Develop/Console/ServerBridgeAction/
[2026-07-23 11:22:31] [DEBUG] Attempting to load: \Develop\Controllers\ConsoleController::ServerBridgeAction
[2026-07-23 11:22:31] [DEBUG] Router: Executing \Develop\Controllers\ConsoleController->ServerBridgeAction
[2026-07-23 11:22:31] [DEBUG] ConsoleController::ServerBridge() start...
[2026-07-23 11:22:31] [DEBUG] ConsoleController::ServerBridge() \Develop\Controllers\PartsDefinitionController::InitialAction()
[2026-07-23 11:22:31] [DEBUG] DBDefinitionController::initialAction() start...
[2026-07-23 11:22:31] [DEBUG] PartsDefinitionController::initialAction() projectId : PRJ-D45FEF
[2026-07-23 11:22:31] [DEBUG] PartsDefinitionModel::getAllPartsList() start... Project ID: PRJ-D45FEF
[2026-07-23 11:22:31] [DEBUG] Screen::updateAreaD() path: \Develop\Views\AreaD\PartsDefinition\PartsDefinitionList.view start...
[2026-07-23 11:22:31] [DEBUG] Screen::getContents() start...
[2026-07-23 11:22:31] [DEBUG] Screen::getContents() finish.
[2026-07-23 11:22:31] [DEBUG] Screen::updateAreaD() finish.
[2026-07-23 11:22:31] [DEBUG] Screen::updateAreaE() [iframe起動版] path: \Develop\Views\AreaE\Area_E_clear.view start...
[2026-07-23 11:22:31] [DEBUG] Screen::getContents() start...
[2026-07-23 11:22:31] [DEBUG] Screen::getContents() finish.
[2026-07-23 11:22:31] [DEBUG] Screen::updateAreaE() finish.
[2026-07-23 11:22:31] [DEBUG] DBDefinitionController::initialAction() end.
[2026-07-23 11:22:31] [DEBUG] Screen::areaView() start...
[2026-07-23 11:22:31] [DEBUG] Screen::areaView() finish.
[2026-07-23 11:22:34] [DEBUG] --- wwProject System Start ---
[2026-07-23 11:22:34] [DEBUG] Router::Router() /jemini/wwProjectV1.51/Develop/Console/ServerBridgeAction/
[2026-07-23 11:22:34] [DEBUG] Attempting to load: \Develop\Controllers\ConsoleController::ServerBridgeAction
[2026-07-23 11:22:34] [DEBUG] Router: Executing \Develop\Controllers\ConsoleController->ServerBridgeAction
[2026-07-23 11:22:34] [DEBUG] ConsoleController::ServerBridge() start...
[2026-07-23 11:22:34] [DEBUG] ConsoleController::ServerBridge() \Develop\Controllers\PartsDefinitionController::editPartsAction()
[2026-07-23 11:22:34] [DEBUG] PartsDefinitionController::editPartsAction() start...
[2026-07-23 11:22:34] [DEBUG] PartsDefinitionModel::getAllPartsList() start... Project ID: PRJ-D45FEF
[2026-07-23 11:22:34] [DEBUG] PartsDefinitionModel::getColumnsByTableId() start... Input: developers
[2026-07-23 11:22:34] [DEBUG] 逆引き成功: 物理名 developers -> table_id : 14
[2026-07-23 11:22:34] [DEBUG] PartsDefinitionModel::getColumnsByTableId() finish. 件数: 9
[2026-07-23 11:22:34] [DEBUG] PartsDefinitionModel::getTableStructure() start... Project ID: PRJ-D45FEF
[2026-07-23 11:22:34] [DEBUG] Screen::updateAreaE() [iframe起動版] path: \Develop\Views\AreaE\PartsDefinition\RegistParts.view start...
[2026-07-23 11:22:34] [DEBUG] Screen::getContents() start...
[2026-07-23 11:22:35] [DEBUG] Screen::getContents() finish.
[2026-07-23 11:22:35] [DEBUG] Screen::updateAreaE() finish.
[2026-07-23 11:22:35] [DEBUG] PartsDefinitionController::editPartsAction() end.
[2026-07-23 11:22:35] [DEBUG] Screen::areaView() start...
[2026-07-23 11:22:35] [DEBUG] Screen::areaView() finish.
[2026-07-23 11:22:51] [DEBUG] --- wwProject System Start ---
[2026-07-23 11:22:51] [DEBUG] Router::Router() /jemini/wwProjectV1.51/Develop/Console/ServerBridgeAction/
[2026-07-23 11:22:51] [DEBUG] Attempting to load: \Develop\Controllers\ConsoleController::ServerBridgeAction
[2026-07-23 11:22:51] [DEBUG] Router: Executing \Develop\Controllers\ConsoleController->ServerBridgeAction
[2026-07-23 11:22:51] [DEBUG] ConsoleController::ServerBridge() start...
[2026-07-23 11:22:51] [DEBUG] ConsoleController::ServerBridge() \Develop\Controllers\PartsDefinitionController::getColumnsAction()
[2026-07-23 11:22:51] [DEBUG] PartsDefinitionController::getColumnsAction() start...
[2026-07-23 11:22:51] [DEBUG] PartsDefinitionModel::getColumnsByTableId() start... Input: applicantmaster
[2026-07-23 11:22:51] [DEBUG] 逆引き成功: 物理名 applicantmaster -> table_id : 13
[2026-07-23 11:22:51] [DEBUG] PartsDefinitionModel::getColumnsByTableId() finish. 件数: 19
[2026-07-23 11:22:51] [DEBUG] PartsDefinitionModel::getTableStructure() start... Project ID: PRJ-D45FEF
[2026-07-23 11:22:51] [DEBUG] Screen::updateAreaE() [iframe起動版] path: \Develop\Views\AreaE\PartsDefinition\RegistParts.view start...
[2026-07-23 11:22:51] [DEBUG] Screen::getContents() start...
[2026-07-23 11:22:51] [DEBUG] Screen::getContents() finish.
[2026-07-23 11:22:51] [DEBUG] Screen::updateAreaE() finish.
[2026-07-23 11:22:51] [DEBUG] PartsDefinitionController::getColumnsAction() end.
[2026-07-23 11:22:51] [DEBUG] Screen::areaView() start...
[2026-07-23 11:22:51] [DEBUG] Screen::areaView() finish.
[2026-07-23 11:23:06] [DEBUG] --- wwProject System Start ---
[2026-07-23 11:23:06] [DEBUG] Router::Router() /jemini/wwProjectV1.51/Develop/Console/ServerBridgeAction/
[2026-07-23 11:23:06] [DEBUG] Attempting to load: \Develop\Controllers\ConsoleController::ServerBridgeAction
[2026-07-23 11:23:06] [DEBUG] Router: Executing \Develop\Controllers\ConsoleController->ServerBridgeAction
[2026-07-23 11:23:06] [DEBUG] ConsoleController::ServerBridge() start...
[2026-07-23 11:23:06] [DEBUG] ConsoleController::ServerBridge() \Develop\Controllers\PartsDefinitionController::changeTypeAction()
[2026-07-23 11:23:06] [ERROR] ConsoleController::ServerBridge Fatal: App Method Not Found: \Develop\Controllers\PartsDefinitionController::changeTypeAction
[2026-07-23 11:23:19] [DEBUG] --- wwProject System Start ---
[2026-07-23 11:23:19] [DEBUG] Router::Router() /jemini/wwProjectV1.51/Develop/Console/initial/
[2026-07-23 11:23:19] [DEBUG] Attempting to load: \Develop\Controllers\ConsoleController::initialAction
[2026-07-23 11:23:19] [DEBUG] Router: Executing \Develop\Controllers\ConsoleController->initialAction
[2026-07-23 11:23:19] [DEBUG] Console::initialAction() start...
[2026-07-23 11:23:19] [DEBUG] Screen::view() path: \Develop\Views\Console\Console.view start...
[2026-07-23 11:23:19] [DEBUG] Screen::getContents() start...
[2026-07-23 11:23:19] [DEBUG] Screen::getContents() finish.
[2026-07-23 11:23:19] [DEBUG] Screen::view() path: \Develop\Views\Console\Console.view finish.
[2026-07-23 11:23:19] [DEBUG] ConsoleController::initialAction() finish.
[2026-07-23 11:23:20] [DEBUG] --- wwProject System Start ---
[2026-07-23 11:23:20] [DEBUG] Router::Router() /jemini/wwProjectV1.51/Develop/Console/ServerBridgeAction/
[2026-07-23 11:23:20] [DEBUG] Attempting to load: \Develop\Controllers\ConsoleController::ServerBridgeAction
[2026-07-23 11:23:20] [DEBUG] Router: Executing \Develop\Controllers\ConsoleController->ServerBridgeAction
[2026-07-23 11:23:20] [DEBUG] ConsoleController::ServerBridge() start...
[2026-07-23 11:23:20] [DEBUG] ConsoleController::ServerBridge() \Develop\Controllers\ConsoleController::areaInitialAction()
[2026-07-23 11:23:20] [DEBUG] ConsoleController::AreaInitialAction() start...
[2026-07-23 11:23:20] [DEBUG] Screen::updateAreaA() path: \Develop\Views\AreaA\Area_A.view start...
[2026-07-23 11:23:20] [DEBUG] Screen::areaView() sending JSON: ["areas"]
[2026-07-23 11:23:20] [DEBUG] Screen::getContents() start...
[2026-07-23 11:23:20] [DEBUG] Screen::getContents() finish.
[2026-07-23 11:23:20] [DEBUG] Screen::updateAreaA() finish.
[2026-07-23 11:23:20] [DEBUG] Screen::updateAreaB() path: \Develop\Views\AreaB\Area_B.view start...
[2026-07-23 11:23:20] [DEBUG] Screen::getContents() start...
[2026-07-23 11:23:20] [DEBUG] Screen::getContents() finish.
[2026-07-23 11:23:20] [DEBUG] Screen::updateAreaB() finish.
[2026-07-23 11:23:20] [DEBUG] Screen::updateAreaD() path: \Develop\Views\AreaD\Area_D_clear.view start...
[2026-07-23 11:23:20] [DEBUG] Screen::getContents() start...
[2026-07-23 11:23:20] [DEBUG] Screen::getContents() finish.
[2026-07-23 11:23:20] [DEBUG] Screen::updateAreaD() finish.
[2026-07-23 11:23:20] [DEBUG] Screen::updateAreaE() [iframe起動版] path: \Develop\Views\AreaE\Area_E_clear.view start...
[2026-07-23 11:23:20] [DEBUG] Screen::getContents() start...
[2026-07-23 11:23:20] [DEBUG] Screen::getContents() finish.
[2026-07-23 11:23:20] [DEBUG] Screen::updateAreaE() finish.
[2026-07-23 11:23:20] [DEBUG] Screen::updateAreaF() path: \Develop\Views\AreaF\Area_F.view start...
[2026-07-23 11:23:20] [DEBUG] Screen::getContents() start...
[2026-07-23 11:23:20] [DEBUG] Screen::getContents() finish.
[2026-07-23 11:23:20] [DEBUG] Screen::updateAreaF() finish.
[2026-07-23 11:23:20] [DEBUG] ProjectController::startProjectNabi() start...
[2026-07-23 11:23:20] [DEBUG] ProjectController::getProjectListHtml() start...
[2026-07-23 11:23:20] [DEBUG] ProjectModel::getProjectList() start...
[2026-07-23 11:23:20] [DEBUG] ProjectModel::getProjectList() finish.
[2026-07-23 11:23:20] [DEBUG] CodeMasterModel：：getCodesByGroup() start...
[2026-07-23 11:23:20] [DEBUG] CodeMasterModel：：getCodesByGroup() finish.
[2026-07-23 11:23:20] [DEBUG] ProjectController::getNaviFooterHtml() start...
[2026-07-23 11:23:20] [DEBUG] ProjectController::getNaviFooterHtml() finish.
[2026-07-23 11:23:20] [DEBUG] ProjectController::startProjectNabi() finish.
[2026-07-23 11:23:20] [DEBUG] Screen::updateAreaC() \Develop\Views\AreaC\Area_C.view start...
[2026-07-23 11:23:20] [DEBUG] Screen::getContents() start...
[2026-07-23 11:23:20] [DEBUG] Screen::getContents() finish.
[2026-07-23 11:23:20] [DEBUG] Screen::updateAreaC() finish.
[2026-07-23 11:23:20] [DEBUG] ConsoleController::AreaInitialAction() finish.
[2026-07-23 11:23:20] [DEBUG] Screen::areaView() start...
[2026-07-23 11:23:20] [DEBUG] Screen::areaView() finish.
[2026-07-23 11:28:11] [DEBUG] --- wwProject System Start ---
[2026-07-23 11:28:11] [DEBUG] Router::Router() /jemini/wwProjectV1.51/Develop/Console/ServerBridgeAction/
[2026-07-23 11:28:11] [DEBUG] Attempting to load: \Develop\Controllers\ConsoleController::ServerBridgeAction
[2026-07-23 11:28:11] [DEBUG] Router: Executing \Develop\Controllers\ConsoleController->ServerBridgeAction
[2026-07-23 11:28:11] [DEBUG] ConsoleController::ServerBridge() start...
[2026-07-23 11:28:11] [DEBUG] ConsoleController::ServerBridge() \Develop\Controllers\PartsDefinitionController::InitialAction()
[2026-07-23 11:28:11] [DEBUG] DBDefinitionController::initialAction() start...
[2026-07-23 11:28:11] [DEBUG] PartsDefinitionController::initialAction() projectId : PRJ-D45FEF
[2026-07-23 11:28:11] [DEBUG] PartsDefinitionModel::getAllPartsList() start... Project ID: PRJ-D45FEF
[2026-07-23 11:28:11] [DEBUG] Screen::updateAreaD() path: \Develop\Views\AreaD\PartsDefinition\PartsDefinitionList.view start...
[2026-07-23 11:28:11] [DEBUG] Screen::getContents() start...
[2026-07-23 11:28:11] [DEBUG] Screen::getContents() finish.
[2026-07-23 11:28:11] [DEBUG] Screen::updateAreaD() finish.
[2026-07-23 11:28:11] [DEBUG] Screen::updateAreaE() [iframe起動版] path: \Develop\Views\AreaE\Area_E_clear.view start...
[2026-07-23 11:28:11] [DEBUG] Screen::getContents() start...
[2026-07-23 11:28:11] [DEBUG] Screen::getContents() finish.
[2026-07-23 11:28:11] [DEBUG] Screen::updateAreaE() finish.
[2026-07-23 11:28:11] [DEBUG] DBDefinitionController::initialAction() end.
[2026-07-23 11:28:11] [DEBUG] Screen::areaView() start...
[2026-07-23 11:28:11] [DEBUG] Screen::areaView() finish.
[2026-07-23 11:28:13] [DEBUG] --- wwProject System Start ---
[2026-07-23 11:28:13] [DEBUG] Router::Router() /jemini/wwProjectV1.51/Develop/Console/ServerBridgeAction/
[2026-07-23 11:28:13] [DEBUG] Attempting to load: \Develop\Controllers\ConsoleController::ServerBridgeAction
[2026-07-23 11:28:13] [DEBUG] Router: Executing \Develop\Controllers\ConsoleController->ServerBridgeAction
[2026-07-23 11:28:13] [DEBUG] ConsoleController::ServerBridge() start...
[2026-07-23 11:28:13] [DEBUG] ConsoleController::ServerBridge() \Develop\Controllers\PartsDefinitionController::editPartsAction()
[2026-07-23 11:28:13] [DEBUG] PartsDefinitionController::editPartsAction() start...
[2026-07-23 11:28:13] [DEBUG] PartsDefinitionModel::getAllPartsList() start... Project ID: PRJ-D45FEF
[2026-07-23 11:28:13] [DEBUG] PartsDefinitionModel::getColumnsByTableId() start... Input: newDevelopers
[2026-07-23 11:28:13] [DEBUG] 逆引き成功: 物理名 newDevelopers -> table_id : 12
[2026-07-23 11:28:13] [DEBUG] PartsDefinitionModel::getColumnsByTableId() finish. 件数: 9
[2026-07-23 11:28:13] [DEBUG] PartsDefinitionModel::getTableStructure() start... Project ID: PRJ-D45FEF
[2026-07-23 11:28:13] [DEBUG] Screen::updateAreaE() [iframe起動版] path: \Develop\Views\AreaE\PartsDefinition\RegistParts.view start...
[2026-07-23 11:28:13] [DEBUG] Screen::getContents() start...
[2026-07-23 11:28:13] [DEBUG] Screen::getContents() finish.
[2026-07-23 11:28:13] [DEBUG] Screen::updateAreaE() finish.
[2026-07-23 11:28:13] [DEBUG] PartsDefinitionController::editPartsAction() end.
[2026-07-23 11:28:13] [DEBUG] Screen::areaView() start...
[2026-07-23 11:28:13] [DEBUG] Screen::areaView() finish.
[2026-07-23 11:28:15] [DEBUG] --- wwProject System Start ---
[2026-07-23 11:28:15] [DEBUG] Router::Router() /jemini/wwProjectV1.51/Develop/Console/ServerBridgeAction/
[2026-07-23 11:28:15] [DEBUG] Attempting to load: \Develop\Controllers\ConsoleController::ServerBridgeAction
[2026-07-23 11:28:15] [DEBUG] Router: Executing \Develop\Controllers\ConsoleController->ServerBridgeAction
[2026-07-23 11:28:15] [DEBUG] ConsoleController::ServerBridge() start...
[2026-07-23 11:28:15] [DEBUG] ConsoleController::ServerBridge() \Develop\Controllers\PartsDefinitionController::editPartsAction()
[2026-07-23 11:28:15] [DEBUG] PartsDefinitionController::editPartsAction() start...
[2026-07-23 11:28:15] [DEBUG] PartsDefinitionModel::getAllPartsList() start... Project ID: PRJ-D45FEF
[2026-07-23 11:28:15] [DEBUG] PartsDefinitionModel::getColumnsByTableId() start... Input: developers
[2026-07-23 11:28:15] [DEBUG] 逆引き成功: 物理名 developers -> table_id : 14
[2026-07-23 11:28:15] [DEBUG] PartsDefinitionModel::getColumnsByTableId() finish. 件数: 9
[2026-07-23 11:28:15] [DEBUG] PartsDefinitionModel::getTableStructure() start... Project ID: PRJ-D45FEF
[2026-07-23 11:28:15] [DEBUG] Screen::updateAreaE() [iframe起動版] path: \Develop\Views\AreaE\PartsDefinition\RegistParts.view start...
[2026-07-23 11:28:15] [DEBUG] Screen::getContents() start...
[2026-07-23 11:28:15] [DEBUG] Screen::getContents() finish.
[2026-07-23 11:28:15] [DEBUG] Screen::updateAreaE() finish.
[2026-07-23 11:28:15] [DEBUG] PartsDefinitionController::editPartsAction() end.
[2026-07-23 11:28:15] [DEBUG] Screen::areaView() start...
[2026-07-23 11:28:15] [DEBUG] Screen::areaView() finish.
[2026-07-23 11:30:43] [DEBUG] --- wwProject System Start ---
[2026-07-23 11:30:43] [DEBUG] Router::Router() /jemini/wwProjectV1.51/Develop/Console/initial/
[2026-07-23 11:30:43] [DEBUG] Attempting to load: \Develop\Controllers\ConsoleController::initialAction
[2026-07-23 11:30:43] [DEBUG] Router: Executing \Develop\Controllers\ConsoleController->initialAction
[2026-07-23 11:30:43] [DEBUG] Console::initialAction() start...
[2026-07-23 11:30:43] [DEBUG] Screen::view() path: \Develop\Views\Console\Console.view start...
[2026-07-23 11:30:43] [DEBUG] Screen::getContents() start...
[2026-07-23 11:30:43] [DEBUG] Screen::getContents() finish.
[2026-07-23 11:30:43] [DEBUG] Screen::view() path: \Develop\Views\Console\Console.view finish.
[2026-07-23 11:30:43] [DEBUG] ConsoleController::initialAction() finish.
[2026-07-23 11:30:43] [DEBUG] --- wwProject System Start ---
[2026-07-23 11:30:43] [DEBUG] Router::Router() /jemini/wwProjectV1.51/Develop/Console/ServerBridgeAction/
[2026-07-23 11:30:43] [DEBUG] Attempting to load: \Develop\Controllers\ConsoleController::ServerBridgeAction
[2026-07-23 11:30:43] [DEBUG] Router: Executing \Develop\Controllers\ConsoleController->ServerBridgeAction
[2026-07-23 11:30:43] [DEBUG] ConsoleController::ServerBridge() start...
[2026-07-23 11:30:43] [DEBUG] ConsoleController::ServerBridge() \Develop\Controllers\ConsoleController::areaInitialAction()
[2026-07-23 11:30:43] [DEBUG] ConsoleController::AreaInitialAction() start...
[2026-07-23 11:30:43] [DEBUG] Screen::updateAreaA() path: \Develop\Views\AreaA\Area_A.view start...
[2026-07-23 11:30:43] [DEBUG] Screen::areaView() sending JSON: ["areas"]
[2026-07-23 11:30:43] [DEBUG] Screen::getContents() start...
[2026-07-23 11:30:43] [DEBUG] Screen::getContents() finish.
[2026-07-23 11:30:43] [DEBUG] Screen::updateAreaA() finish.
[2026-07-23 11:30:43] [DEBUG] Screen::updateAreaB() path: \Develop\Views\AreaB\Area_B.view start...
[2026-07-23 11:30:43] [DEBUG] Screen::getContents() start...
[2026-07-23 11:30:43] [DEBUG] Screen::getContents() finish.
[2026-07-23 11:30:43] [DEBUG] Screen::updateAreaB() finish.
[2026-07-23 11:30:43] [DEBUG] Screen::updateAreaD() path: \Develop\Views\AreaD\Area_D_clear.view start...
[2026-07-23 11:30:43] [DEBUG] Screen::getContents() start...
[2026-07-23 11:30:43] [DEBUG] Screen::getContents() finish.
[2026-07-23 11:30:43] [DEBUG] Screen::updateAreaD() finish.
[2026-07-23 11:30:43] [DEBUG] Screen::updateAreaE() [iframe起動版] path: \Develop\Views\AreaE\Area_E_clear.view start...
[2026-07-23 11:30:43] [DEBUG] Screen::getContents() start...
[2026-07-23 11:30:43] [DEBUG] Screen::getContents() finish.
[2026-07-23 11:30:43] [DEBUG] Screen::updateAreaE() finish.
[2026-07-23 11:30:43] [DEBUG] Screen::updateAreaF() path: \Develop\Views\AreaF\Area_F.view start...
[2026-07-23 11:30:43] [DEBUG] Screen::getContents() start...
[2026-07-23 11:30:43] [DEBUG] Screen::getContents() finish.
[2026-07-23 11:30:43] [DEBUG] Screen::updateAreaF() finish.
[2026-07-23 11:30:43] [DEBUG] ProjectController::startProjectNabi() start...
[2026-07-23 11:30:43] [DEBUG] ProjectController::getProjectListHtml() start...
[2026-07-23 11:30:43] [DEBUG] ProjectModel::getProjectList() start...
[2026-07-23 11:30:43] [DEBUG] ProjectModel::getProjectList() finish.
[2026-07-23 11:30:43] [DEBUG] CodeMasterModel：：getCodesByGroup() start...
[2026-07-23 11:30:43] [DEBUG] CodeMasterModel：：getCodesByGroup() finish.
[2026-07-23 11:30:43] [DEBUG] ProjectController::getNaviFooterHtml() start...
[2026-07-23 11:30:43] [DEBUG] ProjectController::getNaviFooterHtml() finish.
[2026-07-23 11:30:43] [DEBUG] ProjectController::startProjectNabi() finish.
[2026-07-23 11:30:43] [DEBUG] Screen::updateAreaC() \Develop\Views\AreaC\Area_C.view start...
[2026-07-23 11:30:43] [DEBUG] Screen::getContents() start...
[2026-07-23 11:30:43] [DEBUG] Screen::getContents() finish.
[2026-07-23 11:30:43] [DEBUG] Screen::updateAreaC() finish.
[2026-07-23 11:30:43] [DEBUG] ConsoleController::AreaInitialAction() finish.
[2026-07-23 11:30:43] [DEBUG] Screen::areaView() start...
[2026-07-23 11:30:43] [DEBUG] Screen::areaView() finish.
[2026-07-23 11:30:45] [DEBUG] --- wwProject System Start ---
[2026-07-23 11:30:45] [DEBUG] Router::Router() /jemini/wwProjectV1.51/Develop/Console/ServerBridgeAction/
[2026-07-23 11:30:45] [DEBUG] Attempting to load: \Develop\Controllers\ConsoleController::ServerBridgeAction
[2026-07-23 11:30:45] [DEBUG] Router: Executing \Develop\Controllers\ConsoleController->ServerBridgeAction
[2026-07-23 11:30:45] [DEBUG] ConsoleController::ServerBridge() start...
[2026-07-23 11:30:45] [DEBUG] ConsoleController::ServerBridge() \Develop\Controllers\PartsDefinitionController::InitialAction()
[2026-07-23 11:30:45] [DEBUG] DBDefinitionController::initialAction() start...
[2026-07-23 11:30:45] [DEBUG] PartsDefinitionController::initialAction() projectId : PRJ-D45FEF
[2026-07-23 11:30:45] [DEBUG] PartsDefinitionModel::getAllPartsList() start... Project ID: PRJ-D45FEF
[2026-07-23 11:30:45] [DEBUG] Screen::updateAreaD() path: \Develop\Views\AreaD\PartsDefinition\PartsDefinitionList.view start...
[2026-07-23 11:30:45] [DEBUG] Screen::getContents() start...
[2026-07-23 11:30:45] [DEBUG] Screen::getContents() finish.
[2026-07-23 11:30:45] [DEBUG] Screen::updateAreaD() finish.
[2026-07-23 11:30:45] [DEBUG] Screen::updateAreaE() [iframe起動版] path: \Develop\Views\AreaE\Area_E_clear.view start...
[2026-07-23 11:30:45] [DEBUG] Screen::getContents() start...
[2026-07-23 11:30:45] [DEBUG] Screen::getContents() finish.
[2026-07-23 11:30:45] [DEBUG] Screen::updateAreaE() finish.
[2026-07-23 11:30:45] [DEBUG] DBDefinitionController::initialAction() end.
[2026-07-23 11:30:45] [DEBUG] Screen::areaView() start...
[2026-07-23 11:30:45] [DEBUG] Screen::areaView() finish.
[2026-07-23 11:30:48] [DEBUG] --- wwProject System Start ---
[2026-07-23 11:30:48] [DEBUG] Router::Router() /jemini/wwProjectV1.51/Develop/Console/ServerBridgeAction/
[2026-07-23 11:30:48] [DEBUG] Attempting to load: \Develop\Controllers\ConsoleController::ServerBridgeAction
[2026-07-23 11:30:48] [DEBUG] Router: Executing \Develop\Controllers\ConsoleController->ServerBridgeAction
[2026-07-23 11:30:48] [DEBUG] ConsoleController::ServerBridge() start...
[2026-07-23 11:30:48] [DEBUG] ConsoleController::ServerBridge() \Develop\Controllers\PartsDefinitionController::editPartsAction()
[2026-07-23 11:30:48] [DEBUG] PartsDefinitionController::editPartsAction() start...
[2026-07-23 11:30:48] [DEBUG] PartsDefinitionModel::getAllPartsList() start... Project ID: PRJ-D45FEF
[2026-07-23 11:30:48] [DEBUG] PartsDefinitionModel::getColumnsByTableId() start... Input: developers
[2026-07-23 11:30:48] [DEBUG] 逆引き成功: 物理名 developers -> table_id : 14
[2026-07-23 11:30:48] [DEBUG] PartsDefinitionModel::getColumnsByTableId() finish. 件数: 9
[2026-07-23 11:30:48] [DEBUG] PartsDefinitionModel::getTableStructure() start... Project ID: PRJ-D45FEF
[2026-07-23 11:30:48] [DEBUG] Screen::updateAreaE() [iframe起動版] path: \Develop\Views\AreaE\PartsDefinition\RegistParts.view start...
[2026-07-23 11:30:48] [DEBUG] Screen::getContents() start...
[2026-07-23 11:30:48] [DEBUG] Screen::getContents() finish.
[2026-07-23 11:30:48] [DEBUG] Screen::updateAreaE() finish.
[2026-07-23 11:30:48] [DEBUG] PartsDefinitionController::editPartsAction() end.
[2026-07-23 11:30:48] [DEBUG] Screen::areaView() start...
[2026-07-23 11:30:48] [DEBUG] Screen::areaView() finish.
[2026-07-23 11:31:25] [DEBUG] --- wwProject System Start ---
[2026-07-23 11:31:25] [DEBUG] Router::Router() /jemini/wwProjectV1.51/Develop/Console/ServerBridgeAction/
[2026-07-23 11:31:25] [DEBUG] Attempting to load: \Develop\Controllers\ConsoleController::ServerBridgeAction
[2026-07-23 11:31:25] [DEBUG] Router: Executing \Develop\Controllers\ConsoleController->ServerBridgeAction
[2026-07-23 11:31:25] [DEBUG] ConsoleController::ServerBridge() start...
[2026-07-23 11:31:25] [DEBUG] ConsoleController::ServerBridge() \Develop\Controllers\PartsDefinitionController::editPartsAction()
[2026-07-23 11:31:25] [DEBUG] PartsDefinitionController::editPartsAction() start...
[2026-07-23 11:31:25] [DEBUG] PartsDefinitionModel::getAllPartsList() start... Project ID: PRJ-D45FEF
[2026-07-23 11:31:25] [DEBUG] PartsDefinitionModel::getColumnsByTableId() start... Input: developers
[2026-07-23 11:31:25] [DEBUG] 逆引き成功: 物理名 developers -> table_id : 14
[2026-07-23 11:31:25] [DEBUG] PartsDefinitionModel::getColumnsByTableId() finish. 件数: 9
[2026-07-23 11:31:25] [DEBUG] PartsDefinitionModel::getTableStructure() start... Project ID: PRJ-D45FEF
[2026-07-23 11:31:25] [DEBUG] Screen::updateAreaE() [iframe起動版] path: \Develop\Views\AreaE\PartsDefinition\RegistParts.view start...
[2026-07-23 11:31:25] [DEBUG] Screen::getContents() start...
[2026-07-23 11:31:25] [DEBUG] Screen::getContents() finish.
[2026-07-23 11:31:25] [DEBUG] Screen::updateAreaE() finish.
[2026-07-23 11:31:25] [DEBUG] PartsDefinitionController::editPartsAction() end.
[2026-07-23 11:31:25] [DEBUG] Screen::areaView() start...
[2026-07-23 11:31:25] [DEBUG] Screen::areaView() finish.
[2026-07-23 11:31:28] [DEBUG] --- wwProject System Start ---
[2026-07-23 11:31:28] [DEBUG] Router::Router() /jemini/wwProjectV1.51/Develop/Console/ServerBridgeAction/
[2026-07-23 11:31:28] [DEBUG] Attempting to load: \Develop\Controllers\ConsoleController::ServerBridgeAction
[2026-07-23 11:31:28] [DEBUG] Router: Executing \Develop\Controllers\ConsoleController->ServerBridgeAction
[2026-07-23 11:31:28] [DEBUG] ConsoleController::ServerBridge() start...
[2026-07-23 11:31:28] [DEBUG] ConsoleController::ServerBridge() \Develop\Controllers\PartsDefinitionController::editPartsAction()
[2026-07-23 11:31:28] [DEBUG] PartsDefinitionController::editPartsAction() start...
[2026-07-23 11:31:28] [DEBUG] PartsDefinitionModel::getAllPartsList() start... Project ID: PRJ-D45FEF
[2026-07-23 11:31:28] [DEBUG] PartsDefinitionModel::getColumnsByTableId() start... Input: newDevelopers
[2026-07-23 11:31:28] [DEBUG] 逆引き成功: 物理名 newDevelopers -> table_id : 12
[2026-07-23 11:31:28] [DEBUG] PartsDefinitionModel::getColumnsByTableId() finish. 件数: 9
[2026-07-23 11:31:28] [DEBUG] PartsDefinitionModel::getTableStructure() start... Project ID: PRJ-D45FEF
[2026-07-23 11:31:28] [DEBUG] Screen::updateAreaE() [iframe起動版] path: \Develop\Views\AreaE\PartsDefinition\RegistParts.view start...
[2026-07-23 11:31:28] [DEBUG] Screen::getContents() start...
[2026-07-23 11:31:28] [DEBUG] Screen::getContents() finish.
[2026-07-23 11:31:28] [DEBUG] Screen::updateAreaE() finish.
[2026-07-23 11:31:28] [DEBUG] PartsDefinitionController::editPartsAction() end.
[2026-07-23 11:31:28] [DEBUG] Screen::areaView() start...
[2026-07-23 11:31:28] [DEBUG] Screen::areaView() finish.
[2026-07-23 11:31:30] [DEBUG] --- wwProject System Start ---
[2026-07-23 11:31:30] [DEBUG] Router::Router() /jemini/wwProjectV1.51/Develop/Console/ServerBridgeAction/
[2026-07-23 11:31:30] [DEBUG] Attempting to load: \Develop\Controllers\ConsoleController::ServerBridgeAction
[2026-07-23 11:31:30] [DEBUG] Router: Executing \Develop\Controllers\ConsoleController->ServerBridgeAction
[2026-07-23 11:31:30] [DEBUG] ConsoleController::ServerBridge() start...
[2026-07-23 11:31:30] [DEBUG] ConsoleController::ServerBridge() \Develop\Controllers\PartsDefinitionController::editPartsAction()
[2026-07-23 11:31:30] [DEBUG] PartsDefinitionController::editPartsAction() start...
[2026-07-23 11:31:30] [DEBUG] PartsDefinitionModel::getAllPartsList() start... Project ID: PRJ-D45FEF
[2026-07-23 11:31:30] [DEBUG] PartsDefinitionModel::getColumnsByTableId() start... Input: developers
[2026-07-23 11:31:30] [DEBUG] 逆引き成功: 物理名 developers -> table_id : 14
[2026-07-23 11:31:30] [DEBUG] PartsDefinitionModel::getColumnsByTableId() finish. 件数: 9
[2026-07-23 11:31:30] [DEBUG] PartsDefinitionModel::getTableStructure() start... Project ID: PRJ-D45FEF
[2026-07-23 11:31:30] [DEBUG] Screen::updateAreaE() [iframe起動版] path: \Develop\Views\AreaE\PartsDefinition\RegistParts.view start...
[2026-07-23 11:31:30] [DEBUG] Screen::getContents() start...
[2026-07-23 11:31:30] [DEBUG] Screen::getContents() finish.
[2026-07-23 11:31:30] [DEBUG] Screen::updateAreaE() finish.
[2026-07-23 11:31:30] [DEBUG] PartsDefinitionController::editPartsAction() end.
[2026-07-23 11:31:30] [DEBUG] Screen::areaView() start...
[2026-07-23 11:31:30] [DEBUG] Screen::areaView() finish.
[2026-07-23 11:33:37] [DEBUG] --- wwProject System Start ---
[2026-07-23 11:33:37] [DEBUG] Router::Router() /jemini/wwProjectV1.51/Develop/Console/initial/
[2026-07-23 11:33:37] [DEBUG] Attempting to load: \Develop\Controllers\ConsoleController::initialAction
[2026-07-23 11:33:37] [DEBUG] Router: Executing \Develop\Controllers\ConsoleController->initialAction
[2026-07-23 11:33:37] [DEBUG] Console::initialAction() start...
[2026-07-23 11:33:37] [DEBUG] Screen::view() path: \Develop\Views\Console\Console.view start...
[2026-07-23 11:33:37] [DEBUG] Screen::getContents() start...
[2026-07-23 11:33:37] [DEBUG] Screen::getContents() finish.
[2026-07-23 11:33:37] [DEBUG] Screen::view() path: \Develop\Views\Console\Console.view finish.
[2026-07-23 11:33:37] [DEBUG] ConsoleController::initialAction() finish.
[2026-07-23 11:33:37] [DEBUG] --- wwProject System Start ---
[2026-07-23 11:33:37] [DEBUG] Router::Router() /jemini/wwProjectV1.51/Develop/Console/ServerBridgeAction/
[2026-07-23 11:33:37] [DEBUG] Attempting to load: \Develop\Controllers\ConsoleController::ServerBridgeAction
[2026-07-23 11:33:37] [DEBUG] Router: Executing \Develop\Controllers\ConsoleController->ServerBridgeAction
[2026-07-23 11:33:37] [DEBUG] ConsoleController::ServerBridge() start...
[2026-07-23 11:33:37] [DEBUG] ConsoleController::ServerBridge() \Develop\Controllers\ConsoleController::areaInitialAction()
[2026-07-23 11:33:37] [DEBUG] ConsoleController::AreaInitialAction() start...
[2026-07-23 11:33:37] [DEBUG] Screen::updateAreaA() path: \Develop\Views\AreaA\Area_A.view start...
[2026-07-23 11:33:37] [DEBUG] Screen::areaView() sending JSON: ["areas"]
[2026-07-23 11:33:37] [DEBUG] Screen::getContents() start...
[2026-07-23 11:33:37] [DEBUG] Screen::getContents() finish.
[2026-07-23 11:33:37] [DEBUG] Screen::updateAreaA() finish.
[2026-07-23 11:33:37] [DEBUG] Screen::updateAreaB() path: \Develop\Views\AreaB\Area_B.view start...
[2026-07-23 11:33:37] [DEBUG] Screen::getContents() start...
[2026-07-23 11:33:37] [DEBUG] Screen::getContents() finish.
[2026-07-23 11:33:37] [DEBUG] Screen::updateAreaB() finish.
[2026-07-23 11:33:37] [DEBUG] Screen::updateAreaD() path: \Develop\Views\AreaD\Area_D_clear.view start...
[2026-07-23 11:33:37] [DEBUG] Screen::getContents() start...
[2026-07-23 11:33:37] [DEBUG] Screen::getContents() finish.
[2026-07-23 11:33:37] [DEBUG] Screen::updateAreaD() finish.
[2026-07-23 11:33:37] [DEBUG] Screen::updateAreaE() [iframe起動版] path: \Develop\Views\AreaE\Area_E_clear.view start...
[2026-07-23 11:33:37] [DEBUG] Screen::getContents() start...
[2026-07-23 11:33:37] [DEBUG] Screen::getContents() finish.
[2026-07-23 11:33:37] [DEBUG] Screen::updateAreaE() finish.
[2026-07-23 11:33:37] [DEBUG] Screen::updateAreaF() path: \Develop\Views\AreaF\Area_F.view start...
[2026-07-23 11:33:37] [DEBUG] Screen::getContents() start...
[2026-07-23 11:33:37] [DEBUG] Screen::getContents() finish.
[2026-07-23 11:33:37] [DEBUG] Screen::updateAreaF() finish.
[2026-07-23 11:33:37] [DEBUG] ProjectController::startProjectNabi() start...
[2026-07-23 11:33:37] [DEBUG] ProjectController::getProjectListHtml() start...
[2026-07-23 11:33:37] [DEBUG] ProjectModel::getProjectList() start...
[2026-07-23 11:33:37] [DEBUG] ProjectModel::getProjectList() finish.
[2026-07-23 11:33:37] [DEBUG] CodeMasterModel：：getCodesByGroup() start...
[2026-07-23 11:33:37] [DEBUG] CodeMasterModel：：getCodesByGroup() finish.
[2026-07-23 11:33:37] [DEBUG] ProjectController::getNaviFooterHtml() start...
[2026-07-23 11:33:37] [DEBUG] ProjectController::getNaviFooterHtml() finish.
[2026-07-23 11:33:37] [DEBUG] ProjectController::startProjectNabi() finish.
[2026-07-23 11:33:37] [DEBUG] Screen::updateAreaC() \Develop\Views\AreaC\Area_C.view start...
[2026-07-23 11:33:37] [DEBUG] Screen::getContents() start...
[2026-07-23 11:33:37] [DEBUG] Screen::getContents() finish.
[2026-07-23 11:33:37] [DEBUG] Screen::updateAreaC() finish.
[2026-07-23 11:33:37] [DEBUG] ConsoleController::AreaInitialAction() finish.
[2026-07-23 11:33:37] [DEBUG] Screen::areaView() start...
[2026-07-23 11:33:37] [DEBUG] Screen::areaView() finish.
[2026-07-23 11:33:39] [DEBUG] --- wwProject System Start ---
[2026-07-23 11:33:39] [DEBUG] Router::Router() /jemini/wwProjectV1.51/Develop/Console/ServerBridgeAction/
[2026-07-23 11:33:39] [DEBUG] Attempting to load: \Develop\Controllers\ConsoleController::ServerBridgeAction
[2026-07-23 11:33:39] [DEBUG] Router: Executing \Develop\Controllers\ConsoleController->ServerBridgeAction
[2026-07-23 11:33:39] [DEBUG] ConsoleController::ServerBridge() start...
[2026-07-23 11:33:39] [DEBUG] ConsoleController::ServerBridge() \Develop\Controllers\PartsDefinitionController::InitialAction()
[2026-07-23 11:33:39] [DEBUG] DBDefinitionController::initialAction() start...
[2026-07-23 11:33:39] [DEBUG] PartsDefinitionController::initialAction() projectId : PRJ-D45FEF
[2026-07-23 11:33:39] [DEBUG] PartsDefinitionModel::getAllPartsList() start... Project ID: PRJ-D45FEF
[2026-07-23 11:33:39] [DEBUG] Screen::updateAreaD() path: \Develop\Views\AreaD\PartsDefinition\PartsDefinitionList.view start...
[2026-07-23 11:33:39] [DEBUG] Screen::getContents() start...
[2026-07-23 11:33:39] [DEBUG] Screen::getContents() finish.
[2026-07-23 11:33:39] [DEBUG] Screen::updateAreaD() finish.
[2026-07-23 11:33:39] [DEBUG] Screen::updateAreaE() [iframe起動版] path: \Develop\Views\AreaE\Area_E_clear.view start...
[2026-07-23 11:33:39] [DEBUG] Screen::getContents() start...
[2026-07-23 11:33:39] [DEBUG] Screen::getContents() finish.
[2026-07-23 11:33:39] [DEBUG] Screen::updateAreaE() finish.
[2026-07-23 11:33:39] [DEBUG] DBDefinitionController::initialAction() end.
[2026-07-23 11:33:39] [DEBUG] Screen::areaView() start...
[2026-07-23 11:33:39] [DEBUG] Screen::areaView() finish.
[2026-07-23 11:33:42] [DEBUG] --- wwProject System Start ---
[2026-07-23 11:33:42] [DEBUG] Router::Router() /jemini/wwProjectV1.51/Develop/Console/ServerBridgeAction/
[2026-07-23 11:33:42] [DEBUG] Attempting to load: \Develop\Controllers\ConsoleController::ServerBridgeAction
[2026-07-23 11:33:42] [DEBUG] Router: Executing \Develop\Controllers\ConsoleController->ServerBridgeAction
[2026-07-23 11:33:42] [DEBUG] ConsoleController::ServerBridge() start...
[2026-07-23 11:33:42] [DEBUG] ConsoleController::ServerBridge() \Develop\Controllers\PartsDefinitionController::editPartsAction()
[2026-07-23 11:33:42] [DEBUG] PartsDefinitionController::editPartsAction() start...
[2026-07-23 11:33:42] [DEBUG] PartsDefinitionModel::getAllPartsList() start... Project ID: PRJ-D45FEF
[2026-07-23 11:33:42] [DEBUG] PartsDefinitionModel::getColumnsByTableId() start... Input: developers
[2026-07-23 11:33:42] [DEBUG] 逆引き成功: 物理名 developers -> table_id : 14
[2026-07-23 11:33:42] [DEBUG] PartsDefinitionModel::getColumnsByTableId() finish. 件数: 9
[2026-07-23 11:33:42] [DEBUG] PartsDefinitionModel::getTableStructure() start... Project ID: PRJ-D45FEF
[2026-07-23 11:33:42] [DEBUG] Screen::updateAreaE() [iframe起動版] path: \Develop\Views\AreaE\PartsDefinition\RegistParts.view start...
[2026-07-23 11:33:42] [DEBUG] Screen::getContents() start...
[2026-07-23 11:33:42] [DEBUG] Screen::getContents() finish.
[2026-07-23 11:33:42] [DEBUG] Screen::updateAreaE() finish.
[2026-07-23 11:33:42] [DEBUG] PartsDefinitionController::editPartsAction() end.
[2026-07-23 11:33:42] [DEBUG] Screen::areaView() start...
[2026-07-23 11:33:42] [DEBUG] Screen::areaView() finish.
[2026-07-23 11:41:41] [DEBUG] --- wwProject System Start ---
[2026-07-23 11:41:41] [DEBUG] Router::Router() /jemini/wwProjectV1.51/Develop/Console/ServerBridgeAction/
[2026-07-23 11:41:41] [DEBUG] Attempting to load: \Develop\Controllers\ConsoleController::ServerBridgeAction
[2026-07-23 11:41:41] [DEBUG] Router: Executing \Develop\Controllers\ConsoleController->ServerBridgeAction
[2026-07-23 11:41:41] [DEBUG] ConsoleController::ServerBridge() start...
[2026-07-23 11:41:41] [DEBUG] ConsoleController::ServerBridge() \Develop\Controllers\PartsDefinitionController::editPartsAction()
[2026-07-23 11:41:41] [DEBUG] PartsDefinitionController::editPartsAction() start...
[2026-07-23 11:41:41] [DEBUG] PartsDefinitionModel::getAllPartsList() start... Project ID: PRJ-D45FEF
[2026-07-23 11:41:41] [DEBUG] PartsDefinitionModel::getColumnsByTableId() start... Input: newDevelopers
[2026-07-23 11:41:41] [DEBUG] 逆引き成功: 物理名 newDevelopers -> table_id : 12
[2026-07-23 11:41:41] [DEBUG] PartsDefinitionModel::getColumnsByTableId() finish. 件数: 9
[2026-07-23 11:41:41] [DEBUG] PartsDefinitionModel::getTableStructure() start... Project ID: PRJ-D45FEF
[2026-07-23 11:41:41] [DEBUG] Screen::updateAreaE() [iframe起動版] path: \Develop\Views\AreaE\PartsDefinition\RegistParts.view start...
[2026-07-23 11:41:41] [DEBUG] Screen::getContents() start...
[2026-07-23 11:41:41] [DEBUG] Screen::getContents() finish.
[2026-07-23 11:41:41] [DEBUG] Screen::updateAreaE() finish.
[2026-07-23 11:41:41] [DEBUG] PartsDefinitionController::editPartsAction() end.
[2026-07-23 11:41:41] [DEBUG] Screen::areaView() start...
[2026-07-23 11:41:41] [DEBUG] Screen::areaView() finish.
[2026-07-23 11:41:48] [DEBUG] --- wwProject System Start ---
[2026-07-23 11:41:48] [DEBUG] Router::Router() /jemini/wwProjectV1.51/Develop/Console/ServerBridgeAction/
[2026-07-23 11:41:48] [DEBUG] Attempting to load: \Develop\Controllers\ConsoleController::ServerBridgeAction
[2026-07-23 11:41:48] [DEBUG] Router: Executing \Develop\Controllers\ConsoleController->ServerBridgeAction
[2026-07-23 11:41:48] [DEBUG] ConsoleController::ServerBridge() start...
[2026-07-23 11:41:48] [DEBUG] ConsoleController::ServerBridge() \Develop\Controllers\PartsDefinitionController::editPartsAction()
[2026-07-23 11:41:48] [DEBUG] PartsDefinitionController::editPartsAction() start...
[2026-07-23 11:41:48] [DEBUG] PartsDefinitionModel::getAllPartsList() start... Project ID: PRJ-D45FEF
[2026-07-23 11:41:48] [DEBUG] PartsDefinitionModel::getColumnsByTableId() start... Input: developers
[2026-07-23 11:41:48] [DEBUG] 逆引き成功: 物理名 developers -> table_id : 14
[2026-07-23 11:41:48] [DEBUG] PartsDefinitionModel::getColumnsByTableId() finish. 件数: 9
[2026-07-23 11:41:48] [DEBUG] PartsDefinitionModel::getTableStructure() start... Project ID: PRJ-D45FEF
[2026-07-23 11:41:48] [DEBUG] Screen::updateAreaE() [iframe起動版] path: \Develop\Views\AreaE\PartsDefinition\RegistParts.view start...
[2026-07-23 11:41:48] [DEBUG] Screen::getContents() start...
[2026-07-23 11:41:48] [DEBUG] Screen::getContents() finish.
[2026-07-23 11:41:48] [DEBUG] Screen::updateAreaE() finish.
[2026-07-23 11:41:48] [DEBUG] PartsDefinitionController::editPartsAction() end.
[2026-07-23 11:41:48] [DEBUG] Screen::areaView() start...
[2026-07-23 11:41:48] [DEBUG] Screen::areaView() finish.
[2026-07-23 11:45:15] [DEBUG] --- wwProject System Start ---
[2026-07-23 11:45:15] [DEBUG] Router::Router() /jemini/wwProjectV1.51/Develop/Console/initial/
[2026-07-23 11:45:15] [DEBUG] Attempting to load: \Develop\Controllers\ConsoleController::initialAction
[2026-07-23 11:45:15] [DEBUG] Router: Executing \Develop\Controllers\ConsoleController->initialAction
[2026-07-23 11:45:15] [DEBUG] Console::initialAction() start...
[2026-07-23 11:45:15] [DEBUG] Screen::view() path: \Develop\Views\Console\Console.view start...
[2026-07-23 11:45:15] [DEBUG] Screen::getContents() start...
[2026-07-23 11:45:15] [DEBUG] Screen::getContents() finish.
[2026-07-23 11:45:15] [DEBUG] Screen::view() path: \Develop\Views\Console\Console.view finish.
[2026-07-23 11:45:15] [DEBUG] ConsoleController::initialAction() finish.
[2026-07-23 11:45:15] [DEBUG] --- wwProject System Start ---
[2026-07-23 11:45:15] [DEBUG] Router::Router() /jemini/wwProjectV1.51/Develop/Console/ServerBridgeAction/
[2026-07-23 11:45:15] [DEBUG] Attempting to load: \Develop\Controllers\ConsoleController::ServerBridgeAction
[2026-07-23 11:45:15] [DEBUG] Router: Executing \Develop\Controllers\ConsoleController->ServerBridgeAction
[2026-07-23 11:45:15] [DEBUG] ConsoleController::ServerBridge() start...
[2026-07-23 11:45:15] [DEBUG] ConsoleController::ServerBridge() \Develop\Controllers\ConsoleController::areaInitialAction()
[2026-07-23 11:45:15] [DEBUG] ConsoleController::AreaInitialAction() start...
[2026-07-23 11:45:15] [DEBUG] Screen::updateAreaA() path: \Develop\Views\AreaA\Area_A.view start...
[2026-07-23 11:45:15] [DEBUG] Screen::areaView() sending JSON: ["areas"]
[2026-07-23 11:45:15] [DEBUG] Screen::getContents() start...
[2026-07-23 11:45:15] [DEBUG] Screen::getContents() finish.
[2026-07-23 11:45:15] [DEBUG] Screen::updateAreaA() finish.
[2026-07-23 11:45:15] [DEBUG] Screen::updateAreaB() path: \Develop\Views\AreaB\Area_B.view start...
[2026-07-23 11:45:15] [DEBUG] Screen::getContents() start...
[2026-07-23 11:45:15] [DEBUG] Screen::getContents() finish.
[2026-07-23 11:45:15] [DEBUG] Screen::updateAreaB() finish.
[2026-07-23 11:45:15] [DEBUG] Screen::updateAreaD() path: \Develop\Views\AreaD\Area_D_clear.view start...
[2026-07-23 11:45:15] [DEBUG] Screen::getContents() start...
[2026-07-23 11:45:15] [DEBUG] Screen::getContents() finish.
[2026-07-23 11:45:15] [DEBUG] Screen::updateAreaD() finish.
[2026-07-23 11:45:15] [DEBUG] Screen::updateAreaE() [iframe起動版] path: \Develop\Views\AreaE\Area_E_clear.view start...
[2026-07-23 11:45:15] [DEBUG] Screen::getContents() start...
[2026-07-23 11:45:15] [DEBUG] Screen::getContents() finish.
[2026-07-23 11:45:15] [DEBUG] Screen::updateAreaE() finish.
[2026-07-23 11:45:15] [DEBUG] Screen::updateAreaF() path: \Develop\Views\AreaF\Area_F.view start...
[2026-07-23 11:45:15] [DEBUG] Screen::getContents() start...
[2026-07-23 11:45:15] [DEBUG] Screen::getContents() finish.
[2026-07-23 11:45:15] [DEBUG] Screen::updateAreaF() finish.
[2026-07-23 11:45:15] [DEBUG] ProjectController::startProjectNabi() start...
[2026-07-23 11:45:15] [DEBUG] ProjectController::getProjectListHtml() start...
[2026-07-23 11:45:15] [DEBUG] ProjectModel::getProjectList() start...
[2026-07-23 11:45:15] [DEBUG] ProjectModel::getProjectList() finish.
[2026-07-23 11:45:15] [DEBUG] CodeMasterModel：：getCodesByGroup() start...
[2026-07-23 11:45:15] [DEBUG] CodeMasterModel：：getCodesByGroup() finish.
[2026-07-23 11:45:15] [DEBUG] ProjectController::getNaviFooterHtml() start...
[2026-07-23 11:45:15] [DEBUG] ProjectController::getNaviFooterHtml() finish.
[2026-07-23 11:45:15] [DEBUG] ProjectController::startProjectNabi() finish.
[2026-07-23 11:45:15] [DEBUG] Screen::updateAreaC() \Develop\Views\AreaC\Area_C.view start...
[2026-07-23 11:45:15] [DEBUG] Screen::getContents() start...
[2026-07-23 11:45:15] [DEBUG] Screen::getContents() finish.
[2026-07-23 11:45:15] [DEBUG] Screen::updateAreaC() finish.
[2026-07-23 11:45:15] [DEBUG] ConsoleController::AreaInitialAction() finish.
[2026-07-23 11:45:15] [DEBUG] Screen::areaView() start...
[2026-07-23 11:45:15] [DEBUG] Screen::areaView() finish.
[2026-07-23 11:45:16] [DEBUG] --- wwProject System Start ---
[2026-07-23 11:45:16] [DEBUG] Router::Router() /jemini/wwProjectV1.51/Develop/Console/ServerBridgeAction/
[2026-07-23 11:45:16] [DEBUG] Attempting to load: \Develop\Controllers\ConsoleController::ServerBridgeAction
[2026-07-23 11:45:16] [DEBUG] Router: Executing \Develop\Controllers\ConsoleController->ServerBridgeAction
[2026-07-23 11:45:16] [DEBUG] ConsoleController::ServerBridge() start...
[2026-07-23 11:45:16] [DEBUG] ConsoleController::ServerBridge() \Develop\Controllers\PartsDefinitionController::InitialAction()
[2026-07-23 11:45:16] [DEBUG] DBDefinitionController::initialAction() start...
[2026-07-23 11:45:16] [DEBUG] PartsDefinitionController::initialAction() projectId : PRJ-D45FEF
[2026-07-23 11:45:16] [DEBUG] PartsDefinitionModel::getAllPartsList() start... Project ID: PRJ-D45FEF
[2026-07-23 11:45:16] [DEBUG] Screen::updateAreaD() path: \Develop\Views\AreaD\PartsDefinition\PartsDefinitionList.view start...
[2026-07-23 11:45:16] [DEBUG] Screen::getContents() start...
[2026-07-23 11:45:16] [DEBUG] Screen::getContents() finish.
[2026-07-23 11:45:16] [DEBUG] Screen::updateAreaD() finish.
[2026-07-23 11:45:16] [DEBUG] Screen::updateAreaE() [iframe起動版] path: \Develop\Views\AreaE\Area_E_clear.view start...
[2026-07-23 11:45:16] [DEBUG] Screen::getContents() start...
[2026-07-23 11:45:16] [DEBUG] Screen::getContents() finish.
[2026-07-23 11:45:16] [DEBUG] Screen::updateAreaE() finish.
[2026-07-23 11:45:16] [DEBUG] DBDefinitionController::initialAction() end.
[2026-07-23 11:45:16] [DEBUG] Screen::areaView() start...
[2026-07-23 11:45:16] [DEBUG] Screen::areaView() finish.
[2026-07-23 11:45:27] [DEBUG] --- wwProject System Start ---
[2026-07-23 11:45:27] [DEBUG] Router::Router() /jemini/wwProjectV1.51/Develop/Console/ServerBridgeAction/
[2026-07-23 11:45:27] [DEBUG] Attempting to load: \Develop\Controllers\ConsoleController::ServerBridgeAction
[2026-07-23 11:45:27] [DEBUG] Router: Executing \Develop\Controllers\ConsoleController->ServerBridgeAction
[2026-07-23 11:45:27] [DEBUG] ConsoleController::ServerBridge() start...
[2026-07-23 11:45:27] [DEBUG] ConsoleController::ServerBridge() \Develop\Controllers\PartsDefinitionController::editPartsAction()
[2026-07-23 11:45:27] [DEBUG] PartsDefinitionController::editPartsAction() start...
[2026-07-23 11:45:27] [DEBUG] PartsDefinitionModel::getAllPartsList() start... Project ID: PRJ-D45FEF
[2026-07-23 11:45:27] [DEBUG] PartsDefinitionModel::getColumnsByTableId() start... Input: developers
[2026-07-23 11:45:27] [DEBUG] 逆引き成功: 物理名 developers -> table_id : 14
[2026-07-23 11:45:27] [DEBUG] PartsDefinitionModel::getColumnsByTableId() finish. 件数: 9
[2026-07-23 11:45:27] [DEBUG] PartsDefinitionModel::getTableStructure() start... Project ID: PRJ-D45FEF
[2026-07-23 11:45:27] [DEBUG] Screen::updateAreaE() [iframe起動版] path: \Develop\Views\AreaE\PartsDefinition\RegistParts.view start...
[2026-07-23 11:45:27] [DEBUG] Screen::getContents() start...
[2026-07-23 11:45:27] [DEBUG] Screen::getContents() finish.
[2026-07-23 11:45:27] [DEBUG] Screen::updateAreaE() finish.
[2026-07-23 11:45:27] [DEBUG] PartsDefinitionController::editPartsAction() end.
[2026-07-23 11:45:27] [DEBUG] Screen::areaView() start...
[2026-07-23 11:45:27] [DEBUG] Screen::areaView() finish.
[2026-07-23 13:13:09] [DEBUG] --- wwProject System Start ---
[2026-07-23 13:13:09] [DEBUG] Router::Router() /jemini/wwProjectV1.51/develop/
[2026-07-23 13:13:09] [DEBUG] Attempting to load: \Develop\Controllers\LoginController::initialAction
[2026-07-23 13:13:09] [DEBUG] Router: Executing \Develop\Controllers\LoginController->initialAction
[2026-07-23 13:13:09] [DEBUG] Login::initialAction() start...
[2026-07-23 13:13:09] [DEBUG] Login::initialAction() errorMessage : 
[2026-07-23 13:13:09] [DEBUG] Screen::view() path: \Develop\Views\Login\Login.view start...
[2026-07-23 13:13:09] [DEBUG] Screen::getContents() start...
[2026-07-23 13:13:09] [DEBUG] Screen::getContents() finish.
[2026-07-23 13:13:09] [DEBUG] Screen::view() path: \Develop\Views\Login\Login.view finish.
[2026-07-23 13:13:09] [DEBUG] Login::initialAction() finish.
[2026-07-23 13:13:12] [DEBUG] --- wwProject System Start ---
[2026-07-23 13:13:12] [DEBUG] Router::Router() /jemini/wwProjectV1.51/Develop/Login/authentication/
[2026-07-23 13:13:12] [DEBUG] Attempting to load: \Develop\Controllers\LoginController::authenticationAction
[2026-07-23 13:13:12] [DEBUG] Router: Executing \Develop\Controllers\LoginController->authenticationAction
[2026-07-23 13:13:12] [DEBUG] Login::AuthenticationAction() start...
[2026-07-23 13:13:12] [DEBUG] Login OK - x
[2026-07-23 13:13:12] [DEBUG] Session::start()
[2026-07-23 13:13:12] [DEBUG] Redirect to Console::initialAction()
[2026-07-23 13:13:12] [DEBUG] --- wwProject System Start ---
[2026-07-23 13:13:12] [DEBUG] Router::Router() /jemini/wwProjectV1.51/Develop/Console/initial/
[2026-07-23 13:13:12] [DEBUG] Attempting to load: \Develop\Controllers\ConsoleController::initialAction
[2026-07-23 13:13:12] [DEBUG] Router: Executing \Develop\Controllers\ConsoleController->initialAction
[2026-07-23 13:13:12] [DEBUG] Console::initialAction() start...
[2026-07-23 13:13:12] [DEBUG] Screen::view() path: \Develop\Views\Console\Console.view start...
[2026-07-23 13:13:12] [DEBUG] Screen::getContents() start...
[2026-07-23 13:13:12] [DEBUG] Screen::getContents() finish.
[2026-07-23 13:13:12] [DEBUG] Screen::view() path: \Develop\Views\Console\Console.view finish.
[2026-07-23 13:13:12] [DEBUG] ConsoleController::initialAction() finish.
[2026-07-23 13:13:12] [DEBUG] --- wwProject System Start ---
[2026-07-23 13:13:12] [DEBUG] Router::Router() /jemini/wwProjectV1.51/Develop/Console/ServerBridgeAction/
[2026-07-23 13:13:12] [DEBUG] Attempting to load: \Develop\Controllers\ConsoleController::ServerBridgeAction
[2026-07-23 13:13:12] [DEBUG] Router: Executing \Develop\Controllers\ConsoleController->ServerBridgeAction
[2026-07-23 13:13:12] [DEBUG] ConsoleController::ServerBridge() start...
[2026-07-23 13:13:12] [DEBUG] ConsoleController::ServerBridge() \Develop\Controllers\ConsoleController::areaInitialAction()
[2026-07-23 13:13:12] [DEBUG] ConsoleController::AreaInitialAction() start...
[2026-07-23 13:13:12] [DEBUG] Screen::updateAreaA() path: \Develop\Views\AreaA\Area_A.view start...
[2026-07-23 13:13:12] [DEBUG] Screen::areaView() sending JSON: ["areas"]
[2026-07-23 13:13:12] [DEBUG] Screen::getContents() start...
[2026-07-23 13:13:12] [DEBUG] Screen::getContents() finish.
[2026-07-23 13:13:12] [DEBUG] Screen::updateAreaA() finish.
[2026-07-23 13:13:12] [DEBUG] Screen::updateAreaB() path: \Develop\Views\AreaB\Area_B.view start...
[2026-07-23 13:13:12] [DEBUG] Screen::getContents() start...
[2026-07-23 13:13:12] [DEBUG] Screen::getContents() finish.
[2026-07-23 13:13:12] [DEBUG] Screen::updateAreaB() finish.
[2026-07-23 13:13:12] [DEBUG] Screen::updateAreaD() path: \Develop\Views\AreaD\Area_D_clear.view start...
[2026-07-23 13:13:12] [DEBUG] Screen::getContents() start...
[2026-07-23 13:13:12] [DEBUG] Screen::getContents() finish.
[2026-07-23 13:13:12] [DEBUG] Screen::updateAreaD() finish.
[2026-07-23 13:13:12] [DEBUG] Screen::updateAreaE() [iframe起動版] path: \Develop\Views\AreaE\Area_E_clear.view start...
[2026-07-23 13:13:12] [DEBUG] Screen::getContents() start...
[2026-07-23 13:13:12] [DEBUG] Screen::getContents() finish.
[2026-07-23 13:13:12] [DEBUG] Screen::updateAreaE() finish.
[2026-07-23 13:13:12] [DEBUG] Screen::updateAreaF() path: \Develop\Views\AreaF\Area_F.view start...
[2026-07-23 13:13:12] [DEBUG] Screen::getContents() start...
[2026-07-23 13:13:12] [DEBUG] Screen::getContents() finish.
[2026-07-23 13:13:12] [DEBUG] Screen::updateAreaF() finish.
[2026-07-23 13:13:12] [DEBUG] ProjectController::startProjectNabi() start...
[2026-07-23 13:13:12] [DEBUG] ProjectController::getProjectListHtml() start...
[2026-07-23 13:13:12] [DEBUG] ProjectModel::getProjectList() start...
[2026-07-23 13:13:12] [DEBUG] ProjectModel::getProjectList() finish.
[2026-07-23 13:13:12] [DEBUG] CodeMasterModel：：getCodesByGroup() start...
[2026-07-23 13:13:12] [DEBUG] CodeMasterModel：：getCodesByGroup() finish.
[2026-07-23 13:13:12] [DEBUG] ProjectController::getNaviFooterHtml() start...
[2026-07-23 13:13:12] [DEBUG] ProjectController::getNaviFooterHtml() finish.
[2026-07-23 13:13:12] [DEBUG] ProjectController::startProjectNabi() finish.
[2026-07-23 13:13:12] [DEBUG] Screen::updateAreaC() \Develop\Views\AreaC\Area_C.view start...
[2026-07-23 13:13:12] [DEBUG] Screen::getContents() start...
[2026-07-23 13:13:12] [DEBUG] Screen::getContents() finish.
[2026-07-23 13:13:12] [DEBUG] Screen::updateAreaC() finish.
[2026-07-23 13:13:12] [DEBUG] ConsoleController::AreaInitialAction() finish.
[2026-07-23 13:13:12] [DEBUG] Screen::areaView() start...
[2026-07-23 13:13:12] [DEBUG] Screen::areaView() finish.
[2026-07-23 13:13:14] [DEBUG] --- wwProject System Start ---
[2026-07-23 13:13:14] [DEBUG] Router::Router() /jemini/wwProjectV1.51/Develop/Console/ServerBridgeAction/
[2026-07-23 13:13:14] [DEBUG] Attempting to load: \Develop\Controllers\ConsoleController::ServerBridgeAction
[2026-07-23 13:13:14] [DEBUG] Router: Executing \Develop\Controllers\ConsoleController->ServerBridgeAction
[2026-07-23 13:13:14] [DEBUG] ConsoleController::ServerBridge() start...
[2026-07-23 13:13:14] [DEBUG] ConsoleController::ServerBridge() \Develop\Controllers\ProjectController::projectSelectAction()
[2026-07-23 13:13:14] [DEBUG] ProjectController::projectSelectAction() start...
[2026-07-23 13:13:14] [DEBUG] ProjectController::projectSelectAction() ☆★☆　SampleProject１
[2026-07-23 13:13:14] [DEBUG] Screen::updateAreaB() path: \Develop\Views\AreaB\Area_B.view start...
[2026-07-23 13:13:14] [DEBUG] Screen::getContents() start...
[2026-07-23 13:13:14] [DEBUG] Screen::getContents() finish.
[2026-07-23 13:13:14] [DEBUG] Screen::updateAreaB() finish.
[2026-07-23 13:13:14] [DEBUG] ProjectController::projectSelectAction() PRJ-D45FEF : PRJ-D45FEF
[2026-07-23 13:13:14] [DEBUG] ProjectController::getProjectListHtml() start...
[2026-07-23 13:13:14] [DEBUG] ProjectModel::getProjectList() start...
[2026-07-23 13:13:14] [DEBUG] ProjectModel::getProjectList() finish.
[2026-07-23 13:13:14] [DEBUG] CodeMasterModel：：getCodesByGroup() start...
[2026-07-23 13:13:14] [DEBUG] CodeMasterModel：：getCodesByGroup() finish.
[2026-07-23 13:13:14] [DEBUG] ProjectController::getNaviFooterHtml() start...
[2026-07-23 13:13:14] [DEBUG] ProjectController::getNaviFooterHtml() finish.
[2026-07-23 13:13:14] [DEBUG] Screen::updateAreaC() \Develop\Views\AreaC\Area_C.view start...
[2026-07-23 13:13:14] [DEBUG] Screen::getContents() start...
[2026-07-23 13:13:14] [DEBUG] Screen::getContents() finish.
[2026-07-23 13:13:14] [DEBUG] Screen::updateAreaC() finish.
[2026-07-23 13:13:14] [DEBUG] Screen::updateAreaD() path: \Develop\Views\AreaD\Area_D_clear.view start...
[2026-07-23 13:13:14] [DEBUG] Screen::getContents() start...
[2026-07-23 13:13:14] [DEBUG] Screen::getContents() finish.
[2026-07-23 13:13:14] [DEBUG] Screen::updateAreaD() finish.
[2026-07-23 13:13:14] [DEBUG] Screen::updateAreaE() [iframe起動版] path: \Develop\Views\AreaE\Area_E_clear.view start...
[2026-07-23 13:13:14] [DEBUG] Screen::getContents() start...
[2026-07-23 13:13:14] [DEBUG] Screen::getContents() finish.
[2026-07-23 13:13:14] [DEBUG] Screen::updateAreaE() finish.
[2026-07-23 13:13:14] [DEBUG] ProjectController::projectSelectAction() finish.
[2026-07-23 13:13:14] [DEBUG] Screen::areaView() start...
[2026-07-23 13:13:14] [DEBUG] Screen::areaView() finish.
[2026-07-23 13:13:15] [DEBUG] --- wwProject System Start ---
[2026-07-23 13:13:15] [DEBUG] Router::Router() /jemini/wwProjectV1.51/Develop/Console/ServerBridgeAction/
[2026-07-23 13:13:15] [DEBUG] Attempting to load: \Develop\Controllers\ConsoleController::ServerBridgeAction
[2026-07-23 13:13:15] [DEBUG] Router: Executing \Develop\Controllers\ConsoleController->ServerBridgeAction
[2026-07-23 13:13:15] [DEBUG] ConsoleController::ServerBridge() start...
[2026-07-23 13:13:15] [DEBUG] ConsoleController::ServerBridge() \Develop\Controllers\PartsDefinitionController::InitialAction()
[2026-07-23 13:13:15] [DEBUG] DBDefinitionController::initialAction() start...
[2026-07-23 13:13:15] [DEBUG] PartsDefinitionController::initialAction() projectId : PRJ-D45FEF
[2026-07-23 13:13:15] [DEBUG] PartsDefinitionModel::getAllPartsList() start... Project ID: PRJ-D45FEF
[2026-07-23 13:13:15] [DEBUG] Screen::updateAreaD() path: \Develop\Views\AreaD\PartsDefinition\PartsDefinitionList.view start...
[2026-07-23 13:13:15] [DEBUG] Screen::getContents() start...
[2026-07-23 13:13:15] [DEBUG] Screen::getContents() finish.
[2026-07-23 13:13:15] [DEBUG] Screen::updateAreaD() finish.
[2026-07-23 13:13:15] [DEBUG] Screen::updateAreaE() [iframe起動版] path: \Develop\Views\AreaE\Area_E_clear.view start...
[2026-07-23 13:13:15] [DEBUG] Screen::getContents() start...
[2026-07-23 13:13:15] [DEBUG] Screen::getContents() finish.
[2026-07-23 13:13:15] [DEBUG] Screen::updateAreaE() finish.
[2026-07-23 13:13:15] [DEBUG] DBDefinitionController::initialAction() end.
[2026-07-23 13:13:15] [DEBUG] Screen::areaView() start...
[2026-07-23 13:13:15] [DEBUG] Screen::areaView() finish.
