[2026-07-17 00:15:22] [DEBUG] --- wwProject System Start ---
[2026-07-17 00:15:22] [DEBUG] Router::Router() /jemini/wwProjectV1.38/Develop/Console/ServerBridgeAction/
[2026-07-17 00:15:22] [DEBUG] Attempting to load: \Develop\Controllers\ConsoleController::ServerBridgeAction
[2026-07-17 00:15:22] [DEBUG] Router: Executing \Develop\Controllers\ConsoleController->ServerBridgeAction
[2026-07-17 00:15:22] [DEBUG] ConsoleController::ServerBridge() start...
[2026-07-17 00:15:22] [DEBUG] ConsoleController::ServerBridge() \Develop\Controllers\PartsDefinitionController::editPartsAction()
[2026-07-17 00:15:23] [DEBUG] PartsDefinitionController::editPartsAction() start...
[2026-07-17 00:15:23] [DEBUG] PartsDefinitionModel::getAllPartsList() start... Project ID: PRJ-D45FEF
[2026-07-17 00:15:23] [DEBUG] PartsDefinitionModel::getTableStructure() start... Project ID: PRJ-D45FEF
[2026-07-17 00:15:23] [DEBUG] Screen::updateAreaE() [iframe起動版] path: \Develop\Views\AreaE\PartsDefinition\RegistParts.view start...
[2026-07-17 00:15:23] [DEBUG] Screen::getContents() start...
[2026-07-17 00:15:23] [DEBUG] Screen::getContents() finish.
[2026-07-17 00:15:23] [DEBUG] Screen::updateAreaE() finish.
[2026-07-17 00:15:23] [DEBUG] PartsDefinitionController::editPartsAction() end.
[2026-07-17 00:15:23] [DEBUG] Screen::areaView() start...
[2026-07-17 00:15:23] [DEBUG] Screen::areaView() finish.
[2026-07-17 00:15:25] [DEBUG] --- wwProject System Start ---
[2026-07-17 00:15:25] [DEBUG] Router::Router() /jemini/wwProjectV1.38/Develop/Console/ServerBridgeAction/
[2026-07-17 00:15:25] [DEBUG] Attempting to load: \Develop\Controllers\ConsoleController::ServerBridgeAction
[2026-07-17 00:15:25] [DEBUG] Router: Executing \Develop\Controllers\ConsoleController->ServerBridgeAction
[2026-07-17 00:15:25] [DEBUG] ConsoleController::ServerBridge() start...
[2026-07-17 00:15:25] [DEBUG] ConsoleController::ServerBridge() \Develop\Controllers\PartsDefinitionController::InitialAction()
[2026-07-17 00:15:25] [DEBUG] DBDefinitionController::initialAction() start...
[2026-07-17 00:15:25] [DEBUG] PartsDefinitionController::initialAction() projectId : PRJ-D45FEF
[2026-07-17 00:15:25] [DEBUG] PartsDefinitionModel::getAllPartsList() start... Project ID: PRJ-D45FEF
[2026-07-17 00:15:25] [DEBUG] Screen::updateAreaD() path: \Develop\Views\AreaD\PartsDefinition\PartsDefinitionList.view start...
[2026-07-17 00:15:25] [DEBUG] Screen::getContents() start...
[2026-07-17 00:15:25] [DEBUG] Screen::getContents() finish.
[2026-07-17 00:15:25] [DEBUG] Screen::updateAreaD() finish.
[2026-07-17 00:15:25] [DEBUG] Screen::updateAreaE() [iframe起動版] path: \Develop\Views\AreaE\Area_E_clear.view start...
[2026-07-17 00:15:25] [DEBUG] Screen::getContents() start...
[2026-07-17 00:15:25] [DEBUG] Screen::getContents() finish.
[2026-07-17 00:15:25] [DEBUG] Screen::updateAreaE() finish.
[2026-07-17 00:15:25] [DEBUG] DBDefinitionController::initialAction() end.
[2026-07-17 00:15:25] [DEBUG] Screen::areaView() start...
[2026-07-17 00:15:25] [DEBUG] Screen::areaView() finish.
[2026-07-17 00:15:31] [DEBUG] --- wwProject System Start ---
[2026-07-17 00:15:31] [DEBUG] Router::Router() /jemini/wwProjectV1.38/develop/
[2026-07-17 00:15:31] [DEBUG] Attempting to load: \Develop\Controllers\LoginController::initialAction
[2026-07-17 00:15:31] [DEBUG] Router: Executing \Develop\Controllers\LoginController->initialAction
[2026-07-17 00:15:31] [DEBUG] Login::initialAction() start...
[2026-07-17 00:15:31] [DEBUG] Login::initialAction() errorMessage : 
[2026-07-17 00:15:31] [DEBUG] Screen::view() path: \Develop\Views\Login\Login.view start...
[2026-07-17 00:15:31] [DEBUG] Screen::getContents() start...
[2026-07-17 00:15:31] [DEBUG] Screen::getContents() finish.
[2026-07-17 00:15:31] [DEBUG] Screen::view() path: \Develop\Views\Login\Login.view finish.
[2026-07-17 00:15:31] [DEBUG] Login::initialAction() finish.
[2026-07-17 00:15:34] [DEBUG] --- wwProject System Start ---
[2026-07-17 00:15:34] [DEBUG] Router::Router() /jemini/wwProjectV1.38/Develop/Login/authentication/
[2026-07-17 00:15:34] [DEBUG] Attempting to load: \Develop\Controllers\LoginController::authenticationAction
[2026-07-17 00:15:34] [DEBUG] Router: Executing \Develop\Controllers\LoginController->authenticationAction
[2026-07-17 00:15:34] [DEBUG] Login::AuthenticationAction() start...
[2026-07-17 00:15:34] [DEBUG] Login OK - x
[2026-07-17 00:15:34] [DEBUG] Session::start()
[2026-07-17 00:15:34] [DEBUG] Redirect to Console::initialAction()
[2026-07-17 00:15:34] [DEBUG] --- wwProject System Start ---
[2026-07-17 00:15:34] [DEBUG] Router::Router() /jemini/wwProjectV1.38/Develop/Console/initial/
[2026-07-17 00:15:34] [DEBUG] Attempting to load: \Develop\Controllers\ConsoleController::initialAction
[2026-07-17 00:15:34] [DEBUG] Router: Executing \Develop\Controllers\ConsoleController->initialAction
[2026-07-17 00:15:34] [DEBUG] Console::initialAction() start...
[2026-07-17 00:15:34] [DEBUG] Screen::view() path: \Develop\Views\Console\Console.view start...
[2026-07-17 00:15:34] [DEBUG] Screen::getContents() start...
[2026-07-17 00:15:34] [DEBUG] Screen::getContents() finish.
[2026-07-17 00:15:34] [DEBUG] Screen::view() path: \Develop\Views\Console\Console.view finish.
[2026-07-17 00:15:34] [DEBUG] ConsoleController::initialAction() finish.
[2026-07-17 00:15:34] [DEBUG] --- wwProject System Start ---
[2026-07-17 00:15:34] [DEBUG] Router::Router() /jemini/wwProjectV1.38/Develop/Console/ServerBridgeAction/
[2026-07-17 00:15:34] [DEBUG] Attempting to load: \Develop\Controllers\ConsoleController::ServerBridgeAction
[2026-07-17 00:15:34] [DEBUG] Router: Executing \Develop\Controllers\ConsoleController->ServerBridgeAction
[2026-07-17 00:15:34] [DEBUG] ConsoleController::ServerBridge() start...
[2026-07-17 00:15:34] [DEBUG] ConsoleController::ServerBridge() \Develop\Controllers\ConsoleController::areaInitialAction()
[2026-07-17 00:15:34] [DEBUG] ConsoleController::AreaInitialAction() start...
[2026-07-17 00:15:34] [DEBUG] Screen::updateAreaA() path: \Develop\Views\AreaA\Area_A.view start...
[2026-07-17 00:15:34] [DEBUG] Screen::areaView() sending JSON: ["areas"]
[2026-07-17 00:15:34] [DEBUG] Screen::getContents() start...
[2026-07-17 00:15:34] [DEBUG] Screen::getContents() finish.
[2026-07-17 00:15:34] [DEBUG] Screen::updateAreaA() finish.
[2026-07-17 00:15:34] [DEBUG] Screen::updateAreaB() path: \Develop\Views\AreaB\Area_B.view start...
[2026-07-17 00:15:34] [DEBUG] Screen::getContents() start...
[2026-07-17 00:15:34] [DEBUG] Screen::getContents() finish.
[2026-07-17 00:15:34] [DEBUG] Screen::updateAreaB() finish.
[2026-07-17 00:15:34] [DEBUG] Screen::updateAreaD() path: \Develop\Views\AreaD\Area_D_clear.view start...
[2026-07-17 00:15:34] [DEBUG] Screen::getContents() start...
[2026-07-17 00:15:34] [DEBUG] Screen::getContents() finish.
[2026-07-17 00:15:34] [DEBUG] Screen::updateAreaD() finish.
[2026-07-17 00:15:34] [DEBUG] Screen::updateAreaE() [iframe起動版] path: \Develop\Views\AreaE\Area_E_clear.view start...
[2026-07-17 00:15:34] [DEBUG] Screen::getContents() start...
[2026-07-17 00:15:34] [DEBUG] Screen::getContents() finish.
[2026-07-17 00:15:34] [DEBUG] Screen::updateAreaE() finish.
[2026-07-17 00:15:34] [DEBUG] Screen::updateAreaF() path: \Develop\Views\AreaF\Area_F.view start...
[2026-07-17 00:15:34] [DEBUG] Screen::getContents() start...
[2026-07-17 00:15:34] [DEBUG] Screen::getContents() finish.
[2026-07-17 00:15:34] [DEBUG] Screen::updateAreaF() finish.
[2026-07-17 00:15:34] [DEBUG] ProjectController::startProjectNabi() start...
[2026-07-17 00:15:34] [DEBUG] ProjectController::getProjectListHtml() start...
[2026-07-17 00:15:34] [DEBUG] ProjectModel::getProjectList() start...
[2026-07-17 00:15:34] [DEBUG] ProjectModel::getProjectList() finish.
[2026-07-17 00:15:34] [DEBUG] CodeMasterModel：：getCodesByGroup() start...
[2026-07-17 00:15:34] [DEBUG] CodeMasterModel：：getCodesByGroup() finish.
[2026-07-17 00:15:34] [DEBUG] ProjectController::getNaviFooterHtml() start...
[2026-07-17 00:15:34] [DEBUG] ProjectController::getNaviFooterHtml() finish.
[2026-07-17 00:15:34] [DEBUG] ProjectController::startProjectNabi() finish.
[2026-07-17 00:15:34] [DEBUG] Screen::updateAreaC() \Develop\Views\AreaC\Area_C.view start...
[2026-07-17 00:15:34] [DEBUG] Screen::getContents() start...
[2026-07-17 00:15:34] [DEBUG] Screen::getContents() finish.
[2026-07-17 00:15:34] [DEBUG] Screen::updateAreaC() finish.
[2026-07-17 00:15:34] [DEBUG] ConsoleController::AreaInitialAction() finish.
[2026-07-17 00:15:34] [DEBUG] Screen::areaView() start...
[2026-07-17 00:15:34] [DEBUG] Screen::areaView() finish.
[2026-07-17 00:15:36] [DEBUG] --- wwProject System Start ---
[2026-07-17 00:15:36] [DEBUG] Router::Router() /jemini/wwProjectV1.38/Develop/Console/ServerBridgeAction/
[2026-07-17 00:15:36] [DEBUG] Attempting to load: \Develop\Controllers\ConsoleController::ServerBridgeAction
[2026-07-17 00:15:36] [DEBUG] Router: Executing \Develop\Controllers\ConsoleController->ServerBridgeAction
[2026-07-17 00:15:36] [DEBUG] ConsoleController::ServerBridge() start...
[2026-07-17 00:15:36] [DEBUG] ConsoleController::ServerBridge() \Develop\Controllers\ProjectController::projectSelectAction()
[2026-07-17 00:15:36] [DEBUG] ProjectController::projectSelectAction() start...
[2026-07-17 00:15:36] [DEBUG] ProjectController::projectSelectAction() ☆★☆　SampleProject１
[2026-07-17 00:15:36] [DEBUG] Screen::updateAreaB() path: \Develop\Views\AreaB\Area_B.view start...
[2026-07-17 00:15:36] [DEBUG] Screen::getContents() start...
[2026-07-17 00:15:36] [DEBUG] Screen::getContents() finish.
[2026-07-17 00:15:36] [DEBUG] Screen::updateAreaB() finish.
[2026-07-17 00:15:36] [DEBUG] ProjectController::projectSelectAction() PRJ-D45FEF : PRJ-D45FEF
[2026-07-17 00:15:36] [DEBUG] ProjectController::getProjectListHtml() start...
[2026-07-17 00:15:36] [DEBUG] ProjectModel::getProjectList() start...
[2026-07-17 00:15:36] [DEBUG] ProjectModel::getProjectList() finish.
[2026-07-17 00:15:36] [DEBUG] CodeMasterModel：：getCodesByGroup() start...
[2026-07-17 00:15:36] [DEBUG] CodeMasterModel：：getCodesByGroup() finish.
[2026-07-17 00:15:36] [DEBUG] ProjectController::getNaviFooterHtml() start...
[2026-07-17 00:15:36] [DEBUG] ProjectController::getNaviFooterHtml() finish.
[2026-07-17 00:15:36] [DEBUG] Screen::updateAreaC() \Develop\Views\AreaC\Area_C.view start...
[2026-07-17 00:15:36] [DEBUG] Screen::getContents() start...
[2026-07-17 00:15:36] [DEBUG] Screen::getContents() finish.
[2026-07-17 00:15:36] [DEBUG] Screen::updateAreaC() finish.
[2026-07-17 00:15:36] [DEBUG] Screen::updateAreaD() path: \Develop\Views\AreaD\Area_D_clear.view start...
[2026-07-17 00:15:36] [DEBUG] Screen::getContents() start...
[2026-07-17 00:15:36] [DEBUG] Screen::getContents() finish.
[2026-07-17 00:15:36] [DEBUG] Screen::updateAreaD() finish.
[2026-07-17 00:15:36] [DEBUG] Screen::updateAreaE() [iframe起動版] path: \Develop\Views\AreaE\Area_E_clear.view start...
[2026-07-17 00:15:36] [DEBUG] Screen::getContents() start...
[2026-07-17 00:15:36] [DEBUG] Screen::getContents() finish.
[2026-07-17 00:15:36] [DEBUG] Screen::updateAreaE() finish.
[2026-07-17 00:15:36] [DEBUG] ProjectController::projectSelectAction() finish.
[2026-07-17 00:15:36] [DEBUG] Screen::areaView() start...
[2026-07-17 00:15:36] [DEBUG] Screen::areaView() finish.
[2026-07-17 00:15:37] [DEBUG] --- wwProject System Start ---
[2026-07-17 00:15:37] [DEBUG] Router::Router() /jemini/wwProjectV1.38/Develop/Console/ServerBridgeAction/
[2026-07-17 00:15:37] [DEBUG] Attempting to load: \Develop\Controllers\ConsoleController::ServerBridgeAction
[2026-07-17 00:15:37] [DEBUG] Router: Executing \Develop\Controllers\ConsoleController->ServerBridgeAction
[2026-07-17 00:15:37] [DEBUG] ConsoleController::ServerBridge() start...
[2026-07-17 00:15:37] [DEBUG] ConsoleController::ServerBridge() \Develop\Controllers\PartsDefinitionController::InitialAction()
[2026-07-17 00:15:37] [DEBUG] DBDefinitionController::initialAction() start...
[2026-07-17 00:15:37] [DEBUG] PartsDefinitionController::initialAction() projectId : PRJ-D45FEF
[2026-07-17 00:15:37] [DEBUG] PartsDefinitionModel::getAllPartsList() start... Project ID: PRJ-D45FEF
[2026-07-17 00:15:37] [DEBUG] Screen::updateAreaD() path: \Develop\Views\AreaD\PartsDefinition\PartsDefinitionList.view start...
[2026-07-17 00:15:37] [DEBUG] Screen::getContents() start...
[2026-07-17 00:15:37] [DEBUG] Screen::getContents() finish.
[2026-07-17 00:15:37] [DEBUG] Screen::updateAreaD() finish.
[2026-07-17 00:15:37] [DEBUG] Screen::updateAreaE() [iframe起動版] path: \Develop\Views\AreaE\Area_E_clear.view start...
[2026-07-17 00:15:37] [DEBUG] Screen::getContents() start...
[2026-07-17 00:15:37] [DEBUG] Screen::getContents() finish.
[2026-07-17 00:15:37] [DEBUG] Screen::updateAreaE() finish.
[2026-07-17 00:15:37] [DEBUG] DBDefinitionController::initialAction() end.
[2026-07-17 00:15:37] [DEBUG] Screen::areaView() start...
[2026-07-17 00:15:37] [DEBUG] Screen::areaView() finish.
[2026-07-17 00:16:26] [DEBUG] --- wwProject System Start ---
[2026-07-17 00:16:26] [DEBUG] Router::Router() /jemini/wwProjectV1.38/Develop/Console/ServerBridgeAction/
[2026-07-17 00:16:26] [DEBUG] Attempting to load: \Develop\Controllers\ConsoleController::ServerBridgeAction
[2026-07-17 00:16:26] [DEBUG] Router: Executing \Develop\Controllers\ConsoleController->ServerBridgeAction
[2026-07-17 00:16:26] [DEBUG] ConsoleController::ServerBridge() start...
[2026-07-17 00:16:26] [DEBUG] ConsoleController::ServerBridge() \Develop\Controllers\PartsDefinitionController::InitialAction()
[2026-07-17 00:16:26] [DEBUG] DBDefinitionController::initialAction() start...
[2026-07-17 00:16:26] [DEBUG] PartsDefinitionController::initialAction() projectId : PRJ-D45FEF
[2026-07-17 00:16:26] [DEBUG] PartsDefinitionModel::getAllPartsList() start... Project ID: PRJ-D45FEF
[2026-07-17 00:16:26] [DEBUG] Screen::updateAreaD() path: \Develop\Views\AreaD\PartsDefinition\PartsDefinitionList.view start...
[2026-07-17 00:16:26] [DEBUG] Screen::getContents() start...
[2026-07-17 00:16:26] [DEBUG] Screen::getContents() finish.
[2026-07-17 00:16:26] [DEBUG] Screen::updateAreaD() finish.
[2026-07-17 00:16:26] [DEBUG] Screen::updateAreaE() [iframe起動版] path: \Develop\Views\AreaE\Area_E_clear.view start...
[2026-07-17 00:16:26] [DEBUG] Screen::getContents() start...
[2026-07-17 00:16:26] [DEBUG] Screen::getContents() finish.
[2026-07-17 00:16:26] [DEBUG] Screen::updateAreaE() finish.
[2026-07-17 00:16:26] [DEBUG] DBDefinitionController::initialAction() end.
[2026-07-17 00:16:26] [DEBUG] Screen::areaView() start...
[2026-07-17 00:16:26] [DEBUG] Screen::areaView() finish.
[2026-07-17 00:16:30] [DEBUG] --- wwProject System Start ---
[2026-07-17 00:16:30] [DEBUG] Router::Router() /jemini/wwProjectV1.38/Develop/Console/ServerBridgeAction/
[2026-07-17 00:16:30] [DEBUG] Attempting to load: \Develop\Controllers\ConsoleController::ServerBridgeAction
[2026-07-17 00:16:30] [DEBUG] Router: Executing \Develop\Controllers\ConsoleController->ServerBridgeAction
[2026-07-17 00:16:30] [DEBUG] ConsoleController::ServerBridge() start...
[2026-07-17 00:16:30] [DEBUG] ConsoleController::ServerBridge() \Develop\Controllers\PartsDefinitionController::editPartsAction()
[2026-07-17 00:16:30] [DEBUG] PartsDefinitionController::editPartsAction() start...
[2026-07-17 00:16:30] [DEBUG] PartsDefinitionModel::getAllPartsList() start... Project ID: PRJ-D45FEF
[2026-07-17 00:16:30] [DEBUG] PartsDefinitionModel::getColumnsByTableId() start... Input: newDevelopers
[2026-07-17 00:16:30] [DEBUG] 逆引き成功: 物理名 newDevelopers -> table_id : 12
[2026-07-17 00:16:30] [DEBUG] PartsDefinitionModel::getColumnsByTableId() finish. 件数: 9
[2026-07-17 00:16:30] [DEBUG] PartsDefinitionModel::getTableStructure() start... Project ID: PRJ-D45FEF
[2026-07-17 00:16:30] [DEBUG] Screen::updateAreaE() [iframe起動版] path: \Develop\Views\AreaE\PartsDefinition\RegistParts.view start...
[2026-07-17 00:16:30] [DEBUG] Screen::getContents() start...
[2026-07-17 00:16:30] [DEBUG] Screen::getContents() finish.
[2026-07-17 00:16:30] [DEBUG] Screen::updateAreaE() finish.
[2026-07-17 00:16:30] [DEBUG] PartsDefinitionController::editPartsAction() end.
[2026-07-17 00:16:30] [DEBUG] Screen::areaView() start...
[2026-07-17 00:16:30] [DEBUG] Screen::areaView() finish.
[2026-07-17 00:16:33] [DEBUG] --- wwProject System Start ---
[2026-07-17 00:16:33] [DEBUG] Router::Router() /jemini/wwProjectV1.38/Develop/Console/ServerBridgeAction/
[2026-07-17 00:16:33] [DEBUG] Attempting to load: \Develop\Controllers\ConsoleController::ServerBridgeAction
[2026-07-17 00:16:33] [DEBUG] Router: Executing \Develop\Controllers\ConsoleController->ServerBridgeAction
[2026-07-17 00:16:33] [DEBUG] ConsoleController::ServerBridge() start...
[2026-07-17 00:16:33] [DEBUG] ConsoleController::ServerBridge() \Develop\Controllers\PartsDefinitionController::editPartsAction()
[2026-07-17 00:16:33] [DEBUG] PartsDefinitionController::editPartsAction() start...
[2026-07-17 00:16:33] [DEBUG] PartsDefinitionModel::getAllPartsList() start... Project ID: PRJ-D45FEF
[2026-07-17 00:16:33] [DEBUG] PartsDefinitionModel::getColumnsByTableId() start... Input: newDevelopers
[2026-07-17 00:16:33] [DEBUG] 逆引き成功: 物理名 newDevelopers -> table_id : 12
[2026-07-17 00:16:33] [DEBUG] PartsDefinitionModel::getColumnsByTableId() finish. 件数: 9
[2026-07-17 00:16:33] [DEBUG] PartsDefinitionModel::getTableStructure() start... Project ID: PRJ-D45FEF
[2026-07-17 00:16:33] [DEBUG] Screen::updateAreaE() [iframe起動版] path: \Develop\Views\AreaE\PartsDefinition\RegistParts.view start...
[2026-07-17 00:16:33] [DEBUG] Screen::getContents() start...
[2026-07-17 00:16:33] [DEBUG] Screen::getContents() finish.
[2026-07-17 00:16:33] [DEBUG] Screen::updateAreaE() finish.
[2026-07-17 00:16:33] [DEBUG] PartsDefinitionController::editPartsAction() end.
[2026-07-17 00:16:33] [DEBUG] Screen::areaView() start...
[2026-07-17 00:16:33] [DEBUG] Screen::areaView() finish.
[2026-07-17 00:16:35] [DEBUG] --- wwProject System Start ---
[2026-07-17 00:16:35] [DEBUG] Router::Router() /jemini/wwProjectV1.38/Develop/Console/ServerBridgeAction/
[2026-07-17 00:16:35] [DEBUG] Attempting to load: \Develop\Controllers\ConsoleController::ServerBridgeAction
[2026-07-17 00:16:35] [DEBUG] Router: Executing \Develop\Controllers\ConsoleController->ServerBridgeAction
[2026-07-17 00:16:35] [DEBUG] ConsoleController::ServerBridge() start...
[2026-07-17 00:16:35] [DEBUG] ConsoleController::ServerBridge() \Develop\Controllers\PartsDefinitionController::editPartsAction()
[2026-07-17 00:16:35] [DEBUG] PartsDefinitionController::editPartsAction() start...
[2026-07-17 00:16:35] [DEBUG] PartsDefinitionModel::getAllPartsList() start... Project ID: PRJ-D45FEF
[2026-07-17 00:16:35] [DEBUG] PartsDefinitionModel::getColumnsByTableId() start... Input: developers
[2026-07-17 00:16:35] [DEBUG] 逆引き成功: 物理名 developers -> table_id : 14
[2026-07-17 00:16:35] [DEBUG] PartsDefinitionModel::getColumnsByTableId() finish. 件数: 9
[2026-07-17 00:16:35] [DEBUG] PartsDefinitionModel::getTableStructure() start... Project ID: PRJ-D45FEF
[2026-07-17 00:16:35] [DEBUG] Screen::updateAreaE() [iframe起動版] path: \Develop\Views\AreaE\PartsDefinition\RegistParts.view start...
[2026-07-17 00:16:35] [DEBUG] Screen::getContents() start...
[2026-07-17 00:16:35] [DEBUG] Screen::getContents() finish.
[2026-07-17 00:16:35] [DEBUG] Screen::updateAreaE() finish.
[2026-07-17 00:16:35] [DEBUG] PartsDefinitionController::editPartsAction() end.
[2026-07-17 00:16:35] [DEBUG] Screen::areaView() start...
[2026-07-17 00:16:35] [DEBUG] Screen::areaView() finish.
[2026-07-17 00:16:45] [DEBUG] --- wwProject System Start ---
[2026-07-17 00:16:45] [DEBUG] Router::Router() /jemini/wwProjectV1.38/Develop/Console/ServerBridgeAction/
[2026-07-17 00:16:45] [DEBUG] Attempting to load: \Develop\Controllers\ConsoleController::ServerBridgeAction
[2026-07-17 00:16:45] [DEBUG] Router: Executing \Develop\Controllers\ConsoleController->ServerBridgeAction
[2026-07-17 00:16:45] [DEBUG] ConsoleController::ServerBridge() start...
[2026-07-17 00:16:45] [DEBUG] ConsoleController::ServerBridge() \Develop\Controllers\PartsDefinitionController::editPartsAction()
[2026-07-17 00:16:45] [DEBUG] PartsDefinitionController::editPartsAction() start...
[2026-07-17 00:16:45] [DEBUG] PartsDefinitionModel::getAllPartsList() start... Project ID: PRJ-D45FEF
[2026-07-17 00:16:45] [DEBUG] PartsDefinitionModel::getColumnsByTableId() start... Input: newDevelopers
[2026-07-17 00:16:45] [DEBUG] 逆引き成功: 物理名 newDevelopers -> table_id : 12
[2026-07-17 00:16:45] [DEBUG] PartsDefinitionModel::getColumnsByTableId() finish. 件数: 9
[2026-07-17 00:16:45] [DEBUG] PartsDefinitionModel::getTableStructure() start... Project ID: PRJ-D45FEF
[2026-07-17 00:16:45] [DEBUG] Screen::updateAreaE() [iframe起動版] path: \Develop\Views\AreaE\PartsDefinition\RegistParts.view start...
[2026-07-17 00:16:45] [DEBUG] Screen::getContents() start...
[2026-07-17 00:16:45] [DEBUG] Screen::getContents() finish.
[2026-07-17 00:16:45] [DEBUG] Screen::updateAreaE() finish.
[2026-07-17 00:16:45] [DEBUG] PartsDefinitionController::editPartsAction() end.
[2026-07-17 00:16:45] [DEBUG] Screen::areaView() start...
[2026-07-17 00:16:45] [DEBUG] Screen::areaView() finish.
[2026-07-17 00:16:46] [DEBUG] --- wwProject System Start ---
[2026-07-17 00:16:46] [DEBUG] Router::Router() /jemini/wwProjectV1.38/Develop/Console/ServerBridgeAction/
[2026-07-17 00:16:46] [DEBUG] Attempting to load: \Develop\Controllers\ConsoleController::ServerBridgeAction
[2026-07-17 00:16:46] [DEBUG] Router: Executing \Develop\Controllers\ConsoleController->ServerBridgeAction
[2026-07-17 00:16:46] [DEBUG] ConsoleController::ServerBridge() start...
[2026-07-17 00:16:46] [DEBUG] ConsoleController::ServerBridge() \Develop\Controllers\PartsDefinitionController::editPartsAction()
[2026-07-17 00:16:46] [DEBUG] PartsDefinitionController::editPartsAction() start...
[2026-07-17 00:16:46] [DEBUG] PartsDefinitionModel::getAllPartsList() start... Project ID: PRJ-D45FEF
[2026-07-17 00:16:46] [DEBUG] PartsDefinitionModel::getColumnsByTableId() start... Input: newDevelopers
[2026-07-17 00:16:46] [DEBUG] 逆引き成功: 物理名 newDevelopers -> table_id : 12
[2026-07-17 00:16:46] [DEBUG] PartsDefinitionModel::getColumnsByTableId() finish. 件数: 9
[2026-07-17 00:16:46] [DEBUG] PartsDefinitionModel::getTableStructure() start... Project ID: PRJ-D45FEF
[2026-07-17 00:16:46] [DEBUG] Screen::updateAreaE() [iframe起動版] path: \Develop\Views\AreaE\PartsDefinition\RegistParts.view start...
[2026-07-17 00:16:46] [DEBUG] Screen::getContents() start...
[2026-07-17 00:16:46] [DEBUG] Screen::getContents() finish.
[2026-07-17 00:16:46] [DEBUG] Screen::updateAreaE() finish.
[2026-07-17 00:16:46] [DEBUG] PartsDefinitionController::editPartsAction() end.
[2026-07-17 00:16:46] [DEBUG] Screen::areaView() start...
[2026-07-17 00:16:46] [DEBUG] Screen::areaView() finish.
[2026-07-17 00:16:51] [DEBUG] --- wwProject System Start ---
[2026-07-17 00:16:51] [DEBUG] Router::Router() /jemini/wwProjectV1.38/Develop/Console/ServerBridgeAction/
[2026-07-17 00:16:51] [DEBUG] Attempting to load: \Develop\Controllers\ConsoleController::ServerBridgeAction
[2026-07-17 00:16:51] [DEBUG] Router: Executing \Develop\Controllers\ConsoleController->ServerBridgeAction
[2026-07-17 00:16:51] [DEBUG] ConsoleController::ServerBridge() start...
[2026-07-17 00:16:51] [DEBUG] ConsoleController::ServerBridge() \Develop\Controllers\PartsDefinitionController::editPartsAction()
[2026-07-17 00:16:51] [DEBUG] PartsDefinitionController::editPartsAction() start...
[2026-07-17 00:16:51] [DEBUG] PartsDefinitionModel::getAllPartsList() start... Project ID: PRJ-D45FEF
[2026-07-17 00:16:51] [DEBUG] PartsDefinitionModel::getTableStructure() start... Project ID: PRJ-D45FEF
[2026-07-17 00:16:51] [DEBUG] Screen::updateAreaE() [iframe起動版] path: \Develop\Views\AreaE\PartsDefinition\RegistParts.view start...
[2026-07-17 00:16:51] [DEBUG] Screen::getContents() start...
[2026-07-17 00:16:51] [DEBUG] Screen::getContents() finish.
[2026-07-17 00:16:51] [DEBUG] Screen::updateAreaE() finish.
[2026-07-17 00:16:51] [DEBUG] PartsDefinitionController::editPartsAction() end.
[2026-07-17 00:16:51] [DEBUG] Screen::areaView() start...
[2026-07-17 00:16:51] [DEBUG] Screen::areaView() finish.
[2026-07-17 00:16:52] [DEBUG] --- wwProject System Start ---
[2026-07-17 00:16:52] [DEBUG] Router::Router() /jemini/wwProjectV1.38/Develop/Console/ServerBridgeAction/
[2026-07-17 00:16:52] [DEBUG] Attempting to load: \Develop\Controllers\ConsoleController::ServerBridgeAction
[2026-07-17 00:16:52] [DEBUG] Router: Executing \Develop\Controllers\ConsoleController->ServerBridgeAction
[2026-07-17 00:16:52] [DEBUG] ConsoleController::ServerBridge() start...
[2026-07-17 00:16:52] [DEBUG] ConsoleController::ServerBridge() \Develop\Controllers\PartsDefinitionController::editPartsAction()
[2026-07-17 00:16:52] [DEBUG] PartsDefinitionController::editPartsAction() start...
[2026-07-17 00:16:52] [DEBUG] PartsDefinitionModel::getAllPartsList() start... Project ID: PRJ-D45FEF
[2026-07-17 00:16:52] [DEBUG] PartsDefinitionModel::getTableStructure() start... Project ID: PRJ-D45FEF
[2026-07-17 00:16:52] [DEBUG] Screen::updateAreaE() [iframe起動版] path: \Develop\Views\AreaE\PartsDefinition\RegistParts.view start...
[2026-07-17 00:16:52] [DEBUG] Screen::getContents() start...
[2026-07-17 00:16:52] [DEBUG] Screen::getContents() finish.
[2026-07-17 00:16:52] [DEBUG] Screen::updateAreaE() finish.
[2026-07-17 00:16:52] [DEBUG] PartsDefinitionController::editPartsAction() end.
[2026-07-17 00:16:52] [DEBUG] Screen::areaView() start...
[2026-07-17 00:16:52] [DEBUG] Screen::areaView() finish.
[2026-07-17 00:16:54] [DEBUG] --- wwProject System Start ---
[2026-07-17 00:16:54] [DEBUG] Router::Router() /jemini/wwProjectV1.38/Develop/Console/ServerBridgeAction/
[2026-07-17 00:16:54] [DEBUG] Attempting to load: \Develop\Controllers\ConsoleController::ServerBridgeAction
[2026-07-17 00:16:54] [DEBUG] Router: Executing \Develop\Controllers\ConsoleController->ServerBridgeAction
[2026-07-17 00:16:54] [DEBUG] ConsoleController::ServerBridge() start...
[2026-07-17 00:16:54] [DEBUG] ConsoleController::ServerBridge() \Develop\Controllers\PartsDefinitionController::editPartsAction()
[2026-07-17 00:16:54] [DEBUG] PartsDefinitionController::editPartsAction() start...
[2026-07-17 00:16:54] [DEBUG] PartsDefinitionModel::getAllPartsList() start... Project ID: PRJ-D45FEF
[2026-07-17 00:16:54] [DEBUG] PartsDefinitionModel::getTableStructure() start... Project ID: PRJ-D45FEF
[2026-07-17 00:16:54] [DEBUG] Screen::updateAreaE() [iframe起動版] path: \Develop\Views\AreaE\PartsDefinition\RegistParts.view start...
[2026-07-17 00:16:54] [DEBUG] Screen::getContents() start...
[2026-07-17 00:16:54] [DEBUG] Screen::getContents() finish.
[2026-07-17 00:16:54] [DEBUG] Screen::updateAreaE() finish.
[2026-07-17 00:16:54] [DEBUG] PartsDefinitionController::editPartsAction() end.
[2026-07-17 00:16:54] [DEBUG] Screen::areaView() start...
[2026-07-17 00:16:54] [DEBUG] Screen::areaView() finish.
[2026-07-17 00:16:55] [DEBUG] --- wwProject System Start ---
[2026-07-17 00:16:56] [DEBUG] Router::Router() /jemini/wwProjectV1.38/Develop/Console/ServerBridgeAction/
[2026-07-17 00:16:56] [DEBUG] Attempting to load: \Develop\Controllers\ConsoleController::ServerBridgeAction
[2026-07-17 00:16:56] [DEBUG] Router: Executing \Develop\Controllers\ConsoleController->ServerBridgeAction
[2026-07-17 00:16:56] [DEBUG] ConsoleController::ServerBridge() start...
[2026-07-17 00:16:56] [DEBUG] ConsoleController::ServerBridge() \Develop\Controllers\PartsDefinitionController::editPartsAction()
[2026-07-17 00:16:56] [DEBUG] PartsDefinitionController::editPartsAction() start...
[2026-07-17 00:16:56] [DEBUG] PartsDefinitionModel::getAllPartsList() start... Project ID: PRJ-D45FEF
[2026-07-17 00:16:56] [DEBUG] PartsDefinitionModel::getTableStructure() start... Project ID: PRJ-D45FEF
[2026-07-17 00:16:56] [DEBUG] Screen::updateAreaE() [iframe起動版] path: \Develop\Views\AreaE\PartsDefinition\RegistParts.view start...
[2026-07-17 00:16:56] [DEBUG] Screen::getContents() start...
[2026-07-17 00:16:56] [DEBUG] Screen::getContents() finish.
[2026-07-17 00:16:56] [DEBUG] Screen::updateAreaE() finish.
[2026-07-17 00:16:56] [DEBUG] PartsDefinitionController::editPartsAction() end.
[2026-07-17 00:16:56] [DEBUG] Screen::areaView() start...
[2026-07-17 00:16:56] [DEBUG] Screen::areaView() finish.
[2026-07-17 00:16:57] [DEBUG] --- wwProject System Start ---
[2026-07-17 00:16:57] [DEBUG] Router::Router() /jemini/wwProjectV1.38/Develop/Console/ServerBridgeAction/
[2026-07-17 00:16:57] [DEBUG] Attempting to load: \Develop\Controllers\ConsoleController::ServerBridgeAction
[2026-07-17 00:16:57] [DEBUG] Router: Executing \Develop\Controllers\ConsoleController->ServerBridgeAction
[2026-07-17 00:16:57] [DEBUG] ConsoleController::ServerBridge() start...
[2026-07-17 00:16:57] [DEBUG] ConsoleController::ServerBridge() \Develop\Controllers\PartsDefinitionController::editPartsAction()
[2026-07-17 00:16:57] [DEBUG] PartsDefinitionController::editPartsAction() start...
[2026-07-17 00:16:57] [DEBUG] PartsDefinitionModel::getAllPartsList() start... Project ID: PRJ-D45FEF
[2026-07-17 00:16:57] [DEBUG] PartsDefinitionModel::getColumnsByTableId() start... Input: newDevelopers
[2026-07-17 00:16:57] [DEBUG] 逆引き成功: 物理名 newDevelopers -> table_id : 12
[2026-07-17 00:16:57] [DEBUG] PartsDefinitionModel::getColumnsByTableId() finish. 件数: 9
[2026-07-17 00:16:57] [DEBUG] PartsDefinitionModel::getTableStructure() start... Project ID: PRJ-D45FEF
[2026-07-17 00:16:57] [DEBUG] Screen::updateAreaE() [iframe起動版] path: \Develop\Views\AreaE\PartsDefinition\RegistParts.view start...
[2026-07-17 00:16:57] [DEBUG] Screen::getContents() start...
[2026-07-17 00:16:57] [DEBUG] Screen::getContents() finish.
[2026-07-17 00:16:57] [DEBUG] Screen::updateAreaE() finish.
[2026-07-17 00:16:57] [DEBUG] PartsDefinitionController::editPartsAction() end.
[2026-07-17 00:16:57] [DEBUG] Screen::areaView() start...
[2026-07-17 00:16:57] [DEBUG] Screen::areaView() finish.
[2026-07-17 00:26:21] [DEBUG] --- wwProject System Start ---
[2026-07-17 00:26:21] [DEBUG] Router::Router() /jemini/wwProjectV1.38/Develop/Console/ServerBridgeAction/
[2026-07-17 00:26:21] [DEBUG] Attempting to load: \Develop\Controllers\ConsoleController::ServerBridgeAction
[2026-07-17 00:26:21] [DEBUG] Router: Executing \Develop\Controllers\ConsoleController->ServerBridgeAction
[2026-07-17 00:26:21] [DEBUG] ConsoleController::ServerBridge() start...
[2026-07-17 00:26:21] [DEBUG] ConsoleController::ServerBridge() \Develop\Controllers\PartsDefinitionController::editPartsAction()
[2026-07-17 00:26:21] [DEBUG] PartsDefinitionController::editPartsAction() start...
[2026-07-17 00:26:21] [DEBUG] PartsDefinitionModel::getAllPartsList() start... Project ID: PRJ-D45FEF
[2026-07-17 00:26:21] [DEBUG] PartsDefinitionModel::getColumnsByTableId() start... Input: newDevelopers
[2026-07-17 00:26:21] [DEBUG] 逆引き成功: 物理名 newDevelopers -> table_id : 12
[2026-07-17 00:26:21] [DEBUG] PartsDefinitionModel::getColumnsByTableId() finish. 件数: 9
[2026-07-17 00:26:21] [DEBUG] PartsDefinitionModel::getTableStructure() start... Project ID: PRJ-D45FEF
[2026-07-17 00:26:21] [DEBUG] Screen::updateAreaE() [iframe起動版] path: \Develop\Views\AreaE\PartsDefinition\RegistParts.view start...
[2026-07-17 00:26:21] [DEBUG] Screen::getContents() start...
[2026-07-17 00:26:21] [DEBUG] Screen::getContents() finish.
[2026-07-17 00:26:21] [DEBUG] Screen::updateAreaE() finish.
[2026-07-17 00:26:21] [DEBUG] PartsDefinitionController::editPartsAction() end.
[2026-07-17 00:26:21] [DEBUG] Screen::areaView() start...
[2026-07-17 00:26:21] [DEBUG] Screen::areaView() finish.
[2026-07-17 00:36:58] [DEBUG] --- wwProject System Start ---
[2026-07-17 00:36:58] [DEBUG] Router::Router() /jemini/wwProjectV1.38/Develop/Console/ServerBridgeAction/
[2026-07-17 00:36:58] [DEBUG] Attempting to load: \Develop\Controllers\ConsoleController::ServerBridgeAction
[2026-07-17 00:36:58] [DEBUG] Router: Executing \Develop\Controllers\ConsoleController->ServerBridgeAction
[2026-07-17 00:36:58] [DEBUG] ConsoleController::ServerBridge() start...
[2026-07-17 00:36:58] [DEBUG] ConsoleController::ServerBridge() \Develop\Controllers\PartsDefinitionController::editPartsAction()
[2026-07-17 00:36:58] [DEBUG] PartsDefinitionController::editPartsAction() start...
[2026-07-17 00:36:58] [DEBUG] PartsDefinitionModel::getAllPartsList() start... Project ID: PRJ-D45FEF
[2026-07-17 00:36:58] [DEBUG] PartsDefinitionModel::getColumnsByTableId() start... Input: newDevelopers
[2026-07-17 00:36:58] [DEBUG] 逆引き成功: 物理名 newDevelopers -> table_id : 12
[2026-07-17 00:36:58] [DEBUG] PartsDefinitionModel::getColumnsByTableId() finish. 件数: 9
[2026-07-17 00:36:58] [DEBUG] PartsDefinitionModel::getTableStructure() start... Project ID: PRJ-D45FEF
[2026-07-17 00:36:58] [DEBUG] Screen::updateAreaE() [iframe起動版] path: \Develop\Views\AreaE\PartsDefinition\RegistParts.view start...
[2026-07-17 00:36:58] [DEBUG] Screen::getContents() start...
[2026-07-17 00:36:58] [DEBUG] Screen::getContents() finish.
[2026-07-17 00:36:58] [DEBUG] Screen::updateAreaE() finish.
[2026-07-17 00:36:58] [DEBUG] PartsDefinitionController::editPartsAction() end.
[2026-07-17 00:36:58] [DEBUG] Screen::areaView() start...
[2026-07-17 00:36:58] [DEBUG] Screen::areaView() finish.
[2026-07-17 00:36:59] [DEBUG] --- wwProject System Start ---
[2026-07-17 00:37:00] [DEBUG] Router::Router() /jemini/wwProjectV1.38/Develop/Console/ServerBridgeAction/
[2026-07-17 00:37:00] [DEBUG] Attempting to load: \Develop\Controllers\ConsoleController::ServerBridgeAction
[2026-07-17 00:37:00] [DEBUG] Router: Executing \Develop\Controllers\ConsoleController->ServerBridgeAction
[2026-07-17 00:37:00] [DEBUG] ConsoleController::ServerBridge() start...
[2026-07-17 00:37:00] [DEBUG] ConsoleController::ServerBridge() \Develop\Controllers\PartsDefinitionController::editPartsAction()
[2026-07-17 00:37:00] [DEBUG] PartsDefinitionController::editPartsAction() start...
[2026-07-17 00:37:00] [DEBUG] PartsDefinitionModel::getAllPartsList() start... Project ID: PRJ-D45FEF
[2026-07-17 00:37:00] [DEBUG] PartsDefinitionModel::getColumnsByTableId() start... Input: newDevelopers
[2026-07-17 00:37:00] [DEBUG] 逆引き成功: 物理名 newDevelopers -> table_id : 12
[2026-07-17 00:37:00] [DEBUG] PartsDefinitionModel::getColumnsByTableId() finish. 件数: 9
[2026-07-17 00:37:00] [DEBUG] PartsDefinitionModel::getTableStructure() start... Project ID: PRJ-D45FEF
[2026-07-17 00:37:00] [DEBUG] Screen::updateAreaE() [iframe起動版] path: \Develop\Views\AreaE\PartsDefinition\RegistParts.view start...
[2026-07-17 00:37:00] [DEBUG] Screen::getContents() start...
[2026-07-17 00:37:00] [DEBUG] Screen::getContents() finish.
[2026-07-17 00:37:00] [DEBUG] Screen::updateAreaE() finish.
[2026-07-17 00:37:00] [DEBUG] PartsDefinitionController::editPartsAction() end.
[2026-07-17 00:37:00] [DEBUG] Screen::areaView() start...
[2026-07-17 00:37:00] [DEBUG] Screen::areaView() finish.
[2026-07-17 00:39:51] [DEBUG] --- wwProject System Start ---
[2026-07-17 00:39:51] [DEBUG] Router::Router() /jemini/wwProjectV1.38/Develop/Console/ServerBridgeAction/
[2026-07-17 00:39:51] [DEBUG] Attempting to load: \Develop\Controllers\ConsoleController::ServerBridgeAction
[2026-07-17 00:39:51] [DEBUG] Router: Executing \Develop\Controllers\ConsoleController->ServerBridgeAction
[2026-07-17 00:39:51] [DEBUG] ConsoleController::ServerBridge() start...
[2026-07-17 00:39:51] [DEBUG] ConsoleController::ServerBridge() \Develop\Controllers\PartsDefinitionController::editPartsAction()
[2026-07-17 00:39:51] [DEBUG] PartsDefinitionController::editPartsAction() start...
[2026-07-17 00:39:51] [DEBUG] PartsDefinitionModel::getAllPartsList() start... Project ID: PRJ-D45FEF
[2026-07-17 00:39:51] [DEBUG] PartsDefinitionModel::getColumnsByTableId() start... Input: developers
[2026-07-17 00:39:51] [DEBUG] 逆引き成功: 物理名 developers -> table_id : 14
[2026-07-17 00:39:51] [DEBUG] PartsDefinitionModel::getColumnsByTableId() finish. 件数: 9
[2026-07-17 00:39:51] [DEBUG] PartsDefinitionModel::getTableStructure() start... Project ID: PRJ-D45FEF
[2026-07-17 00:39:51] [DEBUG] Screen::updateAreaE() [iframe起動版] path: \Develop\Views\AreaE\PartsDefinition\RegistParts.view start...
[2026-07-17 00:39:51] [DEBUG] Screen::getContents() start...
[2026-07-17 00:39:51] [DEBUG] Screen::getContents() finish.
[2026-07-17 00:39:51] [DEBUG] Screen::updateAreaE() finish.
[2026-07-17 00:39:51] [DEBUG] PartsDefinitionController::editPartsAction() end.
[2026-07-17 00:39:51] [DEBUG] Screen::areaView() start...
[2026-07-17 00:39:51] [DEBUG] Screen::areaView() finish.
[2026-07-17 00:39:55] [DEBUG] --- wwProject System Start ---
[2026-07-17 00:39:55] [DEBUG] Router::Router() /jemini/wwProjectV1.38/Develop/Console/ServerBridgeAction/
[2026-07-17 00:39:55] [DEBUG] Attempting to load: \Develop\Controllers\ConsoleController::ServerBridgeAction
[2026-07-17 00:39:55] [DEBUG] Router: Executing \Develop\Controllers\ConsoleController->ServerBridgeAction
[2026-07-17 00:39:55] [DEBUG] ConsoleController::ServerBridge() start...
[2026-07-17 00:39:55] [DEBUG] ConsoleController::ServerBridge() \Develop\Controllers\PartsDefinitionController::editPartsAction()
[2026-07-17 00:39:55] [DEBUG] PartsDefinitionController::editPartsAction() start...
[2026-07-17 00:39:55] [DEBUG] PartsDefinitionModel::getAllPartsList() start... Project ID: PRJ-D45FEF
[2026-07-17 00:39:55] [DEBUG] PartsDefinitionModel::getColumnsByTableId() start... Input: newDevelopers
[2026-07-17 00:39:55] [DEBUG] 逆引き成功: 物理名 newDevelopers -> table_id : 12
[2026-07-17 00:39:55] [DEBUG] PartsDefinitionModel::getColumnsByTableId() finish. 件数: 9
[2026-07-17 00:39:55] [DEBUG] PartsDefinitionModel::getTableStructure() start... Project ID: PRJ-D45FEF
[2026-07-17 00:39:55] [DEBUG] Screen::updateAreaE() [iframe起動版] path: \Develop\Views\AreaE\PartsDefinition\RegistParts.view start...
[2026-07-17 00:39:55] [DEBUG] Screen::getContents() start...
[2026-07-17 00:39:55] [DEBUG] Screen::getContents() finish.
[2026-07-17 00:39:55] [DEBUG] Screen::updateAreaE() finish.
[2026-07-17 00:39:55] [DEBUG] PartsDefinitionController::editPartsAction() end.
[2026-07-17 00:39:55] [DEBUG] Screen::areaView() start...
[2026-07-17 00:39:55] [DEBUG] Screen::areaView() finish.
[2026-07-17 00:49:46] [DEBUG] --- wwProject System Start ---
[2026-07-17 00:49:46] [DEBUG] Router::Router() /jemini/wwProjectV1.38/Develop/Console/ServerBridgeAction/
[2026-07-17 00:49:46] [DEBUG] Attempting to load: \Develop\Controllers\ConsoleController::ServerBridgeAction
[2026-07-17 00:49:46] [DEBUG] Router: Executing \Develop\Controllers\ConsoleController->ServerBridgeAction
[2026-07-17 00:49:46] [DEBUG] ConsoleController::ServerBridge() start...
[2026-07-17 00:49:46] [DEBUG] ConsoleController::ServerBridge() \Develop\Controllers\PartsDefinitionController::editPartsAction()
[2026-07-17 00:49:46] [DEBUG] PartsDefinitionController::editPartsAction() start...
[2026-07-17 00:49:46] [DEBUG] PartsDefinitionModel::getAllPartsList() start... Project ID: PRJ-D45FEF
[2026-07-17 00:49:46] [DEBUG] PartsDefinitionModel::getColumnsByTableId() start... Input: developers
[2026-07-17 00:49:46] [DEBUG] 逆引き成功: 物理名 developers -> table_id : 14
[2026-07-17 00:49:46] [DEBUG] PartsDefinitionModel::getColumnsByTableId() finish. 件数: 9
[2026-07-17 00:49:46] [DEBUG] PartsDefinitionModel::getTableStructure() start... Project ID: PRJ-D45FEF
[2026-07-17 00:49:46] [DEBUG] Screen::updateAreaE() [iframe起動版] path: \Develop\Views\AreaE\PartsDefinition\RegistParts.view start...
[2026-07-17 00:49:46] [DEBUG] Screen::getContents() start...
[2026-07-17 00:49:46] [DEBUG] Screen::getContents() finish.
[2026-07-17 00:49:46] [DEBUG] Screen::updateAreaE() finish.
[2026-07-17 00:49:46] [DEBUG] PartsDefinitionController::editPartsAction() end.
[2026-07-17 00:49:46] [DEBUG] Screen::areaView() start...
[2026-07-17 00:49:46] [DEBUG] Screen::areaView() finish.
[2026-07-17 00:49:48] [DEBUG] --- wwProject System Start ---
[2026-07-17 00:49:48] [DEBUG] Router::Router() /jemini/wwProjectV1.38/Develop/Console/ServerBridgeAction/
[2026-07-17 00:49:48] [DEBUG] Attempting to load: \Develop\Controllers\ConsoleController::ServerBridgeAction
[2026-07-17 00:49:48] [DEBUG] Router: Executing \Develop\Controllers\ConsoleController->ServerBridgeAction
[2026-07-17 00:49:48] [DEBUG] ConsoleController::ServerBridge() start...
[2026-07-17 00:49:48] [DEBUG] ConsoleController::ServerBridge() \Develop\Controllers\PartsDefinitionController::editPartsAction()
[2026-07-17 00:49:48] [DEBUG] PartsDefinitionController::editPartsAction() start...
[2026-07-17 00:49:48] [DEBUG] PartsDefinitionModel::getAllPartsList() start... Project ID: PRJ-D45FEF
[2026-07-17 00:49:48] [DEBUG] PartsDefinitionModel::getColumnsByTableId() start... Input: newDevelopers
[2026-07-17 00:49:48] [DEBUG] 逆引き成功: 物理名 newDevelopers -> table_id : 12
[2026-07-17 00:49:48] [DEBUG] PartsDefinitionModel::getColumnsByTableId() finish. 件数: 9
[2026-07-17 00:49:48] [DEBUG] PartsDefinitionModel::getTableStructure() start... Project ID: PRJ-D45FEF
[2026-07-17 00:49:48] [DEBUG] Screen::updateAreaE() [iframe起動版] path: \Develop\Views\AreaE\PartsDefinition\RegistParts.view start...
[2026-07-17 00:49:48] [DEBUG] Screen::getContents() start...
[2026-07-17 00:49:48] [DEBUG] Screen::getContents() finish.
[2026-07-17 00:49:48] [DEBUG] Screen::updateAreaE() finish.
[2026-07-17 00:49:48] [DEBUG] PartsDefinitionController::editPartsAction() end.
[2026-07-17 00:49:48] [DEBUG] Screen::areaView() start...
[2026-07-17 00:49:48] [DEBUG] Screen::areaView() finish.
[2026-07-17 00:49:51] [DEBUG] --- wwProject System Start ---
[2026-07-17 00:49:51] [DEBUG] Router::Router() /jemini/wwProjectV1.38/Develop/Console/ServerBridgeAction/
[2026-07-17 00:49:51] [DEBUG] Attempting to load: \Develop\Controllers\ConsoleController::ServerBridgeAction
[2026-07-17 00:49:51] [DEBUG] Router: Executing \Develop\Controllers\ConsoleController->ServerBridgeAction
[2026-07-17 00:49:51] [DEBUG] ConsoleController::ServerBridge() start...
[2026-07-17 00:49:51] [DEBUG] ConsoleController::ServerBridge() \Develop\Controllers\PartsDefinitionController::editPartsAction()
[2026-07-17 00:49:51] [DEBUG] PartsDefinitionController::editPartsAction() start...
[2026-07-17 00:49:51] [DEBUG] PartsDefinitionModel::getAllPartsList() start... Project ID: PRJ-D45FEF
[2026-07-17 00:49:51] [DEBUG] PartsDefinitionModel::getColumnsByTableId() start... Input: newDevelopers
[2026-07-17 00:49:51] [DEBUG] 逆引き成功: 物理名 newDevelopers -> table_id : 12
[2026-07-17 00:49:51] [DEBUG] PartsDefinitionModel::getColumnsByTableId() finish. 件数: 9
[2026-07-17 00:49:51] [DEBUG] PartsDefinitionModel::getTableStructure() start... Project ID: PRJ-D45FEF
[2026-07-17 00:49:51] [DEBUG] Screen::updateAreaE() [iframe起動版] path: \Develop\Views\AreaE\PartsDefinition\RegistParts.view start...
[2026-07-17 00:49:51] [DEBUG] Screen::getContents() start...
[2026-07-17 00:49:51] [DEBUG] Screen::getContents() finish.
[2026-07-17 00:49:51] [DEBUG] Screen::updateAreaE() finish.
[2026-07-17 00:49:51] [DEBUG] PartsDefinitionController::editPartsAction() end.
[2026-07-17 00:49:51] [DEBUG] Screen::areaView() start...
[2026-07-17 00:49:51] [DEBUG] Screen::areaView() finish.
[2026-07-17 00:49:53] [DEBUG] --- wwProject System Start ---
[2026-07-17 00:49:53] [DEBUG] Router::Router() /jemini/wwProjectV1.38/Develop/Console/ServerBridgeAction/
[2026-07-17 00:49:53] [DEBUG] Attempting to load: \Develop\Controllers\ConsoleController::ServerBridgeAction
[2026-07-17 00:49:53] [DEBUG] Router: Executing \Develop\Controllers\ConsoleController->ServerBridgeAction
[2026-07-17 00:49:53] [DEBUG] ConsoleController::ServerBridge() start...
[2026-07-17 00:49:53] [DEBUG] ConsoleController::ServerBridge() \Develop\Controllers\PartsDefinitionController::editPartsAction()
[2026-07-17 00:49:53] [DEBUG] PartsDefinitionController::editPartsAction() start...
[2026-07-17 00:49:53] [DEBUG] PartsDefinitionModel::getAllPartsList() start... Project ID: PRJ-D45FEF
[2026-07-17 00:49:53] [DEBUG] PartsDefinitionModel::getColumnsByTableId() start... Input: newDevelopers
[2026-07-17 00:49:53] [DEBUG] 逆引き成功: 物理名 newDevelopers -> table_id : 12
[2026-07-17 00:49:53] [DEBUG] PartsDefinitionModel::getColumnsByTableId() finish. 件数: 9
[2026-07-17 00:49:53] [DEBUG] PartsDefinitionModel::getTableStructure() start... Project ID: PRJ-D45FEF
[2026-07-17 00:49:53] [DEBUG] Screen::updateAreaE() [iframe起動版] path: \Develop\Views\AreaE\PartsDefinition\RegistParts.view start...
[2026-07-17 00:49:53] [DEBUG] Screen::getContents() start...
[2026-07-17 00:49:53] [DEBUG] Screen::getContents() finish.
[2026-07-17 00:49:53] [DEBUG] Screen::updateAreaE() finish.
[2026-07-17 00:49:53] [DEBUG] PartsDefinitionController::editPartsAction() end.
[2026-07-17 00:49:53] [DEBUG] Screen::areaView() start...
[2026-07-17 00:49:53] [DEBUG] Screen::areaView() finish.
[2026-07-17 00:49:55] [DEBUG] --- wwProject System Start ---
[2026-07-17 00:49:55] [DEBUG] Router::Router() /jemini/wwProjectV1.38/Develop/Console/ServerBridgeAction/
[2026-07-17 00:49:55] [DEBUG] Attempting to load: \Develop\Controllers\ConsoleController::ServerBridgeAction
[2026-07-17 00:49:55] [DEBUG] Router: Executing \Develop\Controllers\ConsoleController->ServerBridgeAction
[2026-07-17 00:49:55] [DEBUG] ConsoleController::ServerBridge() start...
[2026-07-17 00:49:55] [DEBUG] ConsoleController::ServerBridge() \Develop\Controllers\PartsDefinitionController::editPartsAction()
[2026-07-17 00:49:55] [DEBUG] PartsDefinitionController::editPartsAction() start...
[2026-07-17 00:49:55] [DEBUG] PartsDefinitionModel::getAllPartsList() start... Project ID: PRJ-D45FEF
[2026-07-17 00:49:55] [DEBUG] PartsDefinitionModel::getColumnsByTableId() start... Input: newDevelopers
[2026-07-17 00:49:55] [DEBUG] 逆引き成功: 物理名 newDevelopers -> table_id : 12
[2026-07-17 00:49:55] [DEBUG] PartsDefinitionModel::getColumnsByTableId() finish. 件数: 9
[2026-07-17 00:49:55] [DEBUG] PartsDefinitionModel::getTableStructure() start... Project ID: PRJ-D45FEF
[2026-07-17 00:49:55] [DEBUG] Screen::updateAreaE() [iframe起動版] path: \Develop\Views\AreaE\PartsDefinition\RegistParts.view start...
[2026-07-17 00:49:55] [DEBUG] Screen::getContents() start...
[2026-07-17 00:49:55] [DEBUG] Screen::getContents() finish.
[2026-07-17 00:49:55] [DEBUG] Screen::updateAreaE() finish.
[2026-07-17 00:49:55] [DEBUG] PartsDefinitionController::editPartsAction() end.
[2026-07-17 00:49:55] [DEBUG] Screen::areaView() start...
[2026-07-17 00:49:55] [DEBUG] Screen::areaView() finish.
[2026-07-17 00:49:56] [DEBUG] --- wwProject System Start ---
[2026-07-17 00:49:56] [DEBUG] Router::Router() /jemini/wwProjectV1.38/Develop/Console/ServerBridgeAction/
[2026-07-17 00:49:56] [DEBUG] Attempting to load: \Develop\Controllers\ConsoleController::ServerBridgeAction
[2026-07-17 00:49:56] [DEBUG] Router: Executing \Develop\Controllers\ConsoleController->ServerBridgeAction
[2026-07-17 00:49:56] [DEBUG] ConsoleController::ServerBridge() start...
[2026-07-17 00:49:56] [DEBUG] ConsoleController::ServerBridge() \Develop\Controllers\PartsDefinitionController::editPartsAction()
[2026-07-17 00:49:56] [DEBUG] PartsDefinitionController::editPartsAction() start...
[2026-07-17 00:49:56] [DEBUG] PartsDefinitionModel::getAllPartsList() start... Project ID: PRJ-D45FEF
[2026-07-17 00:49:56] [DEBUG] PartsDefinitionModel::getColumnsByTableId() start... Input: newDevelopers
[2026-07-17 00:49:56] [DEBUG] 逆引き成功: 物理名 newDevelopers -> table_id : 12
[2026-07-17 00:49:56] [DEBUG] PartsDefinitionModel::getColumnsByTableId() finish. 件数: 9
[2026-07-17 00:49:56] [DEBUG] PartsDefinitionModel::getTableStructure() start... Project ID: PRJ-D45FEF
[2026-07-17 00:49:56] [DEBUG] Screen::updateAreaE() [iframe起動版] path: \Develop\Views\AreaE\PartsDefinition\RegistParts.view start...
[2026-07-17 00:49:56] [DEBUG] Screen::getContents() start...
[2026-07-17 00:49:56] [DEBUG] Screen::getContents() finish.
[2026-07-17 00:49:56] [DEBUG] Screen::updateAreaE() finish.
[2026-07-17 00:49:56] [DEBUG] PartsDefinitionController::editPartsAction() end.
[2026-07-17 00:49:56] [DEBUG] Screen::areaView() start...
[2026-07-17 00:49:56] [DEBUG] Screen::areaView() finish.
[2026-07-17 00:49:57] [DEBUG] --- wwProject System Start ---
[2026-07-17 00:49:57] [DEBUG] Router::Router() /jemini/wwProjectV1.38/Develop/Console/ServerBridgeAction/
[2026-07-17 00:49:57] [DEBUG] Attempting to load: \Develop\Controllers\ConsoleController::ServerBridgeAction
[2026-07-17 00:49:57] [DEBUG] Router: Executing \Develop\Controllers\ConsoleController->ServerBridgeAction
[2026-07-17 00:49:57] [DEBUG] ConsoleController::ServerBridge() start...
[2026-07-17 00:49:57] [DEBUG] ConsoleController::ServerBridge() \Develop\Controllers\PartsDefinitionController::editPartsAction()
[2026-07-17 00:49:57] [DEBUG] PartsDefinitionController::editPartsAction() start...
[2026-07-17 00:49:57] [DEBUG] PartsDefinitionModel::getAllPartsList() start... Project ID: PRJ-D45FEF
[2026-07-17 00:49:57] [DEBUG] PartsDefinitionModel::getColumnsByTableId() start... Input: developers
[2026-07-17 00:49:57] [DEBUG] 逆引き成功: 物理名 developers -> table_id : 14
[2026-07-17 00:49:57] [DEBUG] PartsDefinitionModel::getColumnsByTableId() finish. 件数: 9
[2026-07-17 00:49:57] [DEBUG] PartsDefinitionModel::getTableStructure() start... Project ID: PRJ-D45FEF
[2026-07-17 00:49:57] [DEBUG] Screen::updateAreaE() [iframe起動版] path: \Develop\Views\AreaE\PartsDefinition\RegistParts.view start...
[2026-07-17 00:49:57] [DEBUG] Screen::getContents() start...
[2026-07-17 00:49:57] [DEBUG] Screen::getContents() finish.
[2026-07-17 00:49:57] [DEBUG] Screen::updateAreaE() finish.
[2026-07-17 00:49:57] [DEBUG] PartsDefinitionController::editPartsAction() end.
[2026-07-17 00:49:57] [DEBUG] Screen::areaView() start...
[2026-07-17 00:49:57] [DEBUG] Screen::areaView() finish.
[2026-07-17 00:49:57] [DEBUG] --- wwProject System Start ---
[2026-07-17 00:49:57] [DEBUG] Router::Router() /jemini/wwProjectV1.38/Develop/Console/ServerBridgeAction/
[2026-07-17 00:49:57] [DEBUG] Attempting to load: \Develop\Controllers\ConsoleController::ServerBridgeAction
[2026-07-17 00:49:57] [DEBUG] Router: Executing \Develop\Controllers\ConsoleController->ServerBridgeAction
[2026-07-17 00:49:57] [DEBUG] ConsoleController::ServerBridge() start...
[2026-07-17 00:49:57] [DEBUG] ConsoleController::ServerBridge() \Develop\Controllers\PartsDefinitionController::editPartsAction()
[2026-07-17 00:49:57] [DEBUG] PartsDefinitionController::editPartsAction() start...
[2026-07-17 00:49:57] [DEBUG] PartsDefinitionModel::getAllPartsList() start... Project ID: PRJ-D45FEF
[2026-07-17 00:49:57] [DEBUG] PartsDefinitionModel::getColumnsByTableId() start... Input: newDevelopers
[2026-07-17 00:49:57] [DEBUG] 逆引き成功: 物理名 newDevelopers -> table_id : 12
[2026-07-17 00:49:57] [DEBUG] PartsDefinitionModel::getColumnsByTableId() finish. 件数: 9
[2026-07-17 00:49:57] [DEBUG] PartsDefinitionModel::getTableStructure() start... Project ID: PRJ-D45FEF
[2026-07-17 00:49:57] [DEBUG] Screen::updateAreaE() [iframe起動版] path: \Develop\Views\AreaE\PartsDefinition\RegistParts.view start...
[2026-07-17 00:49:57] [DEBUG] Screen::getContents() start...
[2026-07-17 00:49:57] [DEBUG] Screen::getContents() finish.
[2026-07-17 00:49:57] [DEBUG] Screen::updateAreaE() finish.
[2026-07-17 00:49:57] [DEBUG] PartsDefinitionController::editPartsAction() end.
[2026-07-17 00:49:57] [DEBUG] Screen::areaView() start...
[2026-07-17 00:49:57] [DEBUG] Screen::areaView() finish.
[2026-07-17 01:30:03] [DEBUG] --- wwProject System Start ---
[2026-07-17 01:30:03] [DEBUG] Router::Router() /jemini/wwProjectV1.38/Develop/Console/ServerBridgeAction/
[2026-07-17 01:30:03] [DEBUG] Attempting to load: \Develop\Controllers\ConsoleController::ServerBridgeAction
[2026-07-17 01:30:03] [DEBUG] Router: Executing \Develop\Controllers\ConsoleController->ServerBridgeAction
[2026-07-17 01:30:03] [DEBUG] ConsoleController::ServerBridge() start...
[2026-07-17 01:30:03] [DEBUG] ConsoleController::ServerBridge() \Develop\Controllers\PartsDefinitionController::InitialAction()
[2026-07-17 01:30:03] [DEBUG] DBDefinitionController::initialAction() start...
[2026-07-17 01:30:03] [DEBUG] PartsDefinitionController::initialAction() projectId : PRJ-D45FEF
[2026-07-17 01:30:03] [DEBUG] PartsDefinitionModel::getAllPartsList() start... Project ID: PRJ-D45FEF
[2026-07-17 01:30:03] [DEBUG] Screen::updateAreaD() path: \Develop\Views\AreaD\PartsDefinition\PartsDefinitionList.view start...
[2026-07-17 01:30:03] [DEBUG] Screen::getContents() start...
[2026-07-17 01:30:03] [DEBUG] Screen::getContents() finish.
[2026-07-17 01:30:03] [DEBUG] Screen::updateAreaD() finish.
[2026-07-17 01:30:03] [DEBUG] Screen::updateAreaE() [iframe起動版] path: \Develop\Views\AreaE\Area_E_clear.view start...
[2026-07-17 01:30:03] [DEBUG] Screen::getContents() start...
[2026-07-17 01:30:03] [DEBUG] Screen::getContents() finish.
[2026-07-17 01:30:03] [DEBUG] Screen::updateAreaE() finish.
[2026-07-17 01:30:03] [DEBUG] DBDefinitionController::initialAction() end.
[2026-07-17 01:30:03] [DEBUG] Screen::areaView() start...
[2026-07-17 01:30:03] [DEBUG] Screen::areaView() finish.
[2026-07-17 01:30:05] [DEBUG] --- wwProject System Start ---
[2026-07-17 01:30:05] [DEBUG] Router::Router() /jemini/wwProjectV1.38/Develop/Console/ServerBridgeAction/
[2026-07-17 01:30:05] [DEBUG] Attempting to load: \Develop\Controllers\ConsoleController::ServerBridgeAction
[2026-07-17 01:30:05] [DEBUG] Router: Executing \Develop\Controllers\ConsoleController->ServerBridgeAction
[2026-07-17 01:30:05] [DEBUG] ConsoleController::ServerBridge() start...
[2026-07-17 01:30:05] [DEBUG] ConsoleController::ServerBridge() \Develop\Controllers\PartsDefinitionController::InitialAction()
[2026-07-17 01:30:05] [DEBUG] DBDefinitionController::initialAction() start...
[2026-07-17 01:30:05] [DEBUG] PartsDefinitionController::initialAction() projectId : PRJ-D45FEF
[2026-07-17 01:30:05] [DEBUG] PartsDefinitionModel::getAllPartsList() start... Project ID: PRJ-D45FEF
[2026-07-17 01:30:05] [DEBUG] Screen::updateAreaD() path: \Develop\Views\AreaD\PartsDefinition\PartsDefinitionList.view start...
[2026-07-17 01:30:05] [DEBUG] Screen::getContents() start...
[2026-07-17 01:30:05] [DEBUG] Screen::getContents() finish.
[2026-07-17 01:30:05] [DEBUG] Screen::updateAreaD() finish.
[2026-07-17 01:30:05] [DEBUG] Screen::updateAreaE() [iframe起動版] path: \Develop\Views\AreaE\Area_E_clear.view start...
[2026-07-17 01:30:05] [DEBUG] Screen::getContents() start...
[2026-07-17 01:30:05] [DEBUG] Screen::getContents() finish.
[2026-07-17 01:30:05] [DEBUG] Screen::updateAreaE() finish.
[2026-07-17 01:30:05] [DEBUG] DBDefinitionController::initialAction() end.
[2026-07-17 01:30:05] [DEBUG] Screen::areaView() start...
[2026-07-17 01:30:05] [DEBUG] Screen::areaView() finish.
[2026-07-17 01:31:26] [DEBUG] --- wwProject System Start ---
[2026-07-17 01:31:26] [DEBUG] Router::Router() /jemini/wwProjectV1.38/Develop/Console/ServerBridgeAction/
[2026-07-17 01:31:26] [DEBUG] Attempting to load: \Develop\Controllers\ConsoleController::ServerBridgeAction
[2026-07-17 01:31:26] [DEBUG] Router: Executing \Develop\Controllers\ConsoleController->ServerBridgeAction
[2026-07-17 01:31:26] [DEBUG] ConsoleController::ServerBridge() start...
[2026-07-17 01:31:26] [DEBUG] ConsoleController::ServerBridge() \Develop\Controllers\PartsDefinitionController::InitialAction()
[2026-07-17 01:31:26] [DEBUG] DBDefinitionController::initialAction() start...
[2026-07-17 01:31:26] [DEBUG] PartsDefinitionController::initialAction() projectId : PRJ-D45FEF
[2026-07-17 01:31:26] [DEBUG] PartsDefinitionModel::getAllPartsList() start... Project ID: PRJ-D45FEF
[2026-07-17 01:31:26] [DEBUG] Screen::updateAreaD() path: \Develop\Views\AreaD\PartsDefinition\PartsDefinitionList.view start...
[2026-07-17 01:31:26] [DEBUG] Screen::getContents() start...
[2026-07-17 01:31:26] [DEBUG] Screen::getContents() finish.
[2026-07-17 01:31:26] [DEBUG] Screen::updateAreaD() finish.
[2026-07-17 01:31:26] [DEBUG] Screen::updateAreaE() [iframe起動版] path: \Develop\Views\AreaE\Area_E_clear.view start...
[2026-07-17 01:31:26] [DEBUG] Screen::getContents() start...
[2026-07-17 01:31:26] [DEBUG] Screen::getContents() finish.
[2026-07-17 01:31:26] [DEBUG] Screen::updateAreaE() finish.
[2026-07-17 01:31:26] [DEBUG] DBDefinitionController::initialAction() end.
[2026-07-17 01:31:26] [DEBUG] Screen::areaView() start...
[2026-07-17 01:31:26] [DEBUG] Screen::areaView() finish.
[2026-07-17 01:33:57] [DEBUG] --- wwProject System Start ---
[2026-07-17 01:33:57] [DEBUG] Router::Router() /jemini/wwProjectV1.39/develop/
[2026-07-17 01:33:57] [DEBUG] Attempting to load: \Develop\Controllers\LoginController::initialAction
[2026-07-17 01:33:57] [DEBUG] Router: Executing \Develop\Controllers\LoginController->initialAction
[2026-07-17 01:33:57] [DEBUG] Login::initialAction() start...
[2026-07-17 01:33:57] [DEBUG] Login::initialAction() errorMessage : 
[2026-07-17 01:33:57] [DEBUG] Screen::view() path: \Develop\Views\Login\Login.view start...
[2026-07-17 01:33:57] [DEBUG] Screen::getContents() start...
[2026-07-17 01:33:57] [DEBUG] Screen::getContents() finish.
[2026-07-17 01:33:57] [DEBUG] Screen::view() path: \Develop\Views\Login\Login.view finish.
[2026-07-17 01:33:57] [DEBUG] Login::initialAction() finish.
[2026-07-17 01:34:04] [DEBUG] --- wwProject System Start ---
[2026-07-17 01:34:04] [DEBUG] Router::Router() /jemini/wwProjectV1.39/Develop/Login/authentication/
[2026-07-17 01:34:04] [DEBUG] Attempting to load: \Develop\Controllers\LoginController::authenticationAction
[2026-07-17 01:34:04] [DEBUG] Router: Executing \Develop\Controllers\LoginController->authenticationAction
[2026-07-17 01:34:04] [DEBUG] Login::AuthenticationAction() start...
[2026-07-17 01:34:04] [DEBUG] Login OK - x
[2026-07-17 01:34:04] [DEBUG] Session::start()
[2026-07-17 01:34:04] [DEBUG] Redirect to Console::initialAction()
[2026-07-17 01:34:04] [DEBUG] --- wwProject System Start ---
[2026-07-17 01:34:04] [DEBUG] Router::Router() /jemini/wwProjectV1.39/Develop/Console/initial/
[2026-07-17 01:34:04] [DEBUG] Attempting to load: \Develop\Controllers\ConsoleController::initialAction
[2026-07-17 01:34:04] [DEBUG] Router: Executing \Develop\Controllers\ConsoleController->initialAction
[2026-07-17 01:34:04] [DEBUG] Console::initialAction() start...
[2026-07-17 01:34:04] [DEBUG] Screen::view() path: \Develop\Views\Console\Console.view start...
[2026-07-17 01:34:04] [DEBUG] Screen::getContents() start...
[2026-07-17 01:34:04] [DEBUG] Screen::getContents() finish.
[2026-07-17 01:34:04] [DEBUG] Screen::view() path: \Develop\Views\Console\Console.view finish.
[2026-07-17 01:34:04] [DEBUG] ConsoleController::initialAction() finish.
[2026-07-17 01:34:04] [DEBUG] --- wwProject System Start ---
[2026-07-17 01:34:04] [DEBUG] Router::Router() /jemini/wwProjectV1.39/Develop/Console/ServerBridgeAction/
[2026-07-17 01:34:04] [DEBUG] Attempting to load: \Develop\Controllers\ConsoleController::ServerBridgeAction
[2026-07-17 01:34:04] [DEBUG] Router: Executing \Develop\Controllers\ConsoleController->ServerBridgeAction
[2026-07-17 01:34:04] [DEBUG] ConsoleController::ServerBridge() start...
[2026-07-17 01:34:04] [DEBUG] ConsoleController::ServerBridge() \Develop\Controllers\ConsoleController::areaInitialAction()
[2026-07-17 01:34:04] [DEBUG] ConsoleController::AreaInitialAction() start...
[2026-07-17 01:34:04] [DEBUG] Screen::updateAreaA() path: \Develop\Views\AreaA\Area_A.view start...
[2026-07-17 01:34:04] [DEBUG] Screen::areaView() sending JSON: ["areas"]
[2026-07-17 01:34:04] [DEBUG] Screen::getContents() start...
[2026-07-17 01:34:04] [DEBUG] Screen::getContents() finish.
[2026-07-17 01:34:04] [DEBUG] Screen::updateAreaA() finish.
[2026-07-17 01:34:04] [DEBUG] Screen::updateAreaB() path: \Develop\Views\AreaB\Area_B.view start...
[2026-07-17 01:34:04] [DEBUG] Screen::getContents() start...
[2026-07-17 01:34:04] [DEBUG] Screen::getContents() finish.
[2026-07-17 01:34:04] [DEBUG] Screen::updateAreaB() finish.
[2026-07-17 01:34:04] [DEBUG] Screen::updateAreaD() path: \Develop\Views\AreaD\Area_D_clear.view start...
[2026-07-17 01:34:04] [DEBUG] Screen::getContents() start...
[2026-07-17 01:34:04] [DEBUG] Screen::getContents() finish.
[2026-07-17 01:34:04] [DEBUG] Screen::updateAreaD() finish.
[2026-07-17 01:34:04] [DEBUG] Screen::updateAreaE() [iframe起動版] path: \Develop\Views\AreaE\Area_E_clear.view start...
[2026-07-17 01:34:04] [DEBUG] Screen::getContents() start...
[2026-07-17 01:34:04] [DEBUG] Screen::getContents() finish.
[2026-07-17 01:34:04] [DEBUG] Screen::updateAreaE() finish.
[2026-07-17 01:34:04] [DEBUG] Screen::updateAreaF() path: \Develop\Views\AreaF\Area_F.view start...
[2026-07-17 01:34:04] [DEBUG] Screen::getContents() start...
[2026-07-17 01:34:04] [DEBUG] Screen::getContents() finish.
[2026-07-17 01:34:04] [DEBUG] Screen::updateAreaF() finish.
[2026-07-17 01:34:04] [DEBUG] ProjectController::startProjectNabi() start...
[2026-07-17 01:34:04] [DEBUG] ProjectController::getProjectListHtml() start...
[2026-07-17 01:34:04] [DEBUG] ProjectModel::getProjectList() start...
[2026-07-17 01:34:04] [DEBUG] ProjectModel::getProjectList() finish.
[2026-07-17 01:34:04] [DEBUG] CodeMasterModel：：getCodesByGroup() start...
[2026-07-17 01:34:04] [DEBUG] CodeMasterModel：：getCodesByGroup() finish.
[2026-07-17 01:34:04] [DEBUG] ProjectController::getNaviFooterHtml() start...
[2026-07-17 01:34:04] [DEBUG] ProjectController::getNaviFooterHtml() finish.
[2026-07-17 01:34:04] [DEBUG] ProjectController::startProjectNabi() finish.
[2026-07-17 01:34:04] [DEBUG] Screen::updateAreaC() \Develop\Views\AreaC\Area_C.view start...
[2026-07-17 01:34:04] [DEBUG] Screen::getContents() start...
[2026-07-17 01:34:04] [DEBUG] Screen::getContents() finish.
[2026-07-17 01:34:04] [DEBUG] Screen::updateAreaC() finish.
[2026-07-17 01:34:04] [DEBUG] ConsoleController::AreaInitialAction() finish.
[2026-07-17 01:34:04] [DEBUG] Screen::areaView() start...
[2026-07-17 01:34:04] [DEBUG] Screen::areaView() finish.
[2026-07-17 01:34:06] [DEBUG] --- wwProject System Start ---
[2026-07-17 01:34:06] [DEBUG] Router::Router() /jemini/wwProjectV1.39/Develop/Console/ServerBridgeAction/
[2026-07-17 01:34:06] [DEBUG] Attempting to load: \Develop\Controllers\ConsoleController::ServerBridgeAction
[2026-07-17 01:34:06] [DEBUG] Router: Executing \Develop\Controllers\ConsoleController->ServerBridgeAction
[2026-07-17 01:34:06] [DEBUG] ConsoleController::ServerBridge() start...
[2026-07-17 01:34:06] [DEBUG] ConsoleController::ServerBridge() \Develop\Controllers\ProjectController::projectSelectAction()
[2026-07-17 01:34:06] [DEBUG] ProjectController::projectSelectAction() start...
[2026-07-17 01:34:06] [DEBUG] ProjectController::projectSelectAction() ☆★☆　SampleProject１
[2026-07-17 01:34:06] [DEBUG] Screen::updateAreaB() path: \Develop\Views\AreaB\Area_B.view start...
[2026-07-17 01:34:06] [DEBUG] Screen::getContents() start...
[2026-07-17 01:34:06] [DEBUG] Screen::getContents() finish.
[2026-07-17 01:34:06] [DEBUG] Screen::updateAreaB() finish.
[2026-07-17 01:34:06] [DEBUG] ProjectController::projectSelectAction() PRJ-D45FEF : PRJ-D45FEF
[2026-07-17 01:34:06] [DEBUG] ProjectController::getProjectListHtml() start...
[2026-07-17 01:34:06] [DEBUG] ProjectModel::getProjectList() start...
[2026-07-17 01:34:06] [DEBUG] ProjectModel::getProjectList() finish.
[2026-07-17 01:34:06] [DEBUG] CodeMasterModel：：getCodesByGroup() start...
[2026-07-17 01:34:06] [DEBUG] CodeMasterModel：：getCodesByGroup() finish.
[2026-07-17 01:34:06] [DEBUG] ProjectController::getNaviFooterHtml() start...
[2026-07-17 01:34:06] [DEBUG] ProjectController::getNaviFooterHtml() finish.
[2026-07-17 01:34:06] [DEBUG] Screen::updateAreaC() \Develop\Views\AreaC\Area_C.view start...
[2026-07-17 01:34:06] [DEBUG] Screen::getContents() start...
[2026-07-17 01:34:06] [DEBUG] Screen::getContents() finish.
[2026-07-17 01:34:06] [DEBUG] Screen::updateAreaC() finish.
[2026-07-17 01:34:06] [DEBUG] Screen::updateAreaD() path: \Develop\Views\AreaD\Area_D_clear.view start...
[2026-07-17 01:34:06] [DEBUG] Screen::getContents() start...
[2026-07-17 01:34:06] [DEBUG] Screen::getContents() finish.
[2026-07-17 01:34:06] [DEBUG] Screen::updateAreaD() finish.
[2026-07-17 01:34:06] [DEBUG] Screen::updateAreaE() [iframe起動版] path: \Develop\Views\AreaE\Area_E_clear.view start...
[2026-07-17 01:34:06] [DEBUG] Screen::getContents() start...
[2026-07-17 01:34:06] [DEBUG] Screen::getContents() finish.
[2026-07-17 01:34:06] [DEBUG] Screen::updateAreaE() finish.
[2026-07-17 01:34:06] [DEBUG] ProjectController::projectSelectAction() finish.
[2026-07-17 01:34:06] [DEBUG] Screen::areaView() start...
[2026-07-17 01:34:06] [DEBUG] Screen::areaView() finish.
[2026-07-17 01:34:07] [DEBUG] --- wwProject System Start ---
[2026-07-17 01:34:07] [DEBUG] Router::Router() /jemini/wwProjectV1.39/Develop/Console/ServerBridgeAction/
[2026-07-17 01:34:07] [DEBUG] Attempting to load: \Develop\Controllers\ConsoleController::ServerBridgeAction
[2026-07-17 01:34:07] [DEBUG] Router: Executing \Develop\Controllers\ConsoleController->ServerBridgeAction
[2026-07-17 01:34:07] [DEBUG] ConsoleController::ServerBridge() start...
[2026-07-17 01:34:07] [DEBUG] ConsoleController::ServerBridge() \Develop\Controllers\PartsDefinitionController::InitialAction()
[2026-07-17 01:34:07] [DEBUG] DBDefinitionController::initialAction() start...
[2026-07-17 01:34:07] [DEBUG] PartsDefinitionController::initialAction() projectId : PRJ-D45FEF
[2026-07-17 01:34:07] [DEBUG] PartsDefinitionModel::getAllPartsList() start... Project ID: PRJ-D45FEF
[2026-07-17 01:34:07] [DEBUG] Screen::updateAreaD() path: \Develop\Views\AreaD\PartsDefinition\PartsDefinitionList.view start...
[2026-07-17 01:34:07] [DEBUG] Screen::getContents() start...
[2026-07-17 01:34:07] [DEBUG] Screen::getContents() finish.
[2026-07-17 01:34:07] [DEBUG] Screen::updateAreaD() finish.
[2026-07-17 01:34:07] [DEBUG] Screen::updateAreaE() [iframe起動版] path: \Develop\Views\AreaE\Area_E_clear.view start...
[2026-07-17 01:34:07] [DEBUG] Screen::getContents() start...
[2026-07-17 01:34:07] [DEBUG] Screen::getContents() finish.
[2026-07-17 01:34:07] [DEBUG] Screen::updateAreaE() finish.
[2026-07-17 01:34:07] [DEBUG] DBDefinitionController::initialAction() end.
[2026-07-17 01:34:07] [DEBUG] Screen::areaView() start...
[2026-07-17 01:34:07] [DEBUG] Screen::areaView() finish.
[2026-07-17 01:34:18] [DEBUG] --- wwProject System Start ---
[2026-07-17 01:34:18] [DEBUG] Router::Router() /jemini/wwProjectV1.39/Develop/Console/ServerBridgeAction/
[2026-07-17 01:34:18] [DEBUG] Attempting to load: \Develop\Controllers\ConsoleController::ServerBridgeAction
[2026-07-17 01:34:18] [DEBUG] Router: Executing \Develop\Controllers\ConsoleController->ServerBridgeAction
[2026-07-17 01:34:18] [DEBUG] ConsoleController::ServerBridge() start...
[2026-07-17 01:34:18] [DEBUG] ConsoleController::ServerBridge() \Develop\Controllers\PartsDefinitionController::editPartsAction()
[2026-07-17 01:34:18] [DEBUG] PartsDefinitionController::editPartsAction() start...
[2026-07-17 01:34:18] [DEBUG] PartsDefinitionModel::getAllPartsList() start... Project ID: PRJ-D45FEF
[2026-07-17 01:34:18] [DEBUG] PartsDefinitionModel::getColumnsByTableId() start... Input: newDevelopers
[2026-07-17 01:34:18] [DEBUG] 逆引き成功: 物理名 newDevelopers -> table_id : 12
[2026-07-17 01:34:18] [DEBUG] PartsDefinitionModel::getColumnsByTableId() finish. 件数: 9
[2026-07-17 01:34:18] [DEBUG] PartsDefinitionModel::getTableStructure() start... Project ID: PRJ-D45FEF
[2026-07-17 01:34:18] [DEBUG] Screen::updateAreaE() [iframe起動版] path: \Develop\Views\AreaE\PartsDefinition\RegistParts.view start...
[2026-07-17 01:34:18] [DEBUG] Screen::getContents() start...
[2026-07-17 01:34:18] [DEBUG] Screen::getContents() finish.
[2026-07-17 01:34:18] [DEBUG] Screen::updateAreaE() finish.
[2026-07-17 01:34:18] [DEBUG] PartsDefinitionController::editPartsAction() end.
[2026-07-17 01:34:18] [DEBUG] Screen::areaView() start...
[2026-07-17 01:34:18] [DEBUG] Screen::areaView() finish.
[2026-07-17 01:34:23] [DEBUG] --- wwProject System Start ---
[2026-07-17 01:34:23] [DEBUG] Router::Router() /jemini/wwProjectV1.39/Develop/Console/ServerBridgeAction/
[2026-07-17 01:34:23] [DEBUG] Attempting to load: \Develop\Controllers\ConsoleController::ServerBridgeAction
[2026-07-17 01:34:23] [DEBUG] Router: Executing \Develop\Controllers\ConsoleController->ServerBridgeAction
[2026-07-17 01:34:23] [DEBUG] ConsoleController::ServerBridge() start...
[2026-07-17 01:34:23] [DEBUG] ConsoleController::ServerBridge() \Develop\Controllers\PartsDefinitionController::editPartsAction()
[2026-07-17 01:34:23] [DEBUG] PartsDefinitionController::editPartsAction() start...
[2026-07-17 01:34:23] [DEBUG] PartsDefinitionModel::getAllPartsList() start... Project ID: PRJ-D45FEF
[2026-07-17 01:34:23] [DEBUG] PartsDefinitionModel::getColumnsByTableId() start... Input: newDevelopers
[2026-07-17 01:34:23] [DEBUG] 逆引き成功: 物理名 newDevelopers -> table_id : 12
[2026-07-17 01:34:23] [DEBUG] PartsDefinitionModel::getColumnsByTableId() finish. 件数: 9
[2026-07-17 01:34:23] [DEBUG] PartsDefinitionModel::getTableStructure() start... Project ID: PRJ-D45FEF
[2026-07-17 01:34:23] [DEBUG] Screen::updateAreaE() [iframe起動版] path: \Develop\Views\AreaE\PartsDefinition\RegistParts.view start...
[2026-07-17 01:34:23] [DEBUG] Screen::getContents() start...
[2026-07-17 01:34:23] [DEBUG] Screen::getContents() finish.
[2026-07-17 01:34:23] [DEBUG] Screen::updateAreaE() finish.
[2026-07-17 01:34:23] [DEBUG] PartsDefinitionController::editPartsAction() end.
[2026-07-17 01:34:23] [DEBUG] Screen::areaView() start...
[2026-07-17 01:34:23] [DEBUG] Screen::areaView() finish.
[2026-07-17 01:34:25] [DEBUG] --- wwProject System Start ---
[2026-07-17 01:34:25] [DEBUG] Router::Router() /jemini/wwProjectV1.39/Develop/Console/ServerBridgeAction/
[2026-07-17 01:34:25] [DEBUG] Attempting to load: \Develop\Controllers\ConsoleController::ServerBridgeAction
[2026-07-17 01:34:25] [DEBUG] Router: Executing \Develop\Controllers\ConsoleController->ServerBridgeAction
[2026-07-17 01:34:25] [DEBUG] ConsoleController::ServerBridge() start...
[2026-07-17 01:34:25] [DEBUG] ConsoleController::ServerBridge() \Develop\Controllers\PartsDefinitionController::editPartsAction()
[2026-07-17 01:34:25] [DEBUG] PartsDefinitionController::editPartsAction() start...
[2026-07-17 01:34:25] [DEBUG] PartsDefinitionModel::getAllPartsList() start... Project ID: PRJ-D45FEF
[2026-07-17 01:34:25] [DEBUG] PartsDefinitionModel::getColumnsByTableId() start... Input: developers
[2026-07-17 01:34:25] [DEBUG] 逆引き成功: 物理名 developers -> table_id : 14
[2026-07-17 01:34:25] [DEBUG] PartsDefinitionModel::getColumnsByTableId() finish. 件数: 9
[2026-07-17 01:34:25] [DEBUG] PartsDefinitionModel::getTableStructure() start... Project ID: PRJ-D45FEF
[2026-07-17 01:34:25] [DEBUG] Screen::updateAreaE() [iframe起動版] path: \Develop\Views\AreaE\PartsDefinition\RegistParts.view start...
[2026-07-17 01:34:25] [DEBUG] Screen::getContents() start...
[2026-07-17 01:34:25] [DEBUG] Screen::getContents() finish.
[2026-07-17 01:34:25] [DEBUG] Screen::updateAreaE() finish.
[2026-07-17 01:34:25] [DEBUG] PartsDefinitionController::editPartsAction() end.
[2026-07-17 01:34:25] [DEBUG] Screen::areaView() start...
[2026-07-17 01:34:25] [DEBUG] Screen::areaView() finish.
[2026-07-17 01:34:36] [DEBUG] --- wwProject System Start ---
[2026-07-17 01:34:36] [DEBUG] Router::Router() /jemini/wwProjectV1.39/Develop/Console/ServerBridgeAction/
[2026-07-17 01:34:36] [DEBUG] Attempting to load: \Develop\Controllers\ConsoleController::ServerBridgeAction
[2026-07-17 01:34:36] [DEBUG] Router: Executing \Develop\Controllers\ConsoleController->ServerBridgeAction
[2026-07-17 01:34:36] [DEBUG] ConsoleController::ServerBridge() start...
[2026-07-17 01:34:36] [DEBUG] ConsoleController::ServerBridge() \Develop\Controllers\PartsDefinitionController::saveAction()
[2026-07-17 01:34:36] [DEBUG] PartsDefinitionController::saveAction() start...
[2026-07-17 01:34:36] [DEBUG] PartsDefinitionModel::saveParts() start... Project ID: PRJ-D45FEF, Parts ID: 3
[2026-07-17 01:34:36] [DEBUG] PartsDefinitionModel::saveParts() 保存するchecked_columns_jsonの値: [id,user_name,login_id,xyz]
[2026-07-17 01:34:36] [DEBUG] PartsDefinitionModel::saveParts() contents : 
[2026-07-17 01:34:36] [DEBUG] PartsDefinitionModel::saveParts() style_condition : 
[2026-07-17 01:34:36] [DEBUG] PartsDefinitionModel::saveParts() style_column : 
[2026-07-17 01:34:36] [DEBUG] PartsDefinitionModel::saveParts() UPDATE m_screenparts SET
                            parts_name = :parts_name,
                            parts_description = :parts_description,
                            parts_type = :parts_type,
                            table_name = :table_name,
                            display_label = :display_label,
                            preview_title = :preview_title,
                            column_filter = :column_filter,
                            input_rows = :input_rows,
                            checked_columns_json = :checked_columns_json,
                            input_style = :input_style,
                            contents = :contents,
                            style_condition = :style_condition,
                            style_column = :style_column
                        WHERE
                            project_id = :project_id AND parts_id = :parts_id
[2026-07-17 01:34:36] [DEBUG] PartsDefinitionModel::saveParts() UPDATEを実行します。Parts ID: 3
[2026-07-17 01:34:36] [DEBUG] PartsDefinitionModel::getAllPartsList() start... Project ID: PRJ-D45FEF
[2026-07-17 01:34:36] [DEBUG] Screen::updateAreaD() path: \Develop\Views\AreaD\PartsDefinition\PartsDefinitionList.view start...
[2026-07-17 01:34:36] [DEBUG] Screen::getContents() start...
[2026-07-17 01:34:36] [DEBUG] Screen::getContents() finish.
[2026-07-17 01:34:36] [DEBUG] Screen::updateAreaD() finish.
[2026-07-17 01:34:36] [DEBUG] Screen::updateAreaE() [iframe起動版] path: \Develop\Views\AreaE\Area_E_clear.view start...
[2026-07-17 01:34:36] [DEBUG] Screen::getContents() start...
[2026-07-17 01:34:36] [DEBUG] Screen::getContents() finish.
[2026-07-17 01:34:36] [DEBUG] Screen::updateAreaE() finish.
[2026-07-17 01:34:36] [DEBUG] PartsDefinitionController::saveAction() end.
[2026-07-17 01:34:36] [DEBUG] Screen::areaView() start...
[2026-07-17 01:34:36] [DEBUG] Screen::areaView() finish.
[2026-07-17 01:34:38] [DEBUG] --- wwProject System Start ---
[2026-07-17 01:34:38] [DEBUG] Router::Router() /jemini/wwProjectV1.39/Develop/Console/ServerBridgeAction/
[2026-07-17 01:34:38] [DEBUG] Attempting to load: \Develop\Controllers\ConsoleController::ServerBridgeAction
[2026-07-17 01:34:38] [DEBUG] Router: Executing \Develop\Controllers\ConsoleController->ServerBridgeAction
[2026-07-17 01:34:38] [DEBUG] ConsoleController::ServerBridge() start...
[2026-07-17 01:34:38] [DEBUG] ConsoleController::ServerBridge() \Develop\Controllers\PartsDefinitionController::editPartsAction()
[2026-07-17 01:34:38] [DEBUG] PartsDefinitionController::editPartsAction() start...
[2026-07-17 01:34:38] [DEBUG] PartsDefinitionModel::getAllPartsList() start... Project ID: PRJ-D45FEF
[2026-07-17 01:34:38] [DEBUG] PartsDefinitionModel::getColumnsByTableId() start... Input: developers
[2026-07-17 01:34:38] [DEBUG] 逆引き成功: 物理名 developers -> table_id : 14
[2026-07-17 01:34:38] [DEBUG] PartsDefinitionModel::getColumnsByTableId() finish. 件数: 9
[2026-07-17 01:34:38] [DEBUG] PartsDefinitionModel::getTableStructure() start... Project ID: PRJ-D45FEF
[2026-07-17 01:34:38] [DEBUG] Screen::updateAreaE() [iframe起動版] path: \Develop\Views\AreaE\PartsDefinition\RegistParts.view start...
[2026-07-17 01:34:38] [DEBUG] Screen::getContents() start...
[2026-07-17 01:34:38] [DEBUG] Screen::getContents() finish.
[2026-07-17 01:34:38] [DEBUG] Screen::updateAreaE() finish.
[2026-07-17 01:34:38] [DEBUG] PartsDefinitionController::editPartsAction() end.
[2026-07-17 01:34:38] [DEBUG] Screen::areaView() start...
[2026-07-17 01:34:38] [DEBUG] Screen::areaView() finish.
[2026-07-17 01:34:43] [DEBUG] --- wwProject System Start ---
[2026-07-17 01:34:44] [DEBUG] Router::Router() /jemini/wwProjectV1.39/Develop/Console/ServerBridgeAction/
[2026-07-17 01:34:44] [DEBUG] Attempting to load: \Develop\Controllers\ConsoleController::ServerBridgeAction
[2026-07-17 01:34:44] [DEBUG] Router: Executing \Develop\Controllers\ConsoleController->ServerBridgeAction
[2026-07-17 01:34:44] [DEBUG] ConsoleController::ServerBridge() start...
[2026-07-17 01:34:44] [DEBUG] ConsoleController::ServerBridge() \Develop\Controllers\PartsDefinitionController::editPartsAction()
[2026-07-17 01:34:44] [DEBUG] PartsDefinitionController::editPartsAction() start...
[2026-07-17 01:34:44] [DEBUG] PartsDefinitionModel::getAllPartsList() start... Project ID: PRJ-D45FEF
[2026-07-17 01:34:44] [DEBUG] PartsDefinitionModel::getColumnsByTableId() start... Input: newDevelopers
[2026-07-17 01:34:44] [DEBUG] 逆引き成功: 物理名 newDevelopers -> table_id : 12
[2026-07-17 01:34:44] [DEBUG] PartsDefinitionModel::getColumnsByTableId() finish. 件数: 9
[2026-07-17 01:34:44] [DEBUG] PartsDefinitionModel::getTableStructure() start... Project ID: PRJ-D45FEF
[2026-07-17 01:34:44] [DEBUG] Screen::updateAreaE() [iframe起動版] path: \Develop\Views\AreaE\PartsDefinition\RegistParts.view start...
[2026-07-17 01:34:44] [DEBUG] Screen::getContents() start...
[2026-07-17 01:34:44] [DEBUG] Screen::getContents() finish.
[2026-07-17 01:34:44] [DEBUG] Screen::updateAreaE() finish.
[2026-07-17 01:34:44] [DEBUG] PartsDefinitionController::editPartsAction() end.
[2026-07-17 01:34:44] [DEBUG] Screen::areaView() start...
[2026-07-17 01:34:44] [DEBUG] Screen::areaView() finish.
[2026-07-17 01:34:48] [DEBUG] --- wwProject System Start ---
[2026-07-17 01:34:48] [DEBUG] Router::Router() /jemini/wwProjectV1.39/Develop/Console/ServerBridgeAction/
[2026-07-17 01:34:48] [DEBUG] Attempting to load: \Develop\Controllers\ConsoleController::ServerBridgeAction
[2026-07-17 01:34:48] [DEBUG] Router: Executing \Develop\Controllers\ConsoleController->ServerBridgeAction
[2026-07-17 01:34:48] [DEBUG] ConsoleController::ServerBridge() start...
[2026-07-17 01:34:48] [DEBUG] ConsoleController::ServerBridge() \Develop\Controllers\PartsDefinitionController::editPartsAction()
[2026-07-17 01:34:48] [DEBUG] PartsDefinitionController::editPartsAction() start...
[2026-07-17 01:34:48] [DEBUG] PartsDefinitionModel::getAllPartsList() start... Project ID: PRJ-D45FEF
[2026-07-17 01:34:48] [DEBUG] PartsDefinitionModel::getColumnsByTableId() start... Input: newDevelopers
[2026-07-17 01:34:48] [DEBUG] 逆引き成功: 物理名 newDevelopers -> table_id : 12
[2026-07-17 01:34:48] [DEBUG] PartsDefinitionModel::getColumnsByTableId() finish. 件数: 9
[2026-07-17 01:34:48] [DEBUG] PartsDefinitionModel::getTableStructure() start... Project ID: PRJ-D45FEF
[2026-07-17 01:34:48] [DEBUG] Screen::updateAreaE() [iframe起動版] path: \Develop\Views\AreaE\PartsDefinition\RegistParts.view start...
[2026-07-17 01:34:48] [DEBUG] Screen::getContents() start...
[2026-07-17 01:34:48] [DEBUG] Screen::getContents() finish.
[2026-07-17 01:34:48] [DEBUG] Screen::updateAreaE() finish.
[2026-07-17 01:34:48] [DEBUG] PartsDefinitionController::editPartsAction() end.
[2026-07-17 01:34:48] [DEBUG] Screen::areaView() start...
[2026-07-17 01:34:48] [DEBUG] Screen::areaView() finish.
[2026-07-17 01:34:50] [DEBUG] --- wwProject System Start ---
[2026-07-17 01:34:50] [DEBUG] Router::Router() /jemini/wwProjectV1.39/Develop/Console/ServerBridgeAction/
[2026-07-17 01:34:50] [DEBUG] Attempting to load: \Develop\Controllers\ConsoleController::ServerBridgeAction
[2026-07-17 01:34:50] [DEBUG] Router: Executing \Develop\Controllers\ConsoleController->ServerBridgeAction
[2026-07-17 01:34:50] [DEBUG] ConsoleController::ServerBridge() start...
[2026-07-17 01:34:50] [DEBUG] ConsoleController::ServerBridge() \Develop\Controllers\PartsDefinitionController::editPartsAction()
[2026-07-17 01:34:50] [DEBUG] PartsDefinitionController::editPartsAction() start...
[2026-07-17 01:34:50] [DEBUG] PartsDefinitionModel::getAllPartsList() start... Project ID: PRJ-D45FEF
[2026-07-17 01:34:50] [DEBUG] PartsDefinitionModel::getColumnsByTableId() start... Input: developers
[2026-07-17 01:34:50] [DEBUG] 逆引き成功: 物理名 developers -> table_id : 14
[2026-07-17 01:34:50] [DEBUG] PartsDefinitionModel::getColumnsByTableId() finish. 件数: 9
[2026-07-17 01:34:50] [DEBUG] PartsDefinitionModel::getTableStructure() start... Project ID: PRJ-D45FEF
[2026-07-17 01:34:50] [DEBUG] Screen::updateAreaE() [iframe起動版] path: \Develop\Views\AreaE\PartsDefinition\RegistParts.view start...
[2026-07-17 01:34:50] [DEBUG] Screen::getContents() start...
[2026-07-17 01:34:50] [DEBUG] Screen::getContents() finish.
[2026-07-17 01:34:50] [DEBUG] Screen::updateAreaE() finish.
[2026-07-17 01:34:50] [DEBUG] PartsDefinitionController::editPartsAction() end.
[2026-07-17 01:34:50] [DEBUG] Screen::areaView() start...
[2026-07-17 01:34:50] [DEBUG] Screen::areaView() finish.
[2026-07-17 01:34:51] [DEBUG] --- wwProject System Start ---
[2026-07-17 01:34:51] [DEBUG] Router::Router() /jemini/wwProjectV1.39/Develop/Console/ServerBridgeAction/
[2026-07-17 01:34:51] [DEBUG] Attempting to load: \Develop\Controllers\ConsoleController::ServerBridgeAction
[2026-07-17 01:34:51] [DEBUG] Router: Executing \Develop\Controllers\ConsoleController->ServerBridgeAction
[2026-07-17 01:34:51] [DEBUG] ConsoleController::ServerBridge() start...
[2026-07-17 01:34:51] [DEBUG] ConsoleController::ServerBridge() \Develop\Controllers\PartsDefinitionController::editPartsAction()
[2026-07-17 01:34:51] [DEBUG] PartsDefinitionController::editPartsAction() start...
[2026-07-17 01:34:51] [DEBUG] PartsDefinitionModel::getAllPartsList() start... Project ID: PRJ-D45FEF
[2026-07-17 01:34:51] [DEBUG] PartsDefinitionModel::getColumnsByTableId() start... Input: newDevelopers
[2026-07-17 01:34:51] [DEBUG] 逆引き成功: 物理名 newDevelopers -> table_id : 12
[2026-07-17 01:34:51] [DEBUG] PartsDefinitionModel::getColumnsByTableId() finish. 件数: 9
[2026-07-17 01:34:51] [DEBUG] PartsDefinitionModel::getTableStructure() start... Project ID: PRJ-D45FEF
[2026-07-17 01:34:51] [DEBUG] Screen::updateAreaE() [iframe起動版] path: \Develop\Views\AreaE\PartsDefinition\RegistParts.view start...
[2026-07-17 01:34:51] [DEBUG] Screen::getContents() start...
[2026-07-17 01:34:51] [DEBUG] Screen::getContents() finish.
[2026-07-17 01:34:51] [DEBUG] Screen::updateAreaE() finish.
[2026-07-17 01:34:51] [DEBUG] PartsDefinitionController::editPartsAction() end.
[2026-07-17 01:34:51] [DEBUG] Screen::areaView() start...
[2026-07-17 01:34:51] [DEBUG] Screen::areaView() finish.
[2026-07-17 02:05:03] [DEBUG] --- wwProject System Start ---
[2026-07-17 02:05:03] [DEBUG] Router::Router() /jemini/wwProjectV1.39/Develop/Console/ServerBridgeAction/
[2026-07-17 02:05:03] [DEBUG] Attempting to load: \Develop\Controllers\ConsoleController::ServerBridgeAction
[2026-07-17 02:05:03] [DEBUG] Router: Executing \Develop\Controllers\ConsoleController->ServerBridgeAction
[2026-07-17 02:05:03] [DEBUG] ConsoleController::ServerBridge() start...
[2026-07-17 02:05:03] [DEBUG] ConsoleController::ServerBridge() \Develop\Controllers\PartsDefinitionController::getColumnsAction()
[2026-07-17 02:05:03] [DEBUG] PartsDefinitionController::getColumnsAction() start...
[2026-07-17 02:05:03] [DEBUG] PartsDefinitionModel::getColumnsByTableId() start... Input: applicantmaster
[2026-07-17 02:05:03] [DEBUG] 逆引き成功: 物理名 applicantmaster -> table_id : 13
[2026-07-17 02:05:03] [DEBUG] PartsDefinitionModel::getColumnsByTableId() finish. 件数: 19
[2026-07-17 02:05:03] [DEBUG] PartsDefinitionModel::getTableStructure() start... Project ID: PRJ-D45FEF
[2026-07-17 02:05:03] [DEBUG] Screen::updateAreaE() [iframe起動版] path: \Develop\Views\AreaE\PartsDefinition\RegistParts.view start...
[2026-07-17 02:05:03] [DEBUG] Screen::getContents() start...
[2026-07-17 02:05:03] [DEBUG] Screen::getContents() finish.
[2026-07-17 02:05:03] [DEBUG] Screen::updateAreaE() finish.
[2026-07-17 02:05:03] [DEBUG] PartsDefinitionController::getColumnsAction() end.
[2026-07-17 02:05:03] [DEBUG] Screen::areaView() start...
[2026-07-17 02:05:03] [DEBUG] Screen::areaView() finish.
[2026-07-17 02:05:16] [DEBUG] --- wwProject System Start ---
[2026-07-17 02:05:16] [DEBUG] Router::Router() /jemini/wwProjectV1.39/Develop/Console/ServerBridgeAction/
[2026-07-17 02:05:16] [DEBUG] Attempting to load: \Develop\Controllers\ConsoleController::ServerBridgeAction
[2026-07-17 02:05:16] [DEBUG] Router: Executing \Develop\Controllers\ConsoleController->ServerBridgeAction
[2026-07-17 02:05:16] [DEBUG] ConsoleController::ServerBridge() start...
[2026-07-17 02:05:16] [DEBUG] ConsoleController::ServerBridge() \Develop\Controllers\PartsDefinitionController::getColumnsAction()
[2026-07-17 02:05:16] [DEBUG] PartsDefinitionController::getColumnsAction() start...
[2026-07-17 02:05:16] [DEBUG] PartsDefinitionModel::getColumnsByTableId() start... Input: ApplicationAndParticipate
[2026-07-17 02:05:16] [DEBUG] 逆引き成功: 物理名 ApplicationAndParticipate -> table_id : 19
[2026-07-17 02:05:16] [DEBUG] PartsDefinitionModel::getColumnsByTableId() finish. 件数: 8
[2026-07-17 02:05:16] [DEBUG] PartsDefinitionModel::getTableStructure() start... Project ID: PRJ-D45FEF
[2026-07-17 02:05:16] [DEBUG] Screen::updateAreaE() [iframe起動版] path: \Develop\Views\AreaE\PartsDefinition\RegistParts.view start...
[2026-07-17 02:05:16] [DEBUG] Screen::getContents() start...
[2026-07-17 02:05:16] [DEBUG] Screen::getContents() finish.
[2026-07-17 02:05:16] [DEBUG] Screen::updateAreaE() finish.
[2026-07-17 02:05:16] [DEBUG] PartsDefinitionController::getColumnsAction() end.
[2026-07-17 02:05:16] [DEBUG] Screen::areaView() start...
[2026-07-17 02:05:16] [DEBUG] Screen::areaView() finish.
[2026-07-17 02:05:26] [DEBUG] --- wwProject System Start ---
[2026-07-17 02:05:26] [DEBUG] Router::Router() /jemini/wwProjectV1.39/Develop/Console/ServerBridgeAction/
[2026-07-17 02:05:26] [DEBUG] Attempting to load: \Develop\Controllers\ConsoleController::ServerBridgeAction
[2026-07-17 02:05:26] [DEBUG] Router: Executing \Develop\Controllers\ConsoleController->ServerBridgeAction
[2026-07-17 02:05:26] [DEBUG] ConsoleController::ServerBridge() start...
[2026-07-17 02:05:26] [DEBUG] ConsoleController::ServerBridge() \Develop\Controllers\PartsDefinitionController::getColumnsAction()
[2026-07-17 02:05:26] [DEBUG] PartsDefinitionController::getColumnsAction() start...
[2026-07-17 02:05:26] [DEBUG] PartsDefinitionModel::getColumnsByTableId() start... Input: developers
[2026-07-17 02:05:26] [DEBUG] 逆引き成功: 物理名 developers -> table_id : 14
[2026-07-17 02:05:26] [DEBUG] PartsDefinitionModel::getColumnsByTableId() finish. 件数: 9
[2026-07-17 02:05:26] [DEBUG] PartsDefinitionModel::getTableStructure() start... Project ID: PRJ-D45FEF
[2026-07-17 02:05:26] [DEBUG] Screen::updateAreaE() [iframe起動版] path: \Develop\Views\AreaE\PartsDefinition\RegistParts.view start...
[2026-07-17 02:05:26] [DEBUG] Screen::getContents() start...
[2026-07-17 02:05:26] [DEBUG] Screen::getContents() finish.
[2026-07-17 02:05:26] [DEBUG] Screen::updateAreaE() finish.
[2026-07-17 02:05:26] [DEBUG] PartsDefinitionController::getColumnsAction() end.
[2026-07-17 02:05:26] [DEBUG] Screen::areaView() start...
[2026-07-17 02:05:26] [DEBUG] Screen::areaView() finish.
[2026-07-17 02:17:09] [DEBUG] --- wwProject System Start ---
[2026-07-17 02:17:09] [DEBUG] Router::Router() /jemini/wwProjectV1.39/Develop/Console/initial/
[2026-07-17 02:17:09] [DEBUG] Attempting to load: \Develop\Controllers\ConsoleController::initialAction
[2026-07-17 02:17:09] [DEBUG] Router: Executing \Develop\Controllers\ConsoleController->initialAction
[2026-07-17 02:17:09] [DEBUG] Console::initialAction() start...
[2026-07-17 02:17:09] [DEBUG] Screen::view() path: \Develop\Views\Console\Console.view start...
[2026-07-17 02:17:09] [DEBUG] Screen::getContents() start...
[2026-07-17 02:17:09] [DEBUG] Screen::getContents() finish.
[2026-07-17 02:17:09] [DEBUG] Screen::view() path: \Develop\Views\Console\Console.view finish.
[2026-07-17 02:17:09] [DEBUG] ConsoleController::initialAction() finish.
[2026-07-17 02:17:10] [DEBUG] --- wwProject System Start ---
[2026-07-17 02:17:10] [DEBUG] Router::Router() /jemini/wwProjectV1.39/Develop/Console/ServerBridgeAction/
[2026-07-17 02:17:10] [DEBUG] Attempting to load: \Develop\Controllers\ConsoleController::ServerBridgeAction
[2026-07-17 02:17:10] [DEBUG] Router: Executing \Develop\Controllers\ConsoleController->ServerBridgeAction
[2026-07-17 02:17:10] [DEBUG] ConsoleController::ServerBridge() start...
[2026-07-17 02:17:10] [DEBUG] ConsoleController::ServerBridge() \Develop\Controllers\ConsoleController::areaInitialAction()
[2026-07-17 02:17:10] [DEBUG] ConsoleController::AreaInitialAction() start...
[2026-07-17 02:17:10] [DEBUG] Screen::updateAreaA() path: \Develop\Views\AreaA\Area_A.view start...
[2026-07-17 02:17:10] [DEBUG] Screen::areaView() sending JSON: ["areas"]
[2026-07-17 02:17:10] [DEBUG] Screen::getContents() start...
[2026-07-17 02:17:10] [DEBUG] Screen::getContents() finish.
[2026-07-17 02:17:10] [DEBUG] Screen::updateAreaA() finish.
[2026-07-17 02:17:10] [DEBUG] Screen::updateAreaB() path: \Develop\Views\AreaB\Area_B.view start...
[2026-07-17 02:17:10] [DEBUG] Screen::getContents() start...
[2026-07-17 02:17:10] [DEBUG] Screen::getContents() finish.
[2026-07-17 02:17:10] [DEBUG] Screen::updateAreaB() finish.
[2026-07-17 02:17:10] [DEBUG] Screen::updateAreaD() path: \Develop\Views\AreaD\Area_D_clear.view start...
[2026-07-17 02:17:10] [DEBUG] Screen::getContents() start...
[2026-07-17 02:17:10] [DEBUG] Screen::getContents() finish.
[2026-07-17 02:17:10] [DEBUG] Screen::updateAreaD() finish.
[2026-07-17 02:17:10] [DEBUG] Screen::updateAreaE() [iframe起動版] path: \Develop\Views\AreaE\Area_E_clear.view start...
[2026-07-17 02:17:10] [DEBUG] Screen::getContents() start...
[2026-07-17 02:17:10] [DEBUG] Screen::getContents() finish.
[2026-07-17 02:17:10] [DEBUG] Screen::updateAreaE() finish.
[2026-07-17 02:17:10] [DEBUG] Screen::updateAreaF() path: \Develop\Views\AreaF\Area_F.view start...
[2026-07-17 02:17:10] [DEBUG] Screen::getContents() start...
[2026-07-17 02:17:10] [DEBUG] Screen::getContents() finish.
[2026-07-17 02:17:10] [DEBUG] Screen::updateAreaF() finish.
[2026-07-17 02:17:10] [DEBUG] ProjectController::startProjectNabi() start...
[2026-07-17 02:17:10] [DEBUG] ProjectController::getProjectListHtml() start...
[2026-07-17 02:17:10] [DEBUG] ProjectModel::getProjectList() start...
[2026-07-17 02:17:10] [DEBUG] ProjectModel::getProjectList() finish.
[2026-07-17 02:17:10] [DEBUG] CodeMasterModel：：getCodesByGroup() start...
[2026-07-17 02:17:10] [DEBUG] CodeMasterModel：：getCodesByGroup() finish.
[2026-07-17 02:17:10] [DEBUG] ProjectController::getNaviFooterHtml() start...
[2026-07-17 02:17:10] [DEBUG] ProjectController::getNaviFooterHtml() finish.
[2026-07-17 02:17:10] [DEBUG] ProjectController::startProjectNabi() finish.
[2026-07-17 02:17:10] [DEBUG] Screen::updateAreaC() \Develop\Views\AreaC\Area_C.view start...
[2026-07-17 02:17:10] [DEBUG] Screen::getContents() start...
[2026-07-17 02:17:10] [DEBUG] Screen::getContents() finish.
[2026-07-17 02:17:10] [DEBUG] Screen::updateAreaC() finish.
[2026-07-17 02:17:10] [DEBUG] ConsoleController::AreaInitialAction() finish.
[2026-07-17 02:17:10] [DEBUG] Screen::areaView() start...
[2026-07-17 02:17:10] [DEBUG] Screen::areaView() finish.
[2026-07-17 02:17:12] [DEBUG] --- wwProject System Start ---
[2026-07-17 02:17:12] [DEBUG] Router::Router() /jemini/wwProjectV1.39/Develop/Console/ServerBridgeAction/
[2026-07-17 02:17:12] [DEBUG] Attempting to load: \Develop\Controllers\ConsoleController::ServerBridgeAction
[2026-07-17 02:17:12] [DEBUG] Router: Executing \Develop\Controllers\ConsoleController->ServerBridgeAction
[2026-07-17 02:17:12] [DEBUG] ConsoleController::ServerBridge() start...
[2026-07-17 02:17:12] [DEBUG] ConsoleController::ServerBridge() \Develop\Controllers\PartsDefinitionController::InitialAction()
[2026-07-17 02:17:12] [DEBUG] DBDefinitionController::initialAction() start...
[2026-07-17 02:17:12] [DEBUG] PartsDefinitionController::initialAction() projectId : PRJ-D45FEF
[2026-07-17 02:17:12] [DEBUG] PartsDefinitionModel::getAllPartsList() start... Project ID: PRJ-D45FEF
[2026-07-17 02:17:12] [DEBUG] Screen::updateAreaD() path: \Develop\Views\AreaD\PartsDefinition\PartsDefinitionList.view start...
[2026-07-17 02:17:12] [DEBUG] Screen::getContents() start...
[2026-07-17 02:17:12] [DEBUG] Screen::getContents() finish.
[2026-07-17 02:17:12] [DEBUG] Screen::updateAreaD() finish.
[2026-07-17 02:17:12] [DEBUG] Screen::updateAreaE() [iframe起動版] path: \Develop\Views\AreaE\Area_E_clear.view start...
[2026-07-17 02:17:12] [DEBUG] Screen::getContents() start...
[2026-07-17 02:17:12] [DEBUG] Screen::getContents() finish.
[2026-07-17 02:17:12] [DEBUG] Screen::updateAreaE() finish.
[2026-07-17 02:17:12] [DEBUG] DBDefinitionController::initialAction() end.
[2026-07-17 02:17:12] [DEBUG] Screen::areaView() start...
[2026-07-17 02:17:12] [DEBUG] Screen::areaView() finish.
[2026-07-17 02:17:15] [DEBUG] --- wwProject System Start ---
[2026-07-17 02:17:15] [DEBUG] Router::Router() /jemini/wwProjectV1.39/Develop/Console/ServerBridgeAction/
[2026-07-17 02:17:15] [DEBUG] Attempting to load: \Develop\Controllers\ConsoleController::ServerBridgeAction
[2026-07-17 02:17:15] [DEBUG] Router: Executing \Develop\Controllers\ConsoleController->ServerBridgeAction
[2026-07-17 02:17:15] [DEBUG] ConsoleController::ServerBridge() start...
[2026-07-17 02:17:15] [DEBUG] ConsoleController::ServerBridge() \Develop\Controllers\PartsDefinitionController::editPartsAction()
[2026-07-17 02:17:15] [DEBUG] PartsDefinitionController::editPartsAction() start...
[2026-07-17 02:17:15] [DEBUG] PartsDefinitionModel::getAllPartsList() start... Project ID: PRJ-D45FEF
[2026-07-17 02:17:15] [DEBUG] PartsDefinitionModel::getColumnsByTableId() start... Input: newDevelopers
[2026-07-17 02:17:15] [DEBUG] 逆引き成功: 物理名 newDevelopers -> table_id : 12
[2026-07-17 02:17:15] [DEBUG] PartsDefinitionModel::getColumnsByTableId() finish. 件数: 9
[2026-07-17 02:17:15] [DEBUG] PartsDefinitionModel::getTableStructure() start... Project ID: PRJ-D45FEF
[2026-07-17 02:17:15] [DEBUG] Screen::updateAreaE() [iframe起動版] path: \Develop\Views\AreaE\PartsDefinition\RegistParts.view start...
[2026-07-17 02:17:15] [DEBUG] Screen::getContents() start...
[2026-07-17 02:17:15] [DEBUG] Screen::getContents() finish.
[2026-07-17 02:17:15] [DEBUG] Screen::updateAreaE() finish.
[2026-07-17 02:17:15] [DEBUG] PartsDefinitionController::editPartsAction() end.
[2026-07-17 02:17:15] [DEBUG] Screen::areaView() start...
[2026-07-17 02:17:15] [DEBUG] Screen::areaView() finish.
[2026-07-17 04:27:45] [DEBUG] --- wwProject System Start ---
[2026-07-17 04:27:45] [DEBUG] Router::Router() /jemini/wwProjectV1.39/Develop/Console/initial/
[2026-07-17 04:27:45] [DEBUG] Attempting to load: \Develop\Controllers\ConsoleController::initialAction
[2026-07-17 04:27:45] [DEBUG] Router: Executing \Develop\Controllers\ConsoleController->initialAction
[2026-07-17 04:27:45] [DEBUG] Console::initialAction() start...
[2026-07-17 04:27:45] [DEBUG] Screen::view() path: \Develop\Views\Console\Console.view start...
[2026-07-17 04:27:45] [DEBUG] Screen::getContents() start...
[2026-07-17 04:27:45] [DEBUG] Screen::getContents() finish.
[2026-07-17 04:27:45] [DEBUG] Screen::view() path: \Develop\Views\Console\Console.view finish.
[2026-07-17 04:27:45] [DEBUG] ConsoleController::initialAction() finish.
[2026-07-17 04:27:46] [DEBUG] --- wwProject System Start ---
[2026-07-17 04:27:46] [DEBUG] Router::Router() /jemini/wwProjectV1.39/Develop/Console/ServerBridgeAction/
[2026-07-17 04:27:46] [DEBUG] Attempting to load: \Develop\Controllers\ConsoleController::ServerBridgeAction
[2026-07-17 04:27:46] [DEBUG] Router: Executing \Develop\Controllers\ConsoleController->ServerBridgeAction
[2026-07-17 04:27:46] [DEBUG] ConsoleController::ServerBridge() start...
[2026-07-17 04:27:46] [DEBUG] ConsoleController::ServerBridge() \Develop\Controllers\ConsoleController::areaInitialAction()
[2026-07-17 04:27:46] [DEBUG] ConsoleController::AreaInitialAction() start...
[2026-07-17 04:27:46] [DEBUG] Screen::updateAreaA() path: \Develop\Views\AreaA\Area_A.view start...
[2026-07-17 04:27:46] [DEBUG] Screen::areaView() sending JSON: ["areas"]
[2026-07-17 04:27:46] [DEBUG] Screen::getContents() start...
[2026-07-17 04:27:46] [DEBUG] Screen::getContents() finish.
[2026-07-17 04:27:46] [DEBUG] Screen::updateAreaA() finish.
[2026-07-17 04:27:46] [DEBUG] Screen::updateAreaB() path: \Develop\Views\AreaB\Area_B.view start...
[2026-07-17 04:27:46] [DEBUG] Screen::getContents() start...
[2026-07-17 04:27:46] [DEBUG] Screen::getContents() finish.
[2026-07-17 04:27:46] [DEBUG] Screen::updateAreaB() finish.
[2026-07-17 04:27:46] [DEBUG] Screen::updateAreaD() path: \Develop\Views\AreaD\Area_D_clear.view start...
[2026-07-17 04:27:46] [DEBUG] Screen::getContents() start...
[2026-07-17 04:27:46] [DEBUG] Screen::getContents() finish.
[2026-07-17 04:27:46] [DEBUG] Screen::updateAreaD() finish.
[2026-07-17 04:27:46] [DEBUG] Screen::updateAreaE() [iframe起動版] path: \Develop\Views\AreaE\Area_E_clear.view start...
[2026-07-17 04:27:46] [DEBUG] Screen::getContents() start...
[2026-07-17 04:27:46] [DEBUG] Screen::getContents() finish.
[2026-07-17 04:27:46] [DEBUG] Screen::updateAreaE() finish.
[2026-07-17 04:27:46] [DEBUG] Screen::updateAreaF() path: \Develop\Views\AreaF\Area_F.view start...
[2026-07-17 04:27:46] [DEBUG] Screen::getContents() start...
[2026-07-17 04:27:46] [DEBUG] Screen::getContents() finish.
[2026-07-17 04:27:46] [DEBUG] Screen::updateAreaF() finish.
[2026-07-17 04:27:46] [DEBUG] ProjectController::startProjectNabi() start...
[2026-07-17 04:27:46] [DEBUG] ProjectController::getProjectListHtml() start...
[2026-07-17 04:27:46] [DEBUG] ProjectModel::getProjectList() start...
[2026-07-17 04:27:46] [DEBUG] ProjectModel::getProjectList() finish.
[2026-07-17 04:27:46] [DEBUG] CodeMasterModel：：getCodesByGroup() start...
[2026-07-17 04:27:46] [DEBUG] CodeMasterModel：：getCodesByGroup() finish.
[2026-07-17 04:27:46] [DEBUG] ProjectController::getNaviFooterHtml() start...
[2026-07-17 04:27:46] [DEBUG] ProjectController::getNaviFooterHtml() finish.
[2026-07-17 04:27:46] [DEBUG] ProjectController::startProjectNabi() finish.
[2026-07-17 04:27:46] [DEBUG] Screen::updateAreaC() \Develop\Views\AreaC\Area_C.view start...
[2026-07-17 04:27:46] [DEBUG] Screen::getContents() start...
[2026-07-17 04:27:46] [DEBUG] Screen::getContents() finish.
[2026-07-17 04:27:46] [DEBUG] Screen::updateAreaC() finish.
[2026-07-17 04:27:46] [DEBUG] ConsoleController::AreaInitialAction() finish.
[2026-07-17 04:27:46] [DEBUG] Screen::areaView() start...
[2026-07-17 04:27:46] [DEBUG] Screen::areaView() finish.
[2026-07-17 04:27:48] [DEBUG] --- wwProject System Start ---
[2026-07-17 04:27:48] [DEBUG] Router::Router() /jemini/wwProjectV1.39/Develop/Console/ServerBridgeAction/
[2026-07-17 04:27:48] [DEBUG] Attempting to load: \Develop\Controllers\ConsoleController::ServerBridgeAction
[2026-07-17 04:27:48] [DEBUG] Router: Executing \Develop\Controllers\ConsoleController->ServerBridgeAction
[2026-07-17 04:27:48] [DEBUG] ConsoleController::ServerBridge() start...
[2026-07-17 04:27:48] [DEBUG] ConsoleController::ServerBridge() \Develop\Controllers\PartsDefinitionController::InitialAction()
[2026-07-17 04:27:48] [DEBUG] DBDefinitionController::initialAction() start...
[2026-07-17 04:27:48] [DEBUG] PartsDefinitionController::initialAction() projectId : PRJ-D45FEF
[2026-07-17 04:27:48] [DEBUG] PartsDefinitionModel::getAllPartsList() start... Project ID: PRJ-D45FEF
[2026-07-17 04:27:48] [DEBUG] Screen::updateAreaD() path: \Develop\Views\AreaD\PartsDefinition\PartsDefinitionList.view start...
[2026-07-17 04:27:48] [DEBUG] Screen::getContents() start...
[2026-07-17 04:27:48] [DEBUG] Screen::getContents() finish.
[2026-07-17 04:27:48] [DEBUG] Screen::updateAreaD() finish.
[2026-07-17 04:27:48] [DEBUG] Screen::updateAreaE() [iframe起動版] path: \Develop\Views\AreaE\Area_E_clear.view start...
[2026-07-17 04:27:48] [DEBUG] Screen::getContents() start...
[2026-07-17 04:27:48] [DEBUG] Screen::getContents() finish.
[2026-07-17 04:27:48] [DEBUG] Screen::updateAreaE() finish.
[2026-07-17 04:27:48] [DEBUG] DBDefinitionController::initialAction() end.
[2026-07-17 04:27:48] [DEBUG] Screen::areaView() start...
[2026-07-17 04:27:48] [DEBUG] Screen::areaView() finish.
[2026-07-17 04:27:53] [DEBUG] --- wwProject System Start ---
[2026-07-17 04:27:53] [DEBUG] Router::Router() /jemini/wwProjectV1.39/Develop/Console/ServerBridgeAction/
[2026-07-17 04:27:53] [DEBUG] Attempting to load: \Develop\Controllers\ConsoleController::ServerBridgeAction
[2026-07-17 04:27:53] [DEBUG] Router: Executing \Develop\Controllers\ConsoleController->ServerBridgeAction
[2026-07-17 04:27:53] [DEBUG] ConsoleController::ServerBridge() start...
[2026-07-17 04:27:53] [DEBUG] ConsoleController::ServerBridge() \Develop\Controllers\PartsDefinitionController::editPartsAction()
[2026-07-17 04:27:53] [DEBUG] PartsDefinitionController::editPartsAction() start...
[2026-07-17 04:27:53] [DEBUG] PartsDefinitionModel::getAllPartsList() start... Project ID: PRJ-D45FEF
[2026-07-17 04:27:53] [DEBUG] PartsDefinitionModel::getColumnsByTableId() start... Input: newDevelopers
[2026-07-17 04:27:53] [DEBUG] 逆引き成功: 物理名 newDevelopers -> table_id : 12
[2026-07-17 04:27:53] [DEBUG] PartsDefinitionModel::getColumnsByTableId() finish. 件数: 9
[2026-07-17 04:27:53] [DEBUG] PartsDefinitionModel::getTableStructure() start... Project ID: PRJ-D45FEF
[2026-07-17 04:27:53] [DEBUG] Screen::updateAreaE() [iframe起動版] path: \Develop\Views\AreaE\PartsDefinition\RegistParts.view start...
[2026-07-17 04:27:53] [DEBUG] Screen::getContents() start...
[2026-07-17 04:27:53] [DEBUG] Screen::getContents() finish.
[2026-07-17 04:27:53] [DEBUG] Screen::updateAreaE() finish.
[2026-07-17 04:27:53] [DEBUG] PartsDefinitionController::editPartsAction() end.
[2026-07-17 04:27:53] [DEBUG] Screen::areaView() start...
[2026-07-17 04:27:53] [DEBUG] Screen::areaView() finish.
[2026-07-17 04:27:56] [DEBUG] --- wwProject System Start ---
[2026-07-17 04:27:56] [DEBUG] Router::Router() /jemini/wwProjectV1.39/Develop/Console/ServerBridgeAction/
[2026-07-17 04:27:56] [DEBUG] Attempting to load: \Develop\Controllers\ConsoleController::ServerBridgeAction
[2026-07-17 04:27:56] [DEBUG] Router: Executing \Develop\Controllers\ConsoleController->ServerBridgeAction
[2026-07-17 04:27:56] [DEBUG] ConsoleController::ServerBridge() start...
[2026-07-17 04:27:56] [DEBUG] ConsoleController::ServerBridge() \Develop\Controllers\PartsDefinitionController::editPartsAction()
[2026-07-17 04:27:56] [DEBUG] PartsDefinitionController::editPartsAction() start...
[2026-07-17 04:27:56] [DEBUG] PartsDefinitionModel::getAllPartsList() start... Project ID: PRJ-D45FEF
[2026-07-17 04:27:56] [DEBUG] PartsDefinitionModel::getColumnsByTableId() start... Input: newDevelopers
[2026-07-17 04:27:56] [DEBUG] 逆引き成功: 物理名 newDevelopers -> table_id : 12
[2026-07-17 04:27:56] [DEBUG] PartsDefinitionModel::getColumnsByTableId() finish. 件数: 9
[2026-07-17 04:27:56] [DEBUG] PartsDefinitionModel::getTableStructure() start... Project ID: PRJ-D45FEF
[2026-07-17 04:27:56] [DEBUG] Screen::updateAreaE() [iframe起動版] path: \Develop\Views\AreaE\PartsDefinition\RegistParts.view start...
[2026-07-17 04:27:56] [DEBUG] Screen::getContents() start...
[2026-07-17 04:27:56] [DEBUG] Screen::getContents() finish.
[2026-07-17 04:27:56] [DEBUG] Screen::updateAreaE() finish.
[2026-07-17 04:27:56] [DEBUG] PartsDefinitionController::editPartsAction() end.
[2026-07-17 04:27:56] [DEBUG] Screen::areaView() start...
[2026-07-17 04:27:56] [DEBUG] Screen::areaView() finish.
[2026-07-17 04:31:50] [DEBUG] --- wwProject System Start ---
[2026-07-17 04:31:50] [DEBUG] Router::Router() /jemini/wwProjectV1.39/Develop/Console/initial/
[2026-07-17 04:31:50] [DEBUG] Attempting to load: \Develop\Controllers\ConsoleController::initialAction
[2026-07-17 04:31:50] [DEBUG] Router: Executing \Develop\Controllers\ConsoleController->initialAction
[2026-07-17 04:31:50] [DEBUG] Console::initialAction() start...
[2026-07-17 04:31:50] [DEBUG] Screen::view() path: \Develop\Views\Console\Console.view start...
[2026-07-17 04:31:50] [DEBUG] Screen::getContents() start...
[2026-07-17 04:31:50] [DEBUG] Screen::getContents() finish.
[2026-07-17 04:31:50] [DEBUG] Screen::view() path: \Develop\Views\Console\Console.view finish.
[2026-07-17 04:31:50] [DEBUG] ConsoleController::initialAction() finish.
[2026-07-17 04:31:50] [DEBUG] --- wwProject System Start ---
[2026-07-17 04:31:50] [DEBUG] Router::Router() /jemini/wwProjectV1.39/Develop/Console/ServerBridgeAction/
[2026-07-17 04:31:50] [DEBUG] Attempting to load: \Develop\Controllers\ConsoleController::ServerBridgeAction
[2026-07-17 04:31:50] [DEBUG] Router: Executing \Develop\Controllers\ConsoleController->ServerBridgeAction
[2026-07-17 04:31:50] [DEBUG] ConsoleController::ServerBridge() start...
[2026-07-17 04:31:50] [DEBUG] ConsoleController::ServerBridge() \Develop\Controllers\ConsoleController::areaInitialAction()
[2026-07-17 04:31:50] [DEBUG] ConsoleController::AreaInitialAction() start...
[2026-07-17 04:31:50] [DEBUG] Screen::updateAreaA() path: \Develop\Views\AreaA\Area_A.view start...
[2026-07-17 04:31:50] [DEBUG] Screen::areaView() sending JSON: ["areas"]
[2026-07-17 04:31:50] [DEBUG] Screen::getContents() start...
[2026-07-17 04:31:50] [DEBUG] Screen::getContents() finish.
[2026-07-17 04:31:50] [DEBUG] Screen::updateAreaA() finish.
[2026-07-17 04:31:50] [DEBUG] Screen::updateAreaB() path: \Develop\Views\AreaB\Area_B.view start...
[2026-07-17 04:31:50] [DEBUG] Screen::getContents() start...
[2026-07-17 04:31:50] [DEBUG] Screen::getContents() finish.
[2026-07-17 04:31:50] [DEBUG] Screen::updateAreaB() finish.
[2026-07-17 04:31:50] [DEBUG] Screen::updateAreaD() path: \Develop\Views\AreaD\Area_D_clear.view start...
[2026-07-17 04:31:50] [DEBUG] Screen::getContents() start...
[2026-07-17 04:31:50] [DEBUG] Screen::getContents() finish.
[2026-07-17 04:31:50] [DEBUG] Screen::updateAreaD() finish.
[2026-07-17 04:31:50] [DEBUG] Screen::updateAreaE() [iframe起動版] path: \Develop\Views\AreaE\Area_E_clear.view start...
[2026-07-17 04:31:50] [DEBUG] Screen::getContents() start...
[2026-07-17 04:31:50] [DEBUG] Screen::getContents() finish.
[2026-07-17 04:31:50] [DEBUG] Screen::updateAreaE() finish.
[2026-07-17 04:31:50] [DEBUG] Screen::updateAreaF() path: \Develop\Views\AreaF\Area_F.view start...
[2026-07-17 04:31:50] [DEBUG] Screen::getContents() start...
[2026-07-17 04:31:50] [DEBUG] Screen::getContents() finish.
[2026-07-17 04:31:50] [DEBUG] Screen::updateAreaF() finish.
[2026-07-17 04:31:50] [DEBUG] ProjectController::startProjectNabi() start...
[2026-07-17 04:31:50] [DEBUG] ProjectController::getProjectListHtml() start...
[2026-07-17 04:31:50] [DEBUG] ProjectModel::getProjectList() start...
[2026-07-17 04:31:50] [DEBUG] ProjectModel::getProjectList() finish.
[2026-07-17 04:31:50] [DEBUG] CodeMasterModel：：getCodesByGroup() start...
[2026-07-17 04:31:50] [DEBUG] CodeMasterModel：：getCodesByGroup() finish.
[2026-07-17 04:31:50] [DEBUG] ProjectController::getNaviFooterHtml() start...
[2026-07-17 04:31:50] [DEBUG] ProjectController::getNaviFooterHtml() finish.
[2026-07-17 04:31:50] [DEBUG] ProjectController::startProjectNabi() finish.
[2026-07-17 04:31:50] [DEBUG] Screen::updateAreaC() \Develop\Views\AreaC\Area_C.view start...
[2026-07-17 04:31:50] [DEBUG] Screen::getContents() start...
[2026-07-17 04:31:50] [DEBUG] Screen::getContents() finish.
[2026-07-17 04:31:50] [DEBUG] Screen::updateAreaC() finish.
[2026-07-17 04:31:50] [DEBUG] ConsoleController::AreaInitialAction() finish.
[2026-07-17 04:31:50] [DEBUG] Screen::areaView() start...
[2026-07-17 04:31:50] [DEBUG] Screen::areaView() finish.
[2026-07-17 04:31:52] [DEBUG] --- wwProject System Start ---
[2026-07-17 04:31:52] [DEBUG] Router::Router() /jemini/wwProjectV1.39/Develop/Console/ServerBridgeAction/
[2026-07-17 04:31:52] [DEBUG] Attempting to load: \Develop\Controllers\ConsoleController::ServerBridgeAction
[2026-07-17 04:31:52] [DEBUG] Router: Executing \Develop\Controllers\ConsoleController->ServerBridgeAction
[2026-07-17 04:31:52] [DEBUG] ConsoleController::ServerBridge() start...
[2026-07-17 04:31:52] [DEBUG] ConsoleController::ServerBridge() \Develop\Controllers\PartsDefinitionController::InitialAction()
[2026-07-17 04:31:52] [DEBUG] DBDefinitionController::initialAction() start...
[2026-07-17 04:31:52] [DEBUG] PartsDefinitionController::initialAction() projectId : PRJ-D45FEF
[2026-07-17 04:31:52] [DEBUG] PartsDefinitionModel::getAllPartsList() start... Project ID: PRJ-D45FEF
[2026-07-17 04:31:52] [DEBUG] Screen::updateAreaD() path: \Develop\Views\AreaD\PartsDefinition\PartsDefinitionList.view start...
[2026-07-17 04:31:52] [DEBUG] Screen::getContents() start...
[2026-07-17 04:31:52] [DEBUG] Screen::getContents() finish.
[2026-07-17 04:31:52] [DEBUG] Screen::updateAreaD() finish.
[2026-07-17 04:31:52] [DEBUG] Screen::updateAreaE() [iframe起動版] path: \Develop\Views\AreaE\Area_E_clear.view start...
[2026-07-17 04:31:52] [DEBUG] Screen::getContents() start...
[2026-07-17 04:31:52] [DEBUG] Screen::getContents() finish.
[2026-07-17 04:31:52] [DEBUG] Screen::updateAreaE() finish.
[2026-07-17 04:31:52] [DEBUG] DBDefinitionController::initialAction() end.
[2026-07-17 04:31:52] [DEBUG] Screen::areaView() start...
[2026-07-17 04:31:52] [DEBUG] Screen::areaView() finish.
[2026-07-17 04:31:55] [DEBUG] --- wwProject System Start ---
[2026-07-17 04:31:55] [DEBUG] Router::Router() /jemini/wwProjectV1.39/Develop/Console/ServerBridgeAction/
[2026-07-17 04:31:55] [DEBUG] Attempting to load: \Develop\Controllers\ConsoleController::ServerBridgeAction
[2026-07-17 04:31:55] [DEBUG] Router: Executing \Develop\Controllers\ConsoleController->ServerBridgeAction
[2026-07-17 04:31:55] [DEBUG] ConsoleController::ServerBridge() start...
[2026-07-17 04:31:55] [DEBUG] ConsoleController::ServerBridge() \Develop\Controllers\PartsDefinitionController::editPartsAction()
[2026-07-17 04:31:55] [DEBUG] PartsDefinitionController::editPartsAction() start...
[2026-07-17 04:31:55] [DEBUG] PartsDefinitionModel::getAllPartsList() start... Project ID: PRJ-D45FEF
[2026-07-17 04:31:55] [DEBUG] PartsDefinitionModel::getColumnsByTableId() start... Input: newDevelopers
[2026-07-17 04:31:55] [DEBUG] 逆引き成功: 物理名 newDevelopers -> table_id : 12
[2026-07-17 04:31:55] [DEBUG] PartsDefinitionModel::getColumnsByTableId() finish. 件数: 9
[2026-07-17 04:31:55] [DEBUG] PartsDefinitionModel::getTableStructure() start... Project ID: PRJ-D45FEF
[2026-07-17 04:31:55] [DEBUG] Screen::updateAreaE() [iframe起動版] path: \Develop\Views\AreaE\PartsDefinition\RegistParts.view start...
[2026-07-17 04:31:55] [DEBUG] Screen::getContents() start...
[2026-07-17 04:31:55] [DEBUG] Screen::getContents() finish.
[2026-07-17 04:31:55] [DEBUG] Screen::updateAreaE() finish.
[2026-07-17 04:31:55] [DEBUG] PartsDefinitionController::editPartsAction() end.
[2026-07-17 04:31:55] [DEBUG] Screen::areaView() start...
[2026-07-17 04:31:55] [DEBUG] Screen::areaView() finish.
[2026-07-17 04:31:59] [DEBUG] --- wwProject System Start ---
[2026-07-17 04:31:59] [DEBUG] Router::Router() /jemini/wwProjectV1.39/Develop/Console/ServerBridgeAction/
[2026-07-17 04:31:59] [DEBUG] Attempting to load: \Develop\Controllers\ConsoleController::ServerBridgeAction
[2026-07-17 04:31:59] [DEBUG] Router: Executing \Develop\Controllers\ConsoleController->ServerBridgeAction
[2026-07-17 04:31:59] [DEBUG] ConsoleController::ServerBridge() start...
[2026-07-17 04:31:59] [DEBUG] ConsoleController::ServerBridge() \Develop\Controllers\PartsDefinitionController::editPartsAction()
[2026-07-17 04:31:59] [DEBUG] PartsDefinitionController::editPartsAction() start...
[2026-07-17 04:31:59] [DEBUG] PartsDefinitionModel::getAllPartsList() start... Project ID: PRJ-D45FEF
[2026-07-17 04:31:59] [DEBUG] PartsDefinitionModel::getColumnsByTableId() start... Input: developers
[2026-07-17 04:31:59] [DEBUG] 逆引き成功: 物理名 developers -> table_id : 14
[2026-07-17 04:31:59] [DEBUG] PartsDefinitionModel::getColumnsByTableId() finish. 件数: 9
[2026-07-17 04:31:59] [DEBUG] PartsDefinitionModel::getTableStructure() start... Project ID: PRJ-D45FEF
[2026-07-17 04:31:59] [DEBUG] Screen::updateAreaE() [iframe起動版] path: \Develop\Views\AreaE\PartsDefinition\RegistParts.view start...
[2026-07-17 04:31:59] [DEBUG] Screen::getContents() start...
[2026-07-17 04:31:59] [DEBUG] Screen::getContents() finish.
[2026-07-17 04:31:59] [DEBUG] Screen::updateAreaE() finish.
[2026-07-17 04:31:59] [DEBUG] PartsDefinitionController::editPartsAction() end.
[2026-07-17 04:31:59] [DEBUG] Screen::areaView() start...
[2026-07-17 04:31:59] [DEBUG] Screen::areaView() finish.
[2026-07-17 04:32:02] [DEBUG] --- wwProject System Start ---
[2026-07-17 04:32:02] [DEBUG] Router::Router() /jemini/wwProjectV1.39/Develop/Console/ServerBridgeAction/
[2026-07-17 04:32:02] [DEBUG] Attempting to load: \Develop\Controllers\ConsoleController::ServerBridgeAction
[2026-07-17 04:32:02] [DEBUG] Router: Executing \Develop\Controllers\ConsoleController->ServerBridgeAction
[2026-07-17 04:32:02] [DEBUG] ConsoleController::ServerBridge() start...
[2026-07-17 04:32:02] [DEBUG] ConsoleController::ServerBridge() \Develop\Controllers\PartsDefinitionController::editPartsAction()
[2026-07-17 04:32:02] [DEBUG] PartsDefinitionController::editPartsAction() start...
[2026-07-17 04:32:02] [DEBUG] PartsDefinitionModel::getAllPartsList() start... Project ID: PRJ-D45FEF
[2026-07-17 04:32:02] [DEBUG] PartsDefinitionModel::getColumnsByTableId() start... Input: newDevelopers
[2026-07-17 04:32:02] [DEBUG] 逆引き成功: 物理名 newDevelopers -> table_id : 12
[2026-07-17 04:32:02] [DEBUG] PartsDefinitionModel::getColumnsByTableId() finish. 件数: 9
[2026-07-17 04:32:02] [DEBUG] PartsDefinitionModel::getTableStructure() start... Project ID: PRJ-D45FEF
[2026-07-17 04:32:02] [DEBUG] Screen::updateAreaE() [iframe起動版] path: \Develop\Views\AreaE\PartsDefinition\RegistParts.view start...
[2026-07-17 04:32:02] [DEBUG] Screen::getContents() start...
[2026-07-17 04:32:02] [DEBUG] Screen::getContents() finish.
[2026-07-17 04:32:02] [DEBUG] Screen::updateAreaE() finish.
[2026-07-17 04:32:02] [DEBUG] PartsDefinitionController::editPartsAction() end.
[2026-07-17 04:32:02] [DEBUG] Screen::areaView() start...
[2026-07-17 04:32:02] [DEBUG] Screen::areaView() finish.
[2026-07-17 04:32:04] [DEBUG] --- wwProject System Start ---
[2026-07-17 04:32:04] [DEBUG] Router::Router() /jemini/wwProjectV1.39/Develop/Console/ServerBridgeAction/
[2026-07-17 04:32:04] [DEBUG] Attempting to load: \Develop\Controllers\ConsoleController::ServerBridgeAction
[2026-07-17 04:32:04] [DEBUG] Router: Executing \Develop\Controllers\ConsoleController->ServerBridgeAction
[2026-07-17 04:32:04] [DEBUG] ConsoleController::ServerBridge() start...
[2026-07-17 04:32:04] [DEBUG] ConsoleController::ServerBridge() \Develop\Controllers\PartsDefinitionController::editPartsAction()
[2026-07-17 04:32:04] [DEBUG] PartsDefinitionController::editPartsAction() start...
[2026-07-17 04:32:04] [DEBUG] PartsDefinitionModel::getAllPartsList() start... Project ID: PRJ-D45FEF
[2026-07-17 04:32:04] [DEBUG] PartsDefinitionModel::getColumnsByTableId() start... Input: newDevelopers
[2026-07-17 04:32:04] [DEBUG] 逆引き成功: 物理名 newDevelopers -> table_id : 12
[2026-07-17 04:32:04] [DEBUG] PartsDefinitionModel::getColumnsByTableId() finish. 件数: 9
[2026-07-17 04:32:04] [DEBUG] PartsDefinitionModel::getTableStructure() start... Project ID: PRJ-D45FEF
[2026-07-17 04:32:04] [DEBUG] Screen::updateAreaE() [iframe起動版] path: \Develop\Views\AreaE\PartsDefinition\RegistParts.view start...
[2026-07-17 04:32:04] [DEBUG] Screen::getContents() start...
[2026-07-17 04:32:04] [DEBUG] Screen::getContents() finish.
[2026-07-17 04:32:04] [DEBUG] Screen::updateAreaE() finish.
[2026-07-17 04:32:04] [DEBUG] PartsDefinitionController::editPartsAction() end.
[2026-07-17 04:32:04] [DEBUG] Screen::areaView() start...
[2026-07-17 04:32:04] [DEBUG] Screen::areaView() finish.
[2026-07-17 04:32:06] [DEBUG] --- wwProject System Start ---
[2026-07-17 04:32:06] [DEBUG] Router::Router() /jemini/wwProjectV1.39/Develop/Console/ServerBridgeAction/
[2026-07-17 04:32:06] [DEBUG] Attempting to load: \Develop\Controllers\ConsoleController::ServerBridgeAction
[2026-07-17 04:32:06] [DEBUG] Router: Executing \Develop\Controllers\ConsoleController->ServerBridgeAction
[2026-07-17 04:32:06] [DEBUG] ConsoleController::ServerBridge() start...
[2026-07-17 04:32:06] [DEBUG] ConsoleController::ServerBridge() \Develop\Controllers\PartsDefinitionController::editPartsAction()
[2026-07-17 04:32:06] [DEBUG] PartsDefinitionController::editPartsAction() start...
[2026-07-17 04:32:06] [DEBUG] PartsDefinitionModel::getAllPartsList() start... Project ID: PRJ-D45FEF
[2026-07-17 04:32:06] [DEBUG] PartsDefinitionModel::getColumnsByTableId() start... Input: newDevelopers
[2026-07-17 04:32:06] [DEBUG] 逆引き成功: 物理名 newDevelopers -> table_id : 12
[2026-07-17 04:32:06] [DEBUG] PartsDefinitionModel::getColumnsByTableId() finish. 件数: 9
[2026-07-17 04:32:06] [DEBUG] PartsDefinitionModel::getTableStructure() start... Project ID: PRJ-D45FEF
[2026-07-17 04:32:06] [DEBUG] Screen::updateAreaE() [iframe起動版] path: \Develop\Views\AreaE\PartsDefinition\RegistParts.view start...
[2026-07-17 04:32:06] [DEBUG] Screen::getContents() start...
[2026-07-17 04:32:06] [DEBUG] Screen::getContents() finish.
[2026-07-17 04:32:06] [DEBUG] Screen::updateAreaE() finish.
[2026-07-17 04:32:06] [DEBUG] PartsDefinitionController::editPartsAction() end.
[2026-07-17 04:32:06] [DEBUG] Screen::areaView() start...
[2026-07-17 04:32:06] [DEBUG] Screen::areaView() finish.
[2026-07-17 04:32:10] [DEBUG] --- wwProject System Start ---
[2026-07-17 04:32:10] [DEBUG] Router::Router() /jemini/wwProjectV1.39/Develop/Console/ServerBridgeAction/
[2026-07-17 04:32:10] [DEBUG] Attempting to load: \Develop\Controllers\ConsoleController::ServerBridgeAction
[2026-07-17 04:32:10] [DEBUG] Router: Executing \Develop\Controllers\ConsoleController->ServerBridgeAction
[2026-07-17 04:32:10] [DEBUG] ConsoleController::ServerBridge() start...
[2026-07-17 04:32:10] [DEBUG] ConsoleController::ServerBridge() \Develop\Controllers\PartsDefinitionController::editPartsAction()
[2026-07-17 04:32:10] [DEBUG] PartsDefinitionController::editPartsAction() start...
[2026-07-17 04:32:10] [DEBUG] PartsDefinitionModel::getAllPartsList() start... Project ID: PRJ-D45FEF
[2026-07-17 04:32:10] [DEBUG] PartsDefinitionModel::getColumnsByTableId() start... Input: newDevelopers
[2026-07-17 04:32:10] [DEBUG] 逆引き成功: 物理名 newDevelopers -> table_id : 12
[2026-07-17 04:32:10] [DEBUG] PartsDefinitionModel::getColumnsByTableId() finish. 件数: 9
[2026-07-17 04:32:10] [DEBUG] PartsDefinitionModel::getTableStructure() start... Project ID: PRJ-D45FEF
[2026-07-17 04:32:10] [DEBUG] Screen::updateAreaE() [iframe起動版] path: \Develop\Views\AreaE\PartsDefinition\RegistParts.view start...
[2026-07-17 04:32:10] [DEBUG] Screen::getContents() start...
[2026-07-17 04:32:10] [DEBUG] Screen::getContents() finish.
[2026-07-17 04:32:10] [DEBUG] Screen::updateAreaE() finish.
[2026-07-17 04:32:10] [DEBUG] PartsDefinitionController::editPartsAction() end.
[2026-07-17 04:32:10] [DEBUG] Screen::areaView() start...
[2026-07-17 04:32:10] [DEBUG] Screen::areaView() finish.
[2026-07-17 04:32:11] [DEBUG] --- wwProject System Start ---
[2026-07-17 04:32:11] [DEBUG] Router::Router() /jemini/wwProjectV1.39/Develop/Console/ServerBridgeAction/
[2026-07-17 04:32:11] [DEBUG] Attempting to load: \Develop\Controllers\ConsoleController::ServerBridgeAction
[2026-07-17 04:32:11] [DEBUG] Router: Executing \Develop\Controllers\ConsoleController->ServerBridgeAction
[2026-07-17 04:32:11] [DEBUG] ConsoleController::ServerBridge() start...
[2026-07-17 04:32:11] [DEBUG] ConsoleController::ServerBridge() \Develop\Controllers\PartsDefinitionController::editPartsAction()
[2026-07-17 04:32:11] [DEBUG] PartsDefinitionController::editPartsAction() start...
[2026-07-17 04:32:11] [DEBUG] PartsDefinitionModel::getAllPartsList() start... Project ID: PRJ-D45FEF
[2026-07-17 04:32:11] [DEBUG] PartsDefinitionModel::getTableStructure() start... Project ID: PRJ-D45FEF
[2026-07-17 04:32:11] [DEBUG] Screen::updateAreaE() [iframe起動版] path: \Develop\Views\AreaE\PartsDefinition\RegistParts.view start...
[2026-07-17 04:32:11] [DEBUG] Screen::getContents() start...
[2026-07-17 04:32:11] [DEBUG] Screen::getContents() finish.
[2026-07-17 04:32:11] [DEBUG] Screen::updateAreaE() finish.
[2026-07-17 04:32:11] [DEBUG] PartsDefinitionController::editPartsAction() end.
[2026-07-17 04:32:11] [DEBUG] Screen::areaView() start...
[2026-07-17 04:32:11] [DEBUG] Screen::areaView() finish.
[2026-07-17 04:32:12] [DEBUG] --- wwProject System Start ---
[2026-07-17 04:32:12] [DEBUG] Router::Router() /jemini/wwProjectV1.39/Develop/Console/ServerBridgeAction/
[2026-07-17 04:32:12] [DEBUG] Attempting to load: \Develop\Controllers\ConsoleController::ServerBridgeAction
[2026-07-17 04:32:12] [DEBUG] Router: Executing \Develop\Controllers\ConsoleController->ServerBridgeAction
[2026-07-17 04:32:12] [DEBUG] ConsoleController::ServerBridge() start...
[2026-07-17 04:32:12] [DEBUG] ConsoleController::ServerBridge() \Develop\Controllers\PartsDefinitionController::editPartsAction()
[2026-07-17 04:32:12] [DEBUG] PartsDefinitionController::editPartsAction() start...
[2026-07-17 04:32:12] [DEBUG] PartsDefinitionModel::getAllPartsList() start... Project ID: PRJ-D45FEF
[2026-07-17 04:32:12] [DEBUG] PartsDefinitionModel::getTableStructure() start... Project ID: PRJ-D45FEF
[2026-07-17 04:32:12] [DEBUG] Screen::updateAreaE() [iframe起動版] path: \Develop\Views\AreaE\PartsDefinition\RegistParts.view start...
[2026-07-17 04:32:12] [DEBUG] Screen::getContents() start...
[2026-07-17 04:32:12] [DEBUG] Screen::getContents() finish.
[2026-07-17 04:32:12] [DEBUG] Screen::updateAreaE() finish.
[2026-07-17 04:32:12] [DEBUG] PartsDefinitionController::editPartsAction() end.
[2026-07-17 04:32:12] [DEBUG] Screen::areaView() start...
[2026-07-17 04:32:12] [DEBUG] Screen::areaView() finish.
[2026-07-17 04:32:14] [DEBUG] --- wwProject System Start ---
[2026-07-17 04:32:14] [DEBUG] Router::Router() /jemini/wwProjectV1.39/Develop/Console/ServerBridgeAction/
[2026-07-17 04:32:14] [DEBUG] Attempting to load: \Develop\Controllers\ConsoleController::ServerBridgeAction
[2026-07-17 04:32:14] [DEBUG] Router: Executing \Develop\Controllers\ConsoleController->ServerBridgeAction
[2026-07-17 04:32:14] [DEBUG] ConsoleController::ServerBridge() start...
[2026-07-17 04:32:14] [DEBUG] ConsoleController::ServerBridge() \Develop\Controllers\PartsDefinitionController::editPartsAction()
[2026-07-17 04:32:14] [DEBUG] PartsDefinitionController::editPartsAction() start...
[2026-07-17 04:32:14] [DEBUG] PartsDefinitionModel::getAllPartsList() start... Project ID: PRJ-D45FEF
[2026-07-17 04:32:14] [DEBUG] PartsDefinitionModel::getTableStructure() start... Project ID: PRJ-D45FEF
[2026-07-17 04:32:14] [DEBUG] Screen::updateAreaE() [iframe起動版] path: \Develop\Views\AreaE\PartsDefinition\RegistParts.view start...
[2026-07-17 04:32:14] [DEBUG] Screen::getContents() start...
[2026-07-17 04:32:14] [DEBUG] Screen::getContents() finish.
[2026-07-17 04:32:14] [DEBUG] Screen::updateAreaE() finish.
[2026-07-17 04:32:14] [DEBUG] PartsDefinitionController::editPartsAction() end.
[2026-07-17 04:32:14] [DEBUG] Screen::areaView() start...
[2026-07-17 04:32:14] [DEBUG] Screen::areaView() finish.
[2026-07-17 04:32:16] [DEBUG] --- wwProject System Start ---
[2026-07-17 04:32:16] [DEBUG] Router::Router() /jemini/wwProjectV1.39/Develop/Console/ServerBridgeAction/
[2026-07-17 04:32:16] [DEBUG] Attempting to load: \Develop\Controllers\ConsoleController::ServerBridgeAction
[2026-07-17 04:32:16] [DEBUG] Router: Executing \Develop\Controllers\ConsoleController->ServerBridgeAction
[2026-07-17 04:32:16] [DEBUG] ConsoleController::ServerBridge() start...
[2026-07-17 04:32:16] [DEBUG] ConsoleController::ServerBridge() \Develop\Controllers\PartsDefinitionController::editPartsAction()
[2026-07-17 04:32:16] [DEBUG] PartsDefinitionController::editPartsAction() start...
[2026-07-17 04:32:16] [DEBUG] PartsDefinitionModel::getAllPartsList() start... Project ID: PRJ-D45FEF
[2026-07-17 04:32:16] [DEBUG] PartsDefinitionModel::getTableStructure() start... Project ID: PRJ-D45FEF
[2026-07-17 04:32:16] [DEBUG] Screen::updateAreaE() [iframe起動版] path: \Develop\Views\AreaE\PartsDefinition\RegistParts.view start...
[2026-07-17 04:32:16] [DEBUG] Screen::getContents() start...
[2026-07-17 04:32:16] [DEBUG] Screen::getContents() finish.
[2026-07-17 04:32:16] [DEBUG] Screen::updateAreaE() finish.
[2026-07-17 04:32:16] [DEBUG] PartsDefinitionController::editPartsAction() end.
[2026-07-17 04:32:16] [DEBUG] Screen::areaView() start...
[2026-07-17 04:32:16] [DEBUG] Screen::areaView() finish.
[2026-07-17 04:32:18] [DEBUG] --- wwProject System Start ---
[2026-07-17 04:32:18] [DEBUG] Router::Router() /jemini/wwProjectV1.39/Develop/Console/ServerBridgeAction/
[2026-07-17 04:32:18] [DEBUG] Attempting to load: \Develop\Controllers\ConsoleController::ServerBridgeAction
[2026-07-17 04:32:18] [DEBUG] Router: Executing \Develop\Controllers\ConsoleController->ServerBridgeAction
[2026-07-17 04:32:18] [DEBUG] ConsoleController::ServerBridge() start...
[2026-07-17 04:32:18] [DEBUG] ConsoleController::ServerBridge() \Develop\Controllers\PartsDefinitionController::editPartsAction()
[2026-07-17 04:32:18] [DEBUG] PartsDefinitionController::editPartsAction() start...
[2026-07-17 04:32:18] [DEBUG] PartsDefinitionModel::getAllPartsList() start... Project ID: PRJ-D45FEF
[2026-07-17 04:32:18] [DEBUG] PartsDefinitionModel::getTableStructure() start... Project ID: PRJ-D45FEF
[2026-07-17 04:32:18] [DEBUG] Screen::updateAreaE() [iframe起動版] path: \Develop\Views\AreaE\PartsDefinition\RegistParts.view start...
[2026-07-17 04:32:18] [DEBUG] Screen::getContents() start...
[2026-07-17 04:32:18] [DEBUG] Screen::getContents() finish.
[2026-07-17 04:32:18] [DEBUG] Screen::updateAreaE() finish.
[2026-07-17 04:32:18] [DEBUG] PartsDefinitionController::editPartsAction() end.
[2026-07-17 04:32:18] [DEBUG] Screen::areaView() start...
[2026-07-17 04:32:18] [DEBUG] Screen::areaView() finish.
[2026-07-17 05:29:01] [DEBUG] --- wwProject System Start ---
[2026-07-17 05:29:01] [DEBUG] Router::Router() /jemini/wwProjectV1.39/Develop/Console/ServerBridgeAction/
[2026-07-17 05:29:01] [DEBUG] Attempting to load: \Develop\Controllers\ConsoleController::ServerBridgeAction
[2026-07-17 05:29:01] [DEBUG] Router: Executing \Develop\Controllers\ConsoleController->ServerBridgeAction
[2026-07-17 05:29:01] [DEBUG] ConsoleController::ServerBridge() start...
[2026-07-17 05:29:01] [DEBUG] ConsoleController::ServerBridge() \Develop\Controllers\PartsDefinitionController::InitialAction()
[2026-07-17 05:29:01] [DEBUG] DBDefinitionController::initialAction() start...
[2026-07-17 05:29:01] [DEBUG] PartsDefinitionController::initialAction() projectId : PRJ-D45FEF
[2026-07-17 05:29:01] [DEBUG] PartsDefinitionModel::getAllPartsList() start... Project ID: PRJ-D45FEF
[2026-07-17 05:29:01] [DEBUG] Screen::updateAreaD() path: \Develop\Views\AreaD\PartsDefinition\PartsDefinitionList.view start...
[2026-07-17 05:29:01] [DEBUG] Screen::getContents() start...
[2026-07-17 05:29:01] [DEBUG] Screen::getContents() finish.
[2026-07-17 05:29:01] [DEBUG] Screen::updateAreaD() finish.
[2026-07-17 05:29:01] [DEBUG] Screen::updateAreaE() [iframe起動版] path: \Develop\Views\AreaE\Area_E_clear.view start...
[2026-07-17 05:29:01] [DEBUG] Screen::getContents() start...
[2026-07-17 05:29:01] [DEBUG] Screen::getContents() finish.
[2026-07-17 05:29:01] [DEBUG] Screen::updateAreaE() finish.
[2026-07-17 05:29:01] [DEBUG] DBDefinitionController::initialAction() end.
[2026-07-17 05:29:01] [DEBUG] Screen::areaView() start...
[2026-07-17 05:29:01] [DEBUG] Screen::areaView() finish.
[2026-07-17 05:29:04] [DEBUG] --- wwProject System Start ---
[2026-07-17 05:29:04] [DEBUG] Router::Router() /jemini/wwProjectV1.39/Develop/Console/ServerBridgeAction/
[2026-07-17 05:29:04] [DEBUG] Attempting to load: \Develop\Controllers\ConsoleController::ServerBridgeAction
[2026-07-17 05:29:04] [DEBUG] Router: Executing \Develop\Controllers\ConsoleController->ServerBridgeAction
[2026-07-17 05:29:04] [DEBUG] ConsoleController::ServerBridge() start...
[2026-07-17 05:29:04] [DEBUG] ConsoleController::ServerBridge() \Develop\Controllers\PartsDefinitionController::editPartsAction()
[2026-07-17 05:29:04] [DEBUG] PartsDefinitionController::editPartsAction() start...
[2026-07-17 05:29:04] [DEBUG] PartsDefinitionModel::getAllPartsList() start... Project ID: PRJ-D45FEF
[2026-07-17 05:29:04] [DEBUG] PartsDefinitionModel::getColumnsByTableId() start... Input: newDevelopers
[2026-07-17 05:29:04] [DEBUG] 逆引き成功: 物理名 newDevelopers -> table_id : 12
[2026-07-17 05:29:04] [DEBUG] PartsDefinitionModel::getColumnsByTableId() finish. 件数: 9
[2026-07-17 05:29:04] [DEBUG] PartsDefinitionModel::getTableStructure() start... Project ID: PRJ-D45FEF
[2026-07-17 05:29:04] [DEBUG] Screen::updateAreaE() [iframe起動版] path: \Develop\Views\AreaE\PartsDefinition\RegistParts.view start...
[2026-07-17 05:29:04] [DEBUG] Screen::getContents() start...
[2026-07-17 05:29:04] [DEBUG] Screen::getContents() finish.
[2026-07-17 05:29:04] [DEBUG] Screen::updateAreaE() finish.
[2026-07-17 05:29:04] [DEBUG] PartsDefinitionController::editPartsAction() end.
[2026-07-17 05:29:04] [DEBUG] Screen::areaView() start...
[2026-07-17 05:29:04] [DEBUG] Screen::areaView() finish.
[2026-07-17 05:29:13] [DEBUG] --- wwProject System Start ---
[2026-07-17 05:29:13] [DEBUG] Router::Router() /jemini/wwProjectV1.39/Develop/Console/ServerBridgeAction/
[2026-07-17 05:29:13] [DEBUG] Attempting to load: \Develop\Controllers\ConsoleController::ServerBridgeAction
[2026-07-17 05:29:13] [DEBUG] Router: Executing \Develop\Controllers\ConsoleController->ServerBridgeAction
[2026-07-17 05:29:13] [DEBUG] ConsoleController::ServerBridge() start...
[2026-07-17 05:29:13] [DEBUG] ConsoleController::ServerBridge() \Develop\Controllers\PartsDefinitionController::editPartsAction()
[2026-07-17 05:29:13] [DEBUG] PartsDefinitionController::editPartsAction() start...
[2026-07-17 05:29:13] [DEBUG] PartsDefinitionModel::getAllPartsList() start... Project ID: PRJ-D45FEF
[2026-07-17 05:29:13] [DEBUG] PartsDefinitionModel::getTableStructure() start... Project ID: PRJ-D45FEF
[2026-07-17 05:29:13] [DEBUG] Screen::updateAreaE() [iframe起動版] path: \Develop\Views\AreaE\PartsDefinition\RegistParts.view start...
[2026-07-17 05:29:13] [DEBUG] Screen::getContents() start...
[2026-07-17 05:29:13] [DEBUG] Screen::getContents() finish.
[2026-07-17 05:29:13] [DEBUG] Screen::updateAreaE() finish.
[2026-07-17 05:29:13] [DEBUG] PartsDefinitionController::editPartsAction() end.
[2026-07-17 05:29:13] [DEBUG] Screen::areaView() start...
[2026-07-17 05:29:13] [DEBUG] Screen::areaView() finish.
[2026-07-17 05:29:16] [DEBUG] --- wwProject System Start ---
[2026-07-17 05:29:16] [DEBUG] Router::Router() /jemini/wwProjectV1.39/develop/
[2026-07-17 05:29:16] [DEBUG] Attempting to load: \Develop\Controllers\LoginController::initialAction
[2026-07-17 05:29:16] [DEBUG] Router: Executing \Develop\Controllers\LoginController->initialAction
[2026-07-17 05:29:16] [DEBUG] Login::initialAction() start...
[2026-07-17 05:29:16] [DEBUG] Login::initialAction() errorMessage : 
[2026-07-17 05:29:16] [DEBUG] Screen::view() path: \Develop\Views\Login\Login.view start...
[2026-07-17 05:29:16] [DEBUG] Screen::getContents() start...
[2026-07-17 05:29:16] [DEBUG] Screen::getContents() finish.
[2026-07-17 05:29:16] [DEBUG] Screen::view() path: \Develop\Views\Login\Login.view finish.
[2026-07-17 05:29:16] [DEBUG] Login::initialAction() finish.
[2026-07-17 05:29:19] [DEBUG] --- wwProject System Start ---
[2026-07-17 05:29:19] [DEBUG] Router::Router() /jemini/wwProjectV1.39/Develop/Login/authentication/
[2026-07-17 05:29:19] [DEBUG] Attempting to load: \Develop\Controllers\LoginController::authenticationAction
[2026-07-17 05:29:19] [DEBUG] Router: Executing \Develop\Controllers\LoginController->authenticationAction
[2026-07-17 05:29:19] [DEBUG] Login::AuthenticationAction() start...
[2026-07-17 05:29:19] [DEBUG] Login OK - x
[2026-07-17 05:29:19] [DEBUG] Session::start()
[2026-07-17 05:29:19] [DEBUG] Redirect to Console::initialAction()
[2026-07-17 05:29:19] [DEBUG] --- wwProject System Start ---
[2026-07-17 05:29:19] [DEBUG] Router::Router() /jemini/wwProjectV1.39/Develop/Console/initial/
[2026-07-17 05:29:19] [DEBUG] Attempting to load: \Develop\Controllers\ConsoleController::initialAction
[2026-07-17 05:29:19] [DEBUG] Router: Executing \Develop\Controllers\ConsoleController->initialAction
[2026-07-17 05:29:19] [DEBUG] Console::initialAction() start...
[2026-07-17 05:29:19] [DEBUG] Screen::view() path: \Develop\Views\Console\Console.view start...
[2026-07-17 05:29:19] [DEBUG] Screen::getContents() start...
[2026-07-17 05:29:19] [DEBUG] Screen::getContents() finish.
[2026-07-17 05:29:19] [DEBUG] Screen::view() path: \Develop\Views\Console\Console.view finish.
[2026-07-17 05:29:19] [DEBUG] ConsoleController::initialAction() finish.
[2026-07-17 05:29:19] [DEBUG] --- wwProject System Start ---
[2026-07-17 05:29:19] [DEBUG] Router::Router() /jemini/wwProjectV1.39/Develop/Console/ServerBridgeAction/
[2026-07-17 05:29:19] [DEBUG] Attempting to load: \Develop\Controllers\ConsoleController::ServerBridgeAction
[2026-07-17 05:29:19] [DEBUG] Router: Executing \Develop\Controllers\ConsoleController->ServerBridgeAction
[2026-07-17 05:29:19] [DEBUG] ConsoleController::ServerBridge() start...
[2026-07-17 05:29:19] [DEBUG] ConsoleController::ServerBridge() \Develop\Controllers\ConsoleController::areaInitialAction()
[2026-07-17 05:29:19] [DEBUG] ConsoleController::AreaInitialAction() start...
[2026-07-17 05:29:19] [DEBUG] Screen::updateAreaA() path: \Develop\Views\AreaA\Area_A.view start...
[2026-07-17 05:29:19] [DEBUG] Screen::areaView() sending JSON: ["areas"]
[2026-07-17 05:29:19] [DEBUG] Screen::getContents() start...
[2026-07-17 05:29:19] [DEBUG] Screen::getContents() finish.
[2026-07-17 05:29:19] [DEBUG] Screen::updateAreaA() finish.
[2026-07-17 05:29:19] [DEBUG] Screen::updateAreaB() path: \Develop\Views\AreaB\Area_B.view start...
[2026-07-17 05:29:19] [DEBUG] Screen::getContents() start...
[2026-07-17 05:29:19] [DEBUG] Screen::getContents() finish.
[2026-07-17 05:29:19] [DEBUG] Screen::updateAreaB() finish.
[2026-07-17 05:29:19] [DEBUG] Screen::updateAreaD() path: \Develop\Views\AreaD\Area_D_clear.view start...
[2026-07-17 05:29:19] [DEBUG] Screen::getContents() start...
[2026-07-17 05:29:19] [DEBUG] Screen::getContents() finish.
[2026-07-17 05:29:19] [DEBUG] Screen::updateAreaD() finish.
[2026-07-17 05:29:19] [DEBUG] Screen::updateAreaE() [iframe起動版] path: \Develop\Views\AreaE\Area_E_clear.view start...
[2026-07-17 05:29:19] [DEBUG] Screen::getContents() start...
[2026-07-17 05:29:19] [DEBUG] Screen::getContents() finish.
[2026-07-17 05:29:19] [DEBUG] Screen::updateAreaE() finish.
[2026-07-17 05:29:19] [DEBUG] Screen::updateAreaF() path: \Develop\Views\AreaF\Area_F.view start...
[2026-07-17 05:29:19] [DEBUG] Screen::getContents() start...
[2026-07-17 05:29:19] [DEBUG] Screen::getContents() finish.
[2026-07-17 05:29:19] [DEBUG] Screen::updateAreaF() finish.
[2026-07-17 05:29:19] [DEBUG] ProjectController::startProjectNabi() start...
[2026-07-17 05:29:19] [DEBUG] ProjectController::getProjectListHtml() start...
[2026-07-17 05:29:19] [DEBUG] ProjectModel::getProjectList() start...
[2026-07-17 05:29:19] [DEBUG] ProjectModel::getProjectList() finish.
[2026-07-17 05:29:19] [DEBUG] CodeMasterModel：：getCodesByGroup() start...
[2026-07-17 05:29:19] [DEBUG] CodeMasterModel：：getCodesByGroup() finish.
[2026-07-17 05:29:19] [DEBUG] ProjectController::getNaviFooterHtml() start...
[2026-07-17 05:29:19] [DEBUG] ProjectController::getNaviFooterHtml() finish.
[2026-07-17 05:29:19] [DEBUG] ProjectController::startProjectNabi() finish.
[2026-07-17 05:29:19] [DEBUG] Screen::updateAreaC() \Develop\Views\AreaC\Area_C.view start...
[2026-07-17 05:29:19] [DEBUG] Screen::getContents() start...
[2026-07-17 05:29:19] [DEBUG] Screen::getContents() finish.
[2026-07-17 05:29:19] [DEBUG] Screen::updateAreaC() finish.
[2026-07-17 05:29:19] [DEBUG] ConsoleController::AreaInitialAction() finish.
[2026-07-17 05:29:19] [DEBUG] Screen::areaView() start...
[2026-07-17 05:29:19] [DEBUG] Screen::areaView() finish.
[2026-07-17 05:29:20] [DEBUG] --- wwProject System Start ---
[2026-07-17 05:29:20] [DEBUG] Router::Router() /jemini/wwProjectV1.39/Develop/Console/ServerBridgeAction/
[2026-07-17 05:29:20] [DEBUG] Attempting to load: \Develop\Controllers\ConsoleController::ServerBridgeAction
[2026-07-17 05:29:20] [DEBUG] Router: Executing \Develop\Controllers\ConsoleController->ServerBridgeAction
[2026-07-17 05:29:20] [DEBUG] ConsoleController::ServerBridge() start...
[2026-07-17 05:29:20] [DEBUG] ConsoleController::ServerBridge() \Develop\Controllers\ProjectController::projectSelectAction()
[2026-07-17 05:29:20] [DEBUG] ProjectController::projectSelectAction() start...
[2026-07-17 05:29:20] [DEBUG] ProjectController::projectSelectAction() ☆★☆　SampleProject１
[2026-07-17 05:29:20] [DEBUG] Screen::updateAreaB() path: \Develop\Views\AreaB\Area_B.view start...
[2026-07-17 05:29:20] [DEBUG] Screen::getContents() start...
[2026-07-17 05:29:20] [DEBUG] Screen::getContents() finish.
[2026-07-17 05:29:20] [DEBUG] Screen::updateAreaB() finish.
[2026-07-17 05:29:20] [DEBUG] ProjectController::projectSelectAction() PRJ-D45FEF : PRJ-D45FEF
[2026-07-17 05:29:20] [DEBUG] ProjectController::getProjectListHtml() start...
[2026-07-17 05:29:20] [DEBUG] ProjectModel::getProjectList() start...
[2026-07-17 05:29:20] [DEBUG] ProjectModel::getProjectList() finish.
[2026-07-17 05:29:20] [DEBUG] CodeMasterModel：：getCodesByGroup() start...
[2026-07-17 05:29:20] [DEBUG] CodeMasterModel：：getCodesByGroup() finish.
[2026-07-17 05:29:20] [DEBUG] ProjectController::getNaviFooterHtml() start...
[2026-07-17 05:29:20] [DEBUG] ProjectController::getNaviFooterHtml() finish.
[2026-07-17 05:29:20] [DEBUG] Screen::updateAreaC() \Develop\Views\AreaC\Area_C.view start...
[2026-07-17 05:29:20] [DEBUG] Screen::getContents() start...
[2026-07-17 05:29:20] [DEBUG] Screen::getContents() finish.
[2026-07-17 05:29:20] [DEBUG] Screen::updateAreaC() finish.
[2026-07-17 05:29:20] [DEBUG] Screen::updateAreaD() path: \Develop\Views\AreaD\Area_D_clear.view start...
[2026-07-17 05:29:20] [DEBUG] Screen::getContents() start...
[2026-07-17 05:29:20] [DEBUG] Screen::getContents() finish.
[2026-07-17 05:29:20] [DEBUG] Screen::updateAreaD() finish.
[2026-07-17 05:29:20] [DEBUG] Screen::updateAreaE() [iframe起動版] path: \Develop\Views\AreaE\Area_E_clear.view start...
[2026-07-17 05:29:20] [DEBUG] Screen::getContents() start...
[2026-07-17 05:29:20] [DEBUG] Screen::getContents() finish.
[2026-07-17 05:29:20] [DEBUG] Screen::updateAreaE() finish.
[2026-07-17 05:29:20] [DEBUG] ProjectController::projectSelectAction() finish.
[2026-07-17 05:29:20] [DEBUG] Screen::areaView() start...
[2026-07-17 05:29:20] [DEBUG] Screen::areaView() finish.
[2026-07-17 05:29:21] [DEBUG] --- wwProject System Start ---
[2026-07-17 05:29:21] [DEBUG] Router::Router() /jemini/wwProjectV1.39/Develop/Console/ServerBridgeAction/
[2026-07-17 05:29:21] [DEBUG] Attempting to load: \Develop\Controllers\ConsoleController::ServerBridgeAction
[2026-07-17 05:29:21] [DEBUG] Router: Executing \Develop\Controllers\ConsoleController->ServerBridgeAction
[2026-07-17 05:29:21] [DEBUG] ConsoleController::ServerBridge() start...
[2026-07-17 05:29:21] [DEBUG] ConsoleController::ServerBridge() \Develop\Controllers\PartsDefinitionController::InitialAction()
[2026-07-17 05:29:21] [DEBUG] DBDefinitionController::initialAction() start...
[2026-07-17 05:29:21] [DEBUG] PartsDefinitionController::initialAction() projectId : PRJ-D45FEF
[2026-07-17 05:29:21] [DEBUG] PartsDefinitionModel::getAllPartsList() start... Project ID: PRJ-D45FEF
[2026-07-17 05:29:21] [DEBUG] Screen::updateAreaD() path: \Develop\Views\AreaD\PartsDefinition\PartsDefinitionList.view start...
[2026-07-17 05:29:21] [DEBUG] Screen::getContents() start...
[2026-07-17 05:29:21] [DEBUG] Screen::getContents() finish.
[2026-07-17 05:29:21] [DEBUG] Screen::updateAreaD() finish.
[2026-07-17 05:29:21] [DEBUG] Screen::updateAreaE() [iframe起動版] path: \Develop\Views\AreaE\Area_E_clear.view start...
[2026-07-17 05:29:21] [DEBUG] Screen::getContents() start...
[2026-07-17 05:29:21] [DEBUG] Screen::getContents() finish.
[2026-07-17 05:29:21] [DEBUG] Screen::updateAreaE() finish.
[2026-07-17 05:29:21] [DEBUG] DBDefinitionController::initialAction() end.
[2026-07-17 05:29:21] [DEBUG] Screen::areaView() start...
[2026-07-17 05:29:21] [DEBUG] Screen::areaView() finish.
[2026-07-17 05:29:24] [DEBUG] --- wwProject System Start ---
[2026-07-17 05:29:24] [DEBUG] Router::Router() /jemini/wwProjectV1.39/Develop/Console/ServerBridgeAction/
[2026-07-17 05:29:24] [DEBUG] Attempting to load: \Develop\Controllers\ConsoleController::ServerBridgeAction
[2026-07-17 05:29:24] [DEBUG] Router: Executing \Develop\Controllers\ConsoleController->ServerBridgeAction
[2026-07-17 05:29:24] [DEBUG] ConsoleController::ServerBridge() start...
[2026-07-17 05:29:24] [DEBUG] ConsoleController::ServerBridge() \Develop\Controllers\PartsDefinitionController::editPartsAction()
[2026-07-17 05:29:24] [DEBUG] PartsDefinitionController::editPartsAction() start...
[2026-07-17 05:29:24] [DEBUG] PartsDefinitionModel::getAllPartsList() start... Project ID: PRJ-D45FEF
[2026-07-17 05:29:24] [DEBUG] PartsDefinitionModel::getColumnsByTableId() start... Input: newDevelopers
[2026-07-17 05:29:24] [DEBUG] 逆引き成功: 物理名 newDevelopers -> table_id : 12
[2026-07-17 05:29:24] [DEBUG] PartsDefinitionModel::getColumnsByTableId() finish. 件数: 9
[2026-07-17 05:29:24] [DEBUG] PartsDefinitionModel::getTableStructure() start... Project ID: PRJ-D45FEF
[2026-07-17 05:29:24] [DEBUG] Screen::updateAreaE() [iframe起動版] path: \Develop\Views\AreaE\PartsDefinition\RegistParts.view start...
[2026-07-17 05:29:24] [DEBUG] Screen::getContents() start...
[2026-07-17 05:29:24] [DEBUG] Screen::getContents() finish.
[2026-07-17 05:29:24] [DEBUG] Screen::updateAreaE() finish.
[2026-07-17 05:29:24] [DEBUG] PartsDefinitionController::editPartsAction() end.
[2026-07-17 05:29:24] [DEBUG] Screen::areaView() start...
[2026-07-17 05:29:24] [DEBUG] Screen::areaView() finish.
[2026-07-17 05:31:33] [DEBUG] --- wwProject System Start ---
[2026-07-17 05:31:33] [DEBUG] Router::Router() /jemini/wwProjectV1.39/develop/
[2026-07-17 05:31:33] [DEBUG] Attempting to load: \Develop\Controllers\LoginController::initialAction
[2026-07-17 05:31:33] [DEBUG] Router: Executing \Develop\Controllers\LoginController->initialAction
[2026-07-17 05:31:33] [DEBUG] Login::initialAction() start...
[2026-07-17 05:31:33] [DEBUG] Login::initialAction() errorMessage : 
[2026-07-17 05:31:33] [DEBUG] Screen::view() path: \Develop\Views\Login\Login.view start...
[2026-07-17 05:31:33] [DEBUG] Screen::getContents() start...
[2026-07-17 05:31:33] [DEBUG] Screen::getContents() finish.
[2026-07-17 05:31:33] [DEBUG] Screen::view() path: \Develop\Views\Login\Login.view finish.
[2026-07-17 05:31:33] [DEBUG] Login::initialAction() finish.
[2026-07-17 05:31:35] [DEBUG] --- wwProject System Start ---
[2026-07-17 05:31:35] [DEBUG] Router::Router() /jemini/wwProjectV1.39/Develop/Login/authentication/
[2026-07-17 05:31:35] [DEBUG] Attempting to load: \Develop\Controllers\LoginController::authenticationAction
[2026-07-17 05:31:35] [DEBUG] Router: Executing \Develop\Controllers\LoginController->authenticationAction
[2026-07-17 05:31:35] [DEBUG] Login::AuthenticationAction() start...
[2026-07-17 05:31:35] [DEBUG] Login OK - x
[2026-07-17 05:31:35] [DEBUG] Session::start()
[2026-07-17 05:31:35] [DEBUG] Redirect to Console::initialAction()
[2026-07-17 05:31:35] [DEBUG] --- wwProject System Start ---
[2026-07-17 05:31:35] [DEBUG] Router::Router() /jemini/wwProjectV1.39/Develop/Console/initial/
[2026-07-17 05:31:35] [DEBUG] Attempting to load: \Develop\Controllers\ConsoleController::initialAction
[2026-07-17 05:31:35] [DEBUG] Router: Executing \Develop\Controllers\ConsoleController->initialAction
[2026-07-17 05:31:35] [DEBUG] Console::initialAction() start...
[2026-07-17 05:31:35] [DEBUG] Screen::view() path: \Develop\Views\Console\Console.view start...
[2026-07-17 05:31:35] [DEBUG] Screen::getContents() start...
[2026-07-17 05:31:35] [DEBUG] Screen::getContents() finish.
[2026-07-17 05:31:35] [DEBUG] Screen::view() path: \Develop\Views\Console\Console.view finish.
[2026-07-17 05:31:35] [DEBUG] ConsoleController::initialAction() finish.
[2026-07-17 05:31:35] [DEBUG] --- wwProject System Start ---
[2026-07-17 05:31:35] [DEBUG] Router::Router() /jemini/wwProjectV1.39/Develop/Console/ServerBridgeAction/
[2026-07-17 05:31:35] [DEBUG] Attempting to load: \Develop\Controllers\ConsoleController::ServerBridgeAction
[2026-07-17 05:31:35] [DEBUG] Router: Executing \Develop\Controllers\ConsoleController->ServerBridgeAction
[2026-07-17 05:31:35] [DEBUG] ConsoleController::ServerBridge() start...
[2026-07-17 05:31:35] [DEBUG] ConsoleController::ServerBridge() \Develop\Controllers\ConsoleController::areaInitialAction()
[2026-07-17 05:31:35] [DEBUG] ConsoleController::AreaInitialAction() start...
[2026-07-17 05:31:35] [DEBUG] Screen::updateAreaA() path: \Develop\Views\AreaA\Area_A.view start...
[2026-07-17 05:31:35] [DEBUG] Screen::areaView() sending JSON: ["areas"]
[2026-07-17 05:31:35] [DEBUG] Screen::getContents() start...
[2026-07-17 05:31:35] [DEBUG] Screen::getContents() finish.
[2026-07-17 05:31:35] [DEBUG] Screen::updateAreaA() finish.
[2026-07-17 05:31:35] [DEBUG] Screen::updateAreaB() path: \Develop\Views\AreaB\Area_B.view start...
[2026-07-17 05:31:35] [DEBUG] Screen::getContents() start...
[2026-07-17 05:31:35] [DEBUG] Screen::getContents() finish.
[2026-07-17 05:31:35] [DEBUG] Screen::updateAreaB() finish.
[2026-07-17 05:31:35] [DEBUG] Screen::updateAreaD() path: \Develop\Views\AreaD\Area_D_clear.view start...
[2026-07-17 05:31:35] [DEBUG] Screen::getContents() start...
[2026-07-17 05:31:35] [DEBUG] Screen::getContents() finish.
[2026-07-17 05:31:35] [DEBUG] Screen::updateAreaD() finish.
[2026-07-17 05:31:35] [DEBUG] Screen::updateAreaE() [iframe起動版] path: \Develop\Views\AreaE\Area_E_clear.view start...
[2026-07-17 05:31:35] [DEBUG] Screen::getContents() start...
[2026-07-17 05:31:35] [DEBUG] Screen::getContents() finish.
[2026-07-17 05:31:35] [DEBUG] Screen::updateAreaE() finish.
[2026-07-17 05:31:35] [DEBUG] Screen::updateAreaF() path: \Develop\Views\AreaF\Area_F.view start...
[2026-07-17 05:31:35] [DEBUG] Screen::getContents() start...
[2026-07-17 05:31:35] [DEBUG] Screen::getContents() finish.
[2026-07-17 05:31:35] [DEBUG] Screen::updateAreaF() finish.
[2026-07-17 05:31:35] [DEBUG] ProjectController::startProjectNabi() start...
[2026-07-17 05:31:35] [DEBUG] ProjectController::getProjectListHtml() start...
[2026-07-17 05:31:35] [DEBUG] ProjectModel::getProjectList() start...
[2026-07-17 05:31:35] [DEBUG] ProjectModel::getProjectList() finish.
[2026-07-17 05:31:35] [DEBUG] CodeMasterModel：：getCodesByGroup() start...
[2026-07-17 05:31:35] [DEBUG] CodeMasterModel：：getCodesByGroup() finish.
[2026-07-17 05:31:35] [DEBUG] ProjectController::getNaviFooterHtml() start...
[2026-07-17 05:31:35] [DEBUG] ProjectController::getNaviFooterHtml() finish.
[2026-07-17 05:31:35] [DEBUG] ProjectController::startProjectNabi() finish.
[2026-07-17 05:31:35] [DEBUG] Screen::updateAreaC() \Develop\Views\AreaC\Area_C.view start...
[2026-07-17 05:31:35] [DEBUG] Screen::getContents() start...
[2026-07-17 05:31:35] [DEBUG] Screen::getContents() finish.
[2026-07-17 05:31:35] [DEBUG] Screen::updateAreaC() finish.
[2026-07-17 05:31:35] [DEBUG] ConsoleController::AreaInitialAction() finish.
[2026-07-17 05:31:35] [DEBUG] Screen::areaView() start...
[2026-07-17 05:31:35] [DEBUG] Screen::areaView() finish.
[2026-07-17 05:31:36] [DEBUG] --- wwProject System Start ---
[2026-07-17 05:31:36] [DEBUG] Router::Router() /jemini/wwProjectV1.39/Develop/Console/ServerBridgeAction/
[2026-07-17 05:31:36] [DEBUG] Attempting to load: \Develop\Controllers\ConsoleController::ServerBridgeAction
[2026-07-17 05:31:36] [DEBUG] Router: Executing \Develop\Controllers\ConsoleController->ServerBridgeAction
[2026-07-17 05:31:36] [DEBUG] ConsoleController::ServerBridge() start...
[2026-07-17 05:31:36] [DEBUG] ConsoleController::ServerBridge() \Develop\Controllers\ProjectController::projectSelectAction()
[2026-07-17 05:31:36] [DEBUG] ProjectController::projectSelectAction() start...
[2026-07-17 05:31:36] [DEBUG] ProjectController::projectSelectAction() ☆★☆　SampleProject１
[2026-07-17 05:31:36] [DEBUG] Screen::updateAreaB() path: \Develop\Views\AreaB\Area_B.view start...
[2026-07-17 05:31:36] [DEBUG] Screen::getContents() start...
[2026-07-17 05:31:36] [DEBUG] Screen::getContents() finish.
[2026-07-17 05:31:36] [DEBUG] Screen::updateAreaB() finish.
[2026-07-17 05:31:36] [DEBUG] ProjectController::projectSelectAction() PRJ-D45FEF : PRJ-D45FEF
[2026-07-17 05:31:36] [DEBUG] ProjectController::getProjectListHtml() start...
[2026-07-17 05:31:36] [DEBUG] ProjectModel::getProjectList() start...
[2026-07-17 05:31:36] [DEBUG] ProjectModel::getProjectList() finish.
[2026-07-17 05:31:36] [DEBUG] CodeMasterModel：：getCodesByGroup() start...
[2026-07-17 05:31:36] [DEBUG] CodeMasterModel：：getCodesByGroup() finish.
[2026-07-17 05:31:36] [DEBUG] ProjectController::getNaviFooterHtml() start...
[2026-07-17 05:31:36] [DEBUG] ProjectController::getNaviFooterHtml() finish.
[2026-07-17 05:31:36] [DEBUG] Screen::updateAreaC() \Develop\Views\AreaC\Area_C.view start...
[2026-07-17 05:31:36] [DEBUG] Screen::getContents() start...
[2026-07-17 05:31:36] [DEBUG] Screen::getContents() finish.
[2026-07-17 05:31:36] [DEBUG] Screen::updateAreaC() finish.
[2026-07-17 05:31:36] [DEBUG] Screen::updateAreaD() path: \Develop\Views\AreaD\Area_D_clear.view start...
[2026-07-17 05:31:36] [DEBUG] Screen::getContents() start...
[2026-07-17 05:31:36] [DEBUG] Screen::getContents() finish.
[2026-07-17 05:31:36] [DEBUG] Screen::updateAreaD() finish.
[2026-07-17 05:31:36] [DEBUG] Screen::updateAreaE() [iframe起動版] path: \Develop\Views\AreaE\Area_E_clear.view start...
[2026-07-17 05:31:36] [DEBUG] Screen::getContents() start...
[2026-07-17 05:31:36] [DEBUG] Screen::getContents() finish.
[2026-07-17 05:31:36] [DEBUG] Screen::updateAreaE() finish.
[2026-07-17 05:31:36] [DEBUG] ProjectController::projectSelectAction() finish.
[2026-07-17 05:31:36] [DEBUG] Screen::areaView() start...
[2026-07-17 05:31:36] [DEBUG] Screen::areaView() finish.
[2026-07-17 05:31:38] [DEBUG] --- wwProject System Start ---
[2026-07-17 05:31:38] [DEBUG] Router::Router() /jemini/wwProjectV1.39/Develop/Console/ServerBridgeAction/
[2026-07-17 05:31:38] [DEBUG] Attempting to load: \Develop\Controllers\ConsoleController::ServerBridgeAction
[2026-07-17 05:31:38] [DEBUG] Router: Executing \Develop\Controllers\ConsoleController->ServerBridgeAction
[2026-07-17 05:31:38] [DEBUG] ConsoleController::ServerBridge() start...
[2026-07-17 05:31:38] [DEBUG] ConsoleController::ServerBridge() \Develop\Controllers\PartsDefinitionController::InitialAction()
[2026-07-17 05:31:38] [DEBUG] DBDefinitionController::initialAction() start...
[2026-07-17 05:31:38] [DEBUG] PartsDefinitionController::initialAction() projectId : PRJ-D45FEF
[2026-07-17 05:31:38] [DEBUG] PartsDefinitionModel::getAllPartsList() start... Project ID: PRJ-D45FEF
[2026-07-17 05:31:38] [DEBUG] Screen::updateAreaD() path: \Develop\Views\AreaD\PartsDefinition\PartsDefinitionList.view start...
[2026-07-17 05:31:38] [DEBUG] Screen::getContents() start...
[2026-07-17 05:31:38] [DEBUG] Screen::getContents() finish.
[2026-07-17 05:31:38] [DEBUG] Screen::updateAreaD() finish.
[2026-07-17 05:31:38] [DEBUG] Screen::updateAreaE() [iframe起動版] path: \Develop\Views\AreaE\Area_E_clear.view start...
[2026-07-17 05:31:38] [DEBUG] Screen::getContents() start...
[2026-07-17 05:31:38] [DEBUG] Screen::getContents() finish.
[2026-07-17 05:31:38] [DEBUG] Screen::updateAreaE() finish.
[2026-07-17 05:31:38] [DEBUG] DBDefinitionController::initialAction() end.
[2026-07-17 05:31:38] [DEBUG] Screen::areaView() start...
[2026-07-17 05:31:38] [DEBUG] Screen::areaView() finish.
[2026-07-17 05:31:40] [DEBUG] --- wwProject System Start ---
[2026-07-17 05:31:40] [DEBUG] Router::Router() /jemini/wwProjectV1.39/Develop/Console/ServerBridgeAction/
[2026-07-17 05:31:40] [DEBUG] Attempting to load: \Develop\Controllers\ConsoleController::ServerBridgeAction
[2026-07-17 05:31:40] [DEBUG] Router: Executing \Develop\Controllers\ConsoleController->ServerBridgeAction
[2026-07-17 05:31:40] [DEBUG] ConsoleController::ServerBridge() start...
[2026-07-17 05:31:40] [DEBUG] ConsoleController::ServerBridge() \Develop\Controllers\PartsDefinitionController::editPartsAction()
[2026-07-17 05:31:40] [DEBUG] PartsDefinitionController::editPartsAction() start...
[2026-07-17 05:31:40] [DEBUG] PartsDefinitionModel::getAllPartsList() start... Project ID: PRJ-D45FEF
[2026-07-17 05:31:40] [DEBUG] PartsDefinitionModel::getColumnsByTableId() start... Input: newDevelopers
[2026-07-17 05:31:40] [DEBUG] 逆引き成功: 物理名 newDevelopers -> table_id : 12
[2026-07-17 05:31:40] [DEBUG] PartsDefinitionModel::getColumnsByTableId() finish. 件数: 9
[2026-07-17 05:31:40] [DEBUG] PartsDefinitionModel::getTableStructure() start... Project ID: PRJ-D45FEF
[2026-07-17 05:31:40] [DEBUG] Screen::updateAreaE() [iframe起動版] path: \Develop\Views\AreaE\PartsDefinition\RegistParts.view start...
[2026-07-17 05:31:40] [DEBUG] Screen::getContents() start...
[2026-07-17 05:31:41] [DEBUG] Screen::getContents() finish.
[2026-07-17 05:31:41] [DEBUG] Screen::updateAreaE() finish.
[2026-07-17 05:31:41] [DEBUG] PartsDefinitionController::editPartsAction() end.
[2026-07-17 05:31:41] [DEBUG] Screen::areaView() start...
[2026-07-17 05:31:41] [DEBUG] Screen::areaView() finish.
[2026-07-17 05:31:44] [DEBUG] --- wwProject System Start ---
[2026-07-17 05:31:44] [DEBUG] Router::Router() /jemini/wwProjectV1.39/Develop/Console/ServerBridgeAction/
[2026-07-17 05:31:44] [DEBUG] Attempting to load: \Develop\Controllers\ConsoleController::ServerBridgeAction
[2026-07-17 05:31:44] [DEBUG] Router: Executing \Develop\Controllers\ConsoleController->ServerBridgeAction
[2026-07-17 05:31:44] [DEBUG] ConsoleController::ServerBridge() start...
[2026-07-17 05:31:44] [DEBUG] ConsoleController::ServerBridge() \Develop\Controllers\PartsDefinitionController::editPartsAction()
[2026-07-17 05:31:44] [DEBUG] PartsDefinitionController::editPartsAction() start...
[2026-07-17 05:31:44] [DEBUG] PartsDefinitionModel::getAllPartsList() start... Project ID: PRJ-D45FEF
[2026-07-17 05:31:44] [DEBUG] PartsDefinitionModel::getColumnsByTableId() start... Input: newDevelopers
[2026-07-17 05:31:44] [DEBUG] 逆引き成功: 物理名 newDevelopers -> table_id : 12
[2026-07-17 05:31:44] [DEBUG] PartsDefinitionModel::getColumnsByTableId() finish. 件数: 9
[2026-07-17 05:31:44] [DEBUG] PartsDefinitionModel::getTableStructure() start... Project ID: PRJ-D45FEF
[2026-07-17 05:31:44] [DEBUG] Screen::updateAreaE() [iframe起動版] path: \Develop\Views\AreaE\PartsDefinition\RegistParts.view start...
[2026-07-17 05:31:44] [DEBUG] Screen::getContents() start...
[2026-07-17 05:31:44] [DEBUG] Screen::getContents() finish.
[2026-07-17 05:31:44] [DEBUG] Screen::updateAreaE() finish.
[2026-07-17 05:31:44] [DEBUG] PartsDefinitionController::editPartsAction() end.
[2026-07-17 05:31:44] [DEBUG] Screen::areaView() start...
[2026-07-17 05:31:44] [DEBUG] Screen::areaView() finish.
[2026-07-17 05:31:47] [DEBUG] --- wwProject System Start ---
[2026-07-17 05:31:47] [DEBUG] Router::Router() /jemini/wwProjectV1.39/Develop/Console/ServerBridgeAction/
[2026-07-17 05:31:47] [DEBUG] Attempting to load: \Develop\Controllers\ConsoleController::ServerBridgeAction
[2026-07-17 05:31:47] [DEBUG] Router: Executing \Develop\Controllers\ConsoleController->ServerBridgeAction
[2026-07-17 05:31:47] [DEBUG] ConsoleController::ServerBridge() start...
[2026-07-17 05:31:47] [DEBUG] ConsoleController::ServerBridge() \Develop\Controllers\PartsDefinitionController::editPartsAction()
[2026-07-17 05:31:47] [DEBUG] PartsDefinitionController::editPartsAction() start...
[2026-07-17 05:31:47] [DEBUG] PartsDefinitionModel::getAllPartsList() start... Project ID: PRJ-D45FEF
[2026-07-17 05:31:47] [DEBUG] PartsDefinitionModel::getColumnsByTableId() start... Input: developers
[2026-07-17 05:31:47] [DEBUG] 逆引き成功: 物理名 developers -> table_id : 14
[2026-07-17 05:31:47] [DEBUG] PartsDefinitionModel::getColumnsByTableId() finish. 件数: 9
[2026-07-17 05:31:47] [DEBUG] PartsDefinitionModel::getTableStructure() start... Project ID: PRJ-D45FEF
[2026-07-17 05:31:47] [DEBUG] Screen::updateAreaE() [iframe起動版] path: \Develop\Views\AreaE\PartsDefinition\RegistParts.view start...
[2026-07-17 05:31:47] [DEBUG] Screen::getContents() start...
[2026-07-17 05:31:47] [DEBUG] Screen::getContents() finish.
[2026-07-17 05:31:47] [DEBUG] Screen::updateAreaE() finish.
[2026-07-17 05:31:47] [DEBUG] PartsDefinitionController::editPartsAction() end.
[2026-07-17 05:31:47] [DEBUG] Screen::areaView() start...
[2026-07-17 05:31:47] [DEBUG] Screen::areaView() finish.
[2026-07-17 05:31:47] [DEBUG] --- wwProject System Start ---
[2026-07-17 05:31:47] [DEBUG] Router::Router() /jemini/wwProjectV1.39/Develop/Console/ServerBridgeAction/
[2026-07-17 05:31:47] [DEBUG] Attempting to load: \Develop\Controllers\ConsoleController::ServerBridgeAction
[2026-07-17 05:31:47] [DEBUG] Router: Executing \Develop\Controllers\ConsoleController->ServerBridgeAction
[2026-07-17 05:31:47] [DEBUG] ConsoleController::ServerBridge() start...
[2026-07-17 05:31:47] [DEBUG] ConsoleController::ServerBridge() \Develop\Controllers\PartsDefinitionController::editPartsAction()
[2026-07-17 05:31:47] [DEBUG] PartsDefinitionController::editPartsAction() start...
[2026-07-17 05:31:47] [DEBUG] PartsDefinitionModel::getAllPartsList() start... Project ID: PRJ-D45FEF
[2026-07-17 05:31:47] [DEBUG] PartsDefinitionModel::getColumnsByTableId() start... Input: newDevelopers
[2026-07-17 05:31:47] [DEBUG] 逆引き成功: 物理名 newDevelopers -> table_id : 12
[2026-07-17 05:31:47] [DEBUG] PartsDefinitionModel::getColumnsByTableId() finish. 件数: 9
[2026-07-17 05:31:47] [DEBUG] PartsDefinitionModel::getTableStructure() start... Project ID: PRJ-D45FEF
[2026-07-17 05:31:47] [DEBUG] Screen::updateAreaE() [iframe起動版] path: \Develop\Views\AreaE\PartsDefinition\RegistParts.view start...
[2026-07-17 05:31:47] [DEBUG] Screen::getContents() start...
[2026-07-17 05:31:47] [DEBUG] Screen::getContents() finish.
[2026-07-17 05:31:47] [DEBUG] Screen::updateAreaE() finish.
[2026-07-17 05:31:47] [DEBUG] PartsDefinitionController::editPartsAction() end.
[2026-07-17 05:31:47] [DEBUG] Screen::areaView() start...
[2026-07-17 05:31:47] [DEBUG] Screen::areaView() finish.
[2026-07-17 05:31:49] [DEBUG] --- wwProject System Start ---
[2026-07-17 05:31:49] [DEBUG] Router::Router() /jemini/wwProjectV1.39/Develop/Console/ServerBridgeAction/
[2026-07-17 05:31:49] [DEBUG] Attempting to load: \Develop\Controllers\ConsoleController::ServerBridgeAction
[2026-07-17 05:31:49] [DEBUG] Router: Executing \Develop\Controllers\ConsoleController->ServerBridgeAction
[2026-07-17 05:31:49] [DEBUG] ConsoleController::ServerBridge() start...
[2026-07-17 05:31:49] [DEBUG] ConsoleController::ServerBridge() \Develop\Controllers\PartsDefinitionController::editPartsAction()
[2026-07-17 05:31:49] [DEBUG] PartsDefinitionController::editPartsAction() start...
[2026-07-17 05:31:49] [DEBUG] PartsDefinitionModel::getAllPartsList() start... Project ID: PRJ-D45FEF
[2026-07-17 05:31:49] [DEBUG] PartsDefinitionModel::getColumnsByTableId() start... Input: developers
[2026-07-17 05:31:49] [DEBUG] 逆引き成功: 物理名 developers -> table_id : 14
[2026-07-17 05:31:49] [DEBUG] PartsDefinitionModel::getColumnsByTableId() finish. 件数: 9
[2026-07-17 05:31:49] [DEBUG] PartsDefinitionModel::getTableStructure() start... Project ID: PRJ-D45FEF
[2026-07-17 05:31:49] [DEBUG] Screen::updateAreaE() [iframe起動版] path: \Develop\Views\AreaE\PartsDefinition\RegistParts.view start...
[2026-07-17 05:31:49] [DEBUG] Screen::getContents() start...
[2026-07-17 05:31:49] [DEBUG] Screen::getContents() finish.
[2026-07-17 05:31:49] [DEBUG] Screen::updateAreaE() finish.
[2026-07-17 05:31:49] [DEBUG] PartsDefinitionController::editPartsAction() end.
[2026-07-17 05:31:49] [DEBUG] Screen::areaView() start...
[2026-07-17 05:31:49] [DEBUG] Screen::areaView() finish.
[2026-07-17 05:31:51] [DEBUG] --- wwProject System Start ---
[2026-07-17 05:31:51] [DEBUG] Router::Router() /jemini/wwProjectV1.39/Develop/Console/ServerBridgeAction/
[2026-07-17 05:31:51] [DEBUG] Attempting to load: \Develop\Controllers\ConsoleController::ServerBridgeAction
[2026-07-17 05:31:51] [DEBUG] Router: Executing \Develop\Controllers\ConsoleController->ServerBridgeAction
[2026-07-17 05:31:51] [DEBUG] ConsoleController::ServerBridge() start...
[2026-07-17 05:31:51] [DEBUG] ConsoleController::ServerBridge() \Develop\Controllers\PartsDefinitionController::editPartsAction()
[2026-07-17 05:31:51] [DEBUG] PartsDefinitionController::editPartsAction() start...
[2026-07-17 05:31:51] [DEBUG] PartsDefinitionModel::getAllPartsList() start... Project ID: PRJ-D45FEF
[2026-07-17 05:31:51] [DEBUG] PartsDefinitionModel::getColumnsByTableId() start... Input: newDevelopers
[2026-07-17 05:31:51] [DEBUG] 逆引き成功: 物理名 newDevelopers -> table_id : 12
[2026-07-17 05:31:51] [DEBUG] PartsDefinitionModel::getColumnsByTableId() finish. 件数: 9
[2026-07-17 05:31:51] [DEBUG] PartsDefinitionModel::getTableStructure() start... Project ID: PRJ-D45FEF
[2026-07-17 05:31:51] [DEBUG] Screen::updateAreaE() [iframe起動版] path: \Develop\Views\AreaE\PartsDefinition\RegistParts.view start...
[2026-07-17 05:31:51] [DEBUG] Screen::getContents() start...
[2026-07-17 05:31:51] [DEBUG] Screen::getContents() finish.
[2026-07-17 05:31:51] [DEBUG] Screen::updateAreaE() finish.
[2026-07-17 05:31:51] [DEBUG] PartsDefinitionController::editPartsAction() end.
[2026-07-17 05:31:51] [DEBUG] Screen::areaView() start...
[2026-07-17 05:31:51] [DEBUG] Screen::areaView() finish.
[2026-07-17 05:31:54] [DEBUG] --- wwProject System Start ---
[2026-07-17 05:31:54] [DEBUG] Router::Router() /jemini/wwProjectV1.39/Develop/Console/ServerBridgeAction/
[2026-07-17 05:31:54] [DEBUG] Attempting to load: \Develop\Controllers\ConsoleController::ServerBridgeAction
[2026-07-17 05:31:54] [DEBUG] Router: Executing \Develop\Controllers\ConsoleController->ServerBridgeAction
[2026-07-17 05:31:54] [DEBUG] ConsoleController::ServerBridge() start...
[2026-07-17 05:31:54] [DEBUG] ConsoleController::ServerBridge() \Develop\Controllers\PartsDefinitionController::editPartsAction()
[2026-07-17 05:31:54] [DEBUG] PartsDefinitionController::editPartsAction() start...
[2026-07-17 05:31:54] [DEBUG] PartsDefinitionModel::getAllPartsList() start... Project ID: PRJ-D45FEF
[2026-07-17 05:31:54] [DEBUG] PartsDefinitionModel::getTableStructure() start... Project ID: PRJ-D45FEF
[2026-07-17 05:31:54] [DEBUG] Screen::updateAreaE() [iframe起動版] path: \Develop\Views\AreaE\PartsDefinition\RegistParts.view start...
[2026-07-17 05:31:54] [DEBUG] Screen::getContents() start...
[2026-07-17 05:31:54] [DEBUG] Screen::getContents() finish.
[2026-07-17 05:31:54] [DEBUG] Screen::updateAreaE() finish.
[2026-07-17 05:31:54] [DEBUG] PartsDefinitionController::editPartsAction() end.
[2026-07-17 05:31:54] [DEBUG] Screen::areaView() start...
[2026-07-17 05:31:54] [DEBUG] Screen::areaView() finish.
[2026-07-17 05:31:55] [DEBUG] --- wwProject System Start ---
[2026-07-17 05:31:55] [DEBUG] Router::Router() /jemini/wwProjectV1.39/Develop/Console/ServerBridgeAction/
[2026-07-17 05:31:55] [DEBUG] Attempting to load: \Develop\Controllers\ConsoleController::ServerBridgeAction
[2026-07-17 05:31:55] [DEBUG] Router: Executing \Develop\Controllers\ConsoleController->ServerBridgeAction
[2026-07-17 05:31:55] [DEBUG] ConsoleController::ServerBridge() start...
[2026-07-17 05:31:55] [DEBUG] ConsoleController::ServerBridge() \Develop\Controllers\PartsDefinitionController::editPartsAction()
[2026-07-17 05:31:55] [DEBUG] PartsDefinitionController::editPartsAction() start...
[2026-07-17 05:31:55] [DEBUG] PartsDefinitionModel::getAllPartsList() start... Project ID: PRJ-D45FEF
[2026-07-17 05:31:55] [DEBUG] PartsDefinitionModel::getTableStructure() start... Project ID: PRJ-D45FEF
[2026-07-17 05:31:55] [DEBUG] Screen::updateAreaE() [iframe起動版] path: \Develop\Views\AreaE\PartsDefinition\RegistParts.view start...
[2026-07-17 05:31:55] [DEBUG] Screen::getContents() start...
[2026-07-17 05:31:55] [DEBUG] Screen::getContents() finish.
[2026-07-17 05:31:55] [DEBUG] Screen::updateAreaE() finish.
[2026-07-17 05:31:55] [DEBUG] PartsDefinitionController::editPartsAction() end.
[2026-07-17 05:31:55] [DEBUG] Screen::areaView() start...
[2026-07-17 05:31:55] [DEBUG] Screen::areaView() finish.
[2026-07-17 05:31:56] [DEBUG] --- wwProject System Start ---
[2026-07-17 05:31:56] [DEBUG] Router::Router() /jemini/wwProjectV1.39/Develop/Console/ServerBridgeAction/
[2026-07-17 05:31:56] [DEBUG] Attempting to load: \Develop\Controllers\ConsoleController::ServerBridgeAction
[2026-07-17 05:31:56] [DEBUG] Router: Executing \Develop\Controllers\ConsoleController->ServerBridgeAction
[2026-07-17 05:31:56] [DEBUG] ConsoleController::ServerBridge() start...
[2026-07-17 05:31:56] [DEBUG] ConsoleController::ServerBridge() \Develop\Controllers\PartsDefinitionController::editPartsAction()
[2026-07-17 05:31:56] [DEBUG] PartsDefinitionController::editPartsAction() start...
[2026-07-17 05:31:56] [DEBUG] PartsDefinitionModel::getAllPartsList() start... Project ID: PRJ-D45FEF
[2026-07-17 05:31:56] [DEBUG] PartsDefinitionModel::getTableStructure() start... Project ID: PRJ-D45FEF
[2026-07-17 05:31:56] [DEBUG] Screen::updateAreaE() [iframe起動版] path: \Develop\Views\AreaE\PartsDefinition\RegistParts.view start...
[2026-07-17 05:31:56] [DEBUG] Screen::getContents() start...
[2026-07-17 05:31:56] [DEBUG] Screen::getContents() finish.
[2026-07-17 05:31:56] [DEBUG] Screen::updateAreaE() finish.
[2026-07-17 05:31:56] [DEBUG] PartsDefinitionController::editPartsAction() end.
[2026-07-17 05:31:56] [DEBUG] Screen::areaView() start...
[2026-07-17 05:31:56] [DEBUG] Screen::areaView() finish.
[2026-07-17 05:31:57] [DEBUG] --- wwProject System Start ---
[2026-07-17 05:31:57] [DEBUG] Router::Router() /jemini/wwProjectV1.39/Develop/Console/ServerBridgeAction/
[2026-07-17 05:31:57] [DEBUG] Attempting to load: \Develop\Controllers\ConsoleController::ServerBridgeAction
[2026-07-17 05:31:57] [DEBUG] Router: Executing \Develop\Controllers\ConsoleController->ServerBridgeAction
[2026-07-17 05:31:57] [DEBUG] ConsoleController::ServerBridge() start...
[2026-07-17 05:31:57] [DEBUG] ConsoleController::ServerBridge() \Develop\Controllers\PartsDefinitionController::editPartsAction()
[2026-07-17 05:31:57] [DEBUG] PartsDefinitionController::editPartsAction() start...
[2026-07-17 05:31:57] [DEBUG] PartsDefinitionModel::getAllPartsList() start... Project ID: PRJ-D45FEF
[2026-07-17 05:31:57] [DEBUG] PartsDefinitionModel::getTableStructure() start... Project ID: PRJ-D45FEF
[2026-07-17 05:31:57] [DEBUG] Screen::updateAreaE() [iframe起動版] path: \Develop\Views\AreaE\PartsDefinition\RegistParts.view start...
[2026-07-17 05:31:57] [DEBUG] Screen::getContents() start...
[2026-07-17 05:31:57] [DEBUG] Screen::getContents() finish.
[2026-07-17 05:31:57] [DEBUG] Screen::updateAreaE() finish.
[2026-07-17 05:31:57] [DEBUG] PartsDefinitionController::editPartsAction() end.
[2026-07-17 05:31:57] [DEBUG] Screen::areaView() start...
[2026-07-17 05:31:57] [DEBUG] Screen::areaView() finish.
[2026-07-17 05:31:58] [DEBUG] --- wwProject System Start ---
[2026-07-17 05:31:58] [DEBUG] Router::Router() /jemini/wwProjectV1.39/Develop/Console/ServerBridgeAction/
[2026-07-17 05:31:58] [DEBUG] Attempting to load: \Develop\Controllers\ConsoleController::ServerBridgeAction
[2026-07-17 05:31:58] [DEBUG] Router: Executing \Develop\Controllers\ConsoleController->ServerBridgeAction
[2026-07-17 05:31:58] [DEBUG] ConsoleController::ServerBridge() start...
[2026-07-17 05:31:58] [DEBUG] ConsoleController::ServerBridge() \Develop\Controllers\PartsDefinitionController::editPartsAction()
[2026-07-17 05:31:58] [DEBUG] PartsDefinitionController::editPartsAction() start...
[2026-07-17 05:31:58] [DEBUG] PartsDefinitionModel::getAllPartsList() start... Project ID: PRJ-D45FEF
[2026-07-17 05:31:58] [DEBUG] PartsDefinitionModel::getColumnsByTableId() start... Input: newDevelopers
[2026-07-17 05:31:58] [DEBUG] 逆引き成功: 物理名 newDevelopers -> table_id : 12
[2026-07-17 05:31:58] [DEBUG] PartsDefinitionModel::getColumnsByTableId() finish. 件数: 9
[2026-07-17 05:31:58] [DEBUG] PartsDefinitionModel::getTableStructure() start... Project ID: PRJ-D45FEF
[2026-07-17 05:31:58] [DEBUG] Screen::updateAreaE() [iframe起動版] path: \Develop\Views\AreaE\PartsDefinition\RegistParts.view start...
[2026-07-17 05:31:58] [DEBUG] Screen::getContents() start...
[2026-07-17 05:31:58] [DEBUG] Screen::getContents() finish.
[2026-07-17 05:31:58] [DEBUG] Screen::updateAreaE() finish.
[2026-07-17 05:31:58] [DEBUG] PartsDefinitionController::editPartsAction() end.
[2026-07-17 05:31:58] [DEBUG] Screen::areaView() start...
[2026-07-17 05:31:58] [DEBUG] Screen::areaView() finish.
[2026-07-17 13:28:39] [DEBUG] --- wwProject System Start ---
[2026-07-17 13:28:39] [DEBUG] Router::Router() /jemini/wwProjectV1.39/develop/
[2026-07-17 13:28:39] [DEBUG] Attempting to load: \Develop\Controllers\LoginController::initialAction
[2026-07-17 13:28:39] [DEBUG] Router: Executing \Develop\Controllers\LoginController->initialAction
[2026-07-17 13:28:40] [DEBUG] Login::initialAction() start...
[2026-07-17 13:28:40] [DEBUG] Login::initialAction() errorMessage : 
[2026-07-17 13:28:40] [DEBUG] Screen::view() path: \Develop\Views\Login\Login.view start...
[2026-07-17 13:28:40] [DEBUG] Screen::getContents() start...
[2026-07-17 13:28:40] [DEBUG] Screen::getContents() finish.
[2026-07-17 13:28:40] [DEBUG] Screen::view() path: \Develop\Views\Login\Login.view finish.
[2026-07-17 13:28:40] [DEBUG] Login::initialAction() finish.
[2026-07-17 13:28:49] [DEBUG] --- wwProject System Start ---
[2026-07-17 13:28:49] [DEBUG] Router::Router() /jemini/wwProjectV1.39/Develop/Login/authentication/
[2026-07-17 13:28:49] [DEBUG] Attempting to load: \Develop\Controllers\LoginController::authenticationAction
[2026-07-17 13:28:49] [DEBUG] Router: Executing \Develop\Controllers\LoginController->authenticationAction
[2026-07-17 13:28:49] [DEBUG] Login::AuthenticationAction() start...
[2026-07-17 13:28:49] [DEBUG] Login NG - ✗
[2026-07-17 13:28:49] [DEBUG] Screen::view() path: \Develop\Views\Login\Login.view start...
[2026-07-17 13:28:49] [DEBUG] Screen::getContents() start...
[2026-07-17 13:28:49] [DEBUG] Screen::getContents() finish.
[2026-07-17 13:28:49] [DEBUG] Screen::view() path: \Develop\Views\Login\Login.view finish.
[2026-07-17 13:28:49] [DEBUG] Login::AuthenticationAction() finish with error.
[2026-07-17 13:28:54] [DEBUG] --- wwProject System Start ---
[2026-07-17 13:28:54] [DEBUG] Router::Router() /jemini/wwProjectV1.39/Develop/Login/authentication/
[2026-07-17 13:28:54] [DEBUG] Attempting to load: \Develop\Controllers\LoginController::authenticationAction
[2026-07-17 13:28:54] [DEBUG] Router: Executing \Develop\Controllers\LoginController->authenticationAction
[2026-07-17 13:28:54] [DEBUG] Login::AuthenticationAction() start...
[2026-07-17 13:28:54] [DEBUG] Login OK - x
[2026-07-17 13:28:54] [DEBUG] Session::start()
[2026-07-17 13:28:54] [DEBUG] Redirect to Console::initialAction()
[2026-07-17 13:28:54] [DEBUG] --- wwProject System Start ---
[2026-07-17 13:28:54] [DEBUG] Router::Router() /jemini/wwProjectV1.39/Develop/Console/initial/
[2026-07-17 13:28:54] [DEBUG] Attempting to load: \Develop\Controllers\ConsoleController::initialAction
[2026-07-17 13:28:54] [DEBUG] Router: Executing \Develop\Controllers\ConsoleController->initialAction
[2026-07-17 13:28:54] [DEBUG] Console::initialAction() start...
[2026-07-17 13:28:54] [DEBUG] Screen::view() path: \Develop\Views\Console\Console.view start...
[2026-07-17 13:28:54] [DEBUG] Screen::getContents() start...
[2026-07-17 13:28:54] [DEBUG] Screen::getContents() finish.
[2026-07-17 13:28:54] [DEBUG] Screen::view() path: \Develop\Views\Console\Console.view finish.
[2026-07-17 13:28:54] [DEBUG] ConsoleController::initialAction() finish.
[2026-07-17 13:28:54] [DEBUG] --- wwProject System Start ---
[2026-07-17 13:28:54] [DEBUG] Router::Router() /jemini/wwProjectV1.39/Develop/Console/ServerBridgeAction/
[2026-07-17 13:28:54] [DEBUG] Attempting to load: \Develop\Controllers\ConsoleController::ServerBridgeAction
[2026-07-17 13:28:54] [DEBUG] Router: Executing \Develop\Controllers\ConsoleController->ServerBridgeAction
[2026-07-17 13:28:54] [DEBUG] ConsoleController::ServerBridge() start...
[2026-07-17 13:28:54] [DEBUG] ConsoleController::ServerBridge() \Develop\Controllers\ConsoleController::areaInitialAction()
[2026-07-17 13:28:54] [DEBUG] ConsoleController::AreaInitialAction() start...
[2026-07-17 13:28:54] [DEBUG] Screen::updateAreaA() path: \Develop\Views\AreaA\Area_A.view start...
[2026-07-17 13:28:54] [DEBUG] Screen::areaView() sending JSON: ["areas"]
[2026-07-17 13:28:54] [DEBUG] Screen::getContents() start...
[2026-07-17 13:28:54] [DEBUG] Screen::getContents() finish.
[2026-07-17 13:28:54] [DEBUG] Screen::updateAreaA() finish.
[2026-07-17 13:28:54] [DEBUG] Screen::updateAreaB() path: \Develop\Views\AreaB\Area_B.view start...
[2026-07-17 13:28:54] [DEBUG] Screen::getContents() start...
[2026-07-17 13:28:54] [DEBUG] Screen::getContents() finish.
[2026-07-17 13:28:54] [DEBUG] Screen::updateAreaB() finish.
[2026-07-17 13:28:54] [DEBUG] Screen::updateAreaD() path: \Develop\Views\AreaD\Area_D_clear.view start...
[2026-07-17 13:28:54] [DEBUG] Screen::getContents() start...
[2026-07-17 13:28:54] [DEBUG] Screen::getContents() finish.
[2026-07-17 13:28:54] [DEBUG] Screen::updateAreaD() finish.
[2026-07-17 13:28:54] [DEBUG] Screen::updateAreaE() [iframe起動版] path: \Develop\Views\AreaE\Area_E_clear.view start...
[2026-07-17 13:28:54] [DEBUG] Screen::getContents() start...
[2026-07-17 13:28:54] [DEBUG] Screen::getContents() finish.
[2026-07-17 13:28:54] [DEBUG] Screen::updateAreaE() finish.
[2026-07-17 13:28:54] [DEBUG] Screen::updateAreaF() path: \Develop\Views\AreaF\Area_F.view start...
[2026-07-17 13:28:54] [DEBUG] Screen::getContents() start...
[2026-07-17 13:28:54] [DEBUG] Screen::getContents() finish.
[2026-07-17 13:28:54] [DEBUG] Screen::updateAreaF() finish.
[2026-07-17 13:28:54] [DEBUG] ProjectController::startProjectNabi() start...
[2026-07-17 13:28:54] [DEBUG] ProjectController::getProjectListHtml() start...
[2026-07-17 13:28:54] [DEBUG] ProjectModel::getProjectList() start...
[2026-07-17 13:28:54] [DEBUG] ProjectModel::getProjectList() finish.
[2026-07-17 13:28:54] [DEBUG] CodeMasterModel：：getCodesByGroup() start...
[2026-07-17 13:28:54] [DEBUG] CodeMasterModel：：getCodesByGroup() finish.
[2026-07-17 13:28:54] [DEBUG] ProjectController::getNaviFooterHtml() start...
[2026-07-17 13:28:54] [DEBUG] ProjectController::getNaviFooterHtml() finish.
[2026-07-17 13:28:54] [DEBUG] ProjectController::startProjectNabi() finish.
[2026-07-17 13:28:54] [DEBUG] Screen::updateAreaC() \Develop\Views\AreaC\Area_C.view start...
[2026-07-17 13:28:54] [DEBUG] Screen::getContents() start...
[2026-07-17 13:28:54] [DEBUG] Screen::getContents() finish.
[2026-07-17 13:28:54] [DEBUG] Screen::updateAreaC() finish.
[2026-07-17 13:28:54] [DEBUG] ConsoleController::AreaInitialAction() finish.
[2026-07-17 13:28:54] [DEBUG] Screen::areaView() start...
[2026-07-17 13:28:54] [DEBUG] Screen::areaView() finish.
[2026-07-17 13:28:56] [DEBUG] --- wwProject System Start ---
[2026-07-17 13:28:56] [DEBUG] Router::Router() /jemini/wwProjectV1.39/Develop/Console/ServerBridgeAction/
[2026-07-17 13:28:56] [DEBUG] Attempting to load: \Develop\Controllers\ConsoleController::ServerBridgeAction
[2026-07-17 13:28:56] [DEBUG] Router: Executing \Develop\Controllers\ConsoleController->ServerBridgeAction
[2026-07-17 13:28:56] [DEBUG] ConsoleController::ServerBridge() start...
[2026-07-17 13:28:56] [DEBUG] ConsoleController::ServerBridge() \Develop\Controllers\ProjectController::projectSelectAction()
[2026-07-17 13:28:56] [DEBUG] ProjectController::projectSelectAction() start...
[2026-07-17 13:28:56] [DEBUG] ProjectController::projectSelectAction() ☆★☆　SampleProject１
[2026-07-17 13:28:56] [DEBUG] Screen::updateAreaB() path: \Develop\Views\AreaB\Area_B.view start...
[2026-07-17 13:28:56] [DEBUG] Screen::getContents() start...
[2026-07-17 13:28:56] [DEBUG] Screen::getContents() finish.
[2026-07-17 13:28:56] [DEBUG] Screen::updateAreaB() finish.
[2026-07-17 13:28:56] [DEBUG] ProjectController::projectSelectAction() PRJ-D45FEF : PRJ-D45FEF
[2026-07-17 13:28:56] [DEBUG] ProjectController::getProjectListHtml() start...
[2026-07-17 13:28:56] [DEBUG] ProjectModel::getProjectList() start...
[2026-07-17 13:28:56] [DEBUG] ProjectModel::getProjectList() finish.
[2026-07-17 13:28:56] [DEBUG] CodeMasterModel：：getCodesByGroup() start...
[2026-07-17 13:28:56] [DEBUG] CodeMasterModel：：getCodesByGroup() finish.
[2026-07-17 13:28:56] [DEBUG] ProjectController::getNaviFooterHtml() start...
[2026-07-17 13:28:56] [DEBUG] ProjectController::getNaviFooterHtml() finish.
[2026-07-17 13:28:56] [DEBUG] Screen::updateAreaC() \Develop\Views\AreaC\Area_C.view start...
[2026-07-17 13:28:56] [DEBUG] Screen::getContents() start...
[2026-07-17 13:28:56] [DEBUG] Screen::getContents() finish.
[2026-07-17 13:28:56] [DEBUG] Screen::updateAreaC() finish.
[2026-07-17 13:28:56] [DEBUG] Screen::updateAreaD() path: \Develop\Views\AreaD\Area_D_clear.view start...
[2026-07-17 13:28:56] [DEBUG] Screen::getContents() start...
[2026-07-17 13:28:56] [DEBUG] Screen::getContents() finish.
[2026-07-17 13:28:56] [DEBUG] Screen::updateAreaD() finish.
[2026-07-17 13:28:56] [DEBUG] Screen::updateAreaE() [iframe起動版] path: \Develop\Views\AreaE\Area_E_clear.view start...
[2026-07-17 13:28:56] [DEBUG] Screen::getContents() start...
[2026-07-17 13:28:56] [DEBUG] Screen::getContents() finish.
[2026-07-17 13:28:56] [DEBUG] Screen::updateAreaE() finish.
[2026-07-17 13:28:56] [DEBUG] ProjectController::projectSelectAction() finish.
[2026-07-17 13:28:56] [DEBUG] Screen::areaView() start...
[2026-07-17 13:28:56] [DEBUG] Screen::areaView() finish.
[2026-07-17 13:28:57] [DEBUG] --- wwProject System Start ---
[2026-07-17 13:28:57] [DEBUG] Router::Router() /jemini/wwProjectV1.39/Develop/Console/ServerBridgeAction/
[2026-07-17 13:28:57] [DEBUG] Attempting to load: \Develop\Controllers\ConsoleController::ServerBridgeAction
[2026-07-17 13:28:57] [DEBUG] Router: Executing \Develop\Controllers\ConsoleController->ServerBridgeAction
[2026-07-17 13:28:57] [DEBUG] ConsoleController::ServerBridge() start...
[2026-07-17 13:28:57] [DEBUG] ConsoleController::ServerBridge() \Develop\Controllers\PartsDefinitionController::InitialAction()
[2026-07-17 13:28:57] [DEBUG] DBDefinitionController::initialAction() start...
[2026-07-17 13:28:57] [DEBUG] PartsDefinitionController::initialAction() projectId : PRJ-D45FEF
[2026-07-17 13:28:57] [DEBUG] PartsDefinitionModel::getAllPartsList() start... Project ID: PRJ-D45FEF
[2026-07-17 13:28:57] [DEBUG] Screen::updateAreaD() path: \Develop\Views\AreaD\PartsDefinition\PartsDefinitionList.view start...
[2026-07-17 13:28:57] [DEBUG] Screen::getContents() start...
[2026-07-17 13:28:57] [DEBUG] Screen::getContents() finish.
[2026-07-17 13:28:57] [DEBUG] Screen::updateAreaD() finish.
[2026-07-17 13:28:57] [DEBUG] Screen::updateAreaE() [iframe起動版] path: \Develop\Views\AreaE\Area_E_clear.view start...
[2026-07-17 13:28:57] [DEBUG] Screen::getContents() start...
[2026-07-17 13:28:57] [DEBUG] Screen::getContents() finish.
[2026-07-17 13:28:57] [DEBUG] Screen::updateAreaE() finish.
[2026-07-17 13:28:57] [DEBUG] DBDefinitionController::initialAction() end.
[2026-07-17 13:28:57] [DEBUG] Screen::areaView() start...
[2026-07-17 13:28:57] [DEBUG] Screen::areaView() finish.
[2026-07-17 13:29:00] [DEBUG] --- wwProject System Start ---
[2026-07-17 13:29:00] [DEBUG] Router::Router() /jemini/wwProjectV1.39/Develop/Console/ServerBridgeAction/
[2026-07-17 13:29:00] [DEBUG] Attempting to load: \Develop\Controllers\ConsoleController::ServerBridgeAction
[2026-07-17 13:29:00] [DEBUG] Router: Executing \Develop\Controllers\ConsoleController->ServerBridgeAction
[2026-07-17 13:29:00] [DEBUG] ConsoleController::ServerBridge() start...
[2026-07-17 13:29:00] [DEBUG] ConsoleController::ServerBridge() \Develop\Controllers\PartsDefinitionController::editPartsAction()
[2026-07-17 13:29:00] [DEBUG] PartsDefinitionController::editPartsAction() start...
[2026-07-17 13:29:00] [DEBUG] PartsDefinitionModel::getAllPartsList() start... Project ID: PRJ-D45FEF
[2026-07-17 13:29:00] [DEBUG] PartsDefinitionModel::getColumnsByTableId() start... Input: newDevelopers
[2026-07-17 13:29:00] [DEBUG] 逆引き成功: 物理名 newDevelopers -> table_id : 12
[2026-07-17 13:29:00] [DEBUG] PartsDefinitionModel::getColumnsByTableId() finish. 件数: 9
[2026-07-17 13:29:00] [DEBUG] PartsDefinitionModel::getTableStructure() start... Project ID: PRJ-D45FEF
[2026-07-17 13:29:00] [DEBUG] Screen::updateAreaE() [iframe起動版] path: \Develop\Views\AreaE\PartsDefinition\RegistParts.view start...
[2026-07-17 13:29:00] [DEBUG] Screen::getContents() start...
[2026-07-17 13:29:00] [DEBUG] Screen::getContents() finish.
[2026-07-17 13:29:00] [DEBUG] Screen::updateAreaE() finish.
[2026-07-17 13:29:00] [DEBUG] PartsDefinitionController::editPartsAction() end.
[2026-07-17 13:29:00] [DEBUG] Screen::areaView() start...
[2026-07-17 13:29:00] [DEBUG] Screen::areaView() finish.
[2026-07-17 13:29:02] [DEBUG] --- wwProject System Start ---
[2026-07-17 13:29:02] [DEBUG] Router::Router() /jemini/wwProjectV1.39/Develop/Console/ServerBridgeAction/
[2026-07-17 13:29:02] [DEBUG] Attempting to load: \Develop\Controllers\ConsoleController::ServerBridgeAction
[2026-07-17 13:29:02] [DEBUG] Router: Executing \Develop\Controllers\ConsoleController->ServerBridgeAction
[2026-07-17 13:29:02] [DEBUG] ConsoleController::ServerBridge() start...
[2026-07-17 13:29:02] [DEBUG] ConsoleController::ServerBridge() \Develop\Controllers\PartsDefinitionController::editPartsAction()
[2026-07-17 13:29:02] [DEBUG] PartsDefinitionController::editPartsAction() start...
[2026-07-17 13:29:02] [DEBUG] PartsDefinitionModel::getAllPartsList() start... Project ID: PRJ-D45FEF
[2026-07-17 13:29:02] [DEBUG] PartsDefinitionModel::getColumnsByTableId() start... Input: newDevelopers
[2026-07-17 13:29:02] [DEBUG] 逆引き成功: 物理名 newDevelopers -> table_id : 12
[2026-07-17 13:29:02] [DEBUG] PartsDefinitionModel::getColumnsByTableId() finish. 件数: 9
[2026-07-17 13:29:02] [DEBUG] PartsDefinitionModel::getTableStructure() start... Project ID: PRJ-D45FEF
[2026-07-17 13:29:02] [DEBUG] Screen::updateAreaE() [iframe起動版] path: \Develop\Views\AreaE\PartsDefinition\RegistParts.view start...
[2026-07-17 13:29:02] [DEBUG] Screen::getContents() start...
[2026-07-17 13:29:02] [DEBUG] Screen::getContents() finish.
[2026-07-17 13:29:02] [DEBUG] Screen::updateAreaE() finish.
[2026-07-17 13:29:02] [DEBUG] PartsDefinitionController::editPartsAction() end.
[2026-07-17 13:29:02] [DEBUG] Screen::areaView() start...
[2026-07-17 13:29:02] [DEBUG] Screen::areaView() finish.
