[2026-07-05 05:31:15] [DEBUG] --- wwProject System Start ---
[2026-07-05 05:31:15] [DEBUG] Router::Router() /jemini/wwProjectV1.34/develop/
[2026-07-05 05:31:15] [DEBUG] Attempting to load: \Develop\Controllers\LoginController::initialAction
[2026-07-05 05:31:15] [DEBUG] Router: Executing \Develop\Controllers\LoginController->initialAction
[2026-07-05 05:31:15] [DEBUG] Login::initialAction() start...
[2026-07-05 05:31:15] [DEBUG] Login::initialAction() errorMessage : 
[2026-07-05 05:31:15] [DEBUG] Screen::view() path: \Develop\Views\Login\Login.view start...
[2026-07-05 05:31:15] [DEBUG] Screen::getContents() start...
[2026-07-05 05:31:15] [DEBUG] Screen::getContents() finish.
[2026-07-05 05:31:15] [DEBUG] Screen::view() path: \Develop\Views\Login\Login.view finish.
[2026-07-05 05:31:15] [DEBUG] Login::initialAction() finish.
[2026-07-05 05:31:18] [DEBUG] --- wwProject System Start ---
[2026-07-05 05:31:18] [DEBUG] Router::Router() /jemini/wwProjectV1.34/Develop/Login/authentication/
[2026-07-05 05:31:18] [DEBUG] Attempting to load: \Develop\Controllers\LoginController::authenticationAction
[2026-07-05 05:31:18] [DEBUG] Router: Executing \Develop\Controllers\LoginController->authenticationAction
[2026-07-05 05:31:18] [DEBUG] Login::AuthenticationAction() start...
[2026-07-05 05:31:18] [DEBUG] Login OK - x
[2026-07-05 05:31:18] [DEBUG] Session::start()
[2026-07-05 05:31:18] [DEBUG] Redirect to Console::initialAction()
[2026-07-05 05:31:18] [DEBUG] --- wwProject System Start ---
[2026-07-05 05:31:18] [DEBUG] Router::Router() /jemini/wwProjectV1.34/Develop/Console/initial/
[2026-07-05 05:31:18] [DEBUG] Attempting to load: \Develop\Controllers\ConsoleController::initialAction
[2026-07-05 05:31:18] [DEBUG] Router: Executing \Develop\Controllers\ConsoleController->initialAction
[2026-07-05 05:31:18] [DEBUG] Console::initialAction() start...
[2026-07-05 05:31:18] [DEBUG] Screen::view() path: \Develop\Views\Console\Console.view start...
[2026-07-05 05:31:18] [DEBUG] Screen::getContents() start...
[2026-07-05 05:31:18] [DEBUG] Screen::getContents() finish.
[2026-07-05 05:31:18] [DEBUG] Screen::view() path: \Develop\Views\Console\Console.view finish.
[2026-07-05 05:31:18] [DEBUG] ConsoleController::initialAction() finish.
[2026-07-05 05:31:18] [DEBUG] --- wwProject System Start ---
[2026-07-05 05:31:18] [DEBUG] Router::Router() /jemini/wwProjectV1.34/Develop/Console/ServerBridgeAction/
[2026-07-05 05:31:18] [DEBUG] Attempting to load: \Develop\Controllers\ConsoleController::ServerBridgeAction
[2026-07-05 05:31:18] [DEBUG] Router: Executing \Develop\Controllers\ConsoleController->ServerBridgeAction
[2026-07-05 05:31:18] [DEBUG] ConsoleController::ServerBridge() start...
[2026-07-05 05:31:18] [DEBUG] ConsoleController::ServerBridge() \Develop\Controllers\ConsoleController::areaInitialAction()
[2026-07-05 05:31:18] [DEBUG] ConsoleController::AreaInitialAction() start...
[2026-07-05 05:31:18] [DEBUG] Screen::updateAreaA() path: \Develop\Views\AreaA\Area_A.view start...
[2026-07-05 05:31:18] [DEBUG] Screen::areaView() sending JSON: ["areas"]
[2026-07-05 05:31:18] [DEBUG] Screen::getContents() start...
[2026-07-05 05:31:18] [DEBUG] Screen::getContents() finish.
[2026-07-05 05:31:18] [DEBUG] Screen::updateAreaA() finish.
[2026-07-05 05:31:18] [DEBUG] Screen::updateAreaB() path: \Develop\Views\AreaB\Area_B.view start...
[2026-07-05 05:31:18] [DEBUG] Screen::getContents() start...
[2026-07-05 05:31:18] [DEBUG] Screen::getContents() finish.
[2026-07-05 05:31:18] [DEBUG] Screen::updateAreaB() finish.
[2026-07-05 05:31:18] [DEBUG] Screen::updateAreaD() path: \Develop\Views\AreaD\Area_D_clear.view start...
[2026-07-05 05:31:18] [DEBUG] Screen::getContents() start...
[2026-07-05 05:31:18] [DEBUG] Screen::getContents() finish.
[2026-07-05 05:31:18] [DEBUG] Screen::updateAreaD() finish.
[2026-07-05 05:31:18] [DEBUG] Screen::updateAreaE() [iframe起動版] path: \Develop\Views\AreaE\Area_E_clear.view start...
[2026-07-05 05:31:18] [DEBUG] Screen::getContents() start...
[2026-07-05 05:31:18] [DEBUG] Screen::getContents() finish.
[2026-07-05 05:31:18] [DEBUG] Screen::updateAreaE() finish.
[2026-07-05 05:31:18] [DEBUG] Screen::updateAreaF() path: \Develop\Views\AreaF\Area_F.view start...
[2026-07-05 05:31:18] [DEBUG] Screen::getContents() start...
[2026-07-05 05:31:18] [DEBUG] Screen::getContents() finish.
[2026-07-05 05:31:18] [DEBUG] Screen::updateAreaF() finish.
[2026-07-05 05:31:18] [DEBUG] ProjectController::startProjectNabi() start...
[2026-07-05 05:31:18] [DEBUG] ProjectController::getProjectListHtml() start...
[2026-07-05 05:31:18] [DEBUG] ProjectModel::getProjectList() start...
[2026-07-05 05:31:18] [DEBUG] ProjectModel::getProjectList() finish.
[2026-07-05 05:31:18] [DEBUG] CodeMasterModel：：getCodesByGroup() start...
[2026-07-05 05:31:18] [DEBUG] CodeMasterModel：：getCodesByGroup() finish.
[2026-07-05 05:31:18] [DEBUG] ProjectController::getNaviFooterHtml() start...
[2026-07-05 05:31:18] [DEBUG] ProjectController::getNaviFooterHtml() finish.
[2026-07-05 05:31:18] [DEBUG] ProjectController::startProjectNabi() finish.
[2026-07-05 05:31:18] [DEBUG] Screen::updateAreaC() \Develop\Views\AreaC\Area_C.view start...
[2026-07-05 05:31:18] [DEBUG] Screen::getContents() start...
[2026-07-05 05:31:18] [DEBUG] Screen::getContents() finish.
[2026-07-05 05:31:18] [DEBUG] Screen::updateAreaC() finish.
[2026-07-05 05:31:18] [DEBUG] ConsoleController::AreaInitialAction() finish.
[2026-07-05 05:31:18] [DEBUG] Screen::areaView() start...
[2026-07-05 05:31:18] [DEBUG] Screen::areaView() finish.
[2026-07-05 05:31:19] [DEBUG] --- wwProject System Start ---
[2026-07-05 05:31:19] [DEBUG] Router::Router() /jemini/wwProjectV1.34/Develop/Console/ServerBridgeAction/
[2026-07-05 05:31:19] [DEBUG] Attempting to load: \Develop\Controllers\ConsoleController::ServerBridgeAction
[2026-07-05 05:31:19] [DEBUG] Router: Executing \Develop\Controllers\ConsoleController->ServerBridgeAction
[2026-07-05 05:31:19] [DEBUG] ConsoleController::ServerBridge() start...
[2026-07-05 05:31:19] [DEBUG] ConsoleController::ServerBridge() \Develop\Controllers\ProjectController::projectSelectAction()
[2026-07-05 05:31:19] [DEBUG] ProjectController::projectSelectAction() start...
[2026-07-05 05:31:19] [DEBUG] ProjectController::projectSelectAction() ☆★☆　SampleProject１
[2026-07-05 05:31:19] [DEBUG] Screen::updateAreaB() path: \Develop\Views\AreaB\Area_B.view start...
[2026-07-05 05:31:19] [DEBUG] Screen::getContents() start...
[2026-07-05 05:31:19] [DEBUG] Screen::getContents() finish.
[2026-07-05 05:31:19] [DEBUG] Screen::updateAreaB() finish.
[2026-07-05 05:31:19] [DEBUG] ProjectController::projectSelectAction() PRJ-D45FEF : PRJ-D45FEF
[2026-07-05 05:31:19] [DEBUG] ProjectController::getProjectListHtml() start...
[2026-07-05 05:31:19] [DEBUG] ProjectModel::getProjectList() start...
[2026-07-05 05:31:19] [DEBUG] ProjectModel::getProjectList() finish.
[2026-07-05 05:31:19] [DEBUG] CodeMasterModel：：getCodesByGroup() start...
[2026-07-05 05:31:19] [DEBUG] CodeMasterModel：：getCodesByGroup() finish.
[2026-07-05 05:31:19] [DEBUG] ProjectController::getNaviFooterHtml() start...
[2026-07-05 05:31:19] [DEBUG] ProjectController::getNaviFooterHtml() finish.
[2026-07-05 05:31:19] [DEBUG] Screen::updateAreaC() \Develop\Views\AreaC\Area_C.view start...
[2026-07-05 05:31:19] [DEBUG] Screen::getContents() start...
[2026-07-05 05:31:19] [DEBUG] Screen::getContents() finish.
[2026-07-05 05:31:19] [DEBUG] Screen::updateAreaC() finish.
[2026-07-05 05:31:19] [DEBUG] Screen::updateAreaD() path: \Develop\Views\AreaD\Area_D_clear.view start...
[2026-07-05 05:31:19] [DEBUG] Screen::getContents() start...
[2026-07-05 05:31:19] [DEBUG] Screen::getContents() finish.
[2026-07-05 05:31:19] [DEBUG] Screen::updateAreaD() finish.
[2026-07-05 05:31:19] [DEBUG] Screen::updateAreaE() [iframe起動版] path: \Develop\Views\AreaE\Area_E_clear.view start...
[2026-07-05 05:31:19] [DEBUG] Screen::getContents() start...
[2026-07-05 05:31:19] [DEBUG] Screen::getContents() finish.
[2026-07-05 05:31:19] [DEBUG] Screen::updateAreaE() finish.
[2026-07-05 05:31:19] [DEBUG] ProjectController::projectSelectAction() finish.
[2026-07-05 05:31:19] [DEBUG] Screen::areaView() start...
[2026-07-05 05:31:19] [DEBUG] Screen::areaView() finish.
[2026-07-05 05:31:20] [DEBUG] --- wwProject System Start ---
[2026-07-05 05:31:20] [DEBUG] Router::Router() /jemini/wwProjectV1.34/Develop/Console/ServerBridgeAction/
[2026-07-05 05:31:20] [DEBUG] Attempting to load: \Develop\Controllers\ConsoleController::ServerBridgeAction
[2026-07-05 05:31:20] [DEBUG] Router: Executing \Develop\Controllers\ConsoleController->ServerBridgeAction
[2026-07-05 05:31:20] [DEBUG] ConsoleController::ServerBridge() start...
[2026-07-05 05:31:20] [DEBUG] ConsoleController::ServerBridge() \Develop\Controllers\PartsDefinitionController::InitialAction()
[2026-07-05 05:31:20] [DEBUG] DBDefinitionController::initialAction() start...
[2026-07-05 05:31:20] [DEBUG] PartsDefinitionController::initialAction() projectId : PRJ-D45FEF
[2026-07-05 05:31:20] [DEBUG] PartsDefinitionModel::getAllPartsList() start... Project ID: PRJ-D45FEF
[2026-07-05 05:31:20] [DEBUG] Screen::updateAreaD() path: \Develop\Views\AreaD\PartsDefinition\PartsDefinitionList.view start...
[2026-07-05 05:31:20] [DEBUG] Screen::getContents() start...
[2026-07-05 05:31:20] [DEBUG] Screen::getContents() finish.
[2026-07-05 05:31:20] [DEBUG] Screen::updateAreaD() finish.
[2026-07-05 05:31:20] [DEBUG] Screen::updateAreaE() [iframe起動版] path: \Develop\Views\AreaE\Area_E_clear.view start...
[2026-07-05 05:31:20] [DEBUG] Screen::getContents() start...
[2026-07-05 05:31:20] [DEBUG] Screen::getContents() finish.
[2026-07-05 05:31:20] [DEBUG] Screen::updateAreaE() finish.
[2026-07-05 05:31:20] [DEBUG] DBDefinitionController::initialAction() end.
[2026-07-05 05:31:20] [DEBUG] Screen::areaView() start...
[2026-07-05 05:31:20] [DEBUG] Screen::areaView() finish.
[2026-07-05 05:31:22] [DEBUG] --- wwProject System Start ---
[2026-07-05 05:31:22] [DEBUG] Router::Router() /jemini/wwProjectV1.34/Develop/Console/ServerBridgeAction/
[2026-07-05 05:31:22] [DEBUG] Attempting to load: \Develop\Controllers\ConsoleController::ServerBridgeAction
[2026-07-05 05:31:22] [DEBUG] Router: Executing \Develop\Controllers\ConsoleController->ServerBridgeAction
[2026-07-05 05:31:22] [DEBUG] ConsoleController::ServerBridge() start...
[2026-07-05 05:31:22] [DEBUG] ConsoleController::ServerBridge() \Develop\Controllers\PartsDefinitionController::editPartsAction()
[2026-07-05 05:31:22] [DEBUG] PartsDefinitionController::editPartsAction() start...
[2026-07-05 05:31:22] [DEBUG] PartsDefinitionModel::getAllPartsList() start... Project ID: PRJ-D45FEF
[2026-07-05 05:31:22] [DEBUG] PartsDefinitionModel::getTableStructure() start... Project ID: PRJ-D45FEF
[2026-07-05 05:31:22] [DEBUG] Screen::updateAreaE() [iframe起動版] path: \Develop\Views\AreaE\PartsDefinition\RegistParts.view start...
[2026-07-05 05:31:22] [DEBUG] Screen::getContents() start...
[2026-07-05 05:31:22] [DEBUG] Screen::getContents() finish.
[2026-07-05 05:31:22] [DEBUG] Screen::updateAreaE() finish.
[2026-07-05 05:31:22] [DEBUG] PartsDefinitionController::editPartsAction() end.
[2026-07-05 05:31:22] [DEBUG] Screen::areaView() start...
[2026-07-05 05:31:22] [DEBUG] Screen::areaView() finish.
[2026-07-05 05:31:58] [DEBUG] --- wwProject System Start ---
[2026-07-05 05:31:58] [DEBUG] Router::Router() /jemini/wwProjectV1.34/Develop/Console/ServerBridgeAction/
[2026-07-05 05:31:58] [DEBUG] Attempting to load: \Develop\Controllers\ConsoleController::ServerBridgeAction
[2026-07-05 05:31:58] [DEBUG] Router: Executing \Develop\Controllers\ConsoleController->ServerBridgeAction
[2026-07-05 05:31:58] [DEBUG] ConsoleController::ServerBridge() start...
[2026-07-05 05:31:58] [DEBUG] ConsoleController::ServerBridge() \Develop\Controllers\PartsDefinitionController::saveAction()
[2026-07-05 05:31:58] [DEBUG] PartsDefinitionController::saveAction() start...
[2026-07-05 05:31:58] [DEBUG] PartsDefinitionModel::saveParts() start... Project ID: PRJ-D45FEF, Parts ID: 9
[2026-07-05 05:31:58] [DEBUG] PartsDefinitionModel::saveParts() 保存するchecked_columns_jsonの値: []
[2026-07-05 05:31:58] [DEBUG] PartsDefinitionModel::saveParts() contents : 
[2026-07-05 05:31:58] [DEBUG] PartsDefinitionModel::saveParts() UPDATEを実行します。Parts ID: 9
[2026-07-05 05:31:58] [DEBUG] PartsDefinitionModel::getAllPartsList() start... Project ID: PRJ-D45FEF
[2026-07-05 05:31:58] [DEBUG] Screen::updateAreaD() path: \Develop\Views\AreaD\PartsDefinition\PartsDefinitionList.view start...
[2026-07-05 05:31:58] [DEBUG] Screen::getContents() start...
[2026-07-05 05:31:58] [DEBUG] Screen::getContents() finish.
[2026-07-05 05:31:58] [DEBUG] Screen::updateAreaD() finish.
[2026-07-05 05:31:58] [DEBUG] Screen::updateAreaE() [iframe起動版] path: \Develop\Views\AreaE\Area_E_clear.view start...
[2026-07-05 05:31:58] [DEBUG] Screen::getContents() start...
[2026-07-05 05:31:58] [DEBUG] Screen::getContents() finish.
[2026-07-05 05:31:58] [DEBUG] Screen::updateAreaE() finish.
[2026-07-05 05:31:58] [DEBUG] PartsDefinitionController::saveAction() end.
[2026-07-05 05:31:58] [DEBUG] Screen::areaView() start...
[2026-07-05 05:31:58] [DEBUG] Screen::areaView() finish.
[2026-07-05 05:36:41] [DEBUG] --- wwProject System Start ---
[2026-07-05 05:36:41] [DEBUG] Router::Router() /jemini/wwProjectV1.34/Develop/Console/ServerBridgeAction/
[2026-07-05 05:36:41] [DEBUG] Attempting to load: \Develop\Controllers\ConsoleController::ServerBridgeAction
[2026-07-05 05:36:41] [DEBUG] Router: Executing \Develop\Controllers\ConsoleController->ServerBridgeAction
[2026-07-05 05:36:41] [DEBUG] ConsoleController::ServerBridge() start...
[2026-07-05 05:36:41] [DEBUG] ConsoleController::ServerBridge() \Develop\Controllers\PartsDefinitionController::InitialAction()
[2026-07-05 05:36:41] [DEBUG] DBDefinitionController::initialAction() start...
[2026-07-05 05:36:41] [DEBUG] PartsDefinitionController::initialAction() projectId : PRJ-D45FEF
[2026-07-05 05:36:41] [DEBUG] PartsDefinitionModel::getAllPartsList() start... Project ID: PRJ-D45FEF
[2026-07-05 05:36:41] [DEBUG] Screen::updateAreaD() path: \Develop\Views\AreaD\PartsDefinition\PartsDefinitionList.view start...
[2026-07-05 05:36:41] [DEBUG] Screen::getContents() start...
[2026-07-05 05:36:41] [DEBUG] Screen::getContents() finish.
[2026-07-05 05:36:41] [DEBUG] Screen::updateAreaD() finish.
[2026-07-05 05:36:41] [DEBUG] Screen::updateAreaE() [iframe起動版] path: \Develop\Views\AreaE\Area_E_clear.view start...
[2026-07-05 05:36:41] [DEBUG] Screen::getContents() start...
[2026-07-05 05:36:41] [DEBUG] Screen::getContents() finish.
[2026-07-05 05:36:41] [DEBUG] Screen::updateAreaE() finish.
[2026-07-05 05:36:41] [DEBUG] DBDefinitionController::initialAction() end.
[2026-07-05 05:36:41] [DEBUG] Screen::areaView() start...
[2026-07-05 05:36:41] [DEBUG] Screen::areaView() finish.
[2026-07-05 05:36:43] [DEBUG] --- wwProject System Start ---
[2026-07-05 05:36:43] [DEBUG] Router::Router() /jemini/wwProjectV1.34/Develop/Console/ServerBridgeAction/
[2026-07-05 05:36:43] [DEBUG] Attempting to load: \Develop\Controllers\ConsoleController::ServerBridgeAction
[2026-07-05 05:36:43] [DEBUG] Router: Executing \Develop\Controllers\ConsoleController->ServerBridgeAction
[2026-07-05 05:36:43] [DEBUG] ConsoleController::ServerBridge() start...
[2026-07-05 05:36:43] [DEBUG] ConsoleController::ServerBridge() \Develop\Controllers\PartsDefinitionController::editPartsAction()
[2026-07-05 05:36:43] [DEBUG] PartsDefinitionController::editPartsAction() start...
[2026-07-05 05:36:43] [DEBUG] PartsDefinitionModel::getAllPartsList() start... Project ID: PRJ-D45FEF
[2026-07-05 05:36:43] [DEBUG] PartsDefinitionModel::getTableStructure() start... Project ID: PRJ-D45FEF
[2026-07-05 05:36:43] [DEBUG] Screen::updateAreaE() [iframe起動版] path: \Develop\Views\AreaE\PartsDefinition\RegistParts.view start...
[2026-07-05 05:36:43] [DEBUG] Screen::getContents() start...
[2026-07-05 05:36:43] [DEBUG] Screen::getContents() finish.
[2026-07-05 05:36:43] [DEBUG] Screen::updateAreaE() finish.
[2026-07-05 05:36:43] [DEBUG] PartsDefinitionController::editPartsAction() end.
[2026-07-05 05:36:43] [DEBUG] Screen::areaView() start...
[2026-07-05 05:36:43] [DEBUG] Screen::areaView() finish.
[2026-07-05 05:41:13] [DEBUG] --- wwProject System Start ---
[2026-07-05 05:41:13] [DEBUG] Router::Router() /jemini/wwProjectV1.34/Develop/Console/ServerBridgeAction/
[2026-07-05 05:41:13] [DEBUG] Attempting to load: \Develop\Controllers\ConsoleController::ServerBridgeAction
[2026-07-05 05:41:13] [DEBUG] Router: Executing \Develop\Controllers\ConsoleController->ServerBridgeAction
[2026-07-05 05:41:13] [DEBUG] ConsoleController::ServerBridge() start...
[2026-07-05 05:41:13] [DEBUG] ConsoleController::ServerBridge() \Develop\Controllers\ProjectDefinitionController::initialAction()
[2026-07-05 05:41:13] [DEBUG] ProjectDefinitionController::initialAction() start...
[2026-07-05 05:41:13] [DEBUG] ProjectModel::getProjectList() start...
[2026-07-05 05:41:13] [DEBUG] ProjectModel::getProjectList() finish.
[2026-07-05 05:41:13] [DEBUG] Screen::updateAreaD() path: \Develop\Views\AreaD\ProjectDefinition\ProjectDefinitionList.view start...
[2026-07-05 05:41:13] [DEBUG] Screen::getContents() start...
[2026-07-05 05:41:13] [DEBUG] Screen::getContents() finish.
[2026-07-05 05:41:13] [DEBUG] Screen::updateAreaD() finish.
[2026-07-05 05:41:13] [DEBUG] ProjectDefinitionController::initialAction() finish.
[2026-07-05 05:41:13] [DEBUG] Screen::areaView() start...
[2026-07-05 05:41:13] [DEBUG] Screen::areaView() finish.
[2026-07-05 05:41:15] [DEBUG] --- wwProject System Start ---
[2026-07-05 05:41:15] [DEBUG] Router::Router() /jemini/wwProjectV1.34/develop/
[2026-07-05 05:41:15] [DEBUG] Attempting to load: \Develop\Controllers\LoginController::initialAction
[2026-07-05 05:41:15] [DEBUG] Router: Executing \Develop\Controllers\LoginController->initialAction
[2026-07-05 05:41:15] [DEBUG] Login::initialAction() start...
[2026-07-05 05:41:15] [DEBUG] Login::initialAction() errorMessage : 
[2026-07-05 05:41:15] [DEBUG] Screen::view() path: \Develop\Views\Login\Login.view start...
[2026-07-05 05:41:15] [DEBUG] Screen::getContents() start...
[2026-07-05 05:41:15] [DEBUG] Screen::getContents() finish.
[2026-07-05 05:41:15] [DEBUG] Screen::view() path: \Develop\Views\Login\Login.view finish.
[2026-07-05 05:41:15] [DEBUG] Login::initialAction() finish.
[2026-07-05 05:41:18] [DEBUG] --- wwProject System Start ---
[2026-07-05 05:41:18] [DEBUG] Router::Router() /jemini/wwProjectV1.34/Develop/Login/authentication/
[2026-07-05 05:41:18] [DEBUG] Attempting to load: \Develop\Controllers\LoginController::authenticationAction
[2026-07-05 05:41:18] [DEBUG] Router: Executing \Develop\Controllers\LoginController->authenticationAction
[2026-07-05 05:41:18] [DEBUG] Login::AuthenticationAction() start...
[2026-07-05 05:41:18] [DEBUG] Login OK - x
[2026-07-05 05:41:18] [DEBUG] Session::start()
[2026-07-05 05:41:18] [DEBUG] Redirect to Console::initialAction()
[2026-07-05 05:41:18] [DEBUG] --- wwProject System Start ---
[2026-07-05 05:41:18] [DEBUG] Router::Router() /jemini/wwProjectV1.34/Develop/Console/initial/
[2026-07-05 05:41:18] [DEBUG] Attempting to load: \Develop\Controllers\ConsoleController::initialAction
[2026-07-05 05:41:18] [DEBUG] Router: Executing \Develop\Controllers\ConsoleController->initialAction
[2026-07-05 05:41:18] [DEBUG] Console::initialAction() start...
[2026-07-05 05:41:18] [DEBUG] Screen::view() path: \Develop\Views\Console\Console.view start...
[2026-07-05 05:41:18] [DEBUG] Screen::getContents() start...
[2026-07-05 05:41:18] [DEBUG] Screen::getContents() finish.
[2026-07-05 05:41:18] [DEBUG] Screen::view() path: \Develop\Views\Console\Console.view finish.
[2026-07-05 05:41:18] [DEBUG] ConsoleController::initialAction() finish.
[2026-07-05 05:41:18] [DEBUG] --- wwProject System Start ---
[2026-07-05 05:41:19] [DEBUG] Router::Router() /jemini/wwProjectV1.34/Develop/Console/ServerBridgeAction/
[2026-07-05 05:41:19] [DEBUG] Attempting to load: \Develop\Controllers\ConsoleController::ServerBridgeAction
[2026-07-05 05:41:19] [DEBUG] Router: Executing \Develop\Controllers\ConsoleController->ServerBridgeAction
[2026-07-05 05:41:19] [DEBUG] ConsoleController::ServerBridge() start...
[2026-07-05 05:41:19] [DEBUG] ConsoleController::ServerBridge() \Develop\Controllers\ConsoleController::areaInitialAction()
[2026-07-05 05:41:19] [DEBUG] ConsoleController::AreaInitialAction() start...
[2026-07-05 05:41:19] [DEBUG] Screen::updateAreaA() path: \Develop\Views\AreaA\Area_A.view start...
[2026-07-05 05:41:19] [DEBUG] Screen::areaView() sending JSON: ["areas"]
[2026-07-05 05:41:19] [DEBUG] Screen::getContents() start...
[2026-07-05 05:41:19] [DEBUG] Screen::getContents() finish.
[2026-07-05 05:41:19] [DEBUG] Screen::updateAreaA() finish.
[2026-07-05 05:41:19] [DEBUG] Screen::updateAreaB() path: \Develop\Views\AreaB\Area_B.view start...
[2026-07-05 05:41:19] [DEBUG] Screen::getContents() start...
[2026-07-05 05:41:19] [DEBUG] Screen::getContents() finish.
[2026-07-05 05:41:19] [DEBUG] Screen::updateAreaB() finish.
[2026-07-05 05:41:19] [DEBUG] Screen::updateAreaD() path: \Develop\Views\AreaD\Area_D_clear.view start...
[2026-07-05 05:41:19] [DEBUG] Screen::getContents() start...
[2026-07-05 05:41:19] [DEBUG] Screen::getContents() finish.
[2026-07-05 05:41:19] [DEBUG] Screen::updateAreaD() finish.
[2026-07-05 05:41:19] [DEBUG] Screen::updateAreaE() [iframe起動版] path: \Develop\Views\AreaE\Area_E_clear.view start...
[2026-07-05 05:41:19] [DEBUG] Screen::getContents() start...
[2026-07-05 05:41:19] [DEBUG] Screen::getContents() finish.
[2026-07-05 05:41:19] [DEBUG] Screen::updateAreaE() finish.
[2026-07-05 05:41:19] [DEBUG] Screen::updateAreaF() path: \Develop\Views\AreaF\Area_F.view start...
[2026-07-05 05:41:19] [DEBUG] Screen::getContents() start...
[2026-07-05 05:41:19] [DEBUG] Screen::getContents() finish.
[2026-07-05 05:41:19] [DEBUG] Screen::updateAreaF() finish.
[2026-07-05 05:41:19] [DEBUG] ProjectController::startProjectNabi() start...
[2026-07-05 05:41:19] [DEBUG] ProjectController::getProjectListHtml() start...
[2026-07-05 05:41:19] [DEBUG] ProjectModel::getProjectList() start...
[2026-07-05 05:41:19] [DEBUG] ProjectModel::getProjectList() finish.
[2026-07-05 05:41:19] [DEBUG] CodeMasterModel：：getCodesByGroup() start...
[2026-07-05 05:41:19] [DEBUG] CodeMasterModel：：getCodesByGroup() finish.
[2026-07-05 05:41:19] [DEBUG] ProjectController::getNaviFooterHtml() start...
[2026-07-05 05:41:19] [DEBUG] ProjectController::getNaviFooterHtml() finish.
[2026-07-05 05:41:19] [DEBUG] ProjectController::startProjectNabi() finish.
[2026-07-05 05:41:19] [DEBUG] Screen::updateAreaC() \Develop\Views\AreaC\Area_C.view start...
[2026-07-05 05:41:19] [DEBUG] Screen::getContents() start...
[2026-07-05 05:41:19] [DEBUG] Screen::getContents() finish.
[2026-07-05 05:41:19] [DEBUG] Screen::updateAreaC() finish.
[2026-07-05 05:41:19] [DEBUG] ConsoleController::AreaInitialAction() finish.
[2026-07-05 05:41:19] [DEBUG] Screen::areaView() start...
[2026-07-05 05:41:19] [DEBUG] Screen::areaView() finish.
[2026-07-05 05:41:20] [DEBUG] --- wwProject System Start ---
[2026-07-05 05:41:20] [DEBUG] Router::Router() /jemini/wwProjectV1.34/Develop/Console/ServerBridgeAction/
[2026-07-05 05:41:20] [DEBUG] Attempting to load: \Develop\Controllers\ConsoleController::ServerBridgeAction
[2026-07-05 05:41:20] [DEBUG] Router: Executing \Develop\Controllers\ConsoleController->ServerBridgeAction
[2026-07-05 05:41:20] [DEBUG] ConsoleController::ServerBridge() start...
[2026-07-05 05:41:20] [DEBUG] ConsoleController::ServerBridge() \Develop\Controllers\ProjectController::projectSelectAction()
[2026-07-05 05:41:20] [DEBUG] ProjectController::projectSelectAction() start...
[2026-07-05 05:41:20] [DEBUG] ProjectController::projectSelectAction() ☆★☆　SampleProject１
[2026-07-05 05:41:20] [DEBUG] Screen::updateAreaB() path: \Develop\Views\AreaB\Area_B.view start...
[2026-07-05 05:41:20] [DEBUG] Screen::getContents() start...
[2026-07-05 05:41:20] [DEBUG] Screen::getContents() finish.
[2026-07-05 05:41:20] [DEBUG] Screen::updateAreaB() finish.
[2026-07-05 05:41:20] [DEBUG] ProjectController::projectSelectAction() PRJ-D45FEF : PRJ-D45FEF
[2026-07-05 05:41:20] [DEBUG] ProjectController::getProjectListHtml() start...
[2026-07-05 05:41:20] [DEBUG] ProjectModel::getProjectList() start...
[2026-07-05 05:41:20] [DEBUG] ProjectModel::getProjectList() finish.
[2026-07-05 05:41:20] [DEBUG] CodeMasterModel：：getCodesByGroup() start...
[2026-07-05 05:41:20] [DEBUG] CodeMasterModel：：getCodesByGroup() finish.
[2026-07-05 05:41:20] [DEBUG] ProjectController::getNaviFooterHtml() start...
[2026-07-05 05:41:20] [DEBUG] ProjectController::getNaviFooterHtml() finish.
[2026-07-05 05:41:20] [DEBUG] Screen::updateAreaC() \Develop\Views\AreaC\Area_C.view start...
[2026-07-05 05:41:20] [DEBUG] Screen::getContents() start...
[2026-07-05 05:41:20] [DEBUG] Screen::getContents() finish.
[2026-07-05 05:41:20] [DEBUG] Screen::updateAreaC() finish.
[2026-07-05 05:41:20] [DEBUG] Screen::updateAreaD() path: \Develop\Views\AreaD\Area_D_clear.view start...
[2026-07-05 05:41:20] [DEBUG] Screen::getContents() start...
[2026-07-05 05:41:20] [DEBUG] Screen::getContents() finish.
[2026-07-05 05:41:20] [DEBUG] Screen::updateAreaD() finish.
[2026-07-05 05:41:20] [DEBUG] Screen::updateAreaE() [iframe起動版] path: \Develop\Views\AreaE\Area_E_clear.view start...
[2026-07-05 05:41:20] [DEBUG] Screen::getContents() start...
[2026-07-05 05:41:20] [DEBUG] Screen::getContents() finish.
[2026-07-05 05:41:20] [DEBUG] Screen::updateAreaE() finish.
[2026-07-05 05:41:20] [DEBUG] ProjectController::projectSelectAction() finish.
[2026-07-05 05:41:20] [DEBUG] Screen::areaView() start...
[2026-07-05 05:41:20] [DEBUG] Screen::areaView() finish.
[2026-07-05 05:41:21] [DEBUG] --- wwProject System Start ---
[2026-07-05 05:41:21] [DEBUG] Router::Router() /jemini/wwProjectV1.34/Develop/Console/ServerBridgeAction/
[2026-07-05 05:41:21] [DEBUG] Attempting to load: \Develop\Controllers\ConsoleController::ServerBridgeAction
[2026-07-05 05:41:21] [DEBUG] Router: Executing \Develop\Controllers\ConsoleController->ServerBridgeAction
[2026-07-05 05:41:21] [DEBUG] ConsoleController::ServerBridge() start...
[2026-07-05 05:41:21] [DEBUG] ConsoleController::ServerBridge() \Develop\Controllers\PartsDefinitionController::InitialAction()
[2026-07-05 05:41:21] [DEBUG] DBDefinitionController::initialAction() start...
[2026-07-05 05:41:21] [DEBUG] PartsDefinitionController::initialAction() projectId : PRJ-D45FEF
[2026-07-05 05:41:21] [DEBUG] PartsDefinitionModel::getAllPartsList() start... Project ID: PRJ-D45FEF
[2026-07-05 05:41:21] [DEBUG] Screen::updateAreaD() path: \Develop\Views\AreaD\PartsDefinition\PartsDefinitionList.view start...
[2026-07-05 05:41:21] [DEBUG] Screen::getContents() start...
[2026-07-05 05:41:21] [DEBUG] Screen::getContents() finish.
[2026-07-05 05:41:21] [DEBUG] Screen::updateAreaD() finish.
[2026-07-05 05:41:21] [DEBUG] Screen::updateAreaE() [iframe起動版] path: \Develop\Views\AreaE\Area_E_clear.view start...
[2026-07-05 05:41:21] [DEBUG] Screen::getContents() start...
[2026-07-05 05:41:21] [DEBUG] Screen::getContents() finish.
[2026-07-05 05:41:21] [DEBUG] Screen::updateAreaE() finish.
[2026-07-05 05:41:21] [DEBUG] DBDefinitionController::initialAction() end.
[2026-07-05 05:41:21] [DEBUG] Screen::areaView() start...
[2026-07-05 05:41:21] [DEBUG] Screen::areaView() finish.
[2026-07-05 05:41:22] [DEBUG] --- wwProject System Start ---
[2026-07-05 05:41:22] [DEBUG] Router::Router() /jemini/wwProjectV1.34/Develop/Console/ServerBridgeAction/
[2026-07-05 05:41:22] [DEBUG] Attempting to load: \Develop\Controllers\ConsoleController::ServerBridgeAction
[2026-07-05 05:41:22] [DEBUG] Router: Executing \Develop\Controllers\ConsoleController->ServerBridgeAction
[2026-07-05 05:41:22] [DEBUG] ConsoleController::ServerBridge() start...
[2026-07-05 05:41:22] [DEBUG] ConsoleController::ServerBridge() \Develop\Controllers\PartsDefinitionController::editPartsAction()
[2026-07-05 05:41:22] [DEBUG] PartsDefinitionController::editPartsAction() start...
[2026-07-05 05:41:22] [DEBUG] PartsDefinitionModel::getAllPartsList() start... Project ID: PRJ-D45FEF
[2026-07-05 05:41:22] [DEBUG] PartsDefinitionModel::getTableStructure() start... Project ID: PRJ-D45FEF
[2026-07-05 05:41:22] [DEBUG] Screen::updateAreaE() [iframe起動版] path: \Develop\Views\AreaE\PartsDefinition\RegistParts.view start...
[2026-07-05 05:41:22] [DEBUG] Screen::getContents() start...
[2026-07-05 05:41:22] [DEBUG] Screen::getContents() finish.
[2026-07-05 05:41:22] [DEBUG] Screen::updateAreaE() finish.
[2026-07-05 05:41:22] [DEBUG] PartsDefinitionController::editPartsAction() end.
[2026-07-05 05:41:22] [DEBUG] Screen::areaView() start...
[2026-07-05 05:41:22] [DEBUG] Screen::areaView() finish.
[2026-07-05 05:41:28] [DEBUG] --- wwProject System Start ---
[2026-07-05 05:41:28] [DEBUG] Router::Router() /jemini/wwProjectV1.34/Develop/Console/ServerBridgeAction/
[2026-07-05 05:41:28] [DEBUG] Attempting to load: \Develop\Controllers\ConsoleController::ServerBridgeAction
[2026-07-05 05:41:28] [DEBUG] Router: Executing \Develop\Controllers\ConsoleController->ServerBridgeAction
[2026-07-05 05:41:28] [DEBUG] ConsoleController::ServerBridge() start...
[2026-07-05 05:41:28] [DEBUG] ConsoleController::ServerBridge() \Develop\Controllers\PartsDefinitionController::saveAction()
[2026-07-05 05:41:28] [DEBUG] PartsDefinitionController::saveAction() start...
[2026-07-05 05:41:28] [DEBUG] PartsDefinitionModel::saveParts() start... Project ID: PRJ-D45FEF, Parts ID: 9
[2026-07-05 05:41:28] [DEBUG] PartsDefinitionModel::saveParts() 保存するchecked_columns_jsonの値: []
[2026-07-05 05:41:28] [DEBUG] PartsDefinitionModel::saveParts() contents : 
[2026-07-05 05:41:28] [DEBUG] PartsDefinitionModel::saveParts() UPDATEを実行します。Parts ID: 9
[2026-07-05 05:41:28] [DEBUG] PartsDefinitionModel::getAllPartsList() start... Project ID: PRJ-D45FEF
[2026-07-05 05:41:28] [DEBUG] Screen::updateAreaD() path: \Develop\Views\AreaD\PartsDefinition\PartsDefinitionList.view start...
[2026-07-05 05:41:28] [DEBUG] Screen::getContents() start...
[2026-07-05 05:41:28] [DEBUG] Screen::getContents() finish.
[2026-07-05 05:41:28] [DEBUG] Screen::updateAreaD() finish.
[2026-07-05 05:41:28] [DEBUG] Screen::updateAreaE() [iframe起動版] path: \Develop\Views\AreaE\Area_E_clear.view start...
[2026-07-05 05:41:28] [DEBUG] Screen::getContents() start...
[2026-07-05 05:41:28] [DEBUG] Screen::getContents() finish.
[2026-07-05 05:41:28] [DEBUG] Screen::updateAreaE() finish.
[2026-07-05 05:41:28] [DEBUG] PartsDefinitionController::saveAction() end.
[2026-07-05 05:41:28] [DEBUG] Screen::areaView() start...
[2026-07-05 05:41:28] [DEBUG] Screen::areaView() finish.
[2026-07-05 05:41:34] [DEBUG] --- wwProject System Start ---
[2026-07-05 05:41:34] [DEBUG] Router::Router() /jemini/wwProjectV1.34/Develop/Console/ServerBridgeAction/
[2026-07-05 05:41:34] [DEBUG] Attempting to load: \Develop\Controllers\ConsoleController::ServerBridgeAction
[2026-07-05 05:41:34] [DEBUG] Router: Executing \Develop\Controllers\ConsoleController->ServerBridgeAction
[2026-07-05 05:41:34] [DEBUG] ConsoleController::ServerBridge() start...
[2026-07-05 05:41:34] [DEBUG] ConsoleController::ServerBridge() \Develop\Controllers\PartsDefinitionController::editPartsAction()
[2026-07-05 05:41:34] [DEBUG] PartsDefinitionController::editPartsAction() start...
[2026-07-05 05:41:34] [DEBUG] PartsDefinitionModel::getAllPartsList() start... Project ID: PRJ-D45FEF
[2026-07-05 05:41:34] [DEBUG] PartsDefinitionModel::getTableStructure() start... Project ID: PRJ-D45FEF
[2026-07-05 05:41:34] [DEBUG] Screen::updateAreaE() [iframe起動版] path: \Develop\Views\AreaE\PartsDefinition\RegistParts.view start...
[2026-07-05 05:41:34] [DEBUG] Screen::getContents() start...
[2026-07-05 05:41:34] [DEBUG] Screen::getContents() finish.
[2026-07-05 05:41:34] [DEBUG] Screen::updateAreaE() finish.
[2026-07-05 05:41:34] [DEBUG] PartsDefinitionController::editPartsAction() end.
[2026-07-05 05:41:34] [DEBUG] Screen::areaView() start...
[2026-07-05 05:41:34] [DEBUG] Screen::areaView() finish.
[2026-07-05 05:41:49] [DEBUG] --- wwProject System Start ---
[2026-07-05 05:41:49] [DEBUG] Router::Router() /jemini/wwProjectV1.34/Develop/Console/ServerBridgeAction/
[2026-07-05 05:41:49] [DEBUG] Attempting to load: \Develop\Controllers\ConsoleController::ServerBridgeAction
[2026-07-05 05:41:49] [DEBUG] Router: Executing \Develop\Controllers\ConsoleController->ServerBridgeAction
[2026-07-05 05:41:49] [DEBUG] ConsoleController::ServerBridge() start...
[2026-07-05 05:41:49] [DEBUG] ConsoleController::ServerBridge() \Develop\Controllers\PartsDefinitionController::saveAction()
[2026-07-05 05:41:49] [DEBUG] PartsDefinitionController::saveAction() start...
[2026-07-05 05:41:49] [DEBUG] PartsDefinitionModel::saveParts() start... Project ID: PRJ-D45FEF, Parts ID: 9
[2026-07-05 05:41:49] [DEBUG] PartsDefinitionModel::saveParts() 保存するchecked_columns_jsonの値: []
[2026-07-05 05:41:49] [DEBUG] PartsDefinitionModel::saveParts() contents : 
[2026-07-05 05:41:49] [DEBUG] PartsDefinitionModel::saveParts() UPDATEを実行します。Parts ID: 9
[2026-07-05 05:41:49] [DEBUG] PartsDefinitionModel::getAllPartsList() start... Project ID: PRJ-D45FEF
[2026-07-05 05:41:49] [DEBUG] Screen::updateAreaD() path: \Develop\Views\AreaD\PartsDefinition\PartsDefinitionList.view start...
[2026-07-05 05:41:49] [DEBUG] Screen::getContents() start...
[2026-07-05 05:41:49] [DEBUG] Screen::getContents() finish.
[2026-07-05 05:41:49] [DEBUG] Screen::updateAreaD() finish.
[2026-07-05 05:41:49] [DEBUG] Screen::updateAreaE() [iframe起動版] path: \Develop\Views\AreaE\Area_E_clear.view start...
[2026-07-05 05:41:49] [DEBUG] Screen::getContents() start...
[2026-07-05 05:41:49] [DEBUG] Screen::getContents() finish.
[2026-07-05 05:41:49] [DEBUG] Screen::updateAreaE() finish.
[2026-07-05 05:41:49] [DEBUG] PartsDefinitionController::saveAction() end.
[2026-07-05 05:41:49] [DEBUG] Screen::areaView() start...
[2026-07-05 05:41:49] [DEBUG] Screen::areaView() finish.
[2026-07-05 05:48:25] [DEBUG] --- wwProject System Start ---
[2026-07-05 05:48:25] [DEBUG] Router::Router() /jemini/wwProjectV1.34/develop/
[2026-07-05 05:48:25] [DEBUG] Attempting to load: \Develop\Controllers\LoginController::initialAction
[2026-07-05 05:48:25] [DEBUG] Router: Executing \Develop\Controllers\LoginController->initialAction
[2026-07-05 05:48:25] [DEBUG] Login::initialAction() start...
[2026-07-05 05:48:25] [DEBUG] Login::initialAction() errorMessage : 
[2026-07-05 05:48:25] [DEBUG] Screen::view() path: \Develop\Views\Login\Login.view start...
[2026-07-05 05:48:25] [DEBUG] Screen::getContents() start...
[2026-07-05 05:48:25] [DEBUG] Screen::getContents() finish.
[2026-07-05 05:48:25] [DEBUG] Screen::view() path: \Develop\Views\Login\Login.view finish.
[2026-07-05 05:48:25] [DEBUG] Login::initialAction() finish.
[2026-07-05 05:48:27] [DEBUG] --- wwProject System Start ---
[2026-07-05 05:48:27] [DEBUG] Router::Router() /jemini/wwProjectV1.34/Develop/Login/authentication/
[2026-07-05 05:48:27] [DEBUG] Attempting to load: \Develop\Controllers\LoginController::authenticationAction
[2026-07-05 05:48:27] [DEBUG] Router: Executing \Develop\Controllers\LoginController->authenticationAction
[2026-07-05 05:48:27] [DEBUG] Login::AuthenticationAction() start...
[2026-07-05 05:48:27] [DEBUG] Login OK - x
[2026-07-05 05:48:27] [DEBUG] Session::start()
[2026-07-05 05:48:27] [DEBUG] Redirect to Console::initialAction()
[2026-07-05 05:48:27] [DEBUG] --- wwProject System Start ---
[2026-07-05 05:48:27] [DEBUG] Router::Router() /jemini/wwProjectV1.34/Develop/Console/initial/
[2026-07-05 05:48:27] [DEBUG] Attempting to load: \Develop\Controllers\ConsoleController::initialAction
[2026-07-05 05:48:27] [DEBUG] Router: Executing \Develop\Controllers\ConsoleController->initialAction
[2026-07-05 05:48:27] [DEBUG] Console::initialAction() start...
[2026-07-05 05:48:27] [DEBUG] Screen::view() path: \Develop\Views\Console\Console.view start...
[2026-07-05 05:48:27] [DEBUG] Screen::getContents() start...
[2026-07-05 05:48:27] [DEBUG] Screen::getContents() finish.
[2026-07-05 05:48:27] [DEBUG] Screen::view() path: \Develop\Views\Console\Console.view finish.
[2026-07-05 05:48:27] [DEBUG] ConsoleController::initialAction() finish.
[2026-07-05 05:48:27] [DEBUG] --- wwProject System Start ---
[2026-07-05 05:48:27] [DEBUG] Router::Router() /jemini/wwProjectV1.34/Develop/Console/ServerBridgeAction/
[2026-07-05 05:48:27] [DEBUG] Attempting to load: \Develop\Controllers\ConsoleController::ServerBridgeAction
[2026-07-05 05:48:27] [DEBUG] Router: Executing \Develop\Controllers\ConsoleController->ServerBridgeAction
[2026-07-05 05:48:27] [DEBUG] ConsoleController::ServerBridge() start...
[2026-07-05 05:48:27] [DEBUG] ConsoleController::ServerBridge() \Develop\Controllers\ConsoleController::areaInitialAction()
[2026-07-05 05:48:27] [DEBUG] ConsoleController::AreaInitialAction() start...
[2026-07-05 05:48:27] [DEBUG] Screen::updateAreaA() path: \Develop\Views\AreaA\Area_A.view start...
[2026-07-05 05:48:27] [DEBUG] Screen::areaView() sending JSON: ["areas"]
[2026-07-05 05:48:27] [DEBUG] Screen::getContents() start...
[2026-07-05 05:48:27] [DEBUG] Screen::getContents() finish.
[2026-07-05 05:48:27] [DEBUG] Screen::updateAreaA() finish.
[2026-07-05 05:48:27] [DEBUG] Screen::updateAreaB() path: \Develop\Views\AreaB\Area_B.view start...
[2026-07-05 05:48:27] [DEBUG] Screen::getContents() start...
[2026-07-05 05:48:27] [DEBUG] Screen::getContents() finish.
[2026-07-05 05:48:27] [DEBUG] Screen::updateAreaB() finish.
[2026-07-05 05:48:27] [DEBUG] Screen::updateAreaD() path: \Develop\Views\AreaD\Area_D_clear.view start...
[2026-07-05 05:48:27] [DEBUG] Screen::getContents() start...
[2026-07-05 05:48:27] [DEBUG] Screen::getContents() finish.
[2026-07-05 05:48:27] [DEBUG] Screen::updateAreaD() finish.
[2026-07-05 05:48:27] [DEBUG] Screen::updateAreaE() [iframe起動版] path: \Develop\Views\AreaE\Area_E_clear.view start...
[2026-07-05 05:48:27] [DEBUG] Screen::getContents() start...
[2026-07-05 05:48:27] [DEBUG] Screen::getContents() finish.
[2026-07-05 05:48:27] [DEBUG] Screen::updateAreaE() finish.
[2026-07-05 05:48:27] [DEBUG] Screen::updateAreaF() path: \Develop\Views\AreaF\Area_F.view start...
[2026-07-05 05:48:27] [DEBUG] Screen::getContents() start...
[2026-07-05 05:48:27] [DEBUG] Screen::getContents() finish.
[2026-07-05 05:48:27] [DEBUG] Screen::updateAreaF() finish.
[2026-07-05 05:48:27] [DEBUG] ProjectController::startProjectNabi() start...
[2026-07-05 05:48:27] [DEBUG] ProjectController::getProjectListHtml() start...
[2026-07-05 05:48:27] [DEBUG] ProjectModel::getProjectList() start...
[2026-07-05 05:48:27] [DEBUG] ProjectModel::getProjectList() finish.
[2026-07-05 05:48:27] [DEBUG] CodeMasterModel：：getCodesByGroup() start...
[2026-07-05 05:48:27] [DEBUG] CodeMasterModel：：getCodesByGroup() finish.
[2026-07-05 05:48:27] [DEBUG] ProjectController::getNaviFooterHtml() start...
[2026-07-05 05:48:27] [DEBUG] ProjectController::getNaviFooterHtml() finish.
[2026-07-05 05:48:27] [DEBUG] ProjectController::startProjectNabi() finish.
[2026-07-05 05:48:27] [DEBUG] Screen::updateAreaC() \Develop\Views\AreaC\Area_C.view start...
[2026-07-05 05:48:27] [DEBUG] Screen::getContents() start...
[2026-07-05 05:48:27] [DEBUG] Screen::getContents() finish.
[2026-07-05 05:48:27] [DEBUG] Screen::updateAreaC() finish.
[2026-07-05 05:48:27] [DEBUG] ConsoleController::AreaInitialAction() finish.
[2026-07-05 05:48:27] [DEBUG] Screen::areaView() start...
[2026-07-05 05:48:27] [DEBUG] Screen::areaView() finish.
[2026-07-05 05:48:29] [DEBUG] --- wwProject System Start ---
[2026-07-05 05:48:29] [DEBUG] Router::Router() /jemini/wwProjectV1.34/Develop/Console/ServerBridgeAction/
[2026-07-05 05:48:29] [DEBUG] Attempting to load: \Develop\Controllers\ConsoleController::ServerBridgeAction
[2026-07-05 05:48:29] [DEBUG] Router: Executing \Develop\Controllers\ConsoleController->ServerBridgeAction
[2026-07-05 05:48:29] [DEBUG] ConsoleController::ServerBridge() start...
[2026-07-05 05:48:29] [DEBUG] ConsoleController::ServerBridge() \Develop\Controllers\ProjectController::projectSelectAction()
[2026-07-05 05:48:29] [DEBUG] ProjectController::projectSelectAction() start...
[2026-07-05 05:48:29] [DEBUG] ProjectController::projectSelectAction() ☆★☆　SampleProject１
[2026-07-05 05:48:29] [DEBUG] Screen::updateAreaB() path: \Develop\Views\AreaB\Area_B.view start...
[2026-07-05 05:48:29] [DEBUG] Screen::getContents() start...
[2026-07-05 05:48:29] [DEBUG] Screen::getContents() finish.
[2026-07-05 05:48:29] [DEBUG] Screen::updateAreaB() finish.
[2026-07-05 05:48:29] [DEBUG] ProjectController::projectSelectAction() PRJ-D45FEF : PRJ-D45FEF
[2026-07-05 05:48:29] [DEBUG] ProjectController::getProjectListHtml() start...
[2026-07-05 05:48:29] [DEBUG] ProjectModel::getProjectList() start...
[2026-07-05 05:48:29] [DEBUG] ProjectModel::getProjectList() finish.
[2026-07-05 05:48:29] [DEBUG] CodeMasterModel：：getCodesByGroup() start...
[2026-07-05 05:48:29] [DEBUG] CodeMasterModel：：getCodesByGroup() finish.
[2026-07-05 05:48:29] [DEBUG] ProjectController::getNaviFooterHtml() start...
[2026-07-05 05:48:29] [DEBUG] ProjectController::getNaviFooterHtml() finish.
[2026-07-05 05:48:29] [DEBUG] Screen::updateAreaC() \Develop\Views\AreaC\Area_C.view start...
[2026-07-05 05:48:29] [DEBUG] Screen::getContents() start...
[2026-07-05 05:48:29] [DEBUG] Screen::getContents() finish.
[2026-07-05 05:48:29] [DEBUG] Screen::updateAreaC() finish.
[2026-07-05 05:48:29] [DEBUG] Screen::updateAreaD() path: \Develop\Views\AreaD\Area_D_clear.view start...
[2026-07-05 05:48:29] [DEBUG] Screen::getContents() start...
[2026-07-05 05:48:29] [DEBUG] Screen::getContents() finish.
[2026-07-05 05:48:29] [DEBUG] Screen::updateAreaD() finish.
[2026-07-05 05:48:29] [DEBUG] Screen::updateAreaE() [iframe起動版] path: \Develop\Views\AreaE\Area_E_clear.view start...
[2026-07-05 05:48:29] [DEBUG] Screen::getContents() start...
[2026-07-05 05:48:29] [DEBUG] Screen::getContents() finish.
[2026-07-05 05:48:29] [DEBUG] Screen::updateAreaE() finish.
[2026-07-05 05:48:29] [DEBUG] ProjectController::projectSelectAction() finish.
[2026-07-05 05:48:29] [DEBUG] Screen::areaView() start...
[2026-07-05 05:48:29] [DEBUG] Screen::areaView() finish.
[2026-07-05 05:48:31] [DEBUG] --- wwProject System Start ---
[2026-07-05 05:48:31] [DEBUG] Router::Router() /jemini/wwProjectV1.34/Develop/Console/ServerBridgeAction/
[2026-07-05 05:48:31] [DEBUG] Attempting to load: \Develop\Controllers\ConsoleController::ServerBridgeAction
[2026-07-05 05:48:31] [DEBUG] Router: Executing \Develop\Controllers\ConsoleController->ServerBridgeAction
[2026-07-05 05:48:31] [DEBUG] ConsoleController::ServerBridge() start...
[2026-07-05 05:48:31] [DEBUG] ConsoleController::ServerBridge() \Develop\Controllers\PartsDefinitionController::InitialAction()
[2026-07-05 05:48:31] [DEBUG] DBDefinitionController::initialAction() start...
[2026-07-05 05:48:31] [DEBUG] PartsDefinitionController::initialAction() projectId : PRJ-D45FEF
[2026-07-05 05:48:31] [DEBUG] PartsDefinitionModel::getAllPartsList() start... Project ID: PRJ-D45FEF
[2026-07-05 05:48:31] [DEBUG] Screen::updateAreaD() path: \Develop\Views\AreaD\PartsDefinition\PartsDefinitionList.view start...
[2026-07-05 05:48:31] [DEBUG] Screen::getContents() start...
[2026-07-05 05:48:31] [DEBUG] Screen::getContents() finish.
[2026-07-05 05:48:31] [DEBUG] Screen::updateAreaD() finish.
[2026-07-05 05:48:31] [DEBUG] Screen::updateAreaE() [iframe起動版] path: \Develop\Views\AreaE\Area_E_clear.view start...
[2026-07-05 05:48:31] [DEBUG] Screen::getContents() start...
[2026-07-05 05:48:31] [DEBUG] Screen::getContents() finish.
[2026-07-05 05:48:31] [DEBUG] Screen::updateAreaE() finish.
[2026-07-05 05:48:31] [DEBUG] DBDefinitionController::initialAction() end.
[2026-07-05 05:48:31] [DEBUG] Screen::areaView() start...
[2026-07-05 05:48:31] [DEBUG] Screen::areaView() finish.
[2026-07-05 05:48:32] [DEBUG] --- wwProject System Start ---
[2026-07-05 05:48:32] [DEBUG] Router::Router() /jemini/wwProjectV1.34/Develop/Console/ServerBridgeAction/
[2026-07-05 05:48:32] [DEBUG] Attempting to load: \Develop\Controllers\ConsoleController::ServerBridgeAction
[2026-07-05 05:48:32] [DEBUG] Router: Executing \Develop\Controllers\ConsoleController->ServerBridgeAction
[2026-07-05 05:48:32] [DEBUG] ConsoleController::ServerBridge() start...
[2026-07-05 05:48:32] [DEBUG] ConsoleController::ServerBridge() \Develop\Controllers\PartsDefinitionController::editPartsAction()
[2026-07-05 05:48:32] [DEBUG] PartsDefinitionController::editPartsAction() start...
[2026-07-05 05:48:32] [DEBUG] PartsDefinitionModel::getAllPartsList() start... Project ID: PRJ-D45FEF
[2026-07-05 05:48:32] [DEBUG] PartsDefinitionModel::getTableStructure() start... Project ID: PRJ-D45FEF
[2026-07-05 05:48:32] [DEBUG] Screen::updateAreaE() [iframe起動版] path: \Develop\Views\AreaE\PartsDefinition\RegistParts.view start...
[2026-07-05 05:48:32] [DEBUG] Screen::getContents() start...
[2026-07-05 05:48:32] [DEBUG] Screen::getContents() finish.
[2026-07-05 05:48:32] [DEBUG] Screen::updateAreaE() finish.
[2026-07-05 05:48:32] [DEBUG] PartsDefinitionController::editPartsAction() end.
[2026-07-05 05:48:32] [DEBUG] Screen::areaView() start...
[2026-07-05 05:48:32] [DEBUG] Screen::areaView() finish.
[2026-07-05 05:48:58] [DEBUG] --- wwProject System Start ---
[2026-07-05 05:48:58] [DEBUG] Router::Router() /jemini/wwProjectV1.34/Develop/Console/ServerBridgeAction/
[2026-07-05 05:48:58] [DEBUG] Attempting to load: \Develop\Controllers\ConsoleController::ServerBridgeAction
[2026-07-05 05:48:58] [DEBUG] Router: Executing \Develop\Controllers\ConsoleController->ServerBridgeAction
[2026-07-05 05:48:58] [DEBUG] ConsoleController::ServerBridge() start...
[2026-07-05 05:48:58] [DEBUG] ConsoleController::ServerBridge() \Develop\Controllers\PartsDefinitionController::saveAction()
[2026-07-05 05:48:58] [DEBUG] PartsDefinitionController::saveAction() start...
[2026-07-05 05:48:58] [DEBUG] PartsDefinitionModel::saveParts() start... Project ID: PRJ-D45FEF, Parts ID: 9
[2026-07-05 05:48:58] [DEBUG] PartsDefinitionModel::saveParts() 保存するchecked_columns_jsonの値: []
[2026-07-05 05:48:58] [DEBUG] PartsDefinitionModel::saveParts() contents : 
[2026-07-05 05:48:58] [DEBUG] PartsDefinitionModel::saveParts() UPDATEを実行します。Parts ID: 9
[2026-07-05 05:48:58] [DEBUG] PartsDefinitionModel::getAllPartsList() start... Project ID: PRJ-D45FEF
[2026-07-05 05:48:58] [DEBUG] Screen::updateAreaD() path: \Develop\Views\AreaD\PartsDefinition\PartsDefinitionList.view start...
[2026-07-05 05:48:58] [DEBUG] Screen::getContents() start...
[2026-07-05 05:48:58] [DEBUG] Screen::getContents() finish.
[2026-07-05 05:48:58] [DEBUG] Screen::updateAreaD() finish.
[2026-07-05 05:48:58] [DEBUG] Screen::updateAreaE() [iframe起動版] path: \Develop\Views\AreaE\Area_E_clear.view start...
[2026-07-05 05:48:58] [DEBUG] Screen::getContents() start...
[2026-07-05 05:48:58] [DEBUG] Screen::getContents() finish.
[2026-07-05 05:48:58] [DEBUG] Screen::updateAreaE() finish.
[2026-07-05 05:48:58] [DEBUG] PartsDefinitionController::saveAction() end.
[2026-07-05 05:48:58] [DEBUG] Screen::areaView() start...
[2026-07-05 05:48:58] [DEBUG] Screen::areaView() finish.
[2026-07-05 05:49:04] [DEBUG] --- wwProject System Start ---
[2026-07-05 05:49:04] [DEBUG] Router::Router() /jemini/wwProjectV1.34/Develop/Console/ServerBridgeAction/
[2026-07-05 05:49:04] [DEBUG] Attempting to load: \Develop\Controllers\ConsoleController::ServerBridgeAction
[2026-07-05 05:49:04] [DEBUG] Router: Executing \Develop\Controllers\ConsoleController->ServerBridgeAction
[2026-07-05 05:49:04] [DEBUG] ConsoleController::ServerBridge() start...
[2026-07-05 05:49:04] [DEBUG] ConsoleController::ServerBridge() \Develop\Controllers\PartsDefinitionController::editPartsAction()
[2026-07-05 05:49:04] [DEBUG] PartsDefinitionController::editPartsAction() start...
[2026-07-05 05:49:04] [DEBUG] PartsDefinitionModel::getAllPartsList() start... Project ID: PRJ-D45FEF
[2026-07-05 05:49:04] [DEBUG] PartsDefinitionModel::getTableStructure() start... Project ID: PRJ-D45FEF
[2026-07-05 05:49:04] [DEBUG] Screen::updateAreaE() [iframe起動版] path: \Develop\Views\AreaE\PartsDefinition\RegistParts.view start...
[2026-07-05 05:49:04] [DEBUG] Screen::getContents() start...
[2026-07-05 05:49:04] [DEBUG] Screen::getContents() finish.
[2026-07-05 05:49:04] [DEBUG] Screen::updateAreaE() finish.
[2026-07-05 05:49:04] [DEBUG] PartsDefinitionController::editPartsAction() end.
[2026-07-05 05:49:04] [DEBUG] Screen::areaView() start...
[2026-07-05 05:49:04] [DEBUG] Screen::areaView() finish.
[2026-07-05 05:49:11] [DEBUG] --- wwProject System Start ---
[2026-07-05 05:49:11] [DEBUG] Router::Router() /jemini/wwProjectV1.34/Develop/Console/ServerBridgeAction/
[2026-07-05 05:49:11] [DEBUG] Attempting to load: \Develop\Controllers\ConsoleController::ServerBridgeAction
[2026-07-05 05:49:11] [DEBUG] Router: Executing \Develop\Controllers\ConsoleController->ServerBridgeAction
[2026-07-05 05:49:11] [DEBUG] ConsoleController::ServerBridge() start...
[2026-07-05 05:49:11] [DEBUG] ConsoleController::ServerBridge() \Develop\Controllers\PartsDefinitionController::saveAction()
[2026-07-05 05:49:11] [DEBUG] PartsDefinitionController::saveAction() start...
[2026-07-05 05:49:11] [DEBUG] PartsDefinitionModel::saveParts() start... Project ID: PRJ-D45FEF, Parts ID: 9
[2026-07-05 05:49:11] [DEBUG] PartsDefinitionModel::saveParts() 保存するchecked_columns_jsonの値: []
[2026-07-05 05:49:11] [DEBUG] PartsDefinitionModel::saveParts() contents : 
[2026-07-05 05:49:11] [DEBUG] PartsDefinitionModel::saveParts() UPDATEを実行します。Parts ID: 9
[2026-07-05 05:49:11] [DEBUG] PartsDefinitionModel::getAllPartsList() start... Project ID: PRJ-D45FEF
[2026-07-05 05:49:11] [DEBUG] Screen::updateAreaD() path: \Develop\Views\AreaD\PartsDefinition\PartsDefinitionList.view start...
[2026-07-05 05:49:11] [DEBUG] Screen::getContents() start...
[2026-07-05 05:49:11] [DEBUG] Screen::getContents() finish.
[2026-07-05 05:49:11] [DEBUG] Screen::updateAreaD() finish.
[2026-07-05 05:49:11] [DEBUG] Screen::updateAreaE() [iframe起動版] path: \Develop\Views\AreaE\Area_E_clear.view start...
[2026-07-05 05:49:11] [DEBUG] Screen::getContents() start...
[2026-07-05 05:49:11] [DEBUG] Screen::getContents() finish.
[2026-07-05 05:49:11] [DEBUG] Screen::updateAreaE() finish.
[2026-07-05 05:49:11] [DEBUG] PartsDefinitionController::saveAction() end.
[2026-07-05 05:49:11] [DEBUG] Screen::areaView() start...
[2026-07-05 05:49:11] [DEBUG] Screen::areaView() finish.
[2026-07-05 05:53:51] [DEBUG] --- wwProject System Start ---
[2026-07-05 05:53:51] [DEBUG] Router::Router() /jemini/wwProjectV1.34/Develop/Console/ServerBridgeAction/
[2026-07-05 05:53:51] [DEBUG] Attempting to load: \Develop\Controllers\ConsoleController::ServerBridgeAction
[2026-07-05 05:53:51] [DEBUG] Router: Executing \Develop\Controllers\ConsoleController->ServerBridgeAction
[2026-07-05 05:53:51] [DEBUG] ConsoleController::ServerBridge() start...
[2026-07-05 05:53:51] [DEBUG] ConsoleController::ServerBridge() \Develop\Controllers\PartsDefinitionController::editPartsAction()
[2026-07-05 05:53:51] [DEBUG] PartsDefinitionController::editPartsAction() start...
[2026-07-05 05:53:51] [DEBUG] PartsDefinitionModel::getAllPartsList() start... Project ID: PRJ-D45FEF
[2026-07-05 05:53:51] [DEBUG] PartsDefinitionModel::getColumnsByTableId() start... Input: developers
[2026-07-05 05:53:51] [DEBUG] 逆引き成功: 物理名 developers -> table_id : 6
[2026-07-05 05:53:51] [DEBUG] PartsDefinitionModel::getColumnsByTableId() finish. 件数: 9
[2026-07-05 05:53:51] [DEBUG] PartsDefinitionModel::getTableStructure() start... Project ID: PRJ-D45FEF
[2026-07-05 05:53:51] [DEBUG] Screen::updateAreaE() [iframe起動版] path: \Develop\Views\AreaE\PartsDefinition\RegistParts.view start...
[2026-07-05 05:53:51] [DEBUG] Screen::getContents() start...
[2026-07-05 05:53:51] [DEBUG] Screen::getContents() finish.
[2026-07-05 05:53:51] [DEBUG] Screen::updateAreaE() finish.
[2026-07-05 05:53:51] [DEBUG] PartsDefinitionController::editPartsAction() end.
[2026-07-05 05:53:51] [DEBUG] Screen::areaView() start...
[2026-07-05 05:53:51] [DEBUG] Screen::areaView() finish.
[2026-07-05 05:53:55] [DEBUG] --- wwProject System Start ---
[2026-07-05 05:53:55] [DEBUG] Router::Router() /jemini/wwProjectV1.34/Develop/Console/ServerBridgeAction/
[2026-07-05 05:53:55] [DEBUG] Attempting to load: \Develop\Controllers\ConsoleController::ServerBridgeAction
[2026-07-05 05:53:55] [DEBUG] Router: Executing \Develop\Controllers\ConsoleController->ServerBridgeAction
[2026-07-05 05:53:55] [DEBUG] ConsoleController::ServerBridge() start...
[2026-07-05 05:53:55] [DEBUG] ConsoleController::ServerBridge() \Develop\Controllers\PartsDefinitionController::editPartsAction()
[2026-07-05 05:53:55] [DEBUG] PartsDefinitionController::editPartsAction() start...
[2026-07-05 05:53:55] [DEBUG] PartsDefinitionModel::getAllPartsList() start... Project ID: PRJ-D45FEF
[2026-07-05 05:53:55] [DEBUG] PartsDefinitionModel::getColumnsByTableId() start... Input: developers
[2026-07-05 05:53:55] [DEBUG] 逆引き成功: 物理名 developers -> table_id : 6
[2026-07-05 05:53:55] [DEBUG] PartsDefinitionModel::getColumnsByTableId() finish. 件数: 9
[2026-07-05 05:53:55] [DEBUG] PartsDefinitionModel::getTableStructure() start... Project ID: PRJ-D45FEF
[2026-07-05 05:53:55] [DEBUG] Screen::updateAreaE() [iframe起動版] path: \Develop\Views\AreaE\PartsDefinition\RegistParts.view start...
[2026-07-05 05:53:55] [DEBUG] Screen::getContents() start...
[2026-07-05 05:53:55] [DEBUG] Screen::getContents() finish.
[2026-07-05 05:53:55] [DEBUG] Screen::updateAreaE() finish.
[2026-07-05 05:53:55] [DEBUG] PartsDefinitionController::editPartsAction() end.
[2026-07-05 05:53:55] [DEBUG] Screen::areaView() start...
[2026-07-05 05:53:55] [DEBUG] Screen::areaView() finish.
[2026-07-05 05:53:57] [DEBUG] --- wwProject System Start ---
[2026-07-05 05:53:58] [DEBUG] Router::Router() /jemini/wwProjectV1.34/Develop/Console/ServerBridgeAction/
[2026-07-05 05:53:58] [DEBUG] Attempting to load: \Develop\Controllers\ConsoleController::ServerBridgeAction
[2026-07-05 05:53:58] [DEBUG] Router: Executing \Develop\Controllers\ConsoleController->ServerBridgeAction
[2026-07-05 05:53:58] [DEBUG] ConsoleController::ServerBridge() start...
[2026-07-05 05:53:58] [DEBUG] ConsoleController::ServerBridge() \Develop\Controllers\PartsDefinitionController::InitialAction()
[2026-07-05 05:53:58] [DEBUG] DBDefinitionController::initialAction() start...
[2026-07-05 05:53:58] [DEBUG] PartsDefinitionController::initialAction() projectId : PRJ-D45FEF
[2026-07-05 05:53:58] [DEBUG] PartsDefinitionModel::getAllPartsList() start... Project ID: PRJ-D45FEF
[2026-07-05 05:53:58] [DEBUG] Screen::updateAreaD() path: \Develop\Views\AreaD\PartsDefinition\PartsDefinitionList.view start...
[2026-07-05 05:53:58] [DEBUG] Screen::getContents() start...
[2026-07-05 05:53:58] [DEBUG] Screen::getContents() finish.
[2026-07-05 05:53:58] [DEBUG] Screen::updateAreaD() finish.
[2026-07-05 05:53:58] [DEBUG] Screen::updateAreaE() [iframe起動版] path: \Develop\Views\AreaE\Area_E_clear.view start...
[2026-07-05 05:53:58] [DEBUG] Screen::getContents() start...
[2026-07-05 05:53:58] [DEBUG] Screen::getContents() finish.
[2026-07-05 05:53:58] [DEBUG] Screen::updateAreaE() finish.
[2026-07-05 05:53:58] [DEBUG] DBDefinitionController::initialAction() end.
[2026-07-05 05:53:58] [DEBUG] Screen::areaView() start...
[2026-07-05 05:53:58] [DEBUG] Screen::areaView() finish.
[2026-07-05 05:54:00] [DEBUG] --- wwProject System Start ---
[2026-07-05 05:54:00] [DEBUG] Router::Router() /jemini/wwProjectV1.34/Develop/Console/ServerBridgeAction/
[2026-07-05 05:54:00] [DEBUG] Attempting to load: \Develop\Controllers\ConsoleController::ServerBridgeAction
[2026-07-05 05:54:00] [DEBUG] Router: Executing \Develop\Controllers\ConsoleController->ServerBridgeAction
[2026-07-05 05:54:00] [DEBUG] ConsoleController::ServerBridge() start...
[2026-07-05 05:54:00] [DEBUG] ConsoleController::ServerBridge() \Develop\Controllers\PartsDefinitionController::editPartsAction()
[2026-07-05 05:54:00] [DEBUG] PartsDefinitionController::editPartsAction() start...
[2026-07-05 05:54:00] [DEBUG] PartsDefinitionModel::getAllPartsList() start... Project ID: PRJ-D45FEF
[2026-07-05 05:54:00] [DEBUG] PartsDefinitionModel::getColumnsByTableId() start... Input: developers
[2026-07-05 05:54:00] [DEBUG] 逆引き成功: 物理名 developers -> table_id : 6
[2026-07-05 05:54:00] [DEBUG] PartsDefinitionModel::getColumnsByTableId() finish. 件数: 9
[2026-07-05 05:54:00] [DEBUG] PartsDefinitionModel::getTableStructure() start... Project ID: PRJ-D45FEF
[2026-07-05 05:54:00] [DEBUG] Screen::updateAreaE() [iframe起動版] path: \Develop\Views\AreaE\PartsDefinition\RegistParts.view start...
[2026-07-05 05:54:00] [DEBUG] Screen::getContents() start...
[2026-07-05 05:54:00] [DEBUG] Screen::getContents() finish.
[2026-07-05 05:54:00] [DEBUG] Screen::updateAreaE() finish.
[2026-07-05 05:54:00] [DEBUG] PartsDefinitionController::editPartsAction() end.
[2026-07-05 05:54:00] [DEBUG] Screen::areaView() start...
[2026-07-05 05:54:00] [DEBUG] Screen::areaView() finish.
[2026-07-05 05:54:00] [DEBUG] --- wwProject System Start ---
[2026-07-05 05:54:00] [DEBUG] Router::Router() /jemini/wwProjectV1.34/Develop/Console/ServerBridgeAction/
[2026-07-05 05:54:00] [DEBUG] Attempting to load: \Develop\Controllers\ConsoleController::ServerBridgeAction
[2026-07-05 05:54:00] [DEBUG] Router: Executing \Develop\Controllers\ConsoleController->ServerBridgeAction
[2026-07-05 05:54:00] [DEBUG] ConsoleController::ServerBridge() start...
[2026-07-05 05:54:00] [DEBUG] ConsoleController::ServerBridge() \Develop\Controllers\PartsDefinitionController::editPartsAction()
[2026-07-05 05:54:00] [DEBUG] PartsDefinitionController::editPartsAction() start...
[2026-07-05 05:54:00] [DEBUG] PartsDefinitionModel::getAllPartsList() start... Project ID: PRJ-D45FEF
[2026-07-05 05:54:00] [DEBUG] PartsDefinitionModel::getColumnsByTableId() start... Input: developers
[2026-07-05 05:54:00] [DEBUG] 逆引き成功: 物理名 developers -> table_id : 6
[2026-07-05 05:54:00] [DEBUG] PartsDefinitionModel::getColumnsByTableId() finish. 件数: 9
[2026-07-05 05:54:00] [DEBUG] PartsDefinitionModel::getTableStructure() start... Project ID: PRJ-D45FEF
[2026-07-05 05:54:00] [DEBUG] Screen::updateAreaE() [iframe起動版] path: \Develop\Views\AreaE\PartsDefinition\RegistParts.view start...
[2026-07-05 05:54:00] [DEBUG] Screen::getContents() start...
[2026-07-05 05:54:00] [DEBUG] Screen::getContents() finish.
[2026-07-05 05:54:00] [DEBUG] Screen::updateAreaE() finish.
[2026-07-05 05:54:00] [DEBUG] PartsDefinitionController::editPartsAction() end.
[2026-07-05 05:54:00] [DEBUG] Screen::areaView() start...
[2026-07-05 05:54:00] [DEBUG] Screen::areaView() finish.
[2026-07-05 05:54:01] [DEBUG] --- wwProject System Start ---
[2026-07-05 05:54:01] [DEBUG] Router::Router() /jemini/wwProjectV1.34/Develop/Console/ServerBridgeAction/
[2026-07-05 05:54:01] [DEBUG] Attempting to load: \Develop\Controllers\ConsoleController::ServerBridgeAction
[2026-07-05 05:54:01] [DEBUG] Router: Executing \Develop\Controllers\ConsoleController->ServerBridgeAction
[2026-07-05 05:54:01] [DEBUG] ConsoleController::ServerBridge() start...
[2026-07-05 05:54:01] [DEBUG] ConsoleController::ServerBridge() \Develop\Controllers\PartsDefinitionController::editPartsAction()
[2026-07-05 05:54:01] [DEBUG] PartsDefinitionController::editPartsAction() start...
[2026-07-05 05:54:01] [DEBUG] PartsDefinitionModel::getAllPartsList() start... Project ID: PRJ-D45FEF
[2026-07-05 05:54:01] [DEBUG] PartsDefinitionModel::getColumnsByTableId() start... Input: developers
[2026-07-05 05:54:01] [DEBUG] 逆引き成功: 物理名 developers -> table_id : 6
[2026-07-05 05:54:01] [DEBUG] PartsDefinitionModel::getColumnsByTableId() finish. 件数: 9
[2026-07-05 05:54:01] [DEBUG] PartsDefinitionModel::getTableStructure() start... Project ID: PRJ-D45FEF
[2026-07-05 05:54:01] [DEBUG] Screen::updateAreaE() [iframe起動版] path: \Develop\Views\AreaE\PartsDefinition\RegistParts.view start...
[2026-07-05 05:54:01] [DEBUG] Screen::getContents() start...
[2026-07-05 05:54:01] [DEBUG] Screen::getContents() finish.
[2026-07-05 05:54:01] [DEBUG] Screen::updateAreaE() finish.
[2026-07-05 05:54:01] [DEBUG] PartsDefinitionController::editPartsAction() end.
[2026-07-05 05:54:01] [DEBUG] Screen::areaView() start...
[2026-07-05 05:54:01] [DEBUG] Screen::areaView() finish.
[2026-07-05 05:54:02] [DEBUG] --- wwProject System Start ---
[2026-07-05 05:54:02] [DEBUG] Router::Router() /jemini/wwProjectV1.34/Develop/Console/ServerBridgeAction/
[2026-07-05 05:54:02] [DEBUG] Attempting to load: \Develop\Controllers\ConsoleController::ServerBridgeAction
[2026-07-05 05:54:02] [DEBUG] Router: Executing \Develop\Controllers\ConsoleController->ServerBridgeAction
[2026-07-05 05:54:02] [DEBUG] ConsoleController::ServerBridge() start...
[2026-07-05 05:54:02] [DEBUG] ConsoleController::ServerBridge() \Develop\Controllers\PartsDefinitionController::editPartsAction()
[2026-07-05 05:54:02] [DEBUG] PartsDefinitionController::editPartsAction() start...
[2026-07-05 05:54:02] [DEBUG] PartsDefinitionModel::getAllPartsList() start... Project ID: PRJ-D45FEF
[2026-07-05 05:54:02] [DEBUG] PartsDefinitionModel::getColumnsByTableId() start... Input: developers
[2026-07-05 05:54:02] [DEBUG] 逆引き成功: 物理名 developers -> table_id : 6
[2026-07-05 05:54:02] [DEBUG] PartsDefinitionModel::getColumnsByTableId() finish. 件数: 9
[2026-07-05 05:54:02] [DEBUG] PartsDefinitionModel::getTableStructure() start... Project ID: PRJ-D45FEF
[2026-07-05 05:54:02] [DEBUG] Screen::updateAreaE() [iframe起動版] path: \Develop\Views\AreaE\PartsDefinition\RegistParts.view start...
[2026-07-05 05:54:02] [DEBUG] Screen::getContents() start...
[2026-07-05 05:54:02] [DEBUG] Screen::getContents() finish.
[2026-07-05 05:54:02] [DEBUG] Screen::updateAreaE() finish.
[2026-07-05 05:54:02] [DEBUG] PartsDefinitionController::editPartsAction() end.
[2026-07-05 05:54:02] [DEBUG] Screen::areaView() start...
[2026-07-05 05:54:02] [DEBUG] Screen::areaView() finish.
[2026-07-05 05:54:03] [DEBUG] --- wwProject System Start ---
[2026-07-05 05:54:03] [DEBUG] Router::Router() /jemini/wwProjectV1.34/Develop/Console/ServerBridgeAction/
[2026-07-05 05:54:03] [DEBUG] Attempting to load: \Develop\Controllers\ConsoleController::ServerBridgeAction
[2026-07-05 05:54:03] [DEBUG] Router: Executing \Develop\Controllers\ConsoleController->ServerBridgeAction
[2026-07-05 05:54:03] [DEBUG] ConsoleController::ServerBridge() start...
[2026-07-05 05:54:03] [DEBUG] ConsoleController::ServerBridge() \Develop\Controllers\PartsDefinitionController::editPartsAction()
[2026-07-05 05:54:03] [DEBUG] PartsDefinitionController::editPartsAction() start...
[2026-07-05 05:54:03] [DEBUG] PartsDefinitionModel::getAllPartsList() start... Project ID: PRJ-D45FEF
[2026-07-05 05:54:03] [DEBUG] PartsDefinitionModel::getColumnsByTableId() start... Input: developers
[2026-07-05 05:54:03] [DEBUG] 逆引き成功: 物理名 developers -> table_id : 6
[2026-07-05 05:54:03] [DEBUG] PartsDefinitionModel::getColumnsByTableId() finish. 件数: 9
[2026-07-05 05:54:03] [DEBUG] PartsDefinitionModel::getTableStructure() start... Project ID: PRJ-D45FEF
[2026-07-05 05:54:03] [DEBUG] Screen::updateAreaE() [iframe起動版] path: \Develop\Views\AreaE\PartsDefinition\RegistParts.view start...
[2026-07-05 05:54:03] [DEBUG] Screen::getContents() start...
[2026-07-05 05:54:03] [DEBUG] Screen::getContents() finish.
[2026-07-05 05:54:03] [DEBUG] Screen::updateAreaE() finish.
[2026-07-05 05:54:03] [DEBUG] PartsDefinitionController::editPartsAction() end.
[2026-07-05 05:54:03] [DEBUG] Screen::areaView() start...
[2026-07-05 05:54:03] [DEBUG] Screen::areaView() finish.
[2026-07-05 05:54:27] [DEBUG] --- wwProject System Start ---
[2026-07-05 05:54:27] [DEBUG] Router::Router() /jemini/wwProjectV1.34/Develop/Console/ServerBridgeAction/
[2026-07-05 05:54:27] [DEBUG] Attempting to load: \Develop\Controllers\ConsoleController::ServerBridgeAction
[2026-07-05 05:54:27] [DEBUG] Router: Executing \Develop\Controllers\ConsoleController->ServerBridgeAction
[2026-07-05 05:54:27] [DEBUG] ConsoleController::ServerBridge() start...
[2026-07-05 05:54:27] [DEBUG] ConsoleController::ServerBridge() \Develop\Controllers\PartsDefinitionController::InitialAction()
[2026-07-05 05:54:27] [DEBUG] DBDefinitionController::initialAction() start...
[2026-07-05 05:54:27] [DEBUG] PartsDefinitionController::initialAction() projectId : PRJ-D45FEF
[2026-07-05 05:54:27] [DEBUG] PartsDefinitionModel::getAllPartsList() start... Project ID: PRJ-D45FEF
[2026-07-05 05:54:27] [DEBUG] Screen::updateAreaD() path: \Develop\Views\AreaD\PartsDefinition\PartsDefinitionList.view start...
[2026-07-05 05:54:27] [DEBUG] Screen::getContents() start...
[2026-07-05 05:54:27] [DEBUG] Screen::getContents() finish.
[2026-07-05 05:54:27] [DEBUG] Screen::updateAreaD() finish.
[2026-07-05 05:54:27] [DEBUG] Screen::updateAreaE() [iframe起動版] path: \Develop\Views\AreaE\Area_E_clear.view start...
[2026-07-05 05:54:27] [DEBUG] Screen::getContents() start...
[2026-07-05 05:54:27] [DEBUG] Screen::getContents() finish.
[2026-07-05 05:54:27] [DEBUG] Screen::updateAreaE() finish.
[2026-07-05 05:54:27] [DEBUG] DBDefinitionController::initialAction() end.
[2026-07-05 05:54:27] [DEBUG] Screen::areaView() start...
[2026-07-05 05:54:27] [DEBUG] Screen::areaView() finish.
[2026-07-05 05:54:29] [DEBUG] --- wwProject System Start ---
[2026-07-05 05:54:29] [DEBUG] Router::Router() /jemini/wwProjectV1.34/Develop/Console/ServerBridgeAction/
[2026-07-05 05:54:29] [DEBUG] Attempting to load: \Develop\Controllers\ConsoleController::ServerBridgeAction
[2026-07-05 05:54:29] [DEBUG] Router: Executing \Develop\Controllers\ConsoleController->ServerBridgeAction
[2026-07-05 05:54:29] [DEBUG] ConsoleController::ServerBridge() start...
[2026-07-05 05:54:29] [DEBUG] ConsoleController::ServerBridge() \Develop\Controllers\PartsDefinitionController::editPartsAction()
[2026-07-05 05:54:29] [DEBUG] PartsDefinitionController::editPartsAction() start...
[2026-07-05 05:54:29] [DEBUG] PartsDefinitionModel::getAllPartsList() start... Project ID: PRJ-D45FEF
[2026-07-05 05:54:29] [DEBUG] PartsDefinitionModel::getColumnsByTableId() start... Input: developers
[2026-07-05 05:54:29] [DEBUG] 逆引き成功: 物理名 developers -> table_id : 6
[2026-07-05 05:54:29] [DEBUG] PartsDefinitionModel::getColumnsByTableId() finish. 件数: 9
[2026-07-05 05:54:29] [DEBUG] PartsDefinitionModel::getTableStructure() start... Project ID: PRJ-D45FEF
[2026-07-05 05:54:29] [DEBUG] Screen::updateAreaE() [iframe起動版] path: \Develop\Views\AreaE\PartsDefinition\RegistParts.view start...
[2026-07-05 05:54:29] [DEBUG] Screen::getContents() start...
[2026-07-05 05:54:29] [DEBUG] Screen::getContents() finish.
[2026-07-05 05:54:29] [DEBUG] Screen::updateAreaE() finish.
[2026-07-05 05:54:29] [DEBUG] PartsDefinitionController::editPartsAction() end.
[2026-07-05 05:54:29] [DEBUG] Screen::areaView() start...
[2026-07-05 05:54:29] [DEBUG] Screen::areaView() finish.
[2026-07-05 05:57:06] [DEBUG] --- wwProject System Start ---
[2026-07-05 05:57:06] [DEBUG] Router::Router() /jemini/wwProjectV1.34/Develop/Console/ServerBridgeAction/
[2026-07-05 05:57:06] [DEBUG] Attempting to load: \Develop\Controllers\ConsoleController::ServerBridgeAction
[2026-07-05 05:57:06] [DEBUG] Router: Executing \Develop\Controllers\ConsoleController->ServerBridgeAction
[2026-07-05 05:57:06] [DEBUG] ConsoleController::ServerBridge() start...
[2026-07-05 05:57:06] [DEBUG] ConsoleController::ServerBridge() \Develop\Controllers\PartsDefinitionController::InitialAction()
[2026-07-05 05:57:06] [DEBUG] DBDefinitionController::initialAction() start...
[2026-07-05 05:57:06] [DEBUG] PartsDefinitionController::initialAction() projectId : PRJ-D45FEF
[2026-07-05 05:57:06] [DEBUG] PartsDefinitionModel::getAllPartsList() start... Project ID: PRJ-D45FEF
[2026-07-05 05:57:06] [DEBUG] Screen::updateAreaD() path: \Develop\Views\AreaD\PartsDefinition\PartsDefinitionList.view start...
[2026-07-05 05:57:06] [DEBUG] Screen::getContents() start...
[2026-07-05 05:57:06] [DEBUG] Screen::getContents() finish.
[2026-07-05 05:57:06] [DEBUG] Screen::updateAreaD() finish.
[2026-07-05 05:57:06] [DEBUG] Screen::updateAreaE() [iframe起動版] path: \Develop\Views\AreaE\Area_E_clear.view start...
[2026-07-05 05:57:06] [DEBUG] Screen::getContents() start...
[2026-07-05 05:57:06] [DEBUG] Screen::getContents() finish.
[2026-07-05 05:57:06] [DEBUG] Screen::updateAreaE() finish.
[2026-07-05 05:57:06] [DEBUG] DBDefinitionController::initialAction() end.
[2026-07-05 05:57:06] [DEBUG] Screen::areaView() start...
[2026-07-05 05:57:06] [DEBUG] Screen::areaView() finish.
[2026-07-05 05:57:08] [DEBUG] --- wwProject System Start ---
[2026-07-05 05:57:08] [DEBUG] Router::Router() /jemini/wwProjectV1.34/Develop/Console/ServerBridgeAction/
[2026-07-05 05:57:08] [DEBUG] Attempting to load: \Develop\Controllers\ConsoleController::ServerBridgeAction
[2026-07-05 05:57:08] [DEBUG] Router: Executing \Develop\Controllers\ConsoleController->ServerBridgeAction
[2026-07-05 05:57:08] [DEBUG] ConsoleController::ServerBridge() start...
[2026-07-05 05:57:08] [DEBUG] ConsoleController::ServerBridge() \Develop\Controllers\PartsDefinitionController::editPartsAction()
[2026-07-05 05:57:08] [DEBUG] PartsDefinitionController::editPartsAction() start...
[2026-07-05 05:57:08] [DEBUG] PartsDefinitionModel::getAllPartsList() start... Project ID: PRJ-D45FEF
[2026-07-05 05:57:08] [DEBUG] PartsDefinitionModel::getColumnsByTableId() start... Input: developers
[2026-07-05 05:57:08] [DEBUG] 逆引き成功: 物理名 developers -> table_id : 6
[2026-07-05 05:57:08] [DEBUG] PartsDefinitionModel::getColumnsByTableId() finish. 件数: 9
[2026-07-05 05:57:08] [DEBUG] PartsDefinitionModel::getTableStructure() start... Project ID: PRJ-D45FEF
[2026-07-05 05:57:08] [DEBUG] Screen::updateAreaE() [iframe起動版] path: \Develop\Views\AreaE\PartsDefinition\RegistParts.view start...
[2026-07-05 05:57:08] [DEBUG] Screen::getContents() start...
[2026-07-05 05:57:09] [DEBUG] Screen::getContents() finish.
[2026-07-05 05:57:09] [DEBUG] Screen::updateAreaE() finish.
[2026-07-05 05:57:09] [DEBUG] PartsDefinitionController::editPartsAction() end.
[2026-07-05 05:57:09] [DEBUG] Screen::areaView() start...
[2026-07-05 05:57:09] [DEBUG] Screen::areaView() finish.
[2026-07-05 05:57:09] [DEBUG] --- wwProject System Start ---
[2026-07-05 05:57:09] [DEBUG] Router::Router() /jemini/wwProjectV1.34/Develop/Console/ServerBridgeAction/
[2026-07-05 05:57:09] [DEBUG] Attempting to load: \Develop\Controllers\ConsoleController::ServerBridgeAction
[2026-07-05 05:57:09] [DEBUG] Router: Executing \Develop\Controllers\ConsoleController->ServerBridgeAction
[2026-07-05 05:57:09] [DEBUG] ConsoleController::ServerBridge() start...
[2026-07-05 05:57:09] [DEBUG] ConsoleController::ServerBridge() \Develop\Controllers\PartsDefinitionController::editPartsAction()
[2026-07-05 05:57:09] [DEBUG] PartsDefinitionController::editPartsAction() start...
[2026-07-05 05:57:09] [DEBUG] PartsDefinitionModel::getAllPartsList() start... Project ID: PRJ-D45FEF
[2026-07-05 05:57:09] [DEBUG] PartsDefinitionModel::getColumnsByTableId() start... Input: developers
[2026-07-05 05:57:09] [DEBUG] 逆引き成功: 物理名 developers -> table_id : 6
[2026-07-05 05:57:09] [DEBUG] PartsDefinitionModel::getColumnsByTableId() finish. 件数: 9
[2026-07-05 05:57:09] [DEBUG] PartsDefinitionModel::getTableStructure() start... Project ID: PRJ-D45FEF
[2026-07-05 05:57:09] [DEBUG] Screen::updateAreaE() [iframe起動版] path: \Develop\Views\AreaE\PartsDefinition\RegistParts.view start...
[2026-07-05 05:57:09] [DEBUG] Screen::getContents() start...
[2026-07-05 05:57:09] [DEBUG] Screen::getContents() finish.
[2026-07-05 05:57:09] [DEBUG] Screen::updateAreaE() finish.
[2026-07-05 05:57:09] [DEBUG] PartsDefinitionController::editPartsAction() end.
[2026-07-05 05:57:09] [DEBUG] Screen::areaView() start...
[2026-07-05 05:57:09] [DEBUG] Screen::areaView() finish.
[2026-07-05 05:57:11] [DEBUG] --- wwProject System Start ---
[2026-07-05 05:57:11] [DEBUG] Router::Router() /jemini/wwProjectV1.34/Develop/Console/ServerBridgeAction/
[2026-07-05 05:57:11] [DEBUG] Attempting to load: \Develop\Controllers\ConsoleController::ServerBridgeAction
[2026-07-05 05:57:11] [DEBUG] Router: Executing \Develop\Controllers\ConsoleController->ServerBridgeAction
[2026-07-05 05:57:11] [DEBUG] ConsoleController::ServerBridge() start...
[2026-07-05 05:57:11] [DEBUG] ConsoleController::ServerBridge() \Develop\Controllers\PartsDefinitionController::editPartsAction()
[2026-07-05 05:57:11] [DEBUG] PartsDefinitionController::editPartsAction() start...
[2026-07-05 05:57:11] [DEBUG] PartsDefinitionModel::getAllPartsList() start... Project ID: PRJ-D45FEF
[2026-07-05 05:57:11] [DEBUG] PartsDefinitionModel::getColumnsByTableId() start... Input: developers
[2026-07-05 05:57:11] [DEBUG] 逆引き成功: 物理名 developers -> table_id : 6
[2026-07-05 05:57:11] [DEBUG] PartsDefinitionModel::getColumnsByTableId() finish. 件数: 9
[2026-07-05 05:57:11] [DEBUG] PartsDefinitionModel::getTableStructure() start... Project ID: PRJ-D45FEF
[2026-07-05 05:57:11] [DEBUG] Screen::updateAreaE() [iframe起動版] path: \Develop\Views\AreaE\PartsDefinition\RegistParts.view start...
[2026-07-05 05:57:11] [DEBUG] Screen::getContents() start...
[2026-07-05 05:57:11] [DEBUG] Screen::getContents() finish.
[2026-07-05 05:57:11] [DEBUG] Screen::updateAreaE() finish.
[2026-07-05 05:57:11] [DEBUG] PartsDefinitionController::editPartsAction() end.
[2026-07-05 05:57:11] [DEBUG] Screen::areaView() start...
[2026-07-05 05:57:11] [DEBUG] Screen::areaView() finish.
[2026-07-05 05:57:12] [DEBUG] --- wwProject System Start ---
[2026-07-05 05:57:12] [DEBUG] Router::Router() /jemini/wwProjectV1.34/Develop/Console/ServerBridgeAction/
[2026-07-05 05:57:12] [DEBUG] Attempting to load: \Develop\Controllers\ConsoleController::ServerBridgeAction
[2026-07-05 05:57:12] [DEBUG] Router: Executing \Develop\Controllers\ConsoleController->ServerBridgeAction
[2026-07-05 05:57:12] [DEBUG] ConsoleController::ServerBridge() start...
[2026-07-05 05:57:12] [DEBUG] ConsoleController::ServerBridge() \Develop\Controllers\PartsDefinitionController::editPartsAction()
[2026-07-05 05:57:12] [DEBUG] PartsDefinitionController::editPartsAction() start...
[2026-07-05 05:57:12] [DEBUG] PartsDefinitionModel::getAllPartsList() start... Project ID: PRJ-D45FEF
[2026-07-05 05:57:12] [DEBUG] PartsDefinitionModel::getColumnsByTableId() start... Input: developers
[2026-07-05 05:57:12] [DEBUG] 逆引き成功: 物理名 developers -> table_id : 6
[2026-07-05 05:57:12] [DEBUG] PartsDefinitionModel::getColumnsByTableId() finish. 件数: 9
[2026-07-05 05:57:12] [DEBUG] PartsDefinitionModel::getTableStructure() start... Project ID: PRJ-D45FEF
[2026-07-05 05:57:12] [DEBUG] Screen::updateAreaE() [iframe起動版] path: \Develop\Views\AreaE\PartsDefinition\RegistParts.view start...
[2026-07-05 05:57:12] [DEBUG] Screen::getContents() start...
[2026-07-05 05:57:12] [DEBUG] Screen::getContents() finish.
[2026-07-05 05:57:12] [DEBUG] Screen::updateAreaE() finish.
[2026-07-05 05:57:12] [DEBUG] PartsDefinitionController::editPartsAction() end.
[2026-07-05 05:57:12] [DEBUG] Screen::areaView() start...
[2026-07-05 05:57:12] [DEBUG] Screen::areaView() finish.
[2026-07-05 05:57:12] [DEBUG] --- wwProject System Start ---
[2026-07-05 05:57:12] [DEBUG] Router::Router() /jemini/wwProjectV1.34/Develop/Console/ServerBridgeAction/
[2026-07-05 05:57:12] [DEBUG] Attempting to load: \Develop\Controllers\ConsoleController::ServerBridgeAction
[2026-07-05 05:57:12] [DEBUG] Router: Executing \Develop\Controllers\ConsoleController->ServerBridgeAction
[2026-07-05 05:57:12] [DEBUG] ConsoleController::ServerBridge() start...
[2026-07-05 05:57:12] [DEBUG] ConsoleController::ServerBridge() \Develop\Controllers\PartsDefinitionController::editPartsAction()
[2026-07-05 05:57:12] [DEBUG] PartsDefinitionController::editPartsAction() start...
[2026-07-05 05:57:12] [DEBUG] PartsDefinitionModel::getAllPartsList() start... Project ID: PRJ-D45FEF
[2026-07-05 05:57:12] [DEBUG] PartsDefinitionModel::getColumnsByTableId() start... Input: developers
[2026-07-05 05:57:12] [DEBUG] 逆引き成功: 物理名 developers -> table_id : 6
[2026-07-05 05:57:12] [DEBUG] PartsDefinitionModel::getColumnsByTableId() finish. 件数: 9
[2026-07-05 05:57:12] [DEBUG] PartsDefinitionModel::getTableStructure() start... Project ID: PRJ-D45FEF
[2026-07-05 05:57:12] [DEBUG] Screen::updateAreaE() [iframe起動版] path: \Develop\Views\AreaE\PartsDefinition\RegistParts.view start...
[2026-07-05 05:57:12] [DEBUG] Screen::getContents() start...
[2026-07-05 05:57:12] [DEBUG] Screen::getContents() finish.
[2026-07-05 05:57:12] [DEBUG] Screen::updateAreaE() finish.
[2026-07-05 05:57:12] [DEBUG] PartsDefinitionController::editPartsAction() end.
[2026-07-05 05:57:12] [DEBUG] Screen::areaView() start...
[2026-07-05 05:57:12] [DEBUG] Screen::areaView() finish.
[2026-07-05 05:57:13] [DEBUG] --- wwProject System Start ---
[2026-07-05 05:57:13] [DEBUG] Router::Router() /jemini/wwProjectV1.34/Develop/Console/ServerBridgeAction/
[2026-07-05 05:57:13] [DEBUG] Attempting to load: \Develop\Controllers\ConsoleController::ServerBridgeAction
[2026-07-05 05:57:13] [DEBUG] Router: Executing \Develop\Controllers\ConsoleController->ServerBridgeAction
[2026-07-05 05:57:13] [DEBUG] ConsoleController::ServerBridge() start...
[2026-07-05 05:57:13] [DEBUG] ConsoleController::ServerBridge() \Develop\Controllers\PartsDefinitionController::editPartsAction()
[2026-07-05 05:57:13] [DEBUG] PartsDefinitionController::editPartsAction() start...
[2026-07-05 05:57:13] [DEBUG] PartsDefinitionModel::getAllPartsList() start... Project ID: PRJ-D45FEF
[2026-07-05 05:57:13] [DEBUG] PartsDefinitionModel::getTableStructure() start... Project ID: PRJ-D45FEF
[2026-07-05 05:57:13] [DEBUG] Screen::updateAreaE() [iframe起動版] path: \Develop\Views\AreaE\PartsDefinition\RegistParts.view start...
[2026-07-05 05:57:13] [DEBUG] Screen::getContents() start...
[2026-07-05 05:57:13] [DEBUG] Screen::getContents() finish.
[2026-07-05 05:57:13] [DEBUG] Screen::updateAreaE() finish.
[2026-07-05 05:57:13] [DEBUG] PartsDefinitionController::editPartsAction() end.
[2026-07-05 05:57:13] [DEBUG] Screen::areaView() start...
[2026-07-05 05:57:13] [DEBUG] Screen::areaView() finish.
[2026-07-05 05:57:13] [DEBUG] --- wwProject System Start ---
[2026-07-05 05:57:13] [DEBUG] Router::Router() /jemini/wwProjectV1.34/Develop/Console/ServerBridgeAction/
[2026-07-05 05:57:13] [DEBUG] Attempting to load: \Develop\Controllers\ConsoleController::ServerBridgeAction
[2026-07-05 05:57:14] [DEBUG] Router: Executing \Develop\Controllers\ConsoleController->ServerBridgeAction
[2026-07-05 05:57:14] [DEBUG] ConsoleController::ServerBridge() start...
[2026-07-05 05:57:14] [DEBUG] ConsoleController::ServerBridge() \Develop\Controllers\PartsDefinitionController::editPartsAction()
[2026-07-05 05:57:14] [DEBUG] PartsDefinitionController::editPartsAction() start...
[2026-07-05 05:57:14] [DEBUG] PartsDefinitionModel::getAllPartsList() start... Project ID: PRJ-D45FEF
[2026-07-05 05:57:14] [DEBUG] PartsDefinitionModel::getTableStructure() start... Project ID: PRJ-D45FEF
[2026-07-05 05:57:14] [DEBUG] Screen::updateAreaE() [iframe起動版] path: \Develop\Views\AreaE\PartsDefinition\RegistParts.view start...
[2026-07-05 05:57:14] [DEBUG] Screen::getContents() start...
[2026-07-05 05:57:14] [DEBUG] Screen::getContents() finish.
[2026-07-05 05:57:14] [DEBUG] Screen::updateAreaE() finish.
[2026-07-05 05:57:14] [DEBUG] PartsDefinitionController::editPartsAction() end.
[2026-07-05 05:57:14] [DEBUG] Screen::areaView() start...
[2026-07-05 05:57:14] [DEBUG] Screen::areaView() finish.
[2026-07-05 05:57:14] [DEBUG] --- wwProject System Start ---
[2026-07-05 05:57:14] [DEBUG] Router::Router() /jemini/wwProjectV1.34/Develop/Console/ServerBridgeAction/
[2026-07-05 05:57:14] [DEBUG] Attempting to load: \Develop\Controllers\ConsoleController::ServerBridgeAction
[2026-07-05 05:57:14] [DEBUG] Router: Executing \Develop\Controllers\ConsoleController->ServerBridgeAction
[2026-07-05 05:57:14] [DEBUG] ConsoleController::ServerBridge() start...
[2026-07-05 05:57:14] [DEBUG] ConsoleController::ServerBridge() \Develop\Controllers\PartsDefinitionController::editPartsAction()
[2026-07-05 05:57:14] [DEBUG] PartsDefinitionController::editPartsAction() start...
[2026-07-05 05:57:14] [DEBUG] PartsDefinitionModel::getAllPartsList() start... Project ID: PRJ-D45FEF
[2026-07-05 05:57:14] [DEBUG] PartsDefinitionModel::getTableStructure() start... Project ID: PRJ-D45FEF
[2026-07-05 05:57:14] [DEBUG] Screen::updateAreaE() [iframe起動版] path: \Develop\Views\AreaE\PartsDefinition\RegistParts.view start...
[2026-07-05 05:57:14] [DEBUG] Screen::getContents() start...
[2026-07-05 05:57:14] [DEBUG] Screen::getContents() finish.
[2026-07-05 05:57:14] [DEBUG] Screen::updateAreaE() finish.
[2026-07-05 05:57:14] [DEBUG] PartsDefinitionController::editPartsAction() end.
[2026-07-05 05:57:14] [DEBUG] Screen::areaView() start...
[2026-07-05 05:57:14] [DEBUG] Screen::areaView() finish.
[2026-07-05 05:57:33] [DEBUG] --- wwProject System Start ---
[2026-07-05 05:57:33] [DEBUG] Router::Router() /jemini/wwProjectV1.34/Develop/Console/ServerBridgeAction/
[2026-07-05 05:57:33] [DEBUG] Attempting to load: \Develop\Controllers\ConsoleController::ServerBridgeAction
[2026-07-05 05:57:33] [DEBUG] Router: Executing \Develop\Controllers\ConsoleController->ServerBridgeAction
[2026-07-05 05:57:33] [DEBUG] ConsoleController::ServerBridge() start...
[2026-07-05 05:57:33] [DEBUG] ConsoleController::ServerBridge() \Develop\Controllers\PartsDefinitionController::editPartsAction()
[2026-07-05 05:57:33] [DEBUG] PartsDefinitionController::editPartsAction() start...
[2026-07-05 05:57:33] [DEBUG] PartsDefinitionModel::getAllPartsList() start... Project ID: PRJ-D45FEF
[2026-07-05 05:57:33] [DEBUG] PartsDefinitionModel::getColumnsByTableId() start... Input: developers
[2026-07-05 05:57:33] [DEBUG] 逆引き成功: 物理名 developers -> table_id : 6
[2026-07-05 05:57:33] [DEBUG] PartsDefinitionModel::getColumnsByTableId() finish. 件数: 9
[2026-07-05 05:57:33] [DEBUG] PartsDefinitionModel::getTableStructure() start... Project ID: PRJ-D45FEF
[2026-07-05 05:57:33] [DEBUG] Screen::updateAreaE() [iframe起動版] path: \Develop\Views\AreaE\PartsDefinition\RegistParts.view start...
[2026-07-05 05:57:33] [DEBUG] Screen::getContents() start...
[2026-07-05 05:57:33] [DEBUG] Screen::getContents() finish.
[2026-07-05 05:57:33] [DEBUG] Screen::updateAreaE() finish.
[2026-07-05 05:57:33] [DEBUG] PartsDefinitionController::editPartsAction() end.
[2026-07-05 05:57:33] [DEBUG] Screen::areaView() start...
[2026-07-05 05:57:33] [DEBUG] Screen::areaView() finish.
[2026-07-05 05:57:35] [DEBUG] --- wwProject System Start ---
[2026-07-05 05:57:35] [DEBUG] Router::Router() /jemini/wwProjectV1.34/Develop/Console/ServerBridgeAction/
[2026-07-05 05:57:35] [DEBUG] Attempting to load: \Develop\Controllers\ConsoleController::ServerBridgeAction
[2026-07-05 05:57:35] [DEBUG] Router: Executing \Develop\Controllers\ConsoleController->ServerBridgeAction
[2026-07-05 05:57:35] [DEBUG] ConsoleController::ServerBridge() start...
[2026-07-05 05:57:35] [DEBUG] ConsoleController::ServerBridge() \Develop\Controllers\PartsDefinitionController::editPartsAction()
[2026-07-05 05:57:35] [DEBUG] PartsDefinitionController::editPartsAction() start...
[2026-07-05 05:57:35] [DEBUG] PartsDefinitionModel::getAllPartsList() start... Project ID: PRJ-D45FEF
[2026-07-05 05:57:35] [DEBUG] PartsDefinitionModel::getColumnsByTableId() start... Input: developers
[2026-07-05 05:57:35] [DEBUG] 逆引き成功: 物理名 developers -> table_id : 6
[2026-07-05 05:57:35] [DEBUG] PartsDefinitionModel::getColumnsByTableId() finish. 件数: 9
[2026-07-05 05:57:35] [DEBUG] PartsDefinitionModel::getTableStructure() start... Project ID: PRJ-D45FEF
[2026-07-05 05:57:35] [DEBUG] Screen::updateAreaE() [iframe起動版] path: \Develop\Views\AreaE\PartsDefinition\RegistParts.view start...
[2026-07-05 05:57:35] [DEBUG] Screen::getContents() start...
[2026-07-05 05:57:35] [DEBUG] Screen::getContents() finish.
[2026-07-05 05:57:35] [DEBUG] Screen::updateAreaE() finish.
[2026-07-05 05:57:35] [DEBUG] PartsDefinitionController::editPartsAction() end.
[2026-07-05 05:57:35] [DEBUG] Screen::areaView() start...
[2026-07-05 05:57:35] [DEBUG] Screen::areaView() finish.
[2026-07-05 05:57:35] [DEBUG] --- wwProject System Start ---
[2026-07-05 05:57:35] [DEBUG] Router::Router() /jemini/wwProjectV1.34/Develop/Console/ServerBridgeAction/
[2026-07-05 05:57:35] [DEBUG] Attempting to load: \Develop\Controllers\ConsoleController::ServerBridgeAction
[2026-07-05 05:57:35] [DEBUG] Router: Executing \Develop\Controllers\ConsoleController->ServerBridgeAction
[2026-07-05 05:57:35] [DEBUG] ConsoleController::ServerBridge() start...
[2026-07-05 05:57:35] [DEBUG] ConsoleController::ServerBridge() \Develop\Controllers\PartsDefinitionController::editPartsAction()
[2026-07-05 05:57:35] [DEBUG] PartsDefinitionController::editPartsAction() start...
[2026-07-05 05:57:35] [DEBUG] PartsDefinitionModel::getAllPartsList() start... Project ID: PRJ-D45FEF
[2026-07-05 05:57:35] [DEBUG] PartsDefinitionModel::getColumnsByTableId() start... Input: developers
[2026-07-05 05:57:35] [DEBUG] 逆引き成功: 物理名 developers -> table_id : 6
[2026-07-05 05:57:35] [DEBUG] PartsDefinitionModel::getColumnsByTableId() finish. 件数: 9
[2026-07-05 05:57:35] [DEBUG] PartsDefinitionModel::getTableStructure() start... Project ID: PRJ-D45FEF
[2026-07-05 05:57:35] [DEBUG] Screen::updateAreaE() [iframe起動版] path: \Develop\Views\AreaE\PartsDefinition\RegistParts.view start...
[2026-07-05 05:57:35] [DEBUG] Screen::getContents() start...
[2026-07-05 05:57:35] [DEBUG] Screen::getContents() finish.
[2026-07-05 05:57:35] [DEBUG] Screen::updateAreaE() finish.
[2026-07-05 05:57:35] [DEBUG] PartsDefinitionController::editPartsAction() end.
[2026-07-05 05:57:35] [DEBUG] Screen::areaView() start...
[2026-07-05 05:57:35] [DEBUG] Screen::areaView() finish.
[2026-07-05 05:57:37] [DEBUG] --- wwProject System Start ---
[2026-07-05 05:57:37] [DEBUG] Router::Router() /jemini/wwProjectV1.34/Develop/Console/ServerBridgeAction/
[2026-07-05 05:57:37] [DEBUG] Attempting to load: \Develop\Controllers\ConsoleController::ServerBridgeAction
[2026-07-05 05:57:37] [DEBUG] Router: Executing \Develop\Controllers\ConsoleController->ServerBridgeAction
[2026-07-05 05:57:37] [DEBUG] ConsoleController::ServerBridge() start...
[2026-07-05 05:57:37] [DEBUG] ConsoleController::ServerBridge() \Develop\Controllers\PartsDefinitionController::editPartsAction()
[2026-07-05 05:57:37] [DEBUG] PartsDefinitionController::editPartsAction() start...
[2026-07-05 05:57:37] [DEBUG] PartsDefinitionModel::getAllPartsList() start... Project ID: PRJ-D45FEF
[2026-07-05 05:57:37] [DEBUG] PartsDefinitionModel::getColumnsByTableId() start... Input: developers
[2026-07-05 05:57:37] [DEBUG] 逆引き成功: 物理名 developers -> table_id : 6
[2026-07-05 05:57:37] [DEBUG] PartsDefinitionModel::getColumnsByTableId() finish. 件数: 9
[2026-07-05 05:57:37] [DEBUG] PartsDefinitionModel::getTableStructure() start... Project ID: PRJ-D45FEF
[2026-07-05 05:57:37] [DEBUG] Screen::updateAreaE() [iframe起動版] path: \Develop\Views\AreaE\PartsDefinition\RegistParts.view start...
[2026-07-05 05:57:37] [DEBUG] Screen::getContents() start...
[2026-07-05 05:57:37] [DEBUG] Screen::getContents() finish.
[2026-07-05 05:57:37] [DEBUG] Screen::updateAreaE() finish.
[2026-07-05 05:57:37] [DEBUG] PartsDefinitionController::editPartsAction() end.
[2026-07-05 05:57:37] [DEBUG] Screen::areaView() start...
[2026-07-05 05:57:37] [DEBUG] Screen::areaView() finish.
[2026-07-05 05:57:40] [DEBUG] --- wwProject System Start ---
[2026-07-05 05:57:40] [DEBUG] Router::Router() /jemini/wwProjectV1.34/develop/
[2026-07-05 05:57:40] [DEBUG] Attempting to load: \Develop\Controllers\LoginController::initialAction
[2026-07-05 05:57:40] [DEBUG] Router: Executing \Develop\Controllers\LoginController->initialAction
[2026-07-05 05:57:40] [DEBUG] Login::initialAction() start...
[2026-07-05 05:57:40] [DEBUG] Login::initialAction() errorMessage : 
[2026-07-05 05:57:40] [DEBUG] Screen::view() path: \Develop\Views\Login\Login.view start...
[2026-07-05 05:57:40] [DEBUG] Screen::getContents() start...
[2026-07-05 05:57:40] [DEBUG] Screen::getContents() finish.
[2026-07-05 05:57:40] [DEBUG] Screen::view() path: \Develop\Views\Login\Login.view finish.
[2026-07-05 05:57:40] [DEBUG] Login::initialAction() finish.
[2026-07-05 05:57:42] [DEBUG] --- wwProject System Start ---
[2026-07-05 05:57:42] [DEBUG] Router::Router() /jemini/wwProjectV1.34/Develop/Login/authentication/
[2026-07-05 05:57:42] [DEBUG] Attempting to load: \Develop\Controllers\LoginController::authenticationAction
[2026-07-05 05:57:42] [DEBUG] Router: Executing \Develop\Controllers\LoginController->authenticationAction
[2026-07-05 05:57:42] [DEBUG] Login::AuthenticationAction() start...
[2026-07-05 05:57:42] [DEBUG] Login OK - x
[2026-07-05 05:57:42] [DEBUG] Session::start()
[2026-07-05 05:57:42] [DEBUG] Redirect to Console::initialAction()
[2026-07-05 05:57:42] [DEBUG] --- wwProject System Start ---
[2026-07-05 05:57:42] [DEBUG] Router::Router() /jemini/wwProjectV1.34/Develop/Console/initial/
[2026-07-05 05:57:42] [DEBUG] Attempting to load: \Develop\Controllers\ConsoleController::initialAction
[2026-07-05 05:57:42] [DEBUG] Router: Executing \Develop\Controllers\ConsoleController->initialAction
[2026-07-05 05:57:42] [DEBUG] Console::initialAction() start...
[2026-07-05 05:57:42] [DEBUG] Screen::view() path: \Develop\Views\Console\Console.view start...
[2026-07-05 05:57:42] [DEBUG] Screen::getContents() start...
[2026-07-05 05:57:42] [DEBUG] Screen::getContents() finish.
[2026-07-05 05:57:42] [DEBUG] Screen::view() path: \Develop\Views\Console\Console.view finish.
[2026-07-05 05:57:42] [DEBUG] ConsoleController::initialAction() finish.
[2026-07-05 05:57:42] [DEBUG] --- wwProject System Start ---
[2026-07-05 05:57:42] [DEBUG] Router::Router() /jemini/wwProjectV1.34/Develop/Console/ServerBridgeAction/
[2026-07-05 05:57:42] [DEBUG] Attempting to load: \Develop\Controllers\ConsoleController::ServerBridgeAction
[2026-07-05 05:57:42] [DEBUG] Router: Executing \Develop\Controllers\ConsoleController->ServerBridgeAction
[2026-07-05 05:57:42] [DEBUG] ConsoleController::ServerBridge() start...
[2026-07-05 05:57:42] [DEBUG] ConsoleController::ServerBridge() \Develop\Controllers\ConsoleController::areaInitialAction()
[2026-07-05 05:57:42] [DEBUG] ConsoleController::AreaInitialAction() start...
[2026-07-05 05:57:43] [DEBUG] Screen::updateAreaA() path: \Develop\Views\AreaA\Area_A.view start...
[2026-07-05 05:57:43] [DEBUG] Screen::areaView() sending JSON: ["areas"]
[2026-07-05 05:57:43] [DEBUG] Screen::getContents() start...
[2026-07-05 05:57:43] [DEBUG] Screen::getContents() finish.
[2026-07-05 05:57:43] [DEBUG] Screen::updateAreaA() finish.
[2026-07-05 05:57:43] [DEBUG] Screen::updateAreaB() path: \Develop\Views\AreaB\Area_B.view start...
[2026-07-05 05:57:43] [DEBUG] Screen::getContents() start...
[2026-07-05 05:57:43] [DEBUG] Screen::getContents() finish.
[2026-07-05 05:57:43] [DEBUG] Screen::updateAreaB() finish.
[2026-07-05 05:57:43] [DEBUG] Screen::updateAreaD() path: \Develop\Views\AreaD\Area_D_clear.view start...
[2026-07-05 05:57:43] [DEBUG] Screen::getContents() start...
[2026-07-05 05:57:43] [DEBUG] Screen::getContents() finish.
[2026-07-05 05:57:43] [DEBUG] Screen::updateAreaD() finish.
[2026-07-05 05:57:43] [DEBUG] Screen::updateAreaE() [iframe起動版] path: \Develop\Views\AreaE\Area_E_clear.view start...
[2026-07-05 05:57:43] [DEBUG] Screen::getContents() start...
[2026-07-05 05:57:43] [DEBUG] Screen::getContents() finish.
[2026-07-05 05:57:43] [DEBUG] Screen::updateAreaE() finish.
[2026-07-05 05:57:43] [DEBUG] Screen::updateAreaF() path: \Develop\Views\AreaF\Area_F.view start...
[2026-07-05 05:57:43] [DEBUG] Screen::getContents() start...
[2026-07-05 05:57:43] [DEBUG] Screen::getContents() finish.
[2026-07-05 05:57:43] [DEBUG] Screen::updateAreaF() finish.
[2026-07-05 05:57:43] [DEBUG] ProjectController::startProjectNabi() start...
[2026-07-05 05:57:43] [DEBUG] ProjectController::getProjectListHtml() start...
[2026-07-05 05:57:43] [DEBUG] ProjectModel::getProjectList() start...
[2026-07-05 05:57:43] [DEBUG] ProjectModel::getProjectList() finish.
[2026-07-05 05:57:43] [DEBUG] CodeMasterModel：：getCodesByGroup() start...
[2026-07-05 05:57:43] [DEBUG] CodeMasterModel：：getCodesByGroup() finish.
[2026-07-05 05:57:43] [DEBUG] ProjectController::getNaviFooterHtml() start...
[2026-07-05 05:57:43] [DEBUG] ProjectController::getNaviFooterHtml() finish.
[2026-07-05 05:57:43] [DEBUG] ProjectController::startProjectNabi() finish.
[2026-07-05 05:57:43] [DEBUG] Screen::updateAreaC() \Develop\Views\AreaC\Area_C.view start...
[2026-07-05 05:57:43] [DEBUG] Screen::getContents() start...
[2026-07-05 05:57:43] [DEBUG] Screen::getContents() finish.
[2026-07-05 05:57:43] [DEBUG] Screen::updateAreaC() finish.
[2026-07-05 05:57:43] [DEBUG] ConsoleController::AreaInitialAction() finish.
[2026-07-05 05:57:43] [DEBUG] Screen::areaView() start...
[2026-07-05 05:57:43] [DEBUG] Screen::areaView() finish.
[2026-07-05 05:57:44] [DEBUG] --- wwProject System Start ---
[2026-07-05 05:57:44] [DEBUG] Router::Router() /jemini/wwProjectV1.34/Develop/Console/ServerBridgeAction/
[2026-07-05 05:57:44] [DEBUG] Attempting to load: \Develop\Controllers\ConsoleController::ServerBridgeAction
[2026-07-05 05:57:44] [DEBUG] Router: Executing \Develop\Controllers\ConsoleController->ServerBridgeAction
[2026-07-05 05:57:44] [DEBUG] ConsoleController::ServerBridge() start...
[2026-07-05 05:57:44] [DEBUG] ConsoleController::ServerBridge() \Develop\Controllers\ProjectController::projectSelectAction()
[2026-07-05 05:57:44] [DEBUG] ProjectController::projectSelectAction() start...
[2026-07-05 05:57:44] [DEBUG] ProjectController::projectSelectAction() ☆★☆　SampleProject１
[2026-07-05 05:57:44] [DEBUG] Screen::updateAreaB() path: \Develop\Views\AreaB\Area_B.view start...
[2026-07-05 05:57:44] [DEBUG] Screen::getContents() start...
[2026-07-05 05:57:44] [DEBUG] Screen::getContents() finish.
[2026-07-05 05:57:44] [DEBUG] Screen::updateAreaB() finish.
[2026-07-05 05:57:44] [DEBUG] ProjectController::projectSelectAction() PRJ-D45FEF : PRJ-D45FEF
[2026-07-05 05:57:44] [DEBUG] ProjectController::getProjectListHtml() start...
[2026-07-05 05:57:44] [DEBUG] ProjectModel::getProjectList() start...
[2026-07-05 05:57:44] [DEBUG] ProjectModel::getProjectList() finish.
[2026-07-05 05:57:44] [DEBUG] CodeMasterModel：：getCodesByGroup() start...
[2026-07-05 05:57:44] [DEBUG] CodeMasterModel：：getCodesByGroup() finish.
[2026-07-05 05:57:44] [DEBUG] ProjectController::getNaviFooterHtml() start...
[2026-07-05 05:57:44] [DEBUG] ProjectController::getNaviFooterHtml() finish.
[2026-07-05 05:57:44] [DEBUG] Screen::updateAreaC() \Develop\Views\AreaC\Area_C.view start...
[2026-07-05 05:57:44] [DEBUG] Screen::getContents() start...
[2026-07-05 05:57:44] [DEBUG] Screen::getContents() finish.
[2026-07-05 05:57:44] [DEBUG] Screen::updateAreaC() finish.
[2026-07-05 05:57:44] [DEBUG] Screen::updateAreaD() path: \Develop\Views\AreaD\Area_D_clear.view start...
[2026-07-05 05:57:44] [DEBUG] Screen::getContents() start...
[2026-07-05 05:57:44] [DEBUG] Screen::getContents() finish.
[2026-07-05 05:57:44] [DEBUG] Screen::updateAreaD() finish.
[2026-07-05 05:57:44] [DEBUG] Screen::updateAreaE() [iframe起動版] path: \Develop\Views\AreaE\Area_E_clear.view start...
[2026-07-05 05:57:44] [DEBUG] Screen::getContents() start...
[2026-07-05 05:57:44] [DEBUG] Screen::getContents() finish.
[2026-07-05 05:57:44] [DEBUG] Screen::updateAreaE() finish.
[2026-07-05 05:57:44] [DEBUG] ProjectController::projectSelectAction() finish.
[2026-07-05 05:57:44] [DEBUG] Screen::areaView() start...
[2026-07-05 05:57:44] [DEBUG] Screen::areaView() finish.
[2026-07-05 05:57:45] [DEBUG] --- wwProject System Start ---
[2026-07-05 05:57:45] [DEBUG] Router::Router() /jemini/wwProjectV1.34/Develop/Console/ServerBridgeAction/
[2026-07-05 05:57:45] [DEBUG] Attempting to load: \Develop\Controllers\ConsoleController::ServerBridgeAction
[2026-07-05 05:57:45] [DEBUG] Router: Executing \Develop\Controllers\ConsoleController->ServerBridgeAction
[2026-07-05 05:57:45] [DEBUG] ConsoleController::ServerBridge() start...
[2026-07-05 05:57:45] [DEBUG] ConsoleController::ServerBridge() \Develop\Controllers\PartsDefinitionController::InitialAction()
[2026-07-05 05:57:45] [DEBUG] DBDefinitionController::initialAction() start...
[2026-07-05 05:57:45] [DEBUG] PartsDefinitionController::initialAction() projectId : PRJ-D45FEF
[2026-07-05 05:57:45] [DEBUG] PartsDefinitionModel::getAllPartsList() start... Project ID: PRJ-D45FEF
[2026-07-05 05:57:45] [DEBUG] Screen::updateAreaD() path: \Develop\Views\AreaD\PartsDefinition\PartsDefinitionList.view start...
[2026-07-05 05:57:45] [DEBUG] Screen::getContents() start...
[2026-07-05 05:57:45] [DEBUG] Screen::getContents() finish.
[2026-07-05 05:57:45] [DEBUG] Screen::updateAreaD() finish.
[2026-07-05 05:57:45] [DEBUG] Screen::updateAreaE() [iframe起動版] path: \Develop\Views\AreaE\Area_E_clear.view start...
[2026-07-05 05:57:45] [DEBUG] Screen::getContents() start...
[2026-07-05 05:57:45] [DEBUG] Screen::getContents() finish.
[2026-07-05 05:57:45] [DEBUG] Screen::updateAreaE() finish.
[2026-07-05 05:57:45] [DEBUG] DBDefinitionController::initialAction() end.
[2026-07-05 05:57:45] [DEBUG] Screen::areaView() start...
[2026-07-05 05:57:45] [DEBUG] Screen::areaView() finish.
[2026-07-05 05:57:47] [DEBUG] --- wwProject System Start ---
[2026-07-05 05:57:47] [DEBUG] Router::Router() /jemini/wwProjectV1.34/Develop/Console/ServerBridgeAction/
[2026-07-05 05:57:47] [DEBUG] Attempting to load: \Develop\Controllers\ConsoleController::ServerBridgeAction
[2026-07-05 05:57:47] [DEBUG] Router: Executing \Develop\Controllers\ConsoleController->ServerBridgeAction
[2026-07-05 05:57:47] [DEBUG] ConsoleController::ServerBridge() start...
[2026-07-05 05:57:47] [DEBUG] ConsoleController::ServerBridge() \Develop\Controllers\PartsDefinitionController::editPartsAction()
[2026-07-05 05:57:47] [DEBUG] PartsDefinitionController::editPartsAction() start...
[2026-07-05 05:57:47] [DEBUG] PartsDefinitionModel::getAllPartsList() start... Project ID: PRJ-D45FEF
[2026-07-05 05:57:47] [DEBUG] PartsDefinitionModel::getColumnsByTableId() start... Input: developers
[2026-07-05 05:57:47] [DEBUG] 逆引き成功: 物理名 developers -> table_id : 6
[2026-07-05 05:57:47] [DEBUG] PartsDefinitionModel::getColumnsByTableId() finish. 件数: 9
[2026-07-05 05:57:47] [DEBUG] PartsDefinitionModel::getTableStructure() start... Project ID: PRJ-D45FEF
[2026-07-05 05:57:47] [DEBUG] Screen::updateAreaE() [iframe起動版] path: \Develop\Views\AreaE\PartsDefinition\RegistParts.view start...
[2026-07-05 05:57:47] [DEBUG] Screen::getContents() start...
[2026-07-05 05:57:47] [DEBUG] Screen::getContents() finish.
[2026-07-05 05:57:47] [DEBUG] Screen::updateAreaE() finish.
[2026-07-05 05:57:47] [DEBUG] PartsDefinitionController::editPartsAction() end.
[2026-07-05 05:57:47] [DEBUG] Screen::areaView() start...
[2026-07-05 05:57:47] [DEBUG] Screen::areaView() finish.
[2026-07-05 06:02:26] [DEBUG] --- wwProject System Start ---
[2026-07-05 06:02:26] [DEBUG] Router::Router() /jemini/wwProjectV1.34/Develop/Console/ServerBridgeAction/
[2026-07-05 06:02:26] [DEBUG] Attempting to load: \Develop\Controllers\ConsoleController::ServerBridgeAction
[2026-07-05 06:02:26] [DEBUG] Router: Executing \Develop\Controllers\ConsoleController->ServerBridgeAction
[2026-07-05 06:02:26] [DEBUG] ConsoleController::ServerBridge() start...
[2026-07-05 06:02:26] [DEBUG] ConsoleController::ServerBridge() \Develop\Controllers\PartsDefinitionController::InitialAction()
[2026-07-05 06:02:26] [DEBUG] DBDefinitionController::initialAction() start...
[2026-07-05 06:02:26] [DEBUG] PartsDefinitionController::initialAction() projectId : PRJ-D45FEF
[2026-07-05 06:02:26] [DEBUG] PartsDefinitionModel::getAllPartsList() start... Project ID: PRJ-D45FEF
[2026-07-05 06:02:26] [DEBUG] Screen::updateAreaD() path: \Develop\Views\AreaD\PartsDefinition\PartsDefinitionList.view start...
[2026-07-05 06:02:26] [DEBUG] Screen::getContents() start...
[2026-07-05 06:02:26] [DEBUG] Screen::getContents() finish.
[2026-07-05 06:02:26] [DEBUG] Screen::updateAreaD() finish.
[2026-07-05 06:02:26] [DEBUG] Screen::updateAreaE() [iframe起動版] path: \Develop\Views\AreaE\Area_E_clear.view start...
[2026-07-05 06:02:26] [DEBUG] Screen::getContents() start...
[2026-07-05 06:02:26] [DEBUG] Screen::getContents() finish.
[2026-07-05 06:02:26] [DEBUG] Screen::updateAreaE() finish.
[2026-07-05 06:02:26] [DEBUG] DBDefinitionController::initialAction() end.
[2026-07-05 06:02:26] [DEBUG] Screen::areaView() start...
[2026-07-05 06:02:26] [DEBUG] Screen::areaView() finish.
[2026-07-05 06:02:28] [DEBUG] --- wwProject System Start ---
[2026-07-05 06:02:28] [DEBUG] Router::Router() /jemini/wwProjectV1.34/Develop/Console/ServerBridgeAction/
[2026-07-05 06:02:28] [DEBUG] Attempting to load: \Develop\Controllers\ConsoleController::ServerBridgeAction
[2026-07-05 06:02:28] [DEBUG] Router: Executing \Develop\Controllers\ConsoleController->ServerBridgeAction
[2026-07-05 06:02:28] [DEBUG] ConsoleController::ServerBridge() start...
[2026-07-05 06:02:28] [DEBUG] ConsoleController::ServerBridge() \Develop\Controllers\PartsDefinitionController::editPartsAction()
[2026-07-05 06:02:28] [DEBUG] PartsDefinitionController::editPartsAction() start...
[2026-07-05 06:02:28] [DEBUG] PartsDefinitionModel::getAllPartsList() start... Project ID: PRJ-D45FEF
[2026-07-05 06:02:28] [DEBUG] PartsDefinitionModel::getColumnsByTableId() start... Input: developers
[2026-07-05 06:02:28] [DEBUG] 逆引き成功: 物理名 developers -> table_id : 6
[2026-07-05 06:02:28] [DEBUG] PartsDefinitionModel::getColumnsByTableId() finish. 件数: 9
[2026-07-05 06:02:28] [DEBUG] PartsDefinitionModel::getTableStructure() start... Project ID: PRJ-D45FEF
[2026-07-05 06:02:28] [DEBUG] Screen::updateAreaE() [iframe起動版] path: \Develop\Views\AreaE\PartsDefinition\RegistParts.view start...
[2026-07-05 06:02:28] [DEBUG] Screen::getContents() start...
[2026-07-05 06:02:29] [DEBUG] Screen::getContents() finish.
[2026-07-05 06:02:29] [DEBUG] Screen::updateAreaE() finish.
[2026-07-05 06:02:29] [DEBUG] PartsDefinitionController::editPartsAction() end.
[2026-07-05 06:02:29] [DEBUG] Screen::areaView() start...
[2026-07-05 06:02:29] [DEBUG] Screen::areaView() finish.
[2026-07-05 06:02:29] [DEBUG] --- wwProject System Start ---
[2026-07-05 06:02:29] [DEBUG] Router::Router() /jemini/wwProjectV1.34/Develop/Console/ServerBridgeAction/
[2026-07-05 06:02:29] [DEBUG] Attempting to load: \Develop\Controllers\ConsoleController::ServerBridgeAction
[2026-07-05 06:02:29] [DEBUG] Router: Executing \Develop\Controllers\ConsoleController->ServerBridgeAction
[2026-07-05 06:02:29] [DEBUG] ConsoleController::ServerBridge() start...
[2026-07-05 06:02:29] [DEBUG] ConsoleController::ServerBridge() \Develop\Controllers\PartsDefinitionController::editPartsAction()
[2026-07-05 06:02:29] [DEBUG] PartsDefinitionController::editPartsAction() start...
[2026-07-05 06:02:29] [DEBUG] PartsDefinitionModel::getAllPartsList() start... Project ID: PRJ-D45FEF
[2026-07-05 06:02:29] [DEBUG] PartsDefinitionModel::getColumnsByTableId() start... Input: developers
[2026-07-05 06:02:29] [DEBUG] 逆引き成功: 物理名 developers -> table_id : 6
[2026-07-05 06:02:29] [DEBUG] PartsDefinitionModel::getColumnsByTableId() finish. 件数: 9
[2026-07-05 06:02:29] [DEBUG] PartsDefinitionModel::getTableStructure() start... Project ID: PRJ-D45FEF
[2026-07-05 06:02:29] [DEBUG] Screen::updateAreaE() [iframe起動版] path: \Develop\Views\AreaE\PartsDefinition\RegistParts.view start...
[2026-07-05 06:02:29] [DEBUG] Screen::getContents() start...
[2026-07-05 06:02:29] [DEBUG] Screen::getContents() finish.
[2026-07-05 06:02:29] [DEBUG] Screen::updateAreaE() finish.
[2026-07-05 06:02:29] [DEBUG] PartsDefinitionController::editPartsAction() end.
[2026-07-05 06:02:29] [DEBUG] Screen::areaView() start...
[2026-07-05 06:02:29] [DEBUG] Screen::areaView() finish.
[2026-07-05 06:02:30] [DEBUG] --- wwProject System Start ---
[2026-07-05 06:02:30] [DEBUG] Router::Router() /jemini/wwProjectV1.34/Develop/Console/ServerBridgeAction/
[2026-07-05 06:02:30] [DEBUG] Attempting to load: \Develop\Controllers\ConsoleController::ServerBridgeAction
[2026-07-05 06:02:30] [DEBUG] Router: Executing \Develop\Controllers\ConsoleController->ServerBridgeAction
[2026-07-05 06:02:30] [DEBUG] ConsoleController::ServerBridge() start...
[2026-07-05 06:02:30] [DEBUG] ConsoleController::ServerBridge() \Develop\Controllers\PartsDefinitionController::editPartsAction()
[2026-07-05 06:02:30] [DEBUG] PartsDefinitionController::editPartsAction() start...
[2026-07-05 06:02:30] [DEBUG] PartsDefinitionModel::getAllPartsList() start... Project ID: PRJ-D45FEF
[2026-07-05 06:02:30] [DEBUG] PartsDefinitionModel::getColumnsByTableId() start... Input: developers
[2026-07-05 06:02:30] [DEBUG] 逆引き成功: 物理名 developers -> table_id : 6
[2026-07-05 06:02:30] [DEBUG] PartsDefinitionModel::getColumnsByTableId() finish. 件数: 9
[2026-07-05 06:02:30] [DEBUG] PartsDefinitionModel::getTableStructure() start... Project ID: PRJ-D45FEF
[2026-07-05 06:02:30] [DEBUG] Screen::updateAreaE() [iframe起動版] path: \Develop\Views\AreaE\PartsDefinition\RegistParts.view start...
[2026-07-05 06:02:30] [DEBUG] Screen::getContents() start...
[2026-07-05 06:02:30] [DEBUG] Screen::getContents() finish.
[2026-07-05 06:02:30] [DEBUG] Screen::updateAreaE() finish.
[2026-07-05 06:02:30] [DEBUG] PartsDefinitionController::editPartsAction() end.
[2026-07-05 06:02:30] [DEBUG] Screen::areaView() start...
[2026-07-05 06:02:30] [DEBUG] Screen::areaView() finish.
[2026-07-05 06:02:31] [DEBUG] --- wwProject System Start ---
[2026-07-05 06:02:31] [DEBUG] Router::Router() /jemini/wwProjectV1.34/Develop/Console/ServerBridgeAction/
[2026-07-05 06:02:31] [DEBUG] Attempting to load: \Develop\Controllers\ConsoleController::ServerBridgeAction
[2026-07-05 06:02:31] [DEBUG] Router: Executing \Develop\Controllers\ConsoleController->ServerBridgeAction
[2026-07-05 06:02:31] [DEBUG] ConsoleController::ServerBridge() start...
[2026-07-05 06:02:31] [DEBUG] ConsoleController::ServerBridge() \Develop\Controllers\PartsDefinitionController::editPartsAction()
[2026-07-05 06:02:31] [DEBUG] PartsDefinitionController::editPartsAction() start...
[2026-07-05 06:02:31] [DEBUG] PartsDefinitionModel::getAllPartsList() start... Project ID: PRJ-D45FEF
[2026-07-05 06:02:31] [DEBUG] PartsDefinitionModel::getColumnsByTableId() start... Input: developers
[2026-07-05 06:02:31] [DEBUG] 逆引き成功: 物理名 developers -> table_id : 6
[2026-07-05 06:02:31] [DEBUG] PartsDefinitionModel::getColumnsByTableId() finish. 件数: 9
[2026-07-05 06:02:31] [DEBUG] PartsDefinitionModel::getTableStructure() start... Project ID: PRJ-D45FEF
[2026-07-05 06:02:31] [DEBUG] Screen::updateAreaE() [iframe起動版] path: \Develop\Views\AreaE\PartsDefinition\RegistParts.view start...
[2026-07-05 06:02:31] [DEBUG] Screen::getContents() start...
[2026-07-05 06:02:31] [DEBUG] Screen::getContents() finish.
[2026-07-05 06:02:31] [DEBUG] Screen::updateAreaE() finish.
[2026-07-05 06:02:31] [DEBUG] PartsDefinitionController::editPartsAction() end.
[2026-07-05 06:02:31] [DEBUG] Screen::areaView() start...
[2026-07-05 06:02:31] [DEBUG] Screen::areaView() finish.
[2026-07-05 06:02:32] [DEBUG] --- wwProject System Start ---
[2026-07-05 06:02:32] [DEBUG] Router::Router() /jemini/wwProjectV1.34/Develop/Console/ServerBridgeAction/
[2026-07-05 06:02:32] [DEBUG] Attempting to load: \Develop\Controllers\ConsoleController::ServerBridgeAction
[2026-07-05 06:02:32] [DEBUG] Router: Executing \Develop\Controllers\ConsoleController->ServerBridgeAction
[2026-07-05 06:02:32] [DEBUG] ConsoleController::ServerBridge() start...
[2026-07-05 06:02:32] [DEBUG] ConsoleController::ServerBridge() \Develop\Controllers\PartsDefinitionController::editPartsAction()
[2026-07-05 06:02:32] [DEBUG] PartsDefinitionController::editPartsAction() start...
[2026-07-05 06:02:32] [DEBUG] PartsDefinitionModel::getAllPartsList() start... Project ID: PRJ-D45FEF
[2026-07-05 06:02:32] [DEBUG] PartsDefinitionModel::getColumnsByTableId() start... Input: developers
[2026-07-05 06:02:32] [DEBUG] 逆引き成功: 物理名 developers -> table_id : 6
[2026-07-05 06:02:32] [DEBUG] PartsDefinitionModel::getColumnsByTableId() finish. 件数: 9
[2026-07-05 06:02:32] [DEBUG] PartsDefinitionModel::getTableStructure() start... Project ID: PRJ-D45FEF
[2026-07-05 06:02:32] [DEBUG] Screen::updateAreaE() [iframe起動版] path: \Develop\Views\AreaE\PartsDefinition\RegistParts.view start...
[2026-07-05 06:02:32] [DEBUG] Screen::getContents() start...
[2026-07-05 06:02:32] [DEBUG] Screen::getContents() finish.
[2026-07-05 06:02:32] [DEBUG] Screen::updateAreaE() finish.
[2026-07-05 06:02:32] [DEBUG] PartsDefinitionController::editPartsAction() end.
[2026-07-05 06:02:32] [DEBUG] Screen::areaView() start...
[2026-07-05 06:02:32] [DEBUG] Screen::areaView() finish.
[2026-07-05 06:02:32] [DEBUG] --- wwProject System Start ---
[2026-07-05 06:02:32] [DEBUG] Router::Router() /jemini/wwProjectV1.34/Develop/Console/ServerBridgeAction/
[2026-07-05 06:02:32] [DEBUG] Attempting to load: \Develop\Controllers\ConsoleController::ServerBridgeAction
[2026-07-05 06:02:32] [DEBUG] Router: Executing \Develop\Controllers\ConsoleController->ServerBridgeAction
[2026-07-05 06:02:32] [DEBUG] ConsoleController::ServerBridge() start...
[2026-07-05 06:02:32] [DEBUG] ConsoleController::ServerBridge() \Develop\Controllers\PartsDefinitionController::editPartsAction()
[2026-07-05 06:02:32] [DEBUG] PartsDefinitionController::editPartsAction() start...
[2026-07-05 06:02:32] [DEBUG] PartsDefinitionModel::getAllPartsList() start... Project ID: PRJ-D45FEF
[2026-07-05 06:02:32] [DEBUG] PartsDefinitionModel::getColumnsByTableId() start... Input: developers
[2026-07-05 06:02:32] [DEBUG] 逆引き成功: 物理名 developers -> table_id : 6
[2026-07-05 06:02:32] [DEBUG] PartsDefinitionModel::getColumnsByTableId() finish. 件数: 9
[2026-07-05 06:02:32] [DEBUG] PartsDefinitionModel::getTableStructure() start... Project ID: PRJ-D45FEF
[2026-07-05 06:02:32] [DEBUG] Screen::updateAreaE() [iframe起動版] path: \Develop\Views\AreaE\PartsDefinition\RegistParts.view start...
[2026-07-05 06:02:32] [DEBUG] Screen::getContents() start...
[2026-07-05 06:02:32] [DEBUG] Screen::getContents() finish.
[2026-07-05 06:02:32] [DEBUG] Screen::updateAreaE() finish.
[2026-07-05 06:02:32] [DEBUG] PartsDefinitionController::editPartsAction() end.
[2026-07-05 06:02:32] [DEBUG] Screen::areaView() start...
[2026-07-05 06:02:32] [DEBUG] Screen::areaView() finish.
[2026-07-05 06:02:33] [DEBUG] --- wwProject System Start ---
[2026-07-05 06:02:33] [DEBUG] Router::Router() /jemini/wwProjectV1.34/Develop/Console/ServerBridgeAction/
[2026-07-05 06:02:33] [DEBUG] Attempting to load: \Develop\Controllers\ConsoleController::ServerBridgeAction
[2026-07-05 06:02:33] [DEBUG] Router: Executing \Develop\Controllers\ConsoleController->ServerBridgeAction
[2026-07-05 06:02:33] [DEBUG] ConsoleController::ServerBridge() start...
[2026-07-05 06:02:33] [DEBUG] ConsoleController::ServerBridge() \Develop\Controllers\PartsDefinitionController::editPartsAction()
[2026-07-05 06:02:33] [DEBUG] PartsDefinitionController::editPartsAction() start...
[2026-07-05 06:02:33] [DEBUG] PartsDefinitionModel::getAllPartsList() start... Project ID: PRJ-D45FEF
[2026-07-05 06:02:33] [DEBUG] PartsDefinitionModel::getTableStructure() start... Project ID: PRJ-D45FEF
[2026-07-05 06:02:33] [DEBUG] Screen::updateAreaE() [iframe起動版] path: \Develop\Views\AreaE\PartsDefinition\RegistParts.view start...
[2026-07-05 06:02:33] [DEBUG] Screen::getContents() start...
[2026-07-05 06:02:33] [DEBUG] Screen::getContents() finish.
[2026-07-05 06:02:33] [DEBUG] Screen::updateAreaE() finish.
[2026-07-05 06:02:33] [DEBUG] PartsDefinitionController::editPartsAction() end.
[2026-07-05 06:02:33] [DEBUG] Screen::areaView() start...
[2026-07-05 06:02:33] [DEBUG] Screen::areaView() finish.
[2026-07-05 06:02:34] [DEBUG] --- wwProject System Start ---
[2026-07-05 06:02:34] [DEBUG] Router::Router() /jemini/wwProjectV1.34/Develop/Console/ServerBridgeAction/
[2026-07-05 06:02:34] [DEBUG] Attempting to load: \Develop\Controllers\ConsoleController::ServerBridgeAction
[2026-07-05 06:02:34] [DEBUG] Router: Executing \Develop\Controllers\ConsoleController->ServerBridgeAction
[2026-07-05 06:02:34] [DEBUG] ConsoleController::ServerBridge() start...
[2026-07-05 06:02:34] [DEBUG] ConsoleController::ServerBridge() \Develop\Controllers\PartsDefinitionController::editPartsAction()
[2026-07-05 06:02:34] [DEBUG] PartsDefinitionController::editPartsAction() start...
[2026-07-05 06:02:34] [DEBUG] PartsDefinitionModel::getAllPartsList() start... Project ID: PRJ-D45FEF
[2026-07-05 06:02:34] [DEBUG] PartsDefinitionModel::getTableStructure() start... Project ID: PRJ-D45FEF
[2026-07-05 06:02:34] [DEBUG] Screen::updateAreaE() [iframe起動版] path: \Develop\Views\AreaE\PartsDefinition\RegistParts.view start...
[2026-07-05 06:02:34] [DEBUG] Screen::getContents() start...
[2026-07-05 06:02:34] [DEBUG] Screen::getContents() finish.
[2026-07-05 06:02:34] [DEBUG] Screen::updateAreaE() finish.
[2026-07-05 06:02:34] [DEBUG] PartsDefinitionController::editPartsAction() end.
[2026-07-05 06:02:34] [DEBUG] Screen::areaView() start...
[2026-07-05 06:02:34] [DEBUG] Screen::areaView() finish.
[2026-07-05 06:02:35] [DEBUG] --- wwProject System Start ---
[2026-07-05 06:02:35] [DEBUG] Router::Router() /jemini/wwProjectV1.34/Develop/Console/ServerBridgeAction/
[2026-07-05 06:02:35] [DEBUG] Attempting to load: \Develop\Controllers\ConsoleController::ServerBridgeAction
[2026-07-05 06:02:35] [DEBUG] Router: Executing \Develop\Controllers\ConsoleController->ServerBridgeAction
[2026-07-05 06:02:35] [DEBUG] ConsoleController::ServerBridge() start...
[2026-07-05 06:02:35] [DEBUG] ConsoleController::ServerBridge() \Develop\Controllers\PartsDefinitionController::editPartsAction()
[2026-07-05 06:02:35] [DEBUG] PartsDefinitionController::editPartsAction() start...
[2026-07-05 06:02:35] [DEBUG] PartsDefinitionModel::getAllPartsList() start... Project ID: PRJ-D45FEF
[2026-07-05 06:02:35] [DEBUG] PartsDefinitionModel::getTableStructure() start... Project ID: PRJ-D45FEF
[2026-07-05 06:02:35] [DEBUG] Screen::updateAreaE() [iframe起動版] path: \Develop\Views\AreaE\PartsDefinition\RegistParts.view start...
[2026-07-05 06:02:35] [DEBUG] Screen::getContents() start...
[2026-07-05 06:02:35] [DEBUG] Screen::getContents() finish.
[2026-07-05 06:02:35] [DEBUG] Screen::updateAreaE() finish.
[2026-07-05 06:02:35] [DEBUG] PartsDefinitionController::editPartsAction() end.
[2026-07-05 06:02:35] [DEBUG] Screen::areaView() start...
[2026-07-05 06:02:35] [DEBUG] Screen::areaView() finish.
[2026-07-05 06:02:42] [DEBUG] --- wwProject System Start ---
[2026-07-05 06:02:42] [DEBUG] Router::Router() /jemini/wwProjectV1.34/Develop/Console/ServerBridgeAction/
[2026-07-05 06:02:42] [DEBUG] Attempting to load: \Develop\Controllers\ConsoleController::ServerBridgeAction
[2026-07-05 06:02:42] [DEBUG] Router: Executing \Develop\Controllers\ConsoleController->ServerBridgeAction
[2026-07-05 06:02:42] [DEBUG] ConsoleController::ServerBridge() start...
[2026-07-05 06:02:42] [DEBUG] ConsoleController::ServerBridge() \Develop\Controllers\PartsDefinitionController::editPartsAction()
[2026-07-05 06:02:42] [DEBUG] PartsDefinitionController::editPartsAction() start...
[2026-07-05 06:02:42] [DEBUG] PartsDefinitionModel::getAllPartsList() start... Project ID: PRJ-D45FEF
[2026-07-05 06:02:42] [DEBUG] PartsDefinitionModel::getColumnsByTableId() start... Input: developers
[2026-07-05 06:02:42] [DEBUG] 逆引き成功: 物理名 developers -> table_id : 6
[2026-07-05 06:02:42] [DEBUG] PartsDefinitionModel::getColumnsByTableId() finish. 件数: 9
[2026-07-05 06:02:42] [DEBUG] PartsDefinitionModel::getTableStructure() start... Project ID: PRJ-D45FEF
[2026-07-05 06:02:42] [DEBUG] Screen::updateAreaE() [iframe起動版] path: \Develop\Views\AreaE\PartsDefinition\RegistParts.view start...
[2026-07-05 06:02:42] [DEBUG] Screen::getContents() start...
[2026-07-05 06:02:42] [DEBUG] Screen::getContents() finish.
[2026-07-05 06:02:42] [DEBUG] Screen::updateAreaE() finish.
[2026-07-05 06:02:42] [DEBUG] PartsDefinitionController::editPartsAction() end.
[2026-07-05 06:02:42] [DEBUG] Screen::areaView() start...
[2026-07-05 06:02:42] [DEBUG] Screen::areaView() finish.
[2026-07-05 06:03:10] [DEBUG] --- wwProject System Start ---
[2026-07-05 06:03:10] [DEBUG] Router::Router() /jemini/wwProjectV1.34/Develop/
[2026-07-05 06:03:10] [DEBUG] Attempting to load: \Develop\Controllers\LoginController::initialAction
[2026-07-05 06:03:10] [DEBUG] Router: Executing \Develop\Controllers\LoginController->initialAction
[2026-07-05 06:03:10] [DEBUG] Login::initialAction() start...
[2026-07-05 06:03:10] [DEBUG] Login::initialAction() errorMessage : 
[2026-07-05 06:03:10] [DEBUG] Screen::view() path: \Develop\Views\Login\Login.view start...
[2026-07-05 06:03:10] [DEBUG] Screen::getContents() start...
[2026-07-05 06:03:10] [DEBUG] Screen::getContents() finish.
[2026-07-05 06:03:10] [DEBUG] Screen::view() path: \Develop\Views\Login\Login.view finish.
[2026-07-05 06:03:10] [DEBUG] Login::initialAction() finish.
[2026-07-05 06:03:16] [DEBUG] --- wwProject System Start ---
[2026-07-05 06:03:16] [DEBUG] Router::Router() /jemini/wwProjectV1.34/Develop/Login/authentication/
[2026-07-05 06:03:16] [DEBUG] Attempting to load: \Develop\Controllers\LoginController::authenticationAction
[2026-07-05 06:03:16] [DEBUG] Router: Executing \Develop\Controllers\LoginController->authenticationAction
[2026-07-05 06:03:17] [DEBUG] Login::AuthenticationAction() start...
[2026-07-05 06:03:17] [DEBUG] Login OK - x
[2026-07-05 06:03:17] [DEBUG] Session::start()
[2026-07-05 06:03:17] [DEBUG] Redirect to Console::initialAction()
[2026-07-05 06:03:17] [DEBUG] --- wwProject System Start ---
[2026-07-05 06:03:17] [DEBUG] Router::Router() /jemini/wwProjectV1.34/Develop/Console/initial/
[2026-07-05 06:03:17] [DEBUG] Attempting to load: \Develop\Controllers\ConsoleController::initialAction
[2026-07-05 06:03:17] [DEBUG] Router: Executing \Develop\Controllers\ConsoleController->initialAction
[2026-07-05 06:03:17] [DEBUG] Console::initialAction() start...
[2026-07-05 06:03:17] [DEBUG] Screen::view() path: \Develop\Views\Console\Console.view start...
[2026-07-05 06:03:17] [DEBUG] Screen::getContents() start...
[2026-07-05 06:03:17] [DEBUG] Screen::getContents() finish.
[2026-07-05 06:03:17] [DEBUG] Screen::view() path: \Develop\Views\Console\Console.view finish.
[2026-07-05 06:03:17] [DEBUG] ConsoleController::initialAction() finish.
[2026-07-05 06:03:17] [DEBUG] --- wwProject System Start ---
[2026-07-05 06:03:17] [DEBUG] Router::Router() /jemini/wwProjectV1.34/Develop/Console/ServerBridgeAction/
[2026-07-05 06:03:17] [DEBUG] Attempting to load: \Develop\Controllers\ConsoleController::ServerBridgeAction
[2026-07-05 06:03:17] [DEBUG] Router: Executing \Develop\Controllers\ConsoleController->ServerBridgeAction
[2026-07-05 06:03:17] [DEBUG] ConsoleController::ServerBridge() start...
[2026-07-05 06:03:17] [DEBUG] ConsoleController::ServerBridge() \Develop\Controllers\ConsoleController::areaInitialAction()
[2026-07-05 06:03:17] [DEBUG] ConsoleController::AreaInitialAction() start...
[2026-07-05 06:03:17] [DEBUG] Screen::updateAreaA() path: \Develop\Views\AreaA\Area_A.view start...
[2026-07-05 06:03:17] [DEBUG] Screen::areaView() sending JSON: ["areas"]
[2026-07-05 06:03:17] [DEBUG] Screen::getContents() start...
[2026-07-05 06:03:17] [DEBUG] Screen::getContents() finish.
[2026-07-05 06:03:17] [DEBUG] Screen::updateAreaA() finish.
[2026-07-05 06:03:17] [DEBUG] Screen::updateAreaB() path: \Develop\Views\AreaB\Area_B.view start...
[2026-07-05 06:03:17] [DEBUG] Screen::getContents() start...
[2026-07-05 06:03:17] [DEBUG] Screen::getContents() finish.
[2026-07-05 06:03:17] [DEBUG] Screen::updateAreaB() finish.
[2026-07-05 06:03:17] [DEBUG] Screen::updateAreaD() path: \Develop\Views\AreaD\Area_D_clear.view start...
[2026-07-05 06:03:17] [DEBUG] Screen::getContents() start...
[2026-07-05 06:03:17] [DEBUG] Screen::getContents() finish.
[2026-07-05 06:03:17] [DEBUG] Screen::updateAreaD() finish.
[2026-07-05 06:03:17] [DEBUG] Screen::updateAreaE() [iframe起動版] path: \Develop\Views\AreaE\Area_E_clear.view start...
[2026-07-05 06:03:17] [DEBUG] Screen::getContents() start...
[2026-07-05 06:03:17] [DEBUG] Screen::getContents() finish.
[2026-07-05 06:03:17] [DEBUG] Screen::updateAreaE() finish.
[2026-07-05 06:03:17] [DEBUG] Screen::updateAreaF() path: \Develop\Views\AreaF\Area_F.view start...
[2026-07-05 06:03:17] [DEBUG] Screen::getContents() start...
[2026-07-05 06:03:17] [DEBUG] Screen::getContents() finish.
[2026-07-05 06:03:17] [DEBUG] Screen::updateAreaF() finish.
[2026-07-05 06:03:17] [DEBUG] ProjectController::startProjectNabi() start...
[2026-07-05 06:03:17] [DEBUG] ProjectController::getProjectListHtml() start...
[2026-07-05 06:03:17] [DEBUG] ProjectModel::getProjectList() start...
[2026-07-05 06:03:17] [DEBUG] ProjectModel::getProjectList() finish.
[2026-07-05 06:03:17] [DEBUG] CodeMasterModel：：getCodesByGroup() start...
[2026-07-05 06:03:17] [DEBUG] CodeMasterModel：：getCodesByGroup() finish.
[2026-07-05 06:03:17] [DEBUG] ProjectController::getNaviFooterHtml() start...
[2026-07-05 06:03:17] [DEBUG] ProjectController::getNaviFooterHtml() finish.
[2026-07-05 06:03:17] [DEBUG] ProjectController::startProjectNabi() finish.
[2026-07-05 06:03:17] [DEBUG] Screen::updateAreaC() \Develop\Views\AreaC\Area_C.view start...
[2026-07-05 06:03:17] [DEBUG] Screen::getContents() start...
[2026-07-05 06:03:17] [DEBUG] Screen::getContents() finish.
[2026-07-05 06:03:17] [DEBUG] Screen::updateAreaC() finish.
[2026-07-05 06:03:17] [DEBUG] ConsoleController::AreaInitialAction() finish.
[2026-07-05 06:03:17] [DEBUG] Screen::areaView() start...
[2026-07-05 06:03:17] [DEBUG] Screen::areaView() finish.
[2026-07-05 06:03:18] [DEBUG] --- wwProject System Start ---
[2026-07-05 06:03:18] [DEBUG] Router::Router() /jemini/wwProjectV1.34/Develop/Console/ServerBridgeAction/
[2026-07-05 06:03:18] [DEBUG] Attempting to load: \Develop\Controllers\ConsoleController::ServerBridgeAction
[2026-07-05 06:03:18] [DEBUG] Router: Executing \Develop\Controllers\ConsoleController->ServerBridgeAction
[2026-07-05 06:03:18] [DEBUG] ConsoleController::ServerBridge() start...
[2026-07-05 06:03:18] [DEBUG] ConsoleController::ServerBridge() \Develop\Controllers\ProjectController::projectSelectAction()
[2026-07-05 06:03:18] [DEBUG] ProjectController::projectSelectAction() start...
[2026-07-05 06:03:18] [DEBUG] ProjectController::projectSelectAction() ☆★☆　SampleProject１
[2026-07-05 06:03:18] [DEBUG] Screen::updateAreaB() path: \Develop\Views\AreaB\Area_B.view start...
[2026-07-05 06:03:18] [DEBUG] Screen::getContents() start...
[2026-07-05 06:03:18] [DEBUG] Screen::getContents() finish.
[2026-07-05 06:03:18] [DEBUG] Screen::updateAreaB() finish.
[2026-07-05 06:03:18] [DEBUG] ProjectController::projectSelectAction() PRJ-D45FEF : PRJ-D45FEF
[2026-07-05 06:03:18] [DEBUG] ProjectController::getProjectListHtml() start...
[2026-07-05 06:03:18] [DEBUG] ProjectModel::getProjectList() start...
[2026-07-05 06:03:18] [DEBUG] ProjectModel::getProjectList() finish.
[2026-07-05 06:03:18] [DEBUG] CodeMasterModel：：getCodesByGroup() start...
[2026-07-05 06:03:18] [DEBUG] CodeMasterModel：：getCodesByGroup() finish.
[2026-07-05 06:03:18] [DEBUG] ProjectController::getNaviFooterHtml() start...
[2026-07-05 06:03:18] [DEBUG] ProjectController::getNaviFooterHtml() finish.
[2026-07-05 06:03:18] [DEBUG] Screen::updateAreaC() \Develop\Views\AreaC\Area_C.view start...
[2026-07-05 06:03:18] [DEBUG] Screen::getContents() start...
[2026-07-05 06:03:18] [DEBUG] Screen::getContents() finish.
[2026-07-05 06:03:18] [DEBUG] Screen::updateAreaC() finish.
[2026-07-05 06:03:18] [DEBUG] Screen::updateAreaD() path: \Develop\Views\AreaD\Area_D_clear.view start...
[2026-07-05 06:03:18] [DEBUG] Screen::getContents() start...
[2026-07-05 06:03:18] [DEBUG] Screen::getContents() finish.
[2026-07-05 06:03:18] [DEBUG] Screen::updateAreaD() finish.
[2026-07-05 06:03:18] [DEBUG] Screen::updateAreaE() [iframe起動版] path: \Develop\Views\AreaE\Area_E_clear.view start...
[2026-07-05 06:03:18] [DEBUG] Screen::getContents() start...
[2026-07-05 06:03:18] [DEBUG] Screen::getContents() finish.
[2026-07-05 06:03:18] [DEBUG] Screen::updateAreaE() finish.
[2026-07-05 06:03:18] [DEBUG] ProjectController::projectSelectAction() finish.
[2026-07-05 06:03:18] [DEBUG] Screen::areaView() start...
[2026-07-05 06:03:18] [DEBUG] Screen::areaView() finish.
[2026-07-05 06:03:19] [DEBUG] --- wwProject System Start ---
[2026-07-05 06:03:19] [DEBUG] Router::Router() /jemini/wwProjectV1.34/Develop/Console/ServerBridgeAction/
[2026-07-05 06:03:19] [DEBUG] Attempting to load: \Develop\Controllers\ConsoleController::ServerBridgeAction
[2026-07-05 06:03:19] [DEBUG] Router: Executing \Develop\Controllers\ConsoleController->ServerBridgeAction
[2026-07-05 06:03:19] [DEBUG] ConsoleController::ServerBridge() start...
[2026-07-05 06:03:19] [DEBUG] ConsoleController::ServerBridge() \Develop\Controllers\PartsDefinitionController::InitialAction()
[2026-07-05 06:03:19] [DEBUG] DBDefinitionController::initialAction() start...
[2026-07-05 06:03:19] [DEBUG] PartsDefinitionController::initialAction() projectId : PRJ-D45FEF
[2026-07-05 06:03:19] [DEBUG] PartsDefinitionModel::getAllPartsList() start... Project ID: PRJ-D45FEF
[2026-07-05 06:03:19] [DEBUG] Screen::updateAreaD() path: \Develop\Views\AreaD\PartsDefinition\PartsDefinitionList.view start...
[2026-07-05 06:03:19] [DEBUG] Screen::getContents() start...
[2026-07-05 06:03:19] [DEBUG] Screen::getContents() finish.
[2026-07-05 06:03:19] [DEBUG] Screen::updateAreaD() finish.
[2026-07-05 06:03:19] [DEBUG] Screen::updateAreaE() [iframe起動版] path: \Develop\Views\AreaE\Area_E_clear.view start...
[2026-07-05 06:03:19] [DEBUG] Screen::getContents() start...
[2026-07-05 06:03:19] [DEBUG] Screen::getContents() finish.
[2026-07-05 06:03:19] [DEBUG] Screen::updateAreaE() finish.
[2026-07-05 06:03:19] [DEBUG] DBDefinitionController::initialAction() end.
[2026-07-05 06:03:19] [DEBUG] Screen::areaView() start...
[2026-07-05 06:03:19] [DEBUG] Screen::areaView() finish.
[2026-07-05 06:03:21] [DEBUG] --- wwProject System Start ---
[2026-07-05 06:03:21] [DEBUG] Router::Router() /jemini/wwProjectV1.34/Develop/Console/ServerBridgeAction/
[2026-07-05 06:03:21] [DEBUG] Attempting to load: \Develop\Controllers\ConsoleController::ServerBridgeAction
[2026-07-05 06:03:21] [DEBUG] Router: Executing \Develop\Controllers\ConsoleController->ServerBridgeAction
[2026-07-05 06:03:21] [DEBUG] ConsoleController::ServerBridge() start...
[2026-07-05 06:03:21] [DEBUG] ConsoleController::ServerBridge() \Develop\Controllers\PartsDefinitionController::editPartsAction()
[2026-07-05 06:03:21] [DEBUG] PartsDefinitionController::editPartsAction() start...
[2026-07-05 06:03:21] [DEBUG] PartsDefinitionModel::getAllPartsList() start... Project ID: PRJ-D45FEF
[2026-07-05 06:03:21] [DEBUG] PartsDefinitionModel::getColumnsByTableId() start... Input: developers
[2026-07-05 06:03:21] [DEBUG] 逆引き成功: 物理名 developers -> table_id : 6
[2026-07-05 06:03:21] [DEBUG] PartsDefinitionModel::getColumnsByTableId() finish. 件数: 9
[2026-07-05 06:03:21] [DEBUG] PartsDefinitionModel::getTableStructure() start... Project ID: PRJ-D45FEF
[2026-07-05 06:03:21] [DEBUG] Screen::updateAreaE() [iframe起動版] path: \Develop\Views\AreaE\PartsDefinition\RegistParts.view start...
[2026-07-05 06:03:21] [DEBUG] Screen::getContents() start...
[2026-07-05 06:03:21] [DEBUG] Screen::getContents() finish.
[2026-07-05 06:03:21] [DEBUG] Screen::updateAreaE() finish.
[2026-07-05 06:03:21] [DEBUG] PartsDefinitionController::editPartsAction() end.
[2026-07-05 06:03:21] [DEBUG] Screen::areaView() start...
[2026-07-05 06:03:21] [DEBUG] Screen::areaView() finish.
[2026-07-05 06:03:22] [DEBUG] --- wwProject System Start ---
[2026-07-05 06:03:22] [DEBUG] Router::Router() /jemini/wwProjectV1.34/Develop/Console/ServerBridgeAction/
[2026-07-05 06:03:22] [DEBUG] Attempting to load: \Develop\Controllers\ConsoleController::ServerBridgeAction
[2026-07-05 06:03:22] [DEBUG] Router: Executing \Develop\Controllers\ConsoleController->ServerBridgeAction
[2026-07-05 06:03:22] [DEBUG] ConsoleController::ServerBridge() start...
[2026-07-05 06:03:22] [DEBUG] ConsoleController::ServerBridge() \Develop\Controllers\PartsDefinitionController::editPartsAction()
[2026-07-05 06:03:22] [DEBUG] PartsDefinitionController::editPartsAction() start...
[2026-07-05 06:03:22] [DEBUG] PartsDefinitionModel::getAllPartsList() start... Project ID: PRJ-D45FEF
[2026-07-05 06:03:22] [DEBUG] PartsDefinitionModel::getColumnsByTableId() start... Input: developers
[2026-07-05 06:03:22] [DEBUG] 逆引き成功: 物理名 developers -> table_id : 6
[2026-07-05 06:03:22] [DEBUG] PartsDefinitionModel::getColumnsByTableId() finish. 件数: 9
[2026-07-05 06:03:22] [DEBUG] PartsDefinitionModel::getTableStructure() start... Project ID: PRJ-D45FEF
[2026-07-05 06:03:22] [DEBUG] Screen::updateAreaE() [iframe起動版] path: \Develop\Views\AreaE\PartsDefinition\RegistParts.view start...
[2026-07-05 06:03:22] [DEBUG] Screen::getContents() start...
[2026-07-05 06:03:22] [DEBUG] Screen::getContents() finish.
[2026-07-05 06:03:22] [DEBUG] Screen::updateAreaE() finish.
[2026-07-05 06:03:22] [DEBUG] PartsDefinitionController::editPartsAction() end.
[2026-07-05 06:03:22] [DEBUG] Screen::areaView() start...
[2026-07-05 06:03:22] [DEBUG] Screen::areaView() finish.
[2026-07-05 06:03:23] [DEBUG] --- wwProject System Start ---
[2026-07-05 06:03:23] [DEBUG] Router::Router() /jemini/wwProjectV1.34/Develop/Console/ServerBridgeAction/
[2026-07-05 06:03:23] [DEBUG] Attempting to load: \Develop\Controllers\ConsoleController::ServerBridgeAction
[2026-07-05 06:03:23] [DEBUG] Router: Executing \Develop\Controllers\ConsoleController->ServerBridgeAction
[2026-07-05 06:03:23] [DEBUG] ConsoleController::ServerBridge() start...
[2026-07-05 06:03:23] [DEBUG] ConsoleController::ServerBridge() \Develop\Controllers\PartsDefinitionController::editPartsAction()
[2026-07-05 06:03:23] [DEBUG] PartsDefinitionController::editPartsAction() start...
[2026-07-05 06:03:23] [DEBUG] PartsDefinitionModel::getAllPartsList() start... Project ID: PRJ-D45FEF
[2026-07-05 06:03:23] [DEBUG] PartsDefinitionModel::getColumnsByTableId() start... Input: developers
[2026-07-05 06:03:23] [DEBUG] 逆引き成功: 物理名 developers -> table_id : 6
[2026-07-05 06:03:23] [DEBUG] PartsDefinitionModel::getColumnsByTableId() finish. 件数: 9
[2026-07-05 06:03:23] [DEBUG] PartsDefinitionModel::getTableStructure() start... Project ID: PRJ-D45FEF
[2026-07-05 06:03:23] [DEBUG] Screen::updateAreaE() [iframe起動版] path: \Develop\Views\AreaE\PartsDefinition\RegistParts.view start...
[2026-07-05 06:03:23] [DEBUG] Screen::getContents() start...
[2026-07-05 06:03:23] [DEBUG] Screen::getContents() finish.
[2026-07-05 06:03:23] [DEBUG] Screen::updateAreaE() finish.
[2026-07-05 06:03:23] [DEBUG] PartsDefinitionController::editPartsAction() end.
[2026-07-05 06:03:23] [DEBUG] Screen::areaView() start...
[2026-07-05 06:03:23] [DEBUG] Screen::areaView() finish.
[2026-07-05 06:03:23] [DEBUG] --- wwProject System Start ---
[2026-07-05 06:03:23] [DEBUG] Router::Router() /jemini/wwProjectV1.34/Develop/Console/ServerBridgeAction/
[2026-07-05 06:03:23] [DEBUG] Attempting to load: \Develop\Controllers\ConsoleController::ServerBridgeAction
[2026-07-05 06:03:23] [DEBUG] Router: Executing \Develop\Controllers\ConsoleController->ServerBridgeAction
[2026-07-05 06:03:23] [DEBUG] ConsoleController::ServerBridge() start...
[2026-07-05 06:03:23] [DEBUG] ConsoleController::ServerBridge() \Develop\Controllers\PartsDefinitionController::editPartsAction()
[2026-07-05 06:03:23] [DEBUG] PartsDefinitionController::editPartsAction() start...
[2026-07-05 06:03:23] [DEBUG] PartsDefinitionModel::getAllPartsList() start... Project ID: PRJ-D45FEF
[2026-07-05 06:03:23] [DEBUG] PartsDefinitionModel::getColumnsByTableId() start... Input: developers
[2026-07-05 06:03:23] [DEBUG] 逆引き成功: 物理名 developers -> table_id : 6
[2026-07-05 06:03:23] [DEBUG] PartsDefinitionModel::getColumnsByTableId() finish. 件数: 9
[2026-07-05 06:03:23] [DEBUG] PartsDefinitionModel::getTableStructure() start... Project ID: PRJ-D45FEF
[2026-07-05 06:03:23] [DEBUG] Screen::updateAreaE() [iframe起動版] path: \Develop\Views\AreaE\PartsDefinition\RegistParts.view start...
[2026-07-05 06:03:23] [DEBUG] Screen::getContents() start...
[2026-07-05 06:03:23] [DEBUG] Screen::getContents() finish.
[2026-07-05 06:03:23] [DEBUG] Screen::updateAreaE() finish.
[2026-07-05 06:03:23] [DEBUG] PartsDefinitionController::editPartsAction() end.
[2026-07-05 06:03:23] [DEBUG] Screen::areaView() start...
[2026-07-05 06:03:23] [DEBUG] Screen::areaView() finish.
[2026-07-05 06:03:25] [DEBUG] --- wwProject System Start ---
[2026-07-05 06:03:25] [DEBUG] Router::Router() /jemini/wwProjectV1.34/Develop/Console/ServerBridgeAction/
[2026-07-05 06:03:25] [DEBUG] Attempting to load: \Develop\Controllers\ConsoleController::ServerBridgeAction
[2026-07-05 06:03:25] [DEBUG] Router: Executing \Develop\Controllers\ConsoleController->ServerBridgeAction
[2026-07-05 06:03:25] [DEBUG] ConsoleController::ServerBridge() start...
[2026-07-05 06:03:25] [DEBUG] ConsoleController::ServerBridge() \Develop\Controllers\PartsDefinitionController::editPartsAction()
[2026-07-05 06:03:25] [DEBUG] PartsDefinitionController::editPartsAction() start...
[2026-07-05 06:03:25] [DEBUG] PartsDefinitionModel::getAllPartsList() start... Project ID: PRJ-D45FEF
[2026-07-05 06:03:25] [DEBUG] PartsDefinitionModel::getTableStructure() start... Project ID: PRJ-D45FEF
[2026-07-05 06:03:25] [DEBUG] Screen::updateAreaE() [iframe起動版] path: \Develop\Views\AreaE\PartsDefinition\RegistParts.view start...
[2026-07-05 06:03:25] [DEBUG] Screen::getContents() start...
[2026-07-05 06:03:25] [DEBUG] Screen::getContents() finish.
[2026-07-05 06:03:25] [DEBUG] Screen::updateAreaE() finish.
[2026-07-05 06:03:25] [DEBUG] PartsDefinitionController::editPartsAction() end.
[2026-07-05 06:03:25] [DEBUG] Screen::areaView() start...
[2026-07-05 06:03:25] [DEBUG] Screen::areaView() finish.
[2026-07-05 06:03:26] [DEBUG] --- wwProject System Start ---
[2026-07-05 06:03:26] [DEBUG] Router::Router() /jemini/wwProjectV1.34/Develop/Console/ServerBridgeAction/
[2026-07-05 06:03:26] [DEBUG] Attempting to load: \Develop\Controllers\ConsoleController::ServerBridgeAction
[2026-07-05 06:03:26] [DEBUG] Router: Executing \Develop\Controllers\ConsoleController->ServerBridgeAction
[2026-07-05 06:03:26] [DEBUG] ConsoleController::ServerBridge() start...
[2026-07-05 06:03:26] [DEBUG] ConsoleController::ServerBridge() \Develop\Controllers\PartsDefinitionController::editPartsAction()
[2026-07-05 06:03:26] [DEBUG] PartsDefinitionController::editPartsAction() start...
[2026-07-05 06:03:26] [DEBUG] PartsDefinitionModel::getAllPartsList() start... Project ID: PRJ-D45FEF
[2026-07-05 06:03:26] [DEBUG] PartsDefinitionModel::getTableStructure() start... Project ID: PRJ-D45FEF
[2026-07-05 06:03:26] [DEBUG] Screen::updateAreaE() [iframe起動版] path: \Develop\Views\AreaE\PartsDefinition\RegistParts.view start...
[2026-07-05 06:03:26] [DEBUG] Screen::getContents() start...
[2026-07-05 06:03:26] [DEBUG] Screen::getContents() finish.
[2026-07-05 06:03:26] [DEBUG] Screen::updateAreaE() finish.
[2026-07-05 06:03:26] [DEBUG] PartsDefinitionController::editPartsAction() end.
[2026-07-05 06:03:26] [DEBUG] Screen::areaView() start...
[2026-07-05 06:03:26] [DEBUG] Screen::areaView() finish.
[2026-07-05 06:03:27] [DEBUG] --- wwProject System Start ---
[2026-07-05 06:03:27] [DEBUG] Router::Router() /jemini/wwProjectV1.34/Develop/Console/ServerBridgeAction/
[2026-07-05 06:03:27] [DEBUG] Attempting to load: \Develop\Controllers\ConsoleController::ServerBridgeAction
[2026-07-05 06:03:27] [DEBUG] Router: Executing \Develop\Controllers\ConsoleController->ServerBridgeAction
[2026-07-05 06:03:27] [DEBUG] ConsoleController::ServerBridge() start...
[2026-07-05 06:03:27] [DEBUG] ConsoleController::ServerBridge() \Develop\Controllers\PartsDefinitionController::editPartsAction()
[2026-07-05 06:03:27] [DEBUG] PartsDefinitionController::editPartsAction() start...
[2026-07-05 06:03:27] [DEBUG] PartsDefinitionModel::getAllPartsList() start... Project ID: PRJ-D45FEF
[2026-07-05 06:03:27] [DEBUG] PartsDefinitionModel::getTableStructure() start... Project ID: PRJ-D45FEF
[2026-07-05 06:03:27] [DEBUG] Screen::updateAreaE() [iframe起動版] path: \Develop\Views\AreaE\PartsDefinition\RegistParts.view start...
[2026-07-05 06:03:27] [DEBUG] Screen::getContents() start...
[2026-07-05 06:03:27] [DEBUG] Screen::getContents() finish.
[2026-07-05 06:03:27] [DEBUG] Screen::updateAreaE() finish.
[2026-07-05 06:03:27] [DEBUG] PartsDefinitionController::editPartsAction() end.
[2026-07-05 06:03:27] [DEBUG] Screen::areaView() start...
[2026-07-05 06:03:27] [DEBUG] Screen::areaView() finish.
[2026-07-05 06:16:27] [DEBUG] --- wwProject System Start ---
[2026-07-05 06:16:27] [DEBUG] Router::Router() /jemini/wwProjectV1.34/Develop/Console/ServerBridgeAction/
[2026-07-05 06:16:27] [DEBUG] Attempting to load: \Develop\Controllers\ConsoleController::ServerBridgeAction
[2026-07-05 06:16:27] [DEBUG] Router: Executing \Develop\Controllers\ConsoleController->ServerBridgeAction
[2026-07-05 06:16:27] [DEBUG] ConsoleController::ServerBridge() start...
[2026-07-05 06:16:27] [DEBUG] ConsoleController::ServerBridge() \Develop\Controllers\PartsDefinitionController::InitialAction()
[2026-07-05 06:16:27] [DEBUG] DBDefinitionController::initialAction() start...
[2026-07-05 06:16:27] [DEBUG] PartsDefinitionController::initialAction() projectId : PRJ-D45FEF
[2026-07-05 06:16:28] [DEBUG] PartsDefinitionModel::getAllPartsList() start... Project ID: PRJ-D45FEF
[2026-07-05 06:16:28] [DEBUG] Screen::updateAreaD() path: \Develop\Views\AreaD\PartsDefinition\PartsDefinitionList.view start...
[2026-07-05 06:16:28] [DEBUG] Screen::getContents() start...
[2026-07-05 06:16:28] [DEBUG] Screen::getContents() finish.
[2026-07-05 06:16:28] [DEBUG] Screen::updateAreaD() finish.
[2026-07-05 06:16:28] [DEBUG] Screen::updateAreaE() [iframe起動版] path: \Develop\Views\AreaE\Area_E_clear.view start...
[2026-07-05 06:16:28] [DEBUG] Screen::getContents() start...
[2026-07-05 06:16:28] [DEBUG] Screen::getContents() finish.
[2026-07-05 06:16:28] [DEBUG] Screen::updateAreaE() finish.
[2026-07-05 06:16:28] [DEBUG] DBDefinitionController::initialAction() end.
[2026-07-05 06:16:28] [DEBUG] Screen::areaView() start...
[2026-07-05 06:16:28] [DEBUG] Screen::areaView() finish.
[2026-07-05 06:16:29] [DEBUG] --- wwProject System Start ---
[2026-07-05 06:16:29] [DEBUG] Router::Router() /jemini/wwProjectV1.34/Develop/Console/ServerBridgeAction/
[2026-07-05 06:16:29] [DEBUG] Attempting to load: \Develop\Controllers\ConsoleController::ServerBridgeAction
[2026-07-05 06:16:29] [DEBUG] Router: Executing \Develop\Controllers\ConsoleController->ServerBridgeAction
[2026-07-05 06:16:29] [DEBUG] ConsoleController::ServerBridge() start...
[2026-07-05 06:16:29] [DEBUG] ConsoleController::ServerBridge() \Develop\Controllers\PartsDefinitionController::editPartsAction()
[2026-07-05 06:16:29] [DEBUG] PartsDefinitionController::editPartsAction() start...
[2026-07-05 06:16:29] [DEBUG] PartsDefinitionModel::getAllPartsList() start... Project ID: PRJ-D45FEF
[2026-07-05 06:16:29] [DEBUG] PartsDefinitionModel::getTableStructure() start... Project ID: PRJ-D45FEF
[2026-07-05 06:16:29] [DEBUG] Screen::updateAreaE() [iframe起動版] path: \Develop\Views\AreaE\PartsDefinition\RegistParts.view start...
[2026-07-05 06:16:29] [DEBUG] Screen::getContents() start...
[2026-07-05 06:16:30] [DEBUG] Screen::getContents() finish.
[2026-07-05 06:16:30] [DEBUG] Screen::updateAreaE() finish.
[2026-07-05 06:16:30] [DEBUG] PartsDefinitionController::editPartsAction() end.
[2026-07-05 06:16:30] [DEBUG] Screen::areaView() start...
[2026-07-05 06:16:30] [DEBUG] Screen::areaView() finish.
[2026-07-05 06:16:31] [DEBUG] --- wwProject System Start ---
[2026-07-05 06:16:31] [DEBUG] Router::Router() /jemini/wwProjectV1.34/Develop/Console/ServerBridgeAction/
[2026-07-05 06:16:31] [DEBUG] Attempting to load: \Develop\Controllers\ConsoleController::ServerBridgeAction
[2026-07-05 06:16:31] [DEBUG] Router: Executing \Develop\Controllers\ConsoleController->ServerBridgeAction
[2026-07-05 06:16:31] [DEBUG] ConsoleController::ServerBridge() start...
[2026-07-05 06:16:31] [DEBUG] ConsoleController::ServerBridge() \Develop\Controllers\PartsDefinitionController::editPartsAction()
[2026-07-05 06:16:31] [DEBUG] PartsDefinitionController::editPartsAction() start...
[2026-07-05 06:16:31] [DEBUG] PartsDefinitionModel::getAllPartsList() start... Project ID: PRJ-D45FEF
[2026-07-05 06:16:31] [DEBUG] PartsDefinitionModel::getTableStructure() start... Project ID: PRJ-D45FEF
[2026-07-05 06:16:31] [DEBUG] Screen::updateAreaE() [iframe起動版] path: \Develop\Views\AreaE\PartsDefinition\RegistParts.view start...
[2026-07-05 06:16:31] [DEBUG] Screen::getContents() start...
[2026-07-05 06:16:31] [DEBUG] Screen::getContents() finish.
[2026-07-05 06:16:31] [DEBUG] Screen::updateAreaE() finish.
[2026-07-05 06:16:31] [DEBUG] PartsDefinitionController::editPartsAction() end.
[2026-07-05 06:16:31] [DEBUG] Screen::areaView() start...
[2026-07-05 06:16:31] [DEBUG] Screen::areaView() finish.
[2026-07-05 06:16:32] [DEBUG] --- wwProject System Start ---
[2026-07-05 06:16:32] [DEBUG] Router::Router() /jemini/wwProjectV1.34/Develop/Console/ServerBridgeAction/
[2026-07-05 06:16:32] [DEBUG] Attempting to load: \Develop\Controllers\ConsoleController::ServerBridgeAction
[2026-07-05 06:16:32] [DEBUG] Router: Executing \Develop\Controllers\ConsoleController->ServerBridgeAction
[2026-07-05 06:16:32] [DEBUG] ConsoleController::ServerBridge() start...
[2026-07-05 06:16:32] [DEBUG] ConsoleController::ServerBridge() \Develop\Controllers\PartsDefinitionController::editPartsAction()
[2026-07-05 06:16:32] [DEBUG] PartsDefinitionController::editPartsAction() start...
[2026-07-05 06:16:32] [DEBUG] PartsDefinitionModel::getAllPartsList() start... Project ID: PRJ-D45FEF
[2026-07-05 06:16:32] [DEBUG] PartsDefinitionModel::getTableStructure() start... Project ID: PRJ-D45FEF
[2026-07-05 06:16:32] [DEBUG] Screen::updateAreaE() [iframe起動版] path: \Develop\Views\AreaE\PartsDefinition\RegistParts.view start...
[2026-07-05 06:16:32] [DEBUG] Screen::getContents() start...
[2026-07-05 06:16:32] [DEBUG] Screen::getContents() finish.
[2026-07-05 06:16:32] [DEBUG] Screen::updateAreaE() finish.
[2026-07-05 06:16:32] [DEBUG] PartsDefinitionController::editPartsAction() end.
[2026-07-05 06:16:32] [DEBUG] Screen::areaView() start...
[2026-07-05 06:16:32] [DEBUG] Screen::areaView() finish.
[2026-07-05 06:16:33] [DEBUG] --- wwProject System Start ---
[2026-07-05 06:16:33] [DEBUG] Router::Router() /jemini/wwProjectV1.34/Develop/Console/ServerBridgeAction/
[2026-07-05 06:16:33] [DEBUG] Attempting to load: \Develop\Controllers\ConsoleController::ServerBridgeAction
[2026-07-05 06:16:33] [DEBUG] Router: Executing \Develop\Controllers\ConsoleController->ServerBridgeAction
[2026-07-05 06:16:33] [DEBUG] ConsoleController::ServerBridge() start...
[2026-07-05 06:16:33] [DEBUG] ConsoleController::ServerBridge() \Develop\Controllers\PartsDefinitionController::editPartsAction()
[2026-07-05 06:16:33] [DEBUG] PartsDefinitionController::editPartsAction() start...
[2026-07-05 06:16:33] [DEBUG] PartsDefinitionModel::getAllPartsList() start... Project ID: PRJ-D45FEF
[2026-07-05 06:16:33] [DEBUG] PartsDefinitionModel::getColumnsByTableId() start... Input: developers
[2026-07-05 06:16:33] [DEBUG] 逆引き成功: 物理名 developers -> table_id : 6
[2026-07-05 06:16:33] [DEBUG] PartsDefinitionModel::getColumnsByTableId() finish. 件数: 9
[2026-07-05 06:16:33] [DEBUG] PartsDefinitionModel::getTableStructure() start... Project ID: PRJ-D45FEF
[2026-07-05 06:16:33] [DEBUG] Screen::updateAreaE() [iframe起動版] path: \Develop\Views\AreaE\PartsDefinition\RegistParts.view start...
[2026-07-05 06:16:33] [DEBUG] Screen::getContents() start...
[2026-07-05 06:16:33] [DEBUG] Screen::getContents() finish.
[2026-07-05 06:16:33] [DEBUG] Screen::updateAreaE() finish.
[2026-07-05 06:16:33] [DEBUG] PartsDefinitionController::editPartsAction() end.
[2026-07-05 06:16:33] [DEBUG] Screen::areaView() start...
[2026-07-05 06:16:33] [DEBUG] Screen::areaView() finish.
[2026-07-05 06:16:34] [DEBUG] --- wwProject System Start ---
[2026-07-05 06:16:34] [DEBUG] Router::Router() /jemini/wwProjectV1.34/Develop/Console/ServerBridgeAction/
[2026-07-05 06:16:34] [DEBUG] Attempting to load: \Develop\Controllers\ConsoleController::ServerBridgeAction
[2026-07-05 06:16:34] [DEBUG] Router: Executing \Develop\Controllers\ConsoleController->ServerBridgeAction
[2026-07-05 06:16:34] [DEBUG] ConsoleController::ServerBridge() start...
[2026-07-05 06:16:34] [DEBUG] ConsoleController::ServerBridge() \Develop\Controllers\PartsDefinitionController::editPartsAction()
[2026-07-05 06:16:34] [DEBUG] PartsDefinitionController::editPartsAction() start...
[2026-07-05 06:16:34] [DEBUG] PartsDefinitionModel::getAllPartsList() start... Project ID: PRJ-D45FEF
[2026-07-05 06:16:34] [DEBUG] PartsDefinitionModel::getColumnsByTableId() start... Input: developers
[2026-07-05 06:16:34] [DEBUG] 逆引き成功: 物理名 developers -> table_id : 6
[2026-07-05 06:16:34] [DEBUG] PartsDefinitionModel::getColumnsByTableId() finish. 件数: 9
[2026-07-05 06:16:34] [DEBUG] PartsDefinitionModel::getTableStructure() start... Project ID: PRJ-D45FEF
[2026-07-05 06:16:34] [DEBUG] Screen::updateAreaE() [iframe起動版] path: \Develop\Views\AreaE\PartsDefinition\RegistParts.view start...
[2026-07-05 06:16:34] [DEBUG] Screen::getContents() start...
[2026-07-05 06:16:34] [DEBUG] Screen::getContents() finish.
[2026-07-05 06:16:34] [DEBUG] Screen::updateAreaE() finish.
[2026-07-05 06:16:34] [DEBUG] PartsDefinitionController::editPartsAction() end.
[2026-07-05 06:16:34] [DEBUG] Screen::areaView() start...
[2026-07-05 06:16:34] [DEBUG] Screen::areaView() finish.
[2026-07-05 06:16:35] [DEBUG] --- wwProject System Start ---
[2026-07-05 06:16:35] [DEBUG] Router::Router() /jemini/wwProjectV1.34/Develop/Console/ServerBridgeAction/
[2026-07-05 06:16:35] [DEBUG] Attempting to load: \Develop\Controllers\ConsoleController::ServerBridgeAction
[2026-07-05 06:16:35] [DEBUG] Router: Executing \Develop\Controllers\ConsoleController->ServerBridgeAction
[2026-07-05 06:16:35] [DEBUG] ConsoleController::ServerBridge() start...
[2026-07-05 06:16:35] [DEBUG] ConsoleController::ServerBridge() \Develop\Controllers\PartsDefinitionController::editPartsAction()
[2026-07-05 06:16:35] [DEBUG] PartsDefinitionController::editPartsAction() start...
[2026-07-05 06:16:35] [DEBUG] PartsDefinitionModel::getAllPartsList() start... Project ID: PRJ-D45FEF
[2026-07-05 06:16:35] [DEBUG] PartsDefinitionModel::getColumnsByTableId() start... Input: developers
[2026-07-05 06:16:35] [DEBUG] 逆引き成功: 物理名 developers -> table_id : 6
[2026-07-05 06:16:35] [DEBUG] PartsDefinitionModel::getColumnsByTableId() finish. 件数: 9
[2026-07-05 06:16:35] [DEBUG] PartsDefinitionModel::getTableStructure() start... Project ID: PRJ-D45FEF
[2026-07-05 06:16:35] [DEBUG] Screen::updateAreaE() [iframe起動版] path: \Develop\Views\AreaE\PartsDefinition\RegistParts.view start...
[2026-07-05 06:16:35] [DEBUG] Screen::getContents() start...
[2026-07-05 06:16:35] [DEBUG] Screen::getContents() finish.
[2026-07-05 06:16:35] [DEBUG] Screen::updateAreaE() finish.
[2026-07-05 06:16:35] [DEBUG] PartsDefinitionController::editPartsAction() end.
[2026-07-05 06:16:35] [DEBUG] Screen::areaView() start...
[2026-07-05 06:16:35] [DEBUG] Screen::areaView() finish.
[2026-07-05 06:16:36] [DEBUG] --- wwProject System Start ---
[2026-07-05 06:16:36] [DEBUG] Router::Router() /jemini/wwProjectV1.34/Develop/Console/ServerBridgeAction/
[2026-07-05 06:16:36] [DEBUG] Attempting to load: \Develop\Controllers\ConsoleController::ServerBridgeAction
[2026-07-05 06:16:36] [DEBUG] Router: Executing \Develop\Controllers\ConsoleController->ServerBridgeAction
[2026-07-05 06:16:36] [DEBUG] ConsoleController::ServerBridge() start...
[2026-07-05 06:16:36] [DEBUG] ConsoleController::ServerBridge() \Develop\Controllers\PartsDefinitionController::editPartsAction()
[2026-07-05 06:16:36] [DEBUG] PartsDefinitionController::editPartsAction() start...
[2026-07-05 06:16:36] [DEBUG] PartsDefinitionModel::getAllPartsList() start... Project ID: PRJ-D45FEF
[2026-07-05 06:16:36] [DEBUG] PartsDefinitionModel::getColumnsByTableId() start... Input: developers
[2026-07-05 06:16:36] [DEBUG] 逆引き成功: 物理名 developers -> table_id : 6
[2026-07-05 06:16:36] [DEBUG] PartsDefinitionModel::getColumnsByTableId() finish. 件数: 9
[2026-07-05 06:16:36] [DEBUG] PartsDefinitionModel::getTableStructure() start... Project ID: PRJ-D45FEF
[2026-07-05 06:16:36] [DEBUG] Screen::updateAreaE() [iframe起動版] path: \Develop\Views\AreaE\PartsDefinition\RegistParts.view start...
[2026-07-05 06:16:36] [DEBUG] Screen::getContents() start...
[2026-07-05 06:16:36] [DEBUG] Screen::getContents() finish.
[2026-07-05 06:16:36] [DEBUG] Screen::updateAreaE() finish.
[2026-07-05 06:16:36] [DEBUG] PartsDefinitionController::editPartsAction() end.
[2026-07-05 06:16:36] [DEBUG] Screen::areaView() start...
[2026-07-05 06:16:36] [DEBUG] Screen::areaView() finish.
[2026-07-05 06:16:38] [DEBUG] --- wwProject System Start ---
[2026-07-05 06:16:38] [DEBUG] Router::Router() /jemini/wwProjectV1.34/Develop/Console/ServerBridgeAction/
[2026-07-05 06:16:38] [DEBUG] Attempting to load: \Develop\Controllers\ConsoleController::ServerBridgeAction
[2026-07-05 06:16:38] [DEBUG] Router: Executing \Develop\Controllers\ConsoleController->ServerBridgeAction
[2026-07-05 06:16:38] [DEBUG] ConsoleController::ServerBridge() start...
[2026-07-05 06:16:38] [DEBUG] ConsoleController::ServerBridge() \Develop\Controllers\PartsDefinitionController::editPartsAction()
[2026-07-05 06:16:38] [DEBUG] PartsDefinitionController::editPartsAction() start...
[2026-07-05 06:16:38] [DEBUG] PartsDefinitionModel::getAllPartsList() start... Project ID: PRJ-D45FEF
[2026-07-05 06:16:38] [DEBUG] PartsDefinitionModel::getTableStructure() start... Project ID: PRJ-D45FEF
[2026-07-05 06:16:38] [DEBUG] Screen::updateAreaE() [iframe起動版] path: \Develop\Views\AreaE\PartsDefinition\RegistParts.view start...
[2026-07-05 06:16:38] [DEBUG] Screen::getContents() start...
[2026-07-05 06:16:38] [DEBUG] Screen::getContents() finish.
[2026-07-05 06:16:38] [DEBUG] Screen::updateAreaE() finish.
[2026-07-05 06:16:38] [DEBUG] PartsDefinitionController::editPartsAction() end.
[2026-07-05 06:16:38] [DEBUG] Screen::areaView() start...
[2026-07-05 06:16:38] [DEBUG] Screen::areaView() finish.
[2026-07-05 06:16:48] [DEBUG] --- wwProject System Start ---
[2026-07-05 06:16:48] [DEBUG] Router::Router() /jemini/wwProjectV1.34/Develop/Console/ServerBridgeAction/
[2026-07-05 06:16:48] [DEBUG] Attempting to load: \Develop\Controllers\ConsoleController::ServerBridgeAction
[2026-07-05 06:16:48] [DEBUG] Router: Executing \Develop\Controllers\ConsoleController->ServerBridgeAction
[2026-07-05 06:16:48] [DEBUG] ConsoleController::ServerBridge() start...
[2026-07-05 06:16:48] [DEBUG] ConsoleController::ServerBridge() \Develop\Controllers\PartsDefinitionController::saveAction()
[2026-07-05 06:16:48] [DEBUG] PartsDefinitionController::saveAction() start...
[2026-07-05 06:16:48] [DEBUG] PartsDefinitionModel::saveParts() start... Project ID: PRJ-D45FEF, Parts ID: 9
[2026-07-05 06:16:48] [DEBUG] PartsDefinitionModel::saveParts() 保存するchecked_columns_jsonの値: []
[2026-07-05 06:16:48] [DEBUG] PartsDefinitionModel::saveParts() contents : 
[2026-07-05 06:16:48] [DEBUG] PartsDefinitionModel::saveParts() UPDATEを実行します。Parts ID: 9
[2026-07-05 06:16:48] [DEBUG] PartsDefinitionModel::getAllPartsList() start... Project ID: PRJ-D45FEF
[2026-07-05 06:16:48] [DEBUG] Screen::updateAreaD() path: \Develop\Views\AreaD\PartsDefinition\PartsDefinitionList.view start...
[2026-07-05 06:16:48] [DEBUG] Screen::getContents() start...
[2026-07-05 06:16:48] [DEBUG] Screen::getContents() finish.
[2026-07-05 06:16:48] [DEBUG] Screen::updateAreaD() finish.
[2026-07-05 06:16:48] [DEBUG] Screen::updateAreaE() [iframe起動版] path: \Develop\Views\AreaE\Area_E_clear.view start...
[2026-07-05 06:16:48] [DEBUG] Screen::getContents() start...
[2026-07-05 06:16:48] [DEBUG] Screen::getContents() finish.
[2026-07-05 06:16:48] [DEBUG] Screen::updateAreaE() finish.
[2026-07-05 06:16:48] [DEBUG] PartsDefinitionController::saveAction() end.
[2026-07-05 06:16:48] [DEBUG] Screen::areaView() start...
[2026-07-05 06:16:48] [DEBUG] Screen::areaView() finish.
[2026-07-05 06:17:02] [DEBUG] --- wwProject System Start ---
[2026-07-05 06:17:02] [DEBUG] Router::Router() /jemini/wwProjectV1.34/Develop/Console/ServerBridgeAction/
[2026-07-05 06:17:02] [DEBUG] Attempting to load: \Develop\Controllers\ConsoleController::ServerBridgeAction
[2026-07-05 06:17:02] [DEBUG] Router: Executing \Develop\Controllers\ConsoleController->ServerBridgeAction
[2026-07-05 06:17:02] [DEBUG] ConsoleController::ServerBridge() start...
[2026-07-05 06:17:02] [DEBUG] ConsoleController::ServerBridge() \Develop\Controllers\PartsDefinitionController::newPartsAction()
[2026-07-05 06:17:02] [DEBUG] PartsDefinitionController::newPartsAction() start...
[2026-07-05 06:17:02] [DEBUG] PartsDefinitionModel::getTableStructure() start... Project ID: PRJ-D45FEF
[2026-07-05 06:17:02] [DEBUG] Screen::updateAreaE() [iframe起動版] path: \Develop\Views\AreaE\PartsDefinition\RegistParts.view start...
[2026-07-05 06:17:02] [DEBUG] Screen::getContents() start...
[2026-07-05 06:17:02] [DEBUG] Screen::getContents() finish.
[2026-07-05 06:17:02] [DEBUG] Screen::updateAreaE() finish.
[2026-07-05 06:17:02] [DEBUG] PartsDefinitionController::newPartsAction() end.
[2026-07-05 06:17:02] [DEBUG] Screen::areaView() start...
[2026-07-05 06:17:02] [DEBUG] Screen::areaView() finish.
[2026-07-05 06:17:30] [DEBUG] --- wwProject System Start ---
[2026-07-05 06:17:30] [DEBUG] Router::Router() /jemini/wwProjectV1.34/Develop/Console/ServerBridgeAction/
[2026-07-05 06:17:30] [DEBUG] Attempting to load: \Develop\Controllers\ConsoleController::ServerBridgeAction
[2026-07-05 06:17:30] [DEBUG] Router: Executing \Develop\Controllers\ConsoleController->ServerBridgeAction
[2026-07-05 06:17:30] [DEBUG] ConsoleController::ServerBridge() start...
[2026-07-05 06:17:30] [DEBUG] ConsoleController::ServerBridge() \Develop\Controllers\PartsDefinitionController::saveAction()
[2026-07-05 06:17:30] [DEBUG] PartsDefinitionController::saveAction() start...
[2026-07-05 06:17:30] [DEBUG] PartsDefinitionModel::saveParts() start... Project ID: PRJ-D45FEF, Parts ID: 
[2026-07-05 06:17:30] [DEBUG] PartsDefinitionModel::saveParts() 保存するchecked_columns_jsonの値: []
[2026-07-05 06:17:30] [DEBUG] PartsDefinitionModel::saveParts() contents : 
[2026-07-05 06:17:30] [DEBUG] PartsDefinitionModel::saveParts() INSERT INTO m_screenparts (
                            project_id,
                            parts_name,
                            parts_description,
                            parts_type,
                            table_name,
                            display_label,
                            preview_title,
                            column_filter,
                            input_rows,
                            checked_columns_json,
                            input_style,
                            contents
                        ) VALUES (
                            :project_id,
                            :parts_name,
                            :parts_description,
                            :parts_type,
                            :table_name,
                            :display_label,
                            :preview_title,
                            :column_filter,
                            :input_rows,
                            :checked_columns_json,
                            :input_style,
                            :contents
                        )
[2026-07-05 06:17:30] [DEBUG] PartsDefinitionModel::saveParts() INSERTを実行します。
[2026-07-05 06:17:30] [DEBUG] PartsDefinitionModel::getAllPartsList() start... Project ID: PRJ-D45FEF
[2026-07-05 06:17:30] [DEBUG] Screen::updateAreaD() path: \Develop\Views\AreaD\PartsDefinition\PartsDefinitionList.view start...
[2026-07-05 06:17:30] [DEBUG] Screen::getContents() start...
[2026-07-05 06:17:30] [DEBUG] Screen::getContents() finish.
[2026-07-05 06:17:30] [DEBUG] Screen::updateAreaD() finish.
[2026-07-05 06:17:30] [DEBUG] Screen::updateAreaE() [iframe起動版] path: \Develop\Views\AreaE\Area_E_clear.view start...
[2026-07-05 06:17:30] [DEBUG] Screen::getContents() start...
[2026-07-05 06:17:30] [DEBUG] Screen::getContents() finish.
[2026-07-05 06:17:30] [DEBUG] Screen::updateAreaE() finish.
[2026-07-05 06:17:30] [DEBUG] PartsDefinitionController::saveAction() end.
[2026-07-05 06:17:30] [DEBUG] Screen::areaView() start...
[2026-07-05 06:17:30] [DEBUG] Screen::areaView() finish.
[2026-07-05 06:19:11] [DEBUG] --- wwProject System Start ---
[2026-07-05 06:19:11] [DEBUG] Router::Router() /jemini/wwProjectV1.34/Develop/Console/ServerBridgeAction/
[2026-07-05 06:19:11] [DEBUG] Attempting to load: \Develop\Controllers\ConsoleController::ServerBridgeAction
[2026-07-05 06:19:11] [DEBUG] Router: Executing \Develop\Controllers\ConsoleController->ServerBridgeAction
[2026-07-05 06:19:11] [DEBUG] ConsoleController::ServerBridge() start...
[2026-07-05 06:19:11] [DEBUG] ConsoleController::ServerBridge() \Develop\Controllers\PartsDefinitionController::editPartsAction()
[2026-07-05 06:19:11] [DEBUG] PartsDefinitionController::editPartsAction() start...
[2026-07-05 06:19:11] [DEBUG] PartsDefinitionModel::getAllPartsList() start... Project ID: PRJ-D45FEF
[2026-07-05 06:19:11] [DEBUG] PartsDefinitionModel::getTableStructure() start... Project ID: PRJ-D45FEF
[2026-07-05 06:19:11] [DEBUG] Screen::updateAreaE() [iframe起動版] path: \Develop\Views\AreaE\PartsDefinition\RegistParts.view start...
[2026-07-05 06:19:11] [DEBUG] Screen::getContents() start...
[2026-07-05 06:19:11] [DEBUG] Screen::getContents() finish.
[2026-07-05 06:19:11] [DEBUG] Screen::updateAreaE() finish.
[2026-07-05 06:19:11] [DEBUG] PartsDefinitionController::editPartsAction() end.
[2026-07-05 06:19:11] [DEBUG] Screen::areaView() start...
[2026-07-05 06:19:11] [DEBUG] Screen::areaView() finish.
[2026-07-05 06:19:23] [DEBUG] --- wwProject System Start ---
[2026-07-05 06:19:23] [DEBUG] Router::Router() /jemini/wwProjectV1.34/Develop/Console/ServerBridgeAction/
[2026-07-05 06:19:23] [DEBUG] Attempting to load: \Develop\Controllers\ConsoleController::ServerBridgeAction
[2026-07-05 06:19:23] [DEBUG] Router: Executing \Develop\Controllers\ConsoleController->ServerBridgeAction
[2026-07-05 06:19:23] [DEBUG] ConsoleController::ServerBridge() start...
[2026-07-05 06:19:23] [DEBUG] ConsoleController::ServerBridge() \Develop\Controllers\PartsDefinitionController::saveAction()
[2026-07-05 06:19:23] [DEBUG] PartsDefinitionController::saveAction() start...
[2026-07-05 06:19:23] [DEBUG] PartsDefinitionModel::saveParts() start... Project ID: PRJ-D45FEF, Parts ID: 10
[2026-07-05 06:19:23] [DEBUG] PartsDefinitionModel::saveParts() 保存するchecked_columns_jsonの値: []
[2026-07-05 06:19:23] [DEBUG] PartsDefinitionModel::saveParts() contents : 
[2026-07-05 06:19:23] [DEBUG] PartsDefinitionModel::saveParts() UPDATEを実行します。Parts ID: 10
[2026-07-05 06:19:23] [DEBUG] PartsDefinitionModel::getAllPartsList() start... Project ID: PRJ-D45FEF
[2026-07-05 06:19:23] [DEBUG] Screen::updateAreaD() path: \Develop\Views\AreaD\PartsDefinition\PartsDefinitionList.view start...
[2026-07-05 06:19:23] [DEBUG] Screen::getContents() start...
[2026-07-05 06:19:23] [DEBUG] Screen::getContents() finish.
[2026-07-05 06:19:23] [DEBUG] Screen::updateAreaD() finish.
[2026-07-05 06:19:23] [DEBUG] Screen::updateAreaE() [iframe起動版] path: \Develop\Views\AreaE\Area_E_clear.view start...
[2026-07-05 06:19:23] [DEBUG] Screen::getContents() start...
[2026-07-05 06:19:23] [DEBUG] Screen::getContents() finish.
[2026-07-05 06:19:23] [DEBUG] Screen::updateAreaE() finish.
[2026-07-05 06:19:23] [DEBUG] PartsDefinitionController::saveAction() end.
[2026-07-05 06:19:23] [DEBUG] Screen::areaView() start...
[2026-07-05 06:19:23] [DEBUG] Screen::areaView() finish.
[2026-07-05 06:19:59] [DEBUG] --- wwProject System Start ---
[2026-07-05 06:19:59] [DEBUG] Router::Router() /jemini/wwProjectV1.34/Develop/Console/ServerBridgeAction/
[2026-07-05 06:19:59] [DEBUG] Attempting to load: \Develop\Controllers\ConsoleController::ServerBridgeAction
[2026-07-05 06:19:59] [DEBUG] Router: Executing \Develop\Controllers\ConsoleController->ServerBridgeAction
[2026-07-05 06:19:59] [DEBUG] ConsoleController::ServerBridge() start...
[2026-07-05 06:19:59] [DEBUG] ConsoleController::ServerBridge() \Develop\Controllers\PartsDefinitionController::editPartsAction()
[2026-07-05 06:19:59] [DEBUG] PartsDefinitionController::editPartsAction() start...
[2026-07-05 06:19:59] [DEBUG] PartsDefinitionModel::getAllPartsList() start... Project ID: PRJ-D45FEF
[2026-07-05 06:19:59] [DEBUG] PartsDefinitionModel::getTableStructure() start... Project ID: PRJ-D45FEF
[2026-07-05 06:19:59] [DEBUG] Screen::updateAreaE() [iframe起動版] path: \Develop\Views\AreaE\PartsDefinition\RegistParts.view start...
[2026-07-05 06:19:59] [DEBUG] Screen::getContents() start...
[2026-07-05 06:19:59] [DEBUG] Screen::getContents() finish.
[2026-07-05 06:19:59] [DEBUG] Screen::updateAreaE() finish.
[2026-07-05 06:19:59] [DEBUG] PartsDefinitionController::editPartsAction() end.
[2026-07-05 06:19:59] [DEBUG] Screen::areaView() start...
[2026-07-05 06:19:59] [DEBUG] Screen::areaView() finish.
[2026-07-05 06:20:00] [DEBUG] --- wwProject System Start ---
[2026-07-05 06:20:00] [DEBUG] Router::Router() /jemini/wwProjectV1.34/Develop/Console/ServerBridgeAction/
[2026-07-05 06:20:00] [DEBUG] Attempting to load: \Develop\Controllers\ConsoleController::ServerBridgeAction
[2026-07-05 06:20:00] [DEBUG] Router: Executing \Develop\Controllers\ConsoleController->ServerBridgeAction
[2026-07-05 06:20:00] [DEBUG] ConsoleController::ServerBridge() start...
[2026-07-05 06:20:00] [DEBUG] ConsoleController::ServerBridge() \Develop\Controllers\PartsDefinitionController::editPartsAction()
[2026-07-05 06:20:00] [DEBUG] PartsDefinitionController::editPartsAction() start...
[2026-07-05 06:20:00] [DEBUG] PartsDefinitionModel::getAllPartsList() start... Project ID: PRJ-D45FEF
[2026-07-05 06:20:00] [DEBUG] PartsDefinitionModel::getTableStructure() start... Project ID: PRJ-D45FEF
[2026-07-05 06:20:00] [DEBUG] Screen::updateAreaE() [iframe起動版] path: \Develop\Views\AreaE\PartsDefinition\RegistParts.view start...
[2026-07-05 06:20:00] [DEBUG] Screen::getContents() start...
[2026-07-05 06:20:00] [DEBUG] Screen::getContents() finish.
[2026-07-05 06:20:00] [DEBUG] Screen::updateAreaE() finish.
[2026-07-05 06:20:00] [DEBUG] PartsDefinitionController::editPartsAction() end.
[2026-07-05 06:20:00] [DEBUG] Screen::areaView() start...
[2026-07-05 06:20:00] [DEBUG] Screen::areaView() finish.
[2026-07-05 06:20:01] [DEBUG] --- wwProject System Start ---
[2026-07-05 06:20:01] [DEBUG] Router::Router() /jemini/wwProjectV1.34/Develop/Console/ServerBridgeAction/
[2026-07-05 06:20:01] [DEBUG] Attempting to load: \Develop\Controllers\ConsoleController::ServerBridgeAction
[2026-07-05 06:20:01] [DEBUG] Router: Executing \Develop\Controllers\ConsoleController->ServerBridgeAction
[2026-07-05 06:20:01] [DEBUG] ConsoleController::ServerBridge() start...
[2026-07-05 06:20:01] [DEBUG] ConsoleController::ServerBridge() \Develop\Controllers\PartsDefinitionController::editPartsAction()
[2026-07-05 06:20:01] [DEBUG] PartsDefinitionController::editPartsAction() start...
[2026-07-05 06:20:01] [DEBUG] PartsDefinitionModel::getAllPartsList() start... Project ID: PRJ-D45FEF
[2026-07-05 06:20:01] [DEBUG] PartsDefinitionModel::getTableStructure() start... Project ID: PRJ-D45FEF
[2026-07-05 06:20:01] [DEBUG] Screen::updateAreaE() [iframe起動版] path: \Develop\Views\AreaE\PartsDefinition\RegistParts.view start...
[2026-07-05 06:20:01] [DEBUG] Screen::getContents() start...
[2026-07-05 06:20:01] [DEBUG] Screen::getContents() finish.
[2026-07-05 06:20:01] [DEBUG] Screen::updateAreaE() finish.
[2026-07-05 06:20:01] [DEBUG] PartsDefinitionController::editPartsAction() end.
[2026-07-05 06:20:01] [DEBUG] Screen::areaView() start...
[2026-07-05 06:20:01] [DEBUG] Screen::areaView() finish.
[2026-07-05 06:20:03] [DEBUG] --- wwProject System Start ---
[2026-07-05 06:20:03] [DEBUG] Router::Router() /jemini/wwProjectV1.34/Develop/Console/ServerBridgeAction/
[2026-07-05 06:20:03] [DEBUG] Attempting to load: \Develop\Controllers\ConsoleController::ServerBridgeAction
[2026-07-05 06:20:03] [DEBUG] Router: Executing \Develop\Controllers\ConsoleController->ServerBridgeAction
[2026-07-05 06:20:03] [DEBUG] ConsoleController::ServerBridge() start...
[2026-07-05 06:20:03] [DEBUG] ConsoleController::ServerBridge() \Develop\Controllers\PartsDefinitionController::editPartsAction()
[2026-07-05 06:20:03] [DEBUG] PartsDefinitionController::editPartsAction() start...
[2026-07-05 06:20:03] [DEBUG] PartsDefinitionModel::getAllPartsList() start... Project ID: PRJ-D45FEF
[2026-07-05 06:20:03] [DEBUG] PartsDefinitionModel::getColumnsByTableId() start... Input: developers
[2026-07-05 06:20:03] [DEBUG] 逆引き成功: 物理名 developers -> table_id : 6
[2026-07-05 06:20:03] [DEBUG] PartsDefinitionModel::getColumnsByTableId() finish. 件数: 9
[2026-07-05 06:20:03] [DEBUG] PartsDefinitionModel::getTableStructure() start... Project ID: PRJ-D45FEF
[2026-07-05 06:20:03] [DEBUG] Screen::updateAreaE() [iframe起動版] path: \Develop\Views\AreaE\PartsDefinition\RegistParts.view start...
[2026-07-05 06:20:03] [DEBUG] Screen::getContents() start...
[2026-07-05 06:20:03] [DEBUG] Screen::getContents() finish.
[2026-07-05 06:20:03] [DEBUG] Screen::updateAreaE() finish.
[2026-07-05 06:20:03] [DEBUG] PartsDefinitionController::editPartsAction() end.
[2026-07-05 06:20:03] [DEBUG] Screen::areaView() start...
[2026-07-05 06:20:03] [DEBUG] Screen::areaView() finish.
[2026-07-05 06:20:04] [DEBUG] --- wwProject System Start ---
[2026-07-05 06:20:04] [DEBUG] Router::Router() /jemini/wwProjectV1.34/Develop/Console/ServerBridgeAction/
[2026-07-05 06:20:04] [DEBUG] Attempting to load: \Develop\Controllers\ConsoleController::ServerBridgeAction
[2026-07-05 06:20:04] [DEBUG] Router: Executing \Develop\Controllers\ConsoleController->ServerBridgeAction
[2026-07-05 06:20:04] [DEBUG] ConsoleController::ServerBridge() start...
[2026-07-05 06:20:04] [DEBUG] ConsoleController::ServerBridge() \Develop\Controllers\PartsDefinitionController::editPartsAction()
[2026-07-05 06:20:04] [DEBUG] PartsDefinitionController::editPartsAction() start...
[2026-07-05 06:20:04] [DEBUG] PartsDefinitionModel::getAllPartsList() start... Project ID: PRJ-D45FEF
[2026-07-05 06:20:04] [DEBUG] PartsDefinitionModel::getColumnsByTableId() start... Input: developers
[2026-07-05 06:20:04] [DEBUG] 逆引き成功: 物理名 developers -> table_id : 6
[2026-07-05 06:20:04] [DEBUG] PartsDefinitionModel::getColumnsByTableId() finish. 件数: 9
[2026-07-05 06:20:04] [DEBUG] PartsDefinitionModel::getTableStructure() start... Project ID: PRJ-D45FEF
[2026-07-05 06:20:04] [DEBUG] Screen::updateAreaE() [iframe起動版] path: \Develop\Views\AreaE\PartsDefinition\RegistParts.view start...
[2026-07-05 06:20:04] [DEBUG] Screen::getContents() start...
[2026-07-05 06:20:04] [DEBUG] Screen::getContents() finish.
[2026-07-05 06:20:04] [DEBUG] Screen::updateAreaE() finish.
[2026-07-05 06:20:04] [DEBUG] PartsDefinitionController::editPartsAction() end.
[2026-07-05 06:20:04] [DEBUG] Screen::areaView() start...
[2026-07-05 06:20:04] [DEBUG] Screen::areaView() finish.
[2026-07-05 06:20:05] [DEBUG] --- wwProject System Start ---
[2026-07-05 06:20:05] [DEBUG] Router::Router() /jemini/wwProjectV1.34/Develop/Console/ServerBridgeAction/
[2026-07-05 06:20:05] [DEBUG] Attempting to load: \Develop\Controllers\ConsoleController::ServerBridgeAction
[2026-07-05 06:20:05] [DEBUG] Router: Executing \Develop\Controllers\ConsoleController->ServerBridgeAction
[2026-07-05 06:20:05] [DEBUG] ConsoleController::ServerBridge() start...
[2026-07-05 06:20:05] [DEBUG] ConsoleController::ServerBridge() \Develop\Controllers\PartsDefinitionController::editPartsAction()
[2026-07-05 06:20:05] [DEBUG] PartsDefinitionController::editPartsAction() start...
[2026-07-05 06:20:05] [DEBUG] PartsDefinitionModel::getAllPartsList() start... Project ID: PRJ-D45FEF
[2026-07-05 06:20:05] [DEBUG] PartsDefinitionModel::getColumnsByTableId() start... Input: developers
[2026-07-05 06:20:05] [DEBUG] 逆引き成功: 物理名 developers -> table_id : 6
[2026-07-05 06:20:05] [DEBUG] PartsDefinitionModel::getColumnsByTableId() finish. 件数: 9
[2026-07-05 06:20:05] [DEBUG] PartsDefinitionModel::getTableStructure() start... Project ID: PRJ-D45FEF
[2026-07-05 06:20:05] [DEBUG] Screen::updateAreaE() [iframe起動版] path: \Develop\Views\AreaE\PartsDefinition\RegistParts.view start...
[2026-07-05 06:20:05] [DEBUG] Screen::getContents() start...
[2026-07-05 06:20:05] [DEBUG] Screen::getContents() finish.
[2026-07-05 06:20:05] [DEBUG] Screen::updateAreaE() finish.
[2026-07-05 06:20:05] [DEBUG] PartsDefinitionController::editPartsAction() end.
[2026-07-05 06:20:05] [DEBUG] Screen::areaView() start...
[2026-07-05 06:20:05] [DEBUG] Screen::areaView() finish.
[2026-07-05 06:20:06] [DEBUG] --- wwProject System Start ---
[2026-07-05 06:20:06] [DEBUG] Router::Router() /jemini/wwProjectV1.34/Develop/Console/ServerBridgeAction/
[2026-07-05 06:20:06] [DEBUG] Attempting to load: \Develop\Controllers\ConsoleController::ServerBridgeAction
[2026-07-05 06:20:06] [DEBUG] Router: Executing \Develop\Controllers\ConsoleController->ServerBridgeAction
[2026-07-05 06:20:06] [DEBUG] ConsoleController::ServerBridge() start...
[2026-07-05 06:20:06] [DEBUG] ConsoleController::ServerBridge() \Develop\Controllers\PartsDefinitionController::editPartsAction()
[2026-07-05 06:20:06] [DEBUG] PartsDefinitionController::editPartsAction() start...
[2026-07-05 06:20:06] [DEBUG] PartsDefinitionModel::getAllPartsList() start... Project ID: PRJ-D45FEF
[2026-07-05 06:20:06] [DEBUG] PartsDefinitionModel::getColumnsByTableId() start... Input: developers
[2026-07-05 06:20:06] [DEBUG] 逆引き成功: 物理名 developers -> table_id : 6
[2026-07-05 06:20:06] [DEBUG] PartsDefinitionModel::getColumnsByTableId() finish. 件数: 9
[2026-07-05 06:20:06] [DEBUG] PartsDefinitionModel::getTableStructure() start... Project ID: PRJ-D45FEF
[2026-07-05 06:20:06] [DEBUG] Screen::updateAreaE() [iframe起動版] path: \Develop\Views\AreaE\PartsDefinition\RegistParts.view start...
[2026-07-05 06:20:06] [DEBUG] Screen::getContents() start...
[2026-07-05 06:20:06] [DEBUG] Screen::getContents() finish.
[2026-07-05 06:20:06] [DEBUG] Screen::updateAreaE() finish.
[2026-07-05 06:20:06] [DEBUG] PartsDefinitionController::editPartsAction() end.
[2026-07-05 06:20:06] [DEBUG] Screen::areaView() start...
[2026-07-05 06:20:06] [DEBUG] Screen::areaView() finish.
[2026-07-05 06:20:06] [DEBUG] --- wwProject System Start ---
[2026-07-05 06:20:06] [DEBUG] Router::Router() /jemini/wwProjectV1.34/Develop/Console/ServerBridgeAction/
[2026-07-05 06:20:06] [DEBUG] Attempting to load: \Develop\Controllers\ConsoleController::ServerBridgeAction
[2026-07-05 06:20:06] [DEBUG] Router: Executing \Develop\Controllers\ConsoleController->ServerBridgeAction
[2026-07-05 06:20:06] [DEBUG] ConsoleController::ServerBridge() start...
[2026-07-05 06:20:06] [DEBUG] ConsoleController::ServerBridge() \Develop\Controllers\PartsDefinitionController::editPartsAction()
[2026-07-05 06:20:06] [DEBUG] PartsDefinitionController::editPartsAction() start...
[2026-07-05 06:20:06] [DEBUG] PartsDefinitionModel::getAllPartsList() start... Project ID: PRJ-D45FEF
[2026-07-05 06:20:06] [DEBUG] PartsDefinitionModel::getTableStructure() start... Project ID: PRJ-D45FEF
[2026-07-05 06:20:06] [DEBUG] Screen::updateAreaE() [iframe起動版] path: \Develop\Views\AreaE\PartsDefinition\RegistParts.view start...
[2026-07-05 06:20:06] [DEBUG] Screen::getContents() start...
[2026-07-05 06:20:06] [DEBUG] Screen::getContents() finish.
[2026-07-05 06:20:06] [DEBUG] Screen::updateAreaE() finish.
[2026-07-05 06:20:06] [DEBUG] PartsDefinitionController::editPartsAction() end.
[2026-07-05 06:20:06] [DEBUG] Screen::areaView() start...
[2026-07-05 06:20:06] [DEBUG] Screen::areaView() finish.
[2026-07-05 06:20:07] [DEBUG] --- wwProject System Start ---
[2026-07-05 06:20:07] [DEBUG] Router::Router() /jemini/wwProjectV1.34/Develop/Console/ServerBridgeAction/
[2026-07-05 06:20:07] [DEBUG] Attempting to load: \Develop\Controllers\ConsoleController::ServerBridgeAction
[2026-07-05 06:20:07] [DEBUG] Router: Executing \Develop\Controllers\ConsoleController->ServerBridgeAction
[2026-07-05 06:20:07] [DEBUG] ConsoleController::ServerBridge() start...
[2026-07-05 06:20:07] [DEBUG] ConsoleController::ServerBridge() \Develop\Controllers\PartsDefinitionController::editPartsAction()
[2026-07-05 06:20:07] [DEBUG] PartsDefinitionController::editPartsAction() start...
[2026-07-05 06:20:07] [DEBUG] PartsDefinitionModel::getAllPartsList() start... Project ID: PRJ-D45FEF
[2026-07-05 06:20:07] [DEBUG] PartsDefinitionModel::getTableStructure() start... Project ID: PRJ-D45FEF
[2026-07-05 06:20:07] [DEBUG] Screen::updateAreaE() [iframe起動版] path: \Develop\Views\AreaE\PartsDefinition\RegistParts.view start...
[2026-07-05 06:20:07] [DEBUG] Screen::getContents() start...
[2026-07-05 06:20:07] [DEBUG] Screen::getContents() finish.
[2026-07-05 06:20:07] [DEBUG] Screen::updateAreaE() finish.
[2026-07-05 06:20:07] [DEBUG] PartsDefinitionController::editPartsAction() end.
[2026-07-05 06:20:07] [DEBUG] Screen::areaView() start...
[2026-07-05 06:20:07] [DEBUG] Screen::areaView() finish.
[2026-07-05 06:20:08] [DEBUG] --- wwProject System Start ---
[2026-07-05 06:20:08] [DEBUG] Router::Router() /jemini/wwProjectV1.34/Develop/Console/ServerBridgeAction/
[2026-07-05 06:20:08] [DEBUG] Attempting to load: \Develop\Controllers\ConsoleController::ServerBridgeAction
[2026-07-05 06:20:08] [DEBUG] Router: Executing \Develop\Controllers\ConsoleController->ServerBridgeAction
[2026-07-05 06:20:08] [DEBUG] ConsoleController::ServerBridge() start...
[2026-07-05 06:20:08] [DEBUG] ConsoleController::ServerBridge() \Develop\Controllers\PartsDefinitionController::editPartsAction()
[2026-07-05 06:20:08] [DEBUG] PartsDefinitionController::editPartsAction() start...
[2026-07-05 06:20:08] [DEBUG] PartsDefinitionModel::getAllPartsList() start... Project ID: PRJ-D45FEF
[2026-07-05 06:20:08] [DEBUG] PartsDefinitionModel::getTableStructure() start... Project ID: PRJ-D45FEF
[2026-07-05 06:20:08] [DEBUG] Screen::updateAreaE() [iframe起動版] path: \Develop\Views\AreaE\PartsDefinition\RegistParts.view start...
[2026-07-05 06:20:08] [DEBUG] Screen::getContents() start...
[2026-07-05 06:20:08] [DEBUG] Screen::getContents() finish.
[2026-07-05 06:20:08] [DEBUG] Screen::updateAreaE() finish.
[2026-07-05 06:20:08] [DEBUG] PartsDefinitionController::editPartsAction() end.
[2026-07-05 06:20:08] [DEBUG] Screen::areaView() start...
[2026-07-05 06:20:08] [DEBUG] Screen::areaView() finish.
[2026-07-05 06:20:10] [DEBUG] --- wwProject System Start ---
[2026-07-05 06:20:10] [DEBUG] Router::Router() /jemini/wwProjectV1.34/Develop/Console/ServerBridgeAction/
[2026-07-05 06:20:10] [DEBUG] Attempting to load: \Develop\Controllers\ConsoleController::ServerBridgeAction
[2026-07-05 06:20:10] [DEBUG] Router: Executing \Develop\Controllers\ConsoleController->ServerBridgeAction
[2026-07-05 06:20:10] [DEBUG] ConsoleController::ServerBridge() start...
[2026-07-05 06:20:10] [DEBUG] ConsoleController::ServerBridge() \Develop\Controllers\PartsDefinitionController::editPartsAction()
[2026-07-05 06:20:10] [DEBUG] PartsDefinitionController::editPartsAction() start...
[2026-07-05 06:20:10] [DEBUG] PartsDefinitionModel::getAllPartsList() start... Project ID: PRJ-D45FEF
[2026-07-05 06:20:10] [DEBUG] PartsDefinitionModel::getTableStructure() start... Project ID: PRJ-D45FEF
[2026-07-05 06:20:10] [DEBUG] Screen::updateAreaE() [iframe起動版] path: \Develop\Views\AreaE\PartsDefinition\RegistParts.view start...
[2026-07-05 06:20:10] [DEBUG] Screen::getContents() start...
[2026-07-05 06:20:10] [DEBUG] Screen::getContents() finish.
[2026-07-05 06:20:10] [DEBUG] Screen::updateAreaE() finish.
[2026-07-05 06:20:10] [DEBUG] PartsDefinitionController::editPartsAction() end.
[2026-07-05 06:20:10] [DEBUG] Screen::areaView() start...
[2026-07-05 06:20:10] [DEBUG] Screen::areaView() finish.
[2026-07-05 06:23:41] [DEBUG] --- wwProject System Start ---
[2026-07-05 06:23:41] [DEBUG] Router::Router() /jemini/wwProjectV1.34/Develop/Console/ServerBridgeAction/
[2026-07-05 06:23:41] [DEBUG] Attempting to load: \Develop\Controllers\ConsoleController::ServerBridgeAction
[2026-07-05 06:23:41] [DEBUG] Router: Executing \Develop\Controllers\ConsoleController->ServerBridgeAction
[2026-07-05 06:23:41] [DEBUG] ConsoleController::ServerBridge() start...
[2026-07-05 06:23:41] [DEBUG] ConsoleController::ServerBridge() \Develop\Controllers\PartsDefinitionController::InitialAction()
[2026-07-05 06:23:41] [DEBUG] DBDefinitionController::initialAction() start...
[2026-07-05 06:23:41] [DEBUG] PartsDefinitionController::initialAction() projectId : PRJ-D45FEF
[2026-07-05 06:23:41] [DEBUG] PartsDefinitionModel::getAllPartsList() start... Project ID: PRJ-D45FEF
[2026-07-05 06:23:41] [DEBUG] Screen::updateAreaD() path: \Develop\Views\AreaD\PartsDefinition\PartsDefinitionList.view start...
[2026-07-05 06:23:41] [DEBUG] Screen::getContents() start...
[2026-07-05 06:23:41] [DEBUG] Screen::getContents() finish.
[2026-07-05 06:23:41] [DEBUG] Screen::updateAreaD() finish.
[2026-07-05 06:23:41] [DEBUG] Screen::updateAreaE() [iframe起動版] path: \Develop\Views\AreaE\Area_E_clear.view start...
[2026-07-05 06:23:41] [DEBUG] Screen::getContents() start...
[2026-07-05 06:23:41] [DEBUG] Screen::getContents() finish.
[2026-07-05 06:23:41] [DEBUG] Screen::updateAreaE() finish.
[2026-07-05 06:23:41] [DEBUG] DBDefinitionController::initialAction() end.
[2026-07-05 06:23:41] [DEBUG] Screen::areaView() start...
[2026-07-05 06:23:41] [DEBUG] Screen::areaView() finish.
[2026-07-05 06:23:43] [DEBUG] --- wwProject System Start ---
[2026-07-05 06:23:43] [DEBUG] Router::Router() /jemini/wwProjectV1.34/Develop/Console/ServerBridgeAction/
[2026-07-05 06:23:43] [DEBUG] Attempting to load: \Develop\Controllers\ConsoleController::ServerBridgeAction
[2026-07-05 06:23:43] [DEBUG] Router: Executing \Develop\Controllers\ConsoleController->ServerBridgeAction
[2026-07-05 06:23:43] [DEBUG] ConsoleController::ServerBridge() start...
[2026-07-05 06:23:43] [DEBUG] ConsoleController::ServerBridge() \Develop\Controllers\PartsDefinitionController::editPartsAction()
[2026-07-05 06:23:43] [DEBUG] PartsDefinitionController::editPartsAction() start...
[2026-07-05 06:23:43] [DEBUG] PartsDefinitionModel::getAllPartsList() start... Project ID: PRJ-D45FEF
[2026-07-05 06:23:43] [DEBUG] PartsDefinitionModel::getTableStructure() start... Project ID: PRJ-D45FEF
[2026-07-05 06:23:43] [DEBUG] Screen::updateAreaE() [iframe起動版] path: \Develop\Views\AreaE\PartsDefinition\RegistParts.view start...
[2026-07-05 06:23:43] [DEBUG] Screen::getContents() start...
[2026-07-05 06:23:43] [DEBUG] Screen::getContents() finish.
[2026-07-05 06:23:43] [DEBUG] Screen::updateAreaE() finish.
[2026-07-05 06:23:43] [DEBUG] PartsDefinitionController::editPartsAction() end.
[2026-07-05 06:23:43] [DEBUG] Screen::areaView() start...
[2026-07-05 06:23:43] [DEBUG] Screen::areaView() finish.
[2026-07-05 06:23:50] [DEBUG] --- wwProject System Start ---
[2026-07-05 06:23:50] [DEBUG] Router::Router() /jemini/wwProjectV1.34/Develop/Console/ServerBridgeAction/
[2026-07-05 06:23:50] [DEBUG] Attempting to load: \Develop\Controllers\ConsoleController::ServerBridgeAction
[2026-07-05 06:23:50] [DEBUG] Router: Executing \Develop\Controllers\ConsoleController->ServerBridgeAction
[2026-07-05 06:23:50] [DEBUG] ConsoleController::ServerBridge() start...
[2026-07-05 06:23:50] [DEBUG] ConsoleController::ServerBridge() \Develop\Controllers\PartsDefinitionController::saveAction()
[2026-07-05 06:23:50] [DEBUG] PartsDefinitionController::saveAction() start...
[2026-07-05 06:23:50] [DEBUG] PartsDefinitionModel::saveParts() start... Project ID: PRJ-D45FEF, Parts ID: 10
[2026-07-05 06:23:50] [DEBUG] PartsDefinitionModel::saveParts() 保存するchecked_columns_jsonの値: []
[2026-07-05 06:23:50] [DEBUG] PartsDefinitionModel::saveParts() contents : 
[2026-07-05 06:23:50] [DEBUG] PartsDefinitionModel::saveParts() UPDATEを実行します。Parts ID: 10
[2026-07-05 06:23:50] [DEBUG] PartsDefinitionModel::getAllPartsList() start... Project ID: PRJ-D45FEF
[2026-07-05 06:23:50] [DEBUG] Screen::updateAreaD() path: \Develop\Views\AreaD\PartsDefinition\PartsDefinitionList.view start...
[2026-07-05 06:23:50] [DEBUG] Screen::getContents() start...
[2026-07-05 06:23:50] [DEBUG] Screen::getContents() finish.
[2026-07-05 06:23:50] [DEBUG] Screen::updateAreaD() finish.
[2026-07-05 06:23:50] [DEBUG] Screen::updateAreaE() [iframe起動版] path: \Develop\Views\AreaE\Area_E_clear.view start...
[2026-07-05 06:23:50] [DEBUG] Screen::getContents() start...
[2026-07-05 06:23:50] [DEBUG] Screen::getContents() finish.
[2026-07-05 06:23:50] [DEBUG] Screen::updateAreaE() finish.
[2026-07-05 06:23:50] [DEBUG] PartsDefinitionController::saveAction() end.
[2026-07-05 06:23:50] [DEBUG] Screen::areaView() start...
[2026-07-05 06:23:50] [DEBUG] Screen::areaView() finish.
[2026-07-05 06:24:32] [DEBUG] --- wwProject System Start ---
[2026-07-05 06:24:32] [DEBUG] Router::Router() /jemini/wwProjectV1.34/Develop/Console/ServerBridgeAction/
[2026-07-05 06:24:32] [DEBUG] Attempting to load: \Develop\Controllers\ConsoleController::ServerBridgeAction
[2026-07-05 06:24:32] [DEBUG] Router: Executing \Develop\Controllers\ConsoleController->ServerBridgeAction
[2026-07-05 06:24:32] [DEBUG] ConsoleController::ServerBridge() start...
[2026-07-05 06:24:32] [DEBUG] ConsoleController::ServerBridge() \Develop\Controllers\PartsDefinitionController::editPartsAction()
[2026-07-05 06:24:32] [DEBUG] PartsDefinitionController::editPartsAction() start...
[2026-07-05 06:24:32] [DEBUG] PartsDefinitionModel::getAllPartsList() start... Project ID: PRJ-D45FEF
[2026-07-05 06:24:32] [DEBUG] PartsDefinitionModel::getTableStructure() start... Project ID: PRJ-D45FEF
[2026-07-05 06:24:32] [DEBUG] Screen::updateAreaE() [iframe起動版] path: \Develop\Views\AreaE\PartsDefinition\RegistParts.view start...
[2026-07-05 06:24:32] [DEBUG] Screen::getContents() start...
[2026-07-05 06:24:32] [DEBUG] Screen::getContents() finish.
[2026-07-05 06:24:32] [DEBUG] Screen::updateAreaE() finish.
[2026-07-05 06:24:32] [DEBUG] PartsDefinitionController::editPartsAction() end.
[2026-07-05 06:24:32] [DEBUG] Screen::areaView() start...
[2026-07-05 06:24:32] [DEBUG] Screen::areaView() finish.
[2026-07-05 06:24:42] [DEBUG] --- wwProject System Start ---
[2026-07-05 06:24:42] [DEBUG] Router::Router() /jemini/wwProjectV1.34/Develop/Console/ServerBridgeAction/
[2026-07-05 06:24:42] [DEBUG] Attempting to load: \Develop\Controllers\ConsoleController::ServerBridgeAction
[2026-07-05 06:24:42] [DEBUG] Router: Executing \Develop\Controllers\ConsoleController->ServerBridgeAction
[2026-07-05 06:24:42] [DEBUG] ConsoleController::ServerBridge() start...
[2026-07-05 06:24:42] [DEBUG] ConsoleController::ServerBridge() \Develop\Controllers\PartsDefinitionController::saveAction()
[2026-07-05 06:24:42] [DEBUG] PartsDefinitionController::saveAction() start...
[2026-07-05 06:24:42] [DEBUG] PartsDefinitionModel::saveParts() start... Project ID: PRJ-D45FEF, Parts ID: 10
[2026-07-05 06:24:42] [DEBUG] PartsDefinitionModel::saveParts() 保存するchecked_columns_jsonの値: []
[2026-07-05 06:24:42] [DEBUG] PartsDefinitionModel::saveParts() contents : 
[2026-07-05 06:24:42] [DEBUG] PartsDefinitionModel::saveParts() UPDATEを実行します。Parts ID: 10
[2026-07-05 06:24:42] [DEBUG] PartsDefinitionModel::getAllPartsList() start... Project ID: PRJ-D45FEF
[2026-07-05 06:24:42] [DEBUG] Screen::updateAreaD() path: \Develop\Views\AreaD\PartsDefinition\PartsDefinitionList.view start...
[2026-07-05 06:24:42] [DEBUG] Screen::getContents() start...
[2026-07-05 06:24:42] [DEBUG] Screen::getContents() finish.
[2026-07-05 06:24:42] [DEBUG] Screen::updateAreaD() finish.
[2026-07-05 06:24:42] [DEBUG] Screen::updateAreaE() [iframe起動版] path: \Develop\Views\AreaE\Area_E_clear.view start...
[2026-07-05 06:24:42] [DEBUG] Screen::getContents() start...
[2026-07-05 06:24:42] [DEBUG] Screen::getContents() finish.
[2026-07-05 06:24:42] [DEBUG] Screen::updateAreaE() finish.
[2026-07-05 06:24:42] [DEBUG] PartsDefinitionController::saveAction() end.
[2026-07-05 06:24:42] [DEBUG] Screen::areaView() start...
[2026-07-05 06:24:42] [DEBUG] Screen::areaView() finish.
[2026-07-05 13:18:32] [DEBUG] --- wwProject System Start ---
[2026-07-05 13:18:32] [DEBUG] Router::Router() /jemini/wwProjectV1.34/Develop/Console/ServerBridgeAction/
[2026-07-05 13:18:32] [DEBUG] Attempting to load: \Develop\Controllers\ConsoleController::ServerBridgeAction
[2026-07-05 13:18:32] [DEBUG] Router: Executing \Develop\Controllers\ConsoleController->ServerBridgeAction
[2026-07-05 13:18:32] [DEBUG] ConsoleController::ServerBridge() start...
[2026-07-05 13:18:32] [DEBUG] ConsoleController::ServerBridge() \Develop\Controllers\PartsDefinitionController::editPartsAction()
[2026-07-05 13:18:32] [DEBUG] PartsDefinitionController::editPartsAction() start...
[2026-07-05 13:18:32] [DEBUG] PartsDefinitionModel::getAllPartsList() start... Project ID: PRJ-D45FEF
[2026-07-05 13:18:32] [DEBUG] PartsDefinitionModel::getTableStructure() start... Project ID: PRJ-D45FEF
[2026-07-05 13:18:32] [DEBUG] Screen::updateAreaE() [iframe起動版] path: \Develop\Views\AreaE\PartsDefinition\RegistParts.view start...
[2026-07-05 13:18:32] [DEBUG] Screen::getContents() start...
[2026-07-05 13:18:32] [DEBUG] Screen::getContents() finish.
[2026-07-05 13:18:32] [DEBUG] Screen::updateAreaE() finish.
[2026-07-05 13:18:32] [DEBUG] PartsDefinitionController::editPartsAction() end.
[2026-07-05 13:18:32] [DEBUG] Screen::areaView() start...
[2026-07-05 13:18:32] [DEBUG] Screen::areaView() finish.
[2026-07-05 13:18:34] [DEBUG] --- wwProject System Start ---
[2026-07-05 13:18:34] [DEBUG] Router::Router() /jemini/wwProjectV1.34/Develop/Console/ServerBridgeAction/
[2026-07-05 13:18:34] [DEBUG] Attempting to load: \Develop\Controllers\ConsoleController::ServerBridgeAction
[2026-07-05 13:18:34] [DEBUG] Router: Executing \Develop\Controllers\ConsoleController->ServerBridgeAction
[2026-07-05 13:18:34] [DEBUG] ConsoleController::ServerBridge() start...
[2026-07-05 13:18:34] [DEBUG] ConsoleController::ServerBridge() \Develop\Controllers\PartsDefinitionController::editPartsAction()
[2026-07-05 13:18:34] [DEBUG] PartsDefinitionController::editPartsAction() start...
[2026-07-05 13:18:34] [DEBUG] PartsDefinitionModel::getAllPartsList() start... Project ID: PRJ-D45FEF
[2026-07-05 13:18:34] [DEBUG] PartsDefinitionModel::getTableStructure() start... Project ID: PRJ-D45FEF
[2026-07-05 13:18:34] [DEBUG] Screen::updateAreaE() [iframe起動版] path: \Develop\Views\AreaE\PartsDefinition\RegistParts.view start...
[2026-07-05 13:18:34] [DEBUG] Screen::getContents() start...
[2026-07-05 13:18:34] [DEBUG] Screen::getContents() finish.
[2026-07-05 13:18:34] [DEBUG] Screen::updateAreaE() finish.
[2026-07-05 13:18:34] [DEBUG] PartsDefinitionController::editPartsAction() end.
[2026-07-05 13:18:34] [DEBUG] Screen::areaView() start...
[2026-07-05 13:18:34] [DEBUG] Screen::areaView() finish.
[2026-07-05 13:18:36] [DEBUG] --- wwProject System Start ---
[2026-07-05 13:18:36] [DEBUG] Router::Router() /jemini/wwProjectV1.34/Develop/Console/ServerBridgeAction/
[2026-07-05 13:18:36] [DEBUG] Attempting to load: \Develop\Controllers\ConsoleController::ServerBridgeAction
[2026-07-05 13:18:36] [DEBUG] Router: Executing \Develop\Controllers\ConsoleController->ServerBridgeAction
[2026-07-05 13:18:36] [DEBUG] ConsoleController::ServerBridge() start...
[2026-07-05 13:18:36] [DEBUG] ConsoleController::ServerBridge() \Develop\Controllers\PartsDefinitionController::editPartsAction()
[2026-07-05 13:18:36] [DEBUG] PartsDefinitionController::editPartsAction() start...
[2026-07-05 13:18:36] [DEBUG] PartsDefinitionModel::getAllPartsList() start... Project ID: PRJ-D45FEF
[2026-07-05 13:18:36] [DEBUG] PartsDefinitionModel::getTableStructure() start... Project ID: PRJ-D45FEF
[2026-07-05 13:18:36] [DEBUG] Screen::updateAreaE() [iframe起動版] path: \Develop\Views\AreaE\PartsDefinition\RegistParts.view start...
[2026-07-05 13:18:36] [DEBUG] Screen::getContents() start...
[2026-07-05 13:18:36] [DEBUG] Screen::getContents() finish.
[2026-07-05 13:18:36] [DEBUG] Screen::updateAreaE() finish.
[2026-07-05 13:18:36] [DEBUG] PartsDefinitionController::editPartsAction() end.
[2026-07-05 13:18:36] [DEBUG] Screen::areaView() start...
[2026-07-05 13:18:36] [DEBUG] Screen::areaView() finish.
[2026-07-05 13:18:38] [DEBUG] --- wwProject System Start ---
[2026-07-05 13:18:38] [DEBUG] Router::Router() /jemini/wwProjectV1.34/Develop/Console/ServerBridgeAction/
[2026-07-05 13:18:38] [DEBUG] Attempting to load: \Develop\Controllers\ConsoleController::ServerBridgeAction
[2026-07-05 13:18:38] [DEBUG] Router: Executing \Develop\Controllers\ConsoleController->ServerBridgeAction
[2026-07-05 13:18:38] [DEBUG] ConsoleController::ServerBridge() start...
[2026-07-05 13:18:38] [DEBUG] ConsoleController::ServerBridge() \Develop\Controllers\PartsDefinitionController::editPartsAction()
[2026-07-05 13:18:38] [DEBUG] PartsDefinitionController::editPartsAction() start...
[2026-07-05 13:18:38] [DEBUG] PartsDefinitionModel::getAllPartsList() start... Project ID: PRJ-D45FEF
[2026-07-05 13:18:38] [DEBUG] PartsDefinitionModel::getColumnsByTableId() start... Input: developers
[2026-07-05 13:18:38] [DEBUG] 逆引き成功: 物理名 developers -> table_id : 6
[2026-07-05 13:18:38] [DEBUG] PartsDefinitionModel::getColumnsByTableId() finish. 件数: 9
[2026-07-05 13:18:38] [DEBUG] PartsDefinitionModel::getTableStructure() start... Project ID: PRJ-D45FEF
[2026-07-05 13:18:38] [DEBUG] Screen::updateAreaE() [iframe起動版] path: \Develop\Views\AreaE\PartsDefinition\RegistParts.view start...
[2026-07-05 13:18:38] [DEBUG] Screen::getContents() start...
[2026-07-05 13:18:38] [DEBUG] Screen::getContents() finish.
[2026-07-05 13:18:38] [DEBUG] Screen::updateAreaE() finish.
[2026-07-05 13:18:38] [DEBUG] PartsDefinitionController::editPartsAction() end.
[2026-07-05 13:18:38] [DEBUG] Screen::areaView() start...
[2026-07-05 13:18:38] [DEBUG] Screen::areaView() finish.
[2026-07-05 13:18:39] [DEBUG] --- wwProject System Start ---
[2026-07-05 13:18:39] [DEBUG] Router::Router() /jemini/wwProjectV1.34/Develop/Console/ServerBridgeAction/
[2026-07-05 13:18:39] [DEBUG] Attempting to load: \Develop\Controllers\ConsoleController::ServerBridgeAction
[2026-07-05 13:18:39] [DEBUG] Router: Executing \Develop\Controllers\ConsoleController->ServerBridgeAction
[2026-07-05 13:18:39] [DEBUG] ConsoleController::ServerBridge() start...
[2026-07-05 13:18:39] [DEBUG] ConsoleController::ServerBridge() \Develop\Controllers\PartsDefinitionController::editPartsAction()
[2026-07-05 13:18:39] [DEBUG] PartsDefinitionController::editPartsAction() start...
[2026-07-05 13:18:39] [DEBUG] PartsDefinitionModel::getAllPartsList() start... Project ID: PRJ-D45FEF
[2026-07-05 13:18:39] [DEBUG] PartsDefinitionModel::getColumnsByTableId() start... Input: developers
[2026-07-05 13:18:39] [DEBUG] 逆引き成功: 物理名 developers -> table_id : 6
[2026-07-05 13:18:39] [DEBUG] PartsDefinitionModel::getColumnsByTableId() finish. 件数: 9
[2026-07-05 13:18:39] [DEBUG] PartsDefinitionModel::getTableStructure() start... Project ID: PRJ-D45FEF
[2026-07-05 13:18:39] [DEBUG] Screen::updateAreaE() [iframe起動版] path: \Develop\Views\AreaE\PartsDefinition\RegistParts.view start...
[2026-07-05 13:18:39] [DEBUG] Screen::getContents() start...
[2026-07-05 13:18:39] [DEBUG] Screen::getContents() finish.
[2026-07-05 13:18:39] [DEBUG] Screen::updateAreaE() finish.
[2026-07-05 13:18:39] [DEBUG] PartsDefinitionController::editPartsAction() end.
[2026-07-05 13:18:39] [DEBUG] Screen::areaView() start...
[2026-07-05 13:18:39] [DEBUG] Screen::areaView() finish.
[2026-07-05 13:18:42] [DEBUG] --- wwProject System Start ---
[2026-07-05 13:18:42] [DEBUG] Router::Router() /jemini/wwProjectV1.34/Develop/Console/ServerBridgeAction/
[2026-07-05 13:18:42] [DEBUG] Attempting to load: \Develop\Controllers\ConsoleController::ServerBridgeAction
[2026-07-05 13:18:42] [DEBUG] Router: Executing \Develop\Controllers\ConsoleController->ServerBridgeAction
[2026-07-05 13:18:42] [DEBUG] ConsoleController::ServerBridge() start...
[2026-07-05 13:18:42] [DEBUG] ConsoleController::ServerBridge() \Develop\Controllers\PartsDefinitionController::editPartsAction()
[2026-07-05 13:18:42] [DEBUG] PartsDefinitionController::editPartsAction() start...
[2026-07-05 13:18:42] [DEBUG] PartsDefinitionModel::getAllPartsList() start... Project ID: PRJ-D45FEF
[2026-07-05 13:18:42] [DEBUG] PartsDefinitionModel::getColumnsByTableId() start... Input: developers
[2026-07-05 13:18:42] [DEBUG] 逆引き成功: 物理名 developers -> table_id : 6
[2026-07-05 13:18:42] [DEBUG] PartsDefinitionModel::getColumnsByTableId() finish. 件数: 9
[2026-07-05 13:18:42] [DEBUG] PartsDefinitionModel::getTableStructure() start... Project ID: PRJ-D45FEF
[2026-07-05 13:18:42] [DEBUG] Screen::updateAreaE() [iframe起動版] path: \Develop\Views\AreaE\PartsDefinition\RegistParts.view start...
[2026-07-05 13:18:42] [DEBUG] Screen::getContents() start...
[2026-07-05 13:18:42] [DEBUG] Screen::getContents() finish.
[2026-07-05 13:18:42] [DEBUG] Screen::updateAreaE() finish.
[2026-07-05 13:18:42] [DEBUG] PartsDefinitionController::editPartsAction() end.
[2026-07-05 13:18:42] [DEBUG] Screen::areaView() start...
[2026-07-05 13:18:42] [DEBUG] Screen::areaView() finish.
[2026-07-05 13:18:44] [DEBUG] --- wwProject System Start ---
[2026-07-05 13:18:44] [DEBUG] Router::Router() /jemini/wwProjectV1.34/Develop/Console/ServerBridgeAction/
[2026-07-05 13:18:44] [DEBUG] Attempting to load: \Develop\Controllers\ConsoleController::ServerBridgeAction
[2026-07-05 13:18:44] [DEBUG] Router: Executing \Develop\Controllers\ConsoleController->ServerBridgeAction
[2026-07-05 13:18:44] [DEBUG] ConsoleController::ServerBridge() start...
[2026-07-05 13:18:44] [DEBUG] ConsoleController::ServerBridge() \Develop\Controllers\PartsDefinitionController::editPartsAction()
[2026-07-05 13:18:44] [DEBUG] PartsDefinitionController::editPartsAction() start...
[2026-07-05 13:18:44] [DEBUG] PartsDefinitionModel::getAllPartsList() start... Project ID: PRJ-D45FEF
[2026-07-05 13:18:44] [DEBUG] PartsDefinitionModel::getColumnsByTableId() start... Input: developers
[2026-07-05 13:18:44] [DEBUG] 逆引き成功: 物理名 developers -> table_id : 6
[2026-07-05 13:18:44] [DEBUG] PartsDefinitionModel::getColumnsByTableId() finish. 件数: 9
[2026-07-05 13:18:44] [DEBUG] PartsDefinitionModel::getTableStructure() start... Project ID: PRJ-D45FEF
[2026-07-05 13:18:44] [DEBUG] Screen::updateAreaE() [iframe起動版] path: \Develop\Views\AreaE\PartsDefinition\RegistParts.view start...
[2026-07-05 13:18:44] [DEBUG] Screen::getContents() start...
[2026-07-05 13:18:44] [DEBUG] Screen::getContents() finish.
[2026-07-05 13:18:44] [DEBUG] Screen::updateAreaE() finish.
[2026-07-05 13:18:44] [DEBUG] PartsDefinitionController::editPartsAction() end.
[2026-07-05 13:18:44] [DEBUG] Screen::areaView() start...
[2026-07-05 13:18:44] [DEBUG] Screen::areaView() finish.
[2026-07-05 13:18:46] [DEBUG] --- wwProject System Start ---
[2026-07-05 13:18:46] [DEBUG] Router::Router() /jemini/wwProjectV1.34/Develop/Console/ServerBridgeAction/
[2026-07-05 13:18:46] [DEBUG] Attempting to load: \Develop\Controllers\ConsoleController::ServerBridgeAction
[2026-07-05 13:18:46] [DEBUG] Router: Executing \Develop\Controllers\ConsoleController->ServerBridgeAction
[2026-07-05 13:18:46] [DEBUG] ConsoleController::ServerBridge() start...
[2026-07-05 13:18:46] [DEBUG] ConsoleController::ServerBridge() \Develop\Controllers\PartsDefinitionController::editPartsAction()
[2026-07-05 13:18:46] [DEBUG] PartsDefinitionController::editPartsAction() start...
[2026-07-05 13:18:46] [DEBUG] PartsDefinitionModel::getAllPartsList() start... Project ID: PRJ-D45FEF
[2026-07-05 13:18:46] [DEBUG] PartsDefinitionModel::getColumnsByTableId() start... Input: developers
[2026-07-05 13:18:46] [DEBUG] 逆引き成功: 物理名 developers -> table_id : 6
[2026-07-05 13:18:46] [DEBUG] PartsDefinitionModel::getColumnsByTableId() finish. 件数: 9
[2026-07-05 13:18:46] [DEBUG] PartsDefinitionModel::getTableStructure() start... Project ID: PRJ-D45FEF
[2026-07-05 13:18:46] [DEBUG] Screen::updateAreaE() [iframe起動版] path: \Develop\Views\AreaE\PartsDefinition\RegistParts.view start...
[2026-07-05 13:18:46] [DEBUG] Screen::getContents() start...
[2026-07-05 13:18:46] [DEBUG] Screen::getContents() finish.
[2026-07-05 13:18:46] [DEBUG] Screen::updateAreaE() finish.
[2026-07-05 13:18:46] [DEBUG] PartsDefinitionController::editPartsAction() end.
[2026-07-05 13:18:46] [DEBUG] Screen::areaView() start...
[2026-07-05 13:18:46] [DEBUG] Screen::areaView() finish.
[2026-07-05 13:18:47] [DEBUG] --- wwProject System Start ---
[2026-07-05 13:18:47] [DEBUG] Router::Router() /jemini/wwProjectV1.34/Develop/Console/ServerBridgeAction/
[2026-07-05 13:18:47] [DEBUG] Attempting to load: \Develop\Controllers\ConsoleController::ServerBridgeAction
[2026-07-05 13:18:47] [DEBUG] Router: Executing \Develop\Controllers\ConsoleController->ServerBridgeAction
[2026-07-05 13:18:47] [DEBUG] ConsoleController::ServerBridge() start...
[2026-07-05 13:18:47] [DEBUG] ConsoleController::ServerBridge() \Develop\Controllers\PartsDefinitionController::editPartsAction()
[2026-07-05 13:18:47] [DEBUG] PartsDefinitionController::editPartsAction() start...
[2026-07-05 13:18:47] [DEBUG] PartsDefinitionModel::getAllPartsList() start... Project ID: PRJ-D45FEF
[2026-07-05 13:18:47] [DEBUG] PartsDefinitionModel::getColumnsByTableId() start... Input: developers
[2026-07-05 13:18:47] [DEBUG] 逆引き成功: 物理名 developers -> table_id : 6
[2026-07-05 13:18:47] [DEBUG] PartsDefinitionModel::getColumnsByTableId() finish. 件数: 9
[2026-07-05 13:18:47] [DEBUG] PartsDefinitionModel::getTableStructure() start... Project ID: PRJ-D45FEF
[2026-07-05 13:18:47] [DEBUG] Screen::updateAreaE() [iframe起動版] path: \Develop\Views\AreaE\PartsDefinition\RegistParts.view start...
[2026-07-05 13:18:47] [DEBUG] Screen::getContents() start...
[2026-07-05 13:18:47] [DEBUG] Screen::getContents() finish.
[2026-07-05 13:18:47] [DEBUG] Screen::updateAreaE() finish.
[2026-07-05 13:18:47] [DEBUG] PartsDefinitionController::editPartsAction() end.
[2026-07-05 13:18:47] [DEBUG] Screen::areaView() start...
[2026-07-05 13:18:47] [DEBUG] Screen::areaView() finish.
[2026-07-05 13:18:54] [DEBUG] --- wwProject System Start ---
[2026-07-05 13:18:54] [DEBUG] Router::Router() /jemini/wwProjectV1.34/Develop/Console/ServerBridgeAction/
[2026-07-05 13:18:54] [DEBUG] Attempting to load: \Develop\Controllers\ConsoleController::ServerBridgeAction
[2026-07-05 13:18:54] [DEBUG] Router: Executing \Develop\Controllers\ConsoleController->ServerBridgeAction
[2026-07-05 13:18:54] [DEBUG] ConsoleController::ServerBridge() start...
[2026-07-05 13:18:54] [DEBUG] ConsoleController::ServerBridge() \Develop\Controllers\PartsDefinitionController::editPartsAction()
[2026-07-05 13:18:54] [DEBUG] PartsDefinitionController::editPartsAction() start...
[2026-07-05 13:18:54] [DEBUG] PartsDefinitionModel::getAllPartsList() start... Project ID: PRJ-D45FEF
[2026-07-05 13:18:54] [DEBUG] PartsDefinitionModel::getTableStructure() start... Project ID: PRJ-D45FEF
[2026-07-05 13:18:54] [DEBUG] Screen::updateAreaE() [iframe起動版] path: \Develop\Views\AreaE\PartsDefinition\RegistParts.view start...
[2026-07-05 13:18:54] [DEBUG] Screen::getContents() start...
[2026-07-05 13:18:54] [DEBUG] Screen::getContents() finish.
[2026-07-05 13:18:54] [DEBUG] Screen::updateAreaE() finish.
[2026-07-05 13:18:54] [DEBUG] PartsDefinitionController::editPartsAction() end.
[2026-07-05 13:18:54] [DEBUG] Screen::areaView() start...
[2026-07-05 13:18:54] [DEBUG] Screen::areaView() finish.
[2026-07-05 13:18:56] [DEBUG] --- wwProject System Start ---
[2026-07-05 13:18:56] [DEBUG] Router::Router() /jemini/wwProjectV1.34/Develop/Console/ServerBridgeAction/
[2026-07-05 13:18:56] [DEBUG] Attempting to load: \Develop\Controllers\ConsoleController::ServerBridgeAction
[2026-07-05 13:18:56] [DEBUG] Router: Executing \Develop\Controllers\ConsoleController->ServerBridgeAction
[2026-07-05 13:18:56] [DEBUG] ConsoleController::ServerBridge() start...
[2026-07-05 13:18:56] [DEBUG] ConsoleController::ServerBridge() \Develop\Controllers\PartsDefinitionController::editPartsAction()
[2026-07-05 13:18:56] [DEBUG] PartsDefinitionController::editPartsAction() start...
[2026-07-05 13:18:56] [DEBUG] PartsDefinitionModel::getAllPartsList() start... Project ID: PRJ-D45FEF
[2026-07-05 13:18:56] [DEBUG] PartsDefinitionModel::getTableStructure() start... Project ID: PRJ-D45FEF
[2026-07-05 13:18:56] [DEBUG] Screen::updateAreaE() [iframe起動版] path: \Develop\Views\AreaE\PartsDefinition\RegistParts.view start...
[2026-07-05 13:18:56] [DEBUG] Screen::getContents() start...
[2026-07-05 13:18:56] [DEBUG] Screen::getContents() finish.
[2026-07-05 13:18:56] [DEBUG] Screen::updateAreaE() finish.
[2026-07-05 13:18:56] [DEBUG] PartsDefinitionController::editPartsAction() end.
[2026-07-05 13:18:56] [DEBUG] Screen::areaView() start...
[2026-07-05 13:18:56] [DEBUG] Screen::areaView() finish.
[2026-07-05 13:19:05] [DEBUG] --- wwProject System Start ---
[2026-07-05 13:19:05] [DEBUG] Router::Router() /jemini/wwProjectV1.34/Develop/Console/ServerBridgeAction/
[2026-07-05 13:19:05] [DEBUG] Attempting to load: \Develop\Controllers\ConsoleController::ServerBridgeAction
[2026-07-05 13:19:05] [DEBUG] Router: Executing \Develop\Controllers\ConsoleController->ServerBridgeAction
[2026-07-05 13:19:05] [DEBUG] ConsoleController::ServerBridge() start...
[2026-07-05 13:19:05] [DEBUG] ConsoleController::ServerBridge() \Develop\Controllers\PartsDefinitionController::saveAction()
[2026-07-05 13:19:05] [DEBUG] PartsDefinitionController::saveAction() start...
[2026-07-05 13:19:05] [DEBUG] PartsDefinitionModel::saveParts() start... Project ID: PRJ-D45FEF, Parts ID: 10
[2026-07-05 13:19:05] [DEBUG] PartsDefinitionModel::saveParts() 保存するchecked_columns_jsonの値: []
[2026-07-05 13:19:05] [DEBUG] PartsDefinitionModel::saveParts() contents : 
[2026-07-05 13:19:05] [DEBUG] PartsDefinitionModel::saveParts() UPDATEを実行します。Parts ID: 10
[2026-07-05 13:19:05] [DEBUG] PartsDefinitionModel::getAllPartsList() start... Project ID: PRJ-D45FEF
[2026-07-05 13:19:05] [DEBUG] Screen::updateAreaD() path: \Develop\Views\AreaD\PartsDefinition\PartsDefinitionList.view start...
[2026-07-05 13:19:05] [DEBUG] Screen::getContents() start...
[2026-07-05 13:19:05] [DEBUG] Screen::getContents() finish.
[2026-07-05 13:19:05] [DEBUG] Screen::updateAreaD() finish.
[2026-07-05 13:19:05] [DEBUG] Screen::updateAreaE() [iframe起動版] path: \Develop\Views\AreaE\Area_E_clear.view start...
[2026-07-05 13:19:05] [DEBUG] Screen::getContents() start...
[2026-07-05 13:19:05] [DEBUG] Screen::getContents() finish.
[2026-07-05 13:19:05] [DEBUG] Screen::updateAreaE() finish.
[2026-07-05 13:19:05] [DEBUG] PartsDefinitionController::saveAction() end.
[2026-07-05 13:19:05] [DEBUG] Screen::areaView() start...
[2026-07-05 13:19:05] [DEBUG] Screen::areaView() finish.
[2026-07-05 13:19:09] [DEBUG] --- wwProject System Start ---
[2026-07-05 13:19:09] [DEBUG] Router::Router() /jemini/wwProjectV1.34/Develop/Console/ServerBridgeAction/
[2026-07-05 13:19:09] [DEBUG] Attempting to load: \Develop\Controllers\ConsoleController::ServerBridgeAction
[2026-07-05 13:19:09] [DEBUG] Router: Executing \Develop\Controllers\ConsoleController->ServerBridgeAction
[2026-07-05 13:19:09] [DEBUG] ConsoleController::ServerBridge() start...
[2026-07-05 13:19:09] [DEBUG] ConsoleController::ServerBridge() \Develop\Controllers\PartsDefinitionController::editPartsAction()
[2026-07-05 13:19:09] [DEBUG] PartsDefinitionController::editPartsAction() start...
[2026-07-05 13:19:09] [DEBUG] PartsDefinitionModel::getAllPartsList() start... Project ID: PRJ-D45FEF
[2026-07-05 13:19:09] [DEBUG] PartsDefinitionModel::getTableStructure() start... Project ID: PRJ-D45FEF
[2026-07-05 13:19:09] [DEBUG] Screen::updateAreaE() [iframe起動版] path: \Develop\Views\AreaE\PartsDefinition\RegistParts.view start...
[2026-07-05 13:19:09] [DEBUG] Screen::getContents() start...
[2026-07-05 13:19:09] [DEBUG] Screen::getContents() finish.
[2026-07-05 13:19:09] [DEBUG] Screen::updateAreaE() finish.
[2026-07-05 13:19:09] [DEBUG] PartsDefinitionController::editPartsAction() end.
[2026-07-05 13:19:09] [DEBUG] Screen::areaView() start...
[2026-07-05 13:19:09] [DEBUG] Screen::areaView() finish.
[2026-07-05 13:19:14] [DEBUG] --- wwProject System Start ---
[2026-07-05 13:19:14] [DEBUG] Router::Router() /jemini/wwProjectV1.34/Develop/Console/ServerBridgeAction/
[2026-07-05 13:19:14] [DEBUG] Attempting to load: \Develop\Controllers\ConsoleController::ServerBridgeAction
[2026-07-05 13:19:14] [DEBUG] Router: Executing \Develop\Controllers\ConsoleController->ServerBridgeAction
[2026-07-05 13:19:14] [DEBUG] ConsoleController::ServerBridge() start...
[2026-07-05 13:19:14] [DEBUG] ConsoleController::ServerBridge() \Develop\Controllers\PartsDefinitionController::editPartsAction()
[2026-07-05 13:19:14] [DEBUG] PartsDefinitionController::editPartsAction() start...
[2026-07-05 13:19:14] [DEBUG] PartsDefinitionModel::getAllPartsList() start... Project ID: PRJ-D45FEF
[2026-07-05 13:19:14] [DEBUG] PartsDefinitionModel::getTableStructure() start... Project ID: PRJ-D45FEF
[2026-07-05 13:19:14] [DEBUG] Screen::updateAreaE() [iframe起動版] path: \Develop\Views\AreaE\PartsDefinition\RegistParts.view start...
[2026-07-05 13:19:14] [DEBUG] Screen::getContents() start...
[2026-07-05 13:19:14] [DEBUG] Screen::getContents() finish.
[2026-07-05 13:19:14] [DEBUG] Screen::updateAreaE() finish.
[2026-07-05 13:19:14] [DEBUG] PartsDefinitionController::editPartsAction() end.
[2026-07-05 13:19:14] [DEBUG] Screen::areaView() start...
[2026-07-05 13:19:14] [DEBUG] Screen::areaView() finish.
[2026-07-05 13:19:17] [DEBUG] --- wwProject System Start ---
[2026-07-05 13:19:17] [DEBUG] Router::Router() /jemini/wwProjectV1.34/Develop/Console/ServerBridgeAction/
[2026-07-05 13:19:17] [DEBUG] Attempting to load: \Develop\Controllers\ConsoleController::ServerBridgeAction
[2026-07-05 13:19:17] [DEBUG] Router: Executing \Develop\Controllers\ConsoleController->ServerBridgeAction
[2026-07-05 13:19:17] [DEBUG] ConsoleController::ServerBridge() start...
[2026-07-05 13:19:17] [DEBUG] ConsoleController::ServerBridge() \Develop\Controllers\PartsDefinitionController::editPartsAction()
[2026-07-05 13:19:17] [DEBUG] PartsDefinitionController::editPartsAction() start...
[2026-07-05 13:19:17] [DEBUG] PartsDefinitionModel::getAllPartsList() start... Project ID: PRJ-D45FEF
[2026-07-05 13:19:17] [DEBUG] PartsDefinitionModel::getTableStructure() start... Project ID: PRJ-D45FEF
[2026-07-05 13:19:17] [DEBUG] Screen::updateAreaE() [iframe起動版] path: \Develop\Views\AreaE\PartsDefinition\RegistParts.view start...
[2026-07-05 13:19:17] [DEBUG] Screen::getContents() start...
[2026-07-05 13:19:17] [DEBUG] Screen::getContents() finish.
[2026-07-05 13:19:17] [DEBUG] Screen::updateAreaE() finish.
[2026-07-05 13:19:17] [DEBUG] PartsDefinitionController::editPartsAction() end.
[2026-07-05 13:19:17] [DEBUG] Screen::areaView() start...
[2026-07-05 13:19:17] [DEBUG] Screen::areaView() finish.
[2026-07-05 13:19:24] [DEBUG] --- wwProject System Start ---
[2026-07-05 13:19:24] [DEBUG] Router::Router() /jemini/wwProjectV1.34/Develop/Console/ServerBridgeAction/
[2026-07-05 13:19:24] [DEBUG] Attempting to load: \Develop\Controllers\ConsoleController::ServerBridgeAction
[2026-07-05 13:19:24] [DEBUG] Router: Executing \Develop\Controllers\ConsoleController->ServerBridgeAction
[2026-07-05 13:19:24] [DEBUG] ConsoleController::ServerBridge() start...
[2026-07-05 13:19:24] [DEBUG] ConsoleController::ServerBridge() \Develop\Controllers\PartsDefinitionController::saveAction()
[2026-07-05 13:19:24] [DEBUG] PartsDefinitionController::saveAction() start...
[2026-07-05 13:19:24] [DEBUG] PartsDefinitionModel::saveParts() start... Project ID: PRJ-D45FEF, Parts ID: 6
[2026-07-05 13:19:24] [DEBUG] PartsDefinitionModel::saveParts() 保存するchecked_columns_jsonの値: []
[2026-07-05 13:19:24] [DEBUG] PartsDefinitionModel::saveParts() contents : 
[2026-07-05 13:19:24] [DEBUG] PartsDefinitionModel::saveParts() UPDATEを実行します。Parts ID: 6
[2026-07-05 13:19:24] [DEBUG] PartsDefinitionModel::getAllPartsList() start... Project ID: PRJ-D45FEF
[2026-07-05 13:19:24] [DEBUG] Screen::updateAreaD() path: \Develop\Views\AreaD\PartsDefinition\PartsDefinitionList.view start...
[2026-07-05 13:19:24] [DEBUG] Screen::getContents() start...
[2026-07-05 13:19:24] [DEBUG] Screen::getContents() finish.
[2026-07-05 13:19:24] [DEBUG] Screen::updateAreaD() finish.
[2026-07-05 13:19:24] [DEBUG] Screen::updateAreaE() [iframe起動版] path: \Develop\Views\AreaE\Area_E_clear.view start...
[2026-07-05 13:19:24] [DEBUG] Screen::getContents() start...
[2026-07-05 13:19:24] [DEBUG] Screen::getContents() finish.
[2026-07-05 13:19:24] [DEBUG] Screen::updateAreaE() finish.
[2026-07-05 13:19:24] [DEBUG] PartsDefinitionController::saveAction() end.
[2026-07-05 13:19:24] [DEBUG] Screen::areaView() start...
[2026-07-05 13:19:24] [DEBUG] Screen::areaView() finish.
[2026-07-05 13:19:27] [DEBUG] --- wwProject System Start ---
[2026-07-05 13:19:27] [DEBUG] Router::Router() /jemini/wwProjectV1.34/Develop/Console/ServerBridgeAction/
[2026-07-05 13:19:27] [DEBUG] Attempting to load: \Develop\Controllers\ConsoleController::ServerBridgeAction
[2026-07-05 13:19:27] [DEBUG] Router: Executing \Develop\Controllers\ConsoleController->ServerBridgeAction
[2026-07-05 13:19:27] [DEBUG] ConsoleController::ServerBridge() start...
[2026-07-05 13:19:27] [DEBUG] ConsoleController::ServerBridge() \Develop\Controllers\PartsDefinitionController::editPartsAction()
[2026-07-05 13:19:27] [DEBUG] PartsDefinitionController::editPartsAction() start...
[2026-07-05 13:19:27] [DEBUG] PartsDefinitionModel::getAllPartsList() start... Project ID: PRJ-D45FEF
[2026-07-05 13:19:27] [DEBUG] PartsDefinitionModel::getTableStructure() start... Project ID: PRJ-D45FEF
[2026-07-05 13:19:27] [DEBUG] Screen::updateAreaE() [iframe起動版] path: \Develop\Views\AreaE\PartsDefinition\RegistParts.view start...
[2026-07-05 13:19:27] [DEBUG] Screen::getContents() start...
[2026-07-05 13:19:27] [DEBUG] Screen::getContents() finish.
[2026-07-05 13:19:27] [DEBUG] Screen::updateAreaE() finish.
[2026-07-05 13:19:27] [DEBUG] PartsDefinitionController::editPartsAction() end.
[2026-07-05 13:19:27] [DEBUG] Screen::areaView() start...
[2026-07-05 13:19:27] [DEBUG] Screen::areaView() finish.
[2026-07-05 13:55:19] [DEBUG] --- wwProject System Start ---
[2026-07-05 13:55:19] [DEBUG] Router::Router() /jemini/wwProjectV1.34/Develop/
[2026-07-05 13:55:19] [DEBUG] Attempting to load: \Develop\Controllers\LoginController::initialAction
[2026-07-05 13:55:19] [DEBUG] Router: Executing \Develop\Controllers\LoginController->initialAction
[2026-07-05 13:55:19] [DEBUG] Login::initialAction() start...
[2026-07-05 13:55:19] [DEBUG] Login::initialAction() errorMessage : 
[2026-07-05 13:55:19] [DEBUG] Screen::view() path: \Develop\Views\Login\Login.view start...
[2026-07-05 13:55:19] [DEBUG] Screen::getContents() start...
[2026-07-05 13:55:19] [DEBUG] Screen::getContents() finish.
[2026-07-05 13:55:19] [DEBUG] Screen::view() path: \Develop\Views\Login\Login.view finish.
[2026-07-05 13:55:19] [DEBUG] Login::initialAction() finish.
[2026-07-05 13:55:55] [DEBUG] --- wwProject System Start ---
[2026-07-05 13:55:55] [DEBUG] Router::Router() /jemini/wwProjectV1.34/Develop/Login/authentication/
[2026-07-05 13:55:55] [DEBUG] Attempting to load: \Develop\Controllers\LoginController::authenticationAction
[2026-07-05 13:55:55] [DEBUG] Router: Executing \Develop\Controllers\LoginController->authenticationAction
[2026-07-05 13:55:55] [DEBUG] Login::AuthenticationAction() start...
[2026-07-05 13:55:55] [DEBUG] Login OK - x
[2026-07-05 13:55:55] [DEBUG] Session::start()
[2026-07-05 13:55:55] [DEBUG] Redirect to Console::initialAction()
[2026-07-05 13:55:55] [DEBUG] --- wwProject System Start ---
[2026-07-05 13:55:56] [DEBUG] Router::Router() /jemini/wwProjectV1.34/Develop/Console/initial/
[2026-07-05 13:55:56] [DEBUG] Attempting to load: \Develop\Controllers\ConsoleController::initialAction
[2026-07-05 13:55:56] [DEBUG] Router: Executing \Develop\Controllers\ConsoleController->initialAction
[2026-07-05 13:55:56] [DEBUG] Console::initialAction() start...
[2026-07-05 13:55:56] [DEBUG] Screen::view() path: \Develop\Views\Console\Console.view start...
[2026-07-05 13:55:56] [DEBUG] Screen::getContents() start...
[2026-07-05 13:55:56] [DEBUG] Screen::getContents() finish.
[2026-07-05 13:55:56] [DEBUG] Screen::view() path: \Develop\Views\Console\Console.view finish.
[2026-07-05 13:55:56] [DEBUG] ConsoleController::initialAction() finish.
[2026-07-05 13:55:56] [DEBUG] --- wwProject System Start ---
[2026-07-05 13:55:56] [DEBUG] Router::Router() /jemini/wwProjectV1.34/Develop/Console/ServerBridgeAction/
[2026-07-05 13:55:56] [DEBUG] Attempting to load: \Develop\Controllers\ConsoleController::ServerBridgeAction
[2026-07-05 13:55:56] [DEBUG] Router: Executing \Develop\Controllers\ConsoleController->ServerBridgeAction
[2026-07-05 13:55:56] [DEBUG] ConsoleController::ServerBridge() start...
[2026-07-05 13:55:56] [DEBUG] ConsoleController::ServerBridge() \Develop\Controllers\ConsoleController::areaInitialAction()
[2026-07-05 13:55:56] [DEBUG] ConsoleController::AreaInitialAction() start...
[2026-07-05 13:55:56] [DEBUG] Screen::updateAreaA() path: \Develop\Views\AreaA\Area_A.view start...
[2026-07-05 13:55:56] [DEBUG] Screen::areaView() sending JSON: ["areas"]
[2026-07-05 13:55:56] [DEBUG] Screen::getContents() start...
[2026-07-05 13:55:56] [DEBUG] Screen::getContents() finish.
[2026-07-05 13:55:56] [DEBUG] Screen::updateAreaA() finish.
[2026-07-05 13:55:56] [DEBUG] Screen::updateAreaB() path: \Develop\Views\AreaB\Area_B.view start...
[2026-07-05 13:55:56] [DEBUG] Screen::getContents() start...
[2026-07-05 13:55:56] [DEBUG] Screen::getContents() finish.
[2026-07-05 13:55:56] [DEBUG] Screen::updateAreaB() finish.
[2026-07-05 13:55:56] [DEBUG] Screen::updateAreaD() path: \Develop\Views\AreaD\Area_D_clear.view start...
[2026-07-05 13:55:56] [DEBUG] Screen::getContents() start...
[2026-07-05 13:55:56] [DEBUG] Screen::getContents() finish.
[2026-07-05 13:55:56] [DEBUG] Screen::updateAreaD() finish.
[2026-07-05 13:55:56] [DEBUG] Screen::updateAreaE() [iframe起動版] path: \Develop\Views\AreaE\Area_E_clear.view start...
[2026-07-05 13:55:56] [DEBUG] Screen::getContents() start...
[2026-07-05 13:55:56] [DEBUG] Screen::getContents() finish.
[2026-07-05 13:55:56] [DEBUG] Screen::updateAreaE() finish.
[2026-07-05 13:55:56] [DEBUG] Screen::updateAreaF() path: \Develop\Views\AreaF\Area_F.view start...
[2026-07-05 13:55:56] [DEBUG] Screen::getContents() start...
[2026-07-05 13:55:56] [DEBUG] Screen::getContents() finish.
[2026-07-05 13:55:56] [DEBUG] Screen::updateAreaF() finish.
[2026-07-05 13:55:56] [DEBUG] ProjectController::startProjectNabi() start...
[2026-07-05 13:55:56] [DEBUG] ProjectController::getProjectListHtml() start...
[2026-07-05 13:55:56] [DEBUG] ProjectModel::getProjectList() start...
[2026-07-05 13:55:56] [DEBUG] ProjectModel::getProjectList() finish.
[2026-07-05 13:55:56] [DEBUG] CodeMasterModel：：getCodesByGroup() start...
[2026-07-05 13:55:56] [DEBUG] CodeMasterModel：：getCodesByGroup() finish.
[2026-07-05 13:55:56] [DEBUG] ProjectController::getNaviFooterHtml() start...
[2026-07-05 13:55:56] [DEBUG] ProjectController::getNaviFooterHtml() finish.
[2026-07-05 13:55:56] [DEBUG] ProjectController::startProjectNabi() finish.
[2026-07-05 13:55:56] [DEBUG] Screen::updateAreaC() \Develop\Views\AreaC\Area_C.view start...
[2026-07-05 13:55:56] [DEBUG] Screen::getContents() start...
[2026-07-05 13:55:56] [DEBUG] Screen::getContents() finish.
[2026-07-05 13:55:56] [DEBUG] Screen::updateAreaC() finish.
[2026-07-05 13:55:56] [DEBUG] ConsoleController::AreaInitialAction() finish.
[2026-07-05 13:55:56] [DEBUG] Screen::areaView() start...
[2026-07-05 13:55:56] [DEBUG] Screen::areaView() finish.
[2026-07-05 13:55:58] [DEBUG] --- wwProject System Start ---
[2026-07-05 13:55:58] [DEBUG] Router::Router() /jemini/wwProjectV1.34/Develop/Console/ServerBridgeAction/
[2026-07-05 13:55:58] [DEBUG] Attempting to load: \Develop\Controllers\ConsoleController::ServerBridgeAction
[2026-07-05 13:55:58] [DEBUG] Router: Executing \Develop\Controllers\ConsoleController->ServerBridgeAction
[2026-07-05 13:55:58] [DEBUG] ConsoleController::ServerBridge() start...
[2026-07-05 13:55:58] [DEBUG] ConsoleController::ServerBridge() \Develop\Controllers\ProjectController::projectSelectAction()
[2026-07-05 13:55:58] [DEBUG] ProjectController::projectSelectAction() start...
[2026-07-05 13:55:58] [DEBUG] ProjectController::projectSelectAction() ☆★☆　SampleProject１
[2026-07-05 13:55:58] [DEBUG] Screen::updateAreaB() path: \Develop\Views\AreaB\Area_B.view start...
[2026-07-05 13:55:58] [DEBUG] Screen::getContents() start...
[2026-07-05 13:55:58] [DEBUG] Screen::getContents() finish.
[2026-07-05 13:55:58] [DEBUG] Screen::updateAreaB() finish.
[2026-07-05 13:55:58] [DEBUG] ProjectController::projectSelectAction() PRJ-D45FEF : PRJ-D45FEF
[2026-07-05 13:55:58] [DEBUG] ProjectController::getProjectListHtml() start...
[2026-07-05 13:55:58] [DEBUG] ProjectModel::getProjectList() start...
[2026-07-05 13:55:58] [DEBUG] ProjectModel::getProjectList() finish.
[2026-07-05 13:55:58] [DEBUG] CodeMasterModel：：getCodesByGroup() start...
[2026-07-05 13:55:58] [DEBUG] CodeMasterModel：：getCodesByGroup() finish.
[2026-07-05 13:55:58] [DEBUG] ProjectController::getNaviFooterHtml() start...
[2026-07-05 13:55:58] [DEBUG] ProjectController::getNaviFooterHtml() finish.
[2026-07-05 13:55:58] [DEBUG] Screen::updateAreaC() \Develop\Views\AreaC\Area_C.view start...
[2026-07-05 13:55:58] [DEBUG] Screen::getContents() start...
[2026-07-05 13:55:58] [DEBUG] Screen::getContents() finish.
[2026-07-05 13:55:58] [DEBUG] Screen::updateAreaC() finish.
[2026-07-05 13:55:58] [DEBUG] Screen::updateAreaD() path: \Develop\Views\AreaD\Area_D_clear.view start...
[2026-07-05 13:55:58] [DEBUG] Screen::getContents() start...
[2026-07-05 13:55:58] [DEBUG] Screen::getContents() finish.
[2026-07-05 13:55:58] [DEBUG] Screen::updateAreaD() finish.
[2026-07-05 13:55:58] [DEBUG] Screen::updateAreaE() [iframe起動版] path: \Develop\Views\AreaE\Area_E_clear.view start...
[2026-07-05 13:55:58] [DEBUG] Screen::getContents() start...
[2026-07-05 13:55:58] [DEBUG] Screen::getContents() finish.
[2026-07-05 13:55:58] [DEBUG] Screen::updateAreaE() finish.
[2026-07-05 13:55:58] [DEBUG] ProjectController::projectSelectAction() finish.
[2026-07-05 13:55:58] [DEBUG] Screen::areaView() start...
[2026-07-05 13:55:58] [DEBUG] Screen::areaView() finish.
[2026-07-05 13:55:59] [DEBUG] --- wwProject System Start ---
[2026-07-05 13:55:59] [DEBUG] Router::Router() /jemini/wwProjectV1.34/Develop/Console/ServerBridgeAction/
[2026-07-05 13:55:59] [DEBUG] Attempting to load: \Develop\Controllers\ConsoleController::ServerBridgeAction
[2026-07-05 13:55:59] [DEBUG] Router: Executing \Develop\Controllers\ConsoleController->ServerBridgeAction
[2026-07-05 13:55:59] [DEBUG] ConsoleController::ServerBridge() start...
[2026-07-05 13:55:59] [DEBUG] ConsoleController::ServerBridge() \Develop\Controllers\PartsDefinitionController::InitialAction()
[2026-07-05 13:55:59] [DEBUG] DBDefinitionController::initialAction() start...
[2026-07-05 13:55:59] [DEBUG] PartsDefinitionController::initialAction() projectId : PRJ-D45FEF
[2026-07-05 13:55:59] [DEBUG] PartsDefinitionModel::getAllPartsList() start... Project ID: PRJ-D45FEF
[2026-07-05 13:55:59] [DEBUG] Screen::updateAreaD() path: \Develop\Views\AreaD\PartsDefinition\PartsDefinitionList.view start...
[2026-07-05 13:55:59] [DEBUG] Screen::getContents() start...
[2026-07-05 13:55:59] [DEBUG] Screen::getContents() finish.
[2026-07-05 13:55:59] [DEBUG] Screen::updateAreaD() finish.
[2026-07-05 13:55:59] [DEBUG] Screen::updateAreaE() [iframe起動版] path: \Develop\Views\AreaE\Area_E_clear.view start...
[2026-07-05 13:55:59] [DEBUG] Screen::getContents() start...
[2026-07-05 13:55:59] [DEBUG] Screen::getContents() finish.
[2026-07-05 13:55:59] [DEBUG] Screen::updateAreaE() finish.
[2026-07-05 13:55:59] [DEBUG] DBDefinitionController::initialAction() end.
[2026-07-05 13:55:59] [DEBUG] Screen::areaView() start...
[2026-07-05 13:55:59] [DEBUG] Screen::areaView() finish.
[2026-07-05 13:56:43] [DEBUG] --- wwProject System Start ---
[2026-07-05 13:56:43] [DEBUG] Router::Router() /jemini/wwProjectV1.34/Develop/Console/ServerBridgeAction/
[2026-07-05 13:56:43] [DEBUG] Attempting to load: \Develop\Controllers\ConsoleController::ServerBridgeAction
[2026-07-05 13:56:43] [DEBUG] Router: Executing \Develop\Controllers\ConsoleController->ServerBridgeAction
[2026-07-05 13:56:43] [DEBUG] ConsoleController::ServerBridge() start...
[2026-07-05 13:56:43] [DEBUG] ConsoleController::ServerBridge() \Develop\Controllers\PartsDefinitionController::editPartsAction()
[2026-07-05 13:56:43] [DEBUG] PartsDefinitionController::editPartsAction() start...
[2026-07-05 13:56:43] [DEBUG] PartsDefinitionModel::getAllPartsList() start... Project ID: PRJ-D45FEF
[2026-07-05 13:56:43] [DEBUG] PartsDefinitionModel::getTableStructure() start... Project ID: PRJ-D45FEF
[2026-07-05 13:56:43] [DEBUG] Screen::updateAreaE() [iframe起動版] path: \Develop\Views\AreaE\PartsDefinition\RegistParts.view start...
[2026-07-05 13:56:43] [DEBUG] Screen::getContents() start...
[2026-07-05 13:56:43] [DEBUG] Screen::getContents() finish.
[2026-07-05 13:56:43] [DEBUG] Screen::updateAreaE() finish.
[2026-07-05 13:56:43] [DEBUG] PartsDefinitionController::editPartsAction() end.
[2026-07-05 13:56:43] [DEBUG] Screen::areaView() start...
[2026-07-05 13:56:43] [DEBUG] Screen::areaView() finish.
[2026-07-05 15:11:41] [DEBUG] --- wwProject System Start ---
[2026-07-05 15:11:41] [DEBUG] Router::Router() /jemini/wwProjectV1.34/Develop/Console/ServerBridgeAction/
[2026-07-05 15:11:41] [DEBUG] Attempting to load: \Develop\Controllers\ConsoleController::ServerBridgeAction
[2026-07-05 15:11:41] [DEBUG] Router: Executing \Develop\Controllers\ConsoleController->ServerBridgeAction
[2026-07-05 15:11:41] [DEBUG] ConsoleController::ServerBridge() start...
[2026-07-05 15:11:41] [DEBUG] ConsoleController::ServerBridge() \Develop\Controllers\PartsDefinitionController::InitialAction()
[2026-07-05 15:11:41] [DEBUG] DBDefinitionController::initialAction() start...
[2026-07-05 15:11:41] [DEBUG] PartsDefinitionController::initialAction() projectId : PRJ-D45FEF
[2026-07-05 15:11:41] [DEBUG] PartsDefinitionModel::getAllPartsList() start... Project ID: PRJ-D45FEF
[2026-07-05 15:11:41] [DEBUG] Screen::updateAreaD() path: \Develop\Views\AreaD\PartsDefinition\PartsDefinitionList.view start...
[2026-07-05 15:11:41] [DEBUG] Screen::getContents() start...
[2026-07-05 15:11:41] [DEBUG] Screen::getContents() finish.
[2026-07-05 15:11:41] [DEBUG] Screen::updateAreaD() finish.
[2026-07-05 15:11:41] [DEBUG] Screen::updateAreaE() [iframe起動版] path: \Develop\Views\AreaE\Area_E_clear.view start...
[2026-07-05 15:11:41] [DEBUG] Screen::getContents() start...
[2026-07-05 15:11:41] [DEBUG] Screen::getContents() finish.
[2026-07-05 15:11:41] [DEBUG] Screen::updateAreaE() finish.
[2026-07-05 15:11:41] [DEBUG] DBDefinitionController::initialAction() end.
[2026-07-05 15:11:41] [DEBUG] Screen::areaView() start...
[2026-07-05 15:11:41] [DEBUG] Screen::areaView() finish.
[2026-07-05 15:11:42] [DEBUG] --- wwProject System Start ---
[2026-07-05 15:11:42] [DEBUG] Router::Router() /jemini/wwProjectV1.34/Develop/Console/ServerBridgeAction/
[2026-07-05 15:11:42] [DEBUG] Attempting to load: \Develop\Controllers\ConsoleController::ServerBridgeAction
[2026-07-05 15:11:42] [DEBUG] Router: Executing \Develop\Controllers\ConsoleController->ServerBridgeAction
[2026-07-05 15:11:42] [DEBUG] ConsoleController::ServerBridge() start...
[2026-07-05 15:11:42] [DEBUG] ConsoleController::ServerBridge() \Develop\Controllers\PartsDefinitionController::editPartsAction()
[2026-07-05 15:11:42] [DEBUG] PartsDefinitionController::editPartsAction() start...
[2026-07-05 15:11:42] [DEBUG] PartsDefinitionModel::getAllPartsList() start... Project ID: PRJ-D45FEF
[2026-07-05 15:11:42] [DEBUG] PartsDefinitionModel::getTableStructure() start... Project ID: PRJ-D45FEF
[2026-07-05 15:11:43] [DEBUG] Screen::updateAreaE() [iframe起動版] path: \Develop\Views\AreaE\PartsDefinition\RegistParts.view start...
[2026-07-05 15:11:43] [DEBUG] Screen::getContents() start...
[2026-07-05 15:11:43] [DEBUG] Screen::getContents() finish.
[2026-07-05 15:11:43] [DEBUG] Screen::updateAreaE() finish.
[2026-07-05 15:11:43] [DEBUG] PartsDefinitionController::editPartsAction() end.
[2026-07-05 15:11:43] [DEBUG] Screen::areaView() start...
[2026-07-05 15:11:43] [DEBUG] Screen::areaView() finish.
[2026-07-05 15:11:44] [DEBUG] --- wwProject System Start ---
[2026-07-05 15:11:44] [DEBUG] Router::Router() /jemini/wwProjectV1.34/Develop/Console/ServerBridgeAction/
[2026-07-05 15:11:44] [DEBUG] Attempting to load: \Develop\Controllers\ConsoleController::ServerBridgeAction
[2026-07-05 15:11:44] [DEBUG] Router: Executing \Develop\Controllers\ConsoleController->ServerBridgeAction
[2026-07-05 15:11:44] [DEBUG] ConsoleController::ServerBridge() start...
[2026-07-05 15:11:44] [DEBUG] ConsoleController::ServerBridge() \Develop\Controllers\PartsDefinitionController::editPartsAction()
[2026-07-05 15:11:44] [DEBUG] PartsDefinitionController::editPartsAction() start...
[2026-07-05 15:11:44] [DEBUG] PartsDefinitionModel::getAllPartsList() start... Project ID: PRJ-D45FEF
[2026-07-05 15:11:44] [DEBUG] PartsDefinitionModel::getTableStructure() start... Project ID: PRJ-D45FEF
[2026-07-05 15:11:44] [DEBUG] Screen::updateAreaE() [iframe起動版] path: \Develop\Views\AreaE\PartsDefinition\RegistParts.view start...
[2026-07-05 15:11:44] [DEBUG] Screen::getContents() start...
[2026-07-05 15:11:44] [DEBUG] Screen::getContents() finish.
[2026-07-05 15:11:44] [DEBUG] Screen::updateAreaE() finish.
[2026-07-05 15:11:44] [DEBUG] PartsDefinitionController::editPartsAction() end.
[2026-07-05 15:11:44] [DEBUG] Screen::areaView() start...
[2026-07-05 15:11:44] [DEBUG] Screen::areaView() finish.
[2026-07-05 15:20:45] [DEBUG] --- wwProject System Start ---
[2026-07-05 15:20:45] [DEBUG] Router::Router() /jemini/wwProjectV1.34/Develop/Console/ServerBridgeAction/
[2026-07-05 15:20:45] [DEBUG] Attempting to load: \Develop\Controllers\ConsoleController::ServerBridgeAction
[2026-07-05 15:20:45] [DEBUG] Router: Executing \Develop\Controllers\ConsoleController->ServerBridgeAction
[2026-07-05 15:20:45] [DEBUG] ConsoleController::ServerBridge() start...
[2026-07-05 15:20:45] [DEBUG] ConsoleController::ServerBridge() \Develop\Controllers\PartsDefinitionController::InitialAction()
[2026-07-05 15:20:45] [DEBUG] DBDefinitionController::initialAction() start...
[2026-07-05 15:20:45] [DEBUG] PartsDefinitionController::initialAction() projectId : PRJ-D45FEF
[2026-07-05 15:20:45] [DEBUG] PartsDefinitionModel::getAllPartsList() start... Project ID: PRJ-D45FEF
[2026-07-05 15:20:45] [DEBUG] Screen::updateAreaD() path: \Develop\Views\AreaD\PartsDefinition\PartsDefinitionList.view start...
[2026-07-05 15:20:45] [DEBUG] Screen::getContents() start...
[2026-07-05 15:20:45] [DEBUG] Screen::getContents() finish.
[2026-07-05 15:20:45] [DEBUG] Screen::updateAreaD() finish.
[2026-07-05 15:20:45] [DEBUG] Screen::updateAreaE() [iframe起動版] path: \Develop\Views\AreaE\Area_E_clear.view start...
[2026-07-05 15:20:45] [DEBUG] Screen::getContents() start...
[2026-07-05 15:20:45] [DEBUG] Screen::getContents() finish.
[2026-07-05 15:20:45] [DEBUG] Screen::updateAreaE() finish.
[2026-07-05 15:20:45] [DEBUG] DBDefinitionController::initialAction() end.
[2026-07-05 15:20:45] [DEBUG] Screen::areaView() start...
[2026-07-05 15:20:45] [DEBUG] Screen::areaView() finish.
[2026-07-05 15:20:49] [DEBUG] --- wwProject System Start ---
[2026-07-05 15:20:49] [DEBUG] Router::Router() /jemini/wwProjectV1.34/Develop/Console/ServerBridgeAction/
[2026-07-05 15:20:49] [DEBUG] Attempting to load: \Develop\Controllers\ConsoleController::ServerBridgeAction
[2026-07-05 15:20:49] [DEBUG] Router: Executing \Develop\Controllers\ConsoleController->ServerBridgeAction
[2026-07-05 15:20:49] [DEBUG] ConsoleController::ServerBridge() start...
[2026-07-05 15:20:49] [DEBUG] ConsoleController::ServerBridge() \Develop\Controllers\PartsDefinitionController::editPartsAction()
[2026-07-05 15:20:49] [DEBUG] PartsDefinitionController::editPartsAction() start...
[2026-07-05 15:20:49] [DEBUG] PartsDefinitionModel::getAllPartsList() start... Project ID: PRJ-D45FEF
[2026-07-05 15:20:49] [DEBUG] PartsDefinitionModel::getColumnsByTableId() start... Input: developers
[2026-07-05 15:20:49] [DEBUG] 逆引き成功: 物理名 developers -> table_id : 6
[2026-07-05 15:20:49] [DEBUG] PartsDefinitionModel::getColumnsByTableId() finish. 件数: 9
[2026-07-05 15:20:49] [DEBUG] PartsDefinitionModel::getTableStructure() start... Project ID: PRJ-D45FEF
[2026-07-05 15:20:49] [DEBUG] Screen::updateAreaE() [iframe起動版] path: \Develop\Views\AreaE\PartsDefinition\RegistParts.view start...
[2026-07-05 15:20:49] [DEBUG] Screen::getContents() start...
[2026-07-05 15:20:50] [DEBUG] Screen::getContents() finish.
[2026-07-05 15:20:50] [DEBUG] Screen::updateAreaE() finish.
[2026-07-05 15:20:50] [DEBUG] PartsDefinitionController::editPartsAction() end.
[2026-07-05 15:20:50] [DEBUG] Screen::areaView() start...
[2026-07-05 15:20:50] [DEBUG] Screen::areaView() finish.
[2026-07-05 15:20:51] [DEBUG] --- wwProject System Start ---
[2026-07-05 15:20:51] [DEBUG] Router::Router() /jemini/wwProjectV1.34/Develop/Console/ServerBridgeAction/
[2026-07-05 15:20:51] [DEBUG] Attempting to load: \Develop\Controllers\ConsoleController::ServerBridgeAction
[2026-07-05 15:20:51] [DEBUG] Router: Executing \Develop\Controllers\ConsoleController->ServerBridgeAction
[2026-07-05 15:20:51] [DEBUG] ConsoleController::ServerBridge() start...
[2026-07-05 15:20:51] [DEBUG] ConsoleController::ServerBridge() \Develop\Controllers\PartsDefinitionController::editPartsAction()
[2026-07-05 15:20:51] [DEBUG] PartsDefinitionController::editPartsAction() start...
[2026-07-05 15:20:51] [DEBUG] PartsDefinitionModel::getAllPartsList() start... Project ID: PRJ-D45FEF
[2026-07-05 15:20:51] [DEBUG] PartsDefinitionModel::getColumnsByTableId() start... Input: developers
[2026-07-05 15:20:51] [DEBUG] 逆引き成功: 物理名 developers -> table_id : 6
[2026-07-05 15:20:51] [DEBUG] PartsDefinitionModel::getColumnsByTableId() finish. 件数: 9
[2026-07-05 15:20:51] [DEBUG] PartsDefinitionModel::getTableStructure() start... Project ID: PRJ-D45FEF
[2026-07-05 15:20:51] [DEBUG] Screen::updateAreaE() [iframe起動版] path: \Develop\Views\AreaE\PartsDefinition\RegistParts.view start...
[2026-07-05 15:20:51] [DEBUG] Screen::getContents() start...
[2026-07-05 15:20:51] [DEBUG] Screen::getContents() finish.
[2026-07-05 15:20:51] [DEBUG] Screen::updateAreaE() finish.
[2026-07-05 15:20:51] [DEBUG] PartsDefinitionController::editPartsAction() end.
[2026-07-05 15:20:51] [DEBUG] Screen::areaView() start...
[2026-07-05 15:20:51] [DEBUG] Screen::areaView() finish.
[2026-07-05 15:20:52] [DEBUG] --- wwProject System Start ---
[2026-07-05 15:20:52] [DEBUG] Router::Router() /jemini/wwProjectV1.34/Develop/Console/ServerBridgeAction/
[2026-07-05 15:20:52] [DEBUG] Attempting to load: \Develop\Controllers\ConsoleController::ServerBridgeAction
[2026-07-05 15:20:52] [DEBUG] Router: Executing \Develop\Controllers\ConsoleController->ServerBridgeAction
[2026-07-05 15:20:52] [DEBUG] ConsoleController::ServerBridge() start...
[2026-07-05 15:20:52] [DEBUG] ConsoleController::ServerBridge() \Develop\Controllers\PartsDefinitionController::editPartsAction()
[2026-07-05 15:20:52] [DEBUG] PartsDefinitionController::editPartsAction() start...
[2026-07-05 15:20:52] [DEBUG] PartsDefinitionModel::getAllPartsList() start... Project ID: PRJ-D45FEF
[2026-07-05 15:20:52] [DEBUG] PartsDefinitionModel::getColumnsByTableId() start... Input: developers
[2026-07-05 15:20:52] [DEBUG] 逆引き成功: 物理名 developers -> table_id : 6
[2026-07-05 15:20:52] [DEBUG] PartsDefinitionModel::getColumnsByTableId() finish. 件数: 9
[2026-07-05 15:20:52] [DEBUG] PartsDefinitionModel::getTableStructure() start... Project ID: PRJ-D45FEF
[2026-07-05 15:20:52] [DEBUG] Screen::updateAreaE() [iframe起動版] path: \Develop\Views\AreaE\PartsDefinition\RegistParts.view start...
[2026-07-05 15:20:52] [DEBUG] Screen::getContents() start...
[2026-07-05 15:20:52] [DEBUG] Screen::getContents() finish.
[2026-07-05 15:20:52] [DEBUG] Screen::updateAreaE() finish.
[2026-07-05 15:20:52] [DEBUG] PartsDefinitionController::editPartsAction() end.
[2026-07-05 15:20:52] [DEBUG] Screen::areaView() start...
[2026-07-05 15:20:52] [DEBUG] Screen::areaView() finish.
[2026-07-05 15:20:54] [DEBUG] --- wwProject System Start ---
[2026-07-05 15:20:54] [DEBUG] Router::Router() /jemini/wwProjectV1.34/Develop/Console/ServerBridgeAction/
[2026-07-05 15:20:54] [DEBUG] Attempting to load: \Develop\Controllers\ConsoleController::ServerBridgeAction
[2026-07-05 15:20:54] [DEBUG] Router: Executing \Develop\Controllers\ConsoleController->ServerBridgeAction
[2026-07-05 15:20:54] [DEBUG] ConsoleController::ServerBridge() start...
[2026-07-05 15:20:54] [DEBUG] ConsoleController::ServerBridge() \Develop\Controllers\PartsDefinitionController::editPartsAction()
[2026-07-05 15:20:54] [DEBUG] PartsDefinitionController::editPartsAction() start...
[2026-07-05 15:20:54] [DEBUG] PartsDefinitionModel::getAllPartsList() start... Project ID: PRJ-D45FEF
[2026-07-05 15:20:54] [DEBUG] PartsDefinitionModel::getColumnsByTableId() start... Input: developers
[2026-07-05 15:20:54] [DEBUG] 逆引き成功: 物理名 developers -> table_id : 6
[2026-07-05 15:20:54] [DEBUG] PartsDefinitionModel::getColumnsByTableId() finish. 件数: 9
[2026-07-05 15:20:54] [DEBUG] PartsDefinitionModel::getTableStructure() start... Project ID: PRJ-D45FEF
[2026-07-05 15:20:54] [DEBUG] Screen::updateAreaE() [iframe起動版] path: \Develop\Views\AreaE\PartsDefinition\RegistParts.view start...
[2026-07-05 15:20:54] [DEBUG] Screen::getContents() start...
[2026-07-05 15:20:54] [DEBUG] Screen::getContents() finish.
[2026-07-05 15:20:54] [DEBUG] Screen::updateAreaE() finish.
[2026-07-05 15:20:54] [DEBUG] PartsDefinitionController::editPartsAction() end.
[2026-07-05 15:20:54] [DEBUG] Screen::areaView() start...
[2026-07-05 15:20:54] [DEBUG] Screen::areaView() finish.
[2026-07-05 15:20:56] [DEBUG] --- wwProject System Start ---
[2026-07-05 15:20:56] [DEBUG] Router::Router() /jemini/wwProjectV1.34/Develop/Console/ServerBridgeAction/
[2026-07-05 15:20:56] [DEBUG] Attempting to load: \Develop\Controllers\ConsoleController::ServerBridgeAction
[2026-07-05 15:20:56] [DEBUG] Router: Executing \Develop\Controllers\ConsoleController->ServerBridgeAction
[2026-07-05 15:20:56] [DEBUG] ConsoleController::ServerBridge() start...
[2026-07-05 15:20:56] [DEBUG] ConsoleController::ServerBridge() \Develop\Controllers\PartsDefinitionController::editPartsAction()
[2026-07-05 15:20:56] [DEBUG] PartsDefinitionController::editPartsAction() start...
[2026-07-05 15:20:56] [DEBUG] PartsDefinitionModel::getAllPartsList() start... Project ID: PRJ-D45FEF
[2026-07-05 15:20:56] [DEBUG] PartsDefinitionModel::getTableStructure() start... Project ID: PRJ-D45FEF
[2026-07-05 15:20:56] [DEBUG] Screen::updateAreaE() [iframe起動版] path: \Develop\Views\AreaE\PartsDefinition\RegistParts.view start...
[2026-07-05 15:20:56] [DEBUG] Screen::getContents() start...
[2026-07-05 15:20:56] [DEBUG] Screen::getContents() finish.
[2026-07-05 15:20:56] [DEBUG] Screen::updateAreaE() finish.
[2026-07-05 15:20:56] [DEBUG] PartsDefinitionController::editPartsAction() end.
[2026-07-05 15:20:56] [DEBUG] Screen::areaView() start...
[2026-07-05 15:20:56] [DEBUG] Screen::areaView() finish.
[2026-07-05 15:20:58] [DEBUG] --- wwProject System Start ---
[2026-07-05 15:20:58] [DEBUG] Router::Router() /jemini/wwProjectV1.34/Develop/Console/ServerBridgeAction/
[2026-07-05 15:20:58] [DEBUG] Attempting to load: \Develop\Controllers\ConsoleController::ServerBridgeAction
[2026-07-05 15:20:58] [DEBUG] Router: Executing \Develop\Controllers\ConsoleController->ServerBridgeAction
[2026-07-05 15:20:58] [DEBUG] ConsoleController::ServerBridge() start...
[2026-07-05 15:20:58] [DEBUG] ConsoleController::ServerBridge() \Develop\Controllers\PartsDefinitionController::editPartsAction()
[2026-07-05 15:20:58] [DEBUG] PartsDefinitionController::editPartsAction() start...
[2026-07-05 15:20:58] [DEBUG] PartsDefinitionModel::getAllPartsList() start... Project ID: PRJ-D45FEF
[2026-07-05 15:20:58] [DEBUG] PartsDefinitionModel::getTableStructure() start... Project ID: PRJ-D45FEF
[2026-07-05 15:20:58] [DEBUG] Screen::updateAreaE() [iframe起動版] path: \Develop\Views\AreaE\PartsDefinition\RegistParts.view start...
[2026-07-05 15:20:58] [DEBUG] Screen::getContents() start...
[2026-07-05 15:20:58] [DEBUG] Screen::getContents() finish.
[2026-07-05 15:20:58] [DEBUG] Screen::updateAreaE() finish.
[2026-07-05 15:20:58] [DEBUG] PartsDefinitionController::editPartsAction() end.
[2026-07-05 15:20:58] [DEBUG] Screen::areaView() start...
[2026-07-05 15:20:58] [DEBUG] Screen::areaView() finish.
[2026-07-05 15:21:02] [DEBUG] --- wwProject System Start ---
[2026-07-05 15:21:02] [DEBUG] Router::Router() /jemini/wwProjectV1.34/Develop/Console/ServerBridgeAction/
[2026-07-05 15:21:02] [DEBUG] Attempting to load: \Develop\Controllers\ConsoleController::ServerBridgeAction
[2026-07-05 15:21:02] [DEBUG] Router: Executing \Develop\Controllers\ConsoleController->ServerBridgeAction
[2026-07-05 15:21:02] [DEBUG] ConsoleController::ServerBridge() start...
[2026-07-05 15:21:02] [DEBUG] ConsoleController::ServerBridge() \Develop\Controllers\PartsDefinitionController::editPartsAction()
[2026-07-05 15:21:02] [DEBUG] PartsDefinitionController::editPartsAction() start...
[2026-07-05 15:21:02] [DEBUG] PartsDefinitionModel::getAllPartsList() start... Project ID: PRJ-D45FEF
[2026-07-05 15:21:02] [DEBUG] PartsDefinitionModel::getTableStructure() start... Project ID: PRJ-D45FEF
[2026-07-05 15:21:02] [DEBUG] Screen::updateAreaE() [iframe起動版] path: \Develop\Views\AreaE\PartsDefinition\RegistParts.view start...
[2026-07-05 15:21:02] [DEBUG] Screen::getContents() start...
[2026-07-05 15:21:02] [DEBUG] Screen::getContents() finish.
[2026-07-05 15:21:02] [DEBUG] Screen::updateAreaE() finish.
[2026-07-05 15:21:02] [DEBUG] PartsDefinitionController::editPartsAction() end.
[2026-07-05 15:21:02] [DEBUG] Screen::areaView() start...
[2026-07-05 15:21:02] [DEBUG] Screen::areaView() finish.
[2026-07-05 15:21:04] [DEBUG] --- wwProject System Start ---
[2026-07-05 15:21:04] [DEBUG] Router::Router() /jemini/wwProjectV1.34/Develop/Console/ServerBridgeAction/
[2026-07-05 15:21:04] [DEBUG] Attempting to load: \Develop\Controllers\ConsoleController::ServerBridgeAction
[2026-07-05 15:21:04] [DEBUG] Router: Executing \Develop\Controllers\ConsoleController->ServerBridgeAction
[2026-07-05 15:21:04] [DEBUG] ConsoleController::ServerBridge() start...
[2026-07-05 15:21:04] [DEBUG] ConsoleController::ServerBridge() \Develop\Controllers\PartsDefinitionController::editPartsAction()
[2026-07-05 15:21:04] [DEBUG] PartsDefinitionController::editPartsAction() start...
[2026-07-05 15:21:04] [DEBUG] PartsDefinitionModel::getAllPartsList() start... Project ID: PRJ-D45FEF
[2026-07-05 15:21:04] [DEBUG] PartsDefinitionModel::getTableStructure() start... Project ID: PRJ-D45FEF
[2026-07-05 15:21:04] [DEBUG] Screen::updateAreaE() [iframe起動版] path: \Develop\Views\AreaE\PartsDefinition\RegistParts.view start...
[2026-07-05 15:21:04] [DEBUG] Screen::getContents() start...
[2026-07-05 15:21:04] [DEBUG] Screen::getContents() finish.
[2026-07-05 15:21:04] [DEBUG] Screen::updateAreaE() finish.
[2026-07-05 15:21:04] [DEBUG] PartsDefinitionController::editPartsAction() end.
[2026-07-05 15:21:04] [DEBUG] Screen::areaView() start...
[2026-07-05 15:21:04] [DEBUG] Screen::areaView() finish.
[2026-07-05 15:21:14] [DEBUG] --- wwProject System Start ---
[2026-07-05 15:21:14] [DEBUG] Router::Router() /jemini/wwProjectV1.34/Develop/Console/ServerBridgeAction/
[2026-07-05 15:21:14] [DEBUG] Attempting to load: \Develop\Controllers\ConsoleController::ServerBridgeAction
[2026-07-05 15:21:14] [DEBUG] Router: Executing \Develop\Controllers\ConsoleController->ServerBridgeAction
[2026-07-05 15:21:14] [DEBUG] ConsoleController::ServerBridge() start...
[2026-07-05 15:21:14] [DEBUG] ConsoleController::ServerBridge() \Develop\Controllers\PartsDefinitionController::saveAction()
[2026-07-05 15:21:14] [DEBUG] PartsDefinitionController::saveAction() start...
[2026-07-05 15:21:14] [DEBUG] PartsDefinitionModel::saveParts() start... Project ID: PRJ-D45FEF, Parts ID: 10
[2026-07-05 15:21:14] [DEBUG] PartsDefinitionModel::saveParts() 保存するchecked_columns_jsonの値: []
[2026-07-05 15:21:14] [DEBUG] PartsDefinitionModel::saveParts() contents : １２３４５６７８９０
[2026-07-05 15:21:14] [DEBUG] PartsDefinitionModel::saveParts() UPDATEを実行します。Parts ID: 10
[2026-07-05 15:21:14] [DEBUG] PartsDefinitionModel::getAllPartsList() start... Project ID: PRJ-D45FEF
[2026-07-05 15:21:14] [DEBUG] Screen::updateAreaD() path: \Develop\Views\AreaD\PartsDefinition\PartsDefinitionList.view start...
[2026-07-05 15:21:14] [DEBUG] Screen::getContents() start...
[2026-07-05 15:21:14] [DEBUG] Screen::getContents() finish.
[2026-07-05 15:21:14] [DEBUG] Screen::updateAreaD() finish.
[2026-07-05 15:21:14] [DEBUG] Screen::updateAreaE() [iframe起動版] path: \Develop\Views\AreaE\Area_E_clear.view start...
[2026-07-05 15:21:14] [DEBUG] Screen::getContents() start...
[2026-07-05 15:21:14] [DEBUG] Screen::getContents() finish.
[2026-07-05 15:21:14] [DEBUG] Screen::updateAreaE() finish.
[2026-07-05 15:21:14] [DEBUG] PartsDefinitionController::saveAction() end.
[2026-07-05 15:21:14] [DEBUG] Screen::areaView() start...
[2026-07-05 15:21:14] [DEBUG] Screen::areaView() finish.
[2026-07-05 15:21:16] [DEBUG] --- wwProject System Start ---
[2026-07-05 15:21:16] [DEBUG] Router::Router() /jemini/wwProjectV1.34/Develop/Console/ServerBridgeAction/
[2026-07-05 15:21:16] [DEBUG] Attempting to load: \Develop\Controllers\ConsoleController::ServerBridgeAction
[2026-07-05 15:21:16] [DEBUG] Router: Executing \Develop\Controllers\ConsoleController->ServerBridgeAction
[2026-07-05 15:21:16] [DEBUG] ConsoleController::ServerBridge() start...
[2026-07-05 15:21:16] [DEBUG] ConsoleController::ServerBridge() \Develop\Controllers\PartsDefinitionController::editPartsAction()
[2026-07-05 15:21:16] [DEBUG] PartsDefinitionController::editPartsAction() start...
[2026-07-05 15:21:16] [DEBUG] PartsDefinitionModel::getAllPartsList() start... Project ID: PRJ-D45FEF
[2026-07-05 15:21:16] [DEBUG] PartsDefinitionModel::getTableStructure() start... Project ID: PRJ-D45FEF
[2026-07-05 15:21:16] [DEBUG] Screen::updateAreaE() [iframe起動版] path: \Develop\Views\AreaE\PartsDefinition\RegistParts.view start...
[2026-07-05 15:21:16] [DEBUG] Screen::getContents() start...
[2026-07-05 15:21:16] [DEBUG] Screen::getContents() finish.
[2026-07-05 15:21:16] [DEBUG] Screen::updateAreaE() finish.
[2026-07-05 15:21:16] [DEBUG] PartsDefinitionController::editPartsAction() end.
[2026-07-05 15:21:16] [DEBUG] Screen::areaView() start...
[2026-07-05 15:21:16] [DEBUG] Screen::areaView() finish.
[2026-07-05 15:21:29] [DEBUG] --- wwProject System Start ---
[2026-07-05 15:21:29] [DEBUG] Router::Router() /jemini/wwProjectV1.34/Develop/Console/ServerBridgeAction/
[2026-07-05 15:21:29] [DEBUG] Attempting to load: \Develop\Controllers\ConsoleController::ServerBridgeAction
[2026-07-05 15:21:29] [DEBUG] Router: Executing \Develop\Controllers\ConsoleController->ServerBridgeAction
[2026-07-05 15:21:29] [DEBUG] ConsoleController::ServerBridge() start...
[2026-07-05 15:21:29] [DEBUG] ConsoleController::ServerBridge() \Develop\Controllers\PartsDefinitionController::saveAction()
[2026-07-05 15:21:29] [DEBUG] PartsDefinitionController::saveAction() start...
[2026-07-05 15:21:29] [DEBUG] PartsDefinitionModel::saveParts() start... Project ID: PRJ-D45FEF, Parts ID: 10
[2026-07-05 15:21:29] [DEBUG] PartsDefinitionModel::saveParts() 保存するchecked_columns_jsonの値: []
[2026-07-05 15:21:29] [DEBUG] PartsDefinitionModel::saveParts() contents : 12345.txt
[2026-07-05 15:21:29] [DEBUG] PartsDefinitionModel::saveParts() UPDATEを実行します。Parts ID: 10
[2026-07-05 15:21:29] [DEBUG] PartsDefinitionModel::getAllPartsList() start... Project ID: PRJ-D45FEF
[2026-07-05 15:21:29] [DEBUG] Screen::updateAreaD() path: \Develop\Views\AreaD\PartsDefinition\PartsDefinitionList.view start...
[2026-07-05 15:21:29] [DEBUG] Screen::getContents() start...
[2026-07-05 15:21:29] [DEBUG] Screen::getContents() finish.
[2026-07-05 15:21:29] [DEBUG] Screen::updateAreaD() finish.
[2026-07-05 15:21:29] [DEBUG] Screen::updateAreaE() [iframe起動版] path: \Develop\Views\AreaE\Area_E_clear.view start...
[2026-07-05 15:21:29] [DEBUG] Screen::getContents() start...
[2026-07-05 15:21:29] [DEBUG] Screen::getContents() finish.
[2026-07-05 15:21:29] [DEBUG] Screen::updateAreaE() finish.
[2026-07-05 15:21:29] [DEBUG] PartsDefinitionController::saveAction() end.
[2026-07-05 15:21:29] [DEBUG] Screen::areaView() start...
[2026-07-05 15:21:29] [DEBUG] Screen::areaView() finish.
[2026-07-05 15:21:31] [DEBUG] --- wwProject System Start ---
[2026-07-05 15:21:31] [DEBUG] Router::Router() /jemini/wwProjectV1.34/Develop/Console/ServerBridgeAction/
[2026-07-05 15:21:31] [DEBUG] Attempting to load: \Develop\Controllers\ConsoleController::ServerBridgeAction
[2026-07-05 15:21:31] [DEBUG] Router: Executing \Develop\Controllers\ConsoleController->ServerBridgeAction
[2026-07-05 15:21:31] [DEBUG] ConsoleController::ServerBridge() start...
[2026-07-05 15:21:31] [DEBUG] ConsoleController::ServerBridge() \Develop\Controllers\PartsDefinitionController::editPartsAction()
[2026-07-05 15:21:31] [DEBUG] PartsDefinitionController::editPartsAction() start...
[2026-07-05 15:21:31] [DEBUG] PartsDefinitionModel::getAllPartsList() start... Project ID: PRJ-D45FEF
[2026-07-05 15:21:31] [DEBUG] PartsDefinitionModel::getTableStructure() start... Project ID: PRJ-D45FEF
[2026-07-05 15:21:31] [DEBUG] Screen::updateAreaE() [iframe起動版] path: \Develop\Views\AreaE\PartsDefinition\RegistParts.view start...
[2026-07-05 15:21:31] [DEBUG] Screen::getContents() start...
[2026-07-05 15:21:31] [DEBUG] Screen::getContents() finish.
[2026-07-05 15:21:31] [DEBUG] Screen::updateAreaE() finish.
[2026-07-05 15:21:31] [DEBUG] PartsDefinitionController::editPartsAction() end.
[2026-07-05 15:21:31] [DEBUG] Screen::areaView() start...
[2026-07-05 15:21:31] [DEBUG] Screen::areaView() finish.
[2026-07-05 15:21:32] [DEBUG] --- wwProject System Start ---
[2026-07-05 15:21:32] [DEBUG] Router::Router() /jemini/wwProjectV1.34/Develop/Console/ServerBridgeAction/
[2026-07-05 15:21:32] [DEBUG] Attempting to load: \Develop\Controllers\ConsoleController::ServerBridgeAction
[2026-07-05 15:21:32] [DEBUG] Router: Executing \Develop\Controllers\ConsoleController->ServerBridgeAction
[2026-07-05 15:21:32] [DEBUG] ConsoleController::ServerBridge() start...
[2026-07-05 15:21:32] [DEBUG] ConsoleController::ServerBridge() \Develop\Controllers\PartsDefinitionController::editPartsAction()
[2026-07-05 15:21:32] [DEBUG] PartsDefinitionController::editPartsAction() start...
[2026-07-05 15:21:32] [DEBUG] PartsDefinitionModel::getAllPartsList() start... Project ID: PRJ-D45FEF
[2026-07-05 15:21:32] [DEBUG] PartsDefinitionModel::getTableStructure() start... Project ID: PRJ-D45FEF
[2026-07-05 15:21:32] [DEBUG] Screen::updateAreaE() [iframe起動版] path: \Develop\Views\AreaE\PartsDefinition\RegistParts.view start...
[2026-07-05 15:21:32] [DEBUG] Screen::getContents() start...
[2026-07-05 15:21:32] [DEBUG] Screen::getContents() finish.
[2026-07-05 15:21:32] [DEBUG] Screen::updateAreaE() finish.
[2026-07-05 15:21:32] [DEBUG] PartsDefinitionController::editPartsAction() end.
[2026-07-05 15:21:32] [DEBUG] Screen::areaView() start...
[2026-07-05 15:21:32] [DEBUG] Screen::areaView() finish.
[2026-07-05 15:22:01] [DEBUG] --- wwProject System Start ---
[2026-07-05 15:22:01] [DEBUG] Router::Router() /jemini/wwProjectV1.34/Develop/Console/ServerBridgeAction/
[2026-07-05 15:22:01] [DEBUG] Attempting to load: \Develop\Controllers\ConsoleController::ServerBridgeAction
[2026-07-05 15:22:01] [DEBUG] Router: Executing \Develop\Controllers\ConsoleController->ServerBridgeAction
[2026-07-05 15:22:01] [DEBUG] ConsoleController::ServerBridge() start...
[2026-07-05 15:22:01] [DEBUG] ConsoleController::ServerBridge() \Develop\Controllers\PartsDefinitionController::saveAction()
[2026-07-05 15:22:01] [DEBUG] PartsDefinitionController::saveAction() start...
[2026-07-05 15:22:01] [DEBUG] PartsDefinitionModel::saveParts() start... Project ID: PRJ-D45FEF, Parts ID: 9
[2026-07-05 15:22:01] [DEBUG] PartsDefinitionModel::saveParts() 保存するchecked_columns_jsonの値: []
[2026-07-05 15:22:01] [DEBUG] PartsDefinitionModel::saveParts() contents : 1234567890
１
２
３
４
５
６
７
[2026-07-05 15:22:01] [DEBUG] PartsDefinitionModel::saveParts() UPDATEを実行します。Parts ID: 9
[2026-07-05 15:22:01] [DEBUG] PartsDefinitionModel::getAllPartsList() start... Project ID: PRJ-D45FEF
[2026-07-05 15:22:01] [DEBUG] Screen::updateAreaD() path: \Develop\Views\AreaD\PartsDefinition\PartsDefinitionList.view start...
[2026-07-05 15:22:01] [DEBUG] Screen::getContents() start...
[2026-07-05 15:22:01] [DEBUG] Screen::getContents() finish.
[2026-07-05 15:22:01] [DEBUG] Screen::updateAreaD() finish.
[2026-07-05 15:22:01] [DEBUG] Screen::updateAreaE() [iframe起動版] path: \Develop\Views\AreaE\Area_E_clear.view start...
[2026-07-05 15:22:01] [DEBUG] Screen::getContents() start...
[2026-07-05 15:22:01] [DEBUG] Screen::getContents() finish.
[2026-07-05 15:22:01] [DEBUG] Screen::updateAreaE() finish.
[2026-07-05 15:22:01] [DEBUG] PartsDefinitionController::saveAction() end.
[2026-07-05 15:22:01] [DEBUG] Screen::areaView() start...
[2026-07-05 15:22:01] [DEBUG] Screen::areaView() finish.
[2026-07-05 15:22:03] [DEBUG] --- wwProject System Start ---
[2026-07-05 15:22:03] [DEBUG] Router::Router() /jemini/wwProjectV1.34/Develop/Console/ServerBridgeAction/
[2026-07-05 15:22:03] [DEBUG] Attempting to load: \Develop\Controllers\ConsoleController::ServerBridgeAction
[2026-07-05 15:22:03] [DEBUG] Router: Executing \Develop\Controllers\ConsoleController->ServerBridgeAction
[2026-07-05 15:22:03] [DEBUG] ConsoleController::ServerBridge() start...
[2026-07-05 15:22:03] [DEBUG] ConsoleController::ServerBridge() \Develop\Controllers\PartsDefinitionController::editPartsAction()
[2026-07-05 15:22:03] [DEBUG] PartsDefinitionController::editPartsAction() start...
[2026-07-05 15:22:03] [DEBUG] PartsDefinitionModel::getAllPartsList() start... Project ID: PRJ-D45FEF
[2026-07-05 15:22:03] [DEBUG] PartsDefinitionModel::getTableStructure() start... Project ID: PRJ-D45FEF
[2026-07-05 15:22:03] [DEBUG] Screen::updateAreaE() [iframe起動版] path: \Develop\Views\AreaE\PartsDefinition\RegistParts.view start...
[2026-07-05 15:22:03] [DEBUG] Screen::getContents() start...
[2026-07-05 15:22:03] [DEBUG] Screen::getContents() finish.
[2026-07-05 15:22:03] [DEBUG] Screen::updateAreaE() finish.
[2026-07-05 15:22:03] [DEBUG] PartsDefinitionController::editPartsAction() end.
[2026-07-05 15:22:03] [DEBUG] Screen::areaView() start...
[2026-07-05 15:22:03] [DEBUG] Screen::areaView() finish.
[2026-07-05 16:09:30] [DEBUG] --- wwProject System Start ---
[2026-07-05 16:09:30] [DEBUG] Router::Router() /jemini/wwProjectV1.34/Develop/Console/ServerBridgeAction/
[2026-07-05 16:09:30] [DEBUG] Attempting to load: \Develop\Controllers\ConsoleController::ServerBridgeAction
[2026-07-05 16:09:30] [DEBUG] Router: Executing \Develop\Controllers\ConsoleController->ServerBridgeAction
[2026-07-05 16:09:30] [DEBUG] ConsoleController::ServerBridge() start...
[2026-07-05 16:09:30] [DEBUG] ConsoleController::ServerBridge() \Develop\Controllers\PartsDefinitionController::InitialAction()
[2026-07-05 16:09:30] [DEBUG] DBDefinitionController::initialAction() start...
[2026-07-05 16:09:30] [DEBUG] PartsDefinitionController::initialAction() projectId : PRJ-D45FEF
[2026-07-05 16:09:30] [DEBUG] PartsDefinitionModel::getAllPartsList() start... Project ID: PRJ-D45FEF
[2026-07-05 16:09:30] [DEBUG] Screen::updateAreaD() path: \Develop\Views\AreaD\PartsDefinition\PartsDefinitionList.view start...
[2026-07-05 16:09:30] [DEBUG] Screen::getContents() start...
[2026-07-05 16:09:30] [DEBUG] Screen::getContents() finish.
[2026-07-05 16:09:30] [DEBUG] Screen::updateAreaD() finish.
[2026-07-05 16:09:30] [DEBUG] Screen::updateAreaE() [iframe起動版] path: \Develop\Views\AreaE\Area_E_clear.view start...
[2026-07-05 16:09:30] [DEBUG] Screen::getContents() start...
[2026-07-05 16:09:30] [DEBUG] Screen::getContents() finish.
[2026-07-05 16:09:30] [DEBUG] Screen::updateAreaE() finish.
[2026-07-05 16:09:30] [DEBUG] DBDefinitionController::initialAction() end.
[2026-07-05 16:09:30] [DEBUG] Screen::areaView() start...
[2026-07-05 16:09:30] [DEBUG] Screen::areaView() finish.
[2026-07-05 16:09:32] [DEBUG] --- wwProject System Start ---
[2026-07-05 16:09:32] [DEBUG] Router::Router() /jemini/wwProjectV1.34/Develop/Console/ServerBridgeAction/
[2026-07-05 16:09:32] [DEBUG] Attempting to load: \Develop\Controllers\ConsoleController::ServerBridgeAction
[2026-07-05 16:09:32] [DEBUG] Router: Executing \Develop\Controllers\ConsoleController->ServerBridgeAction
[2026-07-05 16:09:32] [DEBUG] ConsoleController::ServerBridge() start...
[2026-07-05 16:09:32] [DEBUG] ConsoleController::ServerBridge() \Develop\Controllers\PartsDefinitionController::editPartsAction()
[2026-07-05 16:09:32] [DEBUG] PartsDefinitionController::editPartsAction() start...
[2026-07-05 16:09:32] [DEBUG] PartsDefinitionModel::getAllPartsList() start... Project ID: PRJ-D45FEF
[2026-07-05 16:09:32] [DEBUG] PartsDefinitionModel::getTableStructure() start... Project ID: PRJ-D45FEF
[2026-07-05 16:09:32] [DEBUG] Screen::updateAreaE() [iframe起動版] path: \Develop\Views\AreaE\PartsDefinition\RegistParts.view start...
[2026-07-05 16:09:32] [DEBUG] Screen::getContents() start...
[2026-07-05 16:09:32] [DEBUG] Screen::getContents() finish.
[2026-07-05 16:09:32] [DEBUG] Screen::updateAreaE() finish.
[2026-07-05 16:09:32] [DEBUG] PartsDefinitionController::editPartsAction() end.
[2026-07-05 16:09:32] [DEBUG] Screen::areaView() start...
[2026-07-05 16:09:32] [DEBUG] Screen::areaView() finish.
[2026-07-05 16:09:34] [DEBUG] --- wwProject System Start ---
[2026-07-05 16:09:34] [DEBUG] Router::Router() /jemini/wwProjectV1.34/Develop/Console/ServerBridgeAction/
[2026-07-05 16:09:34] [DEBUG] Attempting to load: \Develop\Controllers\ConsoleController::ServerBridgeAction
[2026-07-05 16:09:34] [DEBUG] Router: Executing \Develop\Controllers\ConsoleController->ServerBridgeAction
[2026-07-05 16:09:34] [DEBUG] ConsoleController::ServerBridge() start...
[2026-07-05 16:09:34] [DEBUG] ConsoleController::ServerBridge() \Develop\Controllers\PartsDefinitionController::editPartsAction()
[2026-07-05 16:09:34] [DEBUG] PartsDefinitionController::editPartsAction() start...
[2026-07-05 16:09:34] [DEBUG] PartsDefinitionModel::getAllPartsList() start... Project ID: PRJ-D45FEF
[2026-07-05 16:09:34] [DEBUG] PartsDefinitionModel::getTableStructure() start... Project ID: PRJ-D45FEF
[2026-07-05 16:09:34] [DEBUG] Screen::updateAreaE() [iframe起動版] path: \Develop\Views\AreaE\PartsDefinition\RegistParts.view start...
[2026-07-05 16:09:34] [DEBUG] Screen::getContents() start...
[2026-07-05 16:09:34] [DEBUG] Screen::getContents() finish.
[2026-07-05 16:09:34] [DEBUG] Screen::updateAreaE() finish.
[2026-07-05 16:09:34] [DEBUG] PartsDefinitionController::editPartsAction() end.
[2026-07-05 16:09:34] [DEBUG] Screen::areaView() start...
[2026-07-05 16:09:34] [DEBUG] Screen::areaView() finish.
[2026-07-05 16:09:54] [DEBUG] --- wwProject System Start ---
[2026-07-05 16:09:55] [DEBUG] Router::Router() /jemini/wwProjectV1.34/Develop/Console/ServerBridgeAction/
[2026-07-05 16:09:55] [DEBUG] Attempting to load: \Develop\Controllers\ConsoleController::ServerBridgeAction
[2026-07-05 16:09:55] [DEBUG] Router: Executing \Develop\Controllers\ConsoleController->ServerBridgeAction
[2026-07-05 16:09:55] [DEBUG] ConsoleController::ServerBridge() start...
[2026-07-05 16:09:55] [DEBUG] ConsoleController::ServerBridge() \Develop\Controllers\PartsDefinitionController::saveAction()
[2026-07-05 16:09:55] [DEBUG] PartsDefinitionController::saveAction() start...
[2026-07-05 16:09:55] [DEBUG] PartsDefinitionModel::saveParts() start... Project ID: PRJ-D45FEF, Parts ID: 9
[2026-07-05 16:09:55] [DEBUG] PartsDefinitionModel::saveParts() 保存するchecked_columns_jsonの値: []
[2026-07-05 16:09:55] [DEBUG] PartsDefinitionModel::saveParts() contents : 12345.txt  
[2026-07-05 16:09:55] [DEBUG] PartsDefinitionModel::saveParts() UPDATEを実行します。Parts ID: 9
[2026-07-05 16:09:55] [DEBUG] PartsDefinitionModel::getAllPartsList() start... Project ID: PRJ-D45FEF
[2026-07-05 16:09:55] [DEBUG] Screen::updateAreaD() path: \Develop\Views\AreaD\PartsDefinition\PartsDefinitionList.view start...
[2026-07-05 16:09:55] [DEBUG] Screen::getContents() start...
[2026-07-05 16:09:55] [DEBUG] Screen::getContents() finish.
[2026-07-05 16:09:55] [DEBUG] Screen::updateAreaD() finish.
[2026-07-05 16:09:55] [DEBUG] Screen::updateAreaE() [iframe起動版] path: \Develop\Views\AreaE\Area_E_clear.view start...
[2026-07-05 16:09:55] [DEBUG] Screen::getContents() start...
[2026-07-05 16:09:55] [DEBUG] Screen::getContents() finish.
[2026-07-05 16:09:55] [DEBUG] Screen::updateAreaE() finish.
[2026-07-05 16:09:55] [DEBUG] PartsDefinitionController::saveAction() end.
[2026-07-05 16:09:55] [DEBUG] Screen::areaView() start...
[2026-07-05 16:09:55] [DEBUG] Screen::areaView() finish.
[2026-07-05 16:10:24] [DEBUG] --- wwProject System Start ---
[2026-07-05 16:10:24] [DEBUG] Router::Router() /jemini/wwProjectV1.34/Develop/Console/ServerBridgeAction/
[2026-07-05 16:10:24] [DEBUG] Attempting to load: \Develop\Controllers\ConsoleController::ServerBridgeAction
[2026-07-05 16:10:24] [DEBUG] Router: Executing \Develop\Controllers\ConsoleController->ServerBridgeAction
[2026-07-05 16:10:24] [DEBUG] ConsoleController::ServerBridge() start...
[2026-07-05 16:10:24] [DEBUG] ConsoleController::ServerBridge() \Develop\Controllers\PartsDefinitionController::editPartsAction()
[2026-07-05 16:10:24] [DEBUG] PartsDefinitionController::editPartsAction() start...
[2026-07-05 16:10:24] [DEBUG] PartsDefinitionModel::getAllPartsList() start... Project ID: PRJ-D45FEF
[2026-07-05 16:10:24] [DEBUG] PartsDefinitionModel::getTableStructure() start... Project ID: PRJ-D45FEF
[2026-07-05 16:10:24] [DEBUG] Screen::updateAreaE() [iframe起動版] path: \Develop\Views\AreaE\PartsDefinition\RegistParts.view start...
[2026-07-05 16:10:24] [DEBUG] Screen::getContents() start...
[2026-07-05 16:10:24] [DEBUG] Screen::getContents() finish.
[2026-07-05 16:10:24] [DEBUG] Screen::updateAreaE() finish.
[2026-07-05 16:10:24] [DEBUG] PartsDefinitionController::editPartsAction() end.
[2026-07-05 16:10:24] [DEBUG] Screen::areaView() start...
[2026-07-05 16:10:24] [DEBUG] Screen::areaView() finish.
[2026-07-05 16:10:26] [DEBUG] --- wwProject System Start ---
[2026-07-05 16:10:26] [DEBUG] Router::Router() /jemini/wwProjectV1.34/Develop/Console/ServerBridgeAction/
[2026-07-05 16:10:26] [DEBUG] Attempting to load: \Develop\Controllers\ConsoleController::ServerBridgeAction
[2026-07-05 16:10:26] [DEBUG] Router: Executing \Develop\Controllers\ConsoleController->ServerBridgeAction
[2026-07-05 16:10:26] [DEBUG] ConsoleController::ServerBridge() start...
[2026-07-05 16:10:26] [DEBUG] ConsoleController::ServerBridge() \Develop\Controllers\PartsDefinitionController::editPartsAction()
[2026-07-05 16:10:26] [DEBUG] PartsDefinitionController::editPartsAction() start...
[2026-07-05 16:10:26] [DEBUG] PartsDefinitionModel::getAllPartsList() start... Project ID: PRJ-D45FEF
[2026-07-05 16:10:26] [DEBUG] PartsDefinitionModel::getTableStructure() start... Project ID: PRJ-D45FEF
[2026-07-05 16:10:26] [DEBUG] Screen::updateAreaE() [iframe起動版] path: \Develop\Views\AreaE\PartsDefinition\RegistParts.view start...
[2026-07-05 16:10:26] [DEBUG] Screen::getContents() start...
[2026-07-05 16:10:26] [DEBUG] Screen::getContents() finish.
[2026-07-05 16:10:26] [DEBUG] Screen::updateAreaE() finish.
[2026-07-05 16:10:26] [DEBUG] PartsDefinitionController::editPartsAction() end.
[2026-07-05 16:10:26] [DEBUG] Screen::areaView() start...
[2026-07-05 16:10:26] [DEBUG] Screen::areaView() finish.
[2026-07-05 16:10:29] [DEBUG] --- wwProject System Start ---
[2026-07-05 16:10:29] [DEBUG] Router::Router() /jemini/wwProjectV1.34/Develop/Console/ServerBridgeAction/
[2026-07-05 16:10:29] [DEBUG] Attempting to load: \Develop\Controllers\ConsoleController::ServerBridgeAction
[2026-07-05 16:10:29] [DEBUG] Router: Executing \Develop\Controllers\ConsoleController->ServerBridgeAction
[2026-07-05 16:10:29] [DEBUG] ConsoleController::ServerBridge() start...
[2026-07-05 16:10:29] [DEBUG] ConsoleController::ServerBridge() \Develop\Controllers\PartsDefinitionController::editPartsAction()
[2026-07-05 16:10:29] [DEBUG] PartsDefinitionController::editPartsAction() start...
[2026-07-05 16:10:29] [DEBUG] PartsDefinitionModel::getAllPartsList() start... Project ID: PRJ-D45FEF
[2026-07-05 16:10:29] [DEBUG] PartsDefinitionModel::getTableStructure() start... Project ID: PRJ-D45FEF
[2026-07-05 16:10:29] [DEBUG] Screen::updateAreaE() [iframe起動版] path: \Develop\Views\AreaE\PartsDefinition\RegistParts.view start...
[2026-07-05 16:10:29] [DEBUG] Screen::getContents() start...
[2026-07-05 16:10:29] [DEBUG] Screen::getContents() finish.
[2026-07-05 16:10:29] [DEBUG] Screen::updateAreaE() finish.
[2026-07-05 16:10:29] [DEBUG] PartsDefinitionController::editPartsAction() end.
[2026-07-05 16:10:29] [DEBUG] Screen::areaView() start...
[2026-07-05 16:10:29] [DEBUG] Screen::areaView() finish.
[2026-07-05 16:10:29] [DEBUG] --- wwProject System Start ---
[2026-07-05 16:10:29] [DEBUG] Router::Router() /jemini/wwProjectV1.34/Develop/Console/ServerBridgeAction/
[2026-07-05 16:10:29] [DEBUG] Attempting to load: \Develop\Controllers\ConsoleController::ServerBridgeAction
[2026-07-05 16:10:29] [DEBUG] Router: Executing \Develop\Controllers\ConsoleController->ServerBridgeAction
[2026-07-05 16:10:29] [DEBUG] ConsoleController::ServerBridge() start...
[2026-07-05 16:10:29] [DEBUG] ConsoleController::ServerBridge() \Develop\Controllers\PartsDefinitionController::editPartsAction()
[2026-07-05 16:10:29] [DEBUG] PartsDefinitionController::editPartsAction() start...
[2026-07-05 16:10:29] [DEBUG] PartsDefinitionModel::getAllPartsList() start... Project ID: PRJ-D45FEF
[2026-07-05 16:10:29] [DEBUG] PartsDefinitionModel::getTableStructure() start... Project ID: PRJ-D45FEF
[2026-07-05 16:10:29] [DEBUG] Screen::updateAreaE() [iframe起動版] path: \Develop\Views\AreaE\PartsDefinition\RegistParts.view start...
[2026-07-05 16:10:29] [DEBUG] Screen::getContents() start...
[2026-07-05 16:10:29] [DEBUG] Screen::getContents() finish.
[2026-07-05 16:10:29] [DEBUG] Screen::updateAreaE() finish.
[2026-07-05 16:10:29] [DEBUG] PartsDefinitionController::editPartsAction() end.
[2026-07-05 16:10:29] [DEBUG] Screen::areaView() start...
[2026-07-05 16:10:29] [DEBUG] Screen::areaView() finish.
[2026-07-05 16:10:31] [DEBUG] --- wwProject System Start ---
[2026-07-05 16:10:31] [DEBUG] Router::Router() /jemini/wwProjectV1.34/Develop/Console/ServerBridgeAction/
[2026-07-05 16:10:31] [DEBUG] Attempting to load: \Develop\Controllers\ConsoleController::ServerBridgeAction
[2026-07-05 16:10:31] [DEBUG] Router: Executing \Develop\Controllers\ConsoleController->ServerBridgeAction
[2026-07-05 16:10:31] [DEBUG] ConsoleController::ServerBridge() start...
[2026-07-05 16:10:31] [DEBUG] ConsoleController::ServerBridge() \Develop\Controllers\PartsDefinitionController::editPartsAction()
[2026-07-05 16:10:31] [DEBUG] PartsDefinitionController::editPartsAction() start...
[2026-07-05 16:10:31] [DEBUG] PartsDefinitionModel::getAllPartsList() start... Project ID: PRJ-D45FEF
[2026-07-05 16:10:31] [DEBUG] PartsDefinitionModel::getTableStructure() start... Project ID: PRJ-D45FEF
[2026-07-05 16:10:31] [DEBUG] Screen::updateAreaE() [iframe起動版] path: \Develop\Views\AreaE\PartsDefinition\RegistParts.view start...
[2026-07-05 16:10:31] [DEBUG] Screen::getContents() start...
[2026-07-05 16:10:31] [DEBUG] Screen::getContents() finish.
[2026-07-05 16:10:31] [DEBUG] Screen::updateAreaE() finish.
[2026-07-05 16:10:31] [DEBUG] PartsDefinitionController::editPartsAction() end.
[2026-07-05 16:10:31] [DEBUG] Screen::areaView() start...
[2026-07-05 16:10:31] [DEBUG] Screen::areaView() finish.
[2026-07-05 16:10:32] [DEBUG] --- wwProject System Start ---
[2026-07-05 16:10:32] [DEBUG] Router::Router() /jemini/wwProjectV1.34/Develop/Console/ServerBridgeAction/
[2026-07-05 16:10:32] [DEBUG] Attempting to load: \Develop\Controllers\ConsoleController::ServerBridgeAction
[2026-07-05 16:10:32] [DEBUG] Router: Executing \Develop\Controllers\ConsoleController->ServerBridgeAction
[2026-07-05 16:10:32] [DEBUG] ConsoleController::ServerBridge() start...
[2026-07-05 16:10:32] [DEBUG] ConsoleController::ServerBridge() \Develop\Controllers\PartsDefinitionController::editPartsAction()
[2026-07-05 16:10:32] [DEBUG] PartsDefinitionController::editPartsAction() start...
[2026-07-05 16:10:32] [DEBUG] PartsDefinitionModel::getAllPartsList() start... Project ID: PRJ-D45FEF
[2026-07-05 16:10:32] [DEBUG] PartsDefinitionModel::getTableStructure() start... Project ID: PRJ-D45FEF
[2026-07-05 16:10:32] [DEBUG] Screen::updateAreaE() [iframe起動版] path: \Develop\Views\AreaE\PartsDefinition\RegistParts.view start...
[2026-07-05 16:10:32] [DEBUG] Screen::getContents() start...
[2026-07-05 16:10:32] [DEBUG] Screen::getContents() finish.
[2026-07-05 16:10:32] [DEBUG] Screen::updateAreaE() finish.
[2026-07-05 16:10:32] [DEBUG] PartsDefinitionController::editPartsAction() end.
[2026-07-05 16:10:32] [DEBUG] Screen::areaView() start...
[2026-07-05 16:10:32] [DEBUG] Screen::areaView() finish.
[2026-07-05 16:10:33] [DEBUG] --- wwProject System Start ---
[2026-07-05 16:10:33] [DEBUG] Router::Router() /jemini/wwProjectV1.34/Develop/Console/ServerBridgeAction/
[2026-07-05 16:10:33] [DEBUG] Attempting to load: \Develop\Controllers\ConsoleController::ServerBridgeAction
[2026-07-05 16:10:33] [DEBUG] Router: Executing \Develop\Controllers\ConsoleController->ServerBridgeAction
[2026-07-05 16:10:33] [DEBUG] ConsoleController::ServerBridge() start...
[2026-07-05 16:10:33] [DEBUG] ConsoleController::ServerBridge() \Develop\Controllers\PartsDefinitionController::editPartsAction()
[2026-07-05 16:10:33] [DEBUG] PartsDefinitionController::editPartsAction() start...
[2026-07-05 16:10:33] [DEBUG] PartsDefinitionModel::getAllPartsList() start... Project ID: PRJ-D45FEF
[2026-07-05 16:10:33] [DEBUG] PartsDefinitionModel::getTableStructure() start... Project ID: PRJ-D45FEF
[2026-07-05 16:10:33] [DEBUG] Screen::updateAreaE() [iframe起動版] path: \Develop\Views\AreaE\PartsDefinition\RegistParts.view start...
[2026-07-05 16:10:33] [DEBUG] Screen::getContents() start...
[2026-07-05 16:10:33] [DEBUG] Screen::getContents() finish.
[2026-07-05 16:10:33] [DEBUG] Screen::updateAreaE() finish.
[2026-07-05 16:10:33] [DEBUG] PartsDefinitionController::editPartsAction() end.
[2026-07-05 16:10:33] [DEBUG] Screen::areaView() start...
[2026-07-05 16:10:33] [DEBUG] Screen::areaView() finish.
[2026-07-05 16:10:36] [DEBUG] --- wwProject System Start ---
[2026-07-05 16:10:36] [DEBUG] Router::Router() /jemini/wwProjectV1.34/Develop/Console/ServerBridgeAction/
[2026-07-05 16:10:36] [DEBUG] Attempting to load: \Develop\Controllers\ConsoleController::ServerBridgeAction
[2026-07-05 16:10:36] [DEBUG] Router: Executing \Develop\Controllers\ConsoleController->ServerBridgeAction
[2026-07-05 16:10:36] [DEBUG] ConsoleController::ServerBridge() start...
[2026-07-05 16:10:36] [DEBUG] ConsoleController::ServerBridge() \Develop\Controllers\PartsDefinitionController::editPartsAction()
[2026-07-05 16:10:36] [DEBUG] PartsDefinitionController::editPartsAction() start...
[2026-07-05 16:10:36] [DEBUG] PartsDefinitionModel::getAllPartsList() start... Project ID: PRJ-D45FEF
[2026-07-05 16:10:36] [DEBUG] PartsDefinitionModel::getTableStructure() start... Project ID: PRJ-D45FEF
[2026-07-05 16:10:36] [DEBUG] Screen::updateAreaE() [iframe起動版] path: \Develop\Views\AreaE\PartsDefinition\RegistParts.view start...
[2026-07-05 16:10:36] [DEBUG] Screen::getContents() start...
[2026-07-05 16:10:36] [DEBUG] Screen::getContents() finish.
[2026-07-05 16:10:36] [DEBUG] Screen::updateAreaE() finish.
[2026-07-05 16:10:36] [DEBUG] PartsDefinitionController::editPartsAction() end.
[2026-07-05 16:10:36] [DEBUG] Screen::areaView() start...
[2026-07-05 16:10:36] [DEBUG] Screen::areaView() finish.
[2026-07-05 16:10:40] [DEBUG] --- wwProject System Start ---
[2026-07-05 16:10:40] [DEBUG] Router::Router() /jemini/wwProjectV1.34/Develop/Console/ServerBridgeAction/
[2026-07-05 16:10:40] [DEBUG] Attempting to load: \Develop\Controllers\ConsoleController::ServerBridgeAction
[2026-07-05 16:10:40] [DEBUG] Router: Executing \Develop\Controllers\ConsoleController->ServerBridgeAction
[2026-07-05 16:10:40] [DEBUG] ConsoleController::ServerBridge() start...
[2026-07-05 16:10:40] [DEBUG] ConsoleController::ServerBridge() \Develop\Controllers\PartsDefinitionController::editPartsAction()
[2026-07-05 16:10:40] [DEBUG] PartsDefinitionController::editPartsAction() start...
[2026-07-05 16:10:40] [DEBUG] PartsDefinitionModel::getAllPartsList() start... Project ID: PRJ-D45FEF
[2026-07-05 16:10:40] [DEBUG] PartsDefinitionModel::getTableStructure() start... Project ID: PRJ-D45FEF
[2026-07-05 16:10:40] [DEBUG] Screen::updateAreaE() [iframe起動版] path: \Develop\Views\AreaE\PartsDefinition\RegistParts.view start...
[2026-07-05 16:10:40] [DEBUG] Screen::getContents() start...
[2026-07-05 16:10:40] [DEBUG] Screen::getContents() finish.
[2026-07-05 16:10:40] [DEBUG] Screen::updateAreaE() finish.
[2026-07-05 16:10:40] [DEBUG] PartsDefinitionController::editPartsAction() end.
[2026-07-05 16:10:40] [DEBUG] Screen::areaView() start...
[2026-07-05 16:10:40] [DEBUG] Screen::areaView() finish.
[2026-07-05 16:10:43] [DEBUG] --- wwProject System Start ---
[2026-07-05 16:10:43] [DEBUG] Router::Router() /jemini/wwProjectV1.34/Develop/Console/ServerBridgeAction/
[2026-07-05 16:10:43] [DEBUG] Attempting to load: \Develop\Controllers\ConsoleController::ServerBridgeAction
[2026-07-05 16:10:43] [DEBUG] Router: Executing \Develop\Controllers\ConsoleController->ServerBridgeAction
[2026-07-05 16:10:43] [DEBUG] ConsoleController::ServerBridge() start...
[2026-07-05 16:10:43] [DEBUG] ConsoleController::ServerBridge() \Develop\Controllers\PartsDefinitionController::editPartsAction()
[2026-07-05 16:10:43] [DEBUG] PartsDefinitionController::editPartsAction() start...
[2026-07-05 16:10:43] [DEBUG] PartsDefinitionModel::getAllPartsList() start... Project ID: PRJ-D45FEF
[2026-07-05 16:10:43] [DEBUG] PartsDefinitionModel::getTableStructure() start... Project ID: PRJ-D45FEF
[2026-07-05 16:10:43] [DEBUG] Screen::updateAreaE() [iframe起動版] path: \Develop\Views\AreaE\PartsDefinition\RegistParts.view start...
[2026-07-05 16:10:43] [DEBUG] Screen::getContents() start...
[2026-07-05 16:10:43] [DEBUG] Screen::getContents() finish.
[2026-07-05 16:10:43] [DEBUG] Screen::updateAreaE() finish.
[2026-07-05 16:10:43] [DEBUG] PartsDefinitionController::editPartsAction() end.
[2026-07-05 16:10:43] [DEBUG] Screen::areaView() start...
[2026-07-05 16:10:43] [DEBUG] Screen::areaView() finish.
[2026-07-05 16:10:44] [DEBUG] --- wwProject System Start ---
[2026-07-05 16:10:44] [DEBUG] Router::Router() /jemini/wwProjectV1.34/Develop/Console/ServerBridgeAction/
[2026-07-05 16:10:44] [DEBUG] Attempting to load: \Develop\Controllers\ConsoleController::ServerBridgeAction
[2026-07-05 16:10:44] [DEBUG] Router: Executing \Develop\Controllers\ConsoleController->ServerBridgeAction
[2026-07-05 16:10:44] [DEBUG] ConsoleController::ServerBridge() start...
[2026-07-05 16:10:44] [DEBUG] ConsoleController::ServerBridge() \Develop\Controllers\PartsDefinitionController::editPartsAction()
[2026-07-05 16:10:44] [DEBUG] PartsDefinitionController::editPartsAction() start...
[2026-07-05 16:10:44] [DEBUG] PartsDefinitionModel::getAllPartsList() start... Project ID: PRJ-D45FEF
[2026-07-05 16:10:44] [DEBUG] PartsDefinitionModel::getTableStructure() start... Project ID: PRJ-D45FEF
[2026-07-05 16:10:44] [DEBUG] Screen::updateAreaE() [iframe起動版] path: \Develop\Views\AreaE\PartsDefinition\RegistParts.view start...
[2026-07-05 16:10:44] [DEBUG] Screen::getContents() start...
[2026-07-05 16:10:44] [DEBUG] Screen::getContents() finish.
[2026-07-05 16:10:44] [DEBUG] Screen::updateAreaE() finish.
[2026-07-05 16:10:44] [DEBUG] PartsDefinitionController::editPartsAction() end.
[2026-07-05 16:10:44] [DEBUG] Screen::areaView() start...
[2026-07-05 16:10:44] [DEBUG] Screen::areaView() finish.
[2026-07-05 16:10:46] [DEBUG] --- wwProject System Start ---
[2026-07-05 16:10:46] [DEBUG] Router::Router() /jemini/wwProjectV1.34/Develop/Console/ServerBridgeAction/
[2026-07-05 16:10:46] [DEBUG] Attempting to load: \Develop\Controllers\ConsoleController::ServerBridgeAction
[2026-07-05 16:10:46] [DEBUG] Router: Executing \Develop\Controllers\ConsoleController->ServerBridgeAction
[2026-07-05 16:10:46] [DEBUG] ConsoleController::ServerBridge() start...
[2026-07-05 16:10:46] [DEBUG] ConsoleController::ServerBridge() \Develop\Controllers\PartsDefinitionController::editPartsAction()
[2026-07-05 16:10:46] [DEBUG] PartsDefinitionController::editPartsAction() start...
[2026-07-05 16:10:46] [DEBUG] PartsDefinitionModel::getAllPartsList() start... Project ID: PRJ-D45FEF
[2026-07-05 16:10:46] [DEBUG] PartsDefinitionModel::getColumnsByTableId() start... Input: developers
[2026-07-05 16:10:46] [DEBUG] 逆引き成功: 物理名 developers -> table_id : 6
[2026-07-05 16:10:46] [DEBUG] PartsDefinitionModel::getColumnsByTableId() finish. 件数: 9
[2026-07-05 16:10:46] [DEBUG] PartsDefinitionModel::getTableStructure() start... Project ID: PRJ-D45FEF
[2026-07-05 16:10:46] [DEBUG] Screen::updateAreaE() [iframe起動版] path: \Develop\Views\AreaE\PartsDefinition\RegistParts.view start...
[2026-07-05 16:10:46] [DEBUG] Screen::getContents() start...
[2026-07-05 16:10:46] [DEBUG] Screen::getContents() finish.
[2026-07-05 16:10:46] [DEBUG] Screen::updateAreaE() finish.
[2026-07-05 16:10:46] [DEBUG] PartsDefinitionController::editPartsAction() end.
[2026-07-05 16:10:46] [DEBUG] Screen::areaView() start...
[2026-07-05 16:10:46] [DEBUG] Screen::areaView() finish.
[2026-07-05 16:10:58] [DEBUG] --- wwProject System Start ---
[2026-07-05 16:10:58] [DEBUG] Router::Router() /jemini/wwProjectV1.34/Develop/Console/ServerBridgeAction/
[2026-07-05 16:10:58] [DEBUG] Attempting to load: \Develop\Controllers\ConsoleController::ServerBridgeAction
[2026-07-05 16:10:58] [DEBUG] Router: Executing \Develop\Controllers\ConsoleController->ServerBridgeAction
[2026-07-05 16:10:58] [DEBUG] ConsoleController::ServerBridge() start...
[2026-07-05 16:10:58] [DEBUG] ConsoleController::ServerBridge() \Develop\Controllers\PartsDefinitionController::editPartsAction()
[2026-07-05 16:10:58] [DEBUG] PartsDefinitionController::editPartsAction() start...
[2026-07-05 16:10:58] [DEBUG] PartsDefinitionModel::getAllPartsList() start... Project ID: PRJ-D45FEF
[2026-07-05 16:10:58] [DEBUG] PartsDefinitionModel::getTableStructure() start... Project ID: PRJ-D45FEF
[2026-07-05 16:10:58] [DEBUG] Screen::updateAreaE() [iframe起動版] path: \Develop\Views\AreaE\PartsDefinition\RegistParts.view start...
[2026-07-05 16:10:58] [DEBUG] Screen::getContents() start...
[2026-07-05 16:10:58] [DEBUG] Screen::getContents() finish.
[2026-07-05 16:10:58] [DEBUG] Screen::updateAreaE() finish.
[2026-07-05 16:10:58] [DEBUG] PartsDefinitionController::editPartsAction() end.
[2026-07-05 16:10:58] [DEBUG] Screen::areaView() start...
[2026-07-05 16:10:58] [DEBUG] Screen::areaView() finish.
[2026-07-05 16:11:00] [DEBUG] --- wwProject System Start ---
[2026-07-05 16:11:00] [DEBUG] Router::Router() /jemini/wwProjectV1.34/Develop/Console/ServerBridgeAction/
[2026-07-05 16:11:00] [DEBUG] Attempting to load: \Develop\Controllers\ConsoleController::ServerBridgeAction
[2026-07-05 16:11:00] [DEBUG] Router: Executing \Develop\Controllers\ConsoleController->ServerBridgeAction
[2026-07-05 16:11:00] [DEBUG] ConsoleController::ServerBridge() start...
[2026-07-05 16:11:00] [DEBUG] ConsoleController::ServerBridge() \Develop\Controllers\PartsDefinitionController::editPartsAction()
[2026-07-05 16:11:00] [DEBUG] PartsDefinitionController::editPartsAction() start...
[2026-07-05 16:11:00] [DEBUG] PartsDefinitionModel::getAllPartsList() start... Project ID: PRJ-D45FEF
[2026-07-05 16:11:00] [DEBUG] PartsDefinitionModel::getTableStructure() start... Project ID: PRJ-D45FEF
[2026-07-05 16:11:00] [DEBUG] Screen::updateAreaE() [iframe起動版] path: \Develop\Views\AreaE\PartsDefinition\RegistParts.view start...
[2026-07-05 16:11:00] [DEBUG] Screen::getContents() start...
[2026-07-05 16:11:00] [DEBUG] Screen::getContents() finish.
[2026-07-05 16:11:00] [DEBUG] Screen::updateAreaE() finish.
[2026-07-05 16:11:00] [DEBUG] PartsDefinitionController::editPartsAction() end.
[2026-07-05 16:11:00] [DEBUG] Screen::areaView() start...
[2026-07-05 16:11:00] [DEBUG] Screen::areaView() finish.
[2026-07-05 16:11:12] [DEBUG] --- wwProject System Start ---
[2026-07-05 16:11:12] [DEBUG] Router::Router() /jemini/wwProjectV1.34/Develop/Console/ServerBridgeAction/
[2026-07-05 16:11:12] [DEBUG] Attempting to load: \Develop\Controllers\ConsoleController::ServerBridgeAction
[2026-07-05 16:11:12] [DEBUG] Router: Executing \Develop\Controllers\ConsoleController->ServerBridgeAction
[2026-07-05 16:11:12] [DEBUG] ConsoleController::ServerBridge() start...
[2026-07-05 16:11:12] [DEBUG] ConsoleController::ServerBridge() \Develop\Controllers\PartsDefinitionController::InitialAction()
[2026-07-05 16:11:12] [DEBUG] DBDefinitionController::initialAction() start...
[2026-07-05 16:11:12] [DEBUG] PartsDefinitionController::initialAction() projectId : PRJ-D45FEF
[2026-07-05 16:11:12] [DEBUG] PartsDefinitionModel::getAllPartsList() start... Project ID: PRJ-D45FEF
[2026-07-05 16:11:12] [DEBUG] Screen::updateAreaD() path: \Develop\Views\AreaD\PartsDefinition\PartsDefinitionList.view start...
[2026-07-05 16:11:12] [DEBUG] Screen::getContents() start...
[2026-07-05 16:11:12] [DEBUG] Screen::getContents() finish.
[2026-07-05 16:11:12] [DEBUG] Screen::updateAreaD() finish.
[2026-07-05 16:11:12] [DEBUG] Screen::updateAreaE() [iframe起動版] path: \Develop\Views\AreaE\Area_E_clear.view start...
[2026-07-05 16:11:12] [DEBUG] Screen::getContents() start...
[2026-07-05 16:11:12] [DEBUG] Screen::getContents() finish.
[2026-07-05 16:11:12] [DEBUG] Screen::updateAreaE() finish.
[2026-07-05 16:11:12] [DEBUG] DBDefinitionController::initialAction() end.
[2026-07-05 16:11:12] [DEBUG] Screen::areaView() start...
[2026-07-05 16:11:12] [DEBUG] Screen::areaView() finish.
[2026-07-05 16:11:14] [DEBUG] --- wwProject System Start ---
[2026-07-05 16:11:14] [DEBUG] Router::Router() /jemini/wwProjectV1.34/Develop/Console/ServerBridgeAction/
[2026-07-05 16:11:14] [DEBUG] Attempting to load: \Develop\Controllers\ConsoleController::ServerBridgeAction
[2026-07-05 16:11:14] [DEBUG] Router: Executing \Develop\Controllers\ConsoleController->ServerBridgeAction
[2026-07-05 16:11:14] [DEBUG] ConsoleController::ServerBridge() start...
[2026-07-05 16:11:14] [DEBUG] ConsoleController::ServerBridge() \Develop\Controllers\PartsDefinitionController::editPartsAction()
[2026-07-05 16:11:14] [DEBUG] PartsDefinitionController::editPartsAction() start...
[2026-07-05 16:11:14] [DEBUG] PartsDefinitionModel::getAllPartsList() start... Project ID: PRJ-D45FEF
[2026-07-05 16:11:14] [DEBUG] PartsDefinitionModel::getTableStructure() start... Project ID: PRJ-D45FEF
[2026-07-05 16:11:14] [DEBUG] Screen::updateAreaE() [iframe起動版] path: \Develop\Views\AreaE\PartsDefinition\RegistParts.view start...
[2026-07-05 16:11:14] [DEBUG] Screen::getContents() start...
[2026-07-05 16:11:14] [DEBUG] Screen::getContents() finish.
[2026-07-05 16:11:14] [DEBUG] Screen::updateAreaE() finish.
[2026-07-05 16:11:14] [DEBUG] PartsDefinitionController::editPartsAction() end.
[2026-07-05 16:11:14] [DEBUG] Screen::areaView() start...
[2026-07-05 16:11:14] [DEBUG] Screen::areaView() finish.
[2026-07-05 16:11:15] [DEBUG] --- wwProject System Start ---
[2026-07-05 16:11:15] [DEBUG] Router::Router() /jemini/wwProjectV1.34/Develop/Console/ServerBridgeAction/
[2026-07-05 16:11:15] [DEBUG] Attempting to load: \Develop\Controllers\ConsoleController::ServerBridgeAction
[2026-07-05 16:11:15] [DEBUG] Router: Executing \Develop\Controllers\ConsoleController->ServerBridgeAction
[2026-07-05 16:11:15] [DEBUG] ConsoleController::ServerBridge() start...
[2026-07-05 16:11:15] [DEBUG] ConsoleController::ServerBridge() \Develop\Controllers\PartsDefinitionController::editPartsAction()
[2026-07-05 16:11:15] [DEBUG] PartsDefinitionController::editPartsAction() start...
[2026-07-05 16:11:15] [DEBUG] PartsDefinitionModel::getAllPartsList() start... Project ID: PRJ-D45FEF
[2026-07-05 16:11:15] [DEBUG] PartsDefinitionModel::getTableStructure() start... Project ID: PRJ-D45FEF
[2026-07-05 16:11:15] [DEBUG] Screen::updateAreaE() [iframe起動版] path: \Develop\Views\AreaE\PartsDefinition\RegistParts.view start...
[2026-07-05 16:11:15] [DEBUG] Screen::getContents() start...
[2026-07-05 16:11:15] [DEBUG] Screen::getContents() finish.
[2026-07-05 16:11:15] [DEBUG] Screen::updateAreaE() finish.
[2026-07-05 16:11:15] [DEBUG] PartsDefinitionController::editPartsAction() end.
[2026-07-05 16:11:15] [DEBUG] Screen::areaView() start...
[2026-07-05 16:11:15] [DEBUG] Screen::areaView() finish.
[2026-07-05 16:11:16] [DEBUG] --- wwProject System Start ---
[2026-07-05 16:11:16] [DEBUG] Router::Router() /jemini/wwProjectV1.34/Develop/Console/ServerBridgeAction/
[2026-07-05 16:11:16] [DEBUG] Attempting to load: \Develop\Controllers\ConsoleController::ServerBridgeAction
[2026-07-05 16:11:16] [DEBUG] Router: Executing \Develop\Controllers\ConsoleController->ServerBridgeAction
[2026-07-05 16:11:16] [DEBUG] ConsoleController::ServerBridge() start...
[2026-07-05 16:11:16] [DEBUG] ConsoleController::ServerBridge() \Develop\Controllers\PartsDefinitionController::editPartsAction()
[2026-07-05 16:11:16] [DEBUG] PartsDefinitionController::editPartsAction() start...
[2026-07-05 16:11:16] [DEBUG] PartsDefinitionModel::getAllPartsList() start... Project ID: PRJ-D45FEF
[2026-07-05 16:11:16] [DEBUG] PartsDefinitionModel::getTableStructure() start... Project ID: PRJ-D45FEF
[2026-07-05 16:11:16] [DEBUG] Screen::updateAreaE() [iframe起動版] path: \Develop\Views\AreaE\PartsDefinition\RegistParts.view start...
[2026-07-05 16:11:16] [DEBUG] Screen::getContents() start...
[2026-07-05 16:11:16] [DEBUG] Screen::getContents() finish.
[2026-07-05 16:11:16] [DEBUG] Screen::updateAreaE() finish.
[2026-07-05 16:11:16] [DEBUG] PartsDefinitionController::editPartsAction() end.
[2026-07-05 16:11:16] [DEBUG] Screen::areaView() start...
[2026-07-05 16:11:16] [DEBUG] Screen::areaView() finish.
[2026-07-05 16:11:21] [DEBUG] --- wwProject System Start ---
[2026-07-05 16:11:21] [DEBUG] Router::Router() /jemini/wwProjectV1.34/Develop/Console/ServerBridgeAction/
[2026-07-05 16:11:21] [DEBUG] Attempting to load: \Develop\Controllers\ConsoleController::ServerBridgeAction
[2026-07-05 16:11:21] [DEBUG] Router: Executing \Develop\Controllers\ConsoleController->ServerBridgeAction
[2026-07-05 16:11:21] [DEBUG] ConsoleController::ServerBridge() start...
[2026-07-05 16:11:21] [DEBUG] ConsoleController::ServerBridge() \Develop\Controllers\PartsDefinitionController::editPartsAction()
[2026-07-05 16:11:21] [DEBUG] PartsDefinitionController::editPartsAction() start...
[2026-07-05 16:11:21] [DEBUG] PartsDefinitionModel::getAllPartsList() start... Project ID: PRJ-D45FEF
[2026-07-05 16:11:21] [DEBUG] PartsDefinitionModel::getTableStructure() start... Project ID: PRJ-D45FEF
[2026-07-05 16:11:21] [DEBUG] Screen::updateAreaE() [iframe起動版] path: \Develop\Views\AreaE\PartsDefinition\RegistParts.view start...
[2026-07-05 16:11:21] [DEBUG] Screen::getContents() start...
[2026-07-05 16:11:21] [DEBUG] Screen::getContents() finish.
[2026-07-05 16:11:21] [DEBUG] Screen::updateAreaE() finish.
[2026-07-05 16:11:21] [DEBUG] PartsDefinitionController::editPartsAction() end.
[2026-07-05 16:11:21] [DEBUG] Screen::areaView() start...
[2026-07-05 16:11:21] [DEBUG] Screen::areaView() finish.
[2026-07-05 16:11:23] [DEBUG] --- wwProject System Start ---
[2026-07-05 16:11:23] [DEBUG] Router::Router() /jemini/wwProjectV1.34/Develop/Console/ServerBridgeAction/
[2026-07-05 16:11:23] [DEBUG] Attempting to load: \Develop\Controllers\ConsoleController::ServerBridgeAction
[2026-07-05 16:11:23] [DEBUG] Router: Executing \Develop\Controllers\ConsoleController->ServerBridgeAction
[2026-07-05 16:11:23] [DEBUG] ConsoleController::ServerBridge() start...
[2026-07-05 16:11:23] [DEBUG] ConsoleController::ServerBridge() \Develop\Controllers\PartsDefinitionController::editPartsAction()
[2026-07-05 16:11:23] [DEBUG] PartsDefinitionController::editPartsAction() start...
[2026-07-05 16:11:23] [DEBUG] PartsDefinitionModel::getAllPartsList() start... Project ID: PRJ-D45FEF
[2026-07-05 16:11:23] [DEBUG] PartsDefinitionModel::getTableStructure() start... Project ID: PRJ-D45FEF
[2026-07-05 16:11:23] [DEBUG] Screen::updateAreaE() [iframe起動版] path: \Develop\Views\AreaE\PartsDefinition\RegistParts.view start...
[2026-07-05 16:11:23] [DEBUG] Screen::getContents() start...
[2026-07-05 16:11:23] [DEBUG] Screen::getContents() finish.
[2026-07-05 16:11:23] [DEBUG] Screen::updateAreaE() finish.
[2026-07-05 16:11:23] [DEBUG] PartsDefinitionController::editPartsAction() end.
[2026-07-05 16:11:23] [DEBUG] Screen::areaView() start...
[2026-07-05 16:11:23] [DEBUG] Screen::areaView() finish.
[2026-07-05 16:11:24] [DEBUG] --- wwProject System Start ---
[2026-07-05 16:11:24] [DEBUG] Router::Router() /jemini/wwProjectV1.34/Develop/Console/ServerBridgeAction/
[2026-07-05 16:11:24] [DEBUG] Attempting to load: \Develop\Controllers\ConsoleController::ServerBridgeAction
[2026-07-05 16:11:24] [DEBUG] Router: Executing \Develop\Controllers\ConsoleController->ServerBridgeAction
[2026-07-05 16:11:24] [DEBUG] ConsoleController::ServerBridge() start...
[2026-07-05 16:11:24] [DEBUG] ConsoleController::ServerBridge() \Develop\Controllers\PartsDefinitionController::editPartsAction()
[2026-07-05 16:11:24] [DEBUG] PartsDefinitionController::editPartsAction() start...
[2026-07-05 16:11:24] [DEBUG] PartsDefinitionModel::getAllPartsList() start... Project ID: PRJ-D45FEF
[2026-07-05 16:11:24] [DEBUG] PartsDefinitionModel::getColumnsByTableId() start... Input: developers
[2026-07-05 16:11:24] [DEBUG] 逆引き成功: 物理名 developers -> table_id : 6
[2026-07-05 16:11:24] [DEBUG] PartsDefinitionModel::getColumnsByTableId() finish. 件数: 9
[2026-07-05 16:11:24] [DEBUG] PartsDefinitionModel::getTableStructure() start... Project ID: PRJ-D45FEF
[2026-07-05 16:11:24] [DEBUG] Screen::updateAreaE() [iframe起動版] path: \Develop\Views\AreaE\PartsDefinition\RegistParts.view start...
[2026-07-05 16:11:24] [DEBUG] Screen::getContents() start...
[2026-07-05 16:11:24] [DEBUG] Screen::getContents() finish.
[2026-07-05 16:11:24] [DEBUG] Screen::updateAreaE() finish.
[2026-07-05 16:11:24] [DEBUG] PartsDefinitionController::editPartsAction() end.
[2026-07-05 16:11:24] [DEBUG] Screen::areaView() start...
[2026-07-05 16:11:24] [DEBUG] Screen::areaView() finish.
[2026-07-05 16:11:25] [DEBUG] --- wwProject System Start ---
[2026-07-05 16:11:25] [DEBUG] Router::Router() /jemini/wwProjectV1.34/Develop/Console/ServerBridgeAction/
[2026-07-05 16:11:25] [DEBUG] Attempting to load: \Develop\Controllers\ConsoleController::ServerBridgeAction
[2026-07-05 16:11:25] [DEBUG] Router: Executing \Develop\Controllers\ConsoleController->ServerBridgeAction
[2026-07-05 16:11:25] [DEBUG] ConsoleController::ServerBridge() start...
[2026-07-05 16:11:25] [DEBUG] ConsoleController::ServerBridge() \Develop\Controllers\PartsDefinitionController::editPartsAction()
[2026-07-05 16:11:25] [DEBUG] PartsDefinitionController::editPartsAction() start...
[2026-07-05 16:11:25] [DEBUG] PartsDefinitionModel::getAllPartsList() start... Project ID: PRJ-D45FEF
[2026-07-05 16:11:25] [DEBUG] PartsDefinitionModel::getColumnsByTableId() start... Input: developers
[2026-07-05 16:11:25] [DEBUG] 逆引き成功: 物理名 developers -> table_id : 6
[2026-07-05 16:11:25] [DEBUG] PartsDefinitionModel::getColumnsByTableId() finish. 件数: 9
[2026-07-05 16:11:25] [DEBUG] PartsDefinitionModel::getTableStructure() start... Project ID: PRJ-D45FEF
[2026-07-05 16:11:25] [DEBUG] Screen::updateAreaE() [iframe起動版] path: \Develop\Views\AreaE\PartsDefinition\RegistParts.view start...
[2026-07-05 16:11:25] [DEBUG] Screen::getContents() start...
[2026-07-05 16:11:25] [DEBUG] Screen::getContents() finish.
[2026-07-05 16:11:25] [DEBUG] Screen::updateAreaE() finish.
[2026-07-05 16:11:25] [DEBUG] PartsDefinitionController::editPartsAction() end.
[2026-07-05 16:11:25] [DEBUG] Screen::areaView() start...
[2026-07-05 16:11:25] [DEBUG] Screen::areaView() finish.
[2026-07-05 16:11:27] [DEBUG] --- wwProject System Start ---
[2026-07-05 16:11:27] [DEBUG] Router::Router() /jemini/wwProjectV1.34/Develop/Console/ServerBridgeAction/
[2026-07-05 16:11:27] [DEBUG] Attempting to load: \Develop\Controllers\ConsoleController::ServerBridgeAction
[2026-07-05 16:11:27] [DEBUG] Router: Executing \Develop\Controllers\ConsoleController->ServerBridgeAction
[2026-07-05 16:11:27] [DEBUG] ConsoleController::ServerBridge() start...
[2026-07-05 16:11:27] [DEBUG] ConsoleController::ServerBridge() \Develop\Controllers\PartsDefinitionController::editPartsAction()
[2026-07-05 16:11:27] [DEBUG] PartsDefinitionController::editPartsAction() start...
[2026-07-05 16:11:27] [DEBUG] PartsDefinitionModel::getAllPartsList() start... Project ID: PRJ-D45FEF
[2026-07-05 16:11:27] [DEBUG] PartsDefinitionModel::getColumnsByTableId() start... Input: developers
[2026-07-05 16:11:27] [DEBUG] 逆引き成功: 物理名 developers -> table_id : 6
[2026-07-05 16:11:27] [DEBUG] PartsDefinitionModel::getColumnsByTableId() finish. 件数: 9
[2026-07-05 16:11:27] [DEBUG] PartsDefinitionModel::getTableStructure() start... Project ID: PRJ-D45FEF
[2026-07-05 16:11:27] [DEBUG] Screen::updateAreaE() [iframe起動版] path: \Develop\Views\AreaE\PartsDefinition\RegistParts.view start...
[2026-07-05 16:11:27] [DEBUG] Screen::getContents() start...
[2026-07-05 16:11:27] [DEBUG] Screen::getContents() finish.
[2026-07-05 16:11:27] [DEBUG] Screen::updateAreaE() finish.
[2026-07-05 16:11:27] [DEBUG] PartsDefinitionController::editPartsAction() end.
[2026-07-05 16:11:27] [DEBUG] Screen::areaView() start...
[2026-07-05 16:11:27] [DEBUG] Screen::areaView() finish.
[2026-07-05 16:11:28] [DEBUG] --- wwProject System Start ---
[2026-07-05 16:11:28] [DEBUG] Router::Router() /jemini/wwProjectV1.34/Develop/Console/ServerBridgeAction/
[2026-07-05 16:11:28] [DEBUG] Attempting to load: \Develop\Controllers\ConsoleController::ServerBridgeAction
[2026-07-05 16:11:28] [DEBUG] Router: Executing \Develop\Controllers\ConsoleController->ServerBridgeAction
[2026-07-05 16:11:28] [DEBUG] ConsoleController::ServerBridge() start...
[2026-07-05 16:11:28] [DEBUG] ConsoleController::ServerBridge() \Develop\Controllers\PartsDefinitionController::editPartsAction()
[2026-07-05 16:11:28] [DEBUG] PartsDefinitionController::editPartsAction() start...
[2026-07-05 16:11:28] [DEBUG] PartsDefinitionModel::getAllPartsList() start... Project ID: PRJ-D45FEF
[2026-07-05 16:11:28] [DEBUG] PartsDefinitionModel::getColumnsByTableId() start... Input: developers
[2026-07-05 16:11:28] [DEBUG] 逆引き成功: 物理名 developers -> table_id : 6
[2026-07-05 16:11:28] [DEBUG] PartsDefinitionModel::getColumnsByTableId() finish. 件数: 9
[2026-07-05 16:11:28] [DEBUG] PartsDefinitionModel::getTableStructure() start... Project ID: PRJ-D45FEF
[2026-07-05 16:11:28] [DEBUG] Screen::updateAreaE() [iframe起動版] path: \Develop\Views\AreaE\PartsDefinition\RegistParts.view start...
[2026-07-05 16:11:28] [DEBUG] Screen::getContents() start...
[2026-07-05 16:11:28] [DEBUG] Screen::getContents() finish.
[2026-07-05 16:11:28] [DEBUG] Screen::updateAreaE() finish.
[2026-07-05 16:11:28] [DEBUG] PartsDefinitionController::editPartsAction() end.
[2026-07-05 16:11:28] [DEBUG] Screen::areaView() start...
[2026-07-05 16:11:28] [DEBUG] Screen::areaView() finish.
[2026-07-05 16:12:04] [DEBUG] --- wwProject System Start ---
[2026-07-05 16:12:04] [DEBUG] Router::Router() /jemini/wwProjectV1.34/Develop/Console/ServerBridgeAction/
[2026-07-05 16:12:04] [DEBUG] Attempting to load: \Develop\Controllers\ConsoleController::ServerBridgeAction
[2026-07-05 16:12:04] [DEBUG] Router: Executing \Develop\Controllers\ConsoleController->ServerBridgeAction
[2026-07-05 16:12:04] [DEBUG] ConsoleController::ServerBridge() start...
[2026-07-05 16:12:04] [DEBUG] ConsoleController::ServerBridge() \Develop\Controllers\PartsDefinitionController::editPartsAction()
[2026-07-05 16:12:04] [DEBUG] PartsDefinitionController::editPartsAction() start...
[2026-07-05 16:12:04] [DEBUG] PartsDefinitionModel::getAllPartsList() start... Project ID: PRJ-D45FEF
[2026-07-05 16:12:04] [DEBUG] PartsDefinitionModel::getTableStructure() start... Project ID: PRJ-D45FEF
[2026-07-05 16:12:04] [DEBUG] Screen::updateAreaE() [iframe起動版] path: \Develop\Views\AreaE\PartsDefinition\RegistParts.view start...
[2026-07-05 16:12:04] [DEBUG] Screen::getContents() start...
[2026-07-05 16:12:04] [DEBUG] Screen::getContents() finish.
[2026-07-05 16:12:04] [DEBUG] Screen::updateAreaE() finish.
[2026-07-05 16:12:04] [DEBUG] PartsDefinitionController::editPartsAction() end.
[2026-07-05 16:12:04] [DEBUG] Screen::areaView() start...
[2026-07-05 16:12:04] [DEBUG] Screen::areaView() finish.
[2026-07-05 16:12:21] [DEBUG] --- wwProject System Start ---
[2026-07-05 16:12:21] [DEBUG] Router::Router() /jemini/wwProjectV1.34/Develop/Console/ServerBridgeAction/
[2026-07-05 16:12:21] [DEBUG] Attempting to load: \Develop\Controllers\ConsoleController::ServerBridgeAction
[2026-07-05 16:12:21] [DEBUG] Router: Executing \Develop\Controllers\ConsoleController->ServerBridgeAction
[2026-07-05 16:12:21] [DEBUG] ConsoleController::ServerBridge() start...
[2026-07-05 16:12:21] [DEBUG] ConsoleController::ServerBridge() \Develop\Controllers\PartsDefinitionController::saveAction()
[2026-07-05 16:12:21] [DEBUG] PartsDefinitionController::saveAction() start...
[2026-07-05 16:12:22] [DEBUG] PartsDefinitionModel::saveParts() start... Project ID: PRJ-D45FEF, Parts ID: 10
[2026-07-05 16:12:22] [DEBUG] PartsDefinitionModel::saveParts() 保存するchecked_columns_jsonの値: []
[2026-07-05 16:12:22] [DEBUG] PartsDefinitionModel::saveParts() contents : １
２
３
４
５
６
７
８
[2026-07-05 16:12:22] [DEBUG] PartsDefinitionModel::saveParts() UPDATEを実行します。Parts ID: 10
[2026-07-05 16:12:22] [DEBUG] PartsDefinitionModel::getAllPartsList() start... Project ID: PRJ-D45FEF
[2026-07-05 16:12:22] [DEBUG] Screen::updateAreaD() path: \Develop\Views\AreaD\PartsDefinition\PartsDefinitionList.view start...
[2026-07-05 16:12:22] [DEBUG] Screen::getContents() start...
[2026-07-05 16:12:22] [DEBUG] Screen::getContents() finish.
[2026-07-05 16:12:22] [DEBUG] Screen::updateAreaD() finish.
[2026-07-05 16:12:22] [DEBUG] Screen::updateAreaE() [iframe起動版] path: \Develop\Views\AreaE\Area_E_clear.view start...
[2026-07-05 16:12:22] [DEBUG] Screen::getContents() start...
[2026-07-05 16:12:22] [DEBUG] Screen::getContents() finish.
[2026-07-05 16:12:22] [DEBUG] Screen::updateAreaE() finish.
[2026-07-05 16:12:22] [DEBUG] PartsDefinitionController::saveAction() end.
[2026-07-05 16:12:22] [DEBUG] Screen::areaView() start...
[2026-07-05 16:12:22] [DEBUG] Screen::areaView() finish.
[2026-07-05 16:12:38] [DEBUG] --- wwProject System Start ---
[2026-07-05 16:12:38] [DEBUG] Router::Router() /jemini/wwProjectV1.34/Develop/Console/ServerBridgeAction/
[2026-07-05 16:12:38] [DEBUG] Attempting to load: \Develop\Controllers\ConsoleController::ServerBridgeAction
[2026-07-05 16:12:38] [DEBUG] Router: Executing \Develop\Controllers\ConsoleController->ServerBridgeAction
[2026-07-05 16:12:38] [DEBUG] ConsoleController::ServerBridge() start...
[2026-07-05 16:12:38] [DEBUG] ConsoleController::ServerBridge() \Develop\Controllers\PartsDefinitionController::editPartsAction()
[2026-07-05 16:12:38] [DEBUG] PartsDefinitionController::editPartsAction() start...
[2026-07-05 16:12:38] [DEBUG] PartsDefinitionModel::getAllPartsList() start... Project ID: PRJ-D45FEF
[2026-07-05 16:12:38] [DEBUG] PartsDefinitionModel::getTableStructure() start... Project ID: PRJ-D45FEF
[2026-07-05 16:12:38] [DEBUG] Screen::updateAreaE() [iframe起動版] path: \Develop\Views\AreaE\PartsDefinition\RegistParts.view start...
[2026-07-05 16:12:38] [DEBUG] Screen::getContents() start...
[2026-07-05 16:12:38] [DEBUG] Screen::getContents() finish.
[2026-07-05 16:12:38] [DEBUG] Screen::updateAreaE() finish.
[2026-07-05 16:12:38] [DEBUG] PartsDefinitionController::editPartsAction() end.
[2026-07-05 16:12:38] [DEBUG] Screen::areaView() start...
[2026-07-05 16:12:38] [DEBUG] Screen::areaView() finish.
[2026-07-05 16:12:39] [DEBUG] --- wwProject System Start ---
[2026-07-05 16:12:39] [DEBUG] Router::Router() /jemini/wwProjectV1.34/Develop/Console/ServerBridgeAction/
[2026-07-05 16:12:39] [DEBUG] Attempting to load: \Develop\Controllers\ConsoleController::ServerBridgeAction
[2026-07-05 16:12:39] [DEBUG] Router: Executing \Develop\Controllers\ConsoleController->ServerBridgeAction
[2026-07-05 16:12:39] [DEBUG] ConsoleController::ServerBridge() start...
[2026-07-05 16:12:39] [DEBUG] ConsoleController::ServerBridge() \Develop\Controllers\PartsDefinitionController::editPartsAction()
[2026-07-05 16:12:39] [DEBUG] PartsDefinitionController::editPartsAction() start...
[2026-07-05 16:12:39] [DEBUG] PartsDefinitionModel::getAllPartsList() start... Project ID: PRJ-D45FEF
[2026-07-05 16:12:39] [DEBUG] PartsDefinitionModel::getTableStructure() start... Project ID: PRJ-D45FEF
[2026-07-05 16:12:39] [DEBUG] Screen::updateAreaE() [iframe起動版] path: \Develop\Views\AreaE\PartsDefinition\RegistParts.view start...
[2026-07-05 16:12:39] [DEBUG] Screen::getContents() start...
[2026-07-05 16:12:39] [DEBUG] Screen::getContents() finish.
[2026-07-05 16:12:39] [DEBUG] Screen::updateAreaE() finish.
[2026-07-05 16:12:39] [DEBUG] PartsDefinitionController::editPartsAction() end.
[2026-07-05 16:12:39] [DEBUG] Screen::areaView() start...
[2026-07-05 16:12:39] [DEBUG] Screen::areaView() finish.
[2026-07-05 16:14:05] [DEBUG] --- wwProject System Start ---
[2026-07-05 16:14:05] [DEBUG] Router::Router() /jemini/wwProjectV1.34/Develop/
[2026-07-05 16:14:05] [DEBUG] Attempting to load: \Develop\Controllers\LoginController::initialAction
[2026-07-05 16:14:05] [DEBUG] Router: Executing \Develop\Controllers\LoginController->initialAction
[2026-07-05 16:14:05] [DEBUG] Login::initialAction() start...
[2026-07-05 16:14:05] [DEBUG] Login::initialAction() errorMessage : 
[2026-07-05 16:14:05] [DEBUG] Screen::view() path: \Develop\Views\Login\Login.view start...
[2026-07-05 16:14:05] [DEBUG] Screen::getContents() start...
[2026-07-05 16:14:05] [DEBUG] Screen::getContents() finish.
[2026-07-05 16:14:05] [DEBUG] Screen::view() path: \Develop\Views\Login\Login.view finish.
[2026-07-05 16:14:05] [DEBUG] Login::initialAction() finish.
[2026-07-05 16:14:08] [DEBUG] --- wwProject System Start ---
[2026-07-05 16:14:08] [DEBUG] Router::Router() /jemini/wwProjectV1.34/Develop/Login/authentication/
[2026-07-05 16:14:08] [DEBUG] Attempting to load: \Develop\Controllers\LoginController::authenticationAction
[2026-07-05 16:14:08] [DEBUG] Router: Executing \Develop\Controllers\LoginController->authenticationAction
[2026-07-05 16:14:08] [DEBUG] Login::AuthenticationAction() start...
[2026-07-05 16:14:08] [DEBUG] Login OK - x
[2026-07-05 16:14:08] [DEBUG] Session::start()
[2026-07-05 16:14:08] [DEBUG] Redirect to Console::initialAction()
[2026-07-05 16:14:08] [DEBUG] --- wwProject System Start ---
[2026-07-05 16:14:08] [DEBUG] Router::Router() /jemini/wwProjectV1.34/Develop/Console/initial/
[2026-07-05 16:14:08] [DEBUG] Attempting to load: \Develop\Controllers\ConsoleController::initialAction
[2026-07-05 16:14:08] [DEBUG] Router: Executing \Develop\Controllers\ConsoleController->initialAction
[2026-07-05 16:14:08] [DEBUG] Console::initialAction() start...
[2026-07-05 16:14:08] [DEBUG] Screen::view() path: \Develop\Views\Console\Console.view start...
[2026-07-05 16:14:08] [DEBUG] Screen::getContents() start...
[2026-07-05 16:14:08] [DEBUG] Screen::getContents() finish.
[2026-07-05 16:14:08] [DEBUG] Screen::view() path: \Develop\Views\Console\Console.view finish.
[2026-07-05 16:14:08] [DEBUG] ConsoleController::initialAction() finish.
[2026-07-05 16:14:08] [DEBUG] --- wwProject System Start ---
[2026-07-05 16:14:08] [DEBUG] Router::Router() /jemini/wwProjectV1.34/Develop/Console/ServerBridgeAction/
[2026-07-05 16:14:08] [DEBUG] Attempting to load: \Develop\Controllers\ConsoleController::ServerBridgeAction
[2026-07-05 16:14:08] [DEBUG] Router: Executing \Develop\Controllers\ConsoleController->ServerBridgeAction
[2026-07-05 16:14:08] [DEBUG] ConsoleController::ServerBridge() start...
[2026-07-05 16:14:08] [DEBUG] ConsoleController::ServerBridge() \Develop\Controllers\ConsoleController::areaInitialAction()
[2026-07-05 16:14:08] [DEBUG] ConsoleController::AreaInitialAction() start...
[2026-07-05 16:14:08] [DEBUG] Screen::updateAreaA() path: \Develop\Views\AreaA\Area_A.view start...
[2026-07-05 16:14:08] [DEBUG] Screen::areaView() sending JSON: ["areas"]
[2026-07-05 16:14:08] [DEBUG] Screen::getContents() start...
[2026-07-05 16:14:08] [DEBUG] Screen::getContents() finish.
[2026-07-05 16:14:08] [DEBUG] Screen::updateAreaA() finish.
[2026-07-05 16:14:08] [DEBUG] Screen::updateAreaB() path: \Develop\Views\AreaB\Area_B.view start...
[2026-07-05 16:14:08] [DEBUG] Screen::getContents() start...
[2026-07-05 16:14:08] [DEBUG] Screen::getContents() finish.
[2026-07-05 16:14:08] [DEBUG] Screen::updateAreaB() finish.
[2026-07-05 16:14:08] [DEBUG] Screen::updateAreaD() path: \Develop\Views\AreaD\Area_D_clear.view start...
[2026-07-05 16:14:08] [DEBUG] Screen::getContents() start...
[2026-07-05 16:14:08] [DEBUG] Screen::getContents() finish.
[2026-07-05 16:14:08] [DEBUG] Screen::updateAreaD() finish.
[2026-07-05 16:14:08] [DEBUG] Screen::updateAreaE() [iframe起動版] path: \Develop\Views\AreaE\Area_E_clear.view start...
[2026-07-05 16:14:08] [DEBUG] Screen::getContents() start...
[2026-07-05 16:14:08] [DEBUG] Screen::getContents() finish.
[2026-07-05 16:14:08] [DEBUG] Screen::updateAreaE() finish.
[2026-07-05 16:14:08] [DEBUG] Screen::updateAreaF() path: \Develop\Views\AreaF\Area_F.view start...
[2026-07-05 16:14:08] [DEBUG] Screen::getContents() start...
[2026-07-05 16:14:08] [DEBUG] Screen::getContents() finish.
[2026-07-05 16:14:08] [DEBUG] Screen::updateAreaF() finish.
[2026-07-05 16:14:08] [DEBUG] ProjectController::startProjectNabi() start...
[2026-07-05 16:14:08] [DEBUG] ProjectController::getProjectListHtml() start...
[2026-07-05 16:14:08] [DEBUG] ProjectModel::getProjectList() start...
[2026-07-05 16:14:08] [DEBUG] ProjectModel::getProjectList() finish.
[2026-07-05 16:14:08] [DEBUG] CodeMasterModel：：getCodesByGroup() start...
[2026-07-05 16:14:08] [DEBUG] CodeMasterModel：：getCodesByGroup() finish.
[2026-07-05 16:14:08] [DEBUG] ProjectController::getNaviFooterHtml() start...
[2026-07-05 16:14:08] [DEBUG] ProjectController::getNaviFooterHtml() finish.
[2026-07-05 16:14:08] [DEBUG] ProjectController::startProjectNabi() finish.
[2026-07-05 16:14:08] [DEBUG] Screen::updateAreaC() \Develop\Views\AreaC\Area_C.view start...
[2026-07-05 16:14:08] [DEBUG] Screen::getContents() start...
[2026-07-05 16:14:08] [DEBUG] Screen::getContents() finish.
[2026-07-05 16:14:08] [DEBUG] Screen::updateAreaC() finish.
[2026-07-05 16:14:08] [DEBUG] ConsoleController::AreaInitialAction() finish.
[2026-07-05 16:14:08] [DEBUG] Screen::areaView() start...
[2026-07-05 16:14:08] [DEBUG] Screen::areaView() finish.
[2026-07-05 16:14:10] [DEBUG] --- wwProject System Start ---
[2026-07-05 16:14:10] [DEBUG] Router::Router() /jemini/wwProjectV1.34/Develop/Console/ServerBridgeAction/
[2026-07-05 16:14:10] [DEBUG] Attempting to load: \Develop\Controllers\ConsoleController::ServerBridgeAction
[2026-07-05 16:14:10] [DEBUG] Router: Executing \Develop\Controllers\ConsoleController->ServerBridgeAction
[2026-07-05 16:14:10] [DEBUG] ConsoleController::ServerBridge() start...
[2026-07-05 16:14:10] [DEBUG] ConsoleController::ServerBridge() \Develop\Controllers\ProjectController::projectSelectAction()
[2026-07-05 16:14:10] [DEBUG] ProjectController::projectSelectAction() start...
[2026-07-05 16:14:10] [DEBUG] ProjectController::projectSelectAction() ☆★☆　SampleProject１
[2026-07-05 16:14:10] [DEBUG] Screen::updateAreaB() path: \Develop\Views\AreaB\Area_B.view start...
[2026-07-05 16:14:10] [DEBUG] Screen::getContents() start...
[2026-07-05 16:14:10] [DEBUG] Screen::getContents() finish.
[2026-07-05 16:14:10] [DEBUG] Screen::updateAreaB() finish.
[2026-07-05 16:14:10] [DEBUG] ProjectController::projectSelectAction() PRJ-D45FEF : PRJ-D45FEF
[2026-07-05 16:14:10] [DEBUG] ProjectController::getProjectListHtml() start...
[2026-07-05 16:14:10] [DEBUG] ProjectModel::getProjectList() start...
[2026-07-05 16:14:10] [DEBUG] ProjectModel::getProjectList() finish.
[2026-07-05 16:14:10] [DEBUG] CodeMasterModel：：getCodesByGroup() start...
[2026-07-05 16:14:10] [DEBUG] CodeMasterModel：：getCodesByGroup() finish.
[2026-07-05 16:14:10] [DEBUG] ProjectController::getNaviFooterHtml() start...
[2026-07-05 16:14:10] [DEBUG] ProjectController::getNaviFooterHtml() finish.
[2026-07-05 16:14:10] [DEBUG] Screen::updateAreaC() \Develop\Views\AreaC\Area_C.view start...
[2026-07-05 16:14:10] [DEBUG] Screen::getContents() start...
[2026-07-05 16:14:10] [DEBUG] Screen::getContents() finish.
[2026-07-05 16:14:10] [DEBUG] Screen::updateAreaC() finish.
[2026-07-05 16:14:10] [DEBUG] Screen::updateAreaD() path: \Develop\Views\AreaD\Area_D_clear.view start...
[2026-07-05 16:14:10] [DEBUG] Screen::getContents() start...
[2026-07-05 16:14:10] [DEBUG] Screen::getContents() finish.
[2026-07-05 16:14:10] [DEBUG] Screen::updateAreaD() finish.
[2026-07-05 16:14:10] [DEBUG] Screen::updateAreaE() [iframe起動版] path: \Develop\Views\AreaE\Area_E_clear.view start...
[2026-07-05 16:14:10] [DEBUG] Screen::getContents() start...
[2026-07-05 16:14:10] [DEBUG] Screen::getContents() finish.
[2026-07-05 16:14:10] [DEBUG] Screen::updateAreaE() finish.
[2026-07-05 16:14:10] [DEBUG] ProjectController::projectSelectAction() finish.
[2026-07-05 16:14:10] [DEBUG] Screen::areaView() start...
[2026-07-05 16:14:10] [DEBUG] Screen::areaView() finish.
[2026-07-05 16:14:11] [DEBUG] --- wwProject System Start ---
[2026-07-05 16:14:11] [DEBUG] Router::Router() /jemini/wwProjectV1.34/Develop/Console/ServerBridgeAction/
[2026-07-05 16:14:11] [DEBUG] Attempting to load: \Develop\Controllers\ConsoleController::ServerBridgeAction
[2026-07-05 16:14:11] [DEBUG] Router: Executing \Develop\Controllers\ConsoleController->ServerBridgeAction
[2026-07-05 16:14:11] [DEBUG] ConsoleController::ServerBridge() start...
[2026-07-05 16:14:11] [DEBUG] ConsoleController::ServerBridge() \Develop\Controllers\PartsDefinitionController::InitialAction()
[2026-07-05 16:14:11] [DEBUG] DBDefinitionController::initialAction() start...
[2026-07-05 16:14:11] [DEBUG] PartsDefinitionController::initialAction() projectId : PRJ-D45FEF
[2026-07-05 16:14:11] [DEBUG] PartsDefinitionModel::getAllPartsList() start... Project ID: PRJ-D45FEF
[2026-07-05 16:14:11] [DEBUG] Screen::updateAreaD() path: \Develop\Views\AreaD\PartsDefinition\PartsDefinitionList.view start...
[2026-07-05 16:14:11] [DEBUG] Screen::getContents() start...
[2026-07-05 16:14:11] [DEBUG] Screen::getContents() finish.
[2026-07-05 16:14:11] [DEBUG] Screen::updateAreaD() finish.
[2026-07-05 16:14:11] [DEBUG] Screen::updateAreaE() [iframe起動版] path: \Develop\Views\AreaE\Area_E_clear.view start...
[2026-07-05 16:14:11] [DEBUG] Screen::getContents() start...
[2026-07-05 16:14:11] [DEBUG] Screen::getContents() finish.
[2026-07-05 16:14:11] [DEBUG] Screen::updateAreaE() finish.
[2026-07-05 16:14:11] [DEBUG] DBDefinitionController::initialAction() end.
[2026-07-05 16:14:11] [DEBUG] Screen::areaView() start...
[2026-07-05 16:14:11] [DEBUG] Screen::areaView() finish.
[2026-07-05 16:14:12] [DEBUG] --- wwProject System Start ---
[2026-07-05 16:14:12] [DEBUG] Router::Router() /jemini/wwProjectV1.34/Develop/Console/ServerBridgeAction/
[2026-07-05 16:14:12] [DEBUG] Attempting to load: \Develop\Controllers\ConsoleController::ServerBridgeAction
[2026-07-05 16:14:12] [DEBUG] Router: Executing \Develop\Controllers\ConsoleController->ServerBridgeAction
[2026-07-05 16:14:12] [DEBUG] ConsoleController::ServerBridge() start...
[2026-07-05 16:14:12] [DEBUG] ConsoleController::ServerBridge() \Develop\Controllers\PartsDefinitionController::editPartsAction()
[2026-07-05 16:14:12] [DEBUG] PartsDefinitionController::editPartsAction() start...
[2026-07-05 16:14:12] [DEBUG] PartsDefinitionModel::getAllPartsList() start... Project ID: PRJ-D45FEF
[2026-07-05 16:14:12] [DEBUG] PartsDefinitionModel::getTableStructure() start... Project ID: PRJ-D45FEF
[2026-07-05 16:14:12] [DEBUG] Screen::updateAreaE() [iframe起動版] path: \Develop\Views\AreaE\PartsDefinition\RegistParts.view start...
[2026-07-05 16:14:12] [DEBUG] Screen::getContents() start...
[2026-07-05 16:14:12] [DEBUG] Screen::getContents() finish.
[2026-07-05 16:14:12] [DEBUG] Screen::updateAreaE() finish.
[2026-07-05 16:14:12] [DEBUG] PartsDefinitionController::editPartsAction() end.
[2026-07-05 16:14:12] [DEBUG] Screen::areaView() start...
[2026-07-05 16:14:12] [DEBUG] Screen::areaView() finish.
[2026-07-05 16:14:15] [DEBUG] --- wwProject System Start ---
[2026-07-05 16:14:15] [DEBUG] Router::Router() /jemini/wwProjectV1.34/Develop/Console/ServerBridgeAction/
[2026-07-05 16:14:15] [DEBUG] Attempting to load: \Develop\Controllers\ConsoleController::ServerBridgeAction
[2026-07-05 16:14:15] [DEBUG] Router: Executing \Develop\Controllers\ConsoleController->ServerBridgeAction
[2026-07-05 16:14:15] [DEBUG] ConsoleController::ServerBridge() start...
[2026-07-05 16:14:15] [DEBUG] ConsoleController::ServerBridge() \Develop\Controllers\PartsDefinitionController::editPartsAction()
[2026-07-05 16:14:15] [DEBUG] PartsDefinitionController::editPartsAction() start...
[2026-07-05 16:14:15] [DEBUG] PartsDefinitionModel::getAllPartsList() start... Project ID: PRJ-D45FEF
[2026-07-05 16:14:15] [DEBUG] PartsDefinitionModel::getTableStructure() start... Project ID: PRJ-D45FEF
[2026-07-05 16:14:15] [DEBUG] Screen::updateAreaE() [iframe起動版] path: \Develop\Views\AreaE\PartsDefinition\RegistParts.view start...
[2026-07-05 16:14:15] [DEBUG] Screen::getContents() start...
[2026-07-05 16:14:15] [DEBUG] Screen::getContents() finish.
[2026-07-05 16:14:15] [DEBUG] Screen::updateAreaE() finish.
[2026-07-05 16:14:15] [DEBUG] PartsDefinitionController::editPartsAction() end.
[2026-07-05 16:14:15] [DEBUG] Screen::areaView() start...
[2026-07-05 16:14:15] [DEBUG] Screen::areaView() finish.
[2026-07-05 16:14:18] [DEBUG] --- wwProject System Start ---
[2026-07-05 16:14:18] [DEBUG] Router::Router() /jemini/wwProjectV1.34/Develop/Console/ServerBridgeAction/
[2026-07-05 16:14:18] [DEBUG] Attempting to load: \Develop\Controllers\ConsoleController::ServerBridgeAction
[2026-07-05 16:14:18] [DEBUG] Router: Executing \Develop\Controllers\ConsoleController->ServerBridgeAction
[2026-07-05 16:14:18] [DEBUG] ConsoleController::ServerBridge() start...
[2026-07-05 16:14:18] [DEBUG] ConsoleController::ServerBridge() \Develop\Controllers\PartsDefinitionController::InitialAction()
[2026-07-05 16:14:18] [DEBUG] DBDefinitionController::initialAction() start...
[2026-07-05 16:14:18] [DEBUG] PartsDefinitionController::initialAction() projectId : PRJ-D45FEF
[2026-07-05 16:14:18] [DEBUG] PartsDefinitionModel::getAllPartsList() start... Project ID: PRJ-D45FEF
[2026-07-05 16:14:18] [DEBUG] Screen::updateAreaD() path: \Develop\Views\AreaD\PartsDefinition\PartsDefinitionList.view start...
[2026-07-05 16:14:18] [DEBUG] Screen::getContents() start...
[2026-07-05 16:14:18] [DEBUG] Screen::getContents() finish.
[2026-07-05 16:14:18] [DEBUG] Screen::updateAreaD() finish.
[2026-07-05 16:14:18] [DEBUG] Screen::updateAreaE() [iframe起動版] path: \Develop\Views\AreaE\Area_E_clear.view start...
[2026-07-05 16:14:18] [DEBUG] Screen::getContents() start...
[2026-07-05 16:14:18] [DEBUG] Screen::getContents() finish.
[2026-07-05 16:14:18] [DEBUG] Screen::updateAreaE() finish.
[2026-07-05 16:14:18] [DEBUG] DBDefinitionController::initialAction() end.
[2026-07-05 16:14:18] [DEBUG] Screen::areaView() start...
[2026-07-05 16:14:18] [DEBUG] Screen::areaView() finish.
[2026-07-05 16:14:19] [DEBUG] --- wwProject System Start ---
[2026-07-05 16:14:19] [DEBUG] Router::Router() /jemini/wwProjectV1.34/Develop/Console/ServerBridgeAction/
[2026-07-05 16:14:19] [DEBUG] Attempting to load: \Develop\Controllers\ConsoleController::ServerBridgeAction
[2026-07-05 16:14:19] [DEBUG] Router: Executing \Develop\Controllers\ConsoleController->ServerBridgeAction
[2026-07-05 16:14:19] [DEBUG] ConsoleController::ServerBridge() start...
[2026-07-05 16:14:19] [DEBUG] ConsoleController::ServerBridge() \Develop\Controllers\PartsDefinitionController::editPartsAction()
[2026-07-05 16:14:19] [DEBUG] PartsDefinitionController::editPartsAction() start...
[2026-07-05 16:14:19] [DEBUG] PartsDefinitionModel::getAllPartsList() start... Project ID: PRJ-D45FEF
[2026-07-05 16:14:19] [DEBUG] PartsDefinitionModel::getTableStructure() start... Project ID: PRJ-D45FEF
[2026-07-05 16:14:19] [DEBUG] Screen::updateAreaE() [iframe起動版] path: \Develop\Views\AreaE\PartsDefinition\RegistParts.view start...
[2026-07-05 16:14:19] [DEBUG] Screen::getContents() start...
[2026-07-05 16:14:19] [DEBUG] Screen::getContents() finish.
[2026-07-05 16:14:19] [DEBUG] Screen::updateAreaE() finish.
[2026-07-05 16:14:19] [DEBUG] PartsDefinitionController::editPartsAction() end.
[2026-07-05 16:14:19] [DEBUG] Screen::areaView() start...
[2026-07-05 16:14:19] [DEBUG] Screen::areaView() finish.
[2026-07-05 16:14:25] [DEBUG] --- wwProject System Start ---
[2026-07-05 16:14:25] [DEBUG] Router::Router() /jemini/wwProjectV1.34/Develop/Console/ServerBridgeAction/
[2026-07-05 16:14:25] [DEBUG] Attempting to load: \Develop\Controllers\ConsoleController::ServerBridgeAction
[2026-07-05 16:14:25] [DEBUG] Router: Executing \Develop\Controllers\ConsoleController->ServerBridgeAction
[2026-07-05 16:14:25] [DEBUG] ConsoleController::ServerBridge() start...
[2026-07-05 16:14:25] [DEBUG] ConsoleController::ServerBridge() \Develop\Controllers\PartsDefinitionController::saveAction()
[2026-07-05 16:14:25] [DEBUG] PartsDefinitionController::saveAction() start...
[2026-07-05 16:14:25] [DEBUG] PartsDefinitionModel::saveParts() start... Project ID: PRJ-D45FEF, Parts ID: 9
[2026-07-05 16:14:25] [DEBUG] PartsDefinitionModel::saveParts() 保存するchecked_columns_jsonの値: []
[2026-07-05 16:14:25] [DEBUG] PartsDefinitionModel::saveParts() contents : 12345.txt  
[2026-07-05 16:14:25] [DEBUG] PartsDefinitionModel::saveParts() UPDATEを実行します。Parts ID: 9
[2026-07-05 16:14:25] [DEBUG] PartsDefinitionModel::getAllPartsList() start... Project ID: PRJ-D45FEF
[2026-07-05 16:14:25] [DEBUG] Screen::updateAreaD() path: \Develop\Views\AreaD\PartsDefinition\PartsDefinitionList.view start...
[2026-07-05 16:14:25] [DEBUG] Screen::getContents() start...
[2026-07-05 16:14:25] [DEBUG] Screen::getContents() finish.
[2026-07-05 16:14:25] [DEBUG] Screen::updateAreaD() finish.
[2026-07-05 16:14:25] [DEBUG] Screen::updateAreaE() [iframe起動版] path: \Develop\Views\AreaE\Area_E_clear.view start...
[2026-07-05 16:14:25] [DEBUG] Screen::getContents() start...
[2026-07-05 16:14:25] [DEBUG] Screen::getContents() finish.
[2026-07-05 16:14:25] [DEBUG] Screen::updateAreaE() finish.
[2026-07-05 16:14:25] [DEBUG] PartsDefinitionController::saveAction() end.
[2026-07-05 16:14:25] [DEBUG] Screen::areaView() start...
[2026-07-05 16:14:25] [DEBUG] Screen::areaView() finish.
[2026-07-05 16:14:51] [DEBUG] --- wwProject System Start ---
[2026-07-05 16:14:51] [DEBUG] Router::Router() /jemini/wwProjectV1.34/Develop/Console/ServerBridgeAction/
[2026-07-05 16:14:51] [DEBUG] Attempting to load: \Develop\Controllers\ConsoleController::ServerBridgeAction
[2026-07-05 16:14:51] [DEBUG] Router: Executing \Develop\Controllers\ConsoleController->ServerBridgeAction
[2026-07-05 16:14:51] [DEBUG] ConsoleController::ServerBridge() start...
[2026-07-05 16:14:51] [DEBUG] ConsoleController::ServerBridge() \Develop\Controllers\PartsDefinitionController::editPartsAction()
[2026-07-05 16:14:51] [DEBUG] PartsDefinitionController::editPartsAction() start...
[2026-07-05 16:14:51] [DEBUG] PartsDefinitionModel::getAllPartsList() start... Project ID: PRJ-D45FEF
[2026-07-05 16:14:51] [DEBUG] PartsDefinitionModel::getTableStructure() start... Project ID: PRJ-D45FEF
[2026-07-05 16:14:51] [DEBUG] Screen::updateAreaE() [iframe起動版] path: \Develop\Views\AreaE\PartsDefinition\RegistParts.view start...
[2026-07-05 16:14:51] [DEBUG] Screen::getContents() start...
[2026-07-05 16:14:51] [DEBUG] Screen::getContents() finish.
[2026-07-05 16:14:51] [DEBUG] Screen::updateAreaE() finish.
[2026-07-05 16:14:51] [DEBUG] PartsDefinitionController::editPartsAction() end.
[2026-07-05 16:14:51] [DEBUG] Screen::areaView() start...
[2026-07-05 16:14:51] [DEBUG] Screen::areaView() finish.
[2026-07-05 16:14:52] [DEBUG] --- wwProject System Start ---
[2026-07-05 16:14:52] [DEBUG] Router::Router() /jemini/wwProjectV1.34/Develop/Console/ServerBridgeAction/
[2026-07-05 16:14:52] [DEBUG] Attempting to load: \Develop\Controllers\ConsoleController::ServerBridgeAction
[2026-07-05 16:14:52] [DEBUG] Router: Executing \Develop\Controllers\ConsoleController->ServerBridgeAction
[2026-07-05 16:14:52] [DEBUG] ConsoleController::ServerBridge() start...
[2026-07-05 16:14:52] [DEBUG] ConsoleController::ServerBridge() \Develop\Controllers\PartsDefinitionController::editPartsAction()
[2026-07-05 16:14:52] [DEBUG] PartsDefinitionController::editPartsAction() start...
[2026-07-05 16:14:52] [DEBUG] PartsDefinitionModel::getAllPartsList() start... Project ID: PRJ-D45FEF
[2026-07-05 16:14:52] [DEBUG] PartsDefinitionModel::getTableStructure() start... Project ID: PRJ-D45FEF
[2026-07-05 16:14:52] [DEBUG] Screen::updateAreaE() [iframe起動版] path: \Develop\Views\AreaE\PartsDefinition\RegistParts.view start...
[2026-07-05 16:14:52] [DEBUG] Screen::getContents() start...
[2026-07-05 16:14:52] [DEBUG] Screen::getContents() finish.
[2026-07-05 16:14:53] [DEBUG] Screen::updateAreaE() finish.
[2026-07-05 16:14:53] [DEBUG] PartsDefinitionController::editPartsAction() end.
[2026-07-05 16:14:53] [DEBUG] Screen::areaView() start...
[2026-07-05 16:14:53] [DEBUG] Screen::areaView() finish.
[2026-07-05 16:14:54] [DEBUG] --- wwProject System Start ---
[2026-07-05 16:14:54] [DEBUG] Router::Router() /jemini/wwProjectV1.34/Develop/Console/ServerBridgeAction/
[2026-07-05 16:14:54] [DEBUG] Attempting to load: \Develop\Controllers\ConsoleController::ServerBridgeAction
[2026-07-05 16:14:54] [DEBUG] Router: Executing \Develop\Controllers\ConsoleController->ServerBridgeAction
[2026-07-05 16:14:54] [DEBUG] ConsoleController::ServerBridge() start...
[2026-07-05 16:14:54] [DEBUG] ConsoleController::ServerBridge() \Develop\Controllers\PartsDefinitionController::editPartsAction()
[2026-07-05 16:14:54] [DEBUG] PartsDefinitionController::editPartsAction() start...
[2026-07-05 16:14:54] [DEBUG] PartsDefinitionModel::getAllPartsList() start... Project ID: PRJ-D45FEF
[2026-07-05 16:14:54] [DEBUG] PartsDefinitionModel::getTableStructure() start... Project ID: PRJ-D45FEF
[2026-07-05 16:14:54] [DEBUG] Screen::updateAreaE() [iframe起動版] path: \Develop\Views\AreaE\PartsDefinition\RegistParts.view start...
[2026-07-05 16:14:54] [DEBUG] Screen::getContents() start...
[2026-07-05 16:14:54] [DEBUG] Screen::getContents() finish.
[2026-07-05 16:14:54] [DEBUG] Screen::updateAreaE() finish.
[2026-07-05 16:14:54] [DEBUG] PartsDefinitionController::editPartsAction() end.
[2026-07-05 16:14:54] [DEBUG] Screen::areaView() start...
[2026-07-05 16:14:54] [DEBUG] Screen::areaView() finish.
[2026-07-05 16:14:55] [DEBUG] --- wwProject System Start ---
[2026-07-05 16:14:55] [DEBUG] Router::Router() /jemini/wwProjectV1.34/Develop/Console/ServerBridgeAction/
[2026-07-05 16:14:55] [DEBUG] Attempting to load: \Develop\Controllers\ConsoleController::ServerBridgeAction
[2026-07-05 16:14:55] [DEBUG] Router: Executing \Develop\Controllers\ConsoleController->ServerBridgeAction
[2026-07-05 16:14:55] [DEBUG] ConsoleController::ServerBridge() start...
[2026-07-05 16:14:55] [DEBUG] ConsoleController::ServerBridge() \Develop\Controllers\PartsDefinitionController::editPartsAction()
[2026-07-05 16:14:55] [DEBUG] PartsDefinitionController::editPartsAction() start...
[2026-07-05 16:14:55] [DEBUG] PartsDefinitionModel::getAllPartsList() start... Project ID: PRJ-D45FEF
[2026-07-05 16:14:55] [DEBUG] PartsDefinitionModel::getTableStructure() start... Project ID: PRJ-D45FEF
[2026-07-05 16:14:55] [DEBUG] Screen::updateAreaE() [iframe起動版] path: \Develop\Views\AreaE\PartsDefinition\RegistParts.view start...
[2026-07-05 16:14:55] [DEBUG] Screen::getContents() start...
[2026-07-05 16:14:55] [DEBUG] Screen::getContents() finish.
[2026-07-05 16:14:55] [DEBUG] Screen::updateAreaE() finish.
[2026-07-05 16:14:55] [DEBUG] PartsDefinitionController::editPartsAction() end.
[2026-07-05 16:14:55] [DEBUG] Screen::areaView() start...
[2026-07-05 16:14:55] [DEBUG] Screen::areaView() finish.
[2026-07-05 16:15:40] [DEBUG] --- wwProject System Start ---
[2026-07-05 16:15:40] [DEBUG] Router::Router() /jemini/wwProjectV1.34/Develop/Console/ServerBridgeAction/
[2026-07-05 16:15:40] [DEBUG] Attempting to load: \Develop\Controllers\ConsoleController::ServerBridgeAction
[2026-07-05 16:15:40] [DEBUG] Router: Executing \Develop\Controllers\ConsoleController->ServerBridgeAction
[2026-07-05 16:15:40] [DEBUG] ConsoleController::ServerBridge() start...
[2026-07-05 16:15:40] [DEBUG] ConsoleController::ServerBridge() \Develop\Controllers\PartsDefinitionController::editPartsAction()
[2026-07-05 16:15:40] [DEBUG] PartsDefinitionController::editPartsAction() start...
[2026-07-05 16:15:40] [DEBUG] PartsDefinitionModel::getAllPartsList() start... Project ID: PRJ-D45FEF
[2026-07-05 16:15:40] [DEBUG] PartsDefinitionModel::getTableStructure() start... Project ID: PRJ-D45FEF
[2026-07-05 16:15:40] [DEBUG] Screen::updateAreaE() [iframe起動版] path: \Develop\Views\AreaE\PartsDefinition\RegistParts.view start...
[2026-07-05 16:15:40] [DEBUG] Screen::getContents() start...
[2026-07-05 16:15:40] [DEBUG] Screen::getContents() finish.
[2026-07-05 16:15:40] [DEBUG] Screen::updateAreaE() finish.
[2026-07-05 16:15:40] [DEBUG] PartsDefinitionController::editPartsAction() end.
[2026-07-05 16:15:40] [DEBUG] Screen::areaView() start...
[2026-07-05 16:15:40] [DEBUG] Screen::areaView() finish.
[2026-07-05 16:15:41] [DEBUG] --- wwProject System Start ---
[2026-07-05 16:15:41] [DEBUG] Router::Router() /jemini/wwProjectV1.34/Develop/Console/ServerBridgeAction/
[2026-07-05 16:15:41] [DEBUG] Attempting to load: \Develop\Controllers\ConsoleController::ServerBridgeAction
[2026-07-05 16:15:41] [DEBUG] Router: Executing \Develop\Controllers\ConsoleController->ServerBridgeAction
[2026-07-05 16:15:41] [DEBUG] ConsoleController::ServerBridge() start...
[2026-07-05 16:15:41] [DEBUG] ConsoleController::ServerBridge() \Develop\Controllers\PartsDefinitionController::editPartsAction()
[2026-07-05 16:15:41] [DEBUG] PartsDefinitionController::editPartsAction() start...
[2026-07-05 16:15:41] [DEBUG] PartsDefinitionModel::getAllPartsList() start... Project ID: PRJ-D45FEF
[2026-07-05 16:15:41] [DEBUG] PartsDefinitionModel::getTableStructure() start... Project ID: PRJ-D45FEF
[2026-07-05 16:15:41] [DEBUG] Screen::updateAreaE() [iframe起動版] path: \Develop\Views\AreaE\PartsDefinition\RegistParts.view start...
[2026-07-05 16:15:41] [DEBUG] Screen::getContents() start...
[2026-07-05 16:15:41] [DEBUG] Screen::getContents() finish.
[2026-07-05 16:15:41] [DEBUG] Screen::updateAreaE() finish.
[2026-07-05 16:15:41] [DEBUG] PartsDefinitionController::editPartsAction() end.
[2026-07-05 16:15:41] [DEBUG] Screen::areaView() start...
[2026-07-05 16:15:41] [DEBUG] Screen::areaView() finish.
[2026-07-05 16:15:43] [DEBUG] --- wwProject System Start ---
[2026-07-05 16:15:43] [DEBUG] Router::Router() /jemini/wwProjectV1.34/Develop/Console/ServerBridgeAction/
[2026-07-05 16:15:43] [DEBUG] Attempting to load: \Develop\Controllers\ConsoleController::ServerBridgeAction
[2026-07-05 16:15:43] [DEBUG] Router: Executing \Develop\Controllers\ConsoleController->ServerBridgeAction
[2026-07-05 16:15:43] [DEBUG] ConsoleController::ServerBridge() start...
[2026-07-05 16:15:43] [DEBUG] ConsoleController::ServerBridge() \Develop\Controllers\PartsDefinitionController::editPartsAction()
[2026-07-05 16:15:43] [DEBUG] PartsDefinitionController::editPartsAction() start...
[2026-07-05 16:15:43] [DEBUG] PartsDefinitionModel::getAllPartsList() start... Project ID: PRJ-D45FEF
[2026-07-05 16:15:43] [DEBUG] PartsDefinitionModel::getColumnsByTableId() start... Input: developers
[2026-07-05 16:15:43] [DEBUG] 逆引き成功: 物理名 developers -> table_id : 6
[2026-07-05 16:15:43] [DEBUG] PartsDefinitionModel::getColumnsByTableId() finish. 件数: 9
[2026-07-05 16:15:43] [DEBUG] PartsDefinitionModel::getTableStructure() start... Project ID: PRJ-D45FEF
[2026-07-05 16:15:43] [DEBUG] Screen::updateAreaE() [iframe起動版] path: \Develop\Views\AreaE\PartsDefinition\RegistParts.view start...
[2026-07-05 16:15:43] [DEBUG] Screen::getContents() start...
[2026-07-05 16:15:43] [DEBUG] Screen::getContents() finish.
[2026-07-05 16:15:43] [DEBUG] Screen::updateAreaE() finish.
[2026-07-05 16:15:43] [DEBUG] PartsDefinitionController::editPartsAction() end.
[2026-07-05 16:15:43] [DEBUG] Screen::areaView() start...
[2026-07-05 16:15:43] [DEBUG] Screen::areaView() finish.
[2026-07-05 16:15:44] [DEBUG] --- wwProject System Start ---
[2026-07-05 16:15:44] [DEBUG] Router::Router() /jemini/wwProjectV1.34/Develop/Console/ServerBridgeAction/
[2026-07-05 16:15:44] [DEBUG] Attempting to load: \Develop\Controllers\ConsoleController::ServerBridgeAction
[2026-07-05 16:15:44] [DEBUG] Router: Executing \Develop\Controllers\ConsoleController->ServerBridgeAction
[2026-07-05 16:15:44] [DEBUG] ConsoleController::ServerBridge() start...
[2026-07-05 16:15:44] [DEBUG] ConsoleController::ServerBridge() \Develop\Controllers\PartsDefinitionController::editPartsAction()
[2026-07-05 16:15:44] [DEBUG] PartsDefinitionController::editPartsAction() start...
[2026-07-05 16:15:44] [DEBUG] PartsDefinitionModel::getAllPartsList() start... Project ID: PRJ-D45FEF
[2026-07-05 16:15:44] [DEBUG] PartsDefinitionModel::getColumnsByTableId() start... Input: developers
[2026-07-05 16:15:44] [DEBUG] 逆引き成功: 物理名 developers -> table_id : 6
[2026-07-05 16:15:44] [DEBUG] PartsDefinitionModel::getColumnsByTableId() finish. 件数: 9
[2026-07-05 16:15:44] [DEBUG] PartsDefinitionModel::getTableStructure() start... Project ID: PRJ-D45FEF
[2026-07-05 16:15:44] [DEBUG] Screen::updateAreaE() [iframe起動版] path: \Develop\Views\AreaE\PartsDefinition\RegistParts.view start...
[2026-07-05 16:15:44] [DEBUG] Screen::getContents() start...
[2026-07-05 16:15:44] [DEBUG] Screen::getContents() finish.
[2026-07-05 16:15:44] [DEBUG] Screen::updateAreaE() finish.
[2026-07-05 16:15:44] [DEBUG] PartsDefinitionController::editPartsAction() end.
[2026-07-05 16:15:44] [DEBUG] Screen::areaView() start...
[2026-07-05 16:15:44] [DEBUG] Screen::areaView() finish.
[2026-07-05 16:15:46] [DEBUG] --- wwProject System Start ---
[2026-07-05 16:15:46] [DEBUG] Router::Router() /jemini/wwProjectV1.34/Develop/Console/ServerBridgeAction/
[2026-07-05 16:15:46] [DEBUG] Attempting to load: \Develop\Controllers\ConsoleController::ServerBridgeAction
[2026-07-05 16:15:46] [DEBUG] Router: Executing \Develop\Controllers\ConsoleController->ServerBridgeAction
[2026-07-05 16:15:46] [DEBUG] ConsoleController::ServerBridge() start...
[2026-07-05 16:15:46] [DEBUG] ConsoleController::ServerBridge() \Develop\Controllers\PartsDefinitionController::editPartsAction()
[2026-07-05 16:15:46] [DEBUG] PartsDefinitionController::editPartsAction() start...
[2026-07-05 16:15:46] [DEBUG] PartsDefinitionModel::getAllPartsList() start... Project ID: PRJ-D45FEF
[2026-07-05 16:15:46] [DEBUG] PartsDefinitionModel::getColumnsByTableId() start... Input: developers
[2026-07-05 16:15:46] [DEBUG] 逆引き成功: 物理名 developers -> table_id : 6
[2026-07-05 16:15:46] [DEBUG] PartsDefinitionModel::getColumnsByTableId() finish. 件数: 9
[2026-07-05 16:15:46] [DEBUG] PartsDefinitionModel::getTableStructure() start... Project ID: PRJ-D45FEF
[2026-07-05 16:15:46] [DEBUG] Screen::updateAreaE() [iframe起動版] path: \Develop\Views\AreaE\PartsDefinition\RegistParts.view start...
[2026-07-05 16:15:46] [DEBUG] Screen::getContents() start...
[2026-07-05 16:15:46] [DEBUG] Screen::getContents() finish.
[2026-07-05 16:15:46] [DEBUG] Screen::updateAreaE() finish.
[2026-07-05 16:15:46] [DEBUG] PartsDefinitionController::editPartsAction() end.
[2026-07-05 16:15:46] [DEBUG] Screen::areaView() start...
[2026-07-05 16:15:46] [DEBUG] Screen::areaView() finish.
[2026-07-05 16:15:47] [DEBUG] --- wwProject System Start ---
[2026-07-05 16:15:47] [DEBUG] Router::Router() /jemini/wwProjectV1.34/Develop/Console/ServerBridgeAction/
[2026-07-05 16:15:47] [DEBUG] Attempting to load: \Develop\Controllers\ConsoleController::ServerBridgeAction
[2026-07-05 16:15:47] [DEBUG] Router: Executing \Develop\Controllers\ConsoleController->ServerBridgeAction
[2026-07-05 16:15:47] [DEBUG] ConsoleController::ServerBridge() start...
[2026-07-05 16:15:47] [DEBUG] ConsoleController::ServerBridge() \Develop\Controllers\PartsDefinitionController::editPartsAction()
[2026-07-05 16:15:47] [DEBUG] PartsDefinitionController::editPartsAction() start...
[2026-07-05 16:15:47] [DEBUG] PartsDefinitionModel::getAllPartsList() start... Project ID: PRJ-D45FEF
[2026-07-05 16:15:47] [DEBUG] PartsDefinitionModel::getColumnsByTableId() start... Input: developers
[2026-07-05 16:15:47] [DEBUG] 逆引き成功: 物理名 developers -> table_id : 6
[2026-07-05 16:15:47] [DEBUG] PartsDefinitionModel::getColumnsByTableId() finish. 件数: 9
[2026-07-05 16:15:47] [DEBUG] PartsDefinitionModel::getTableStructure() start... Project ID: PRJ-D45FEF
[2026-07-05 16:15:47] [DEBUG] Screen::updateAreaE() [iframe起動版] path: \Develop\Views\AreaE\PartsDefinition\RegistParts.view start...
[2026-07-05 16:15:47] [DEBUG] Screen::getContents() start...
[2026-07-05 16:15:47] [DEBUG] Screen::getContents() finish.
[2026-07-05 16:15:47] [DEBUG] Screen::updateAreaE() finish.
[2026-07-05 16:15:47] [DEBUG] PartsDefinitionController::editPartsAction() end.
[2026-07-05 16:15:47] [DEBUG] Screen::areaView() start...
[2026-07-05 16:15:47] [DEBUG] Screen::areaView() finish.
[2026-07-05 16:15:50] [DEBUG] --- wwProject System Start ---
[2026-07-05 16:15:50] [DEBUG] Router::Router() /jemini/wwProjectV1.34/Develop/Console/ServerBridgeAction/
[2026-07-05 16:15:50] [DEBUG] Attempting to load: \Develop\Controllers\ConsoleController::ServerBridgeAction
[2026-07-05 16:15:50] [DEBUG] Router: Executing \Develop\Controllers\ConsoleController->ServerBridgeAction
[2026-07-05 16:15:50] [DEBUG] ConsoleController::ServerBridge() start...
[2026-07-05 16:15:50] [DEBUG] ConsoleController::ServerBridge() \Develop\Controllers\PartsDefinitionController::editPartsAction()
[2026-07-05 16:15:50] [DEBUG] PartsDefinitionController::editPartsAction() start...
[2026-07-05 16:15:50] [DEBUG] PartsDefinitionModel::getAllPartsList() start... Project ID: PRJ-D45FEF
[2026-07-05 16:15:50] [DEBUG] PartsDefinitionModel::getTableStructure() start... Project ID: PRJ-D45FEF
[2026-07-05 16:15:50] [DEBUG] Screen::updateAreaE() [iframe起動版] path: \Develop\Views\AreaE\PartsDefinition\RegistParts.view start...
[2026-07-05 16:15:50] [DEBUG] Screen::getContents() start...
[2026-07-05 16:15:50] [DEBUG] Screen::getContents() finish.
[2026-07-05 16:15:50] [DEBUG] Screen::updateAreaE() finish.
[2026-07-05 16:15:50] [DEBUG] PartsDefinitionController::editPartsAction() end.
[2026-07-05 16:15:50] [DEBUG] Screen::areaView() start...
[2026-07-05 16:15:50] [DEBUG] Screen::areaView() finish.
[2026-07-05 16:17:17] [DEBUG] --- wwProject System Start ---
[2026-07-05 16:17:17] [DEBUG] Router::Router() /jemini/wwProjectV1.34/Develop/Console/ServerBridgeAction/
[2026-07-05 16:17:17] [DEBUG] Attempting to load: \Develop\Controllers\ConsoleController::ServerBridgeAction
[2026-07-05 16:17:17] [DEBUG] Router: Executing \Develop\Controllers\ConsoleController->ServerBridgeAction
[2026-07-05 16:17:17] [DEBUG] ConsoleController::ServerBridge() start...
[2026-07-05 16:17:17] [DEBUG] ConsoleController::ServerBridge() \Develop\Controllers\PartsDefinitionController::InitialAction()
[2026-07-05 16:17:17] [DEBUG] DBDefinitionController::initialAction() start...
[2026-07-05 16:17:17] [DEBUG] PartsDefinitionController::initialAction() projectId : PRJ-D45FEF
[2026-07-05 16:17:17] [DEBUG] PartsDefinitionModel::getAllPartsList() start... Project ID: PRJ-D45FEF
[2026-07-05 16:17:17] [DEBUG] Screen::updateAreaD() path: \Develop\Views\AreaD\PartsDefinition\PartsDefinitionList.view start...
[2026-07-05 16:17:17] [DEBUG] Screen::getContents() start...
[2026-07-05 16:17:17] [DEBUG] Screen::getContents() finish.
[2026-07-05 16:17:17] [DEBUG] Screen::updateAreaD() finish.
[2026-07-05 16:17:17] [DEBUG] Screen::updateAreaE() [iframe起動版] path: \Develop\Views\AreaE\Area_E_clear.view start...
[2026-07-05 16:17:17] [DEBUG] Screen::getContents() start...
[2026-07-05 16:17:17] [DEBUG] Screen::getContents() finish.
[2026-07-05 16:17:17] [DEBUG] Screen::updateAreaE() finish.
[2026-07-05 16:17:17] [DEBUG] DBDefinitionController::initialAction() end.
[2026-07-05 16:17:17] [DEBUG] Screen::areaView() start...
[2026-07-05 16:17:17] [DEBUG] Screen::areaView() finish.
[2026-07-05 16:17:18] [DEBUG] --- wwProject System Start ---
[2026-07-05 16:17:18] [DEBUG] Router::Router() /jemini/wwProjectV1.34/Develop/Console/ServerBridgeAction/
[2026-07-05 16:17:18] [DEBUG] Attempting to load: \Develop\Controllers\ConsoleController::ServerBridgeAction
[2026-07-05 16:17:18] [DEBUG] Router: Executing \Develop\Controllers\ConsoleController->ServerBridgeAction
[2026-07-05 16:17:18] [DEBUG] ConsoleController::ServerBridge() start...
[2026-07-05 16:17:18] [DEBUG] ConsoleController::ServerBridge() \Develop\Controllers\PartsDefinitionController::editPartsAction()
[2026-07-05 16:17:18] [DEBUG] PartsDefinitionController::editPartsAction() start...
[2026-07-05 16:17:18] [DEBUG] PartsDefinitionModel::getAllPartsList() start... Project ID: PRJ-D45FEF
[2026-07-05 16:17:18] [DEBUG] PartsDefinitionModel::getTableStructure() start... Project ID: PRJ-D45FEF
[2026-07-05 16:17:18] [DEBUG] Screen::updateAreaE() [iframe起動版] path: \Develop\Views\AreaE\PartsDefinition\RegistParts.view start...
[2026-07-05 16:17:18] [DEBUG] Screen::getContents() start...
[2026-07-05 16:17:19] [DEBUG] Screen::getContents() finish.
[2026-07-05 16:17:19] [DEBUG] Screen::updateAreaE() finish.
[2026-07-05 16:17:19] [DEBUG] PartsDefinitionController::editPartsAction() end.
[2026-07-05 16:17:19] [DEBUG] Screen::areaView() start...
[2026-07-05 16:17:19] [DEBUG] Screen::areaView() finish.
[2026-07-05 16:17:21] [DEBUG] --- wwProject System Start ---
[2026-07-05 16:17:21] [DEBUG] Router::Router() /jemini/wwProjectV1.34/Develop/Console/ServerBridgeAction/
[2026-07-05 16:17:21] [DEBUG] Attempting to load: \Develop\Controllers\ConsoleController::ServerBridgeAction
[2026-07-05 16:17:21] [DEBUG] Router: Executing \Develop\Controllers\ConsoleController->ServerBridgeAction
[2026-07-05 16:17:21] [DEBUG] ConsoleController::ServerBridge() start...
[2026-07-05 16:17:21] [DEBUG] ConsoleController::ServerBridge() \Develop\Controllers\PartsDefinitionController::editPartsAction()
[2026-07-05 16:17:21] [DEBUG] PartsDefinitionController::editPartsAction() start...
[2026-07-05 16:17:21] [DEBUG] PartsDefinitionModel::getAllPartsList() start... Project ID: PRJ-D45FEF
[2026-07-05 16:17:21] [DEBUG] PartsDefinitionModel::getTableStructure() start... Project ID: PRJ-D45FEF
[2026-07-05 16:17:21] [DEBUG] Screen::updateAreaE() [iframe起動版] path: \Develop\Views\AreaE\PartsDefinition\RegistParts.view start...
[2026-07-05 16:17:21] [DEBUG] Screen::getContents() start...
[2026-07-05 16:17:21] [DEBUG] Screen::getContents() finish.
[2026-07-05 16:17:21] [DEBUG] Screen::updateAreaE() finish.
[2026-07-05 16:17:21] [DEBUG] PartsDefinitionController::editPartsAction() end.
[2026-07-05 16:17:21] [DEBUG] Screen::areaView() start...
[2026-07-05 16:17:21] [DEBUG] Screen::areaView() finish.
[2026-07-05 16:17:37] [DEBUG] --- wwProject System Start ---
[2026-07-05 16:17:37] [DEBUG] Router::Router() /jemini/wwProjectV1.34/Develop/Console/ServerBridgeAction/
[2026-07-05 16:17:37] [DEBUG] Attempting to load: \Develop\Controllers\ConsoleController::ServerBridgeAction
[2026-07-05 16:17:37] [DEBUG] Router: Executing \Develop\Controllers\ConsoleController->ServerBridgeAction
[2026-07-05 16:17:37] [DEBUG] ConsoleController::ServerBridge() start...
[2026-07-05 16:17:37] [DEBUG] ConsoleController::ServerBridge() \Develop\Controllers\PartsDefinitionController::newPartsAction()
[2026-07-05 16:17:37] [DEBUG] PartsDefinitionController::newPartsAction() start...
[2026-07-05 16:17:37] [DEBUG] PartsDefinitionModel::getTableStructure() start... Project ID: PRJ-D45FEF
[2026-07-05 16:17:37] [DEBUG] Screen::updateAreaE() [iframe起動版] path: \Develop\Views\AreaE\PartsDefinition\RegistParts.view start...
[2026-07-05 16:17:37] [DEBUG] Screen::getContents() start...
[2026-07-05 16:17:37] [DEBUG] Screen::getContents() finish.
[2026-07-05 16:17:37] [DEBUG] Screen::updateAreaE() finish.
[2026-07-05 16:17:37] [DEBUG] PartsDefinitionController::newPartsAction() end.
[2026-07-05 16:17:37] [DEBUG] Screen::areaView() start...
[2026-07-05 16:17:37] [DEBUG] Screen::areaView() finish.
[2026-07-05 16:18:03] [DEBUG] --- wwProject System Start ---
[2026-07-05 16:18:03] [DEBUG] Router::Router() /jemini/wwProjectV1.34/Develop/Console/ServerBridgeAction/
[2026-07-05 16:18:03] [DEBUG] Attempting to load: \Develop\Controllers\ConsoleController::ServerBridgeAction
[2026-07-05 16:18:03] [DEBUG] Router: Executing \Develop\Controllers\ConsoleController->ServerBridgeAction
[2026-07-05 16:18:03] [DEBUG] ConsoleController::ServerBridge() start...
[2026-07-05 16:18:03] [DEBUG] ConsoleController::ServerBridge() \Develop\Controllers\PartsDefinitionController::getColumnsAction()
[2026-07-05 16:18:03] [DEBUG] PartsDefinitionController::getColumnsAction() start...
[2026-07-05 16:18:03] [DEBUG] PartsDefinitionModel::getColumnsByTableId() start... Input: developers
[2026-07-05 16:18:03] [DEBUG] 逆引き成功: 物理名 developers -> table_id : 6
[2026-07-05 16:18:03] [DEBUG] PartsDefinitionModel::getColumnsByTableId() finish. 件数: 9
[2026-07-05 16:18:03] [DEBUG] PartsDefinitionModel::getTableStructure() start... Project ID: PRJ-D45FEF
[2026-07-05 16:18:03] [DEBUG] Screen::updateAreaE() [iframe起動版] path: \Develop\Views\AreaE\PartsDefinition\RegistParts.view start...
[2026-07-05 16:18:03] [DEBUG] Screen::getContents() start...
[2026-07-05 16:18:03] [DEBUG] Screen::getContents() finish.
[2026-07-05 16:18:03] [DEBUG] Screen::updateAreaE() finish.
[2026-07-05 16:18:03] [DEBUG] PartsDefinitionController::getColumnsAction() end.
[2026-07-05 16:18:03] [DEBUG] Screen::areaView() start...
[2026-07-05 16:18:03] [DEBUG] Screen::areaView() finish.
[2026-07-05 16:18:48] [DEBUG] --- wwProject System Start ---
[2026-07-05 16:18:48] [DEBUG] Router::Router() /jemini/wwProjectV1.34/Develop/Console/ServerBridgeAction/
[2026-07-05 16:18:48] [DEBUG] Attempting to load: \Develop\Controllers\ConsoleController::ServerBridgeAction
[2026-07-05 16:18:48] [DEBUG] Router: Executing \Develop\Controllers\ConsoleController->ServerBridgeAction
[2026-07-05 16:18:48] [DEBUG] ConsoleController::ServerBridge() start...
[2026-07-05 16:18:48] [DEBUG] ConsoleController::ServerBridge() \Develop\Controllers\PartsDefinitionController::editPartsAction()
[2026-07-05 16:18:48] [DEBUG] PartsDefinitionController::editPartsAction() start...
[2026-07-05 16:18:48] [DEBUG] PartsDefinitionModel::getAllPartsList() start... Project ID: PRJ-D45FEF
[2026-07-05 16:18:48] [DEBUG] PartsDefinitionModel::getColumnsByTableId() start... Input: developers
[2026-07-05 16:18:48] [DEBUG] 逆引き成功: 物理名 developers -> table_id : 6
[2026-07-05 16:18:48] [DEBUG] PartsDefinitionModel::getColumnsByTableId() finish. 件数: 9
[2026-07-05 16:18:48] [DEBUG] PartsDefinitionModel::getTableStructure() start... Project ID: PRJ-D45FEF
[2026-07-05 16:18:48] [DEBUG] Screen::updateAreaE() [iframe起動版] path: \Develop\Views\AreaE\PartsDefinition\RegistParts.view start...
[2026-07-05 16:18:48] [DEBUG] Screen::getContents() start...
[2026-07-05 16:18:48] [DEBUG] Screen::getContents() finish.
[2026-07-05 16:18:48] [DEBUG] Screen::updateAreaE() finish.
[2026-07-05 16:18:48] [DEBUG] PartsDefinitionController::editPartsAction() end.
[2026-07-05 16:18:48] [DEBUG] Screen::areaView() start...
[2026-07-05 16:18:48] [DEBUG] Screen::areaView() finish.
[2026-07-05 16:18:51] [DEBUG] --- wwProject System Start ---
[2026-07-05 16:18:51] [DEBUG] Router::Router() /jemini/wwProjectV1.34/Develop/Console/ServerBridgeAction/
[2026-07-05 16:18:51] [DEBUG] Attempting to load: \Develop\Controllers\ConsoleController::ServerBridgeAction
[2026-07-05 16:18:51] [DEBUG] Router: Executing \Develop\Controllers\ConsoleController->ServerBridgeAction
[2026-07-05 16:18:51] [DEBUG] ConsoleController::ServerBridge() start...
[2026-07-05 16:18:51] [DEBUG] ConsoleController::ServerBridge() \Develop\Controllers\PartsDefinitionController::editPartsAction()
[2026-07-05 16:18:51] [DEBUG] PartsDefinitionController::editPartsAction() start...
[2026-07-05 16:18:51] [DEBUG] PartsDefinitionModel::getAllPartsList() start... Project ID: PRJ-D45FEF
[2026-07-05 16:18:51] [DEBUG] PartsDefinitionModel::getColumnsByTableId() start... Input: developers
[2026-07-05 16:18:51] [DEBUG] 逆引き成功: 物理名 developers -> table_id : 6
[2026-07-05 16:18:51] [DEBUG] PartsDefinitionModel::getColumnsByTableId() finish. 件数: 9
[2026-07-05 16:18:51] [DEBUG] PartsDefinitionModel::getTableStructure() start... Project ID: PRJ-D45FEF
[2026-07-05 16:18:51] [DEBUG] Screen::updateAreaE() [iframe起動版] path: \Develop\Views\AreaE\PartsDefinition\RegistParts.view start...
[2026-07-05 16:18:51] [DEBUG] Screen::getContents() start...
[2026-07-05 16:18:51] [DEBUG] Screen::getContents() finish.
[2026-07-05 16:18:51] [DEBUG] Screen::updateAreaE() finish.
[2026-07-05 16:18:51] [DEBUG] PartsDefinitionController::editPartsAction() end.
[2026-07-05 16:18:51] [DEBUG] Screen::areaView() start...
[2026-07-05 16:18:51] [DEBUG] Screen::areaView() finish.
[2026-07-05 16:18:53] [DEBUG] --- wwProject System Start ---
[2026-07-05 16:18:53] [DEBUG] Router::Router() /jemini/wwProjectV1.34/Develop/Console/ServerBridgeAction/
[2026-07-05 16:18:53] [DEBUG] Attempting to load: \Develop\Controllers\ConsoleController::ServerBridgeAction
[2026-07-05 16:18:53] [DEBUG] Router: Executing \Develop\Controllers\ConsoleController->ServerBridgeAction
[2026-07-05 16:18:53] [DEBUG] ConsoleController::ServerBridge() start...
[2026-07-05 16:18:53] [DEBUG] ConsoleController::ServerBridge() \Develop\Controllers\PartsDefinitionController::editPartsAction()
[2026-07-05 16:18:53] [DEBUG] PartsDefinitionController::editPartsAction() start...
[2026-07-05 16:18:53] [DEBUG] PartsDefinitionModel::getAllPartsList() start... Project ID: PRJ-D45FEF
[2026-07-05 16:18:53] [DEBUG] PartsDefinitionModel::getColumnsByTableId() start... Input: developers
[2026-07-05 16:18:53] [DEBUG] 逆引き成功: 物理名 developers -> table_id : 6
[2026-07-05 16:18:53] [DEBUG] PartsDefinitionModel::getColumnsByTableId() finish. 件数: 9
[2026-07-05 16:18:53] [DEBUG] PartsDefinitionModel::getTableStructure() start... Project ID: PRJ-D45FEF
[2026-07-05 16:18:53] [DEBUG] Screen::updateAreaE() [iframe起動版] path: \Develop\Views\AreaE\PartsDefinition\RegistParts.view start...
[2026-07-05 16:18:53] [DEBUG] Screen::getContents() start...
[2026-07-05 16:18:53] [DEBUG] Screen::getContents() finish.
[2026-07-05 16:18:53] [DEBUG] Screen::updateAreaE() finish.
[2026-07-05 16:18:53] [DEBUG] PartsDefinitionController::editPartsAction() end.
[2026-07-05 16:18:53] [DEBUG] Screen::areaView() start...
[2026-07-05 16:18:53] [DEBUG] Screen::areaView() finish.
[2026-07-05 16:18:55] [DEBUG] --- wwProject System Start ---
[2026-07-05 16:18:55] [DEBUG] Router::Router() /jemini/wwProjectV1.34/Develop/Console/ServerBridgeAction/
[2026-07-05 16:18:55] [DEBUG] Attempting to load: \Develop\Controllers\ConsoleController::ServerBridgeAction
[2026-07-05 16:18:55] [DEBUG] Router: Executing \Develop\Controllers\ConsoleController->ServerBridgeAction
[2026-07-05 16:18:55] [DEBUG] ConsoleController::ServerBridge() start...
[2026-07-05 16:18:55] [DEBUG] ConsoleController::ServerBridge() \Develop\Controllers\PartsDefinitionController::editPartsAction()
[2026-07-05 16:18:55] [DEBUG] PartsDefinitionController::editPartsAction() start...
[2026-07-05 16:18:55] [DEBUG] PartsDefinitionModel::getAllPartsList() start... Project ID: PRJ-D45FEF
[2026-07-05 16:18:55] [DEBUG] PartsDefinitionModel::getColumnsByTableId() start... Input: developers
[2026-07-05 16:18:55] [DEBUG] 逆引き成功: 物理名 developers -> table_id : 6
[2026-07-05 16:18:55] [DEBUG] PartsDefinitionModel::getColumnsByTableId() finish. 件数: 9
[2026-07-05 16:18:55] [DEBUG] PartsDefinitionModel::getTableStructure() start... Project ID: PRJ-D45FEF
[2026-07-05 16:18:55] [DEBUG] Screen::updateAreaE() [iframe起動版] path: \Develop\Views\AreaE\PartsDefinition\RegistParts.view start...
[2026-07-05 16:18:55] [DEBUG] Screen::getContents() start...
[2026-07-05 16:18:55] [DEBUG] Screen::getContents() finish.
[2026-07-05 16:18:55] [DEBUG] Screen::updateAreaE() finish.
[2026-07-05 16:18:55] [DEBUG] PartsDefinitionController::editPartsAction() end.
[2026-07-05 16:18:55] [DEBUG] Screen::areaView() start...
[2026-07-05 16:18:55] [DEBUG] Screen::areaView() finish.
[2026-07-05 16:18:56] [DEBUG] --- wwProject System Start ---
[2026-07-05 16:18:56] [DEBUG] Router::Router() /jemini/wwProjectV1.34/Develop/Console/ServerBridgeAction/
[2026-07-05 16:18:56] [DEBUG] Attempting to load: \Develop\Controllers\ConsoleController::ServerBridgeAction
[2026-07-05 16:18:56] [DEBUG] Router: Executing \Develop\Controllers\ConsoleController->ServerBridgeAction
[2026-07-05 16:18:56] [DEBUG] ConsoleController::ServerBridge() start...
[2026-07-05 16:18:56] [DEBUG] ConsoleController::ServerBridge() \Develop\Controllers\PartsDefinitionController::editPartsAction()
[2026-07-05 16:18:56] [DEBUG] PartsDefinitionController::editPartsAction() start...
[2026-07-05 16:18:56] [DEBUG] PartsDefinitionModel::getAllPartsList() start... Project ID: PRJ-D45FEF
[2026-07-05 16:18:56] [DEBUG] PartsDefinitionModel::getTableStructure() start... Project ID: PRJ-D45FEF
[2026-07-05 16:18:56] [DEBUG] Screen::updateAreaE() [iframe起動版] path: \Develop\Views\AreaE\PartsDefinition\RegistParts.view start...
[2026-07-05 16:18:56] [DEBUG] Screen::getContents() start...
[2026-07-05 16:18:56] [DEBUG] Screen::getContents() finish.
[2026-07-05 16:18:56] [DEBUG] Screen::updateAreaE() finish.
[2026-07-05 16:18:56] [DEBUG] PartsDefinitionController::editPartsAction() end.
[2026-07-05 16:18:56] [DEBUG] Screen::areaView() start...
[2026-07-05 16:18:56] [DEBUG] Screen::areaView() finish.
[2026-07-05 16:18:58] [DEBUG] --- wwProject System Start ---
[2026-07-05 16:18:58] [DEBUG] Router::Router() /jemini/wwProjectV1.34/Develop/Console/ServerBridgeAction/
[2026-07-05 16:18:58] [DEBUG] Attempting to load: \Develop\Controllers\ConsoleController::ServerBridgeAction
[2026-07-05 16:18:58] [DEBUG] Router: Executing \Develop\Controllers\ConsoleController->ServerBridgeAction
[2026-07-05 16:18:58] [DEBUG] ConsoleController::ServerBridge() start...
[2026-07-05 16:18:58] [DEBUG] ConsoleController::ServerBridge() \Develop\Controllers\PartsDefinitionController::editPartsAction()
[2026-07-05 16:18:58] [DEBUG] PartsDefinitionController::editPartsAction() start...
[2026-07-05 16:18:58] [DEBUG] PartsDefinitionModel::getAllPartsList() start... Project ID: PRJ-D45FEF
[2026-07-05 16:18:58] [DEBUG] PartsDefinitionModel::getTableStructure() start... Project ID: PRJ-D45FEF
[2026-07-05 16:18:58] [DEBUG] Screen::updateAreaE() [iframe起動版] path: \Develop\Views\AreaE\PartsDefinition\RegistParts.view start...
[2026-07-05 16:18:58] [DEBUG] Screen::getContents() start...
[2026-07-05 16:18:58] [DEBUG] Screen::getContents() finish.
[2026-07-05 16:18:58] [DEBUG] Screen::updateAreaE() finish.
[2026-07-05 16:18:58] [DEBUG] PartsDefinitionController::editPartsAction() end.
[2026-07-05 16:18:58] [DEBUG] Screen::areaView() start...
[2026-07-05 16:18:58] [DEBUG] Screen::areaView() finish.
[2026-07-05 16:19:01] [DEBUG] --- wwProject System Start ---
[2026-07-05 16:19:01] [DEBUG] Router::Router() /jemini/wwProjectV1.34/Develop/Console/ServerBridgeAction/
[2026-07-05 16:19:01] [DEBUG] Attempting to load: \Develop\Controllers\ConsoleController::ServerBridgeAction
[2026-07-05 16:19:01] [DEBUG] Router: Executing \Develop\Controllers\ConsoleController->ServerBridgeAction
[2026-07-05 16:19:01] [DEBUG] ConsoleController::ServerBridge() start...
[2026-07-05 16:19:01] [DEBUG] ConsoleController::ServerBridge() \Develop\Controllers\PartsDefinitionController::editPartsAction()
[2026-07-05 16:19:01] [DEBUG] PartsDefinitionController::editPartsAction() start...
[2026-07-05 16:19:01] [DEBUG] PartsDefinitionModel::getAllPartsList() start... Project ID: PRJ-D45FEF
[2026-07-05 16:19:01] [DEBUG] PartsDefinitionModel::getTableStructure() start... Project ID: PRJ-D45FEF
[2026-07-05 16:19:01] [DEBUG] Screen::updateAreaE() [iframe起動版] path: \Develop\Views\AreaE\PartsDefinition\RegistParts.view start...
[2026-07-05 16:19:01] [DEBUG] Screen::getContents() start...
[2026-07-05 16:19:01] [DEBUG] Screen::getContents() finish.
[2026-07-05 16:19:01] [DEBUG] Screen::updateAreaE() finish.
[2026-07-05 16:19:01] [DEBUG] PartsDefinitionController::editPartsAction() end.
[2026-07-05 16:19:01] [DEBUG] Screen::areaView() start...
[2026-07-05 16:19:01] [DEBUG] Screen::areaView() finish.
[2026-07-05 16:19:03] [DEBUG] --- wwProject System Start ---
[2026-07-05 16:19:03] [DEBUG] Router::Router() /jemini/wwProjectV1.34/Develop/Console/ServerBridgeAction/
[2026-07-05 16:19:03] [DEBUG] Attempting to load: \Develop\Controllers\ConsoleController::ServerBridgeAction
[2026-07-05 16:19:03] [DEBUG] Router: Executing \Develop\Controllers\ConsoleController->ServerBridgeAction
[2026-07-05 16:19:03] [DEBUG] ConsoleController::ServerBridge() start...
[2026-07-05 16:19:03] [DEBUG] ConsoleController::ServerBridge() \Develop\Controllers\PartsDefinitionController::editPartsAction()
[2026-07-05 16:19:03] [DEBUG] PartsDefinitionController::editPartsAction() start...
[2026-07-05 16:19:03] [DEBUG] PartsDefinitionModel::getAllPartsList() start... Project ID: PRJ-D45FEF
[2026-07-05 16:19:03] [DEBUG] PartsDefinitionModel::getTableStructure() start... Project ID: PRJ-D45FEF
[2026-07-05 16:19:03] [DEBUG] Screen::updateAreaE() [iframe起動版] path: \Develop\Views\AreaE\PartsDefinition\RegistParts.view start...
[2026-07-05 16:19:03] [DEBUG] Screen::getContents() start...
[2026-07-05 16:19:03] [DEBUG] Screen::getContents() finish.
[2026-07-05 16:19:03] [DEBUG] Screen::updateAreaE() finish.
[2026-07-05 16:19:03] [DEBUG] PartsDefinitionController::editPartsAction() end.
[2026-07-05 16:19:03] [DEBUG] Screen::areaView() start...
[2026-07-05 16:19:03] [DEBUG] Screen::areaView() finish.
[2026-07-05 16:19:05] [DEBUG] --- wwProject System Start ---
[2026-07-05 16:19:05] [DEBUG] Router::Router() /jemini/wwProjectV1.34/Develop/Console/ServerBridgeAction/
[2026-07-05 16:19:05] [DEBUG] Attempting to load: \Develop\Controllers\ConsoleController::ServerBridgeAction
[2026-07-05 16:19:05] [DEBUG] Router: Executing \Develop\Controllers\ConsoleController->ServerBridgeAction
[2026-07-05 16:19:05] [DEBUG] ConsoleController::ServerBridge() start...
[2026-07-05 16:19:05] [DEBUG] ConsoleController::ServerBridge() \Develop\Controllers\PartsDefinitionController::editPartsAction()
[2026-07-05 16:19:05] [DEBUG] PartsDefinitionController::editPartsAction() start...
[2026-07-05 16:19:05] [DEBUG] PartsDefinitionModel::getAllPartsList() start... Project ID: PRJ-D45FEF
[2026-07-05 16:19:05] [DEBUG] PartsDefinitionModel::getTableStructure() start... Project ID: PRJ-D45FEF
[2026-07-05 16:19:05] [DEBUG] Screen::updateAreaE() [iframe起動版] path: \Develop\Views\AreaE\PartsDefinition\RegistParts.view start...
[2026-07-05 16:19:05] [DEBUG] Screen::getContents() start...
[2026-07-05 16:19:05] [DEBUG] Screen::getContents() finish.
[2026-07-05 16:19:05] [DEBUG] Screen::updateAreaE() finish.
[2026-07-05 16:19:05] [DEBUG] PartsDefinitionController::editPartsAction() end.
[2026-07-05 16:19:05] [DEBUG] Screen::areaView() start...
[2026-07-05 16:19:05] [DEBUG] Screen::areaView() finish.
[2026-07-05 16:21:51] [DEBUG] --- wwProject System Start ---
[2026-07-05 16:21:51] [DEBUG] Router::Router() /jemini/wwProjectV1.34/Develop/Console/ServerBridgeAction/
[2026-07-05 16:21:51] [DEBUG] Attempting to load: \Develop\Controllers\ConsoleController::ServerBridgeAction
[2026-07-05 16:21:51] [DEBUG] Router: Executing \Develop\Controllers\ConsoleController->ServerBridgeAction
[2026-07-05 16:21:51] [DEBUG] ConsoleController::ServerBridge() start...
[2026-07-05 16:21:51] [DEBUG] ConsoleController::ServerBridge() \Develop\Controllers\PartsDefinitionController::editPartsAction()
[2026-07-05 16:21:51] [DEBUG] PartsDefinitionController::editPartsAction() start...
[2026-07-05 16:21:51] [DEBUG] PartsDefinitionModel::getAllPartsList() start... Project ID: PRJ-D45FEF
[2026-07-05 16:21:51] [DEBUG] PartsDefinitionModel::getColumnsByTableId() start... Input: developers
[2026-07-05 16:21:51] [DEBUG] 逆引き成功: 物理名 developers -> table_id : 6
[2026-07-05 16:21:51] [DEBUG] PartsDefinitionModel::getColumnsByTableId() finish. 件数: 9
[2026-07-05 16:21:51] [DEBUG] PartsDefinitionModel::getTableStructure() start... Project ID: PRJ-D45FEF
[2026-07-05 16:21:51] [DEBUG] Screen::updateAreaE() [iframe起動版] path: \Develop\Views\AreaE\PartsDefinition\RegistParts.view start...
[2026-07-05 16:21:51] [DEBUG] Screen::getContents() start...
[2026-07-05 16:21:51] [DEBUG] Screen::getContents() finish.
[2026-07-05 16:21:51] [DEBUG] Screen::updateAreaE() finish.
[2026-07-05 16:21:51] [DEBUG] PartsDefinitionController::editPartsAction() end.
[2026-07-05 16:21:51] [DEBUG] Screen::areaView() start...
[2026-07-05 16:21:51] [DEBUG] Screen::areaView() finish.
[2026-07-05 16:21:55] [DEBUG] --- wwProject System Start ---
[2026-07-05 16:21:55] [DEBUG] Router::Router() /jemini/wwProjectV1.34/Develop/Console/ServerBridgeAction/
[2026-07-05 16:21:55] [DEBUG] Attempting to load: \Develop\Controllers\ConsoleController::ServerBridgeAction
[2026-07-05 16:21:55] [DEBUG] Router: Executing \Develop\Controllers\ConsoleController->ServerBridgeAction
[2026-07-05 16:21:55] [DEBUG] ConsoleController::ServerBridge() start...
[2026-07-05 16:21:55] [DEBUG] ConsoleController::ServerBridge() \Develop\Controllers\PartsDefinitionController::editPartsAction()
[2026-07-05 16:21:55] [DEBUG] PartsDefinitionController::editPartsAction() start...
[2026-07-05 16:21:55] [DEBUG] PartsDefinitionModel::getAllPartsList() start... Project ID: PRJ-D45FEF
[2026-07-05 16:21:55] [DEBUG] PartsDefinitionModel::getColumnsByTableId() start... Input: developers
[2026-07-05 16:21:55] [DEBUG] 逆引き成功: 物理名 developers -> table_id : 6
[2026-07-05 16:21:55] [DEBUG] PartsDefinitionModel::getColumnsByTableId() finish. 件数: 9
[2026-07-05 16:21:55] [DEBUG] PartsDefinitionModel::getTableStructure() start... Project ID: PRJ-D45FEF
[2026-07-05 16:21:55] [DEBUG] Screen::updateAreaE() [iframe起動版] path: \Develop\Views\AreaE\PartsDefinition\RegistParts.view start...
[2026-07-05 16:21:55] [DEBUG] Screen::getContents() start...
[2026-07-05 16:21:55] [DEBUG] Screen::getContents() finish.
[2026-07-05 16:21:55] [DEBUG] Screen::updateAreaE() finish.
[2026-07-05 16:21:55] [DEBUG] PartsDefinitionController::editPartsAction() end.
[2026-07-05 16:21:55] [DEBUG] Screen::areaView() start...
[2026-07-05 16:21:55] [DEBUG] Screen::areaView() finish.
[2026-07-05 16:21:58] [DEBUG] --- wwProject System Start ---
[2026-07-05 16:21:58] [DEBUG] Router::Router() /jemini/wwProjectV1.34/Develop/Console/ServerBridgeAction/
[2026-07-05 16:21:58] [DEBUG] Attempting to load: \Develop\Controllers\ConsoleController::ServerBridgeAction
[2026-07-05 16:21:58] [DEBUG] Router: Executing \Develop\Controllers\ConsoleController->ServerBridgeAction
[2026-07-05 16:21:58] [DEBUG] ConsoleController::ServerBridge() start...
[2026-07-05 16:21:58] [DEBUG] ConsoleController::ServerBridge() \Develop\Controllers\PartsDefinitionController::InitialAction()
[2026-07-05 16:21:58] [DEBUG] DBDefinitionController::initialAction() start...
[2026-07-05 16:21:58] [DEBUG] PartsDefinitionController::initialAction() projectId : PRJ-D45FEF
[2026-07-05 16:21:58] [DEBUG] PartsDefinitionModel::getAllPartsList() start... Project ID: PRJ-D45FEF
[2026-07-05 16:21:58] [DEBUG] Screen::updateAreaD() path: \Develop\Views\AreaD\PartsDefinition\PartsDefinitionList.view start...
[2026-07-05 16:21:58] [DEBUG] Screen::getContents() start...
[2026-07-05 16:21:58] [DEBUG] Screen::getContents() finish.
[2026-07-05 16:21:58] [DEBUG] Screen::updateAreaD() finish.
[2026-07-05 16:21:58] [DEBUG] Screen::updateAreaE() [iframe起動版] path: \Develop\Views\AreaE\Area_E_clear.view start...
[2026-07-05 16:21:58] [DEBUG] Screen::getContents() start...
[2026-07-05 16:21:58] [DEBUG] Screen::getContents() finish.
[2026-07-05 16:21:58] [DEBUG] Screen::updateAreaE() finish.
[2026-07-05 16:21:58] [DEBUG] DBDefinitionController::initialAction() end.
[2026-07-05 16:21:58] [DEBUG] Screen::areaView() start...
[2026-07-05 16:21:58] [DEBUG] Screen::areaView() finish.
[2026-07-05 16:22:00] [DEBUG] --- wwProject System Start ---
[2026-07-05 16:22:00] [DEBUG] Router::Router() /jemini/wwProjectV1.34/Develop/Console/ServerBridgeAction/
[2026-07-05 16:22:00] [DEBUG] Attempting to load: \Develop\Controllers\ConsoleController::ServerBridgeAction
[2026-07-05 16:22:00] [DEBUG] Router: Executing \Develop\Controllers\ConsoleController->ServerBridgeAction
[2026-07-05 16:22:00] [DEBUG] ConsoleController::ServerBridge() start...
[2026-07-05 16:22:00] [DEBUG] ConsoleController::ServerBridge() \Develop\Controllers\PartsDefinitionController::editPartsAction()
[2026-07-05 16:22:00] [DEBUG] PartsDefinitionController::editPartsAction() start...
[2026-07-05 16:22:00] [DEBUG] PartsDefinitionModel::getAllPartsList() start... Project ID: PRJ-D45FEF
[2026-07-05 16:22:00] [DEBUG] PartsDefinitionModel::getColumnsByTableId() start... Input: developers
[2026-07-05 16:22:00] [DEBUG] 逆引き成功: 物理名 developers -> table_id : 6
[2026-07-05 16:22:00] [DEBUG] PartsDefinitionModel::getColumnsByTableId() finish. 件数: 9
[2026-07-05 16:22:00] [DEBUG] PartsDefinitionModel::getTableStructure() start... Project ID: PRJ-D45FEF
[2026-07-05 16:22:00] [DEBUG] Screen::updateAreaE() [iframe起動版] path: \Develop\Views\AreaE\PartsDefinition\RegistParts.view start...
[2026-07-05 16:22:00] [DEBUG] Screen::getContents() start...
[2026-07-05 16:22:00] [DEBUG] Screen::getContents() finish.
[2026-07-05 16:22:00] [DEBUG] Screen::updateAreaE() finish.
[2026-07-05 16:22:00] [DEBUG] PartsDefinitionController::editPartsAction() end.
[2026-07-05 16:22:00] [DEBUG] Screen::areaView() start...
[2026-07-05 16:22:00] [DEBUG] Screen::areaView() finish.
[2026-07-05 16:22:07] [DEBUG] --- wwProject System Start ---
[2026-07-05 16:22:07] [DEBUG] Router::Router() /jemini/wwProjectV1.34/Develop/Console/ServerBridgeAction/
[2026-07-05 16:22:07] [DEBUG] Attempting to load: \Develop\Controllers\ConsoleController::ServerBridgeAction
[2026-07-05 16:22:07] [DEBUG] Router: Executing \Develop\Controllers\ConsoleController->ServerBridgeAction
[2026-07-05 16:22:07] [DEBUG] ConsoleController::ServerBridge() start...
[2026-07-05 16:22:07] [DEBUG] ConsoleController::ServerBridge() \Develop\Controllers\PartsDefinitionController::InitialAction()
[2026-07-05 16:22:07] [DEBUG] DBDefinitionController::initialAction() start...
[2026-07-05 16:22:07] [DEBUG] PartsDefinitionController::initialAction() projectId : PRJ-D45FEF
[2026-07-05 16:22:07] [DEBUG] PartsDefinitionModel::getAllPartsList() start... Project ID: PRJ-D45FEF
[2026-07-05 16:22:07] [DEBUG] Screen::updateAreaD() path: \Develop\Views\AreaD\PartsDefinition\PartsDefinitionList.view start...
[2026-07-05 16:22:07] [DEBUG] Screen::getContents() start...
[2026-07-05 16:22:07] [DEBUG] Screen::getContents() finish.
[2026-07-05 16:22:07] [DEBUG] Screen::updateAreaD() finish.
[2026-07-05 16:22:07] [DEBUG] Screen::updateAreaE() [iframe起動版] path: \Develop\Views\AreaE\Area_E_clear.view start...
[2026-07-05 16:22:07] [DEBUG] Screen::getContents() start...
[2026-07-05 16:22:07] [DEBUG] Screen::getContents() finish.
[2026-07-05 16:22:07] [DEBUG] Screen::updateAreaE() finish.
[2026-07-05 16:22:07] [DEBUG] DBDefinitionController::initialAction() end.
[2026-07-05 16:22:07] [DEBUG] Screen::areaView() start...
[2026-07-05 16:22:07] [DEBUG] Screen::areaView() finish.
[2026-07-05 16:22:08] [DEBUG] --- wwProject System Start ---
[2026-07-05 16:22:09] [DEBUG] Router::Router() /jemini/wwProjectV1.34/Develop/Console/ServerBridgeAction/
[2026-07-05 16:22:09] [DEBUG] Attempting to load: \Develop\Controllers\ConsoleController::ServerBridgeAction
[2026-07-05 16:22:09] [DEBUG] Router: Executing \Develop\Controllers\ConsoleController->ServerBridgeAction
[2026-07-05 16:22:09] [DEBUG] ConsoleController::ServerBridge() start...
[2026-07-05 16:22:09] [DEBUG] ConsoleController::ServerBridge() \Develop\Controllers\PartsDefinitionController::editPartsAction()
[2026-07-05 16:22:09] [DEBUG] PartsDefinitionController::editPartsAction() start...
[2026-07-05 16:22:09] [DEBUG] PartsDefinitionModel::getAllPartsList() start... Project ID: PRJ-D45FEF
[2026-07-05 16:22:09] [DEBUG] PartsDefinitionModel::getTableStructure() start... Project ID: PRJ-D45FEF
[2026-07-05 16:22:09] [DEBUG] Screen::updateAreaE() [iframe起動版] path: \Develop\Views\AreaE\PartsDefinition\RegistParts.view start...
[2026-07-05 16:22:09] [DEBUG] Screen::getContents() start...
[2026-07-05 16:22:09] [DEBUG] Screen::getContents() finish.
[2026-07-05 16:22:09] [DEBUG] Screen::updateAreaE() finish.
[2026-07-05 16:22:09] [DEBUG] PartsDefinitionController::editPartsAction() end.
[2026-07-05 16:22:09] [DEBUG] Screen::areaView() start...
[2026-07-05 16:22:09] [DEBUG] Screen::areaView() finish.
[2026-07-05 16:22:10] [DEBUG] --- wwProject System Start ---
[2026-07-05 16:22:10] [DEBUG] Router::Router() /jemini/wwProjectV1.34/Develop/Console/ServerBridgeAction/
[2026-07-05 16:22:10] [DEBUG] Attempting to load: \Develop\Controllers\ConsoleController::ServerBridgeAction
[2026-07-05 16:22:10] [DEBUG] Router: Executing \Develop\Controllers\ConsoleController->ServerBridgeAction
[2026-07-05 16:22:10] [DEBUG] ConsoleController::ServerBridge() start...
[2026-07-05 16:22:10] [DEBUG] ConsoleController::ServerBridge() \Develop\Controllers\PartsDefinitionController::editPartsAction()
[2026-07-05 16:22:10] [DEBUG] PartsDefinitionController::editPartsAction() start...
[2026-07-05 16:22:10] [DEBUG] PartsDefinitionModel::getAllPartsList() start... Project ID: PRJ-D45FEF
[2026-07-05 16:22:10] [DEBUG] PartsDefinitionModel::getTableStructure() start... Project ID: PRJ-D45FEF
[2026-07-05 16:22:10] [DEBUG] Screen::updateAreaE() [iframe起動版] path: \Develop\Views\AreaE\PartsDefinition\RegistParts.view start...
[2026-07-05 16:22:10] [DEBUG] Screen::getContents() start...
[2026-07-05 16:22:10] [DEBUG] Screen::getContents() finish.
[2026-07-05 16:22:10] [DEBUG] Screen::updateAreaE() finish.
[2026-07-05 16:22:10] [DEBUG] PartsDefinitionController::editPartsAction() end.
[2026-07-05 16:22:10] [DEBUG] Screen::areaView() start...
[2026-07-05 16:22:10] [DEBUG] Screen::areaView() finish.
[2026-07-05 16:22:11] [DEBUG] --- wwProject System Start ---
[2026-07-05 16:22:11] [DEBUG] Router::Router() /jemini/wwProjectV1.34/Develop/Console/ServerBridgeAction/
[2026-07-05 16:22:11] [DEBUG] Attempting to load: \Develop\Controllers\ConsoleController::ServerBridgeAction
[2026-07-05 16:22:11] [DEBUG] Router: Executing \Develop\Controllers\ConsoleController->ServerBridgeAction
[2026-07-05 16:22:11] [DEBUG] ConsoleController::ServerBridge() start...
[2026-07-05 16:22:11] [DEBUG] ConsoleController::ServerBridge() \Develop\Controllers\PartsDefinitionController::editPartsAction()
[2026-07-05 16:22:11] [DEBUG] PartsDefinitionController::editPartsAction() start...
[2026-07-05 16:22:11] [DEBUG] PartsDefinitionModel::getAllPartsList() start... Project ID: PRJ-D45FEF
[2026-07-05 16:22:11] [DEBUG] PartsDefinitionModel::getTableStructure() start... Project ID: PRJ-D45FEF
[2026-07-05 16:22:11] [DEBUG] Screen::updateAreaE() [iframe起動版] path: \Develop\Views\AreaE\PartsDefinition\RegistParts.view start...
[2026-07-05 16:22:11] [DEBUG] Screen::getContents() start...
[2026-07-05 16:22:11] [DEBUG] Screen::getContents() finish.
[2026-07-05 16:22:11] [DEBUG] Screen::updateAreaE() finish.
[2026-07-05 16:22:11] [DEBUG] PartsDefinitionController::editPartsAction() end.
[2026-07-05 16:22:11] [DEBUG] Screen::areaView() start...
[2026-07-05 16:22:11] [DEBUG] Screen::areaView() finish.
[2026-07-05 16:22:12] [DEBUG] --- wwProject System Start ---
[2026-07-05 16:22:12] [DEBUG] Router::Router() /jemini/wwProjectV1.34/Develop/Console/ServerBridgeAction/
[2026-07-05 16:22:12] [DEBUG] Attempting to load: \Develop\Controllers\ConsoleController::ServerBridgeAction
[2026-07-05 16:22:12] [DEBUG] Router: Executing \Develop\Controllers\ConsoleController->ServerBridgeAction
[2026-07-05 16:22:12] [DEBUG] ConsoleController::ServerBridge() start...
[2026-07-05 16:22:12] [DEBUG] ConsoleController::ServerBridge() \Develop\Controllers\PartsDefinitionController::editPartsAction()
[2026-07-05 16:22:12] [DEBUG] PartsDefinitionController::editPartsAction() start...
[2026-07-05 16:22:12] [DEBUG] PartsDefinitionModel::getAllPartsList() start... Project ID: PRJ-D45FEF
[2026-07-05 16:22:12] [DEBUG] PartsDefinitionModel::getTableStructure() start... Project ID: PRJ-D45FEF
[2026-07-05 16:22:12] [DEBUG] Screen::updateAreaE() [iframe起動版] path: \Develop\Views\AreaE\PartsDefinition\RegistParts.view start...
[2026-07-05 16:22:12] [DEBUG] Screen::getContents() start...
[2026-07-05 16:22:12] [DEBUG] Screen::getContents() finish.
[2026-07-05 16:22:12] [DEBUG] Screen::updateAreaE() finish.
[2026-07-05 16:22:12] [DEBUG] PartsDefinitionController::editPartsAction() end.
[2026-07-05 16:22:12] [DEBUG] Screen::areaView() start...
[2026-07-05 16:22:12] [DEBUG] Screen::areaView() finish.
[2026-07-05 16:22:13] [DEBUG] --- wwProject System Start ---
[2026-07-05 16:22:13] [DEBUG] Router::Router() /jemini/wwProjectV1.34/Develop/Console/ServerBridgeAction/
[2026-07-05 16:22:13] [DEBUG] Attempting to load: \Develop\Controllers\ConsoleController::ServerBridgeAction
[2026-07-05 16:22:13] [DEBUG] Router: Executing \Develop\Controllers\ConsoleController->ServerBridgeAction
[2026-07-05 16:22:13] [DEBUG] ConsoleController::ServerBridge() start...
[2026-07-05 16:22:13] [DEBUG] ConsoleController::ServerBridge() \Develop\Controllers\PartsDefinitionController::editPartsAction()
[2026-07-05 16:22:13] [DEBUG] PartsDefinitionController::editPartsAction() start...
[2026-07-05 16:22:13] [DEBUG] PartsDefinitionModel::getAllPartsList() start... Project ID: PRJ-D45FEF
[2026-07-05 16:22:13] [DEBUG] PartsDefinitionModel::getTableStructure() start... Project ID: PRJ-D45FEF
[2026-07-05 16:22:13] [DEBUG] Screen::updateAreaE() [iframe起動版] path: \Develop\Views\AreaE\PartsDefinition\RegistParts.view start...
[2026-07-05 16:22:13] [DEBUG] Screen::getContents() start...
[2026-07-05 16:22:13] [DEBUG] Screen::getContents() finish.
[2026-07-05 16:22:13] [DEBUG] Screen::updateAreaE() finish.
[2026-07-05 16:22:13] [DEBUG] PartsDefinitionController::editPartsAction() end.
[2026-07-05 16:22:13] [DEBUG] Screen::areaView() start...
[2026-07-05 16:22:13] [DEBUG] Screen::areaView() finish.
[2026-07-05 16:22:14] [DEBUG] --- wwProject System Start ---
[2026-07-05 16:22:14] [DEBUG] Router::Router() /jemini/wwProjectV1.34/Develop/Console/ServerBridgeAction/
[2026-07-05 16:22:14] [DEBUG] Attempting to load: \Develop\Controllers\ConsoleController::ServerBridgeAction
[2026-07-05 16:22:14] [DEBUG] Router: Executing \Develop\Controllers\ConsoleController->ServerBridgeAction
[2026-07-05 16:22:14] [DEBUG] ConsoleController::ServerBridge() start...
[2026-07-05 16:22:14] [DEBUG] ConsoleController::ServerBridge() \Develop\Controllers\PartsDefinitionController::editPartsAction()
[2026-07-05 16:22:14] [DEBUG] PartsDefinitionController::editPartsAction() start...
[2026-07-05 16:22:14] [DEBUG] PartsDefinitionModel::getAllPartsList() start... Project ID: PRJ-D45FEF
[2026-07-05 16:22:14] [DEBUG] PartsDefinitionModel::getColumnsByTableId() start... Input: developers
[2026-07-05 16:22:14] [DEBUG] 逆引き成功: 物理名 developers -> table_id : 6
[2026-07-05 16:22:14] [DEBUG] PartsDefinitionModel::getColumnsByTableId() finish. 件数: 9
[2026-07-05 16:22:14] [DEBUG] PartsDefinitionModel::getTableStructure() start... Project ID: PRJ-D45FEF
[2026-07-05 16:22:14] [DEBUG] Screen::updateAreaE() [iframe起動版] path: \Develop\Views\AreaE\PartsDefinition\RegistParts.view start...
[2026-07-05 16:22:14] [DEBUG] Screen::getContents() start...
[2026-07-05 16:22:14] [DEBUG] Screen::getContents() finish.
[2026-07-05 16:22:14] [DEBUG] Screen::updateAreaE() finish.
[2026-07-05 16:22:14] [DEBUG] PartsDefinitionController::editPartsAction() end.
[2026-07-05 16:22:14] [DEBUG] Screen::areaView() start...
[2026-07-05 16:22:14] [DEBUG] Screen::areaView() finish.
[2026-07-05 16:22:24] [DEBUG] --- wwProject System Start ---
[2026-07-05 16:22:24] [DEBUG] Router::Router() /jemini/wwProjectV1.34/Develop/Console/ServerBridgeAction/
[2026-07-05 16:22:24] [DEBUG] Attempting to load: \Develop\Controllers\ConsoleController::ServerBridgeAction
[2026-07-05 16:22:24] [DEBUG] Router: Executing \Develop\Controllers\ConsoleController->ServerBridgeAction
[2026-07-05 16:22:24] [DEBUG] ConsoleController::ServerBridge() start...
[2026-07-05 16:22:24] [DEBUG] ConsoleController::ServerBridge() \Develop\Controllers\PartsDefinitionController::InitialAction()
[2026-07-05 16:22:24] [DEBUG] DBDefinitionController::initialAction() start...
[2026-07-05 16:22:24] [DEBUG] PartsDefinitionController::initialAction() projectId : PRJ-D45FEF
[2026-07-05 16:22:24] [DEBUG] PartsDefinitionModel::getAllPartsList() start... Project ID: PRJ-D45FEF
[2026-07-05 16:22:24] [DEBUG] Screen::updateAreaD() path: \Develop\Views\AreaD\PartsDefinition\PartsDefinitionList.view start...
[2026-07-05 16:22:24] [DEBUG] Screen::getContents() start...
[2026-07-05 16:22:24] [DEBUG] Screen::getContents() finish.
[2026-07-05 16:22:24] [DEBUG] Screen::updateAreaD() finish.
[2026-07-05 16:22:24] [DEBUG] Screen::updateAreaE() [iframe起動版] path: \Develop\Views\AreaE\Area_E_clear.view start...
[2026-07-05 16:22:24] [DEBUG] Screen::getContents() start...
[2026-07-05 16:22:24] [DEBUG] Screen::getContents() finish.
[2026-07-05 16:22:24] [DEBUG] Screen::updateAreaE() finish.
[2026-07-05 16:22:24] [DEBUG] DBDefinitionController::initialAction() end.
[2026-07-05 16:22:24] [DEBUG] Screen::areaView() start...
[2026-07-05 16:22:24] [DEBUG] Screen::areaView() finish.
[2026-07-05 16:22:26] [DEBUG] --- wwProject System Start ---
[2026-07-05 16:22:26] [DEBUG] Router::Router() /jemini/wwProjectV1.34/Develop/Console/ServerBridgeAction/
[2026-07-05 16:22:26] [DEBUG] Attempting to load: \Develop\Controllers\ConsoleController::ServerBridgeAction
[2026-07-05 16:22:26] [DEBUG] Router: Executing \Develop\Controllers\ConsoleController->ServerBridgeAction
[2026-07-05 16:22:26] [DEBUG] ConsoleController::ServerBridge() start...
[2026-07-05 16:22:26] [DEBUG] ConsoleController::ServerBridge() \Develop\Controllers\PartsDefinitionController::editPartsAction()
[2026-07-05 16:22:26] [DEBUG] PartsDefinitionController::editPartsAction() start...
[2026-07-05 16:22:26] [DEBUG] PartsDefinitionModel::getAllPartsList() start... Project ID: PRJ-D45FEF
[2026-07-05 16:22:26] [DEBUG] PartsDefinitionModel::getColumnsByTableId() start... Input: developers
[2026-07-05 16:22:26] [DEBUG] 逆引き成功: 物理名 developers -> table_id : 6
[2026-07-05 16:22:26] [DEBUG] PartsDefinitionModel::getColumnsByTableId() finish. 件数: 9
[2026-07-05 16:22:26] [DEBUG] PartsDefinitionModel::getTableStructure() start... Project ID: PRJ-D45FEF
[2026-07-05 16:22:26] [DEBUG] Screen::updateAreaE() [iframe起動版] path: \Develop\Views\AreaE\PartsDefinition\RegistParts.view start...
[2026-07-05 16:22:26] [DEBUG] Screen::getContents() start...
[2026-07-05 16:22:26] [DEBUG] Screen::getContents() finish.
[2026-07-05 16:22:26] [DEBUG] Screen::updateAreaE() finish.
[2026-07-05 16:22:26] [DEBUG] PartsDefinitionController::editPartsAction() end.
[2026-07-05 16:22:26] [DEBUG] Screen::areaView() start...
[2026-07-05 16:22:26] [DEBUG] Screen::areaView() finish.
[2026-07-05 16:22:28] [DEBUG] --- wwProject System Start ---
[2026-07-05 16:22:28] [DEBUG] Router::Router() /jemini/wwProjectV1.34/Develop/Console/ServerBridgeAction/
[2026-07-05 16:22:28] [DEBUG] Attempting to load: \Develop\Controllers\ConsoleController::ServerBridgeAction
[2026-07-05 16:22:28] [DEBUG] Router: Executing \Develop\Controllers\ConsoleController->ServerBridgeAction
[2026-07-05 16:22:28] [DEBUG] ConsoleController::ServerBridge() start...
[2026-07-05 16:22:28] [DEBUG] ConsoleController::ServerBridge() \Develop\Controllers\PartsDefinitionController::editPartsAction()
[2026-07-05 16:22:28] [DEBUG] PartsDefinitionController::editPartsAction() start...
[2026-07-05 16:22:28] [DEBUG] PartsDefinitionModel::getAllPartsList() start... Project ID: PRJ-D45FEF
[2026-07-05 16:22:28] [DEBUG] PartsDefinitionModel::getColumnsByTableId() start... Input: developers
[2026-07-05 16:22:28] [DEBUG] 逆引き成功: 物理名 developers -> table_id : 6
[2026-07-05 16:22:28] [DEBUG] PartsDefinitionModel::getColumnsByTableId() finish. 件数: 9
[2026-07-05 16:22:28] [DEBUG] PartsDefinitionModel::getTableStructure() start... Project ID: PRJ-D45FEF
[2026-07-05 16:22:28] [DEBUG] Screen::updateAreaE() [iframe起動版] path: \Develop\Views\AreaE\PartsDefinition\RegistParts.view start...
[2026-07-05 16:22:28] [DEBUG] Screen::getContents() start...
[2026-07-05 16:22:28] [DEBUG] Screen::getContents() finish.
[2026-07-05 16:22:28] [DEBUG] Screen::updateAreaE() finish.
[2026-07-05 16:22:28] [DEBUG] PartsDefinitionController::editPartsAction() end.
[2026-07-05 16:22:28] [DEBUG] Screen::areaView() start...
[2026-07-05 16:22:28] [DEBUG] Screen::areaView() finish.
[2026-07-05 16:22:29] [DEBUG] --- wwProject System Start ---
[2026-07-05 16:22:29] [DEBUG] Router::Router() /jemini/wwProjectV1.34/Develop/Console/ServerBridgeAction/
[2026-07-05 16:22:29] [DEBUG] Attempting to load: \Develop\Controllers\ConsoleController::ServerBridgeAction
[2026-07-05 16:22:29] [DEBUG] Router: Executing \Develop\Controllers\ConsoleController->ServerBridgeAction
[2026-07-05 16:22:29] [DEBUG] ConsoleController::ServerBridge() start...
[2026-07-05 16:22:29] [DEBUG] ConsoleController::ServerBridge() \Develop\Controllers\PartsDefinitionController::editPartsAction()
[2026-07-05 16:22:29] [DEBUG] PartsDefinitionController::editPartsAction() start...
[2026-07-05 16:22:29] [DEBUG] PartsDefinitionModel::getAllPartsList() start... Project ID: PRJ-D45FEF
[2026-07-05 16:22:29] [DEBUG] PartsDefinitionModel::getColumnsByTableId() start... Input: developers
[2026-07-05 16:22:29] [DEBUG] 逆引き成功: 物理名 developers -> table_id : 6
[2026-07-05 16:22:29] [DEBUG] PartsDefinitionModel::getColumnsByTableId() finish. 件数: 9
[2026-07-05 16:22:29] [DEBUG] PartsDefinitionModel::getTableStructure() start... Project ID: PRJ-D45FEF
[2026-07-05 16:22:29] [DEBUG] Screen::updateAreaE() [iframe起動版] path: \Develop\Views\AreaE\PartsDefinition\RegistParts.view start...
[2026-07-05 16:22:29] [DEBUG] Screen::getContents() start...
[2026-07-05 16:22:29] [DEBUG] Screen::getContents() finish.
[2026-07-05 16:22:29] [DEBUG] Screen::updateAreaE() finish.
[2026-07-05 16:22:29] [DEBUG] PartsDefinitionController::editPartsAction() end.
[2026-07-05 16:22:29] [DEBUG] Screen::areaView() start...
[2026-07-05 16:22:29] [DEBUG] Screen::areaView() finish.
[2026-07-05 16:22:30] [DEBUG] --- wwProject System Start ---
[2026-07-05 16:22:30] [DEBUG] Router::Router() /jemini/wwProjectV1.34/Develop/Console/ServerBridgeAction/
[2026-07-05 16:22:30] [DEBUG] Attempting to load: \Develop\Controllers\ConsoleController::ServerBridgeAction
[2026-07-05 16:22:30] [DEBUG] Router: Executing \Develop\Controllers\ConsoleController->ServerBridgeAction
[2026-07-05 16:22:30] [DEBUG] ConsoleController::ServerBridge() start...
[2026-07-05 16:22:30] [DEBUG] ConsoleController::ServerBridge() \Develop\Controllers\PartsDefinitionController::editPartsAction()
[2026-07-05 16:22:30] [DEBUG] PartsDefinitionController::editPartsAction() start...
[2026-07-05 16:22:30] [DEBUG] PartsDefinitionModel::getAllPartsList() start... Project ID: PRJ-D45FEF
[2026-07-05 16:22:30] [DEBUG] PartsDefinitionModel::getColumnsByTableId() start... Input: developers
[2026-07-05 16:22:30] [DEBUG] 逆引き成功: 物理名 developers -> table_id : 6
[2026-07-05 16:22:30] [DEBUG] PartsDefinitionModel::getColumnsByTableId() finish. 件数: 9
[2026-07-05 16:22:30] [DEBUG] PartsDefinitionModel::getTableStructure() start... Project ID: PRJ-D45FEF
[2026-07-05 16:22:30] [DEBUG] Screen::updateAreaE() [iframe起動版] path: \Develop\Views\AreaE\PartsDefinition\RegistParts.view start...
[2026-07-05 16:22:30] [DEBUG] Screen::getContents() start...
[2026-07-05 16:22:30] [DEBUG] Screen::getContents() finish.
[2026-07-05 16:22:30] [DEBUG] Screen::updateAreaE() finish.
[2026-07-05 16:22:30] [DEBUG] PartsDefinitionController::editPartsAction() end.
[2026-07-05 16:22:30] [DEBUG] Screen::areaView() start...
[2026-07-05 16:22:30] [DEBUG] Screen::areaView() finish.
[2026-07-05 16:22:31] [DEBUG] --- wwProject System Start ---
[2026-07-05 16:22:31] [DEBUG] Router::Router() /jemini/wwProjectV1.34/Develop/Console/ServerBridgeAction/
[2026-07-05 16:22:31] [DEBUG] Attempting to load: \Develop\Controllers\ConsoleController::ServerBridgeAction
[2026-07-05 16:22:31] [DEBUG] Router: Executing \Develop\Controllers\ConsoleController->ServerBridgeAction
[2026-07-05 16:22:31] [DEBUG] ConsoleController::ServerBridge() start...
[2026-07-05 16:22:31] [DEBUG] ConsoleController::ServerBridge() \Develop\Controllers\PartsDefinitionController::InitialAction()
[2026-07-05 16:22:31] [DEBUG] DBDefinitionController::initialAction() start...
[2026-07-05 16:22:31] [DEBUG] PartsDefinitionController::initialAction() projectId : PRJ-D45FEF
[2026-07-05 16:22:31] [DEBUG] PartsDefinitionModel::getAllPartsList() start... Project ID: PRJ-D45FEF
[2026-07-05 16:22:31] [DEBUG] Screen::updateAreaD() path: \Develop\Views\AreaD\PartsDefinition\PartsDefinitionList.view start...
[2026-07-05 16:22:31] [DEBUG] Screen::getContents() start...
[2026-07-05 16:22:31] [DEBUG] Screen::getContents() finish.
[2026-07-05 16:22:31] [DEBUG] Screen::updateAreaD() finish.
[2026-07-05 16:22:31] [DEBUG] Screen::updateAreaE() [iframe起動版] path: \Develop\Views\AreaE\Area_E_clear.view start...
[2026-07-05 16:22:31] [DEBUG] Screen::getContents() start...
[2026-07-05 16:22:31] [DEBUG] Screen::getContents() finish.
[2026-07-05 16:22:31] [DEBUG] Screen::updateAreaE() finish.
[2026-07-05 16:22:31] [DEBUG] DBDefinitionController::initialAction() end.
[2026-07-05 16:22:31] [DEBUG] Screen::areaView() start...
[2026-07-05 16:22:31] [DEBUG] Screen::areaView() finish.
[2026-07-05 16:22:33] [DEBUG] --- wwProject System Start ---
[2026-07-05 16:22:33] [DEBUG] Router::Router() /jemini/wwProjectV1.34/Develop/Console/ServerBridgeAction/
[2026-07-05 16:22:33] [DEBUG] Attempting to load: \Develop\Controllers\ConsoleController::ServerBridgeAction
[2026-07-05 16:22:33] [DEBUG] Router: Executing \Develop\Controllers\ConsoleController->ServerBridgeAction
[2026-07-05 16:22:33] [DEBUG] ConsoleController::ServerBridge() start...
[2026-07-05 16:22:33] [DEBUG] ConsoleController::ServerBridge() \Develop\Controllers\PartsDefinitionController::editPartsAction()
[2026-07-05 16:22:33] [DEBUG] PartsDefinitionController::editPartsAction() start...
[2026-07-05 16:22:33] [DEBUG] PartsDefinitionModel::getAllPartsList() start... Project ID: PRJ-D45FEF
[2026-07-05 16:22:33] [DEBUG] PartsDefinitionModel::getColumnsByTableId() start... Input: developers
[2026-07-05 16:22:33] [DEBUG] 逆引き成功: 物理名 developers -> table_id : 6
[2026-07-05 16:22:33] [DEBUG] PartsDefinitionModel::getColumnsByTableId() finish. 件数: 9
[2026-07-05 16:22:33] [DEBUG] PartsDefinitionModel::getTableStructure() start... Project ID: PRJ-D45FEF
[2026-07-05 16:22:33] [DEBUG] Screen::updateAreaE() [iframe起動版] path: \Develop\Views\AreaE\PartsDefinition\RegistParts.view start...
[2026-07-05 16:22:33] [DEBUG] Screen::getContents() start...
[2026-07-05 16:22:33] [DEBUG] Screen::getContents() finish.
[2026-07-05 16:22:33] [DEBUG] Screen::updateAreaE() finish.
[2026-07-05 16:22:33] [DEBUG] PartsDefinitionController::editPartsAction() end.
[2026-07-05 16:22:33] [DEBUG] Screen::areaView() start...
[2026-07-05 16:22:33] [DEBUG] Screen::areaView() finish.
[2026-07-05 16:22:35] [DEBUG] --- wwProject System Start ---
[2026-07-05 16:22:35] [DEBUG] Router::Router() /jemini/wwProjectV1.34/Develop/Console/initial/
[2026-07-05 16:22:35] [DEBUG] Attempting to load: \Develop\Controllers\ConsoleController::initialAction
[2026-07-05 16:22:35] [DEBUG] Router: Executing \Develop\Controllers\ConsoleController->initialAction
[2026-07-05 16:22:35] [DEBUG] Console::initialAction() start...
[2026-07-05 16:22:35] [DEBUG] Screen::view() path: \Develop\Views\Console\Console.view start...
[2026-07-05 16:22:35] [DEBUG] Screen::getContents() start...
[2026-07-05 16:22:35] [DEBUG] Screen::getContents() finish.
[2026-07-05 16:22:35] [DEBUG] Screen::view() path: \Develop\Views\Console\Console.view finish.
[2026-07-05 16:22:35] [DEBUG] ConsoleController::initialAction() finish.
[2026-07-05 16:22:36] [DEBUG] --- wwProject System Start ---
[2026-07-05 16:22:36] [DEBUG] Router::Router() /jemini/wwProjectV1.34/Develop/Console/ServerBridgeAction/
[2026-07-05 16:22:36] [DEBUG] Attempting to load: \Develop\Controllers\ConsoleController::ServerBridgeAction
[2026-07-05 16:22:36] [DEBUG] Router: Executing \Develop\Controllers\ConsoleController->ServerBridgeAction
[2026-07-05 16:22:36] [DEBUG] ConsoleController::ServerBridge() start...
[2026-07-05 16:22:36] [DEBUG] ConsoleController::ServerBridge() \Develop\Controllers\ConsoleController::areaInitialAction()
[2026-07-05 16:22:36] [DEBUG] ConsoleController::AreaInitialAction() start...
[2026-07-05 16:22:36] [DEBUG] Screen::updateAreaA() path: \Develop\Views\AreaA\Area_A.view start...
[2026-07-05 16:22:36] [DEBUG] Screen::areaView() sending JSON: ["areas"]
[2026-07-05 16:22:36] [DEBUG] Screen::getContents() start...
[2026-07-05 16:22:36] [DEBUG] Screen::getContents() finish.
[2026-07-05 16:22:36] [DEBUG] Screen::updateAreaA() finish.
[2026-07-05 16:22:36] [DEBUG] Screen::updateAreaB() path: \Develop\Views\AreaB\Area_B.view start...
[2026-07-05 16:22:36] [DEBUG] Screen::getContents() start...
[2026-07-05 16:22:36] [DEBUG] Screen::getContents() finish.
[2026-07-05 16:22:36] [DEBUG] Screen::updateAreaB() finish.
[2026-07-05 16:22:36] [DEBUG] Screen::updateAreaD() path: \Develop\Views\AreaD\Area_D_clear.view start...
[2026-07-05 16:22:36] [DEBUG] Screen::getContents() start...
[2026-07-05 16:22:36] [DEBUG] Screen::getContents() finish.
[2026-07-05 16:22:36] [DEBUG] Screen::updateAreaD() finish.
[2026-07-05 16:22:36] [DEBUG] Screen::updateAreaE() [iframe起動版] path: \Develop\Views\AreaE\Area_E_clear.view start...
[2026-07-05 16:22:36] [DEBUG] Screen::getContents() start...
[2026-07-05 16:22:36] [DEBUG] Screen::getContents() finish.
[2026-07-05 16:22:36] [DEBUG] Screen::updateAreaE() finish.
[2026-07-05 16:22:36] [DEBUG] Screen::updateAreaF() path: \Develop\Views\AreaF\Area_F.view start...
[2026-07-05 16:22:36] [DEBUG] Screen::getContents() start...
[2026-07-05 16:22:36] [DEBUG] Screen::getContents() finish.
[2026-07-05 16:22:36] [DEBUG] Screen::updateAreaF() finish.
[2026-07-05 16:22:36] [DEBUG] ProjectController::startProjectNabi() start...
[2026-07-05 16:22:36] [DEBUG] ProjectController::getProjectListHtml() start...
[2026-07-05 16:22:36] [DEBUG] ProjectModel::getProjectList() start...
[2026-07-05 16:22:36] [DEBUG] ProjectModel::getProjectList() finish.
[2026-07-05 16:22:36] [DEBUG] CodeMasterModel：：getCodesByGroup() start...
[2026-07-05 16:22:36] [DEBUG] CodeMasterModel：：getCodesByGroup() finish.
[2026-07-05 16:22:36] [DEBUG] ProjectController::getNaviFooterHtml() start...
[2026-07-05 16:22:36] [DEBUG] ProjectController::getNaviFooterHtml() finish.
[2026-07-05 16:22:36] [DEBUG] ProjectController::startProjectNabi() finish.
[2026-07-05 16:22:36] [DEBUG] Screen::updateAreaC() \Develop\Views\AreaC\Area_C.view start...
[2026-07-05 16:22:36] [DEBUG] Screen::getContents() start...
[2026-07-05 16:22:36] [DEBUG] Screen::getContents() finish.
[2026-07-05 16:22:36] [DEBUG] Screen::updateAreaC() finish.
[2026-07-05 16:22:36] [DEBUG] ConsoleController::AreaInitialAction() finish.
[2026-07-05 16:22:36] [DEBUG] Screen::areaView() start...
[2026-07-05 16:22:36] [DEBUG] Screen::areaView() finish.
[2026-07-05 16:22:38] [DEBUG] --- wwProject System Start ---
[2026-07-05 16:22:38] [DEBUG] Router::Router() /jemini/wwProjectV1.34/Develop/Console/ServerBridgeAction/
[2026-07-05 16:22:38] [DEBUG] Attempting to load: \Develop\Controllers\ConsoleController::ServerBridgeAction
[2026-07-05 16:22:38] [DEBUG] Router: Executing \Develop\Controllers\ConsoleController->ServerBridgeAction
[2026-07-05 16:22:38] [DEBUG] ConsoleController::ServerBridge() start...
[2026-07-05 16:22:38] [DEBUG] ConsoleController::ServerBridge() \Develop\Controllers\PartsDefinitionController::InitialAction()
[2026-07-05 16:22:38] [DEBUG] DBDefinitionController::initialAction() start...
[2026-07-05 16:22:38] [DEBUG] PartsDefinitionController::initialAction() projectId : PRJ-D45FEF
[2026-07-05 16:22:38] [DEBUG] PartsDefinitionModel::getAllPartsList() start... Project ID: PRJ-D45FEF
[2026-07-05 16:22:38] [DEBUG] Screen::updateAreaD() path: \Develop\Views\AreaD\PartsDefinition\PartsDefinitionList.view start...
[2026-07-05 16:22:38] [DEBUG] Screen::getContents() start...
[2026-07-05 16:22:38] [DEBUG] Screen::getContents() finish.
[2026-07-05 16:22:38] [DEBUG] Screen::updateAreaD() finish.
[2026-07-05 16:22:38] [DEBUG] Screen::updateAreaE() [iframe起動版] path: \Develop\Views\AreaE\Area_E_clear.view start...
[2026-07-05 16:22:38] [DEBUG] Screen::getContents() start...
[2026-07-05 16:22:38] [DEBUG] Screen::getContents() finish.
[2026-07-05 16:22:38] [DEBUG] Screen::updateAreaE() finish.
[2026-07-05 16:22:38] [DEBUG] DBDefinitionController::initialAction() end.
[2026-07-05 16:22:38] [DEBUG] Screen::areaView() start...
[2026-07-05 16:22:38] [DEBUG] Screen::areaView() finish.
[2026-07-05 16:22:40] [DEBUG] --- wwProject System Start ---
[2026-07-05 16:22:40] [DEBUG] Router::Router() /jemini/wwProjectV1.34/Develop/Console/ServerBridgeAction/
[2026-07-05 16:22:40] [DEBUG] Attempting to load: \Develop\Controllers\ConsoleController::ServerBridgeAction
[2026-07-05 16:22:40] [DEBUG] Router: Executing \Develop\Controllers\ConsoleController->ServerBridgeAction
[2026-07-05 16:22:40] [DEBUG] ConsoleController::ServerBridge() start...
[2026-07-05 16:22:40] [DEBUG] ConsoleController::ServerBridge() \Develop\Controllers\PartsDefinitionController::editPartsAction()
[2026-07-05 16:22:40] [DEBUG] PartsDefinitionController::editPartsAction() start...
[2026-07-05 16:22:40] [DEBUG] PartsDefinitionModel::getAllPartsList() start... Project ID: PRJ-D45FEF
[2026-07-05 16:22:40] [DEBUG] PartsDefinitionModel::getColumnsByTableId() start... Input: developers
[2026-07-05 16:22:40] [DEBUG] 逆引き成功: 物理名 developers -> table_id : 6
[2026-07-05 16:22:40] [DEBUG] PartsDefinitionModel::getColumnsByTableId() finish. 件数: 9
[2026-07-05 16:22:40] [DEBUG] PartsDefinitionModel::getTableStructure() start... Project ID: PRJ-D45FEF
[2026-07-05 16:22:40] [DEBUG] Screen::updateAreaE() [iframe起動版] path: \Develop\Views\AreaE\PartsDefinition\RegistParts.view start...
[2026-07-05 16:22:40] [DEBUG] Screen::getContents() start...
[2026-07-05 16:22:40] [DEBUG] Screen::getContents() finish.
[2026-07-05 16:22:40] [DEBUG] Screen::updateAreaE() finish.
[2026-07-05 16:22:40] [DEBUG] PartsDefinitionController::editPartsAction() end.
[2026-07-05 16:22:40] [DEBUG] Screen::areaView() start...
[2026-07-05 16:22:40] [DEBUG] Screen::areaView() finish.
[2026-07-05 16:22:41] [DEBUG] --- wwProject System Start ---
[2026-07-05 16:22:41] [DEBUG] Router::Router() /jemini/wwProjectV1.34/Develop/Console/ServerBridgeAction/
[2026-07-05 16:22:41] [DEBUG] Attempting to load: \Develop\Controllers\ConsoleController::ServerBridgeAction
[2026-07-05 16:22:41] [DEBUG] Router: Executing \Develop\Controllers\ConsoleController->ServerBridgeAction
[2026-07-05 16:22:41] [DEBUG] ConsoleController::ServerBridge() start...
[2026-07-05 16:22:41] [DEBUG] ConsoleController::ServerBridge() \Develop\Controllers\PartsDefinitionController::editPartsAction()
[2026-07-05 16:22:41] [DEBUG] PartsDefinitionController::editPartsAction() start...
[2026-07-05 16:22:41] [DEBUG] PartsDefinitionModel::getAllPartsList() start... Project ID: PRJ-D45FEF
[2026-07-05 16:22:41] [DEBUG] PartsDefinitionModel::getColumnsByTableId() start... Input: developers
[2026-07-05 16:22:41] [DEBUG] 逆引き成功: 物理名 developers -> table_id : 6
[2026-07-05 16:22:41] [DEBUG] PartsDefinitionModel::getColumnsByTableId() finish. 件数: 9
[2026-07-05 16:22:41] [DEBUG] PartsDefinitionModel::getTableStructure() start... Project ID: PRJ-D45FEF
[2026-07-05 16:22:41] [DEBUG] Screen::updateAreaE() [iframe起動版] path: \Develop\Views\AreaE\PartsDefinition\RegistParts.view start...
[2026-07-05 16:22:41] [DEBUG] Screen::getContents() start...
[2026-07-05 16:22:41] [DEBUG] Screen::getContents() finish.
[2026-07-05 16:22:41] [DEBUG] Screen::updateAreaE() finish.
[2026-07-05 16:22:41] [DEBUG] PartsDefinitionController::editPartsAction() end.
[2026-07-05 16:22:41] [DEBUG] Screen::areaView() start...
[2026-07-05 16:22:41] [DEBUG] Screen::areaView() finish.
[2026-07-05 16:22:42] [DEBUG] --- wwProject System Start ---
[2026-07-05 16:22:42] [DEBUG] Router::Router() /jemini/wwProjectV1.34/Develop/Console/ServerBridgeAction/
[2026-07-05 16:22:42] [DEBUG] Attempting to load: \Develop\Controllers\ConsoleController::ServerBridgeAction
[2026-07-05 16:22:42] [DEBUG] Router: Executing \Develop\Controllers\ConsoleController->ServerBridgeAction
[2026-07-05 16:22:42] [DEBUG] ConsoleController::ServerBridge() start...
[2026-07-05 16:22:42] [DEBUG] ConsoleController::ServerBridge() \Develop\Controllers\PartsDefinitionController::editPartsAction()
[2026-07-05 16:22:42] [DEBUG] PartsDefinitionController::editPartsAction() start...
[2026-07-05 16:22:42] [DEBUG] PartsDefinitionModel::getAllPartsList() start... Project ID: PRJ-D45FEF
[2026-07-05 16:22:42] [DEBUG] PartsDefinitionModel::getColumnsByTableId() start... Input: developers
[2026-07-05 16:22:42] [DEBUG] 逆引き成功: 物理名 developers -> table_id : 6
[2026-07-05 16:22:42] [DEBUG] PartsDefinitionModel::getColumnsByTableId() finish. 件数: 9
[2026-07-05 16:22:42] [DEBUG] PartsDefinitionModel::getTableStructure() start... Project ID: PRJ-D45FEF
[2026-07-05 16:22:42] [DEBUG] Screen::updateAreaE() [iframe起動版] path: \Develop\Views\AreaE\PartsDefinition\RegistParts.view start...
[2026-07-05 16:22:42] [DEBUG] Screen::getContents() start...
[2026-07-05 16:22:42] [DEBUG] Screen::getContents() finish.
[2026-07-05 16:22:42] [DEBUG] Screen::updateAreaE() finish.
[2026-07-05 16:22:42] [DEBUG] PartsDefinitionController::editPartsAction() end.
[2026-07-05 16:22:42] [DEBUG] Screen::areaView() start...
[2026-07-05 16:22:42] [DEBUG] Screen::areaView() finish.
[2026-07-05 16:22:43] [DEBUG] --- wwProject System Start ---
[2026-07-05 16:22:43] [DEBUG] Router::Router() /jemini/wwProjectV1.34/Develop/Console/ServerBridgeAction/
[2026-07-05 16:22:43] [DEBUG] Attempting to load: \Develop\Controllers\ConsoleController::ServerBridgeAction
[2026-07-05 16:22:43] [DEBUG] Router: Executing \Develop\Controllers\ConsoleController->ServerBridgeAction
[2026-07-05 16:22:43] [DEBUG] ConsoleController::ServerBridge() start...
[2026-07-05 16:22:43] [DEBUG] ConsoleController::ServerBridge() \Develop\Controllers\PartsDefinitionController::editPartsAction()
[2026-07-05 16:22:43] [DEBUG] PartsDefinitionController::editPartsAction() start...
[2026-07-05 16:22:43] [DEBUG] PartsDefinitionModel::getAllPartsList() start... Project ID: PRJ-D45FEF
[2026-07-05 16:22:43] [DEBUG] PartsDefinitionModel::getColumnsByTableId() start... Input: developers
[2026-07-05 16:22:43] [DEBUG] 逆引き成功: 物理名 developers -> table_id : 6
[2026-07-05 16:22:43] [DEBUG] PartsDefinitionModel::getColumnsByTableId() finish. 件数: 9
[2026-07-05 16:22:43] [DEBUG] PartsDefinitionModel::getTableStructure() start... Project ID: PRJ-D45FEF
[2026-07-05 16:22:43] [DEBUG] Screen::updateAreaE() [iframe起動版] path: \Develop\Views\AreaE\PartsDefinition\RegistParts.view start...
[2026-07-05 16:22:43] [DEBUG] Screen::getContents() start...
[2026-07-05 16:22:43] [DEBUG] Screen::getContents() finish.
[2026-07-05 16:22:43] [DEBUG] Screen::updateAreaE() finish.
[2026-07-05 16:22:43] [DEBUG] PartsDefinitionController::editPartsAction() end.
[2026-07-05 16:22:43] [DEBUG] Screen::areaView() start...
[2026-07-05 16:22:43] [DEBUG] Screen::areaView() finish.
[2026-07-05 16:22:44] [DEBUG] --- wwProject System Start ---
[2026-07-05 16:22:44] [DEBUG] Router::Router() /jemini/wwProjectV1.34/Develop/Console/ServerBridgeAction/
[2026-07-05 16:22:44] [DEBUG] Attempting to load: \Develop\Controllers\ConsoleController::ServerBridgeAction
[2026-07-05 16:22:44] [DEBUG] Router: Executing \Develop\Controllers\ConsoleController->ServerBridgeAction
[2026-07-05 16:22:44] [DEBUG] ConsoleController::ServerBridge() start...
[2026-07-05 16:22:44] [DEBUG] ConsoleController::ServerBridge() \Develop\Controllers\PartsDefinitionController::editPartsAction()
[2026-07-05 16:22:44] [DEBUG] PartsDefinitionController::editPartsAction() start...
[2026-07-05 16:22:44] [DEBUG] PartsDefinitionModel::getAllPartsList() start... Project ID: PRJ-D45FEF
[2026-07-05 16:22:44] [DEBUG] PartsDefinitionModel::getTableStructure() start... Project ID: PRJ-D45FEF
[2026-07-05 16:22:44] [DEBUG] Screen::updateAreaE() [iframe起動版] path: \Develop\Views\AreaE\PartsDefinition\RegistParts.view start...
[2026-07-05 16:22:44] [DEBUG] Screen::getContents() start...
[2026-07-05 16:22:44] [DEBUG] Screen::getContents() finish.
[2026-07-05 16:22:44] [DEBUG] Screen::updateAreaE() finish.
[2026-07-05 16:22:44] [DEBUG] PartsDefinitionController::editPartsAction() end.
[2026-07-05 16:22:44] [DEBUG] Screen::areaView() start...
[2026-07-05 16:22:44] [DEBUG] Screen::areaView() finish.
[2026-07-05 16:22:45] [DEBUG] --- wwProject System Start ---
[2026-07-05 16:22:45] [DEBUG] Router::Router() /jemini/wwProjectV1.34/Develop/Console/ServerBridgeAction/
[2026-07-05 16:22:45] [DEBUG] Attempting to load: \Develop\Controllers\ConsoleController::ServerBridgeAction
[2026-07-05 16:22:45] [DEBUG] Router: Executing \Develop\Controllers\ConsoleController->ServerBridgeAction
[2026-07-05 16:22:45] [DEBUG] ConsoleController::ServerBridge() start...
[2026-07-05 16:22:45] [DEBUG] ConsoleController::ServerBridge() \Develop\Controllers\PartsDefinitionController::editPartsAction()
[2026-07-05 16:22:45] [DEBUG] PartsDefinitionController::editPartsAction() start...
[2026-07-05 16:22:45] [DEBUG] PartsDefinitionModel::getAllPartsList() start... Project ID: PRJ-D45FEF
[2026-07-05 16:22:45] [DEBUG] PartsDefinitionModel::getTableStructure() start... Project ID: PRJ-D45FEF
[2026-07-05 16:22:45] [DEBUG] Screen::updateAreaE() [iframe起動版] path: \Develop\Views\AreaE\PartsDefinition\RegistParts.view start...
[2026-07-05 16:22:45] [DEBUG] Screen::getContents() start...
[2026-07-05 16:22:45] [DEBUG] Screen::getContents() finish.
[2026-07-05 16:22:45] [DEBUG] Screen::updateAreaE() finish.
[2026-07-05 16:22:45] [DEBUG] PartsDefinitionController::editPartsAction() end.
[2026-07-05 16:22:45] [DEBUG] Screen::areaView() start...
[2026-07-05 16:22:45] [DEBUG] Screen::areaView() finish.
[2026-07-05 16:22:45] [DEBUG] --- wwProject System Start ---
[2026-07-05 16:22:45] [DEBUG] Router::Router() /jemini/wwProjectV1.34/Develop/Console/ServerBridgeAction/
[2026-07-05 16:22:45] [DEBUG] Attempting to load: \Develop\Controllers\ConsoleController::ServerBridgeAction
[2026-07-05 16:22:45] [DEBUG] Router: Executing \Develop\Controllers\ConsoleController->ServerBridgeAction
[2026-07-05 16:22:45] [DEBUG] ConsoleController::ServerBridge() start...
[2026-07-05 16:22:45] [DEBUG] ConsoleController::ServerBridge() \Develop\Controllers\PartsDefinitionController::editPartsAction()
[2026-07-05 16:22:45] [DEBUG] PartsDefinitionController::editPartsAction() start...
[2026-07-05 16:22:45] [DEBUG] PartsDefinitionModel::getAllPartsList() start... Project ID: PRJ-D45FEF
[2026-07-05 16:22:45] [DEBUG] PartsDefinitionModel::getTableStructure() start... Project ID: PRJ-D45FEF
[2026-07-05 16:22:45] [DEBUG] Screen::updateAreaE() [iframe起動版] path: \Develop\Views\AreaE\PartsDefinition\RegistParts.view start...
[2026-07-05 16:22:45] [DEBUG] Screen::getContents() start...
[2026-07-05 16:22:45] [DEBUG] Screen::getContents() finish.
[2026-07-05 16:22:45] [DEBUG] Screen::updateAreaE() finish.
[2026-07-05 16:22:45] [DEBUG] PartsDefinitionController::editPartsAction() end.
[2026-07-05 16:22:45] [DEBUG] Screen::areaView() start...
[2026-07-05 16:22:45] [DEBUG] Screen::areaView() finish.
[2026-07-05 16:22:47] [DEBUG] --- wwProject System Start ---
[2026-07-05 16:22:47] [DEBUG] Router::Router() /jemini/wwProjectV1.34/Develop/Console/ServerBridgeAction/
[2026-07-05 16:22:47] [DEBUG] Attempting to load: \Develop\Controllers\ConsoleController::ServerBridgeAction
[2026-07-05 16:22:47] [DEBUG] Router: Executing \Develop\Controllers\ConsoleController->ServerBridgeAction
[2026-07-05 16:22:47] [DEBUG] ConsoleController::ServerBridge() start...
[2026-07-05 16:22:47] [DEBUG] ConsoleController::ServerBridge() \Develop\Controllers\PartsDefinitionController::editPartsAction()
[2026-07-05 16:22:47] [DEBUG] PartsDefinitionController::editPartsAction() start...
[2026-07-05 16:22:47] [DEBUG] PartsDefinitionModel::getAllPartsList() start... Project ID: PRJ-D45FEF
[2026-07-05 16:22:47] [DEBUG] PartsDefinitionModel::getTableStructure() start... Project ID: PRJ-D45FEF
[2026-07-05 16:22:47] [DEBUG] Screen::updateAreaE() [iframe起動版] path: \Develop\Views\AreaE\PartsDefinition\RegistParts.view start...
[2026-07-05 16:22:47] [DEBUG] Screen::getContents() start...
[2026-07-05 16:22:47] [DEBUG] Screen::getContents() finish.
[2026-07-05 16:22:47] [DEBUG] Screen::updateAreaE() finish.
[2026-07-05 16:22:47] [DEBUG] PartsDefinitionController::editPartsAction() end.
[2026-07-05 16:22:47] [DEBUG] Screen::areaView() start...
[2026-07-05 16:22:47] [DEBUG] Screen::areaView() finish.
[2026-07-05 16:26:42] [DEBUG] --- wwProject System Start ---
[2026-07-05 16:26:42] [DEBUG] Router::Router() /jemini/wwProjectV1.34/Develop/Console/ServerBridgeAction/
[2026-07-05 16:26:42] [DEBUG] Attempting to load: \Develop\Controllers\ConsoleController::ServerBridgeAction
[2026-07-05 16:26:42] [DEBUG] Router: Executing \Develop\Controllers\ConsoleController->ServerBridgeAction
[2026-07-05 16:26:42] [DEBUG] ConsoleController::ServerBridge() start...
[2026-07-05 16:26:42] [DEBUG] ConsoleController::ServerBridge() \Develop\Controllers\ProjectController::projectSelectAction()
[2026-07-05 16:26:42] [DEBUG] ProjectController::projectSelectAction() start...
[2026-07-05 16:26:42] [DEBUG] ProjectController::projectSelectAction() ☆★☆　申込フォーム設定
[2026-07-05 16:26:42] [DEBUG] Screen::updateAreaB() path: \Develop\Views\AreaB\Area_B.view start...
[2026-07-05 16:26:42] [DEBUG] Screen::getContents() start...
[2026-07-05 16:26:42] [DEBUG] Screen::getContents() finish.
[2026-07-05 16:26:42] [DEBUG] Screen::updateAreaB() finish.
[2026-07-05 16:26:42] [DEBUG] ProjectController::projectSelectAction() PRJ-WW2024 : PRJ-WW2024
[2026-07-05 16:26:42] [DEBUG] ProjectController::getProjectListHtml() start...
[2026-07-05 16:26:42] [DEBUG] ProjectModel::getProjectList() start...
[2026-07-05 16:26:42] [DEBUG] ProjectModel::getProjectList() finish.
[2026-07-05 16:26:42] [DEBUG] CodeMasterModel：：getCodesByGroup() start...
[2026-07-05 16:26:42] [DEBUG] CodeMasterModel：：getCodesByGroup() finish.
[2026-07-05 16:26:42] [DEBUG] ProjectController::getNaviFooterHtml() start...
[2026-07-05 16:26:42] [DEBUG] ProjectController::getNaviFooterHtml() finish.
[2026-07-05 16:26:42] [DEBUG] Screen::updateAreaC() \Develop\Views\AreaC\Area_C.view start...
[2026-07-05 16:26:42] [DEBUG] Screen::getContents() start...
[2026-07-05 16:26:42] [DEBUG] Screen::getContents() finish.
[2026-07-05 16:26:42] [DEBUG] Screen::updateAreaC() finish.
[2026-07-05 16:26:42] [DEBUG] Screen::updateAreaD() path: \Develop\Views\AreaD\Area_D_clear.view start...
[2026-07-05 16:26:42] [DEBUG] Screen::getContents() start...
[2026-07-05 16:26:42] [DEBUG] Screen::getContents() finish.
[2026-07-05 16:26:42] [DEBUG] Screen::updateAreaD() finish.
[2026-07-05 16:26:42] [DEBUG] Screen::updateAreaE() [iframe起動版] path: \Develop\Views\AreaE\Area_E_clear.view start...
[2026-07-05 16:26:42] [DEBUG] Screen::getContents() start...
[2026-07-05 16:26:42] [DEBUG] Screen::getContents() finish.
[2026-07-05 16:26:42] [DEBUG] Screen::updateAreaE() finish.
[2026-07-05 16:26:42] [DEBUG] ProjectController::projectSelectAction() finish.
[2026-07-05 16:26:42] [DEBUG] Screen::areaView() start...
[2026-07-05 16:26:42] [DEBUG] Screen::areaView() finish.
[2026-07-05 16:26:44] [DEBUG] --- wwProject System Start ---
[2026-07-05 16:26:44] [DEBUG] Router::Router() /jemini/wwProjectV1.34/Develop/Console/ServerBridgeAction/
[2026-07-05 16:26:44] [DEBUG] Attempting to load: \Develop\Controllers\ConsoleController::ServerBridgeAction
[2026-07-05 16:26:44] [DEBUG] Router: Executing \Develop\Controllers\ConsoleController->ServerBridgeAction
[2026-07-05 16:26:44] [DEBUG] ConsoleController::ServerBridge() start...
[2026-07-05 16:26:44] [DEBUG] ConsoleController::ServerBridge() \Develop\Controllers\PartsDefinitionController::InitialAction()
[2026-07-05 16:26:44] [DEBUG] DBDefinitionController::initialAction() start...
[2026-07-05 16:26:44] [DEBUG] PartsDefinitionController::initialAction() projectId : PRJ-WW2024
[2026-07-05 16:26:44] [DEBUG] PartsDefinitionModel::getAllPartsList() start... Project ID: PRJ-WW2024
[2026-07-05 16:26:44] [DEBUG] Screen::updateAreaD() path: \Develop\Views\AreaD\PartsDefinition\PartsDefinitionList.view start...
[2026-07-05 16:26:44] [DEBUG] Screen::getContents() start...
[2026-07-05 16:26:44] [DEBUG] Screen::getContents() finish.
[2026-07-05 16:26:44] [DEBUG] Screen::updateAreaD() finish.
[2026-07-05 16:26:44] [DEBUG] Screen::updateAreaE() [iframe起動版] path: \Develop\Views\AreaE\Area_E_clear.view start...
[2026-07-05 16:26:44] [DEBUG] Screen::getContents() start...
[2026-07-05 16:26:44] [DEBUG] Screen::getContents() finish.
[2026-07-05 16:26:44] [DEBUG] Screen::updateAreaE() finish.
[2026-07-05 16:26:44] [DEBUG] DBDefinitionController::initialAction() end.
[2026-07-05 16:26:44] [DEBUG] Screen::areaView() start...
[2026-07-05 16:26:44] [DEBUG] Screen::areaView() finish.
[2026-07-05 16:33:53] [DEBUG] --- wwProject System Start ---
[2026-07-05 16:33:53] [DEBUG] Router::Router() /jemini/wwProjectV1.34/Develop/Console/ServerBridgeAction/
[2026-07-05 16:33:53] [DEBUG] Attempting to load: \Develop\Controllers\ConsoleController::ServerBridgeAction
[2026-07-05 16:33:53] [DEBUG] Router: Executing \Develop\Controllers\ConsoleController->ServerBridgeAction
[2026-07-05 16:33:53] [DEBUG] ConsoleController::ServerBridge() start...
[2026-07-05 16:33:53] [DEBUG] ConsoleController::ServerBridge() \Develop\Controllers\ProjectController::projectSelectAction()
[2026-07-05 16:33:53] [DEBUG] ProjectController::projectSelectAction() start...
[2026-07-05 16:33:53] [DEBUG] ProjectController::projectSelectAction() ☆★☆　SampleProject１
[2026-07-05 16:33:53] [DEBUG] Screen::updateAreaB() path: \Develop\Views\AreaB\Area_B.view start...
[2026-07-05 16:33:53] [DEBUG] Screen::getContents() start...
[2026-07-05 16:33:53] [DEBUG] Screen::getContents() finish.
[2026-07-05 16:33:53] [DEBUG] Screen::updateAreaB() finish.
[2026-07-05 16:33:53] [DEBUG] ProjectController::projectSelectAction() PRJ-D45FEF : PRJ-D45FEF
[2026-07-05 16:33:53] [DEBUG] ProjectController::getProjectListHtml() start...
[2026-07-05 16:33:53] [DEBUG] ProjectModel::getProjectList() start...
[2026-07-05 16:33:53] [DEBUG] ProjectModel::getProjectList() finish.
[2026-07-05 16:33:53] [DEBUG] CodeMasterModel：：getCodesByGroup() start...
[2026-07-05 16:33:53] [DEBUG] CodeMasterModel：：getCodesByGroup() finish.
[2026-07-05 16:33:53] [DEBUG] ProjectController::getNaviFooterHtml() start...
[2026-07-05 16:33:53] [DEBUG] ProjectController::getNaviFooterHtml() finish.
[2026-07-05 16:33:53] [DEBUG] Screen::updateAreaC() \Develop\Views\AreaC\Area_C.view start...
[2026-07-05 16:33:53] [DEBUG] Screen::getContents() start...
[2026-07-05 16:33:53] [DEBUG] Screen::getContents() finish.
[2026-07-05 16:33:53] [DEBUG] Screen::updateAreaC() finish.
[2026-07-05 16:33:53] [DEBUG] Screen::updateAreaD() path: \Develop\Views\AreaD\Area_D_clear.view start...
[2026-07-05 16:33:53] [DEBUG] Screen::getContents() start...
[2026-07-05 16:33:53] [DEBUG] Screen::getContents() finish.
[2026-07-05 16:33:53] [DEBUG] Screen::updateAreaD() finish.
[2026-07-05 16:33:53] [DEBUG] Screen::updateAreaE() [iframe起動版] path: \Develop\Views\AreaE\Area_E_clear.view start...
[2026-07-05 16:33:53] [DEBUG] Screen::getContents() start...
[2026-07-05 16:33:53] [DEBUG] Screen::getContents() finish.
[2026-07-05 16:33:53] [DEBUG] Screen::updateAreaE() finish.
[2026-07-05 16:33:53] [DEBUG] ProjectController::projectSelectAction() finish.
[2026-07-05 16:33:53] [DEBUG] Screen::areaView() start...
[2026-07-05 16:33:53] [DEBUG] Screen::areaView() finish.
[2026-07-05 16:33:55] [DEBUG] --- wwProject System Start ---
[2026-07-05 16:33:55] [DEBUG] Router::Router() /jemini/wwProjectV1.34/Develop/Console/ServerBridgeAction/
[2026-07-05 16:33:55] [DEBUG] Attempting to load: \Develop\Controllers\ConsoleController::ServerBridgeAction
[2026-07-05 16:33:55] [DEBUG] Router: Executing \Develop\Controllers\ConsoleController->ServerBridgeAction
[2026-07-05 16:33:55] [DEBUG] ConsoleController::ServerBridge() start...
[2026-07-05 16:33:55] [DEBUG] ConsoleController::ServerBridge() \Develop\Controllers\PartsDefinitionController::InitialAction()
[2026-07-05 16:33:55] [DEBUG] DBDefinitionController::initialAction() start...
[2026-07-05 16:33:55] [DEBUG] PartsDefinitionController::initialAction() projectId : PRJ-D45FEF
[2026-07-05 16:33:55] [DEBUG] PartsDefinitionModel::getAllPartsList() start... Project ID: PRJ-D45FEF
[2026-07-05 16:33:55] [DEBUG] Screen::updateAreaD() path: \Develop\Views\AreaD\PartsDefinition\PartsDefinitionList.view start...
[2026-07-05 16:33:55] [DEBUG] Screen::getContents() start...
[2026-07-05 16:33:55] [DEBUG] Screen::getContents() finish.
[2026-07-05 16:33:55] [DEBUG] Screen::updateAreaD() finish.
[2026-07-05 16:33:55] [DEBUG] Screen::updateAreaE() [iframe起動版] path: \Develop\Views\AreaE\Area_E_clear.view start...
[2026-07-05 16:33:55] [DEBUG] Screen::getContents() start...
[2026-07-05 16:33:55] [DEBUG] Screen::getContents() finish.
[2026-07-05 16:33:55] [DEBUG] Screen::updateAreaE() finish.
[2026-07-05 16:33:55] [DEBUG] DBDefinitionController::initialAction() end.
[2026-07-05 16:33:55] [DEBUG] Screen::areaView() start...
[2026-07-05 16:33:55] [DEBUG] Screen::areaView() finish.
[2026-07-05 16:33:56] [DEBUG] --- wwProject System Start ---
[2026-07-05 16:33:56] [DEBUG] Router::Router() /jemini/wwProjectV1.34/Develop/Console/ServerBridgeAction/
[2026-07-05 16:33:56] [DEBUG] Attempting to load: \Develop\Controllers\ConsoleController::ServerBridgeAction
[2026-07-05 16:33:56] [DEBUG] Router: Executing \Develop\Controllers\ConsoleController->ServerBridgeAction
[2026-07-05 16:33:56] [DEBUG] ConsoleController::ServerBridge() start...
[2026-07-05 16:33:56] [DEBUG] ConsoleController::ServerBridge() \Develop\Controllers\PartsDefinitionController::editPartsAction()
[2026-07-05 16:33:56] [DEBUG] PartsDefinitionController::editPartsAction() start...
[2026-07-05 16:33:56] [DEBUG] PartsDefinitionModel::getAllPartsList() start... Project ID: PRJ-D45FEF
[2026-07-05 16:33:56] [DEBUG] PartsDefinitionModel::getTableStructure() start... Project ID: PRJ-D45FEF
[2026-07-05 16:33:56] [DEBUG] Screen::updateAreaE() [iframe起動版] path: \Develop\Views\AreaE\PartsDefinition\RegistParts.view start...
[2026-07-05 16:33:56] [DEBUG] Screen::getContents() start...
[2026-07-05 16:33:57] [DEBUG] Screen::getContents() finish.
[2026-07-05 16:33:57] [DEBUG] Screen::updateAreaE() finish.
[2026-07-05 16:33:57] [DEBUG] PartsDefinitionController::editPartsAction() end.
[2026-07-05 16:33:57] [DEBUG] Screen::areaView() start...
[2026-07-05 16:33:57] [DEBUG] Screen::areaView() finish.
[2026-07-05 16:33:59] [DEBUG] --- wwProject System Start ---
[2026-07-05 16:33:59] [DEBUG] Router::Router() /jemini/wwProjectV1.34/Develop/Console/ServerBridgeAction/
[2026-07-05 16:33:59] [DEBUG] Attempting to load: \Develop\Controllers\ConsoleController::ServerBridgeAction
[2026-07-05 16:33:59] [DEBUG] Router: Executing \Develop\Controllers\ConsoleController->ServerBridgeAction
[2026-07-05 16:33:59] [DEBUG] ConsoleController::ServerBridge() start...
[2026-07-05 16:33:59] [DEBUG] ConsoleController::ServerBridge() \Develop\Controllers\PartsDefinitionController::editPartsAction()
[2026-07-05 16:33:59] [DEBUG] PartsDefinitionController::editPartsAction() start...
[2026-07-05 16:33:59] [DEBUG] PartsDefinitionModel::getAllPartsList() start... Project ID: PRJ-D45FEF
[2026-07-05 16:33:59] [DEBUG] PartsDefinitionModel::getTableStructure() start... Project ID: PRJ-D45FEF
[2026-07-05 16:33:59] [DEBUG] Screen::updateAreaE() [iframe起動版] path: \Develop\Views\AreaE\PartsDefinition\RegistParts.view start...
[2026-07-05 16:33:59] [DEBUG] Screen::getContents() start...
[2026-07-05 16:33:59] [DEBUG] Screen::getContents() finish.
[2026-07-05 16:33:59] [DEBUG] Screen::updateAreaE() finish.
[2026-07-05 16:33:59] [DEBUG] PartsDefinitionController::editPartsAction() end.
[2026-07-05 16:33:59] [DEBUG] Screen::areaView() start...
[2026-07-05 16:33:59] [DEBUG] Screen::areaView() finish.
[2026-07-05 16:34:01] [DEBUG] --- wwProject System Start ---
[2026-07-05 16:34:01] [DEBUG] Router::Router() /jemini/wwProjectV1.34/Develop/Console/ServerBridgeAction/
[2026-07-05 16:34:01] [DEBUG] Attempting to load: \Develop\Controllers\ConsoleController::ServerBridgeAction
[2026-07-05 16:34:01] [DEBUG] Router: Executing \Develop\Controllers\ConsoleController->ServerBridgeAction
[2026-07-05 16:34:01] [DEBUG] ConsoleController::ServerBridge() start...
[2026-07-05 16:34:01] [DEBUG] ConsoleController::ServerBridge() \Develop\Controllers\PartsDefinitionController::editPartsAction()
[2026-07-05 16:34:01] [DEBUG] PartsDefinitionController::editPartsAction() start...
[2026-07-05 16:34:01] [DEBUG] PartsDefinitionModel::getAllPartsList() start... Project ID: PRJ-D45FEF
[2026-07-05 16:34:01] [DEBUG] PartsDefinitionModel::getTableStructure() start... Project ID: PRJ-D45FEF
[2026-07-05 16:34:01] [DEBUG] Screen::updateAreaE() [iframe起動版] path: \Develop\Views\AreaE\PartsDefinition\RegistParts.view start...
[2026-07-05 16:34:01] [DEBUG] Screen::getContents() start...
[2026-07-05 16:34:01] [DEBUG] Screen::getContents() finish.
[2026-07-05 16:34:01] [DEBUG] Screen::updateAreaE() finish.
[2026-07-05 16:34:01] [DEBUG] PartsDefinitionController::editPartsAction() end.
[2026-07-05 16:34:01] [DEBUG] Screen::areaView() start...
[2026-07-05 16:34:01] [DEBUG] Screen::areaView() finish.
[2026-07-05 16:34:02] [DEBUG] --- wwProject System Start ---
[2026-07-05 16:34:02] [DEBUG] Router::Router() /jemini/wwProjectV1.34/Develop/Console/ServerBridgeAction/
[2026-07-05 16:34:02] [DEBUG] Attempting to load: \Develop\Controllers\ConsoleController::ServerBridgeAction
[2026-07-05 16:34:02] [DEBUG] Router: Executing \Develop\Controllers\ConsoleController->ServerBridgeAction
[2026-07-05 16:34:02] [DEBUG] ConsoleController::ServerBridge() start...
[2026-07-05 16:34:02] [DEBUG] ConsoleController::ServerBridge() \Develop\Controllers\PartsDefinitionController::editPartsAction()
[2026-07-05 16:34:02] [DEBUG] PartsDefinitionController::editPartsAction() start...
[2026-07-05 16:34:02] [DEBUG] PartsDefinitionModel::getAllPartsList() start... Project ID: PRJ-D45FEF
[2026-07-05 16:34:02] [DEBUG] PartsDefinitionModel::getTableStructure() start... Project ID: PRJ-D45FEF
[2026-07-05 16:34:02] [DEBUG] Screen::updateAreaE() [iframe起動版] path: \Develop\Views\AreaE\PartsDefinition\RegistParts.view start...
[2026-07-05 16:34:02] [DEBUG] Screen::getContents() start...
[2026-07-05 16:34:02] [DEBUG] Screen::getContents() finish.
[2026-07-05 16:34:02] [DEBUG] Screen::updateAreaE() finish.
[2026-07-05 16:34:02] [DEBUG] PartsDefinitionController::editPartsAction() end.
[2026-07-05 16:34:02] [DEBUG] Screen::areaView() start...
[2026-07-05 16:34:02] [DEBUG] Screen::areaView() finish.
[2026-07-05 16:34:04] [DEBUG] --- wwProject System Start ---
[2026-07-05 16:34:04] [DEBUG] Router::Router() /jemini/wwProjectV1.34/Develop/Console/ServerBridgeAction/
[2026-07-05 16:34:04] [DEBUG] Attempting to load: \Develop\Controllers\ConsoleController::ServerBridgeAction
[2026-07-05 16:34:04] [DEBUG] Router: Executing \Develop\Controllers\ConsoleController->ServerBridgeAction
[2026-07-05 16:34:04] [DEBUG] ConsoleController::ServerBridge() start...
[2026-07-05 16:34:04] [DEBUG] ConsoleController::ServerBridge() \Develop\Controllers\PartsDefinitionController::editPartsAction()
[2026-07-05 16:34:04] [DEBUG] PartsDefinitionController::editPartsAction() start...
[2026-07-05 16:34:04] [DEBUG] PartsDefinitionModel::getAllPartsList() start... Project ID: PRJ-D45FEF
[2026-07-05 16:34:04] [DEBUG] PartsDefinitionModel::getColumnsByTableId() start... Input: developers
[2026-07-05 16:34:04] [DEBUG] 逆引き成功: 物理名 developers -> table_id : 6
[2026-07-05 16:34:04] [DEBUG] PartsDefinitionModel::getColumnsByTableId() finish. 件数: 9
[2026-07-05 16:34:04] [DEBUG] PartsDefinitionModel::getTableStructure() start... Project ID: PRJ-D45FEF
[2026-07-05 16:34:04] [DEBUG] Screen::updateAreaE() [iframe起動版] path: \Develop\Views\AreaE\PartsDefinition\RegistParts.view start...
[2026-07-05 16:34:04] [DEBUG] Screen::getContents() start...
[2026-07-05 16:34:04] [DEBUG] Screen::getContents() finish.
[2026-07-05 16:34:04] [DEBUG] Screen::updateAreaE() finish.
[2026-07-05 16:34:04] [DEBUG] PartsDefinitionController::editPartsAction() end.
[2026-07-05 16:34:04] [DEBUG] Screen::areaView() start...
[2026-07-05 16:34:04] [DEBUG] Screen::areaView() finish.
[2026-07-05 16:34:06] [DEBUG] --- wwProject System Start ---
[2026-07-05 16:34:06] [DEBUG] Router::Router() /jemini/wwProjectV1.34/Develop/Console/ServerBridgeAction/
[2026-07-05 16:34:06] [DEBUG] Attempting to load: \Develop\Controllers\ConsoleController::ServerBridgeAction
[2026-07-05 16:34:06] [DEBUG] Router: Executing \Develop\Controllers\ConsoleController->ServerBridgeAction
[2026-07-05 16:34:06] [DEBUG] ConsoleController::ServerBridge() start...
[2026-07-05 16:34:06] [DEBUG] ConsoleController::ServerBridge() \Develop\Controllers\PartsDefinitionController::editPartsAction()
[2026-07-05 16:34:06] [DEBUG] PartsDefinitionController::editPartsAction() start...
[2026-07-05 16:34:06] [DEBUG] PartsDefinitionModel::getAllPartsList() start... Project ID: PRJ-D45FEF
[2026-07-05 16:34:06] [DEBUG] PartsDefinitionModel::getColumnsByTableId() start... Input: developers
[2026-07-05 16:34:06] [DEBUG] 逆引き成功: 物理名 developers -> table_id : 6
[2026-07-05 16:34:06] [DEBUG] PartsDefinitionModel::getColumnsByTableId() finish. 件数: 9
[2026-07-05 16:34:06] [DEBUG] PartsDefinitionModel::getTableStructure() start... Project ID: PRJ-D45FEF
[2026-07-05 16:34:06] [DEBUG] Screen::updateAreaE() [iframe起動版] path: \Develop\Views\AreaE\PartsDefinition\RegistParts.view start...
[2026-07-05 16:34:06] [DEBUG] Screen::getContents() start...
[2026-07-05 16:34:06] [DEBUG] Screen::getContents() finish.
[2026-07-05 16:34:06] [DEBUG] Screen::updateAreaE() finish.
[2026-07-05 16:34:06] [DEBUG] PartsDefinitionController::editPartsAction() end.
[2026-07-05 16:34:06] [DEBUG] Screen::areaView() start...
[2026-07-05 16:34:06] [DEBUG] Screen::areaView() finish.
[2026-07-05 16:34:08] [DEBUG] --- wwProject System Start ---
[2026-07-05 16:34:08] [DEBUG] Router::Router() /jemini/wwProjectV1.34/Develop/Console/ServerBridgeAction/
[2026-07-05 16:34:08] [DEBUG] Attempting to load: \Develop\Controllers\ConsoleController::ServerBridgeAction
[2026-07-05 16:34:08] [DEBUG] Router: Executing \Develop\Controllers\ConsoleController->ServerBridgeAction
[2026-07-05 16:34:08] [DEBUG] ConsoleController::ServerBridge() start...
[2026-07-05 16:34:08] [DEBUG] ConsoleController::ServerBridge() \Develop\Controllers\PartsDefinitionController::editPartsAction()
[2026-07-05 16:34:08] [DEBUG] PartsDefinitionController::editPartsAction() start...
[2026-07-05 16:34:08] [DEBUG] PartsDefinitionModel::getAllPartsList() start... Project ID: PRJ-D45FEF
[2026-07-05 16:34:08] [DEBUG] PartsDefinitionModel::getColumnsByTableId() start... Input: developers
[2026-07-05 16:34:08] [DEBUG] 逆引き成功: 物理名 developers -> table_id : 6
[2026-07-05 16:34:08] [DEBUG] PartsDefinitionModel::getColumnsByTableId() finish. 件数: 9
[2026-07-05 16:34:08] [DEBUG] PartsDefinitionModel::getTableStructure() start... Project ID: PRJ-D45FEF
[2026-07-05 16:34:08] [DEBUG] Screen::updateAreaE() [iframe起動版] path: \Develop\Views\AreaE\PartsDefinition\RegistParts.view start...
[2026-07-05 16:34:08] [DEBUG] Screen::getContents() start...
[2026-07-05 16:34:08] [DEBUG] Screen::getContents() finish.
[2026-07-05 16:34:08] [DEBUG] Screen::updateAreaE() finish.
[2026-07-05 16:34:08] [DEBUG] PartsDefinitionController::editPartsAction() end.
[2026-07-05 16:34:08] [DEBUG] Screen::areaView() start...
[2026-07-05 16:34:08] [DEBUG] Screen::areaView() finish.
[2026-07-05 16:34:09] [DEBUG] --- wwProject System Start ---
[2026-07-05 16:34:09] [DEBUG] Router::Router() /jemini/wwProjectV1.34/Develop/Console/ServerBridgeAction/
[2026-07-05 16:34:09] [DEBUG] Attempting to load: \Develop\Controllers\ConsoleController::ServerBridgeAction
[2026-07-05 16:34:09] [DEBUG] Router: Executing \Develop\Controllers\ConsoleController->ServerBridgeAction
[2026-07-05 16:34:09] [DEBUG] ConsoleController::ServerBridge() start...
[2026-07-05 16:34:09] [DEBUG] ConsoleController::ServerBridge() \Develop\Controllers\PartsDefinitionController::editPartsAction()
[2026-07-05 16:34:09] [DEBUG] PartsDefinitionController::editPartsAction() start...
[2026-07-05 16:34:09] [DEBUG] PartsDefinitionModel::getAllPartsList() start... Project ID: PRJ-D45FEF
[2026-07-05 16:34:09] [DEBUG] PartsDefinitionModel::getColumnsByTableId() start... Input: developers
[2026-07-05 16:34:09] [DEBUG] 逆引き成功: 物理名 developers -> table_id : 6
[2026-07-05 16:34:09] [DEBUG] PartsDefinitionModel::getColumnsByTableId() finish. 件数: 9
[2026-07-05 16:34:09] [DEBUG] PartsDefinitionModel::getTableStructure() start... Project ID: PRJ-D45FEF
[2026-07-05 16:34:09] [DEBUG] Screen::updateAreaE() [iframe起動版] path: \Develop\Views\AreaE\PartsDefinition\RegistParts.view start...
[2026-07-05 16:34:09] [DEBUG] Screen::getContents() start...
[2026-07-05 16:34:09] [DEBUG] Screen::getContents() finish.
[2026-07-05 16:34:09] [DEBUG] Screen::updateAreaE() finish.
[2026-07-05 16:34:09] [DEBUG] PartsDefinitionController::editPartsAction() end.
[2026-07-05 16:34:09] [DEBUG] Screen::areaView() start...
[2026-07-05 16:34:09] [DEBUG] Screen::areaView() finish.
[2026-07-05 16:34:10] [DEBUG] --- wwProject System Start ---
[2026-07-05 16:34:10] [DEBUG] Router::Router() /jemini/wwProjectV1.34/Develop/Console/ServerBridgeAction/
[2026-07-05 16:34:10] [DEBUG] Attempting to load: \Develop\Controllers\ConsoleController::ServerBridgeAction
[2026-07-05 16:34:10] [DEBUG] Router: Executing \Develop\Controllers\ConsoleController->ServerBridgeAction
[2026-07-05 16:34:10] [DEBUG] ConsoleController::ServerBridge() start...
[2026-07-05 16:34:10] [DEBUG] ConsoleController::ServerBridge() \Develop\Controllers\PartsDefinitionController::editPartsAction()
[2026-07-05 16:34:10] [DEBUG] PartsDefinitionController::editPartsAction() start...
[2026-07-05 16:34:10] [DEBUG] PartsDefinitionModel::getAllPartsList() start... Project ID: PRJ-D45FEF
[2026-07-05 16:34:10] [DEBUG] PartsDefinitionModel::getColumnsByTableId() start... Input: developers
[2026-07-05 16:34:10] [DEBUG] 逆引き成功: 物理名 developers -> table_id : 6
[2026-07-05 16:34:10] [DEBUG] PartsDefinitionModel::getColumnsByTableId() finish. 件数: 9
[2026-07-05 16:34:10] [DEBUG] PartsDefinitionModel::getTableStructure() start... Project ID: PRJ-D45FEF
[2026-07-05 16:34:10] [DEBUG] Screen::updateAreaE() [iframe起動版] path: \Develop\Views\AreaE\PartsDefinition\RegistParts.view start...
[2026-07-05 16:34:10] [DEBUG] Screen::getContents() start...
[2026-07-05 16:34:10] [DEBUG] Screen::getContents() finish.
[2026-07-05 16:34:10] [DEBUG] Screen::updateAreaE() finish.
[2026-07-05 16:34:10] [DEBUG] PartsDefinitionController::editPartsAction() end.
[2026-07-05 16:34:10] [DEBUG] Screen::areaView() start...
[2026-07-05 16:34:10] [DEBUG] Screen::areaView() finish.
[2026-07-05 16:34:12] [DEBUG] --- wwProject System Start ---
[2026-07-05 16:34:12] [DEBUG] Router::Router() /jemini/wwProjectV1.34/Develop/Console/ServerBridgeAction/
[2026-07-05 16:34:12] [DEBUG] Attempting to load: \Develop\Controllers\ConsoleController::ServerBridgeAction
[2026-07-05 16:34:12] [DEBUG] Router: Executing \Develop\Controllers\ConsoleController->ServerBridgeAction
[2026-07-05 16:34:12] [DEBUG] ConsoleController::ServerBridge() start...
[2026-07-05 16:34:12] [DEBUG] ConsoleController::ServerBridge() \Develop\Controllers\PartsDefinitionController::newPartsAction()
[2026-07-05 16:34:12] [DEBUG] PartsDefinitionController::newPartsAction() start...
[2026-07-05 16:34:12] [DEBUG] PartsDefinitionModel::getTableStructure() start... Project ID: PRJ-D45FEF
[2026-07-05 16:34:12] [DEBUG] Screen::updateAreaE() [iframe起動版] path: \Develop\Views\AreaE\PartsDefinition\RegistParts.view start...
[2026-07-05 16:34:12] [DEBUG] Screen::getContents() start...
[2026-07-05 16:34:12] [DEBUG] Screen::getContents() finish.
[2026-07-05 16:34:12] [DEBUG] Screen::updateAreaE() finish.
[2026-07-05 16:34:12] [DEBUG] PartsDefinitionController::newPartsAction() end.
[2026-07-05 16:34:12] [DEBUG] Screen::areaView() start...
[2026-07-05 16:34:12] [DEBUG] Screen::areaView() finish.
[2026-07-05 16:40:44] [DEBUG] --- wwProject System Start ---
[2026-07-05 16:40:44] [DEBUG] Router::Router() /jemini/wwProjectV1.34/Develop/Console/ServerBridgeAction/
[2026-07-05 16:40:44] [DEBUG] Attempting to load: \Develop\Controllers\ConsoleController::ServerBridgeAction
[2026-07-05 16:40:44] [DEBUG] Router: Executing \Develop\Controllers\ConsoleController->ServerBridgeAction
[2026-07-05 16:40:44] [DEBUG] ConsoleController::ServerBridge() start...
[2026-07-05 16:40:44] [DEBUG] ConsoleController::ServerBridge() \Develop\Controllers\PartsDefinitionController::InitialAction()
[2026-07-05 16:40:44] [DEBUG] DBDefinitionController::initialAction() start...
[2026-07-05 16:40:44] [DEBUG] PartsDefinitionController::initialAction() projectId : PRJ-D45FEF
[2026-07-05 16:40:44] [DEBUG] PartsDefinitionModel::getAllPartsList() start... Project ID: PRJ-D45FEF
[2026-07-05 16:40:45] [DEBUG] Screen::updateAreaD() path: \Develop\Views\AreaD\PartsDefinition\PartsDefinitionList.view start...
[2026-07-05 16:40:45] [DEBUG] Screen::getContents() start...
[2026-07-05 16:40:45] [DEBUG] Screen::getContents() finish.
[2026-07-05 16:40:45] [DEBUG] Screen::updateAreaD() finish.
[2026-07-05 16:40:45] [DEBUG] Screen::updateAreaE() [iframe起動版] path: \Develop\Views\AreaE\Area_E_clear.view start...
[2026-07-05 16:40:45] [DEBUG] Screen::getContents() start...
[2026-07-05 16:40:45] [DEBUG] Screen::getContents() finish.
[2026-07-05 16:40:45] [DEBUG] Screen::updateAreaE() finish.
[2026-07-05 16:40:45] [DEBUG] DBDefinitionController::initialAction() end.
[2026-07-05 16:40:45] [DEBUG] Screen::areaView() start...
[2026-07-05 16:40:45] [DEBUG] Screen::areaView() finish.
[2026-07-05 16:40:47] [DEBUG] --- wwProject System Start ---
[2026-07-05 16:40:47] [DEBUG] Router::Router() /jemini/wwProjectV1.34/Develop/Console/ServerBridgeAction/
[2026-07-05 16:40:47] [DEBUG] Attempting to load: \Develop\Controllers\ConsoleController::ServerBridgeAction
[2026-07-05 16:40:47] [DEBUG] Router: Executing \Develop\Controllers\ConsoleController->ServerBridgeAction
[2026-07-05 16:40:47] [DEBUG] ConsoleController::ServerBridge() start...
[2026-07-05 16:40:47] [DEBUG] ConsoleController::ServerBridge() \Develop\Controllers\PartsDefinitionController::editPartsAction()
[2026-07-05 16:40:47] [DEBUG] PartsDefinitionController::editPartsAction() start...
[2026-07-05 16:40:47] [DEBUG] PartsDefinitionModel::getAllPartsList() start... Project ID: PRJ-D45FEF
[2026-07-05 16:40:47] [DEBUG] PartsDefinitionModel::getColumnsByTableId() start... Input: developers
[2026-07-05 16:40:47] [DEBUG] 逆引き成功: 物理名 developers -> table_id : 6
[2026-07-05 16:40:47] [DEBUG] PartsDefinitionModel::getColumnsByTableId() finish. 件数: 9
[2026-07-05 16:40:47] [DEBUG] PartsDefinitionModel::getTableStructure() start... Project ID: PRJ-D45FEF
[2026-07-05 16:40:47] [DEBUG] Screen::updateAreaE() [iframe起動版] path: \Develop\Views\AreaE\PartsDefinition\RegistParts.view start...
[2026-07-05 16:40:47] [DEBUG] Screen::getContents() start...
[2026-07-05 16:40:47] [DEBUG] Screen::getContents() finish.
[2026-07-05 16:40:47] [DEBUG] Screen::updateAreaE() finish.
[2026-07-05 16:40:47] [DEBUG] PartsDefinitionController::editPartsAction() end.
[2026-07-05 16:40:47] [DEBUG] Screen::areaView() start...
[2026-07-05 16:40:47] [DEBUG] Screen::areaView() finish.
[2026-07-05 16:40:49] [DEBUG] --- wwProject System Start ---
[2026-07-05 16:40:49] [DEBUG] Router::Router() /jemini/wwProjectV1.34/Develop/Console/ServerBridgeAction/
[2026-07-05 16:40:49] [DEBUG] Attempting to load: \Develop\Controllers\ConsoleController::ServerBridgeAction
[2026-07-05 16:40:49] [DEBUG] Router: Executing \Develop\Controllers\ConsoleController->ServerBridgeAction
[2026-07-05 16:40:49] [DEBUG] ConsoleController::ServerBridge() start...
[2026-07-05 16:40:49] [DEBUG] ConsoleController::ServerBridge() \Develop\Controllers\PartsDefinitionController::editPartsAction()
[2026-07-05 16:40:49] [DEBUG] PartsDefinitionController::editPartsAction() start...
[2026-07-05 16:40:49] [DEBUG] PartsDefinitionModel::getAllPartsList() start... Project ID: PRJ-D45FEF
[2026-07-05 16:40:49] [DEBUG] PartsDefinitionModel::getColumnsByTableId() start... Input: developers
[2026-07-05 16:40:49] [DEBUG] 逆引き成功: 物理名 developers -> table_id : 6
[2026-07-05 16:40:49] [DEBUG] PartsDefinitionModel::getColumnsByTableId() finish. 件数: 9
[2026-07-05 16:40:49] [DEBUG] PartsDefinitionModel::getTableStructure() start... Project ID: PRJ-D45FEF
[2026-07-05 16:40:49] [DEBUG] Screen::updateAreaE() [iframe起動版] path: \Develop\Views\AreaE\PartsDefinition\RegistParts.view start...
[2026-07-05 16:40:49] [DEBUG] Screen::getContents() start...
[2026-07-05 16:40:49] [DEBUG] Screen::getContents() finish.
[2026-07-05 16:40:49] [DEBUG] Screen::updateAreaE() finish.
[2026-07-05 16:40:49] [DEBUG] PartsDefinitionController::editPartsAction() end.
[2026-07-05 16:40:49] [DEBUG] Screen::areaView() start...
[2026-07-05 16:40:49] [DEBUG] Screen::areaView() finish.
[2026-07-05 16:40:50] [DEBUG] --- wwProject System Start ---
[2026-07-05 16:40:50] [DEBUG] Router::Router() /jemini/wwProjectV1.34/Develop/Console/ServerBridgeAction/
[2026-07-05 16:40:50] [DEBUG] Attempting to load: \Develop\Controllers\ConsoleController::ServerBridgeAction
[2026-07-05 16:40:50] [DEBUG] Router: Executing \Develop\Controllers\ConsoleController->ServerBridgeAction
[2026-07-05 16:40:50] [DEBUG] ConsoleController::ServerBridge() start...
[2026-07-05 16:40:50] [DEBUG] ConsoleController::ServerBridge() \Develop\Controllers\PartsDefinitionController::editPartsAction()
[2026-07-05 16:40:50] [DEBUG] PartsDefinitionController::editPartsAction() start...
[2026-07-05 16:40:50] [DEBUG] PartsDefinitionModel::getAllPartsList() start... Project ID: PRJ-D45FEF
[2026-07-05 16:40:50] [DEBUG] PartsDefinitionModel::getColumnsByTableId() start... Input: developers
[2026-07-05 16:40:50] [DEBUG] 逆引き成功: 物理名 developers -> table_id : 6
[2026-07-05 16:40:50] [DEBUG] PartsDefinitionModel::getColumnsByTableId() finish. 件数: 9
[2026-07-05 16:40:50] [DEBUG] PartsDefinitionModel::getTableStructure() start... Project ID: PRJ-D45FEF
[2026-07-05 16:40:50] [DEBUG] Screen::updateAreaE() [iframe起動版] path: \Develop\Views\AreaE\PartsDefinition\RegistParts.view start...
[2026-07-05 16:40:50] [DEBUG] Screen::getContents() start...
[2026-07-05 16:40:50] [DEBUG] Screen::getContents() finish.
[2026-07-05 16:40:50] [DEBUG] Screen::updateAreaE() finish.
[2026-07-05 16:40:50] [DEBUG] PartsDefinitionController::editPartsAction() end.
[2026-07-05 16:40:50] [DEBUG] Screen::areaView() start...
[2026-07-05 16:40:50] [DEBUG] Screen::areaView() finish.
[2026-07-05 16:40:52] [DEBUG] --- wwProject System Start ---
[2026-07-05 16:40:52] [DEBUG] Router::Router() /jemini/wwProjectV1.34/Develop/Console/ServerBridgeAction/
[2026-07-05 16:40:52] [DEBUG] Attempting to load: \Develop\Controllers\ConsoleController::ServerBridgeAction
[2026-07-05 16:40:52] [DEBUG] Router: Executing \Develop\Controllers\ConsoleController->ServerBridgeAction
[2026-07-05 16:40:52] [DEBUG] ConsoleController::ServerBridge() start...
[2026-07-05 16:40:52] [DEBUG] ConsoleController::ServerBridge() \Develop\Controllers\PartsDefinitionController::editPartsAction()
[2026-07-05 16:40:52] [DEBUG] PartsDefinitionController::editPartsAction() start...
[2026-07-05 16:40:52] [DEBUG] PartsDefinitionModel::getAllPartsList() start... Project ID: PRJ-D45FEF
[2026-07-05 16:40:52] [DEBUG] PartsDefinitionModel::getColumnsByTableId() start... Input: developers
[2026-07-05 16:40:52] [DEBUG] 逆引き成功: 物理名 developers -> table_id : 6
[2026-07-05 16:40:52] [DEBUG] PartsDefinitionModel::getColumnsByTableId() finish. 件数: 9
[2026-07-05 16:40:52] [DEBUG] PartsDefinitionModel::getTableStructure() start... Project ID: PRJ-D45FEF
[2026-07-05 16:40:52] [DEBUG] Screen::updateAreaE() [iframe起動版] path: \Develop\Views\AreaE\PartsDefinition\RegistParts.view start...
[2026-07-05 16:40:52] [DEBUG] Screen::getContents() start...
[2026-07-05 16:40:52] [DEBUG] Screen::getContents() finish.
[2026-07-05 16:40:52] [DEBUG] Screen::updateAreaE() finish.
[2026-07-05 16:40:52] [DEBUG] PartsDefinitionController::editPartsAction() end.
[2026-07-05 16:40:52] [DEBUG] Screen::areaView() start...
[2026-07-05 16:40:52] [DEBUG] Screen::areaView() finish.
[2026-07-05 16:40:54] [DEBUG] --- wwProject System Start ---
[2026-07-05 16:40:54] [DEBUG] Router::Router() /jemini/wwProjectV1.34/Develop/Console/ServerBridgeAction/
[2026-07-05 16:40:54] [DEBUG] Attempting to load: \Develop\Controllers\ConsoleController::ServerBridgeAction
[2026-07-05 16:40:54] [DEBUG] Router: Executing \Develop\Controllers\ConsoleController->ServerBridgeAction
[2026-07-05 16:40:54] [DEBUG] ConsoleController::ServerBridge() start...
[2026-07-05 16:40:54] [DEBUG] ConsoleController::ServerBridge() \Develop\Controllers\PartsDefinitionController::editPartsAction()
[2026-07-05 16:40:54] [DEBUG] PartsDefinitionController::editPartsAction() start...
[2026-07-05 16:40:54] [DEBUG] PartsDefinitionModel::getAllPartsList() start... Project ID: PRJ-D45FEF
[2026-07-05 16:40:54] [DEBUG] PartsDefinitionModel::getTableStructure() start... Project ID: PRJ-D45FEF
[2026-07-05 16:40:54] [DEBUG] Screen::updateAreaE() [iframe起動版] path: \Develop\Views\AreaE\PartsDefinition\RegistParts.view start...
[2026-07-05 16:40:54] [DEBUG] Screen::getContents() start...
[2026-07-05 16:40:54] [DEBUG] Screen::getContents() finish.
[2026-07-05 16:40:54] [DEBUG] Screen::updateAreaE() finish.
[2026-07-05 16:40:54] [DEBUG] PartsDefinitionController::editPartsAction() end.
[2026-07-05 16:40:54] [DEBUG] Screen::areaView() start...
[2026-07-05 16:40:54] [DEBUG] Screen::areaView() finish.
[2026-07-05 16:40:56] [DEBUG] --- wwProject System Start ---
[2026-07-05 16:40:56] [DEBUG] Router::Router() /jemini/wwProjectV1.34/Develop/Console/ServerBridgeAction/
[2026-07-05 16:40:56] [DEBUG] Attempting to load: \Develop\Controllers\ConsoleController::ServerBridgeAction
[2026-07-05 16:40:56] [DEBUG] Router: Executing \Develop\Controllers\ConsoleController->ServerBridgeAction
[2026-07-05 16:40:56] [DEBUG] ConsoleController::ServerBridge() start...
[2026-07-05 16:40:56] [DEBUG] ConsoleController::ServerBridge() \Develop\Controllers\PartsDefinitionController::editPartsAction()
[2026-07-05 16:40:56] [DEBUG] PartsDefinitionController::editPartsAction() start...
[2026-07-05 16:40:56] [DEBUG] PartsDefinitionModel::getAllPartsList() start... Project ID: PRJ-D45FEF
[2026-07-05 16:40:56] [DEBUG] PartsDefinitionModel::getTableStructure() start... Project ID: PRJ-D45FEF
[2026-07-05 16:40:56] [DEBUG] Screen::updateAreaE() [iframe起動版] path: \Develop\Views\AreaE\PartsDefinition\RegistParts.view start...
[2026-07-05 16:40:56] [DEBUG] Screen::getContents() start...
[2026-07-05 16:40:56] [DEBUG] Screen::getContents() finish.
[2026-07-05 16:40:56] [DEBUG] Screen::updateAreaE() finish.
[2026-07-05 16:40:56] [DEBUG] PartsDefinitionController::editPartsAction() end.
[2026-07-05 16:40:56] [DEBUG] Screen::areaView() start...
[2026-07-05 16:40:56] [DEBUG] Screen::areaView() finish.
[2026-07-05 16:40:57] [DEBUG] --- wwProject System Start ---
[2026-07-05 16:40:57] [DEBUG] Router::Router() /jemini/wwProjectV1.34/Develop/Console/ServerBridgeAction/
[2026-07-05 16:40:57] [DEBUG] Attempting to load: \Develop\Controllers\ConsoleController::ServerBridgeAction
[2026-07-05 16:40:57] [DEBUG] Router: Executing \Develop\Controllers\ConsoleController->ServerBridgeAction
[2026-07-05 16:40:57] [DEBUG] ConsoleController::ServerBridge() start...
[2026-07-05 16:40:57] [DEBUG] ConsoleController::ServerBridge() \Develop\Controllers\PartsDefinitionController::editPartsAction()
[2026-07-05 16:40:57] [DEBUG] PartsDefinitionController::editPartsAction() start...
[2026-07-05 16:40:57] [DEBUG] PartsDefinitionModel::getAllPartsList() start... Project ID: PRJ-D45FEF
[2026-07-05 16:40:57] [DEBUG] PartsDefinitionModel::getTableStructure() start... Project ID: PRJ-D45FEF
[2026-07-05 16:40:57] [DEBUG] Screen::updateAreaE() [iframe起動版] path: \Develop\Views\AreaE\PartsDefinition\RegistParts.view start...
[2026-07-05 16:40:57] [DEBUG] Screen::getContents() start...
[2026-07-05 16:40:57] [DEBUG] Screen::getContents() finish.
[2026-07-05 16:40:57] [DEBUG] Screen::updateAreaE() finish.
[2026-07-05 16:40:57] [DEBUG] PartsDefinitionController::editPartsAction() end.
[2026-07-05 16:40:57] [DEBUG] Screen::areaView() start...
[2026-07-05 16:40:57] [DEBUG] Screen::areaView() finish.
[2026-07-05 16:40:59] [DEBUG] --- wwProject System Start ---
[2026-07-05 16:40:59] [DEBUG] Router::Router() /jemini/wwProjectV1.34/Develop/Console/ServerBridgeAction/
[2026-07-05 16:40:59] [DEBUG] Attempting to load: \Develop\Controllers\ConsoleController::ServerBridgeAction
[2026-07-05 16:40:59] [DEBUG] Router: Executing \Develop\Controllers\ConsoleController->ServerBridgeAction
[2026-07-05 16:40:59] [DEBUG] ConsoleController::ServerBridge() start...
[2026-07-05 16:40:59] [DEBUG] ConsoleController::ServerBridge() \Develop\Controllers\PartsDefinitionController::editPartsAction()
[2026-07-05 16:40:59] [DEBUG] PartsDefinitionController::editPartsAction() start...
[2026-07-05 16:40:59] [DEBUG] PartsDefinitionModel::getAllPartsList() start... Project ID: PRJ-D45FEF
[2026-07-05 16:40:59] [DEBUG] PartsDefinitionModel::getTableStructure() start... Project ID: PRJ-D45FEF
[2026-07-05 16:40:59] [DEBUG] Screen::updateAreaE() [iframe起動版] path: \Develop\Views\AreaE\PartsDefinition\RegistParts.view start...
[2026-07-05 16:40:59] [DEBUG] Screen::getContents() start...
[2026-07-05 16:40:59] [DEBUG] Screen::getContents() finish.
[2026-07-05 16:40:59] [DEBUG] Screen::updateAreaE() finish.
[2026-07-05 16:40:59] [DEBUG] PartsDefinitionController::editPartsAction() end.
[2026-07-05 16:40:59] [DEBUG] Screen::areaView() start...
[2026-07-05 16:40:59] [DEBUG] Screen::areaView() finish.
[2026-07-05 16:41:01] [DEBUG] --- wwProject System Start ---
[2026-07-05 16:41:01] [DEBUG] Router::Router() /jemini/wwProjectV1.34/Develop/Console/ServerBridgeAction/
[2026-07-05 16:41:01] [DEBUG] Attempting to load: \Develop\Controllers\ConsoleController::ServerBridgeAction
[2026-07-05 16:41:01] [DEBUG] Router: Executing \Develop\Controllers\ConsoleController->ServerBridgeAction
[2026-07-05 16:41:01] [DEBUG] ConsoleController::ServerBridge() start...
[2026-07-05 16:41:01] [DEBUG] ConsoleController::ServerBridge() \Develop\Controllers\PartsDefinitionController::newPartsAction()
[2026-07-05 16:41:01] [DEBUG] PartsDefinitionController::newPartsAction() start...
[2026-07-05 16:41:01] [DEBUG] PartsDefinitionModel::getTableStructure() start... Project ID: PRJ-D45FEF
[2026-07-05 16:41:01] [DEBUG] Screen::updateAreaE() [iframe起動版] path: \Develop\Views\AreaE\PartsDefinition\RegistParts.view start...
[2026-07-05 16:41:01] [DEBUG] Screen::getContents() start...
[2026-07-05 16:41:01] [DEBUG] Screen::getContents() finish.
[2026-07-05 16:41:01] [DEBUG] Screen::updateAreaE() finish.
[2026-07-05 16:41:01] [DEBUG] PartsDefinitionController::newPartsAction() end.
[2026-07-05 16:41:01] [DEBUG] Screen::areaView() start...
[2026-07-05 16:41:01] [DEBUG] Screen::areaView() finish.
[2026-07-05 16:48:16] [DEBUG] --- wwProject System Start ---
[2026-07-05 16:48:16] [DEBUG] Router::Router() /jemini/wwProjectV1.34/Develop/Console/ServerBridgeAction/
[2026-07-05 16:48:16] [DEBUG] Attempting to load: \Develop\Controllers\ConsoleController::ServerBridgeAction
[2026-07-05 16:48:16] [DEBUG] Router: Executing \Develop\Controllers\ConsoleController->ServerBridgeAction
[2026-07-05 16:48:16] [DEBUG] ConsoleController::ServerBridge() start...
[2026-07-05 16:48:16] [DEBUG] ConsoleController::ServerBridge() \Develop\Controllers\PartsDefinitionController::InitialAction()
[2026-07-05 16:48:16] [DEBUG] DBDefinitionController::initialAction() start...
[2026-07-05 16:48:16] [DEBUG] PartsDefinitionController::initialAction() projectId : PRJ-D45FEF
[2026-07-05 16:48:16] [DEBUG] PartsDefinitionModel::getAllPartsList() start... Project ID: PRJ-D45FEF
[2026-07-05 16:48:16] [DEBUG] Screen::updateAreaD() path: \Develop\Views\AreaD\PartsDefinition\PartsDefinitionList.view start...
[2026-07-05 16:48:16] [DEBUG] Screen::getContents() start...
[2026-07-05 16:48:16] [DEBUG] Screen::getContents() finish.
[2026-07-05 16:48:16] [DEBUG] Screen::updateAreaD() finish.
[2026-07-05 16:48:16] [DEBUG] Screen::updateAreaE() [iframe起動版] path: \Develop\Views\AreaE\Area_E_clear.view start...
[2026-07-05 16:48:16] [DEBUG] Screen::getContents() start...
[2026-07-05 16:48:16] [DEBUG] Screen::getContents() finish.
[2026-07-05 16:48:16] [DEBUG] Screen::updateAreaE() finish.
[2026-07-05 16:48:16] [DEBUG] DBDefinitionController::initialAction() end.
[2026-07-05 16:48:16] [DEBUG] Screen::areaView() start...
[2026-07-05 16:48:16] [DEBUG] Screen::areaView() finish.
[2026-07-05 16:48:19] [DEBUG] --- wwProject System Start ---
[2026-07-05 16:48:19] [DEBUG] Router::Router() /jemini/wwProjectV1.34/Develop/Console/ServerBridgeAction/
[2026-07-05 16:48:19] [DEBUG] Attempting to load: \Develop\Controllers\ConsoleController::ServerBridgeAction
[2026-07-05 16:48:19] [DEBUG] Router: Executing \Develop\Controllers\ConsoleController->ServerBridgeAction
[2026-07-05 16:48:19] [DEBUG] ConsoleController::ServerBridge() start...
[2026-07-05 16:48:19] [DEBUG] ConsoleController::ServerBridge() \Develop\Controllers\PartsDefinitionController::editPartsAction()
[2026-07-05 16:48:19] [DEBUG] PartsDefinitionController::editPartsAction() start...
[2026-07-05 16:48:19] [DEBUG] PartsDefinitionModel::getAllPartsList() start... Project ID: PRJ-D45FEF
[2026-07-05 16:48:19] [DEBUG] PartsDefinitionModel::getColumnsByTableId() start... Input: developers
[2026-07-05 16:48:19] [DEBUG] 逆引き成功: 物理名 developers -> table_id : 6
[2026-07-05 16:48:19] [DEBUG] PartsDefinitionModel::getColumnsByTableId() finish. 件数: 9
[2026-07-05 16:48:19] [DEBUG] PartsDefinitionModel::getTableStructure() start... Project ID: PRJ-D45FEF
[2026-07-05 16:48:19] [DEBUG] Screen::updateAreaE() [iframe起動版] path: \Develop\Views\AreaE\PartsDefinition\RegistParts.view start...
[2026-07-05 16:48:19] [DEBUG] Screen::getContents() start...
[2026-07-05 16:48:19] [DEBUG] Screen::getContents() finish.
[2026-07-05 16:48:19] [DEBUG] Screen::updateAreaE() finish.
[2026-07-05 16:48:19] [DEBUG] PartsDefinitionController::editPartsAction() end.
[2026-07-05 16:48:19] [DEBUG] Screen::areaView() start...
[2026-07-05 16:48:19] [DEBUG] Screen::areaView() finish.
[2026-07-05 16:48:20] [DEBUG] --- wwProject System Start ---
[2026-07-05 16:48:20] [DEBUG] Router::Router() /jemini/wwProjectV1.34/Develop/Console/ServerBridgeAction/
[2026-07-05 16:48:20] [DEBUG] Attempting to load: \Develop\Controllers\ConsoleController::ServerBridgeAction
[2026-07-05 16:48:20] [DEBUG] Router: Executing \Develop\Controllers\ConsoleController->ServerBridgeAction
[2026-07-05 16:48:20] [DEBUG] ConsoleController::ServerBridge() start...
[2026-07-05 16:48:20] [DEBUG] ConsoleController::ServerBridge() \Develop\Controllers\PartsDefinitionController::editPartsAction()
[2026-07-05 16:48:20] [DEBUG] PartsDefinitionController::editPartsAction() start...
[2026-07-05 16:48:20] [DEBUG] PartsDefinitionModel::getAllPartsList() start... Project ID: PRJ-D45FEF
[2026-07-05 16:48:20] [DEBUG] PartsDefinitionModel::getColumnsByTableId() start... Input: developers
[2026-07-05 16:48:20] [DEBUG] 逆引き成功: 物理名 developers -> table_id : 6
[2026-07-05 16:48:20] [DEBUG] PartsDefinitionModel::getColumnsByTableId() finish. 件数: 9
[2026-07-05 16:48:20] [DEBUG] PartsDefinitionModel::getTableStructure() start... Project ID: PRJ-D45FEF
[2026-07-05 16:48:20] [DEBUG] Screen::updateAreaE() [iframe起動版] path: \Develop\Views\AreaE\PartsDefinition\RegistParts.view start...
[2026-07-05 16:48:20] [DEBUG] Screen::getContents() start...
[2026-07-05 16:48:20] [DEBUG] Screen::getContents() finish.
[2026-07-05 16:48:20] [DEBUG] Screen::updateAreaE() finish.
[2026-07-05 16:48:20] [DEBUG] PartsDefinitionController::editPartsAction() end.
[2026-07-05 16:48:20] [DEBUG] Screen::areaView() start...
[2026-07-05 16:48:20] [DEBUG] Screen::areaView() finish.
[2026-07-05 16:48:21] [DEBUG] --- wwProject System Start ---
[2026-07-05 16:48:21] [DEBUG] Router::Router() /jemini/wwProjectV1.34/Develop/Console/ServerBridgeAction/
[2026-07-05 16:48:21] [DEBUG] Attempting to load: \Develop\Controllers\ConsoleController::ServerBridgeAction
[2026-07-05 16:48:21] [DEBUG] Router: Executing \Develop\Controllers\ConsoleController->ServerBridgeAction
[2026-07-05 16:48:21] [DEBUG] ConsoleController::ServerBridge() start...
[2026-07-05 16:48:21] [DEBUG] ConsoleController::ServerBridge() \Develop\Controllers\PartsDefinitionController::editPartsAction()
[2026-07-05 16:48:21] [DEBUG] PartsDefinitionController::editPartsAction() start...
[2026-07-05 16:48:21] [DEBUG] PartsDefinitionModel::getAllPartsList() start... Project ID: PRJ-D45FEF
[2026-07-05 16:48:21] [DEBUG] PartsDefinitionModel::getColumnsByTableId() start... Input: developers
[2026-07-05 16:48:21] [DEBUG] 逆引き成功: 物理名 developers -> table_id : 6
[2026-07-05 16:48:21] [DEBUG] PartsDefinitionModel::getColumnsByTableId() finish. 件数: 9
[2026-07-05 16:48:21] [DEBUG] PartsDefinitionModel::getTableStructure() start... Project ID: PRJ-D45FEF
[2026-07-05 16:48:21] [DEBUG] Screen::updateAreaE() [iframe起動版] path: \Develop\Views\AreaE\PartsDefinition\RegistParts.view start...
[2026-07-05 16:48:21] [DEBUG] Screen::getContents() start...
[2026-07-05 16:48:21] [DEBUG] Screen::getContents() finish.
[2026-07-05 16:48:21] [DEBUG] Screen::updateAreaE() finish.
[2026-07-05 16:48:21] [DEBUG] PartsDefinitionController::editPartsAction() end.
[2026-07-05 16:48:21] [DEBUG] Screen::areaView() start...
[2026-07-05 16:48:21] [DEBUG] Screen::areaView() finish.
[2026-07-05 16:48:21] [DEBUG] --- wwProject System Start ---
[2026-07-05 16:48:21] [DEBUG] Router::Router() /jemini/wwProjectV1.34/Develop/Console/ServerBridgeAction/
[2026-07-05 16:48:21] [DEBUG] Attempting to load: \Develop\Controllers\ConsoleController::ServerBridgeAction
[2026-07-05 16:48:21] [DEBUG] Router: Executing \Develop\Controllers\ConsoleController->ServerBridgeAction
[2026-07-05 16:48:21] [DEBUG] ConsoleController::ServerBridge() start...
[2026-07-05 16:48:21] [DEBUG] ConsoleController::ServerBridge() \Develop\Controllers\PartsDefinitionController::editPartsAction()
[2026-07-05 16:48:21] [DEBUG] PartsDefinitionController::editPartsAction() start...
[2026-07-05 16:48:21] [DEBUG] PartsDefinitionModel::getAllPartsList() start... Project ID: PRJ-D45FEF
[2026-07-05 16:48:21] [DEBUG] PartsDefinitionModel::getColumnsByTableId() start... Input: developers
[2026-07-05 16:48:21] [DEBUG] 逆引き成功: 物理名 developers -> table_id : 6
[2026-07-05 16:48:21] [DEBUG] PartsDefinitionModel::getColumnsByTableId() finish. 件数: 9
[2026-07-05 16:48:21] [DEBUG] PartsDefinitionModel::getTableStructure() start... Project ID: PRJ-D45FEF
[2026-07-05 16:48:21] [DEBUG] Screen::updateAreaE() [iframe起動版] path: \Develop\Views\AreaE\PartsDefinition\RegistParts.view start...
[2026-07-05 16:48:21] [DEBUG] Screen::getContents() start...
[2026-07-05 16:48:21] [DEBUG] Screen::getContents() finish.
[2026-07-05 16:48:21] [DEBUG] Screen::updateAreaE() finish.
[2026-07-05 16:48:21] [DEBUG] PartsDefinitionController::editPartsAction() end.
[2026-07-05 16:48:21] [DEBUG] Screen::areaView() start...
[2026-07-05 16:48:21] [DEBUG] Screen::areaView() finish.
[2026-07-05 16:48:22] [DEBUG] --- wwProject System Start ---
[2026-07-05 16:48:22] [DEBUG] Router::Router() /jemini/wwProjectV1.34/Develop/Console/ServerBridgeAction/
[2026-07-05 16:48:22] [DEBUG] Attempting to load: \Develop\Controllers\ConsoleController::ServerBridgeAction
[2026-07-05 16:48:22] [DEBUG] Router: Executing \Develop\Controllers\ConsoleController->ServerBridgeAction
[2026-07-05 16:48:22] [DEBUG] ConsoleController::ServerBridge() start...
[2026-07-05 16:48:22] [DEBUG] ConsoleController::ServerBridge() \Develop\Controllers\PartsDefinitionController::editPartsAction()
[2026-07-05 16:48:22] [DEBUG] PartsDefinitionController::editPartsAction() start...
[2026-07-05 16:48:22] [DEBUG] PartsDefinitionModel::getAllPartsList() start... Project ID: PRJ-D45FEF
[2026-07-05 16:48:22] [DEBUG] PartsDefinitionModel::getTableStructure() start... Project ID: PRJ-D45FEF
[2026-07-05 16:48:22] [DEBUG] Screen::updateAreaE() [iframe起動版] path: \Develop\Views\AreaE\PartsDefinition\RegistParts.view start...
[2026-07-05 16:48:22] [DEBUG] Screen::getContents() start...
[2026-07-05 16:48:22] [DEBUG] Screen::getContents() finish.
[2026-07-05 16:48:22] [DEBUG] Screen::updateAreaE() finish.
[2026-07-05 16:48:22] [DEBUG] PartsDefinitionController::editPartsAction() end.
[2026-07-05 16:48:22] [DEBUG] Screen::areaView() start...
[2026-07-05 16:48:22] [DEBUG] Screen::areaView() finish.
[2026-07-05 16:48:23] [DEBUG] --- wwProject System Start ---
[2026-07-05 16:48:23] [DEBUG] Router::Router() /jemini/wwProjectV1.34/Develop/Console/ServerBridgeAction/
[2026-07-05 16:48:23] [DEBUG] Attempting to load: \Develop\Controllers\ConsoleController::ServerBridgeAction
[2026-07-05 16:48:23] [DEBUG] Router: Executing \Develop\Controllers\ConsoleController->ServerBridgeAction
[2026-07-05 16:48:23] [DEBUG] ConsoleController::ServerBridge() start...
[2026-07-05 16:48:23] [DEBUG] ConsoleController::ServerBridge() \Develop\Controllers\PartsDefinitionController::editPartsAction()
[2026-07-05 16:48:23] [DEBUG] PartsDefinitionController::editPartsAction() start...
[2026-07-05 16:48:23] [DEBUG] PartsDefinitionModel::getAllPartsList() start... Project ID: PRJ-D45FEF
[2026-07-05 16:48:23] [DEBUG] PartsDefinitionModel::getTableStructure() start... Project ID: PRJ-D45FEF
[2026-07-05 16:48:23] [DEBUG] Screen::updateAreaE() [iframe起動版] path: \Develop\Views\AreaE\PartsDefinition\RegistParts.view start...
[2026-07-05 16:48:23] [DEBUG] Screen::getContents() start...
[2026-07-05 16:48:23] [DEBUG] Screen::getContents() finish.
[2026-07-05 16:48:23] [DEBUG] Screen::updateAreaE() finish.
[2026-07-05 16:48:23] [DEBUG] PartsDefinitionController::editPartsAction() end.
[2026-07-05 16:48:23] [DEBUG] Screen::areaView() start...
[2026-07-05 16:48:23] [DEBUG] Screen::areaView() finish.
[2026-07-05 16:48:24] [DEBUG] --- wwProject System Start ---
[2026-07-05 16:48:24] [DEBUG] Router::Router() /jemini/wwProjectV1.34/Develop/Console/ServerBridgeAction/
[2026-07-05 16:48:24] [DEBUG] Attempting to load: \Develop\Controllers\ConsoleController::ServerBridgeAction
[2026-07-05 16:48:24] [DEBUG] Router: Executing \Develop\Controllers\ConsoleController->ServerBridgeAction
[2026-07-05 16:48:24] [DEBUG] ConsoleController::ServerBridge() start...
[2026-07-05 16:48:24] [DEBUG] ConsoleController::ServerBridge() \Develop\Controllers\PartsDefinitionController::editPartsAction()
[2026-07-05 16:48:24] [DEBUG] PartsDefinitionController::editPartsAction() start...
[2026-07-05 16:48:24] [DEBUG] PartsDefinitionModel::getAllPartsList() start... Project ID: PRJ-D45FEF
[2026-07-05 16:48:24] [DEBUG] PartsDefinitionModel::getTableStructure() start... Project ID: PRJ-D45FEF
[2026-07-05 16:48:24] [DEBUG] Screen::updateAreaE() [iframe起動版] path: \Develop\Views\AreaE\PartsDefinition\RegistParts.view start...
[2026-07-05 16:48:24] [DEBUG] Screen::getContents() start...
[2026-07-05 16:48:24] [DEBUG] Screen::getContents() finish.
[2026-07-05 16:48:24] [DEBUG] Screen::updateAreaE() finish.
[2026-07-05 16:48:24] [DEBUG] PartsDefinitionController::editPartsAction() end.
[2026-07-05 16:48:24] [DEBUG] Screen::areaView() start...
[2026-07-05 16:48:24] [DEBUG] Screen::areaView() finish.
[2026-07-05 16:48:27] [DEBUG] --- wwProject System Start ---
[2026-07-05 16:48:27] [DEBUG] Router::Router() /jemini/wwProjectV1.34/Develop/Console/ServerBridgeAction/
[2026-07-05 16:48:27] [DEBUG] Attempting to load: \Develop\Controllers\ConsoleController::ServerBridgeAction
[2026-07-05 16:48:27] [DEBUG] Router: Executing \Develop\Controllers\ConsoleController->ServerBridgeAction
[2026-07-05 16:48:27] [DEBUG] ConsoleController::ServerBridge() start...
[2026-07-05 16:48:27] [DEBUG] ConsoleController::ServerBridge() \Develop\Controllers\PartsDefinitionController::editPartsAction()
[2026-07-05 16:48:27] [DEBUG] PartsDefinitionController::editPartsAction() start...
[2026-07-05 16:48:27] [DEBUG] PartsDefinitionModel::getAllPartsList() start... Project ID: PRJ-D45FEF
[2026-07-05 16:48:27] [DEBUG] PartsDefinitionModel::getTableStructure() start... Project ID: PRJ-D45FEF
[2026-07-05 16:48:27] [DEBUG] Screen::updateAreaE() [iframe起動版] path: \Develop\Views\AreaE\PartsDefinition\RegistParts.view start...
[2026-07-05 16:48:27] [DEBUG] Screen::getContents() start...
[2026-07-05 16:48:27] [DEBUG] Screen::getContents() finish.
[2026-07-05 16:48:27] [DEBUG] Screen::updateAreaE() finish.
[2026-07-05 16:48:27] [DEBUG] PartsDefinitionController::editPartsAction() end.
[2026-07-05 16:48:27] [DEBUG] Screen::areaView() start...
[2026-07-05 16:48:27] [DEBUG] Screen::areaView() finish.
[2026-07-05 16:50:15] [DEBUG] --- wwProject System Start ---
[2026-07-05 16:50:15] [DEBUG] Router::Router() /jemini/wwProjectV1.34/Develop/Console/ServerBridgeAction/
[2026-07-05 16:50:15] [DEBUG] Attempting to load: \Develop\Controllers\ConsoleController::ServerBridgeAction
[2026-07-05 16:50:15] [DEBUG] Router: Executing \Develop\Controllers\ConsoleController->ServerBridgeAction
[2026-07-05 16:50:15] [DEBUG] ConsoleController::ServerBridge() start...
[2026-07-05 16:50:15] [DEBUG] ConsoleController::ServerBridge() \Develop\Controllers\PartsDefinitionController::editPartsAction()
[2026-07-05 16:50:15] [DEBUG] PartsDefinitionController::editPartsAction() start...
[2026-07-05 16:50:15] [DEBUG] PartsDefinitionModel::getAllPartsList() start... Project ID: PRJ-D45FEF
[2026-07-05 16:50:15] [DEBUG] PartsDefinitionModel::getColumnsByTableId() start... Input: developers
[2026-07-05 16:50:15] [DEBUG] 逆引き成功: 物理名 developers -> table_id : 6
[2026-07-05 16:50:15] [DEBUG] PartsDefinitionModel::getColumnsByTableId() finish. 件数: 9
[2026-07-05 16:50:15] [DEBUG] PartsDefinitionModel::getTableStructure() start... Project ID: PRJ-D45FEF
[2026-07-05 16:50:15] [DEBUG] Screen::updateAreaE() [iframe起動版] path: \Develop\Views\AreaE\PartsDefinition\RegistParts.view start...
[2026-07-05 16:50:15] [DEBUG] Screen::getContents() start...
[2026-07-05 16:50:15] [DEBUG] Screen::getContents() finish.
[2026-07-05 16:50:15] [DEBUG] Screen::updateAreaE() finish.
[2026-07-05 16:50:15] [DEBUG] PartsDefinitionController::editPartsAction() end.
[2026-07-05 16:50:15] [DEBUG] Screen::areaView() start...
[2026-07-05 16:50:15] [DEBUG] Screen::areaView() finish.
[2026-07-05 16:50:17] [DEBUG] --- wwProject System Start ---
[2026-07-05 16:50:17] [DEBUG] Router::Router() /jemini/wwProjectV1.34/Develop/Console/ServerBridgeAction/
[2026-07-05 16:50:17] [DEBUG] Attempting to load: \Develop\Controllers\ConsoleController::ServerBridgeAction
[2026-07-05 16:50:17] [DEBUG] Router: Executing \Develop\Controllers\ConsoleController->ServerBridgeAction
[2026-07-05 16:50:17] [DEBUG] ConsoleController::ServerBridge() start...
[2026-07-05 16:50:17] [DEBUG] ConsoleController::ServerBridge() \Develop\Controllers\PartsDefinitionController::editPartsAction()
[2026-07-05 16:50:17] [DEBUG] PartsDefinitionController::editPartsAction() start...
[2026-07-05 16:50:17] [DEBUG] PartsDefinitionModel::getAllPartsList() start... Project ID: PRJ-D45FEF
[2026-07-05 16:50:17] [DEBUG] PartsDefinitionModel::getColumnsByTableId() start... Input: developers
[2026-07-05 16:50:17] [DEBUG] 逆引き成功: 物理名 developers -> table_id : 6
[2026-07-05 16:50:17] [DEBUG] PartsDefinitionModel::getColumnsByTableId() finish. 件数: 9
[2026-07-05 16:50:17] [DEBUG] PartsDefinitionModel::getTableStructure() start... Project ID: PRJ-D45FEF
[2026-07-05 16:50:17] [DEBUG] Screen::updateAreaE() [iframe起動版] path: \Develop\Views\AreaE\PartsDefinition\RegistParts.view start...
[2026-07-05 16:50:17] [DEBUG] Screen::getContents() start...
[2026-07-05 16:50:17] [DEBUG] Screen::getContents() finish.
[2026-07-05 16:50:17] [DEBUG] Screen::updateAreaE() finish.
[2026-07-05 16:50:17] [DEBUG] PartsDefinitionController::editPartsAction() end.
[2026-07-05 16:50:17] [DEBUG] Screen::areaView() start...
[2026-07-05 16:50:17] [DEBUG] Screen::areaView() finish.
[2026-07-05 16:50:18] [DEBUG] --- wwProject System Start ---
[2026-07-05 16:50:18] [DEBUG] Router::Router() /jemini/wwProjectV1.34/Develop/Console/ServerBridgeAction/
[2026-07-05 16:50:18] [DEBUG] Attempting to load: \Develop\Controllers\ConsoleController::ServerBridgeAction
[2026-07-05 16:50:18] [DEBUG] Router: Executing \Develop\Controllers\ConsoleController->ServerBridgeAction
[2026-07-05 16:50:18] [DEBUG] ConsoleController::ServerBridge() start...
[2026-07-05 16:50:18] [DEBUG] ConsoleController::ServerBridge() \Develop\Controllers\PartsDefinitionController::editPartsAction()
[2026-07-05 16:50:18] [DEBUG] PartsDefinitionController::editPartsAction() start...
[2026-07-05 16:50:18] [DEBUG] PartsDefinitionModel::getAllPartsList() start... Project ID: PRJ-D45FEF
[2026-07-05 16:50:18] [DEBUG] PartsDefinitionModel::getColumnsByTableId() start... Input: developers
[2026-07-05 16:50:18] [DEBUG] 逆引き成功: 物理名 developers -> table_id : 6
[2026-07-05 16:50:18] [DEBUG] PartsDefinitionModel::getColumnsByTableId() finish. 件数: 9
[2026-07-05 16:50:18] [DEBUG] PartsDefinitionModel::getTableStructure() start... Project ID: PRJ-D45FEF
[2026-07-05 16:50:18] [DEBUG] Screen::updateAreaE() [iframe起動版] path: \Develop\Views\AreaE\PartsDefinition\RegistParts.view start...
[2026-07-05 16:50:18] [DEBUG] Screen::getContents() start...
[2026-07-05 16:50:18] [DEBUG] Screen::getContents() finish.
[2026-07-05 16:50:18] [DEBUG] Screen::updateAreaE() finish.
[2026-07-05 16:50:18] [DEBUG] PartsDefinitionController::editPartsAction() end.
[2026-07-05 16:50:18] [DEBUG] Screen::areaView() start...
[2026-07-05 16:50:18] [DEBUG] Screen::areaView() finish.
[2026-07-05 16:50:19] [DEBUG] --- wwProject System Start ---
[2026-07-05 16:50:19] [DEBUG] Router::Router() /jemini/wwProjectV1.34/Develop/Console/ServerBridgeAction/
[2026-07-05 16:50:19] [DEBUG] Attempting to load: \Develop\Controllers\ConsoleController::ServerBridgeAction
[2026-07-05 16:50:19] [DEBUG] Router: Executing \Develop\Controllers\ConsoleController->ServerBridgeAction
[2026-07-05 16:50:19] [DEBUG] ConsoleController::ServerBridge() start...
[2026-07-05 16:50:19] [DEBUG] ConsoleController::ServerBridge() \Develop\Controllers\PartsDefinitionController::editPartsAction()
[2026-07-05 16:50:19] [DEBUG] PartsDefinitionController::editPartsAction() start...
[2026-07-05 16:50:19] [DEBUG] PartsDefinitionModel::getAllPartsList() start... Project ID: PRJ-D45FEF
[2026-07-05 16:50:19] [DEBUG] PartsDefinitionModel::getColumnsByTableId() start... Input: developers
[2026-07-05 16:50:19] [DEBUG] 逆引き成功: 物理名 developers -> table_id : 6
[2026-07-05 16:50:19] [DEBUG] PartsDefinitionModel::getColumnsByTableId() finish. 件数: 9
[2026-07-05 16:50:19] [DEBUG] PartsDefinitionModel::getTableStructure() start... Project ID: PRJ-D45FEF
[2026-07-05 16:50:19] [DEBUG] Screen::updateAreaE() [iframe起動版] path: \Develop\Views\AreaE\PartsDefinition\RegistParts.view start...
[2026-07-05 16:50:19] [DEBUG] Screen::getContents() start...
[2026-07-05 16:50:19] [DEBUG] Screen::getContents() finish.
[2026-07-05 16:50:19] [DEBUG] Screen::updateAreaE() finish.
[2026-07-05 16:50:19] [DEBUG] PartsDefinitionController::editPartsAction() end.
[2026-07-05 16:50:19] [DEBUG] Screen::areaView() start...
[2026-07-05 16:50:19] [DEBUG] Screen::areaView() finish.
[2026-07-05 16:50:20] [DEBUG] --- wwProject System Start ---
[2026-07-05 16:50:20] [DEBUG] Router::Router() /jemini/wwProjectV1.34/Develop/Console/ServerBridgeAction/
[2026-07-05 16:50:20] [DEBUG] Attempting to load: \Develop\Controllers\ConsoleController::ServerBridgeAction
[2026-07-05 16:50:20] [DEBUG] Router: Executing \Develop\Controllers\ConsoleController->ServerBridgeAction
[2026-07-05 16:50:20] [DEBUG] ConsoleController::ServerBridge() start...
[2026-07-05 16:50:20] [DEBUG] ConsoleController::ServerBridge() \Develop\Controllers\PartsDefinitionController::editPartsAction()
[2026-07-05 16:50:20] [DEBUG] PartsDefinitionController::editPartsAction() start...
[2026-07-05 16:50:20] [DEBUG] PartsDefinitionModel::getAllPartsList() start... Project ID: PRJ-D45FEF
[2026-07-05 16:50:20] [DEBUG] PartsDefinitionModel::getTableStructure() start... Project ID: PRJ-D45FEF
[2026-07-05 16:50:20] [DEBUG] Screen::updateAreaE() [iframe起動版] path: \Develop\Views\AreaE\PartsDefinition\RegistParts.view start...
[2026-07-05 16:50:20] [DEBUG] Screen::getContents() start...
[2026-07-05 16:50:20] [DEBUG] Screen::getContents() finish.
[2026-07-05 16:50:20] [DEBUG] Screen::updateAreaE() finish.
[2026-07-05 16:50:20] [DEBUG] PartsDefinitionController::editPartsAction() end.
[2026-07-05 16:50:20] [DEBUG] Screen::areaView() start...
[2026-07-05 16:50:20] [DEBUG] Screen::areaView() finish.
[2026-07-05 16:50:21] [DEBUG] --- wwProject System Start ---
[2026-07-05 16:50:21] [DEBUG] Router::Router() /jemini/wwProjectV1.34/Develop/Console/ServerBridgeAction/
[2026-07-05 16:50:21] [DEBUG] Attempting to load: \Develop\Controllers\ConsoleController::ServerBridgeAction
[2026-07-05 16:50:21] [DEBUG] Router: Executing \Develop\Controllers\ConsoleController->ServerBridgeAction
[2026-07-05 16:50:21] [DEBUG] ConsoleController::ServerBridge() start...
[2026-07-05 16:50:21] [DEBUG] ConsoleController::ServerBridge() \Develop\Controllers\PartsDefinitionController::editPartsAction()
[2026-07-05 16:50:21] [DEBUG] PartsDefinitionController::editPartsAction() start...
[2026-07-05 16:50:21] [DEBUG] PartsDefinitionModel::getAllPartsList() start... Project ID: PRJ-D45FEF
[2026-07-05 16:50:21] [DEBUG] PartsDefinitionModel::getTableStructure() start... Project ID: PRJ-D45FEF
[2026-07-05 16:50:21] [DEBUG] Screen::updateAreaE() [iframe起動版] path: \Develop\Views\AreaE\PartsDefinition\RegistParts.view start...
[2026-07-05 16:50:21] [DEBUG] Screen::getContents() start...
[2026-07-05 16:50:21] [DEBUG] Screen::getContents() finish.
[2026-07-05 16:50:21] [DEBUG] Screen::updateAreaE() finish.
[2026-07-05 16:50:21] [DEBUG] PartsDefinitionController::editPartsAction() end.
[2026-07-05 16:50:21] [DEBUG] Screen::areaView() start...
[2026-07-05 16:50:21] [DEBUG] Screen::areaView() finish.
[2026-07-05 16:50:22] [DEBUG] --- wwProject System Start ---
[2026-07-05 16:50:22] [DEBUG] Router::Router() /jemini/wwProjectV1.34/Develop/Console/ServerBridgeAction/
[2026-07-05 16:50:22] [DEBUG] Attempting to load: \Develop\Controllers\ConsoleController::ServerBridgeAction
[2026-07-05 16:50:22] [DEBUG] Router: Executing \Develop\Controllers\ConsoleController->ServerBridgeAction
[2026-07-05 16:50:22] [DEBUG] ConsoleController::ServerBridge() start...
[2026-07-05 16:50:22] [DEBUG] ConsoleController::ServerBridge() \Develop\Controllers\PartsDefinitionController::editPartsAction()
[2026-07-05 16:50:22] [DEBUG] PartsDefinitionController::editPartsAction() start...
[2026-07-05 16:50:22] [DEBUG] PartsDefinitionModel::getAllPartsList() start... Project ID: PRJ-D45FEF
[2026-07-05 16:50:22] [DEBUG] PartsDefinitionModel::getTableStructure() start... Project ID: PRJ-D45FEF
[2026-07-05 16:50:22] [DEBUG] Screen::updateAreaE() [iframe起動版] path: \Develop\Views\AreaE\PartsDefinition\RegistParts.view start...
[2026-07-05 16:50:22] [DEBUG] Screen::getContents() start...
[2026-07-05 16:50:22] [DEBUG] Screen::getContents() finish.
[2026-07-05 16:50:22] [DEBUG] Screen::updateAreaE() finish.
[2026-07-05 16:50:22] [DEBUG] PartsDefinitionController::editPartsAction() end.
[2026-07-05 16:50:22] [DEBUG] Screen::areaView() start...
[2026-07-05 16:50:22] [DEBUG] Screen::areaView() finish.
[2026-07-05 16:50:24] [DEBUG] --- wwProject System Start ---
[2026-07-05 16:50:24] [DEBUG] Router::Router() /jemini/wwProjectV1.34/Develop/Console/ServerBridgeAction/
[2026-07-05 16:50:24] [DEBUG] Attempting to load: \Develop\Controllers\ConsoleController::ServerBridgeAction
[2026-07-05 16:50:24] [DEBUG] Router: Executing \Develop\Controllers\ConsoleController->ServerBridgeAction
[2026-07-05 16:50:24] [DEBUG] ConsoleController::ServerBridge() start...
[2026-07-05 16:50:24] [DEBUG] ConsoleController::ServerBridge() \Develop\Controllers\PartsDefinitionController::editPartsAction()
[2026-07-05 16:50:24] [DEBUG] PartsDefinitionController::editPartsAction() start...
[2026-07-05 16:50:24] [DEBUG] PartsDefinitionModel::getAllPartsList() start... Project ID: PRJ-D45FEF
[2026-07-05 16:50:24] [DEBUG] PartsDefinitionModel::getTableStructure() start... Project ID: PRJ-D45FEF
[2026-07-05 16:50:24] [DEBUG] Screen::updateAreaE() [iframe起動版] path: \Develop\Views\AreaE\PartsDefinition\RegistParts.view start...
[2026-07-05 16:50:24] [DEBUG] Screen::getContents() start...
[2026-07-05 16:50:24] [DEBUG] Screen::getContents() finish.
[2026-07-05 16:50:24] [DEBUG] Screen::updateAreaE() finish.
[2026-07-05 16:50:24] [DEBUG] PartsDefinitionController::editPartsAction() end.
[2026-07-05 16:50:24] [DEBUG] Screen::areaView() start...
[2026-07-05 16:50:24] [DEBUG] Screen::areaView() finish.
