[2026-07-21 00:18:40] [DEBUG] --- wwProject System Start ---
[2026-07-21 00:18:40] [DEBUG] Router::Router() /jemini/wwProjectV1.38/Develop/Console/initial/
[2026-07-21 00:18:40] [DEBUG] Attempting to load: \Develop\Controllers\ConsoleController::initialAction
[2026-07-21 00:18:40] [DEBUG] Router: Executing \Develop\Controllers\ConsoleController->initialAction
[2026-07-21 00:18:40] [DEBUG] Console::initialAction() start...
[2026-07-21 00:18:40] [DEBUG] Screen::view() path: \Develop\Views\Console\Console.view start...
[2026-07-21 00:18:40] [DEBUG] Screen::getContents() start...
[2026-07-21 00:18:40] [DEBUG] Screen::getContents() finish.
[2026-07-21 00:18:40] [DEBUG] Screen::view() path: \Develop\Views\Console\Console.view finish.
[2026-07-21 00:18:40] [DEBUG] ConsoleController::initialAction() finish.
[2026-07-21 00:18:40] [DEBUG] --- wwProject System Start ---
[2026-07-21 00:18:40] [DEBUG] Router::Router() /jemini/wwProjectV1.38/Develop/Console/ServerBridgeAction/
[2026-07-21 00:18:40] [DEBUG] Attempting to load: \Develop\Controllers\ConsoleController::ServerBridgeAction
[2026-07-21 00:18:40] [DEBUG] Router: Executing \Develop\Controllers\ConsoleController->ServerBridgeAction
[2026-07-21 00:18:40] [DEBUG] ConsoleController::ServerBridge() start...
[2026-07-21 00:18:40] [DEBUG] ConsoleController::ServerBridge() \Develop\Controllers\ConsoleController::areaInitialAction()
[2026-07-21 00:18:40] [DEBUG] ConsoleController::AreaInitialAction() start...
[2026-07-21 00:18:40] [DEBUG] Screen::updateAreaA() path: \Develop\Views\AreaA\Area_A.view start...
[2026-07-21 00:18:40] [DEBUG] Screen::areaView() sending JSON: ["areas"]
[2026-07-21 00:18:40] [DEBUG] Screen::getContents() start...
[2026-07-21 00:18:40] [DEBUG] Screen::getContents() finish.
[2026-07-21 00:18:40] [DEBUG] Screen::updateAreaA() finish.
[2026-07-21 00:18:40] [DEBUG] Screen::updateAreaB() path: \Develop\Views\AreaB\Area_B.view start...
[2026-07-21 00:18:40] [DEBUG] Screen::getContents() start...
[2026-07-21 00:18:40] [DEBUG] Screen::getContents() finish.
[2026-07-21 00:18:40] [DEBUG] Screen::updateAreaB() finish.
[2026-07-21 00:18:40] [DEBUG] Screen::updateAreaD() path: \Develop\Views\AreaD\Area_D_clear.view start...
[2026-07-21 00:18:40] [DEBUG] Screen::getContents() start...
[2026-07-21 00:18:40] [DEBUG] Screen::getContents() finish.
[2026-07-21 00:18:40] [DEBUG] Screen::updateAreaD() finish.
[2026-07-21 00:18:40] [DEBUG] Screen::updateAreaE() [iframe起動版] path: \Develop\Views\AreaE\Area_E_clear.view start...
[2026-07-21 00:18:40] [DEBUG] Screen::getContents() start...
[2026-07-21 00:18:40] [DEBUG] Screen::getContents() finish.
[2026-07-21 00:18:40] [DEBUG] Screen::updateAreaE() finish.
[2026-07-21 00:18:40] [DEBUG] Screen::updateAreaF() path: \Develop\Views\AreaF\Area_F.view start...
[2026-07-21 00:18:40] [DEBUG] Screen::getContents() start...
[2026-07-21 00:18:40] [DEBUG] Screen::getContents() finish.
[2026-07-21 00:18:40] [DEBUG] Screen::updateAreaF() finish.
[2026-07-21 00:18:40] [DEBUG] ProjectController::startProjectNabi() start...
[2026-07-21 00:18:40] [DEBUG] ProjectController::getProjectListHtml() start...
[2026-07-21 00:18:40] [DEBUG] ProjectModel::getProjectList() start...
[2026-07-21 00:18:40] [DEBUG] ProjectModel::getProjectList() finish.
[2026-07-21 00:18:40] [DEBUG] CodeMasterModel：：getCodesByGroup() start...
[2026-07-21 00:18:40] [DEBUG] CodeMasterModel：：getCodesByGroup() finish.
[2026-07-21 00:18:40] [DEBUG] ProjectController::getNaviFooterHtml() start...
[2026-07-21 00:18:40] [DEBUG] ProjectController::getNaviFooterHtml() finish.
[2026-07-21 00:18:40] [DEBUG] ProjectController::startProjectNabi() finish.
[2026-07-21 00:18:40] [DEBUG] Screen::updateAreaC() \Develop\Views\AreaC\Area_C.view start...
[2026-07-21 00:18:40] [DEBUG] Screen::getContents() start...
[2026-07-21 00:18:40] [DEBUG] Screen::getContents() finish.
[2026-07-21 00:18:40] [DEBUG] Screen::updateAreaC() finish.
[2026-07-21 00:18:40] [DEBUG] ConsoleController::AreaInitialAction() finish.
[2026-07-21 00:18:40] [DEBUG] Screen::areaView() start...
[2026-07-21 00:18:40] [DEBUG] Screen::areaView() finish.
[2026-07-21 00:18:43] [DEBUG] --- wwProject System Start ---
[2026-07-21 00:18:43] [DEBUG] Router::Router() /jemini/wwProjectV1.38/Develop/Console/ServerBridgeAction/
[2026-07-21 00:18:43] [DEBUG] Attempting to load: \Develop\Controllers\ConsoleController::ServerBridgeAction
[2026-07-21 00:18:43] [DEBUG] Router: Executing \Develop\Controllers\ConsoleController->ServerBridgeAction
[2026-07-21 00:18:43] [DEBUG] ConsoleController::ServerBridge() start...
[2026-07-21 00:18:43] [DEBUG] ConsoleController::ServerBridge() \Develop\Controllers\DBDefinitionController::initialAction()
[2026-07-21 00:18:44] [DEBUG] DBDefinitionController::initialAction() start...
[2026-07-21 00:18:44] [DEBUG] DBDefinitionModel::getTableList() start...
[2026-07-21 00:18:44] [DEBUG] DBDefinitionModel::getTableList() finish. 取得件数: 5
[2026-07-21 00:18:44] [DEBUG] Screen::updateAreaD() path: \Develop\Views\AreaD\DBDefinition\DBDefinitionList.view start...
[2026-07-21 00:18:44] [DEBUG] Screen::getContents() start...
[2026-07-21 00:18:44] [DEBUG] Screen::getContents() finish.
[2026-07-21 00:18:44] [DEBUG] Screen::updateAreaD() finish.
[2026-07-21 00:18:44] [DEBUG] Screen::updateAreaE() [iframe起動版] path: \Develop\Views\AreaE\Area_E_clear.view start...
[2026-07-21 00:18:44] [DEBUG] Screen::getContents() start...
[2026-07-21 00:18:44] [DEBUG] Screen::getContents() finish.
[2026-07-21 00:18:44] [DEBUG] Screen::updateAreaE() finish.
[2026-07-21 00:18:44] [DEBUG] DBDefinitionController::initialAction() end.
[2026-07-21 00:18:44] [DEBUG] Screen::areaView() start...
[2026-07-21 00:18:44] [DEBUG] Screen::areaView() finish.
[2026-07-21 00:18:44] [DEBUG] --- wwProject System Start ---
[2026-07-21 00:18:44] [DEBUG] Router::Router() /jemini/wwProjectV1.38/Develop/Console/ServerBridgeAction/
[2026-07-21 00:18:44] [DEBUG] Attempting to load: \Develop\Controllers\ConsoleController::ServerBridgeAction
[2026-07-21 00:18:44] [DEBUG] Router: Executing \Develop\Controllers\ConsoleController->ServerBridgeAction
[2026-07-21 00:18:44] [DEBUG] ConsoleController::ServerBridge() start...
[2026-07-21 00:18:44] [DEBUG] ConsoleController::ServerBridge() \Develop\Controllers\PartsDefinitionController::InitialAction()
[2026-07-21 00:18:44] [DEBUG] DBDefinitionController::initialAction() start...
[2026-07-21 00:18:44] [DEBUG] PartsDefinitionController::initialAction() projectId : PRJ-D45FEF
[2026-07-21 00:18:44] [DEBUG] PartsDefinitionModel::getAllPartsList() start... Project ID: PRJ-D45FEF
[2026-07-21 00:18:44] [DEBUG] Screen::updateAreaD() path: \Develop\Views\AreaD\PartsDefinition\PartsDefinitionList.view start...
[2026-07-21 00:18:44] [DEBUG] Screen::getContents() start...
[2026-07-21 00:18:44] [DEBUG] Screen::getContents() finish.
[2026-07-21 00:18:44] [DEBUG] Screen::updateAreaD() finish.
[2026-07-21 00:18:44] [DEBUG] Screen::updateAreaE() [iframe起動版] path: \Develop\Views\AreaE\Area_E_clear.view start...
[2026-07-21 00:18:44] [DEBUG] Screen::getContents() start...
[2026-07-21 00:18:44] [DEBUG] Screen::getContents() finish.
[2026-07-21 00:18:44] [DEBUG] Screen::updateAreaE() finish.
[2026-07-21 00:18:44] [DEBUG] DBDefinitionController::initialAction() end.
[2026-07-21 00:18:44] [DEBUG] Screen::areaView() start...
[2026-07-21 00:18:44] [DEBUG] Screen::areaView() finish.
[2026-07-21 00:18:45] [DEBUG] --- wwProject System Start ---
[2026-07-21 00:18:45] [DEBUG] Router::Router() /jemini/wwProjectV1.38/Develop/Console/ServerBridgeAction/
[2026-07-21 00:18:45] [DEBUG] Attempting to load: \Develop\Controllers\ConsoleController::ServerBridgeAction
[2026-07-21 00:18:45] [DEBUG] Router: Executing \Develop\Controllers\ConsoleController->ServerBridgeAction
[2026-07-21 00:18:45] [DEBUG] ConsoleController::ServerBridge() start...
[2026-07-21 00:18:45] [DEBUG] ConsoleController::ServerBridge() \Develop\Controllers\PartsDefinitionController::editPartsAction()
[2026-07-21 00:18:45] [DEBUG] PartsDefinitionController::editPartsAction() start...
[2026-07-21 00:18:45] [DEBUG] PartsDefinitionModel::getAllPartsList() start... Project ID: PRJ-D45FEF
[2026-07-21 00:18:45] [DEBUG] PartsDefinitionModel::getColumnsByTableId() start... Input: developers
[2026-07-21 00:18:45] [DEBUG] 逆引き成功: 物理名 developers -> table_id : 14
[2026-07-21 00:18:45] [DEBUG] PartsDefinitionModel::getColumnsByTableId() finish. 件数: 9
[2026-07-21 00:18:45] [DEBUG] PartsDefinitionModel::getTableStructure() start... Project ID: PRJ-D45FEF
[2026-07-21 00:18:45] [DEBUG] Screen::updateAreaE() [iframe起動版] path: \Develop\Views\AreaE\PartsDefinition\RegistParts.view start...
[2026-07-21 00:18:45] [DEBUG] Screen::getContents() start...
[2026-07-21 00:18:45] [DEBUG] Screen::getContents() finish.
[2026-07-21 00:18:45] [DEBUG] Screen::updateAreaE() finish.
[2026-07-21 00:18:45] [DEBUG] PartsDefinitionController::editPartsAction() end.
[2026-07-21 00:18:45] [DEBUG] Screen::areaView() start...
[2026-07-21 00:18:45] [DEBUG] Screen::areaView() finish.
[2026-07-21 00:18:49] [DEBUG] --- wwProject System Start ---
[2026-07-21 00:18:49] [DEBUG] Router::Router() /jemini/wwProjectV1.38/Develop/Console/ServerBridgeAction/
[2026-07-21 00:18:49] [DEBUG] Attempting to load: \Develop\Controllers\ConsoleController::ServerBridgeAction
[2026-07-21 00:18:49] [DEBUG] Router: Executing \Develop\Controllers\ConsoleController->ServerBridgeAction
[2026-07-21 00:18:49] [DEBUG] ConsoleController::ServerBridge() start...
[2026-07-21 00:18:49] [DEBUG] ConsoleController::ServerBridge() \Develop\Controllers\PartsDefinitionController::editPartsAction()
[2026-07-21 00:18:49] [DEBUG] PartsDefinitionController::editPartsAction() start...
[2026-07-21 00:18:49] [DEBUG] PartsDefinitionModel::getAllPartsList() start... Project ID: PRJ-D45FEF
[2026-07-21 00:18:49] [DEBUG] PartsDefinitionModel::getColumnsByTableId() start... Input: developers
[2026-07-21 00:18:49] [DEBUG] 逆引き成功: 物理名 developers -> table_id : 14
[2026-07-21 00:18:49] [DEBUG] PartsDefinitionModel::getColumnsByTableId() finish. 件数: 9
[2026-07-21 00:18:49] [DEBUG] PartsDefinitionModel::getTableStructure() start... Project ID: PRJ-D45FEF
[2026-07-21 00:18:49] [DEBUG] Screen::updateAreaE() [iframe起動版] path: \Develop\Views\AreaE\PartsDefinition\RegistParts.view start...
[2026-07-21 00:18:49] [DEBUG] Screen::getContents() start...
[2026-07-21 00:18:49] [DEBUG] Screen::getContents() finish.
[2026-07-21 00:18:49] [DEBUG] Screen::updateAreaE() finish.
[2026-07-21 00:18:49] [DEBUG] PartsDefinitionController::editPartsAction() end.
[2026-07-21 00:18:49] [DEBUG] Screen::areaView() start...
[2026-07-21 00:18:49] [DEBUG] Screen::areaView() finish.
[2026-07-21 00:18:55] [DEBUG] --- wwProject System Start ---
[2026-07-21 00:18:55] [DEBUG] Router::Router() /jemini/wwProjectV1.38/Develop/Console/ServerBridgeAction/
[2026-07-21 00:18:55] [DEBUG] Attempting to load: \Develop\Controllers\ConsoleController::ServerBridgeAction
[2026-07-21 00:18:55] [DEBUG] Router: Executing \Develop\Controllers\ConsoleController->ServerBridgeAction
[2026-07-21 00:18:55] [DEBUG] ConsoleController::ServerBridge() start...
[2026-07-21 00:18:55] [DEBUG] ConsoleController::ServerBridge() \Develop\Controllers\PartsDefinitionController::editPartsAction()
[2026-07-21 00:18:55] [DEBUG] PartsDefinitionController::editPartsAction() start...
[2026-07-21 00:18:55] [DEBUG] PartsDefinitionModel::getAllPartsList() start... Project ID: PRJ-D45FEF
[2026-07-21 00:18:55] [DEBUG] PartsDefinitionModel::getColumnsByTableId() start... Input: developers
[2026-07-21 00:18:55] [DEBUG] 逆引き成功: 物理名 developers -> table_id : 14
[2026-07-21 00:18:55] [DEBUG] PartsDefinitionModel::getColumnsByTableId() finish. 件数: 9
[2026-07-21 00:18:55] [DEBUG] PartsDefinitionModel::getTableStructure() start... Project ID: PRJ-D45FEF
[2026-07-21 00:18:55] [DEBUG] Screen::updateAreaE() [iframe起動版] path: \Develop\Views\AreaE\PartsDefinition\RegistParts.view start...
[2026-07-21 00:18:55] [DEBUG] Screen::getContents() start...
[2026-07-21 00:18:55] [DEBUG] Screen::getContents() finish.
[2026-07-21 00:18:55] [DEBUG] Screen::updateAreaE() finish.
[2026-07-21 00:18:55] [DEBUG] PartsDefinitionController::editPartsAction() end.
[2026-07-21 00:18:55] [DEBUG] Screen::areaView() start...
[2026-07-21 00:18:55] [DEBUG] Screen::areaView() finish.
[2026-07-21 01:32:41] [DEBUG] --- wwProject System Start ---
[2026-07-21 01:32:41] [DEBUG] Router::Router() /jemini/wwProjectV1.38/Develop/Console/initial/
[2026-07-21 01:32:41] [DEBUG] Attempting to load: \Develop\Controllers\ConsoleController::initialAction
[2026-07-21 01:32:41] [DEBUG] Router: Executing \Develop\Controllers\ConsoleController->initialAction
[2026-07-21 01:32:41] [DEBUG] Console::initialAction() start...
[2026-07-21 01:32:41] [DEBUG] Screen::view() path: \Develop\Views\Console\Console.view start...
[2026-07-21 01:32:41] [DEBUG] Screen::getContents() start...
[2026-07-21 01:32:41] [DEBUG] Screen::getContents() finish.
[2026-07-21 01:32:41] [DEBUG] Screen::view() path: \Develop\Views\Console\Console.view finish.
[2026-07-21 01:32:41] [DEBUG] ConsoleController::initialAction() finish.
[2026-07-21 01:32:41] [DEBUG] --- wwProject System Start ---
[2026-07-21 01:32:41] [DEBUG] Router::Router() /jemini/wwProjectV1.38/Develop/Console/ServerBridgeAction/
[2026-07-21 01:32:41] [DEBUG] Attempting to load: \Develop\Controllers\ConsoleController::ServerBridgeAction
[2026-07-21 01:32:41] [DEBUG] Router: Executing \Develop\Controllers\ConsoleController->ServerBridgeAction
[2026-07-21 01:32:41] [DEBUG] ConsoleController::ServerBridge() start...
[2026-07-21 01:32:41] [DEBUG] ConsoleController::ServerBridge() \Develop\Controllers\ConsoleController::areaInitialAction()
[2026-07-21 01:32:41] [DEBUG] ConsoleController::AreaInitialAction() start...
[2026-07-21 01:32:41] [DEBUG] Screen::updateAreaA() path: \Develop\Views\AreaA\Area_A.view start...
[2026-07-21 01:32:41] [DEBUG] Screen::areaView() sending JSON: ["areas"]
[2026-07-21 01:32:41] [DEBUG] Screen::getContents() start...
[2026-07-21 01:32:41] [DEBUG] Screen::getContents() finish.
[2026-07-21 01:32:41] [DEBUG] Screen::updateAreaA() finish.
[2026-07-21 01:32:41] [DEBUG] Screen::updateAreaB() path: \Develop\Views\AreaB\Area_B.view start...
[2026-07-21 01:32:41] [DEBUG] Screen::getContents() start...
[2026-07-21 01:32:41] [DEBUG] Screen::getContents() finish.
[2026-07-21 01:32:41] [DEBUG] Screen::updateAreaB() finish.
[2026-07-21 01:32:41] [DEBUG] Screen::updateAreaD() path: \Develop\Views\AreaD\Area_D_clear.view start...
[2026-07-21 01:32:41] [DEBUG] Screen::getContents() start...
[2026-07-21 01:32:41] [DEBUG] Screen::getContents() finish.
[2026-07-21 01:32:41] [DEBUG] Screen::updateAreaD() finish.
[2026-07-21 01:32:41] [DEBUG] Screen::updateAreaE() [iframe起動版] path: \Develop\Views\AreaE\Area_E_clear.view start...
[2026-07-21 01:32:41] [DEBUG] Screen::getContents() start...
[2026-07-21 01:32:41] [DEBUG] Screen::getContents() finish.
[2026-07-21 01:32:41] [DEBUG] Screen::updateAreaE() finish.
[2026-07-21 01:32:41] [DEBUG] Screen::updateAreaF() path: \Develop\Views\AreaF\Area_F.view start...
[2026-07-21 01:32:41] [DEBUG] Screen::getContents() start...
[2026-07-21 01:32:41] [DEBUG] Screen::getContents() finish.
[2026-07-21 01:32:41] [DEBUG] Screen::updateAreaF() finish.
[2026-07-21 01:32:41] [DEBUG] ProjectController::startProjectNabi() start...
[2026-07-21 01:32:41] [DEBUG] ProjectController::getProjectListHtml() start...
[2026-07-21 01:32:41] [DEBUG] ProjectModel::getProjectList() start...
[2026-07-21 01:32:41] [DEBUG] ProjectModel::getProjectList() finish.
[2026-07-21 01:32:41] [DEBUG] CodeMasterModel：：getCodesByGroup() start...
[2026-07-21 01:32:41] [DEBUG] CodeMasterModel：：getCodesByGroup() finish.
[2026-07-21 01:32:41] [DEBUG] ProjectController::getNaviFooterHtml() start...
[2026-07-21 01:32:41] [DEBUG] ProjectController::getNaviFooterHtml() finish.
[2026-07-21 01:32:41] [DEBUG] ProjectController::startProjectNabi() finish.
[2026-07-21 01:32:41] [DEBUG] Screen::updateAreaC() \Develop\Views\AreaC\Area_C.view start...
[2026-07-21 01:32:41] [DEBUG] Screen::getContents() start...
[2026-07-21 01:32:41] [DEBUG] Screen::getContents() finish.
[2026-07-21 01:32:41] [DEBUG] Screen::updateAreaC() finish.
[2026-07-21 01:32:41] [DEBUG] ConsoleController::AreaInitialAction() finish.
[2026-07-21 01:32:41] [DEBUG] Screen::areaView() start...
[2026-07-21 01:32:41] [DEBUG] Screen::areaView() finish.
[2026-07-21 01:32:45] [DEBUG] --- wwProject System Start ---
[2026-07-21 01:32:45] [DEBUG] Router::Router() /jemini/wwProjectV1.38/Develop/Console/ServerBridgeAction/
[2026-07-21 01:32:45] [DEBUG] Attempting to load: \Develop\Controllers\ConsoleController::ServerBridgeAction
[2026-07-21 01:32:45] [DEBUG] Router: Executing \Develop\Controllers\ConsoleController->ServerBridgeAction
[2026-07-21 01:32:45] [DEBUG] ConsoleController::ServerBridge() start...
[2026-07-21 01:32:45] [DEBUG] ConsoleController::ServerBridge() \Develop\Controllers\PartsDefinitionController::InitialAction()
[2026-07-21 01:32:45] [DEBUG] DBDefinitionController::initialAction() start...
[2026-07-21 01:32:45] [DEBUG] PartsDefinitionController::initialAction() projectId : PRJ-D45FEF
[2026-07-21 01:32:45] [DEBUG] PartsDefinitionModel::getAllPartsList() start... Project ID: PRJ-D45FEF
[2026-07-21 01:32:45] [DEBUG] Screen::updateAreaD() path: \Develop\Views\AreaD\PartsDefinition\PartsDefinitionList.view start...
[2026-07-21 01:32:45] [DEBUG] Screen::getContents() start...
[2026-07-21 01:32:45] [DEBUG] Screen::getContents() finish.
[2026-07-21 01:32:45] [DEBUG] Screen::updateAreaD() finish.
[2026-07-21 01:32:45] [DEBUG] Screen::updateAreaE() [iframe起動版] path: \Develop\Views\AreaE\Area_E_clear.view start...
[2026-07-21 01:32:45] [DEBUG] Screen::getContents() start...
[2026-07-21 01:32:45] [DEBUG] Screen::getContents() finish.
[2026-07-21 01:32:45] [DEBUG] Screen::updateAreaE() finish.
[2026-07-21 01:32:45] [DEBUG] DBDefinitionController::initialAction() end.
[2026-07-21 01:32:45] [DEBUG] Screen::areaView() start...
[2026-07-21 01:32:45] [DEBUG] Screen::areaView() finish.
[2026-07-21 01:32:47] [DEBUG] --- wwProject System Start ---
[2026-07-21 01:32:47] [DEBUG] Router::Router() /jemini/wwProjectV1.38/Develop/Console/ServerBridgeAction/
[2026-07-21 01:32:47] [DEBUG] Attempting to load: \Develop\Controllers\ConsoleController::ServerBridgeAction
[2026-07-21 01:32:47] [DEBUG] Router: Executing \Develop\Controllers\ConsoleController->ServerBridgeAction
[2026-07-21 01:32:47] [DEBUG] ConsoleController::ServerBridge() start...
[2026-07-21 01:32:47] [DEBUG] ConsoleController::ServerBridge() \Develop\Controllers\PartsDefinitionController::editPartsAction()
[2026-07-21 01:32:47] [DEBUG] PartsDefinitionController::editPartsAction() start...
[2026-07-21 01:32:47] [DEBUG] PartsDefinitionModel::getAllPartsList() start... Project ID: PRJ-D45FEF
[2026-07-21 01:32:47] [DEBUG] PartsDefinitionModel::getColumnsByTableId() start... Input: developers
[2026-07-21 01:32:47] [DEBUG] 逆引き成功: 物理名 developers -> table_id : 14
[2026-07-21 01:32:47] [DEBUG] PartsDefinitionModel::getColumnsByTableId() finish. 件数: 9
[2026-07-21 01:32:47] [DEBUG] PartsDefinitionModel::getTableStructure() start... Project ID: PRJ-D45FEF
[2026-07-21 01:32:47] [DEBUG] Screen::updateAreaE() [iframe起動版] path: \Develop\Views\AreaE\PartsDefinition\RegistParts.view start...
[2026-07-21 01:32:47] [DEBUG] Screen::getContents() start...
[2026-07-21 01:32:47] [DEBUG] Screen::getContents() finish.
[2026-07-21 01:32:47] [DEBUG] Screen::updateAreaE() finish.
[2026-07-21 01:32:47] [DEBUG] PartsDefinitionController::editPartsAction() end.
[2026-07-21 01:32:47] [DEBUG] Screen::areaView() start...
[2026-07-21 01:32:47] [DEBUG] Screen::areaView() finish.
[2026-07-21 01:32:49] [DEBUG] --- wwProject System Start ---
[2026-07-21 01:32:49] [DEBUG] Router::Router() /jemini/wwProjectV1.38/Develop/Console/ServerBridgeAction/
[2026-07-21 01:32:49] [DEBUG] Attempting to load: \Develop\Controllers\ConsoleController::ServerBridgeAction
[2026-07-21 01:32:49] [DEBUG] Router: Executing \Develop\Controllers\ConsoleController->ServerBridgeAction
[2026-07-21 01:32:49] [DEBUG] ConsoleController::ServerBridge() start...
[2026-07-21 01:32:49] [DEBUG] ConsoleController::ServerBridge() \Develop\Controllers\PartsDefinitionController::editPartsAction()
[2026-07-21 01:32:49] [DEBUG] PartsDefinitionController::editPartsAction() start...
[2026-07-21 01:32:49] [DEBUG] PartsDefinitionModel::getAllPartsList() start... Project ID: PRJ-D45FEF
[2026-07-21 01:32:49] [DEBUG] PartsDefinitionModel::getColumnsByTableId() start... Input: developers
[2026-07-21 01:32:49] [DEBUG] 逆引き成功: 物理名 developers -> table_id : 14
[2026-07-21 01:32:49] [DEBUG] PartsDefinitionModel::getColumnsByTableId() finish. 件数: 9
[2026-07-21 01:32:49] [DEBUG] PartsDefinitionModel::getTableStructure() start... Project ID: PRJ-D45FEF
[2026-07-21 01:32:49] [DEBUG] Screen::updateAreaE() [iframe起動版] path: \Develop\Views\AreaE\PartsDefinition\RegistParts.view start...
[2026-07-21 01:32:49] [DEBUG] Screen::getContents() start...
[2026-07-21 01:32:49] [DEBUG] Screen::getContents() finish.
[2026-07-21 01:32:49] [DEBUG] Screen::updateAreaE() finish.
[2026-07-21 01:32:49] [DEBUG] PartsDefinitionController::editPartsAction() end.
[2026-07-21 01:32:49] [DEBUG] Screen::areaView() start...
[2026-07-21 01:32:49] [DEBUG] Screen::areaView() finish.
[2026-07-21 01:32:51] [DEBUG] --- wwProject System Start ---
[2026-07-21 01:32:51] [DEBUG] Router::Router() /jemini/wwProjectV1.38/Develop/Console/ServerBridgeAction/
[2026-07-21 01:32:51] [DEBUG] Attempting to load: \Develop\Controllers\ConsoleController::ServerBridgeAction
[2026-07-21 01:32:51] [DEBUG] Router: Executing \Develop\Controllers\ConsoleController->ServerBridgeAction
[2026-07-21 01:32:51] [DEBUG] ConsoleController::ServerBridge() start...
[2026-07-21 01:32:51] [DEBUG] ConsoleController::ServerBridge() \Develop\Controllers\PartsDefinitionController::editPartsAction()
[2026-07-21 01:32:51] [DEBUG] PartsDefinitionController::editPartsAction() start...
[2026-07-21 01:32:51] [DEBUG] PartsDefinitionModel::getAllPartsList() start... Project ID: PRJ-D45FEF
[2026-07-21 01:32:51] [DEBUG] PartsDefinitionModel::getColumnsByTableId() start... Input: newDevelopers
[2026-07-21 01:32:51] [DEBUG] 逆引き成功: 物理名 newDevelopers -> table_id : 12
[2026-07-21 01:32:51] [DEBUG] PartsDefinitionModel::getColumnsByTableId() finish. 件数: 9
[2026-07-21 01:32:51] [DEBUG] PartsDefinitionModel::getTableStructure() start... Project ID: PRJ-D45FEF
[2026-07-21 01:32:51] [DEBUG] Screen::updateAreaE() [iframe起動版] path: \Develop\Views\AreaE\PartsDefinition\RegistParts.view start...
[2026-07-21 01:32:51] [DEBUG] Screen::getContents() start...
[2026-07-21 01:32:51] [DEBUG] Screen::getContents() finish.
[2026-07-21 01:32:51] [DEBUG] Screen::updateAreaE() finish.
[2026-07-21 01:32:51] [DEBUG] PartsDefinitionController::editPartsAction() end.
[2026-07-21 01:32:51] [DEBUG] Screen::areaView() start...
[2026-07-21 01:32:51] [DEBUG] Screen::areaView() finish.
[2026-07-21 01:32:53] [DEBUG] --- wwProject System Start ---
[2026-07-21 01:32:53] [DEBUG] Router::Router() /jemini/wwProjectV1.38/Develop/Console/ServerBridgeAction/
[2026-07-21 01:32:53] [DEBUG] Attempting to load: \Develop\Controllers\ConsoleController::ServerBridgeAction
[2026-07-21 01:32:53] [DEBUG] Router: Executing \Develop\Controllers\ConsoleController->ServerBridgeAction
[2026-07-21 01:32:53] [DEBUG] ConsoleController::ServerBridge() start...
[2026-07-21 01:32:53] [DEBUG] ConsoleController::ServerBridge() \Develop\Controllers\PartsDefinitionController::editPartsAction()
[2026-07-21 01:32:53] [DEBUG] PartsDefinitionController::editPartsAction() start...
[2026-07-21 01:32:53] [DEBUG] PartsDefinitionModel::getAllPartsList() start... Project ID: PRJ-D45FEF
[2026-07-21 01:32:53] [DEBUG] PartsDefinitionModel::getColumnsByTableId() start... Input: newDevelopers
[2026-07-21 01:32:53] [DEBUG] 逆引き成功: 物理名 newDevelopers -> table_id : 12
[2026-07-21 01:32:53] [DEBUG] PartsDefinitionModel::getColumnsByTableId() finish. 件数: 9
[2026-07-21 01:32:53] [DEBUG] PartsDefinitionModel::getTableStructure() start... Project ID: PRJ-D45FEF
[2026-07-21 01:32:53] [DEBUG] Screen::updateAreaE() [iframe起動版] path: \Develop\Views\AreaE\PartsDefinition\RegistParts.view start...
[2026-07-21 01:32:53] [DEBUG] Screen::getContents() start...
[2026-07-21 01:32:53] [DEBUG] Screen::getContents() finish.
[2026-07-21 01:32:53] [DEBUG] Screen::updateAreaE() finish.
[2026-07-21 01:32:53] [DEBUG] PartsDefinitionController::editPartsAction() end.
[2026-07-21 01:32:53] [DEBUG] Screen::areaView() start...
[2026-07-21 01:32:53] [DEBUG] Screen::areaView() finish.
[2026-07-21 01:32:55] [DEBUG] --- wwProject System Start ---
[2026-07-21 01:32:55] [DEBUG] Router::Router() /jemini/wwProjectV1.38/Develop/Console/ServerBridgeAction/
[2026-07-21 01:32:55] [DEBUG] Attempting to load: \Develop\Controllers\ConsoleController::ServerBridgeAction
[2026-07-21 01:32:55] [DEBUG] Router: Executing \Develop\Controllers\ConsoleController->ServerBridgeAction
[2026-07-21 01:32:55] [DEBUG] ConsoleController::ServerBridge() start...
[2026-07-21 01:32:55] [DEBUG] ConsoleController::ServerBridge() \Develop\Controllers\PartsDefinitionController::editPartsAction()
[2026-07-21 01:32:55] [DEBUG] PartsDefinitionController::editPartsAction() start...
[2026-07-21 01:32:55] [DEBUG] PartsDefinitionModel::getAllPartsList() start... Project ID: PRJ-D45FEF
[2026-07-21 01:32:55] [DEBUG] PartsDefinitionModel::getColumnsByTableId() start... Input: newDevelopers
[2026-07-21 01:32:55] [DEBUG] 逆引き成功: 物理名 newDevelopers -> table_id : 12
[2026-07-21 01:32:55] [DEBUG] PartsDefinitionModel::getColumnsByTableId() finish. 件数: 9
[2026-07-21 01:32:55] [DEBUG] PartsDefinitionModel::getTableStructure() start... Project ID: PRJ-D45FEF
[2026-07-21 01:32:55] [DEBUG] Screen::updateAreaE() [iframe起動版] path: \Develop\Views\AreaE\PartsDefinition\RegistParts.view start...
[2026-07-21 01:32:55] [DEBUG] Screen::getContents() start...
[2026-07-21 01:32:55] [DEBUG] Screen::getContents() finish.
[2026-07-21 01:32:55] [DEBUG] Screen::updateAreaE() finish.
[2026-07-21 01:32:55] [DEBUG] PartsDefinitionController::editPartsAction() end.
[2026-07-21 01:32:55] [DEBUG] Screen::areaView() start...
[2026-07-21 01:32:55] [DEBUG] Screen::areaView() finish.
[2026-07-21 01:32:57] [DEBUG] --- wwProject System Start ---
[2026-07-21 01:32:57] [DEBUG] Router::Router() /jemini/wwProjectV1.38/Develop/Console/ServerBridgeAction/
[2026-07-21 01:32:57] [DEBUG] Attempting to load: \Develop\Controllers\ConsoleController::ServerBridgeAction
[2026-07-21 01:32:57] [DEBUG] Router: Executing \Develop\Controllers\ConsoleController->ServerBridgeAction
[2026-07-21 01:32:57] [DEBUG] ConsoleController::ServerBridge() start...
[2026-07-21 01:32:57] [DEBUG] ConsoleController::ServerBridge() \Develop\Controllers\PartsDefinitionController::editPartsAction()
[2026-07-21 01:32:57] [DEBUG] PartsDefinitionController::editPartsAction() start...
[2026-07-21 01:32:57] [DEBUG] PartsDefinitionModel::getAllPartsList() start... Project ID: PRJ-D45FEF
[2026-07-21 01:32:57] [DEBUG] PartsDefinitionModel::getTableStructure() start... Project ID: PRJ-D45FEF
[2026-07-21 01:32:57] [DEBUG] Screen::updateAreaE() [iframe起動版] path: \Develop\Views\AreaE\PartsDefinition\RegistParts.view start...
[2026-07-21 01:32:57] [DEBUG] Screen::getContents() start...
[2026-07-21 01:32:57] [DEBUG] Screen::getContents() finish.
[2026-07-21 01:32:57] [DEBUG] Screen::updateAreaE() finish.
[2026-07-21 01:32:57] [DEBUG] PartsDefinitionController::editPartsAction() end.
[2026-07-21 01:32:57] [DEBUG] Screen::areaView() start...
[2026-07-21 01:32:57] [DEBUG] Screen::areaView() finish.
[2026-07-21 01:32:58] [DEBUG] --- wwProject System Start ---
[2026-07-21 01:32:58] [DEBUG] Router::Router() /jemini/wwProjectV1.38/Develop/Console/ServerBridgeAction/
[2026-07-21 01:32:58] [DEBUG] Attempting to load: \Develop\Controllers\ConsoleController::ServerBridgeAction
[2026-07-21 01:32:58] [DEBUG] Router: Executing \Develop\Controllers\ConsoleController->ServerBridgeAction
[2026-07-21 01:32:58] [DEBUG] ConsoleController::ServerBridge() start...
[2026-07-21 01:32:58] [DEBUG] ConsoleController::ServerBridge() \Develop\Controllers\PartsDefinitionController::editPartsAction()
[2026-07-21 01:32:58] [DEBUG] PartsDefinitionController::editPartsAction() start...
[2026-07-21 01:32:58] [DEBUG] PartsDefinitionModel::getAllPartsList() start... Project ID: PRJ-D45FEF
[2026-07-21 01:32:58] [DEBUG] PartsDefinitionModel::getTableStructure() start... Project ID: PRJ-D45FEF
[2026-07-21 01:32:58] [DEBUG] Screen::updateAreaE() [iframe起動版] path: \Develop\Views\AreaE\PartsDefinition\RegistParts.view start...
[2026-07-21 01:32:58] [DEBUG] Screen::getContents() start...
[2026-07-21 01:32:58] [DEBUG] Screen::getContents() finish.
[2026-07-21 01:32:58] [DEBUG] Screen::updateAreaE() finish.
[2026-07-21 01:32:58] [DEBUG] PartsDefinitionController::editPartsAction() end.
[2026-07-21 01:32:58] [DEBUG] Screen::areaView() start...
[2026-07-21 01:32:58] [DEBUG] Screen::areaView() finish.
[2026-07-21 01:32:59] [DEBUG] --- wwProject System Start ---
[2026-07-21 01:32:59] [DEBUG] Router::Router() /jemini/wwProjectV1.38/Develop/Console/ServerBridgeAction/
[2026-07-21 01:32:59] [DEBUG] Attempting to load: \Develop\Controllers\ConsoleController::ServerBridgeAction
[2026-07-21 01:32:59] [DEBUG] Router: Executing \Develop\Controllers\ConsoleController->ServerBridgeAction
[2026-07-21 01:32:59] [DEBUG] ConsoleController::ServerBridge() start...
[2026-07-21 01:32:59] [DEBUG] ConsoleController::ServerBridge() \Develop\Controllers\PartsDefinitionController::editPartsAction()
[2026-07-21 01:32:59] [DEBUG] PartsDefinitionController::editPartsAction() start...
[2026-07-21 01:32:59] [DEBUG] PartsDefinitionModel::getAllPartsList() start... Project ID: PRJ-D45FEF
[2026-07-21 01:32:59] [DEBUG] PartsDefinitionModel::getTableStructure() start... Project ID: PRJ-D45FEF
[2026-07-21 01:32:59] [DEBUG] Screen::updateAreaE() [iframe起動版] path: \Develop\Views\AreaE\PartsDefinition\RegistParts.view start...
[2026-07-21 01:32:59] [DEBUG] Screen::getContents() start...
[2026-07-21 01:32:59] [DEBUG] Screen::getContents() finish.
[2026-07-21 01:32:59] [DEBUG] Screen::updateAreaE() finish.
[2026-07-21 01:32:59] [DEBUG] PartsDefinitionController::editPartsAction() end.
[2026-07-21 01:32:59] [DEBUG] Screen::areaView() start...
[2026-07-21 01:32:59] [DEBUG] Screen::areaView() finish.
[2026-07-21 01:33:00] [DEBUG] --- wwProject System Start ---
[2026-07-21 01:33:00] [DEBUG] Router::Router() /jemini/wwProjectV1.38/Develop/Console/ServerBridgeAction/
[2026-07-21 01:33:00] [DEBUG] Attempting to load: \Develop\Controllers\ConsoleController::ServerBridgeAction
[2026-07-21 01:33:00] [DEBUG] Router: Executing \Develop\Controllers\ConsoleController->ServerBridgeAction
[2026-07-21 01:33:00] [DEBUG] ConsoleController::ServerBridge() start...
[2026-07-21 01:33:00] [DEBUG] ConsoleController::ServerBridge() \Develop\Controllers\PartsDefinitionController::editPartsAction()
[2026-07-21 01:33:00] [DEBUG] PartsDefinitionController::editPartsAction() start...
[2026-07-21 01:33:00] [DEBUG] PartsDefinitionModel::getAllPartsList() start... Project ID: PRJ-D45FEF
[2026-07-21 01:33:00] [DEBUG] PartsDefinitionModel::getTableStructure() start... Project ID: PRJ-D45FEF
[2026-07-21 01:33:00] [DEBUG] Screen::updateAreaE() [iframe起動版] path: \Develop\Views\AreaE\PartsDefinition\RegistParts.view start...
[2026-07-21 01:33:00] [DEBUG] Screen::getContents() start...
[2026-07-21 01:33:00] [DEBUG] Screen::getContents() finish.
[2026-07-21 01:33:00] [DEBUG] Screen::updateAreaE() finish.
[2026-07-21 01:33:00] [DEBUG] PartsDefinitionController::editPartsAction() end.
[2026-07-21 01:33:00] [DEBUG] Screen::areaView() start...
[2026-07-21 01:33:00] [DEBUG] Screen::areaView() finish.
[2026-07-21 01:33:05] [DEBUG] --- wwProject System Start ---
[2026-07-21 01:33:05] [DEBUG] Router::Router() /jemini/wwProjectV1.38/Develop/Console/ServerBridgeAction/
[2026-07-21 01:33:05] [DEBUG] Attempting to load: \Develop\Controllers\ConsoleController::ServerBridgeAction
[2026-07-21 01:33:05] [DEBUG] Router: Executing \Develop\Controllers\ConsoleController->ServerBridgeAction
[2026-07-21 01:33:05] [DEBUG] ConsoleController::ServerBridge() start...
[2026-07-21 01:33:05] [DEBUG] ConsoleController::ServerBridge() \Develop\Controllers\PartsDefinitionController::editPartsAction()
[2026-07-21 01:33:05] [DEBUG] PartsDefinitionController::editPartsAction() start...
[2026-07-21 01:33:05] [DEBUG] PartsDefinitionModel::getAllPartsList() start... Project ID: PRJ-D45FEF
[2026-07-21 01:33:05] [DEBUG] PartsDefinitionModel::getColumnsByTableId() start... Input: developers
[2026-07-21 01:33:05] [DEBUG] 逆引き成功: 物理名 developers -> table_id : 14
[2026-07-21 01:33:05] [DEBUG] PartsDefinitionModel::getColumnsByTableId() finish. 件数: 9
[2026-07-21 01:33:05] [DEBUG] PartsDefinitionModel::getTableStructure() start... Project ID: PRJ-D45FEF
[2026-07-21 01:33:05] [DEBUG] Screen::updateAreaE() [iframe起動版] path: \Develop\Views\AreaE\PartsDefinition\RegistParts.view start...
[2026-07-21 01:33:05] [DEBUG] Screen::getContents() start...
[2026-07-21 01:33:05] [DEBUG] Screen::getContents() finish.
[2026-07-21 01:33:05] [DEBUG] Screen::updateAreaE() finish.
[2026-07-21 01:33:05] [DEBUG] PartsDefinitionController::editPartsAction() end.
[2026-07-21 01:33:05] [DEBUG] Screen::areaView() start...
[2026-07-21 01:33:05] [DEBUG] Screen::areaView() finish.
[2026-07-21 01:33:09] [DEBUG] --- wwProject System Start ---
[2026-07-21 01:33:09] [DEBUG] Router::Router() /jemini/wwProjectV1.38/Develop/Console/ServerBridgeAction/
[2026-07-21 01:33:09] [DEBUG] Attempting to load: \Develop\Controllers\ConsoleController::ServerBridgeAction
[2026-07-21 01:33:09] [DEBUG] Router: Executing \Develop\Controllers\ConsoleController->ServerBridgeAction
[2026-07-21 01:33:09] [DEBUG] ConsoleController::ServerBridge() start...
[2026-07-21 01:33:09] [DEBUG] ConsoleController::ServerBridge() \Develop\Controllers\PartsDefinitionController::saveAction()
[2026-07-21 01:33:09] [DEBUG] PartsDefinitionController::saveAction() start...
[2026-07-21 01:33:09] [DEBUG] PartsDefinitionModel::saveParts() start... Project ID: PRJ-D45FEF, Parts ID: 4
[2026-07-21 01:33:09] [DEBUG] PartsDefinitionModel::saveParts() 保存するchecked_columns_jsonの値: [id,user_name,login_id,xyz]
[2026-07-21 01:33:09] [DEBUG] PartsDefinitionModel::saveParts() search_area : 
[2026-07-21 01:33:09] [DEBUG] PartsDefinitionModel::saveParts() detail_button : 
[2026-07-21 01:33:09] [DEBUG] PartsDefinitionModel::saveParts() UPDATE m_screenparts SET
                            parts_name = :parts_name,
                            parts_description = :parts_description,
                            parts_type = :parts_type,
                            table_name = :table_name,
                            display_label = :display_label,
                            preview_title = :preview_title,
                            column_filter = :column_filter,
                            input_rows = :input_rows,
                            checked_columns_json = :checked_columns_json,
                            input_style = :input_style,
                            contents = :contents,
                            style_condition = :style_condition,
                            style_column = :style_column,
                            search_area = :search_area,
                            detail_button = :detail_button
                        WHERE
                            project_id = :project_id AND parts_id = :parts_id
[2026-07-21 01:33:09] [DEBUG] PartsDefinitionModel::saveParts() UPDATEを実行します。Parts ID: 4
[2026-07-21 01:33:09] [DEBUG] PartsDefinitionModel::getAllPartsList() start... Project ID: PRJ-D45FEF
[2026-07-21 01:33:09] [DEBUG] Screen::updateAreaD() path: \Develop\Views\AreaD\PartsDefinition\PartsDefinitionList.view start...
[2026-07-21 01:33:09] [DEBUG] Screen::getContents() start...
[2026-07-21 01:33:09] [DEBUG] Screen::getContents() finish.
[2026-07-21 01:33:09] [DEBUG] Screen::updateAreaD() finish.
[2026-07-21 01:33:09] [DEBUG] Screen::updateAreaE() [iframe起動版] path: \Develop\Views\AreaE\Area_E_clear.view start...
[2026-07-21 01:33:09] [DEBUG] Screen::getContents() start...
[2026-07-21 01:33:09] [DEBUG] Screen::getContents() finish.
[2026-07-21 01:33:09] [DEBUG] Screen::updateAreaE() finish.
[2026-07-21 01:33:09] [DEBUG] PartsDefinitionController::saveAction() end.
[2026-07-21 01:33:09] [DEBUG] Screen::areaView() start...
[2026-07-21 01:33:09] [DEBUG] Screen::areaView() finish.
[2026-07-21 01:47:16] [DEBUG] --- wwProject System Start ---
[2026-07-21 01:47:16] [DEBUG] Router::Router() /jemini/wwProjectV1.50/Develop/Console/initial/
[2026-07-21 01:47:16] [DEBUG] Attempting to load: \Develop\Controllers\ConsoleController::initialAction
[2026-07-21 01:47:16] [DEBUG] Router: Executing \Develop\Controllers\ConsoleController->initialAction
[2026-07-21 01:47:16] [DEBUG] Console::initialAction() start...
[2026-07-21 01:47:16] [DEBUG] Screen::view() path: \Develop\Views\Console\Console.view start...
[2026-07-21 01:47:16] [DEBUG] Screen::getContents() start...
[2026-07-21 01:47:16] [DEBUG] Screen::getContents() finish.
[2026-07-21 01:47:16] [DEBUG] Screen::view() path: \Develop\Views\Console\Console.view finish.
[2026-07-21 01:47:16] [DEBUG] ConsoleController::initialAction() finish.
[2026-07-21 01:47:16] [DEBUG] --- wwProject System Start ---
[2026-07-21 01:47:16] [DEBUG] Router::Router() /jemini/wwProjectV1.50/Develop/Console/ServerBridgeAction/
[2026-07-21 01:47:16] [DEBUG] Attempting to load: \Develop\Controllers\ConsoleController::ServerBridgeAction
[2026-07-21 01:47:16] [DEBUG] Router: Executing \Develop\Controllers\ConsoleController->ServerBridgeAction
[2026-07-21 01:47:16] [DEBUG] ConsoleController::ServerBridge() start...
[2026-07-21 01:47:16] [DEBUG] ConsoleController::ServerBridge() \Develop\Controllers\ConsoleController::areaInitialAction()
[2026-07-21 01:47:16] [DEBUG] ConsoleController::AreaInitialAction() start...
[2026-07-21 01:47:16] [DEBUG] Screen::updateAreaA() path: \Develop\Views\AreaA\Area_A.view start...
[2026-07-21 01:47:16] [DEBUG] Screen::areaView() sending JSON: ["areas"]
[2026-07-21 01:47:16] [DEBUG] Screen::getContents() start...
[2026-07-21 01:47:16] [DEBUG] Screen::getContents() finish.
[2026-07-21 01:47:16] [DEBUG] Screen::updateAreaA() finish.
[2026-07-21 01:47:16] [DEBUG] Screen::updateAreaB() path: \Develop\Views\AreaB\Area_B.view start...
[2026-07-21 01:47:16] [DEBUG] Screen::getContents() start...
[2026-07-21 01:47:16] [DEBUG] Screen::getContents() finish.
[2026-07-21 01:47:16] [DEBUG] Screen::updateAreaB() finish.
[2026-07-21 01:47:16] [DEBUG] Screen::updateAreaD() path: \Develop\Views\AreaD\Area_D_clear.view start...
[2026-07-21 01:47:16] [DEBUG] Screen::getContents() start...
[2026-07-21 01:47:16] [DEBUG] Screen::getContents() finish.
[2026-07-21 01:47:16] [DEBUG] Screen::updateAreaD() finish.
[2026-07-21 01:47:16] [DEBUG] Screen::updateAreaE() [iframe起動版] path: \Develop\Views\AreaE\Area_E_clear.view start...
[2026-07-21 01:47:16] [DEBUG] Screen::getContents() start...
[2026-07-21 01:47:16] [DEBUG] Screen::getContents() finish.
[2026-07-21 01:47:16] [DEBUG] Screen::updateAreaE() finish.
[2026-07-21 01:47:16] [DEBUG] Screen::updateAreaF() path: \Develop\Views\AreaF\Area_F.view start...
[2026-07-21 01:47:16] [DEBUG] Screen::getContents() start...
[2026-07-21 01:47:16] [DEBUG] Screen::getContents() finish.
[2026-07-21 01:47:16] [DEBUG] Screen::updateAreaF() finish.
[2026-07-21 01:47:16] [DEBUG] ProjectController::startProjectNabi() start...
[2026-07-21 01:47:16] [DEBUG] ProjectController::getProjectListHtml() start...
[2026-07-21 01:47:16] [DEBUG] ProjectModel::getProjectList() start...
[2026-07-21 01:47:16] [DEBUG] ProjectModel::getProjectList() finish.
[2026-07-21 01:47:16] [DEBUG] CodeMasterModel：：getCodesByGroup() start...
[2026-07-21 01:47:16] [DEBUG] CodeMasterModel：：getCodesByGroup() finish.
[2026-07-21 01:47:16] [DEBUG] ProjectController::getNaviFooterHtml() start...
[2026-07-21 01:47:16] [DEBUG] ProjectController::getNaviFooterHtml() finish.
[2026-07-21 01:47:16] [DEBUG] ProjectController::startProjectNabi() finish.
[2026-07-21 01:47:16] [DEBUG] Screen::updateAreaC() \Develop\Views\AreaC\Area_C.view start...
[2026-07-21 01:47:16] [DEBUG] Screen::getContents() start...
[2026-07-21 01:47:16] [DEBUG] Screen::getContents() finish.
[2026-07-21 01:47:16] [DEBUG] Screen::updateAreaC() finish.
[2026-07-21 01:47:16] [DEBUG] ConsoleController::AreaInitialAction() finish.
[2026-07-21 01:47:16] [DEBUG] Screen::areaView() start...
[2026-07-21 01:47:16] [DEBUG] Screen::areaView() finish.
[2026-07-21 01:47:22] [DEBUG] --- wwProject System Start ---
[2026-07-21 01:47:22] [DEBUG] Router::Router() /jemini/wwProjectV1.50/Develop/
[2026-07-21 01:47:22] [DEBUG] Attempting to load: \Develop\Controllers\LoginController::initialAction
[2026-07-21 01:47:22] [DEBUG] Router: Executing \Develop\Controllers\LoginController->initialAction
[2026-07-21 01:47:22] [DEBUG] Login::initialAction() start...
[2026-07-21 01:47:22] [DEBUG] Login::initialAction() errorMessage : 
[2026-07-21 01:47:22] [DEBUG] Screen::view() path: \Develop\Views\Login\Login.view start...
[2026-07-21 01:47:22] [DEBUG] Screen::getContents() start...
[2026-07-21 01:47:22] [DEBUG] Screen::getContents() finish.
[2026-07-21 01:47:22] [DEBUG] Screen::view() path: \Develop\Views\Login\Login.view finish.
[2026-07-21 01:47:22] [DEBUG] Login::initialAction() finish.
[2026-07-21 01:47:30] [DEBUG] --- wwProject System Start ---
[2026-07-21 01:47:30] [DEBUG] Router::Router() /jemini/wwProjectV1.50/Develop/Login/authentication/
[2026-07-21 01:47:30] [DEBUG] Attempting to load: \Develop\Controllers\LoginController::authenticationAction
[2026-07-21 01:47:30] [DEBUG] Router: Executing \Develop\Controllers\LoginController->authenticationAction
[2026-07-21 01:47:30] [DEBUG] Login::AuthenticationAction() start...
[2026-07-21 01:47:30] [DEBUG] Login OK - x
[2026-07-21 01:47:30] [DEBUG] Session::start()
[2026-07-21 01:47:30] [DEBUG] Redirect to Console::initialAction()
[2026-07-21 01:47:30] [DEBUG] --- wwProject System Start ---
[2026-07-21 01:47:30] [DEBUG] Router::Router() /jemini/wwProjectV1.50/Develop/Console/initial/
[2026-07-21 01:47:30] [DEBUG] Attempting to load: \Develop\Controllers\ConsoleController::initialAction
[2026-07-21 01:47:30] [DEBUG] Router: Executing \Develop\Controllers\ConsoleController->initialAction
[2026-07-21 01:47:30] [DEBUG] Console::initialAction() start...
[2026-07-21 01:47:30] [DEBUG] Screen::view() path: \Develop\Views\Console\Console.view start...
[2026-07-21 01:47:30] [DEBUG] Screen::getContents() start...
[2026-07-21 01:47:30] [DEBUG] Screen::getContents() finish.
[2026-07-21 01:47:30] [DEBUG] Screen::view() path: \Develop\Views\Console\Console.view finish.
[2026-07-21 01:47:30] [DEBUG] ConsoleController::initialAction() finish.
[2026-07-21 01:47:30] [DEBUG] --- wwProject System Start ---
[2026-07-21 01:47:30] [DEBUG] Router::Router() /jemini/wwProjectV1.50/Develop/Console/ServerBridgeAction/
[2026-07-21 01:47:30] [DEBUG] Attempting to load: \Develop\Controllers\ConsoleController::ServerBridgeAction
[2026-07-21 01:47:30] [DEBUG] Router: Executing \Develop\Controllers\ConsoleController->ServerBridgeAction
[2026-07-21 01:47:30] [DEBUG] ConsoleController::ServerBridge() start...
[2026-07-21 01:47:30] [DEBUG] ConsoleController::ServerBridge() \Develop\Controllers\ConsoleController::areaInitialAction()
[2026-07-21 01:47:30] [DEBUG] ConsoleController::AreaInitialAction() start...
[2026-07-21 01:47:30] [DEBUG] Screen::updateAreaA() path: \Develop\Views\AreaA\Area_A.view start...
[2026-07-21 01:47:30] [DEBUG] Screen::areaView() sending JSON: ["areas"]
[2026-07-21 01:47:30] [DEBUG] Screen::getContents() start...
[2026-07-21 01:47:30] [DEBUG] Screen::getContents() finish.
[2026-07-21 01:47:30] [DEBUG] Screen::updateAreaA() finish.
[2026-07-21 01:47:30] [DEBUG] Screen::updateAreaB() path: \Develop\Views\AreaB\Area_B.view start...
[2026-07-21 01:47:30] [DEBUG] Screen::getContents() start...
[2026-07-21 01:47:30] [DEBUG] Screen::getContents() finish.
[2026-07-21 01:47:30] [DEBUG] Screen::updateAreaB() finish.
[2026-07-21 01:47:30] [DEBUG] Screen::updateAreaD() path: \Develop\Views\AreaD\Area_D_clear.view start...
[2026-07-21 01:47:30] [DEBUG] Screen::getContents() start...
[2026-07-21 01:47:30] [DEBUG] Screen::getContents() finish.
[2026-07-21 01:47:30] [DEBUG] Screen::updateAreaD() finish.
[2026-07-21 01:47:30] [DEBUG] Screen::updateAreaE() [iframe起動版] path: \Develop\Views\AreaE\Area_E_clear.view start...
[2026-07-21 01:47:30] [DEBUG] Screen::getContents() start...
[2026-07-21 01:47:30] [DEBUG] Screen::getContents() finish.
[2026-07-21 01:47:30] [DEBUG] Screen::updateAreaE() finish.
[2026-07-21 01:47:30] [DEBUG] Screen::updateAreaF() path: \Develop\Views\AreaF\Area_F.view start...
[2026-07-21 01:47:30] [DEBUG] Screen::getContents() start...
[2026-07-21 01:47:30] [DEBUG] Screen::getContents() finish.
[2026-07-21 01:47:30] [DEBUG] Screen::updateAreaF() finish.
[2026-07-21 01:47:30] [DEBUG] ProjectController::startProjectNabi() start...
[2026-07-21 01:47:30] [DEBUG] ProjectController::getProjectListHtml() start...
[2026-07-21 01:47:30] [DEBUG] ProjectModel::getProjectList() start...
[2026-07-21 01:47:30] [DEBUG] ProjectModel::getProjectList() finish.
[2026-07-21 01:47:30] [DEBUG] CodeMasterModel：：getCodesByGroup() start...
[2026-07-21 01:47:30] [DEBUG] CodeMasterModel：：getCodesByGroup() finish.
[2026-07-21 01:47:30] [DEBUG] ProjectController::getNaviFooterHtml() start...
[2026-07-21 01:47:30] [DEBUG] ProjectController::getNaviFooterHtml() finish.
[2026-07-21 01:47:30] [DEBUG] ProjectController::startProjectNabi() finish.
[2026-07-21 01:47:30] [DEBUG] Screen::updateAreaC() \Develop\Views\AreaC\Area_C.view start...
[2026-07-21 01:47:30] [DEBUG] Screen::getContents() start...
[2026-07-21 01:47:30] [DEBUG] Screen::getContents() finish.
[2026-07-21 01:47:30] [DEBUG] Screen::updateAreaC() finish.
[2026-07-21 01:47:30] [DEBUG] ConsoleController::AreaInitialAction() finish.
[2026-07-21 01:47:30] [DEBUG] Screen::areaView() start...
[2026-07-21 01:47:30] [DEBUG] Screen::areaView() finish.
[2026-07-21 01:47:32] [DEBUG] --- wwProject System Start ---
[2026-07-21 01:47:32] [DEBUG] Router::Router() /jemini/wwProjectV1.50/Develop/Console/ServerBridgeAction/
[2026-07-21 01:47:32] [DEBUG] Attempting to load: \Develop\Controllers\ConsoleController::ServerBridgeAction
[2026-07-21 01:47:32] [DEBUG] Router: Executing \Develop\Controllers\ConsoleController->ServerBridgeAction
[2026-07-21 01:47:32] [DEBUG] ConsoleController::ServerBridge() start...
[2026-07-21 01:47:32] [DEBUG] ConsoleController::ServerBridge() \Develop\Controllers\ProjectController::projectSelectAction()
[2026-07-21 01:47:32] [DEBUG] ProjectController::projectSelectAction() start...
[2026-07-21 01:47:32] [DEBUG] ProjectController::projectSelectAction() ☆★☆　SampleProject１
[2026-07-21 01:47:32] [DEBUG] Screen::updateAreaB() path: \Develop\Views\AreaB\Area_B.view start...
[2026-07-21 01:47:32] [DEBUG] Screen::getContents() start...
[2026-07-21 01:47:32] [DEBUG] Screen::getContents() finish.
[2026-07-21 01:47:32] [DEBUG] Screen::updateAreaB() finish.
[2026-07-21 01:47:32] [DEBUG] ProjectController::projectSelectAction() PRJ-D45FEF : PRJ-D45FEF
[2026-07-21 01:47:32] [DEBUG] ProjectController::getProjectListHtml() start...
[2026-07-21 01:47:32] [DEBUG] ProjectModel::getProjectList() start...
[2026-07-21 01:47:32] [DEBUG] ProjectModel::getProjectList() finish.
[2026-07-21 01:47:32] [DEBUG] CodeMasterModel：：getCodesByGroup() start...
[2026-07-21 01:47:32] [DEBUG] CodeMasterModel：：getCodesByGroup() finish.
[2026-07-21 01:47:32] [DEBUG] ProjectController::getNaviFooterHtml() start...
[2026-07-21 01:47:32] [DEBUG] ProjectController::getNaviFooterHtml() finish.
[2026-07-21 01:47:32] [DEBUG] Screen::updateAreaC() \Develop\Views\AreaC\Area_C.view start...
[2026-07-21 01:47:32] [DEBUG] Screen::getContents() start...
[2026-07-21 01:47:32] [DEBUG] Screen::getContents() finish.
[2026-07-21 01:47:32] [DEBUG] Screen::updateAreaC() finish.
[2026-07-21 01:47:32] [DEBUG] Screen::updateAreaD() path: \Develop\Views\AreaD\Area_D_clear.view start...
[2026-07-21 01:47:32] [DEBUG] Screen::getContents() start...
[2026-07-21 01:47:32] [DEBUG] Screen::getContents() finish.
[2026-07-21 01:47:32] [DEBUG] Screen::updateAreaD() finish.
[2026-07-21 01:47:32] [DEBUG] Screen::updateAreaE() [iframe起動版] path: \Develop\Views\AreaE\Area_E_clear.view start...
[2026-07-21 01:47:32] [DEBUG] Screen::getContents() start...
[2026-07-21 01:47:32] [DEBUG] Screen::getContents() finish.
[2026-07-21 01:47:32] [DEBUG] Screen::updateAreaE() finish.
[2026-07-21 01:47:32] [DEBUG] ProjectController::projectSelectAction() finish.
[2026-07-21 01:47:32] [DEBUG] Screen::areaView() start...
[2026-07-21 01:47:32] [DEBUG] Screen::areaView() finish.
[2026-07-21 01:47:33] [DEBUG] --- wwProject System Start ---
[2026-07-21 01:47:33] [DEBUG] Router::Router() /jemini/wwProjectV1.50/Develop/Console/ServerBridgeAction/
[2026-07-21 01:47:33] [DEBUG] Attempting to load: \Develop\Controllers\ConsoleController::ServerBridgeAction
[2026-07-21 01:47:33] [DEBUG] Router: Executing \Develop\Controllers\ConsoleController->ServerBridgeAction
[2026-07-21 01:47:33] [DEBUG] ConsoleController::ServerBridge() start...
[2026-07-21 01:47:33] [DEBUG] ConsoleController::ServerBridge() \Develop\Controllers\PartsDefinitionController::InitialAction()
[2026-07-21 01:47:33] [DEBUG] DBDefinitionController::initialAction() start...
[2026-07-21 01:47:33] [DEBUG] PartsDefinitionController::initialAction() projectId : PRJ-D45FEF
[2026-07-21 01:47:33] [DEBUG] PartsDefinitionModel::getAllPartsList() start... Project ID: PRJ-D45FEF
[2026-07-21 01:47:33] [DEBUG] Screen::updateAreaD() path: \Develop\Views\AreaD\PartsDefinition\PartsDefinitionList.view start...
[2026-07-21 01:47:33] [DEBUG] Screen::getContents() start...
[2026-07-21 01:47:33] [DEBUG] Screen::getContents() finish.
[2026-07-21 01:47:33] [DEBUG] Screen::updateAreaD() finish.
[2026-07-21 01:47:33] [DEBUG] Screen::updateAreaE() [iframe起動版] path: \Develop\Views\AreaE\Area_E_clear.view start...
[2026-07-21 01:47:33] [DEBUG] Screen::getContents() start...
[2026-07-21 01:47:33] [DEBUG] Screen::getContents() finish.
[2026-07-21 01:47:33] [DEBUG] Screen::updateAreaE() finish.
[2026-07-21 01:47:33] [DEBUG] DBDefinitionController::initialAction() end.
[2026-07-21 01:47:33] [DEBUG] Screen::areaView() start...
[2026-07-21 01:47:33] [DEBUG] Screen::areaView() finish.
[2026-07-21 01:47:34] [DEBUG] --- wwProject System Start ---
[2026-07-21 01:47:34] [DEBUG] Router::Router() /jemini/wwProjectV1.50/Develop/Console/ServerBridgeAction/
[2026-07-21 01:47:34] [DEBUG] Attempting to load: \Develop\Controllers\ConsoleController::ServerBridgeAction
[2026-07-21 01:47:34] [DEBUG] Router: Executing \Develop\Controllers\ConsoleController->ServerBridgeAction
[2026-07-21 01:47:34] [DEBUG] ConsoleController::ServerBridge() start...
[2026-07-21 01:47:34] [DEBUG] ConsoleController::ServerBridge() \Develop\Controllers\PartsDefinitionController::editPartsAction()
[2026-07-21 01:47:34] [DEBUG] PartsDefinitionController::editPartsAction() start...
[2026-07-21 01:47:34] [DEBUG] PartsDefinitionModel::getAllPartsList() start... Project ID: PRJ-D45FEF
[2026-07-21 01:47:34] [DEBUG] PartsDefinitionModel::getColumnsByTableId() start... Input: newDevelopers
[2026-07-21 01:47:34] [DEBUG] 逆引き成功: 物理名 newDevelopers -> table_id : 12
[2026-07-21 01:47:34] [DEBUG] PartsDefinitionModel::getColumnsByTableId() finish. 件数: 9
[2026-07-21 01:47:34] [DEBUG] PartsDefinitionModel::getTableStructure() start... Project ID: PRJ-D45FEF
[2026-07-21 01:47:34] [DEBUG] Screen::updateAreaE() [iframe起動版] path: \Develop\Views\AreaE\PartsDefinition\RegistParts.view start...
[2026-07-21 01:47:34] [DEBUG] Screen::getContents() start...
[2026-07-21 01:47:35] [DEBUG] Screen::getContents() finish.
[2026-07-21 01:47:35] [DEBUG] Screen::updateAreaE() finish.
[2026-07-21 01:47:35] [DEBUG] PartsDefinitionController::editPartsAction() end.
[2026-07-21 01:47:35] [DEBUG] Screen::areaView() start...
[2026-07-21 01:47:35] [DEBUG] Screen::areaView() finish.
[2026-07-21 01:47:36] [DEBUG] --- wwProject System Start ---
[2026-07-21 01:47:36] [DEBUG] Router::Router() /jemini/wwProjectV1.50/Develop/Console/ServerBridgeAction/
[2026-07-21 01:47:36] [DEBUG] Attempting to load: \Develop\Controllers\ConsoleController::ServerBridgeAction
[2026-07-21 01:47:36] [DEBUG] Router: Executing \Develop\Controllers\ConsoleController->ServerBridgeAction
[2026-07-21 01:47:36] [DEBUG] ConsoleController::ServerBridge() start...
[2026-07-21 01:47:36] [DEBUG] ConsoleController::ServerBridge() \Develop\Controllers\PartsDefinitionController::editPartsAction()
[2026-07-21 01:47:36] [DEBUG] PartsDefinitionController::editPartsAction() start...
[2026-07-21 01:47:36] [DEBUG] PartsDefinitionModel::getAllPartsList() start... Project ID: PRJ-D45FEF
[2026-07-21 01:47:36] [DEBUG] PartsDefinitionModel::getTableStructure() start... Project ID: PRJ-D45FEF
[2026-07-21 01:47:36] [DEBUG] Screen::updateAreaE() [iframe起動版] path: \Develop\Views\AreaE\PartsDefinition\RegistParts.view start...
[2026-07-21 01:47:36] [DEBUG] Screen::getContents() start...
[2026-07-21 01:47:36] [DEBUG] Screen::getContents() finish.
[2026-07-21 01:47:36] [DEBUG] Screen::updateAreaE() finish.
[2026-07-21 01:47:36] [DEBUG] PartsDefinitionController::editPartsAction() end.
[2026-07-21 01:47:36] [DEBUG] Screen::areaView() start...
[2026-07-21 01:47:36] [DEBUG] Screen::areaView() finish.
[2026-07-21 01:47:37] [DEBUG] --- wwProject System Start ---
[2026-07-21 01:47:37] [DEBUG] Router::Router() /jemini/wwProjectV1.50/Develop/Console/ServerBridgeAction/
[2026-07-21 01:47:37] [DEBUG] Attempting to load: \Develop\Controllers\ConsoleController::ServerBridgeAction
[2026-07-21 01:47:37] [DEBUG] Router: Executing \Develop\Controllers\ConsoleController->ServerBridgeAction
[2026-07-21 01:47:37] [DEBUG] ConsoleController::ServerBridge() start...
[2026-07-21 01:47:37] [DEBUG] ConsoleController::ServerBridge() \Develop\Controllers\PartsDefinitionController::editPartsAction()
[2026-07-21 01:47:37] [DEBUG] PartsDefinitionController::editPartsAction() start...
[2026-07-21 01:47:37] [DEBUG] PartsDefinitionModel::getAllPartsList() start... Project ID: PRJ-D45FEF
[2026-07-21 01:47:37] [DEBUG] PartsDefinitionModel::getTableStructure() start... Project ID: PRJ-D45FEF
[2026-07-21 01:47:37] [DEBUG] Screen::updateAreaE() [iframe起動版] path: \Develop\Views\AreaE\PartsDefinition\RegistParts.view start...
[2026-07-21 01:47:37] [DEBUG] Screen::getContents() start...
[2026-07-21 01:47:37] [DEBUG] Screen::getContents() finish.
[2026-07-21 01:47:37] [DEBUG] Screen::updateAreaE() finish.
[2026-07-21 01:47:37] [DEBUG] PartsDefinitionController::editPartsAction() end.
[2026-07-21 01:47:37] [DEBUG] Screen::areaView() start...
[2026-07-21 01:47:37] [DEBUG] Screen::areaView() finish.
[2026-07-21 01:47:38] [DEBUG] --- wwProject System Start ---
[2026-07-21 01:47:38] [DEBUG] Router::Router() /jemini/wwProjectV1.50/Develop/Console/ServerBridgeAction/
[2026-07-21 01:47:38] [DEBUG] Attempting to load: \Develop\Controllers\ConsoleController::ServerBridgeAction
[2026-07-21 01:47:38] [DEBUG] Router: Executing \Develop\Controllers\ConsoleController->ServerBridgeAction
[2026-07-21 01:47:38] [DEBUG] ConsoleController::ServerBridge() start...
[2026-07-21 01:47:38] [DEBUG] ConsoleController::ServerBridge() \Develop\Controllers\PartsDefinitionController::editPartsAction()
[2026-07-21 01:47:38] [DEBUG] PartsDefinitionController::editPartsAction() start...
[2026-07-21 01:47:38] [DEBUG] PartsDefinitionModel::getAllPartsList() start... Project ID: PRJ-D45FEF
[2026-07-21 01:47:38] [DEBUG] PartsDefinitionModel::getTableStructure() start... Project ID: PRJ-D45FEF
[2026-07-21 01:47:38] [DEBUG] Screen::updateAreaE() [iframe起動版] path: \Develop\Views\AreaE\PartsDefinition\RegistParts.view start...
[2026-07-21 01:47:38] [DEBUG] Screen::getContents() start...
[2026-07-21 01:47:38] [DEBUG] Screen::getContents() finish.
[2026-07-21 01:47:38] [DEBUG] Screen::updateAreaE() finish.
[2026-07-21 01:47:38] [DEBUG] PartsDefinitionController::editPartsAction() end.
[2026-07-21 01:47:38] [DEBUG] Screen::areaView() start...
[2026-07-21 01:47:38] [DEBUG] Screen::areaView() finish.
[2026-07-21 01:47:39] [DEBUG] --- wwProject System Start ---
[2026-07-21 01:47:39] [DEBUG] Router::Router() /jemini/wwProjectV1.50/Develop/Console/ServerBridgeAction/
[2026-07-21 01:47:39] [DEBUG] Attempting to load: \Develop\Controllers\ConsoleController::ServerBridgeAction
[2026-07-21 01:47:39] [DEBUG] Router: Executing \Develop\Controllers\ConsoleController->ServerBridgeAction
[2026-07-21 01:47:39] [DEBUG] ConsoleController::ServerBridge() start...
[2026-07-21 01:47:39] [DEBUG] ConsoleController::ServerBridge() \Develop\Controllers\PartsDefinitionController::editPartsAction()
[2026-07-21 01:47:39] [DEBUG] PartsDefinitionController::editPartsAction() start...
[2026-07-21 01:47:39] [DEBUG] PartsDefinitionModel::getAllPartsList() start... Project ID: PRJ-D45FEF
[2026-07-21 01:47:39] [DEBUG] PartsDefinitionModel::getTableStructure() start... Project ID: PRJ-D45FEF
[2026-07-21 01:47:39] [DEBUG] Screen::updateAreaE() [iframe起動版] path: \Develop\Views\AreaE\PartsDefinition\RegistParts.view start...
[2026-07-21 01:47:39] [DEBUG] Screen::getContents() start...
[2026-07-21 01:47:39] [DEBUG] Screen::getContents() finish.
[2026-07-21 01:47:39] [DEBUG] Screen::updateAreaE() finish.
[2026-07-21 01:47:39] [DEBUG] PartsDefinitionController::editPartsAction() end.
[2026-07-21 01:47:39] [DEBUG] Screen::areaView() start...
[2026-07-21 01:47:39] [DEBUG] Screen::areaView() finish.
[2026-07-21 01:47:41] [DEBUG] --- wwProject System Start ---
[2026-07-21 01:47:41] [DEBUG] Router::Router() /jemini/wwProjectV1.50/Develop/Console/ServerBridgeAction/
[2026-07-21 01:47:41] [DEBUG] Attempting to load: \Develop\Controllers\ConsoleController::ServerBridgeAction
[2026-07-21 01:47:41] [DEBUG] Router: Executing \Develop\Controllers\ConsoleController->ServerBridgeAction
[2026-07-21 01:47:41] [DEBUG] ConsoleController::ServerBridge() start...
[2026-07-21 01:47:41] [DEBUG] ConsoleController::ServerBridge() \Develop\Controllers\PartsDefinitionController::editPartsAction()
[2026-07-21 01:47:41] [DEBUG] PartsDefinitionController::editPartsAction() start...
[2026-07-21 01:47:41] [DEBUG] PartsDefinitionModel::getAllPartsList() start... Project ID: PRJ-D45FEF
[2026-07-21 01:47:41] [DEBUG] PartsDefinitionModel::getColumnsByTableId() start... Input: developers
[2026-07-21 01:47:41] [DEBUG] 逆引き成功: 物理名 developers -> table_id : 14
[2026-07-21 01:47:41] [DEBUG] PartsDefinitionModel::getColumnsByTableId() finish. 件数: 9
[2026-07-21 01:47:41] [DEBUG] PartsDefinitionModel::getTableStructure() start... Project ID: PRJ-D45FEF
[2026-07-21 01:47:41] [DEBUG] Screen::updateAreaE() [iframe起動版] path: \Develop\Views\AreaE\PartsDefinition\RegistParts.view start...
[2026-07-21 01:47:41] [DEBUG] Screen::getContents() start...
[2026-07-21 01:47:41] [DEBUG] Screen::getContents() finish.
[2026-07-21 01:47:41] [DEBUG] Screen::updateAreaE() finish.
[2026-07-21 01:47:41] [DEBUG] PartsDefinitionController::editPartsAction() end.
[2026-07-21 01:47:41] [DEBUG] Screen::areaView() start...
[2026-07-21 01:47:41] [DEBUG] Screen::areaView() finish.
[2026-07-21 01:47:42] [DEBUG] --- wwProject System Start ---
[2026-07-21 01:47:42] [DEBUG] Router::Router() /jemini/wwProjectV1.50/Develop/Console/ServerBridgeAction/
[2026-07-21 01:47:42] [DEBUG] Attempting to load: \Develop\Controllers\ConsoleController::ServerBridgeAction
[2026-07-21 01:47:42] [DEBUG] Router: Executing \Develop\Controllers\ConsoleController->ServerBridgeAction
[2026-07-21 01:47:42] [DEBUG] ConsoleController::ServerBridge() start...
[2026-07-21 01:47:42] [DEBUG] ConsoleController::ServerBridge() \Develop\Controllers\PartsDefinitionController::editPartsAction()
[2026-07-21 01:47:42] [DEBUG] PartsDefinitionController::editPartsAction() start...
[2026-07-21 01:47:42] [DEBUG] PartsDefinitionModel::getAllPartsList() start... Project ID: PRJ-D45FEF
[2026-07-21 01:47:42] [DEBUG] PartsDefinitionModel::getColumnsByTableId() start... Input: newDevelopers
[2026-07-21 01:47:42] [DEBUG] 逆引き成功: 物理名 newDevelopers -> table_id : 12
[2026-07-21 01:47:42] [DEBUG] PartsDefinitionModel::getColumnsByTableId() finish. 件数: 9
[2026-07-21 01:47:42] [DEBUG] PartsDefinitionModel::getTableStructure() start... Project ID: PRJ-D45FEF
[2026-07-21 01:47:42] [DEBUG] Screen::updateAreaE() [iframe起動版] path: \Develop\Views\AreaE\PartsDefinition\RegistParts.view start...
[2026-07-21 01:47:42] [DEBUG] Screen::getContents() start...
[2026-07-21 01:47:42] [DEBUG] Screen::getContents() finish.
[2026-07-21 01:47:42] [DEBUG] Screen::updateAreaE() finish.
[2026-07-21 01:47:42] [DEBUG] PartsDefinitionController::editPartsAction() end.
[2026-07-21 01:47:42] [DEBUG] Screen::areaView() start...
[2026-07-21 01:47:42] [DEBUG] Screen::areaView() finish.
[2026-07-21 01:47:44] [DEBUG] --- wwProject System Start ---
[2026-07-21 01:47:44] [DEBUG] Router::Router() /jemini/wwProjectV1.50/Develop/Console/ServerBridgeAction/
[2026-07-21 01:47:44] [DEBUG] Attempting to load: \Develop\Controllers\ConsoleController::ServerBridgeAction
[2026-07-21 01:47:44] [DEBUG] Router: Executing \Develop\Controllers\ConsoleController->ServerBridgeAction
[2026-07-21 01:47:44] [DEBUG] ConsoleController::ServerBridge() start...
[2026-07-21 01:47:44] [DEBUG] ConsoleController::ServerBridge() \Develop\Controllers\PartsDefinitionController::editPartsAction()
[2026-07-21 01:47:44] [DEBUG] PartsDefinitionController::editPartsAction() start...
[2026-07-21 01:47:44] [DEBUG] PartsDefinitionModel::getAllPartsList() start... Project ID: PRJ-D45FEF
[2026-07-21 01:47:44] [DEBUG] PartsDefinitionModel::getColumnsByTableId() start... Input: newDevelopers
[2026-07-21 01:47:44] [DEBUG] 逆引き成功: 物理名 newDevelopers -> table_id : 12
[2026-07-21 01:47:44] [DEBUG] PartsDefinitionModel::getColumnsByTableId() finish. 件数: 9
[2026-07-21 01:47:44] [DEBUG] PartsDefinitionModel::getTableStructure() start... Project ID: PRJ-D45FEF
[2026-07-21 01:47:44] [DEBUG] Screen::updateAreaE() [iframe起動版] path: \Develop\Views\AreaE\PartsDefinition\RegistParts.view start...
[2026-07-21 01:47:44] [DEBUG] Screen::getContents() start...
[2026-07-21 01:47:44] [DEBUG] Screen::getContents() finish.
[2026-07-21 01:47:44] [DEBUG] Screen::updateAreaE() finish.
[2026-07-21 01:47:44] [DEBUG] PartsDefinitionController::editPartsAction() end.
[2026-07-21 01:47:44] [DEBUG] Screen::areaView() start...
[2026-07-21 01:47:44] [DEBUG] Screen::areaView() finish.
[2026-07-21 15:31:14] [DEBUG] --- wwProject System Start ---
[2026-07-21 15:31:14] [DEBUG] Router::Router() /jemini/wwProjectV1.50/Develop/Console/ServerBridgeAction/
[2026-07-21 15:31:14] [DEBUG] Attempting to load: \Develop\Controllers\ConsoleController::ServerBridgeAction
[2026-07-21 15:31:15] [DEBUG] Router: Executing \Develop\Controllers\ConsoleController->ServerBridgeAction
[2026-07-21 15:31:15] [DEBUG] ConsoleController::ServerBridge() start...
[2026-07-21 15:31:15] [DEBUG] ConsoleController::ServerBridge() \Develop\Controllers\PartsDefinitionController::editPartsAction()
[2026-07-21 15:31:15] [DEBUG] PartsDefinitionController::editPartsAction() start...
[2026-07-21 15:31:15] [DEBUG] PartsDefinitionModel::getAllPartsList() start... Project ID: PRJ-D45FEF
[2026-07-21 15:31:15] [DEBUG] PartsDefinitionModel::getColumnsByTableId() start... Input: newDevelopers
[2026-07-21 15:31:15] [DEBUG] 逆引き成功: 物理名 newDevelopers -> table_id : 12
[2026-07-21 15:31:15] [DEBUG] PartsDefinitionModel::getColumnsByTableId() finish. 件数: 9
[2026-07-21 15:31:15] [DEBUG] PartsDefinitionModel::getTableStructure() start... Project ID: PRJ-D45FEF
[2026-07-21 15:31:15] [DEBUG] Screen::updateAreaE() [iframe起動版] path: \Develop\Views\AreaE\PartsDefinition\RegistParts.view start...
[2026-07-21 15:31:15] [DEBUG] Screen::getContents() start...
[2026-07-21 15:31:15] [DEBUG] Screen::getContents() finish.
[2026-07-21 15:31:15] [DEBUG] Screen::updateAreaE() finish.
[2026-07-21 15:31:15] [DEBUG] PartsDefinitionController::editPartsAction() end.
[2026-07-21 15:31:15] [DEBUG] Screen::areaView() start...
[2026-07-21 15:31:15] [DEBUG] Screen::areaView() finish.
[2026-07-21 17:15:43] [DEBUG] --- wwProject System Start ---
[2026-07-21 17:15:43] [DEBUG] Router::Router() /jemini/wwProjectV1.50/develop/
[2026-07-21 17:15:43] [DEBUG] Attempting to load: \Develop\Controllers\LoginController::initialAction
[2026-07-21 17:15:44] [DEBUG] Router: Executing \Develop\Controllers\LoginController->initialAction
[2026-07-21 17:15:44] [DEBUG] Login::initialAction() start...
[2026-07-21 17:15:44] [DEBUG] Login::initialAction() errorMessage : 
[2026-07-21 17:15:44] [DEBUG] Screen::view() path: \Develop\Views\Login\Login.view start...
[2026-07-21 17:15:44] [DEBUG] Screen::getContents() start...
[2026-07-21 17:15:44] [DEBUG] Screen::getContents() finish.
[2026-07-21 17:15:44] [DEBUG] Screen::view() path: \Develop\Views\Login\Login.view finish.
[2026-07-21 17:15:44] [DEBUG] Login::initialAction() finish.
[2026-07-21 17:15:50] [DEBUG] --- wwProject System Start ---
[2026-07-21 17:15:50] [DEBUG] Router::Router() /jemini/wwProjectV1.50/Develop/Login/authentication/
[2026-07-21 17:15:50] [DEBUG] Attempting to load: \Develop\Controllers\LoginController::authenticationAction
[2026-07-21 17:15:50] [DEBUG] Router: Executing \Develop\Controllers\LoginController->authenticationAction
[2026-07-21 17:15:50] [DEBUG] Login::AuthenticationAction() start...
[2026-07-21 17:15:50] [DEBUG] Login OK - x
[2026-07-21 17:15:50] [DEBUG] Session::start()
[2026-07-21 17:15:50] [DEBUG] Redirect to Console::initialAction()
[2026-07-21 17:15:50] [DEBUG] --- wwProject System Start ---
[2026-07-21 17:15:50] [DEBUG] Router::Router() /jemini/wwProjectV1.50/Develop/Console/initial/
[2026-07-21 17:15:50] [DEBUG] Attempting to load: \Develop\Controllers\ConsoleController::initialAction
[2026-07-21 17:15:50] [DEBUG] Router: Executing \Develop\Controllers\ConsoleController->initialAction
[2026-07-21 17:15:50] [DEBUG] Console::initialAction() start...
[2026-07-21 17:15:50] [DEBUG] Screen::view() path: \Develop\Views\Console\Console.view start...
[2026-07-21 17:15:50] [DEBUG] Screen::getContents() start...
[2026-07-21 17:15:50] [DEBUG] Screen::getContents() finish.
[2026-07-21 17:15:50] [DEBUG] Screen::view() path: \Develop\Views\Console\Console.view finish.
[2026-07-21 17:15:50] [DEBUG] ConsoleController::initialAction() finish.
[2026-07-21 17:15:50] [DEBUG] --- wwProject System Start ---
[2026-07-21 17:15:50] [DEBUG] Router::Router() /jemini/wwProjectV1.50/Develop/Console/ServerBridgeAction/
[2026-07-21 17:15:50] [DEBUG] Attempting to load: \Develop\Controllers\ConsoleController::ServerBridgeAction
[2026-07-21 17:15:50] [DEBUG] Router: Executing \Develop\Controllers\ConsoleController->ServerBridgeAction
[2026-07-21 17:15:50] [DEBUG] ConsoleController::ServerBridge() start...
[2026-07-21 17:15:50] [DEBUG] ConsoleController::ServerBridge() \Develop\Controllers\ConsoleController::areaInitialAction()
[2026-07-21 17:15:50] [DEBUG] ConsoleController::AreaInitialAction() start...
[2026-07-21 17:15:50] [DEBUG] Screen::updateAreaA() path: \Develop\Views\AreaA\Area_A.view start...
[2026-07-21 17:15:50] [DEBUG] Screen::areaView() sending JSON: ["areas"]
[2026-07-21 17:15:50] [DEBUG] Screen::getContents() start...
[2026-07-21 17:15:50] [DEBUG] Screen::getContents() finish.
[2026-07-21 17:15:50] [DEBUG] Screen::updateAreaA() finish.
[2026-07-21 17:15:50] [DEBUG] Screen::updateAreaB() path: \Develop\Views\AreaB\Area_B.view start...
[2026-07-21 17:15:50] [DEBUG] Screen::getContents() start...
[2026-07-21 17:15:50] [DEBUG] Screen::getContents() finish.
[2026-07-21 17:15:50] [DEBUG] Screen::updateAreaB() finish.
[2026-07-21 17:15:50] [DEBUG] Screen::updateAreaD() path: \Develop\Views\AreaD\Area_D_clear.view start...
[2026-07-21 17:15:50] [DEBUG] Screen::getContents() start...
[2026-07-21 17:15:50] [DEBUG] Screen::getContents() finish.
[2026-07-21 17:15:50] [DEBUG] Screen::updateAreaD() finish.
[2026-07-21 17:15:50] [DEBUG] Screen::updateAreaE() [iframe起動版] path: \Develop\Views\AreaE\Area_E_clear.view start...
[2026-07-21 17:15:50] [DEBUG] Screen::getContents() start...
[2026-07-21 17:15:50] [DEBUG] Screen::getContents() finish.
[2026-07-21 17:15:50] [DEBUG] Screen::updateAreaE() finish.
[2026-07-21 17:15:50] [DEBUG] Screen::updateAreaF() path: \Develop\Views\AreaF\Area_F.view start...
[2026-07-21 17:15:50] [DEBUG] Screen::getContents() start...
[2026-07-21 17:15:50] [DEBUG] Screen::getContents() finish.
[2026-07-21 17:15:50] [DEBUG] Screen::updateAreaF() finish.
[2026-07-21 17:15:50] [DEBUG] ProjectController::startProjectNabi() start...
[2026-07-21 17:15:50] [DEBUG] ProjectController::getProjectListHtml() start...
[2026-07-21 17:15:50] [DEBUG] ProjectModel::getProjectList() start...
[2026-07-21 17:15:50] [DEBUG] ProjectModel::getProjectList() finish.
[2026-07-21 17:15:50] [DEBUG] CodeMasterModel：：getCodesByGroup() start...
[2026-07-21 17:15:50] [DEBUG] CodeMasterModel：：getCodesByGroup() finish.
[2026-07-21 17:15:50] [DEBUG] ProjectController::getNaviFooterHtml() start...
[2026-07-21 17:15:50] [DEBUG] ProjectController::getNaviFooterHtml() finish.
[2026-07-21 17:15:50] [DEBUG] ProjectController::startProjectNabi() finish.
[2026-07-21 17:15:50] [DEBUG] Screen::updateAreaC() \Develop\Views\AreaC\Area_C.view start...
[2026-07-21 17:15:50] [DEBUG] Screen::getContents() start...
[2026-07-21 17:15:50] [DEBUG] Screen::getContents() finish.
[2026-07-21 17:15:50] [DEBUG] Screen::updateAreaC() finish.
[2026-07-21 17:15:50] [DEBUG] ConsoleController::AreaInitialAction() finish.
[2026-07-21 17:15:50] [DEBUG] Screen::areaView() start...
[2026-07-21 17:15:50] [DEBUG] Screen::areaView() finish.
[2026-07-21 17:15:53] [DEBUG] --- wwProject System Start ---
[2026-07-21 17:15:53] [DEBUG] Router::Router() /jemini/wwProjectV1.50/Develop/Console/ServerBridgeAction/
[2026-07-21 17:15:53] [DEBUG] Attempting to load: \Develop\Controllers\ConsoleController::ServerBridgeAction
[2026-07-21 17:15:53] [DEBUG] Router: Executing \Develop\Controllers\ConsoleController->ServerBridgeAction
[2026-07-21 17:15:53] [DEBUG] ConsoleController::ServerBridge() start...
[2026-07-21 17:15:53] [DEBUG] ConsoleController::ServerBridge() \Develop\Controllers\ProjectController::projectSelectAction()
[2026-07-21 17:15:53] [DEBUG] ProjectController::projectSelectAction() start...
[2026-07-21 17:15:53] [DEBUG] ProjectController::projectSelectAction() ☆★☆　SampleProject１
[2026-07-21 17:15:53] [DEBUG] Screen::updateAreaB() path: \Develop\Views\AreaB\Area_B.view start...
[2026-07-21 17:15:53] [DEBUG] Screen::getContents() start...
[2026-07-21 17:15:53] [DEBUG] Screen::getContents() finish.
[2026-07-21 17:15:53] [DEBUG] Screen::updateAreaB() finish.
[2026-07-21 17:15:53] [DEBUG] ProjectController::projectSelectAction() PRJ-D45FEF : PRJ-D45FEF
[2026-07-21 17:15:53] [DEBUG] ProjectController::getProjectListHtml() start...
[2026-07-21 17:15:53] [DEBUG] ProjectModel::getProjectList() start...
[2026-07-21 17:15:53] [DEBUG] ProjectModel::getProjectList() finish.
[2026-07-21 17:15:53] [DEBUG] CodeMasterModel：：getCodesByGroup() start...
[2026-07-21 17:15:53] [DEBUG] CodeMasterModel：：getCodesByGroup() finish.
[2026-07-21 17:15:53] [DEBUG] ProjectController::getNaviFooterHtml() start...
[2026-07-21 17:15:53] [DEBUG] ProjectController::getNaviFooterHtml() finish.
[2026-07-21 17:15:53] [DEBUG] Screen::updateAreaC() \Develop\Views\AreaC\Area_C.view start...
[2026-07-21 17:15:53] [DEBUG] Screen::getContents() start...
[2026-07-21 17:15:53] [DEBUG] Screen::getContents() finish.
[2026-07-21 17:15:53] [DEBUG] Screen::updateAreaC() finish.
[2026-07-21 17:15:53] [DEBUG] Screen::updateAreaD() path: \Develop\Views\AreaD\Area_D_clear.view start...
[2026-07-21 17:15:53] [DEBUG] Screen::getContents() start...
[2026-07-21 17:15:53] [DEBUG] Screen::getContents() finish.
[2026-07-21 17:15:53] [DEBUG] Screen::updateAreaD() finish.
[2026-07-21 17:15:53] [DEBUG] Screen::updateAreaE() [iframe起動版] path: \Develop\Views\AreaE\Area_E_clear.view start...
[2026-07-21 17:15:53] [DEBUG] Screen::getContents() start...
[2026-07-21 17:15:53] [DEBUG] Screen::getContents() finish.
[2026-07-21 17:15:53] [DEBUG] Screen::updateAreaE() finish.
[2026-07-21 17:15:53] [DEBUG] ProjectController::projectSelectAction() finish.
[2026-07-21 17:15:53] [DEBUG] Screen::areaView() start...
[2026-07-21 17:15:53] [DEBUG] Screen::areaView() finish.
[2026-07-21 17:15:54] [DEBUG] --- wwProject System Start ---
[2026-07-21 17:15:54] [DEBUG] Router::Router() /jemini/wwProjectV1.50/Develop/Console/ServerBridgeAction/
[2026-07-21 17:15:54] [DEBUG] Attempting to load: \Develop\Controllers\ConsoleController::ServerBridgeAction
[2026-07-21 17:15:54] [DEBUG] Router: Executing \Develop\Controllers\ConsoleController->ServerBridgeAction
[2026-07-21 17:15:54] [DEBUG] ConsoleController::ServerBridge() start...
[2026-07-21 17:15:54] [DEBUG] ConsoleController::ServerBridge() \Develop\Controllers\PartsDefinitionController::InitialAction()
[2026-07-21 17:15:54] [DEBUG] DBDefinitionController::initialAction() start...
[2026-07-21 17:15:54] [DEBUG] PartsDefinitionController::initialAction() projectId : PRJ-D45FEF
[2026-07-21 17:15:54] [DEBUG] PartsDefinitionModel::getAllPartsList() start... Project ID: PRJ-D45FEF
[2026-07-21 17:15:54] [DEBUG] Screen::updateAreaD() path: \Develop\Views\AreaD\PartsDefinition\PartsDefinitionList.view start...
[2026-07-21 17:15:54] [DEBUG] Screen::getContents() start...
[2026-07-21 17:15:54] [DEBUG] Screen::getContents() finish.
[2026-07-21 17:15:54] [DEBUG] Screen::updateAreaD() finish.
[2026-07-21 17:15:54] [DEBUG] Screen::updateAreaE() [iframe起動版] path: \Develop\Views\AreaE\Area_E_clear.view start...
[2026-07-21 17:15:54] [DEBUG] Screen::getContents() start...
[2026-07-21 17:15:54] [DEBUG] Screen::getContents() finish.
[2026-07-21 17:15:54] [DEBUG] Screen::updateAreaE() finish.
[2026-07-21 17:15:54] [DEBUG] DBDefinitionController::initialAction() end.
[2026-07-21 17:15:54] [DEBUG] Screen::areaView() start...
[2026-07-21 17:15:54] [DEBUG] Screen::areaView() finish.
[2026-07-21 17:15:56] [DEBUG] --- wwProject System Start ---
[2026-07-21 17:15:56] [DEBUG] Router::Router() /jemini/wwProjectV1.50/Develop/Console/ServerBridgeAction/
[2026-07-21 17:15:56] [DEBUG] Attempting to load: \Develop\Controllers\ConsoleController::ServerBridgeAction
[2026-07-21 17:15:56] [DEBUG] Router: Executing \Develop\Controllers\ConsoleController->ServerBridgeAction
[2026-07-21 17:15:56] [DEBUG] ConsoleController::ServerBridge() start...
[2026-07-21 17:15:56] [DEBUG] ConsoleController::ServerBridge() \Develop\Controllers\PartsDefinitionController::editPartsAction()
[2026-07-21 17:15:56] [DEBUG] PartsDefinitionController::editPartsAction() start...
[2026-07-21 17:15:56] [DEBUG] PartsDefinitionModel::getAllPartsList() start... Project ID: PRJ-D45FEF
[2026-07-21 17:15:56] [DEBUG] PartsDefinitionModel::getColumnsByTableId() start... Input: newDevelopers
[2026-07-21 17:15:56] [DEBUG] 逆引き成功: 物理名 newDevelopers -> table_id : 12
[2026-07-21 17:15:56] [DEBUG] PartsDefinitionModel::getColumnsByTableId() finish. 件数: 9
[2026-07-21 17:15:56] [DEBUG] PartsDefinitionModel::getTableStructure() start... Project ID: PRJ-D45FEF
[2026-07-21 17:15:56] [DEBUG] Screen::updateAreaE() [iframe起動版] path: \Develop\Views\AreaE\PartsDefinition\RegistParts.view start...
[2026-07-21 17:15:56] [DEBUG] Screen::getContents() start...
[2026-07-21 17:15:56] [DEBUG] Screen::getContents() finish.
[2026-07-21 17:15:56] [DEBUG] Screen::updateAreaE() finish.
[2026-07-21 17:15:56] [DEBUG] PartsDefinitionController::editPartsAction() end.
[2026-07-21 17:15:56] [DEBUG] Screen::areaView() start...
[2026-07-21 17:15:56] [DEBUG] Screen::areaView() finish.
[2026-07-21 17:16:24] [DEBUG] --- wwProject System Start ---
[2026-07-21 17:16:24] [DEBUG] Router::Router() /jemini/wwProjectV1.50/Develop/Console/ServerBridgeAction/
[2026-07-21 17:16:24] [DEBUG] Attempting to load: \Develop\Controllers\ConsoleController::ServerBridgeAction
[2026-07-21 17:16:24] [DEBUG] Router: Executing \Develop\Controllers\ConsoleController->ServerBridgeAction
[2026-07-21 17:16:24] [DEBUG] ConsoleController::ServerBridge() start...
[2026-07-21 17:16:24] [DEBUG] ConsoleController::ServerBridge() \Develop\Controllers\PartsDefinitionController::editPartsAction()
[2026-07-21 17:16:24] [DEBUG] PartsDefinitionController::editPartsAction() start...
[2026-07-21 17:16:24] [DEBUG] PartsDefinitionModel::getAllPartsList() start... Project ID: PRJ-D45FEF
[2026-07-21 17:16:24] [DEBUG] PartsDefinitionModel::getColumnsByTableId() start... Input: newDevelopers
[2026-07-21 17:16:24] [DEBUG] 逆引き成功: 物理名 newDevelopers -> table_id : 12
[2026-07-21 17:16:24] [DEBUG] PartsDefinitionModel::getColumnsByTableId() finish. 件数: 9
[2026-07-21 17:16:24] [DEBUG] PartsDefinitionModel::getTableStructure() start... Project ID: PRJ-D45FEF
[2026-07-21 17:16:24] [DEBUG] Screen::updateAreaE() [iframe起動版] path: \Develop\Views\AreaE\PartsDefinition\RegistParts.view start...
[2026-07-21 17:16:24] [DEBUG] Screen::getContents() start...
[2026-07-21 17:16:24] [DEBUG] Screen::getContents() finish.
[2026-07-21 17:16:24] [DEBUG] Screen::updateAreaE() finish.
[2026-07-21 17:16:24] [DEBUG] PartsDefinitionController::editPartsAction() end.
[2026-07-21 17:16:24] [DEBUG] Screen::areaView() start...
[2026-07-21 17:16:24] [DEBUG] Screen::areaView() finish.
[2026-07-21 17:16:27] [DEBUG] --- wwProject System Start ---
[2026-07-21 17:16:27] [DEBUG] Router::Router() /jemini/wwProjectV1.50/Develop/Console/ServerBridgeAction/
[2026-07-21 17:16:27] [DEBUG] Attempting to load: \Develop\Controllers\ConsoleController::ServerBridgeAction
[2026-07-21 17:16:27] [DEBUG] Router: Executing \Develop\Controllers\ConsoleController->ServerBridgeAction
[2026-07-21 17:16:27] [DEBUG] ConsoleController::ServerBridge() start...
[2026-07-21 17:16:27] [DEBUG] ConsoleController::ServerBridge() \Develop\Controllers\PartsDefinitionController::InitialAction()
[2026-07-21 17:16:27] [DEBUG] DBDefinitionController::initialAction() start...
[2026-07-21 17:16:27] [DEBUG] PartsDefinitionController::initialAction() projectId : PRJ-D45FEF
[2026-07-21 17:16:27] [DEBUG] PartsDefinitionModel::getAllPartsList() start... Project ID: PRJ-D45FEF
[2026-07-21 17:16:27] [DEBUG] Screen::updateAreaD() path: \Develop\Views\AreaD\PartsDefinition\PartsDefinitionList.view start...
[2026-07-21 17:16:27] [DEBUG] Screen::getContents() start...
[2026-07-21 17:16:27] [DEBUG] Screen::getContents() finish.
[2026-07-21 17:16:27] [DEBUG] Screen::updateAreaD() finish.
[2026-07-21 17:16:27] [DEBUG] Screen::updateAreaE() [iframe起動版] path: \Develop\Views\AreaE\Area_E_clear.view start...
[2026-07-21 17:16:27] [DEBUG] Screen::getContents() start...
[2026-07-21 17:16:27] [DEBUG] Screen::getContents() finish.
[2026-07-21 17:16:27] [DEBUG] Screen::updateAreaE() finish.
[2026-07-21 17:16:27] [DEBUG] DBDefinitionController::initialAction() end.
[2026-07-21 17:16:27] [DEBUG] Screen::areaView() start...
[2026-07-21 17:16:27] [DEBUG] Screen::areaView() finish.
[2026-07-21 17:16:28] [DEBUG] --- wwProject System Start ---
[2026-07-21 17:16:28] [DEBUG] Router::Router() /jemini/wwProjectV1.50/Develop/Console/ServerBridgeAction/
[2026-07-21 17:16:28] [DEBUG] Attempting to load: \Develop\Controllers\ConsoleController::ServerBridgeAction
[2026-07-21 17:16:28] [DEBUG] Router: Executing \Develop\Controllers\ConsoleController->ServerBridgeAction
[2026-07-21 17:16:28] [DEBUG] ConsoleController::ServerBridge() start...
[2026-07-21 17:16:28] [DEBUG] ConsoleController::ServerBridge() \Develop\Controllers\PartsDefinitionController::editPartsAction()
[2026-07-21 17:16:28] [DEBUG] PartsDefinitionController::editPartsAction() start...
[2026-07-21 17:16:28] [DEBUG] PartsDefinitionModel::getAllPartsList() start... Project ID: PRJ-D45FEF
[2026-07-21 17:16:28] [DEBUG] PartsDefinitionModel::getColumnsByTableId() start... Input: newDevelopers
[2026-07-21 17:16:28] [DEBUG] 逆引き成功: 物理名 newDevelopers -> table_id : 12
[2026-07-21 17:16:28] [DEBUG] PartsDefinitionModel::getColumnsByTableId() finish. 件数: 9
[2026-07-21 17:16:28] [DEBUG] PartsDefinitionModel::getTableStructure() start... Project ID: PRJ-D45FEF
[2026-07-21 17:16:28] [DEBUG] Screen::updateAreaE() [iframe起動版] path: \Develop\Views\AreaE\PartsDefinition\RegistParts.view start...
[2026-07-21 17:16:28] [DEBUG] Screen::getContents() start...
[2026-07-21 17:16:28] [DEBUG] Screen::getContents() finish.
[2026-07-21 17:16:28] [DEBUG] Screen::updateAreaE() finish.
[2026-07-21 17:16:28] [DEBUG] PartsDefinitionController::editPartsAction() end.
[2026-07-21 17:16:28] [DEBUG] Screen::areaView() start...
[2026-07-21 17:16:28] [DEBUG] Screen::areaView() finish.
[2026-07-21 17:17:04] [DEBUG] --- wwProject System Start ---
[2026-07-21 17:17:04] [DEBUG] Router::Router() /jemini/wwProjectV1.50/Develop/Console/ServerBridgeAction/
[2026-07-21 17:17:04] [DEBUG] Attempting to load: \Develop\Controllers\ConsoleController::ServerBridgeAction
[2026-07-21 17:17:04] [DEBUG] Router: Executing \Develop\Controllers\ConsoleController->ServerBridgeAction
[2026-07-21 17:17:04] [DEBUG] ConsoleController::ServerBridge() start...
[2026-07-21 17:17:04] [DEBUG] ConsoleController::ServerBridge() \Develop\Controllers\PartsDefinitionController::editPartsAction()
[2026-07-21 17:17:04] [DEBUG] PartsDefinitionController::editPartsAction() start...
[2026-07-21 17:17:04] [DEBUG] PartsDefinitionModel::getAllPartsList() start... Project ID: PRJ-D45FEF
[2026-07-21 17:17:04] [DEBUG] PartsDefinitionModel::getColumnsByTableId() start... Input: newDevelopers
[2026-07-21 17:17:04] [DEBUG] 逆引き成功: 物理名 newDevelopers -> table_id : 12
[2026-07-21 17:17:04] [DEBUG] PartsDefinitionModel::getColumnsByTableId() finish. 件数: 9
[2026-07-21 17:17:04] [DEBUG] PartsDefinitionModel::getTableStructure() start... Project ID: PRJ-D45FEF
[2026-07-21 17:17:04] [DEBUG] Screen::updateAreaE() [iframe起動版] path: \Develop\Views\AreaE\PartsDefinition\RegistParts.view start...
[2026-07-21 17:17:04] [DEBUG] Screen::getContents() start...
[2026-07-21 17:17:04] [DEBUG] Screen::getContents() finish.
[2026-07-21 17:17:04] [DEBUG] Screen::updateAreaE() finish.
[2026-07-21 17:17:04] [DEBUG] PartsDefinitionController::editPartsAction() end.
[2026-07-21 17:17:04] [DEBUG] Screen::areaView() start...
[2026-07-21 17:17:04] [DEBUG] Screen::areaView() finish.
[2026-07-21 17:21:14] [DEBUG] --- wwProject System Start ---
[2026-07-21 17:21:14] [DEBUG] Router::Router() /jemini/wwProjectV1.50/Develop/Console/initial/
[2026-07-21 17:21:14] [DEBUG] Attempting to load: \Develop\Controllers\ConsoleController::initialAction
[2026-07-21 17:21:14] [DEBUG] Router: Executing \Develop\Controllers\ConsoleController->initialAction
[2026-07-21 17:21:14] [DEBUG] Console::initialAction() start...
[2026-07-21 17:21:14] [DEBUG] Screen::view() path: \Develop\Views\Console\Console.view start...
[2026-07-21 17:21:14] [DEBUG] Screen::getContents() start...
[2026-07-21 17:21:14] [DEBUG] Screen::getContents() finish.
[2026-07-21 17:21:14] [DEBUG] Screen::view() path: \Develop\Views\Console\Console.view finish.
[2026-07-21 17:21:14] [DEBUG] ConsoleController::initialAction() finish.
[2026-07-21 17:21:14] [DEBUG] --- wwProject System Start ---
[2026-07-21 17:21:14] [DEBUG] Router::Router() /jemini/wwProjectV1.50/Develop/Console/ServerBridgeAction/
[2026-07-21 17:21:14] [DEBUG] Attempting to load: \Develop\Controllers\ConsoleController::ServerBridgeAction
[2026-07-21 17:21:14] [DEBUG] Router: Executing \Develop\Controllers\ConsoleController->ServerBridgeAction
[2026-07-21 17:21:14] [DEBUG] ConsoleController::ServerBridge() start...
[2026-07-21 17:21:14] [DEBUG] ConsoleController::ServerBridge() \Develop\Controllers\ConsoleController::areaInitialAction()
[2026-07-21 17:21:14] [DEBUG] ConsoleController::AreaInitialAction() start...
[2026-07-21 17:21:14] [DEBUG] Screen::updateAreaA() path: \Develop\Views\AreaA\Area_A.view start...
[2026-07-21 17:21:14] [DEBUG] Screen::areaView() sending JSON: ["areas"]
[2026-07-21 17:21:14] [DEBUG] Screen::getContents() start...
[2026-07-21 17:21:14] [DEBUG] Screen::getContents() finish.
[2026-07-21 17:21:14] [DEBUG] Screen::updateAreaA() finish.
[2026-07-21 17:21:14] [DEBUG] Screen::updateAreaB() path: \Develop\Views\AreaB\Area_B.view start...
[2026-07-21 17:21:14] [DEBUG] Screen::getContents() start...
[2026-07-21 17:21:14] [DEBUG] Screen::getContents() finish.
[2026-07-21 17:21:14] [DEBUG] Screen::updateAreaB() finish.
[2026-07-21 17:21:14] [DEBUG] Screen::updateAreaD() path: \Develop\Views\AreaD\Area_D_clear.view start...
[2026-07-21 17:21:14] [DEBUG] Screen::getContents() start...
[2026-07-21 17:21:14] [DEBUG] Screen::getContents() finish.
[2026-07-21 17:21:14] [DEBUG] Screen::updateAreaD() finish.
[2026-07-21 17:21:14] [DEBUG] Screen::updateAreaE() [iframe起動版] path: \Develop\Views\AreaE\Area_E_clear.view start...
[2026-07-21 17:21:14] [DEBUG] Screen::getContents() start...
[2026-07-21 17:21:14] [DEBUG] Screen::getContents() finish.
[2026-07-21 17:21:14] [DEBUG] Screen::updateAreaE() finish.
[2026-07-21 17:21:14] [DEBUG] Screen::updateAreaF() path: \Develop\Views\AreaF\Area_F.view start...
[2026-07-21 17:21:14] [DEBUG] Screen::getContents() start...
[2026-07-21 17:21:14] [DEBUG] Screen::getContents() finish.
[2026-07-21 17:21:14] [DEBUG] Screen::updateAreaF() finish.
[2026-07-21 17:21:14] [DEBUG] ProjectController::startProjectNabi() start...
[2026-07-21 17:21:14] [DEBUG] ProjectController::getProjectListHtml() start...
[2026-07-21 17:21:14] [DEBUG] ProjectModel::getProjectList() start...
[2026-07-21 17:21:14] [DEBUG] ProjectModel::getProjectList() finish.
[2026-07-21 17:21:14] [DEBUG] CodeMasterModel：：getCodesByGroup() start...
[2026-07-21 17:21:14] [DEBUG] CodeMasterModel：：getCodesByGroup() finish.
[2026-07-21 17:21:14] [DEBUG] ProjectController::getNaviFooterHtml() start...
[2026-07-21 17:21:14] [DEBUG] ProjectController::getNaviFooterHtml() finish.
[2026-07-21 17:21:14] [DEBUG] ProjectController::startProjectNabi() finish.
[2026-07-21 17:21:14] [DEBUG] Screen::updateAreaC() \Develop\Views\AreaC\Area_C.view start...
[2026-07-21 17:21:14] [DEBUG] Screen::getContents() start...
[2026-07-21 17:21:14] [DEBUG] Screen::getContents() finish.
[2026-07-21 17:21:14] [DEBUG] Screen::updateAreaC() finish.
[2026-07-21 17:21:14] [DEBUG] ConsoleController::AreaInitialAction() finish.
[2026-07-21 17:21:14] [DEBUG] Screen::areaView() start...
[2026-07-21 17:21:14] [DEBUG] Screen::areaView() finish.
[2026-07-21 17:21:16] [DEBUG] --- wwProject System Start ---
[2026-07-21 17:21:16] [DEBUG] Router::Router() /jemini/wwProjectV1.50/Develop/Console/ServerBridgeAction/
[2026-07-21 17:21:16] [DEBUG] Attempting to load: \Develop\Controllers\ConsoleController::ServerBridgeAction
[2026-07-21 17:21:16] [DEBUG] Router: Executing \Develop\Controllers\ConsoleController->ServerBridgeAction
[2026-07-21 17:21:16] [DEBUG] ConsoleController::ServerBridge() start...
[2026-07-21 17:21:16] [DEBUG] ConsoleController::ServerBridge() \Develop\Controllers\PartsDefinitionController::InitialAction()
[2026-07-21 17:21:16] [DEBUG] DBDefinitionController::initialAction() start...
[2026-07-21 17:21:16] [DEBUG] PartsDefinitionController::initialAction() projectId : PRJ-D45FEF
[2026-07-21 17:21:16] [DEBUG] PartsDefinitionModel::getAllPartsList() start... Project ID: PRJ-D45FEF
[2026-07-21 17:21:16] [DEBUG] Screen::updateAreaD() path: \Develop\Views\AreaD\PartsDefinition\PartsDefinitionList.view start...
[2026-07-21 17:21:16] [DEBUG] Screen::getContents() start...
[2026-07-21 17:21:16] [DEBUG] Screen::getContents() finish.
[2026-07-21 17:21:16] [DEBUG] Screen::updateAreaD() finish.
[2026-07-21 17:21:16] [DEBUG] Screen::updateAreaE() [iframe起動版] path: \Develop\Views\AreaE\Area_E_clear.view start...
[2026-07-21 17:21:16] [DEBUG] Screen::getContents() start...
[2026-07-21 17:21:16] [DEBUG] Screen::getContents() finish.
[2026-07-21 17:21:16] [DEBUG] Screen::updateAreaE() finish.
[2026-07-21 17:21:16] [DEBUG] DBDefinitionController::initialAction() end.
[2026-07-21 17:21:16] [DEBUG] Screen::areaView() start...
[2026-07-21 17:21:16] [DEBUG] Screen::areaView() finish.
[2026-07-21 17:21:18] [DEBUG] --- wwProject System Start ---
[2026-07-21 17:21:18] [DEBUG] Router::Router() /jemini/wwProjectV1.50/Develop/Console/ServerBridgeAction/
[2026-07-21 17:21:18] [DEBUG] Attempting to load: \Develop\Controllers\ConsoleController::ServerBridgeAction
[2026-07-21 17:21:18] [DEBUG] Router: Executing \Develop\Controllers\ConsoleController->ServerBridgeAction
[2026-07-21 17:21:18] [DEBUG] ConsoleController::ServerBridge() start...
[2026-07-21 17:21:18] [DEBUG] ConsoleController::ServerBridge() \Develop\Controllers\PartsDefinitionController::editPartsAction()
[2026-07-21 17:21:18] [DEBUG] PartsDefinitionController::editPartsAction() start...
[2026-07-21 17:21:18] [DEBUG] PartsDefinitionModel::getAllPartsList() start... Project ID: PRJ-D45FEF
[2026-07-21 17:21:18] [DEBUG] PartsDefinitionModel::getColumnsByTableId() start... Input: newDevelopers
[2026-07-21 17:21:18] [DEBUG] 逆引き成功: 物理名 newDevelopers -> table_id : 12
[2026-07-21 17:21:18] [DEBUG] PartsDefinitionModel::getColumnsByTableId() finish. 件数: 9
[2026-07-21 17:21:18] [DEBUG] PartsDefinitionModel::getTableStructure() start... Project ID: PRJ-D45FEF
[2026-07-21 17:21:18] [DEBUG] Screen::updateAreaE() [iframe起動版] path: \Develop\Views\AreaE\PartsDefinition\RegistParts.view start...
[2026-07-21 17:21:18] [DEBUG] Screen::getContents() start...
[2026-07-21 17:21:18] [DEBUG] Screen::getContents() finish.
[2026-07-21 17:21:18] [DEBUG] Screen::updateAreaE() finish.
[2026-07-21 17:21:18] [DEBUG] PartsDefinitionController::editPartsAction() end.
[2026-07-21 17:21:18] [DEBUG] Screen::areaView() start...
[2026-07-21 17:21:18] [DEBUG] Screen::areaView() finish.
[2026-07-21 17:21:54] [DEBUG] --- wwProject System Start ---
[2026-07-21 17:21:54] [DEBUG] Router::Router() /jemini/wwProjectV1.50/develop/
[2026-07-21 17:21:54] [DEBUG] Attempting to load: \Develop\Controllers\LoginController::initialAction
[2026-07-21 17:21:54] [DEBUG] Router: Executing \Develop\Controllers\LoginController->initialAction
[2026-07-21 17:21:54] [DEBUG] Login::initialAction() start...
[2026-07-21 17:21:54] [DEBUG] Login::initialAction() errorMessage : 
[2026-07-21 17:21:54] [DEBUG] Screen::view() path: \Develop\Views\Login\Login.view start...
[2026-07-21 17:21:54] [DEBUG] Screen::getContents() start...
[2026-07-21 17:21:54] [DEBUG] Screen::getContents() finish.
[2026-07-21 17:21:54] [DEBUG] Screen::view() path: \Develop\Views\Login\Login.view finish.
[2026-07-21 17:21:54] [DEBUG] Login::initialAction() finish.
[2026-07-21 17:21:56] [DEBUG] --- wwProject System Start ---
[2026-07-21 17:21:56] [DEBUG] Router::Router() /jemini/wwProjectV1.50/Develop/Login/authentication/
[2026-07-21 17:21:56] [DEBUG] Attempting to load: \Develop\Controllers\LoginController::authenticationAction
[2026-07-21 17:21:56] [DEBUG] Router: Executing \Develop\Controllers\LoginController->authenticationAction
[2026-07-21 17:21:56] [DEBUG] Login::AuthenticationAction() start...
[2026-07-21 17:21:56] [DEBUG] Login OK - x
[2026-07-21 17:21:56] [DEBUG] Session::start()
[2026-07-21 17:21:56] [DEBUG] Redirect to Console::initialAction()
[2026-07-21 17:21:56] [DEBUG] --- wwProject System Start ---
[2026-07-21 17:21:57] [DEBUG] Router::Router() /jemini/wwProjectV1.50/Develop/Console/initial/
[2026-07-21 17:21:57] [DEBUG] Attempting to load: \Develop\Controllers\ConsoleController::initialAction
[2026-07-21 17:21:57] [DEBUG] Router: Executing \Develop\Controllers\ConsoleController->initialAction
[2026-07-21 17:21:57] [DEBUG] Console::initialAction() start...
[2026-07-21 17:21:57] [DEBUG] Screen::view() path: \Develop\Views\Console\Console.view start...
[2026-07-21 17:21:57] [DEBUG] Screen::getContents() start...
[2026-07-21 17:21:57] [DEBUG] Screen::getContents() finish.
[2026-07-21 17:21:57] [DEBUG] Screen::view() path: \Develop\Views\Console\Console.view finish.
[2026-07-21 17:21:57] [DEBUG] ConsoleController::initialAction() finish.
[2026-07-21 17:21:57] [DEBUG] --- wwProject System Start ---
[2026-07-21 17:21:57] [DEBUG] Router::Router() /jemini/wwProjectV1.50/Develop/Console/ServerBridgeAction/
[2026-07-21 17:21:57] [DEBUG] Attempting to load: \Develop\Controllers\ConsoleController::ServerBridgeAction
[2026-07-21 17:21:57] [DEBUG] Router: Executing \Develop\Controllers\ConsoleController->ServerBridgeAction
[2026-07-21 17:21:57] [DEBUG] ConsoleController::ServerBridge() start...
[2026-07-21 17:21:57] [DEBUG] ConsoleController::ServerBridge() \Develop\Controllers\ConsoleController::areaInitialAction()
[2026-07-21 17:21:57] [DEBUG] ConsoleController::AreaInitialAction() start...
[2026-07-21 17:21:57] [DEBUG] Screen::updateAreaA() path: \Develop\Views\AreaA\Area_A.view start...
[2026-07-21 17:21:57] [DEBUG] Screen::areaView() sending JSON: ["areas"]
[2026-07-21 17:21:57] [DEBUG] Screen::getContents() start...
[2026-07-21 17:21:57] [DEBUG] Screen::getContents() finish.
[2026-07-21 17:21:57] [DEBUG] Screen::updateAreaA() finish.
[2026-07-21 17:21:57] [DEBUG] Screen::updateAreaB() path: \Develop\Views\AreaB\Area_B.view start...
[2026-07-21 17:21:57] [DEBUG] Screen::getContents() start...
[2026-07-21 17:21:57] [DEBUG] Screen::getContents() finish.
[2026-07-21 17:21:57] [DEBUG] Screen::updateAreaB() finish.
[2026-07-21 17:21:57] [DEBUG] Screen::updateAreaD() path: \Develop\Views\AreaD\Area_D_clear.view start...
[2026-07-21 17:21:57] [DEBUG] Screen::getContents() start...
[2026-07-21 17:21:57] [DEBUG] Screen::getContents() finish.
[2026-07-21 17:21:57] [DEBUG] Screen::updateAreaD() finish.
[2026-07-21 17:21:57] [DEBUG] Screen::updateAreaE() [iframe起動版] path: \Develop\Views\AreaE\Area_E_clear.view start...
[2026-07-21 17:21:57] [DEBUG] Screen::getContents() start...
[2026-07-21 17:21:57] [DEBUG] Screen::getContents() finish.
[2026-07-21 17:21:57] [DEBUG] Screen::updateAreaE() finish.
[2026-07-21 17:21:57] [DEBUG] Screen::updateAreaF() path: \Develop\Views\AreaF\Area_F.view start...
[2026-07-21 17:21:57] [DEBUG] Screen::getContents() start...
[2026-07-21 17:21:57] [DEBUG] Screen::getContents() finish.
[2026-07-21 17:21:57] [DEBUG] Screen::updateAreaF() finish.
[2026-07-21 17:21:57] [DEBUG] ProjectController::startProjectNabi() start...
[2026-07-21 17:21:57] [DEBUG] ProjectController::getProjectListHtml() start...
[2026-07-21 17:21:57] [DEBUG] ProjectModel::getProjectList() start...
[2026-07-21 17:21:57] [DEBUG] ProjectModel::getProjectList() finish.
[2026-07-21 17:21:57] [DEBUG] CodeMasterModel：：getCodesByGroup() start...
[2026-07-21 17:21:57] [DEBUG] CodeMasterModel：：getCodesByGroup() finish.
[2026-07-21 17:21:57] [DEBUG] ProjectController::getNaviFooterHtml() start...
[2026-07-21 17:21:57] [DEBUG] ProjectController::getNaviFooterHtml() finish.
[2026-07-21 17:21:57] [DEBUG] ProjectController::startProjectNabi() finish.
[2026-07-21 17:21:57] [DEBUG] Screen::updateAreaC() \Develop\Views\AreaC\Area_C.view start...
[2026-07-21 17:21:57] [DEBUG] Screen::getContents() start...
[2026-07-21 17:21:57] [DEBUG] Screen::getContents() finish.
[2026-07-21 17:21:57] [DEBUG] Screen::updateAreaC() finish.
[2026-07-21 17:21:57] [DEBUG] ConsoleController::AreaInitialAction() finish.
[2026-07-21 17:21:57] [DEBUG] Screen::areaView() start...
[2026-07-21 17:21:57] [DEBUG] Screen::areaView() finish.
[2026-07-21 17:21:58] [DEBUG] --- wwProject System Start ---
[2026-07-21 17:21:58] [DEBUG] Router::Router() /jemini/wwProjectV1.50/Develop/Console/ServerBridgeAction/
[2026-07-21 17:21:58] [DEBUG] Attempting to load: \Develop\Controllers\ConsoleController::ServerBridgeAction
[2026-07-21 17:21:58] [DEBUG] Router: Executing \Develop\Controllers\ConsoleController->ServerBridgeAction
[2026-07-21 17:21:58] [DEBUG] ConsoleController::ServerBridge() start...
[2026-07-21 17:21:58] [DEBUG] ConsoleController::ServerBridge() \Develop\Controllers\ProjectController::projectSelectAction()
[2026-07-21 17:21:58] [DEBUG] ProjectController::projectSelectAction() start...
[2026-07-21 17:21:58] [DEBUG] ProjectController::projectSelectAction() ☆★☆　SampleProject１
[2026-07-21 17:21:58] [DEBUG] Screen::updateAreaB() path: \Develop\Views\AreaB\Area_B.view start...
[2026-07-21 17:21:58] [DEBUG] Screen::getContents() start...
[2026-07-21 17:21:58] [DEBUG] Screen::getContents() finish.
[2026-07-21 17:21:58] [DEBUG] Screen::updateAreaB() finish.
[2026-07-21 17:21:58] [DEBUG] ProjectController::projectSelectAction() PRJ-D45FEF : PRJ-D45FEF
[2026-07-21 17:21:58] [DEBUG] ProjectController::getProjectListHtml() start...
[2026-07-21 17:21:58] [DEBUG] ProjectModel::getProjectList() start...
[2026-07-21 17:21:58] [DEBUG] ProjectModel::getProjectList() finish.
[2026-07-21 17:21:58] [DEBUG] CodeMasterModel：：getCodesByGroup() start...
[2026-07-21 17:21:58] [DEBUG] CodeMasterModel：：getCodesByGroup() finish.
[2026-07-21 17:21:58] [DEBUG] ProjectController::getNaviFooterHtml() start...
[2026-07-21 17:21:58] [DEBUG] ProjectController::getNaviFooterHtml() finish.
[2026-07-21 17:21:58] [DEBUG] Screen::updateAreaC() \Develop\Views\AreaC\Area_C.view start...
[2026-07-21 17:21:58] [DEBUG] Screen::getContents() start...
[2026-07-21 17:21:58] [DEBUG] Screen::getContents() finish.
[2026-07-21 17:21:58] [DEBUG] Screen::updateAreaC() finish.
[2026-07-21 17:21:58] [DEBUG] Screen::updateAreaD() path: \Develop\Views\AreaD\Area_D_clear.view start...
[2026-07-21 17:21:58] [DEBUG] Screen::getContents() start...
[2026-07-21 17:21:58] [DEBUG] Screen::getContents() finish.
[2026-07-21 17:21:58] [DEBUG] Screen::updateAreaD() finish.
[2026-07-21 17:21:58] [DEBUG] Screen::updateAreaE() [iframe起動版] path: \Develop\Views\AreaE\Area_E_clear.view start...
[2026-07-21 17:21:58] [DEBUG] Screen::getContents() start...
[2026-07-21 17:21:58] [DEBUG] Screen::getContents() finish.
[2026-07-21 17:21:58] [DEBUG] Screen::updateAreaE() finish.
[2026-07-21 17:21:58] [DEBUG] ProjectController::projectSelectAction() finish.
[2026-07-21 17:21:58] [DEBUG] Screen::areaView() start...
[2026-07-21 17:21:58] [DEBUG] Screen::areaView() finish.
[2026-07-21 17:21:59] [DEBUG] --- wwProject System Start ---
[2026-07-21 17:21:59] [DEBUG] Router::Router() /jemini/wwProjectV1.50/Develop/Console/ServerBridgeAction/
[2026-07-21 17:21:59] [DEBUG] Attempting to load: \Develop\Controllers\ConsoleController::ServerBridgeAction
[2026-07-21 17:21:59] [DEBUG] Router: Executing \Develop\Controllers\ConsoleController->ServerBridgeAction
[2026-07-21 17:21:59] [DEBUG] ConsoleController::ServerBridge() start...
[2026-07-21 17:21:59] [DEBUG] ConsoleController::ServerBridge() \Develop\Controllers\PartsDefinitionController::InitialAction()
[2026-07-21 17:21:59] [DEBUG] DBDefinitionController::initialAction() start...
[2026-07-21 17:21:59] [DEBUG] PartsDefinitionController::initialAction() projectId : PRJ-D45FEF
[2026-07-21 17:21:59] [DEBUG] PartsDefinitionModel::getAllPartsList() start... Project ID: PRJ-D45FEF
[2026-07-21 17:21:59] [DEBUG] Screen::updateAreaD() path: \Develop\Views\AreaD\PartsDefinition\PartsDefinitionList.view start...
[2026-07-21 17:21:59] [DEBUG] Screen::getContents() start...
[2026-07-21 17:21:59] [DEBUG] Screen::getContents() finish.
[2026-07-21 17:21:59] [DEBUG] Screen::updateAreaD() finish.
[2026-07-21 17:21:59] [DEBUG] Screen::updateAreaE() [iframe起動版] path: \Develop\Views\AreaE\Area_E_clear.view start...
[2026-07-21 17:21:59] [DEBUG] Screen::getContents() start...
[2026-07-21 17:21:59] [DEBUG] Screen::getContents() finish.
[2026-07-21 17:21:59] [DEBUG] Screen::updateAreaE() finish.
[2026-07-21 17:21:59] [DEBUG] DBDefinitionController::initialAction() end.
[2026-07-21 17:21:59] [DEBUG] Screen::areaView() start...
[2026-07-21 17:21:59] [DEBUG] Screen::areaView() finish.
[2026-07-21 17:22:01] [DEBUG] --- wwProject System Start ---
[2026-07-21 17:22:01] [DEBUG] Router::Router() /jemini/wwProjectV1.50/Develop/Console/ServerBridgeAction/
[2026-07-21 17:22:01] [DEBUG] Attempting to load: \Develop\Controllers\ConsoleController::ServerBridgeAction
[2026-07-21 17:22:01] [DEBUG] Router: Executing \Develop\Controllers\ConsoleController->ServerBridgeAction
[2026-07-21 17:22:01] [DEBUG] ConsoleController::ServerBridge() start...
[2026-07-21 17:22:01] [DEBUG] ConsoleController::ServerBridge() \Develop\Controllers\PartsDefinitionController::editPartsAction()
[2026-07-21 17:22:01] [DEBUG] PartsDefinitionController::editPartsAction() start...
[2026-07-21 17:22:01] [DEBUG] PartsDefinitionModel::getAllPartsList() start... Project ID: PRJ-D45FEF
[2026-07-21 17:22:01] [DEBUG] PartsDefinitionModel::getColumnsByTableId() start... Input: newDevelopers
[2026-07-21 17:22:01] [DEBUG] 逆引き成功: 物理名 newDevelopers -> table_id : 12
[2026-07-21 17:22:01] [DEBUG] PartsDefinitionModel::getColumnsByTableId() finish. 件数: 9
[2026-07-21 17:22:01] [DEBUG] PartsDefinitionModel::getTableStructure() start... Project ID: PRJ-D45FEF
[2026-07-21 17:22:01] [DEBUG] Screen::updateAreaE() [iframe起動版] path: \Develop\Views\AreaE\PartsDefinition\RegistParts.view start...
[2026-07-21 17:22:01] [DEBUG] Screen::getContents() start...
[2026-07-21 17:22:01] [DEBUG] Screen::getContents() finish.
[2026-07-21 17:22:01] [DEBUG] Screen::updateAreaE() finish.
[2026-07-21 17:22:01] [DEBUG] PartsDefinitionController::editPartsAction() end.
[2026-07-21 17:22:01] [DEBUG] Screen::areaView() start...
[2026-07-21 17:22:01] [DEBUG] Screen::areaView() finish.
[2026-07-21 17:22:15] [DEBUG] --- wwProject System Start ---
[2026-07-21 17:22:15] [DEBUG] Router::Router() /jemini/wwProjectV1.50/develop/
[2026-07-21 17:22:15] [DEBUG] Attempting to load: \Develop\Controllers\LoginController::initialAction
[2026-07-21 17:22:15] [DEBUG] Router: Executing \Develop\Controllers\LoginController->initialAction
[2026-07-21 17:22:15] [DEBUG] Login::initialAction() start...
[2026-07-21 17:22:15] [DEBUG] Login::initialAction() errorMessage : 
[2026-07-21 17:22:15] [DEBUG] Screen::view() path: \Develop\Views\Login\Login.view start...
[2026-07-21 17:22:15] [DEBUG] Screen::getContents() start...
[2026-07-21 17:22:15] [DEBUG] Screen::getContents() finish.
[2026-07-21 17:22:15] [DEBUG] Screen::view() path: \Develop\Views\Login\Login.view finish.
[2026-07-21 17:22:15] [DEBUG] Login::initialAction() finish.
[2026-07-21 17:23:20] [DEBUG] --- wwProject System Start ---
[2026-07-21 17:23:20] [DEBUG] Router::Router() /jemini/wwProjectV1.50/Develop/Login/authentication/
[2026-07-21 17:23:20] [DEBUG] Attempting to load: \Develop\Controllers\LoginController::authenticationAction
[2026-07-21 17:23:20] [DEBUG] Router: Executing \Develop\Controllers\LoginController->authenticationAction
[2026-07-21 17:23:20] [DEBUG] Login::AuthenticationAction() start...
[2026-07-21 17:23:20] [DEBUG] Login OK - x
[2026-07-21 17:23:20] [DEBUG] Session::start()
[2026-07-21 17:23:20] [DEBUG] Redirect to Console::initialAction()
[2026-07-21 17:23:20] [DEBUG] --- wwProject System Start ---
[2026-07-21 17:23:20] [DEBUG] Router::Router() /jemini/wwProjectV1.50/Develop/Console/initial/
[2026-07-21 17:23:20] [DEBUG] Attempting to load: \Develop\Controllers\ConsoleController::initialAction
[2026-07-21 17:23:20] [DEBUG] Router: Executing \Develop\Controllers\ConsoleController->initialAction
[2026-07-21 17:23:20] [DEBUG] Console::initialAction() start...
[2026-07-21 17:23:20] [DEBUG] Screen::view() path: \Develop\Views\Console\Console.view start...
[2026-07-21 17:23:20] [DEBUG] Screen::getContents() start...
[2026-07-21 17:23:20] [DEBUG] Screen::getContents() finish.
[2026-07-21 17:23:20] [DEBUG] Screen::view() path: \Develop\Views\Console\Console.view finish.
[2026-07-21 17:23:20] [DEBUG] ConsoleController::initialAction() finish.
[2026-07-21 17:23:20] [DEBUG] --- wwProject System Start ---
[2026-07-21 17:23:20] [DEBUG] Router::Router() /jemini/wwProjectV1.50/Develop/Console/ServerBridgeAction/
[2026-07-21 17:23:20] [DEBUG] Attempting to load: \Develop\Controllers\ConsoleController::ServerBridgeAction
[2026-07-21 17:23:20] [DEBUG] Router: Executing \Develop\Controllers\ConsoleController->ServerBridgeAction
[2026-07-21 17:23:20] [DEBUG] ConsoleController::ServerBridge() start...
[2026-07-21 17:23:20] [DEBUG] ConsoleController::ServerBridge() \Develop\Controllers\ConsoleController::areaInitialAction()
[2026-07-21 17:23:20] [DEBUG] ConsoleController::AreaInitialAction() start...
[2026-07-21 17:23:20] [DEBUG] Screen::updateAreaA() path: \Develop\Views\AreaA\Area_A.view start...
[2026-07-21 17:23:20] [DEBUG] Screen::areaView() sending JSON: ["areas"]
[2026-07-21 17:23:20] [DEBUG] Screen::getContents() start...
[2026-07-21 17:23:20] [DEBUG] Screen::getContents() finish.
[2026-07-21 17:23:20] [DEBUG] Screen::updateAreaA() finish.
[2026-07-21 17:23:20] [DEBUG] Screen::updateAreaB() path: \Develop\Views\AreaB\Area_B.view start...
[2026-07-21 17:23:20] [DEBUG] Screen::getContents() start...
[2026-07-21 17:23:20] [DEBUG] Screen::getContents() finish.
[2026-07-21 17:23:20] [DEBUG] Screen::updateAreaB() finish.
[2026-07-21 17:23:20] [DEBUG] Screen::updateAreaD() path: \Develop\Views\AreaD\Area_D_clear.view start...
[2026-07-21 17:23:20] [DEBUG] Screen::getContents() start...
[2026-07-21 17:23:20] [DEBUG] Screen::getContents() finish.
[2026-07-21 17:23:20] [DEBUG] Screen::updateAreaD() finish.
[2026-07-21 17:23:20] [DEBUG] Screen::updateAreaE() [iframe起動版] path: \Develop\Views\AreaE\Area_E_clear.view start...
[2026-07-21 17:23:20] [DEBUG] Screen::getContents() start...
[2026-07-21 17:23:20] [DEBUG] Screen::getContents() finish.
[2026-07-21 17:23:20] [DEBUG] Screen::updateAreaE() finish.
[2026-07-21 17:23:20] [DEBUG] Screen::updateAreaF() path: \Develop\Views\AreaF\Area_F.view start...
[2026-07-21 17:23:20] [DEBUG] Screen::getContents() start...
[2026-07-21 17:23:20] [DEBUG] Screen::getContents() finish.
[2026-07-21 17:23:20] [DEBUG] Screen::updateAreaF() finish.
[2026-07-21 17:23:20] [DEBUG] ProjectController::startProjectNabi() start...
[2026-07-21 17:23:20] [DEBUG] ProjectController::getProjectListHtml() start...
[2026-07-21 17:23:20] [DEBUG] ProjectModel::getProjectList() start...
[2026-07-21 17:23:20] [DEBUG] ProjectModel::getProjectList() finish.
[2026-07-21 17:23:20] [DEBUG] CodeMasterModel：：getCodesByGroup() start...
[2026-07-21 17:23:20] [DEBUG] CodeMasterModel：：getCodesByGroup() finish.
[2026-07-21 17:23:20] [DEBUG] ProjectController::getNaviFooterHtml() start...
[2026-07-21 17:23:20] [DEBUG] ProjectController::getNaviFooterHtml() finish.
[2026-07-21 17:23:20] [DEBUG] ProjectController::startProjectNabi() finish.
[2026-07-21 17:23:20] [DEBUG] Screen::updateAreaC() \Develop\Views\AreaC\Area_C.view start...
[2026-07-21 17:23:20] [DEBUG] Screen::getContents() start...
[2026-07-21 17:23:20] [DEBUG] Screen::getContents() finish.
[2026-07-21 17:23:20] [DEBUG] Screen::updateAreaC() finish.
[2026-07-21 17:23:21] [DEBUG] ConsoleController::AreaInitialAction() finish.
[2026-07-21 17:23:21] [DEBUG] Screen::areaView() start...
[2026-07-21 17:23:21] [DEBUG] Screen::areaView() finish.
[2026-07-21 17:23:22] [DEBUG] --- wwProject System Start ---
[2026-07-21 17:23:22] [DEBUG] Router::Router() /jemini/wwProjectV1.50/Develop/Console/ServerBridgeAction/
[2026-07-21 17:23:22] [DEBUG] Attempting to load: \Develop\Controllers\ConsoleController::ServerBridgeAction
[2026-07-21 17:23:22] [DEBUG] Router: Executing \Develop\Controllers\ConsoleController->ServerBridgeAction
[2026-07-21 17:23:22] [DEBUG] ConsoleController::ServerBridge() start...
[2026-07-21 17:23:22] [DEBUG] ConsoleController::ServerBridge() \Develop\Controllers\ProjectController::projectSelectAction()
[2026-07-21 17:23:22] [DEBUG] ProjectController::projectSelectAction() start...
[2026-07-21 17:23:22] [DEBUG] ProjectController::projectSelectAction() ☆★☆　SampleProject１
[2026-07-21 17:23:22] [DEBUG] Screen::updateAreaB() path: \Develop\Views\AreaB\Area_B.view start...
[2026-07-21 17:23:22] [DEBUG] Screen::getContents() start...
[2026-07-21 17:23:22] [DEBUG] Screen::getContents() finish.
[2026-07-21 17:23:22] [DEBUG] Screen::updateAreaB() finish.
[2026-07-21 17:23:22] [DEBUG] ProjectController::projectSelectAction() PRJ-D45FEF : PRJ-D45FEF
[2026-07-21 17:23:22] [DEBUG] ProjectController::getProjectListHtml() start...
[2026-07-21 17:23:22] [DEBUG] ProjectModel::getProjectList() start...
[2026-07-21 17:23:22] [DEBUG] ProjectModel::getProjectList() finish.
[2026-07-21 17:23:22] [DEBUG] CodeMasterModel：：getCodesByGroup() start...
[2026-07-21 17:23:22] [DEBUG] CodeMasterModel：：getCodesByGroup() finish.
[2026-07-21 17:23:22] [DEBUG] ProjectController::getNaviFooterHtml() start...
[2026-07-21 17:23:22] [DEBUG] ProjectController::getNaviFooterHtml() finish.
[2026-07-21 17:23:22] [DEBUG] Screen::updateAreaC() \Develop\Views\AreaC\Area_C.view start...
[2026-07-21 17:23:22] [DEBUG] Screen::getContents() start...
[2026-07-21 17:23:22] [DEBUG] Screen::getContents() finish.
[2026-07-21 17:23:22] [DEBUG] Screen::updateAreaC() finish.
[2026-07-21 17:23:22] [DEBUG] Screen::updateAreaD() path: \Develop\Views\AreaD\Area_D_clear.view start...
[2026-07-21 17:23:22] [DEBUG] Screen::getContents() start...
[2026-07-21 17:23:22] [DEBUG] Screen::getContents() finish.
[2026-07-21 17:23:22] [DEBUG] Screen::updateAreaD() finish.
[2026-07-21 17:23:22] [DEBUG] Screen::updateAreaE() [iframe起動版] path: \Develop\Views\AreaE\Area_E_clear.view start...
[2026-07-21 17:23:22] [DEBUG] Screen::getContents() start...
[2026-07-21 17:23:22] [DEBUG] Screen::getContents() finish.
[2026-07-21 17:23:22] [DEBUG] Screen::updateAreaE() finish.
[2026-07-21 17:23:22] [DEBUG] ProjectController::projectSelectAction() finish.
[2026-07-21 17:23:22] [DEBUG] Screen::areaView() start...
[2026-07-21 17:23:22] [DEBUG] Screen::areaView() finish.
[2026-07-21 17:23:23] [DEBUG] --- wwProject System Start ---
[2026-07-21 17:23:23] [DEBUG] Router::Router() /jemini/wwProjectV1.50/Develop/Console/ServerBridgeAction/
[2026-07-21 17:23:23] [DEBUG] Attempting to load: \Develop\Controllers\ConsoleController::ServerBridgeAction
[2026-07-21 17:23:23] [DEBUG] Router: Executing \Develop\Controllers\ConsoleController->ServerBridgeAction
[2026-07-21 17:23:23] [DEBUG] ConsoleController::ServerBridge() start...
[2026-07-21 17:23:23] [DEBUG] ConsoleController::ServerBridge() \Develop\Controllers\PartsDefinitionController::InitialAction()
[2026-07-21 17:23:23] [DEBUG] DBDefinitionController::initialAction() start...
[2026-07-21 17:23:23] [DEBUG] PartsDefinitionController::initialAction() projectId : PRJ-D45FEF
[2026-07-21 17:23:23] [DEBUG] PartsDefinitionModel::getAllPartsList() start... Project ID: PRJ-D45FEF
[2026-07-21 17:23:23] [DEBUG] Screen::updateAreaD() path: \Develop\Views\AreaD\PartsDefinition\PartsDefinitionList.view start...
[2026-07-21 17:23:23] [DEBUG] Screen::getContents() start...
[2026-07-21 17:23:23] [DEBUG] Screen::getContents() finish.
[2026-07-21 17:23:23] [DEBUG] Screen::updateAreaD() finish.
[2026-07-21 17:23:23] [DEBUG] Screen::updateAreaE() [iframe起動版] path: \Develop\Views\AreaE\Area_E_clear.view start...
[2026-07-21 17:23:23] [DEBUG] Screen::getContents() start...
[2026-07-21 17:23:23] [DEBUG] Screen::getContents() finish.
[2026-07-21 17:23:23] [DEBUG] Screen::updateAreaE() finish.
[2026-07-21 17:23:23] [DEBUG] DBDefinitionController::initialAction() end.
[2026-07-21 17:23:23] [DEBUG] Screen::areaView() start...
[2026-07-21 17:23:23] [DEBUG] Screen::areaView() finish.
[2026-07-21 17:23:25] [DEBUG] --- wwProject System Start ---
[2026-07-21 17:23:25] [DEBUG] Router::Router() /jemini/wwProjectV1.50/Develop/Console/ServerBridgeAction/
[2026-07-21 17:23:25] [DEBUG] Attempting to load: \Develop\Controllers\ConsoleController::ServerBridgeAction
[2026-07-21 17:23:25] [DEBUG] Router: Executing \Develop\Controllers\ConsoleController->ServerBridgeAction
[2026-07-21 17:23:25] [DEBUG] ConsoleController::ServerBridge() start...
[2026-07-21 17:23:25] [DEBUG] ConsoleController::ServerBridge() \Develop\Controllers\PartsDefinitionController::editPartsAction()
[2026-07-21 17:23:25] [DEBUG] PartsDefinitionController::editPartsAction() start...
[2026-07-21 17:23:25] [DEBUG] PartsDefinitionModel::getAllPartsList() start... Project ID: PRJ-D45FEF
[2026-07-21 17:23:25] [DEBUG] PartsDefinitionModel::getColumnsByTableId() start... Input: newDevelopers
[2026-07-21 17:23:25] [DEBUG] 逆引き成功: 物理名 newDevelopers -> table_id : 12
[2026-07-21 17:23:25] [DEBUG] PartsDefinitionModel::getColumnsByTableId() finish. 件数: 9
[2026-07-21 17:23:25] [DEBUG] PartsDefinitionModel::getTableStructure() start... Project ID: PRJ-D45FEF
[2026-07-21 17:23:25] [DEBUG] Screen::updateAreaE() [iframe起動版] path: \Develop\Views\AreaE\PartsDefinition\RegistParts.view start...
[2026-07-21 17:23:25] [DEBUG] Screen::getContents() start...
[2026-07-21 17:23:25] [DEBUG] Screen::getContents() finish.
[2026-07-21 17:23:25] [DEBUG] Screen::updateAreaE() finish.
[2026-07-21 17:23:25] [DEBUG] PartsDefinitionController::editPartsAction() end.
[2026-07-21 17:23:25] [DEBUG] Screen::areaView() start...
[2026-07-21 17:23:25] [DEBUG] Screen::areaView() finish.
[2026-07-21 17:24:02] [DEBUG] --- wwProject System Start ---
[2026-07-21 17:24:02] [DEBUG] Router::Router() /jemini/wwProjectV1.50/Develop/Console/ServerBridgeAction/
[2026-07-21 17:24:02] [DEBUG] Attempting to load: \Develop\Controllers\ConsoleController::ServerBridgeAction
[2026-07-21 17:24:02] [DEBUG] Router: Executing \Develop\Controllers\ConsoleController->ServerBridgeAction
[2026-07-21 17:24:02] [DEBUG] ConsoleController::ServerBridge() start...
[2026-07-21 17:24:02] [DEBUG] ConsoleController::ServerBridge() \Develop\Controllers\PartsDefinitionController::editPartsAction()
[2026-07-21 17:24:02] [DEBUG] PartsDefinitionController::editPartsAction() start...
[2026-07-21 17:24:02] [DEBUG] PartsDefinitionModel::getAllPartsList() start... Project ID: PRJ-D45FEF
[2026-07-21 17:24:02] [DEBUG] PartsDefinitionModel::getColumnsByTableId() start... Input: newDevelopers
[2026-07-21 17:24:02] [DEBUG] 逆引き成功: 物理名 newDevelopers -> table_id : 12
[2026-07-21 17:24:02] [DEBUG] PartsDefinitionModel::getColumnsByTableId() finish. 件数: 9
[2026-07-21 17:24:02] [DEBUG] PartsDefinitionModel::getTableStructure() start... Project ID: PRJ-D45FEF
[2026-07-21 17:24:02] [DEBUG] Screen::updateAreaE() [iframe起動版] path: \Develop\Views\AreaE\PartsDefinition\RegistParts.view start...
[2026-07-21 17:24:02] [DEBUG] Screen::getContents() start...
[2026-07-21 17:24:02] [ERROR] ConsoleController::ServerBridge Fatal: htmlspecialchars(): Argument #1 ($string) must be of type string, array given
[2026-07-21 17:24:03] [DEBUG] --- wwProject System Start ---
[2026-07-21 17:24:04] [DEBUG] Router::Router() /jemini/wwProjectV1.50/Develop/Console/ServerBridgeAction/
[2026-07-21 17:24:04] [DEBUG] Attempting to load: \Develop\Controllers\ConsoleController::ServerBridgeAction
[2026-07-21 17:24:04] [DEBUG] Router: Executing \Develop\Controllers\ConsoleController->ServerBridgeAction
[2026-07-21 17:24:04] [DEBUG] ConsoleController::ServerBridge() start...
[2026-07-21 17:24:04] [DEBUG] ConsoleController::ServerBridge() \Develop\Controllers\PartsDefinitionController::editPartsAction()
[2026-07-21 17:24:04] [DEBUG] PartsDefinitionController::editPartsAction() start...
[2026-07-21 17:24:04] [DEBUG] PartsDefinitionModel::getAllPartsList() start... Project ID: PRJ-D45FEF
[2026-07-21 17:24:04] [DEBUG] PartsDefinitionModel::getColumnsByTableId() start... Input: newDevelopers
[2026-07-21 17:24:04] [DEBUG] 逆引き成功: 物理名 newDevelopers -> table_id : 12
[2026-07-21 17:24:04] [DEBUG] PartsDefinitionModel::getColumnsByTableId() finish. 件数: 9
[2026-07-21 17:24:04] [DEBUG] PartsDefinitionModel::getTableStructure() start... Project ID: PRJ-D45FEF
[2026-07-21 17:24:04] [DEBUG] Screen::updateAreaE() [iframe起動版] path: \Develop\Views\AreaE\PartsDefinition\RegistParts.view start...
[2026-07-21 17:24:04] [DEBUG] Screen::getContents() start...
[2026-07-21 17:24:04] [ERROR] ConsoleController::ServerBridge Fatal: htmlspecialchars(): Argument #1 ($string) must be of type string, array given
[2026-07-21 17:24:07] [DEBUG] --- wwProject System Start ---
[2026-07-21 17:24:07] [DEBUG] Router::Router() /jemini/wwProjectV1.50/Develop/Console/initial/
[2026-07-21 17:24:07] [DEBUG] Attempting to load: \Develop\Controllers\ConsoleController::initialAction
[2026-07-21 17:24:07] [DEBUG] Router: Executing \Develop\Controllers\ConsoleController->initialAction
[2026-07-21 17:24:07] [DEBUG] Console::initialAction() start...
[2026-07-21 17:24:07] [DEBUG] Screen::view() path: \Develop\Views\Console\Console.view start...
[2026-07-21 17:24:07] [DEBUG] Screen::getContents() start...
[2026-07-21 17:24:07] [DEBUG] Screen::getContents() finish.
[2026-07-21 17:24:07] [DEBUG] Screen::view() path: \Develop\Views\Console\Console.view finish.
[2026-07-21 17:24:07] [DEBUG] ConsoleController::initialAction() finish.
[2026-07-21 17:24:07] [DEBUG] --- wwProject System Start ---
[2026-07-21 17:24:07] [DEBUG] Router::Router() /jemini/wwProjectV1.50/Develop/Console/ServerBridgeAction/
[2026-07-21 17:24:07] [DEBUG] Attempting to load: \Develop\Controllers\ConsoleController::ServerBridgeAction
[2026-07-21 17:24:07] [DEBUG] Router: Executing \Develop\Controllers\ConsoleController->ServerBridgeAction
[2026-07-21 17:24:07] [DEBUG] ConsoleController::ServerBridge() start...
[2026-07-21 17:24:07] [DEBUG] ConsoleController::ServerBridge() \Develop\Controllers\ConsoleController::areaInitialAction()
[2026-07-21 17:24:07] [DEBUG] ConsoleController::AreaInitialAction() start...
[2026-07-21 17:24:07] [DEBUG] Screen::updateAreaA() path: \Develop\Views\AreaA\Area_A.view start...
[2026-07-21 17:24:07] [DEBUG] Screen::areaView() sending JSON: ["areas"]
[2026-07-21 17:24:07] [DEBUG] Screen::getContents() start...
[2026-07-21 17:24:07] [DEBUG] Screen::getContents() finish.
[2026-07-21 17:24:07] [DEBUG] Screen::updateAreaA() finish.
[2026-07-21 17:24:07] [DEBUG] Screen::updateAreaB() path: \Develop\Views\AreaB\Area_B.view start...
[2026-07-21 17:24:07] [DEBUG] Screen::getContents() start...
[2026-07-21 17:24:07] [DEBUG] Screen::getContents() finish.
[2026-07-21 17:24:07] [DEBUG] Screen::updateAreaB() finish.
[2026-07-21 17:24:07] [DEBUG] Screen::updateAreaD() path: \Develop\Views\AreaD\Area_D_clear.view start...
[2026-07-21 17:24:07] [DEBUG] Screen::getContents() start...
[2026-07-21 17:24:07] [DEBUG] Screen::getContents() finish.
[2026-07-21 17:24:07] [DEBUG] Screen::updateAreaD() finish.
[2026-07-21 17:24:07] [DEBUG] Screen::updateAreaE() [iframe起動版] path: \Develop\Views\AreaE\Area_E_clear.view start...
[2026-07-21 17:24:07] [DEBUG] Screen::getContents() start...
[2026-07-21 17:24:07] [DEBUG] Screen::getContents() finish.
[2026-07-21 17:24:07] [DEBUG] Screen::updateAreaE() finish.
[2026-07-21 17:24:07] [DEBUG] Screen::updateAreaF() path: \Develop\Views\AreaF\Area_F.view start...
[2026-07-21 17:24:07] [DEBUG] Screen::getContents() start...
[2026-07-21 17:24:07] [DEBUG] Screen::getContents() finish.
[2026-07-21 17:24:07] [DEBUG] Screen::updateAreaF() finish.
[2026-07-21 17:24:07] [DEBUG] ProjectController::startProjectNabi() start...
[2026-07-21 17:24:07] [DEBUG] ProjectController::getProjectListHtml() start...
[2026-07-21 17:24:07] [DEBUG] ProjectModel::getProjectList() start...
[2026-07-21 17:24:07] [DEBUG] ProjectModel::getProjectList() finish.
[2026-07-21 17:24:07] [DEBUG] CodeMasterModel：：getCodesByGroup() start...
[2026-07-21 17:24:07] [DEBUG] CodeMasterModel：：getCodesByGroup() finish.
[2026-07-21 17:24:07] [DEBUG] ProjectController::getNaviFooterHtml() start...
[2026-07-21 17:24:07] [DEBUG] ProjectController::getNaviFooterHtml() finish.
[2026-07-21 17:24:07] [DEBUG] ProjectController::startProjectNabi() finish.
[2026-07-21 17:24:07] [DEBUG] Screen::updateAreaC() \Develop\Views\AreaC\Area_C.view start...
[2026-07-21 17:24:07] [DEBUG] Screen::getContents() start...
[2026-07-21 17:24:07] [DEBUG] Screen::getContents() finish.
[2026-07-21 17:24:07] [DEBUG] Screen::updateAreaC() finish.
[2026-07-21 17:24:07] [DEBUG] ConsoleController::AreaInitialAction() finish.
[2026-07-21 17:24:07] [DEBUG] Screen::areaView() start...
[2026-07-21 17:24:07] [DEBUG] Screen::areaView() finish.
[2026-07-21 17:24:08] [DEBUG] --- wwProject System Start ---
[2026-07-21 17:24:09] [DEBUG] Router::Router() /jemini/wwProjectV1.50/Develop/Console/ServerBridgeAction/
[2026-07-21 17:24:09] [DEBUG] Attempting to load: \Develop\Controllers\ConsoleController::ServerBridgeAction
[2026-07-21 17:24:09] [DEBUG] Router: Executing \Develop\Controllers\ConsoleController->ServerBridgeAction
[2026-07-21 17:24:09] [DEBUG] ConsoleController::ServerBridge() start...
[2026-07-21 17:24:09] [DEBUG] ConsoleController::ServerBridge() \Develop\Controllers\PartsDefinitionController::InitialAction()
[2026-07-21 17:24:09] [DEBUG] DBDefinitionController::initialAction() start...
[2026-07-21 17:24:09] [DEBUG] PartsDefinitionController::initialAction() projectId : PRJ-D45FEF
[2026-07-21 17:24:09] [DEBUG] PartsDefinitionModel::getAllPartsList() start... Project ID: PRJ-D45FEF
[2026-07-21 17:24:09] [DEBUG] Screen::updateAreaD() path: \Develop\Views\AreaD\PartsDefinition\PartsDefinitionList.view start...
[2026-07-21 17:24:09] [DEBUG] Screen::getContents() start...
[2026-07-21 17:24:09] [DEBUG] Screen::getContents() finish.
[2026-07-21 17:24:09] [DEBUG] Screen::updateAreaD() finish.
[2026-07-21 17:24:09] [DEBUG] Screen::updateAreaE() [iframe起動版] path: \Develop\Views\AreaE\Area_E_clear.view start...
[2026-07-21 17:24:09] [DEBUG] Screen::getContents() start...
[2026-07-21 17:24:09] [DEBUG] Screen::getContents() finish.
[2026-07-21 17:24:09] [DEBUG] Screen::updateAreaE() finish.
[2026-07-21 17:24:09] [DEBUG] DBDefinitionController::initialAction() end.
[2026-07-21 17:24:09] [DEBUG] Screen::areaView() start...
[2026-07-21 17:24:09] [DEBUG] Screen::areaView() finish.
[2026-07-21 17:24:10] [DEBUG] --- wwProject System Start ---
[2026-07-21 17:24:10] [DEBUG] Router::Router() /jemini/wwProjectV1.50/Develop/Console/ServerBridgeAction/
[2026-07-21 17:24:10] [DEBUG] Attempting to load: \Develop\Controllers\ConsoleController::ServerBridgeAction
[2026-07-21 17:24:10] [DEBUG] Router: Executing \Develop\Controllers\ConsoleController->ServerBridgeAction
[2026-07-21 17:24:10] [DEBUG] ConsoleController::ServerBridge() start...
[2026-07-21 17:24:10] [DEBUG] ConsoleController::ServerBridge() \Develop\Controllers\PartsDefinitionController::editPartsAction()
[2026-07-21 17:24:10] [DEBUG] PartsDefinitionController::editPartsAction() start...
[2026-07-21 17:24:10] [DEBUG] PartsDefinitionModel::getAllPartsList() start... Project ID: PRJ-D45FEF
[2026-07-21 17:24:10] [DEBUG] PartsDefinitionModel::getColumnsByTableId() start... Input: newDevelopers
[2026-07-21 17:24:10] [DEBUG] 逆引き成功: 物理名 newDevelopers -> table_id : 12
[2026-07-21 17:24:10] [DEBUG] PartsDefinitionModel::getColumnsByTableId() finish. 件数: 9
[2026-07-21 17:24:10] [DEBUG] PartsDefinitionModel::getTableStructure() start... Project ID: PRJ-D45FEF
[2026-07-21 17:24:10] [DEBUG] Screen::updateAreaE() [iframe起動版] path: \Develop\Views\AreaE\PartsDefinition\RegistParts.view start...
[2026-07-21 17:24:10] [DEBUG] Screen::getContents() start...
[2026-07-21 17:24:10] [ERROR] ConsoleController::ServerBridge Fatal: htmlspecialchars(): Argument #1 ($string) must be of type string, array given
[2026-07-21 17:24:12] [DEBUG] --- wwProject System Start ---
[2026-07-21 17:24:12] [DEBUG] Router::Router() /jemini/wwProjectV1.50/Develop/Console/ServerBridgeAction/
[2026-07-21 17:24:12] [DEBUG] Attempting to load: \Develop\Controllers\ConsoleController::ServerBridgeAction
[2026-07-21 17:24:12] [DEBUG] Router: Executing \Develop\Controllers\ConsoleController->ServerBridgeAction
[2026-07-21 17:24:12] [DEBUG] ConsoleController::ServerBridge() start...
[2026-07-21 17:24:12] [DEBUG] ConsoleController::ServerBridge() \Develop\Controllers\PartsDefinitionController::editPartsAction()
[2026-07-21 17:24:12] [DEBUG] PartsDefinitionController::editPartsAction() start...
[2026-07-21 17:24:12] [DEBUG] PartsDefinitionModel::getAllPartsList() start... Project ID: PRJ-D45FEF
[2026-07-21 17:24:12] [DEBUG] PartsDefinitionModel::getColumnsByTableId() start... Input: newDevelopers
[2026-07-21 17:24:12] [DEBUG] 逆引き成功: 物理名 newDevelopers -> table_id : 12
[2026-07-21 17:24:12] [DEBUG] PartsDefinitionModel::getColumnsByTableId() finish. 件数: 9
[2026-07-21 17:24:12] [DEBUG] PartsDefinitionModel::getTableStructure() start... Project ID: PRJ-D45FEF
[2026-07-21 17:24:12] [DEBUG] Screen::updateAreaE() [iframe起動版] path: \Develop\Views\AreaE\PartsDefinition\RegistParts.view start...
[2026-07-21 17:24:12] [DEBUG] Screen::getContents() start...
[2026-07-21 17:24:12] [ERROR] ConsoleController::ServerBridge Fatal: htmlspecialchars(): Argument #1 ($string) must be of type string, array given
[2026-07-21 17:26:38] [DEBUG] --- wwProject System Start ---
[2026-07-21 17:26:38] [DEBUG] Router::Router() /jemini/wwProjectV1.50/Develop/Console/initial/
[2026-07-21 17:26:38] [DEBUG] Attempting to load: \Develop\Controllers\ConsoleController::initialAction
[2026-07-21 17:26:38] [DEBUG] Router: Executing \Develop\Controllers\ConsoleController->initialAction
[2026-07-21 17:26:38] [DEBUG] Console::initialAction() start...
[2026-07-21 17:26:38] [DEBUG] Screen::view() path: \Develop\Views\Console\Console.view start...
[2026-07-21 17:26:38] [DEBUG] Screen::getContents() start...
[2026-07-21 17:26:38] [DEBUG] Screen::getContents() finish.
[2026-07-21 17:26:38] [DEBUG] Screen::view() path: \Develop\Views\Console\Console.view finish.
[2026-07-21 17:26:38] [DEBUG] ConsoleController::initialAction() finish.
[2026-07-21 17:26:38] [DEBUG] --- wwProject System Start ---
[2026-07-21 17:26:38] [DEBUG] Router::Router() /jemini/wwProjectV1.50/Develop/Console/ServerBridgeAction/
[2026-07-21 17:26:38] [DEBUG] Attempting to load: \Develop\Controllers\ConsoleController::ServerBridgeAction
[2026-07-21 17:26:38] [DEBUG] Router: Executing \Develop\Controllers\ConsoleController->ServerBridgeAction
[2026-07-21 17:26:38] [DEBUG] ConsoleController::ServerBridge() start...
[2026-07-21 17:26:38] [DEBUG] ConsoleController::ServerBridge() \Develop\Controllers\ConsoleController::areaInitialAction()
[2026-07-21 17:26:38] [DEBUG] ConsoleController::AreaInitialAction() start...
[2026-07-21 17:26:38] [DEBUG] Screen::updateAreaA() path: \Develop\Views\AreaA\Area_A.view start...
[2026-07-21 17:26:38] [DEBUG] Screen::areaView() sending JSON: ["areas"]
[2026-07-21 17:26:38] [DEBUG] Screen::getContents() start...
[2026-07-21 17:26:38] [DEBUG] Screen::getContents() finish.
[2026-07-21 17:26:38] [DEBUG] Screen::updateAreaA() finish.
[2026-07-21 17:26:38] [DEBUG] Screen::updateAreaB() path: \Develop\Views\AreaB\Area_B.view start...
[2026-07-21 17:26:38] [DEBUG] Screen::getContents() start...
[2026-07-21 17:26:38] [DEBUG] Screen::getContents() finish.
[2026-07-21 17:26:38] [DEBUG] Screen::updateAreaB() finish.
[2026-07-21 17:26:38] [DEBUG] Screen::updateAreaD() path: \Develop\Views\AreaD\Area_D_clear.view start...
[2026-07-21 17:26:38] [DEBUG] Screen::getContents() start...
[2026-07-21 17:26:38] [DEBUG] Screen::getContents() finish.
[2026-07-21 17:26:38] [DEBUG] Screen::updateAreaD() finish.
[2026-07-21 17:26:38] [DEBUG] Screen::updateAreaE() [iframe起動版] path: \Develop\Views\AreaE\Area_E_clear.view start...
[2026-07-21 17:26:38] [DEBUG] Screen::getContents() start...
[2026-07-21 17:26:38] [DEBUG] Screen::getContents() finish.
[2026-07-21 17:26:38] [DEBUG] Screen::updateAreaE() finish.
[2026-07-21 17:26:38] [DEBUG] Screen::updateAreaF() path: \Develop\Views\AreaF\Area_F.view start...
[2026-07-21 17:26:38] [DEBUG] Screen::getContents() start...
[2026-07-21 17:26:38] [DEBUG] Screen::getContents() finish.
[2026-07-21 17:26:38] [DEBUG] Screen::updateAreaF() finish.
[2026-07-21 17:26:38] [DEBUG] ProjectController::startProjectNabi() start...
[2026-07-21 17:26:38] [DEBUG] ProjectController::getProjectListHtml() start...
[2026-07-21 17:26:38] [DEBUG] ProjectModel::getProjectList() start...
[2026-07-21 17:26:38] [DEBUG] ProjectModel::getProjectList() finish.
[2026-07-21 17:26:38] [DEBUG] CodeMasterModel：：getCodesByGroup() start...
[2026-07-21 17:26:38] [DEBUG] CodeMasterModel：：getCodesByGroup() finish.
[2026-07-21 17:26:38] [DEBUG] ProjectController::getNaviFooterHtml() start...
[2026-07-21 17:26:38] [DEBUG] ProjectController::getNaviFooterHtml() finish.
[2026-07-21 17:26:38] [DEBUG] ProjectController::startProjectNabi() finish.
[2026-07-21 17:26:38] [DEBUG] Screen::updateAreaC() \Develop\Views\AreaC\Area_C.view start...
[2026-07-21 17:26:38] [DEBUG] Screen::getContents() start...
[2026-07-21 17:26:38] [DEBUG] Screen::getContents() finish.
[2026-07-21 17:26:38] [DEBUG] Screen::updateAreaC() finish.
[2026-07-21 17:26:38] [DEBUG] ConsoleController::AreaInitialAction() finish.
[2026-07-21 17:26:38] [DEBUG] Screen::areaView() start...
[2026-07-21 17:26:38] [DEBUG] Screen::areaView() finish.
[2026-07-21 17:26:40] [DEBUG] --- wwProject System Start ---
[2026-07-21 17:26:40] [DEBUG] Router::Router() /jemini/wwProjectV1.50/Develop/Console/ServerBridgeAction/
[2026-07-21 17:26:40] [DEBUG] Attempting to load: \Develop\Controllers\ConsoleController::ServerBridgeAction
[2026-07-21 17:26:40] [DEBUG] Router: Executing \Develop\Controllers\ConsoleController->ServerBridgeAction
[2026-07-21 17:26:40] [DEBUG] ConsoleController::ServerBridge() start...
[2026-07-21 17:26:40] [DEBUG] ConsoleController::ServerBridge() \Develop\Controllers\PartsDefinitionController::InitialAction()
[2026-07-21 17:26:40] [DEBUG] DBDefinitionController::initialAction() start...
[2026-07-21 17:26:40] [DEBUG] PartsDefinitionController::initialAction() projectId : PRJ-D45FEF
[2026-07-21 17:26:40] [DEBUG] PartsDefinitionModel::getAllPartsList() start... Project ID: PRJ-D45FEF
[2026-07-21 17:26:40] [DEBUG] Screen::updateAreaD() path: \Develop\Views\AreaD\PartsDefinition\PartsDefinitionList.view start...
[2026-07-21 17:26:40] [DEBUG] Screen::getContents() start...
[2026-07-21 17:26:40] [DEBUG] Screen::getContents() finish.
[2026-07-21 17:26:40] [DEBUG] Screen::updateAreaD() finish.
[2026-07-21 17:26:40] [DEBUG] Screen::updateAreaE() [iframe起動版] path: \Develop\Views\AreaE\Area_E_clear.view start...
[2026-07-21 17:26:40] [DEBUG] Screen::getContents() start...
[2026-07-21 17:26:40] [DEBUG] Screen::getContents() finish.
[2026-07-21 17:26:40] [DEBUG] Screen::updateAreaE() finish.
[2026-07-21 17:26:40] [DEBUG] DBDefinitionController::initialAction() end.
[2026-07-21 17:26:40] [DEBUG] Screen::areaView() start...
[2026-07-21 17:26:40] [DEBUG] Screen::areaView() finish.
[2026-07-21 17:26:42] [DEBUG] --- wwProject System Start ---
[2026-07-21 17:26:42] [DEBUG] Router::Router() /jemini/wwProjectV1.50/Develop/Console/ServerBridgeAction/
[2026-07-21 17:26:42] [DEBUG] Attempting to load: \Develop\Controllers\ConsoleController::ServerBridgeAction
[2026-07-21 17:26:42] [DEBUG] Router: Executing \Develop\Controllers\ConsoleController->ServerBridgeAction
[2026-07-21 17:26:42] [DEBUG] ConsoleController::ServerBridge() start...
[2026-07-21 17:26:42] [DEBUG] ConsoleController::ServerBridge() \Develop\Controllers\PartsDefinitionController::editPartsAction()
[2026-07-21 17:26:42] [DEBUG] PartsDefinitionController::editPartsAction() start...
[2026-07-21 17:26:42] [DEBUG] PartsDefinitionModel::getAllPartsList() start... Project ID: PRJ-D45FEF
[2026-07-21 17:26:42] [DEBUG] PartsDefinitionModel::getColumnsByTableId() start... Input: newDevelopers
[2026-07-21 17:26:42] [DEBUG] 逆引き成功: 物理名 newDevelopers -> table_id : 12
[2026-07-21 17:26:42] [DEBUG] PartsDefinitionModel::getColumnsByTableId() finish. 件数: 9
[2026-07-21 17:26:42] [DEBUG] PartsDefinitionModel::getTableStructure() start... Project ID: PRJ-D45FEF
[2026-07-21 17:26:42] [DEBUG] Screen::updateAreaE() [iframe起動版] path: \Develop\Views\AreaE\PartsDefinition\RegistParts.view start...
[2026-07-21 17:26:42] [DEBUG] Screen::getContents() start...
[2026-07-21 17:26:42] [ERROR] ConsoleController::ServerBridge Fatal: htmlspecialchars(): Argument #1 ($string) must be of type string, array given
[2026-07-21 17:26:43] [DEBUG] --- wwProject System Start ---
[2026-07-21 17:26:43] [DEBUG] Router::Router() /jemini/wwProjectV1.50/Develop/Console/ServerBridgeAction/
[2026-07-21 17:26:43] [DEBUG] Attempting to load: \Develop\Controllers\ConsoleController::ServerBridgeAction
[2026-07-21 17:26:43] [DEBUG] Router: Executing \Develop\Controllers\ConsoleController->ServerBridgeAction
[2026-07-21 17:26:43] [DEBUG] ConsoleController::ServerBridge() start...
[2026-07-21 17:26:43] [DEBUG] ConsoleController::ServerBridge() \Develop\Controllers\PartsDefinitionController::editPartsAction()
[2026-07-21 17:26:43] [DEBUG] PartsDefinitionController::editPartsAction() start...
[2026-07-21 17:26:43] [DEBUG] PartsDefinitionModel::getAllPartsList() start... Project ID: PRJ-D45FEF
[2026-07-21 17:26:43] [DEBUG] PartsDefinitionModel::getColumnsByTableId() start... Input: newDevelopers
[2026-07-21 17:26:43] [DEBUG] 逆引き成功: 物理名 newDevelopers -> table_id : 12
[2026-07-21 17:26:43] [DEBUG] PartsDefinitionModel::getColumnsByTableId() finish. 件数: 9
[2026-07-21 17:26:43] [DEBUG] PartsDefinitionModel::getTableStructure() start... Project ID: PRJ-D45FEF
[2026-07-21 17:26:43] [DEBUG] Screen::updateAreaE() [iframe起動版] path: \Develop\Views\AreaE\PartsDefinition\RegistParts.view start...
[2026-07-21 17:26:43] [DEBUG] Screen::getContents() start...
[2026-07-21 17:26:43] [ERROR] ConsoleController::ServerBridge Fatal: htmlspecialchars(): Argument #1 ($string) must be of type string, array given
[2026-07-21 17:27:43] [DEBUG] --- wwProject System Start ---
[2026-07-21 17:27:43] [DEBUG] Router::Router() /jemini/wwProjectV1.50/Develop/Console/ServerBridgeAction/
[2026-07-21 17:27:43] [DEBUG] Attempting to load: \Develop\Controllers\ConsoleController::ServerBridgeAction
[2026-07-21 17:27:43] [DEBUG] Router: Executing \Develop\Controllers\ConsoleController->ServerBridgeAction
[2026-07-21 17:27:43] [DEBUG] ConsoleController::ServerBridge() start...
[2026-07-21 17:27:43] [DEBUG] ConsoleController::ServerBridge() \Develop\Controllers\PartsDefinitionController::editPartsAction()
[2026-07-21 17:27:43] [DEBUG] PartsDefinitionController::editPartsAction() start...
[2026-07-21 17:27:43] [DEBUG] PartsDefinitionModel::getAllPartsList() start... Project ID: PRJ-D45FEF
[2026-07-21 17:27:43] [DEBUG] PartsDefinitionModel::getColumnsByTableId() start... Input: newDevelopers
[2026-07-21 17:27:43] [DEBUG] 逆引き成功: 物理名 newDevelopers -> table_id : 12
[2026-07-21 17:27:43] [DEBUG] PartsDefinitionModel::getColumnsByTableId() finish. 件数: 9
[2026-07-21 17:27:43] [DEBUG] PartsDefinitionModel::getTableStructure() start... Project ID: PRJ-D45FEF
[2026-07-21 17:27:43] [DEBUG] Screen::updateAreaE() [iframe起動版] path: \Develop\Views\AreaE\PartsDefinition\RegistParts.view start...
[2026-07-21 17:27:43] [DEBUG] Screen::getContents() start...
[2026-07-21 17:27:43] [ERROR] ConsoleController::ServerBridge Fatal: htmlspecialchars(): Argument #1 ($string) must be of type string, array given
[2026-07-21 17:27:44] [DEBUG] --- wwProject System Start ---
[2026-07-21 17:27:44] [DEBUG] Router::Router() /jemini/wwProjectV1.50/Develop/Console/ServerBridgeAction/
[2026-07-21 17:27:44] [DEBUG] Attempting to load: \Develop\Controllers\ConsoleController::ServerBridgeAction
[2026-07-21 17:27:44] [DEBUG] Router: Executing \Develop\Controllers\ConsoleController->ServerBridgeAction
[2026-07-21 17:27:44] [DEBUG] ConsoleController::ServerBridge() start...
[2026-07-21 17:27:44] [DEBUG] ConsoleController::ServerBridge() \Develop\Controllers\PartsDefinitionController::editPartsAction()
[2026-07-21 17:27:44] [DEBUG] PartsDefinitionController::editPartsAction() start...
[2026-07-21 17:27:44] [DEBUG] PartsDefinitionModel::getAllPartsList() start... Project ID: PRJ-D45FEF
[2026-07-21 17:27:44] [DEBUG] PartsDefinitionModel::getColumnsByTableId() start... Input: newDevelopers
[2026-07-21 17:27:44] [DEBUG] 逆引き成功: 物理名 newDevelopers -> table_id : 12
[2026-07-21 17:27:44] [DEBUG] PartsDefinitionModel::getColumnsByTableId() finish. 件数: 9
[2026-07-21 17:27:44] [DEBUG] PartsDefinitionModel::getTableStructure() start... Project ID: PRJ-D45FEF
[2026-07-21 17:27:44] [DEBUG] Screen::updateAreaE() [iframe起動版] path: \Develop\Views\AreaE\PartsDefinition\RegistParts.view start...
[2026-07-21 17:27:44] [DEBUG] Screen::getContents() start...
[2026-07-21 17:27:44] [ERROR] ConsoleController::ServerBridge Fatal: htmlspecialchars(): Argument #1 ($string) must be of type string, array given
[2026-07-21 17:27:49] [DEBUG] --- wwProject System Start ---
[2026-07-21 17:27:49] [DEBUG] Router::Router() /jemini/wwProjectV1.50/Develop/Console/initial/
[2026-07-21 17:27:49] [DEBUG] Attempting to load: \Develop\Controllers\ConsoleController::initialAction
[2026-07-21 17:27:49] [DEBUG] Router: Executing \Develop\Controllers\ConsoleController->initialAction
[2026-07-21 17:27:49] [DEBUG] Console::initialAction() start...
[2026-07-21 17:27:49] [DEBUG] Screen::view() path: \Develop\Views\Console\Console.view start...
[2026-07-21 17:27:49] [DEBUG] Screen::getContents() start...
[2026-07-21 17:27:49] [DEBUG] Screen::getContents() finish.
[2026-07-21 17:27:49] [DEBUG] Screen::view() path: \Develop\Views\Console\Console.view finish.
[2026-07-21 17:27:49] [DEBUG] ConsoleController::initialAction() finish.
[2026-07-21 17:27:49] [DEBUG] --- wwProject System Start ---
[2026-07-21 17:27:49] [DEBUG] Router::Router() /jemini/wwProjectV1.50/Develop/Console/ServerBridgeAction/
[2026-07-21 17:27:49] [DEBUG] Attempting to load: \Develop\Controllers\ConsoleController::ServerBridgeAction
[2026-07-21 17:27:49] [DEBUG] Router: Executing \Develop\Controllers\ConsoleController->ServerBridgeAction
[2026-07-21 17:27:49] [DEBUG] ConsoleController::ServerBridge() start...
[2026-07-21 17:27:49] [DEBUG] ConsoleController::ServerBridge() \Develop\Controllers\ConsoleController::areaInitialAction()
[2026-07-21 17:27:49] [DEBUG] ConsoleController::AreaInitialAction() start...
[2026-07-21 17:27:49] [DEBUG] Screen::updateAreaA() path: \Develop\Views\AreaA\Area_A.view start...
[2026-07-21 17:27:49] [DEBUG] Screen::areaView() sending JSON: ["areas"]
[2026-07-21 17:27:49] [DEBUG] Screen::getContents() start...
[2026-07-21 17:27:49] [DEBUG] Screen::getContents() finish.
[2026-07-21 17:27:49] [DEBUG] Screen::updateAreaA() finish.
[2026-07-21 17:27:49] [DEBUG] Screen::updateAreaB() path: \Develop\Views\AreaB\Area_B.view start...
[2026-07-21 17:27:49] [DEBUG] Screen::getContents() start...
[2026-07-21 17:27:49] [DEBUG] Screen::getContents() finish.
[2026-07-21 17:27:49] [DEBUG] Screen::updateAreaB() finish.
[2026-07-21 17:27:49] [DEBUG] Screen::updateAreaD() path: \Develop\Views\AreaD\Area_D_clear.view start...
[2026-07-21 17:27:49] [DEBUG] Screen::getContents() start...
[2026-07-21 17:27:49] [DEBUG] Screen::getContents() finish.
[2026-07-21 17:27:49] [DEBUG] Screen::updateAreaD() finish.
[2026-07-21 17:27:49] [DEBUG] Screen::updateAreaE() [iframe起動版] path: \Develop\Views\AreaE\Area_E_clear.view start...
[2026-07-21 17:27:49] [DEBUG] Screen::getContents() start...
[2026-07-21 17:27:49] [DEBUG] Screen::getContents() finish.
[2026-07-21 17:27:49] [DEBUG] Screen::updateAreaE() finish.
[2026-07-21 17:27:49] [DEBUG] Screen::updateAreaF() path: \Develop\Views\AreaF\Area_F.view start...
[2026-07-21 17:27:49] [DEBUG] Screen::getContents() start...
[2026-07-21 17:27:49] [DEBUG] Screen::getContents() finish.
[2026-07-21 17:27:49] [DEBUG] Screen::updateAreaF() finish.
[2026-07-21 17:27:49] [DEBUG] ProjectController::startProjectNabi() start...
[2026-07-21 17:27:49] [DEBUG] ProjectController::getProjectListHtml() start...
[2026-07-21 17:27:49] [DEBUG] ProjectModel::getProjectList() start...
[2026-07-21 17:27:49] [DEBUG] ProjectModel::getProjectList() finish.
[2026-07-21 17:27:49] [DEBUG] CodeMasterModel：：getCodesByGroup() start...
[2026-07-21 17:27:49] [DEBUG] CodeMasterModel：：getCodesByGroup() finish.
[2026-07-21 17:27:49] [DEBUG] ProjectController::getNaviFooterHtml() start...
[2026-07-21 17:27:49] [DEBUG] ProjectController::getNaviFooterHtml() finish.
[2026-07-21 17:27:49] [DEBUG] ProjectController::startProjectNabi() finish.
[2026-07-21 17:27:49] [DEBUG] Screen::updateAreaC() \Develop\Views\AreaC\Area_C.view start...
[2026-07-21 17:27:49] [DEBUG] Screen::getContents() start...
[2026-07-21 17:27:49] [DEBUG] Screen::getContents() finish.
[2026-07-21 17:27:49] [DEBUG] Screen::updateAreaC() finish.
[2026-07-21 17:27:49] [DEBUG] ConsoleController::AreaInitialAction() finish.
[2026-07-21 17:27:49] [DEBUG] Screen::areaView() start...
[2026-07-21 17:27:49] [DEBUG] Screen::areaView() finish.
[2026-07-21 17:27:52] [DEBUG] --- wwProject System Start ---
[2026-07-21 17:27:52] [DEBUG] Router::Router() /jemini/wwProjectV1.50/Develop/Console/ServerBridgeAction/
[2026-07-21 17:27:52] [DEBUG] Attempting to load: \Develop\Controllers\ConsoleController::ServerBridgeAction
[2026-07-21 17:27:52] [DEBUG] Router: Executing \Develop\Controllers\ConsoleController->ServerBridgeAction
[2026-07-21 17:27:52] [DEBUG] ConsoleController::ServerBridge() start...
[2026-07-21 17:27:52] [DEBUG] ConsoleController::ServerBridge() \Develop\Controllers\PartsDefinitionController::InitialAction()
[2026-07-21 17:27:52] [DEBUG] DBDefinitionController::initialAction() start...
[2026-07-21 17:27:52] [DEBUG] PartsDefinitionController::initialAction() projectId : PRJ-D45FEF
[2026-07-21 17:27:52] [DEBUG] PartsDefinitionModel::getAllPartsList() start... Project ID: PRJ-D45FEF
[2026-07-21 17:27:52] [DEBUG] Screen::updateAreaD() path: \Develop\Views\AreaD\PartsDefinition\PartsDefinitionList.view start...
[2026-07-21 17:27:52] [DEBUG] Screen::getContents() start...
[2026-07-21 17:27:52] [DEBUG] Screen::getContents() finish.
[2026-07-21 17:27:52] [DEBUG] Screen::updateAreaD() finish.
[2026-07-21 17:27:52] [DEBUG] Screen::updateAreaE() [iframe起動版] path: \Develop\Views\AreaE\Area_E_clear.view start...
[2026-07-21 17:27:52] [DEBUG] Screen::getContents() start...
[2026-07-21 17:27:52] [DEBUG] Screen::getContents() finish.
[2026-07-21 17:27:52] [DEBUG] Screen::updateAreaE() finish.
[2026-07-21 17:27:52] [DEBUG] DBDefinitionController::initialAction() end.
[2026-07-21 17:27:52] [DEBUG] Screen::areaView() start...
[2026-07-21 17:27:52] [DEBUG] Screen::areaView() finish.
[2026-07-21 17:27:53] [DEBUG] --- wwProject System Start ---
[2026-07-21 17:27:53] [DEBUG] Router::Router() /jemini/wwProjectV1.50/Develop/Console/ServerBridgeAction/
[2026-07-21 17:27:53] [DEBUG] Attempting to load: \Develop\Controllers\ConsoleController::ServerBridgeAction
[2026-07-21 17:27:53] [DEBUG] Router: Executing \Develop\Controllers\ConsoleController->ServerBridgeAction
[2026-07-21 17:27:53] [DEBUG] ConsoleController::ServerBridge() start...
[2026-07-21 17:27:53] [DEBUG] ConsoleController::ServerBridge() \Develop\Controllers\PartsDefinitionController::editPartsAction()
[2026-07-21 17:27:53] [DEBUG] PartsDefinitionController::editPartsAction() start...
[2026-07-21 17:27:53] [DEBUG] PartsDefinitionModel::getAllPartsList() start... Project ID: PRJ-D45FEF
[2026-07-21 17:27:53] [DEBUG] PartsDefinitionModel::getColumnsByTableId() start... Input: newDevelopers
[2026-07-21 17:27:53] [DEBUG] 逆引き成功: 物理名 newDevelopers -> table_id : 12
[2026-07-21 17:27:53] [DEBUG] PartsDefinitionModel::getColumnsByTableId() finish. 件数: 9
[2026-07-21 17:27:53] [DEBUG] PartsDefinitionModel::getTableStructure() start... Project ID: PRJ-D45FEF
[2026-07-21 17:27:53] [DEBUG] Screen::updateAreaE() [iframe起動版] path: \Develop\Views\AreaE\PartsDefinition\RegistParts.view start...
[2026-07-21 17:27:53] [DEBUG] Screen::getContents() start...
[2026-07-21 17:27:53] [ERROR] ConsoleController::ServerBridge Fatal: htmlspecialchars(): Argument #1 ($string) must be of type string, array given
[2026-07-21 17:28:10] [DEBUG] --- wwProject System Start ---
[2026-07-21 17:28:10] [DEBUG] Router::Router() /jemini/wwProjectV1.50/Develop/
[2026-07-21 17:28:10] [DEBUG] Attempting to load: \Develop\Controllers\LoginController::initialAction
[2026-07-21 17:28:10] [DEBUG] Router: Executing \Develop\Controllers\LoginController->initialAction
[2026-07-21 17:28:10] [DEBUG] Login::initialAction() start...
[2026-07-21 17:28:10] [DEBUG] Login::initialAction() errorMessage : 
[2026-07-21 17:28:10] [DEBUG] Screen::view() path: \Develop\Views\Login\Login.view start...
[2026-07-21 17:28:10] [DEBUG] Screen::getContents() start...
[2026-07-21 17:28:10] [DEBUG] Screen::getContents() finish.
[2026-07-21 17:28:10] [DEBUG] Screen::view() path: \Develop\Views\Login\Login.view finish.
[2026-07-21 17:28:10] [DEBUG] Login::initialAction() finish.
[2026-07-21 17:28:14] [DEBUG] --- wwProject System Start ---
[2026-07-21 17:28:14] [DEBUG] Router::Router() /jemini/wwProjectV1.50/Develop/Login/authentication/
[2026-07-21 17:28:14] [DEBUG] Attempting to load: \Develop\Controllers\LoginController::authenticationAction
[2026-07-21 17:28:14] [DEBUG] Router: Executing \Develop\Controllers\LoginController->authenticationAction
[2026-07-21 17:28:14] [DEBUG] Login::AuthenticationAction() start...
[2026-07-21 17:28:14] [DEBUG] Login OK - x
[2026-07-21 17:28:14] [DEBUG] Session::start()
[2026-07-21 17:28:14] [DEBUG] Redirect to Console::initialAction()
[2026-07-21 17:28:14] [DEBUG] --- wwProject System Start ---
[2026-07-21 17:28:14] [DEBUG] Router::Router() /jemini/wwProjectV1.50/Develop/Console/initial/
[2026-07-21 17:28:14] [DEBUG] Attempting to load: \Develop\Controllers\ConsoleController::initialAction
[2026-07-21 17:28:14] [DEBUG] Router: Executing \Develop\Controllers\ConsoleController->initialAction
[2026-07-21 17:28:14] [DEBUG] Console::initialAction() start...
[2026-07-21 17:28:14] [DEBUG] Screen::view() path: \Develop\Views\Console\Console.view start...
[2026-07-21 17:28:14] [DEBUG] Screen::getContents() start...
[2026-07-21 17:28:14] [DEBUG] Screen::getContents() finish.
[2026-07-21 17:28:14] [DEBUG] Screen::view() path: \Develop\Views\Console\Console.view finish.
[2026-07-21 17:28:14] [DEBUG] ConsoleController::initialAction() finish.
[2026-07-21 17:28:14] [DEBUG] --- wwProject System Start ---
[2026-07-21 17:28:14] [DEBUG] Router::Router() /jemini/wwProjectV1.50/Develop/Console/ServerBridgeAction/
[2026-07-21 17:28:14] [DEBUG] Attempting to load: \Develop\Controllers\ConsoleController::ServerBridgeAction
[2026-07-21 17:28:14] [DEBUG] Router: Executing \Develop\Controllers\ConsoleController->ServerBridgeAction
[2026-07-21 17:28:14] [DEBUG] ConsoleController::ServerBridge() start...
[2026-07-21 17:28:14] [DEBUG] ConsoleController::ServerBridge() \Develop\Controllers\ConsoleController::areaInitialAction()
[2026-07-21 17:28:14] [DEBUG] ConsoleController::AreaInitialAction() start...
[2026-07-21 17:28:14] [DEBUG] Screen::updateAreaA() path: \Develop\Views\AreaA\Area_A.view start...
[2026-07-21 17:28:14] [DEBUG] Screen::areaView() sending JSON: ["areas"]
[2026-07-21 17:28:14] [DEBUG] Screen::getContents() start...
[2026-07-21 17:28:14] [DEBUG] Screen::getContents() finish.
[2026-07-21 17:28:14] [DEBUG] Screen::updateAreaA() finish.
[2026-07-21 17:28:14] [DEBUG] Screen::updateAreaB() path: \Develop\Views\AreaB\Area_B.view start...
[2026-07-21 17:28:14] [DEBUG] Screen::getContents() start...
[2026-07-21 17:28:14] [DEBUG] Screen::getContents() finish.
[2026-07-21 17:28:14] [DEBUG] Screen::updateAreaB() finish.
[2026-07-21 17:28:14] [DEBUG] Screen::updateAreaD() path: \Develop\Views\AreaD\Area_D_clear.view start...
[2026-07-21 17:28:14] [DEBUG] Screen::getContents() start...
[2026-07-21 17:28:14] [DEBUG] Screen::getContents() finish.
[2026-07-21 17:28:14] [DEBUG] Screen::updateAreaD() finish.
[2026-07-21 17:28:14] [DEBUG] Screen::updateAreaE() [iframe起動版] path: \Develop\Views\AreaE\Area_E_clear.view start...
[2026-07-21 17:28:14] [DEBUG] Screen::getContents() start...
[2026-07-21 17:28:14] [DEBUG] Screen::getContents() finish.
[2026-07-21 17:28:14] [DEBUG] Screen::updateAreaE() finish.
[2026-07-21 17:28:14] [DEBUG] Screen::updateAreaF() path: \Develop\Views\AreaF\Area_F.view start...
[2026-07-21 17:28:14] [DEBUG] Screen::getContents() start...
[2026-07-21 17:28:14] [DEBUG] Screen::getContents() finish.
[2026-07-21 17:28:14] [DEBUG] Screen::updateAreaF() finish.
[2026-07-21 17:28:14] [DEBUG] ProjectController::startProjectNabi() start...
[2026-07-21 17:28:14] [DEBUG] ProjectController::getProjectListHtml() start...
[2026-07-21 17:28:14] [DEBUG] ProjectModel::getProjectList() start...
[2026-07-21 17:28:14] [DEBUG] ProjectModel::getProjectList() finish.
[2026-07-21 17:28:14] [DEBUG] CodeMasterModel：：getCodesByGroup() start...
[2026-07-21 17:28:14] [DEBUG] CodeMasterModel：：getCodesByGroup() finish.
[2026-07-21 17:28:14] [DEBUG] ProjectController::getNaviFooterHtml() start...
[2026-07-21 17:28:14] [DEBUG] ProjectController::getNaviFooterHtml() finish.
[2026-07-21 17:28:14] [DEBUG] ProjectController::startProjectNabi() finish.
[2026-07-21 17:28:14] [DEBUG] Screen::updateAreaC() \Develop\Views\AreaC\Area_C.view start...
[2026-07-21 17:28:14] [DEBUG] Screen::getContents() start...
[2026-07-21 17:28:14] [DEBUG] Screen::getContents() finish.
[2026-07-21 17:28:14] [DEBUG] Screen::updateAreaC() finish.
[2026-07-21 17:28:14] [DEBUG] ConsoleController::AreaInitialAction() finish.
[2026-07-21 17:28:14] [DEBUG] Screen::areaView() start...
[2026-07-21 17:28:14] [DEBUG] Screen::areaView() finish.
[2026-07-21 17:28:15] [DEBUG] --- wwProject System Start ---
[2026-07-21 17:28:15] [DEBUG] Router::Router() /jemini/wwProjectV1.50/Develop/Console/ServerBridgeAction/
[2026-07-21 17:28:15] [DEBUG] Attempting to load: \Develop\Controllers\ConsoleController::ServerBridgeAction
[2026-07-21 17:28:15] [DEBUG] Router: Executing \Develop\Controllers\ConsoleController->ServerBridgeAction
[2026-07-21 17:28:15] [DEBUG] ConsoleController::ServerBridge() start...
[2026-07-21 17:28:15] [DEBUG] ConsoleController::ServerBridge() \Develop\Controllers\ProjectController::projectSelectAction()
[2026-07-21 17:28:15] [DEBUG] ProjectController::projectSelectAction() start...
[2026-07-21 17:28:15] [DEBUG] ProjectController::projectSelectAction() ☆★☆　SampleProject１
[2026-07-21 17:28:15] [DEBUG] Screen::updateAreaB() path: \Develop\Views\AreaB\Area_B.view start...
[2026-07-21 17:28:15] [DEBUG] Screen::getContents() start...
[2026-07-21 17:28:15] [DEBUG] Screen::getContents() finish.
[2026-07-21 17:28:15] [DEBUG] Screen::updateAreaB() finish.
[2026-07-21 17:28:15] [DEBUG] ProjectController::projectSelectAction() PRJ-D45FEF : PRJ-D45FEF
[2026-07-21 17:28:15] [DEBUG] ProjectController::getProjectListHtml() start...
[2026-07-21 17:28:15] [DEBUG] ProjectModel::getProjectList() start...
[2026-07-21 17:28:15] [DEBUG] ProjectModel::getProjectList() finish.
[2026-07-21 17:28:15] [DEBUG] CodeMasterModel：：getCodesByGroup() start...
[2026-07-21 17:28:15] [DEBUG] CodeMasterModel：：getCodesByGroup() finish.
[2026-07-21 17:28:15] [DEBUG] ProjectController::getNaviFooterHtml() start...
[2026-07-21 17:28:15] [DEBUG] ProjectController::getNaviFooterHtml() finish.
[2026-07-21 17:28:15] [DEBUG] Screen::updateAreaC() \Develop\Views\AreaC\Area_C.view start...
[2026-07-21 17:28:15] [DEBUG] Screen::getContents() start...
[2026-07-21 17:28:15] [DEBUG] Screen::getContents() finish.
[2026-07-21 17:28:15] [DEBUG] Screen::updateAreaC() finish.
[2026-07-21 17:28:15] [DEBUG] Screen::updateAreaD() path: \Develop\Views\AreaD\Area_D_clear.view start...
[2026-07-21 17:28:15] [DEBUG] Screen::getContents() start...
[2026-07-21 17:28:15] [DEBUG] Screen::getContents() finish.
[2026-07-21 17:28:15] [DEBUG] Screen::updateAreaD() finish.
[2026-07-21 17:28:15] [DEBUG] Screen::updateAreaE() [iframe起動版] path: \Develop\Views\AreaE\Area_E_clear.view start...
[2026-07-21 17:28:15] [DEBUG] Screen::getContents() start...
[2026-07-21 17:28:15] [DEBUG] Screen::getContents() finish.
[2026-07-21 17:28:15] [DEBUG] Screen::updateAreaE() finish.
[2026-07-21 17:28:15] [DEBUG] ProjectController::projectSelectAction() finish.
[2026-07-21 17:28:15] [DEBUG] Screen::areaView() start...
[2026-07-21 17:28:15] [DEBUG] Screen::areaView() finish.
[2026-07-21 17:28:16] [DEBUG] --- wwProject System Start ---
[2026-07-21 17:28:16] [DEBUG] Router::Router() /jemini/wwProjectV1.50/Develop/Console/ServerBridgeAction/
[2026-07-21 17:28:16] [DEBUG] Attempting to load: \Develop\Controllers\ConsoleController::ServerBridgeAction
[2026-07-21 17:28:16] [DEBUG] Router: Executing \Develop\Controllers\ConsoleController->ServerBridgeAction
[2026-07-21 17:28:16] [DEBUG] ConsoleController::ServerBridge() start...
[2026-07-21 17:28:16] [DEBUG] ConsoleController::ServerBridge() \Develop\Controllers\PartsDefinitionController::InitialAction()
[2026-07-21 17:28:16] [DEBUG] DBDefinitionController::initialAction() start...
[2026-07-21 17:28:16] [DEBUG] PartsDefinitionController::initialAction() projectId : PRJ-D45FEF
[2026-07-21 17:28:16] [DEBUG] PartsDefinitionModel::getAllPartsList() start... Project ID: PRJ-D45FEF
[2026-07-21 17:28:16] [DEBUG] Screen::updateAreaD() path: \Develop\Views\AreaD\PartsDefinition\PartsDefinitionList.view start...
[2026-07-21 17:28:16] [DEBUG] Screen::getContents() start...
[2026-07-21 17:28:16] [DEBUG] Screen::getContents() finish.
[2026-07-21 17:28:16] [DEBUG] Screen::updateAreaD() finish.
[2026-07-21 17:28:16] [DEBUG] Screen::updateAreaE() [iframe起動版] path: \Develop\Views\AreaE\Area_E_clear.view start...
[2026-07-21 17:28:16] [DEBUG] Screen::getContents() start...
[2026-07-21 17:28:16] [DEBUG] Screen::getContents() finish.
[2026-07-21 17:28:16] [DEBUG] Screen::updateAreaE() finish.
[2026-07-21 17:28:16] [DEBUG] DBDefinitionController::initialAction() end.
[2026-07-21 17:28:16] [DEBUG] Screen::areaView() start...
[2026-07-21 17:28:16] [DEBUG] Screen::areaView() finish.
[2026-07-21 17:28:18] [DEBUG] --- wwProject System Start ---
[2026-07-21 17:28:18] [DEBUG] Router::Router() /jemini/wwProjectV1.50/Develop/Console/ServerBridgeAction/
[2026-07-21 17:28:18] [DEBUG] Attempting to load: \Develop\Controllers\ConsoleController::ServerBridgeAction
[2026-07-21 17:28:18] [DEBUG] Router: Executing \Develop\Controllers\ConsoleController->ServerBridgeAction
[2026-07-21 17:28:18] [DEBUG] ConsoleController::ServerBridge() start...
[2026-07-21 17:28:18] [DEBUG] ConsoleController::ServerBridge() \Develop\Controllers\PartsDefinitionController::editPartsAction()
[2026-07-21 17:28:18] [DEBUG] PartsDefinitionController::editPartsAction() start...
[2026-07-21 17:28:18] [DEBUG] PartsDefinitionModel::getAllPartsList() start... Project ID: PRJ-D45FEF
[2026-07-21 17:28:18] [DEBUG] PartsDefinitionModel::getColumnsByTableId() start... Input: newDevelopers
[2026-07-21 17:28:18] [DEBUG] 逆引き成功: 物理名 newDevelopers -> table_id : 12
[2026-07-21 17:28:18] [DEBUG] PartsDefinitionModel::getColumnsByTableId() finish. 件数: 9
[2026-07-21 17:28:18] [DEBUG] PartsDefinitionModel::getTableStructure() start... Project ID: PRJ-D45FEF
[2026-07-21 17:28:18] [DEBUG] Screen::updateAreaE() [iframe起動版] path: \Develop\Views\AreaE\PartsDefinition\RegistParts.view start...
[2026-07-21 17:28:18] [DEBUG] Screen::getContents() start...
[2026-07-21 17:28:18] [ERROR] ConsoleController::ServerBridge Fatal: htmlspecialchars(): Argument #1 ($string) must be of type string, array given
[2026-07-21 17:28:19] [DEBUG] --- wwProject System Start ---
[2026-07-21 17:28:19] [DEBUG] Router::Router() /jemini/wwProjectV1.50/Develop/Console/ServerBridgeAction/
[2026-07-21 17:28:19] [DEBUG] Attempting to load: \Develop\Controllers\ConsoleController::ServerBridgeAction
[2026-07-21 17:28:19] [DEBUG] Router: Executing \Develop\Controllers\ConsoleController->ServerBridgeAction
[2026-07-21 17:28:19] [DEBUG] ConsoleController::ServerBridge() start...
[2026-07-21 17:28:19] [DEBUG] ConsoleController::ServerBridge() \Develop\Controllers\PartsDefinitionController::editPartsAction()
[2026-07-21 17:28:19] [DEBUG] PartsDefinitionController::editPartsAction() start...
[2026-07-21 17:28:19] [DEBUG] PartsDefinitionModel::getAllPartsList() start... Project ID: PRJ-D45FEF
[2026-07-21 17:28:19] [DEBUG] PartsDefinitionModel::getColumnsByTableId() start... Input: newDevelopers
[2026-07-21 17:28:19] [DEBUG] 逆引き成功: 物理名 newDevelopers -> table_id : 12
[2026-07-21 17:28:19] [DEBUG] PartsDefinitionModel::getColumnsByTableId() finish. 件数: 9
[2026-07-21 17:28:19] [DEBUG] PartsDefinitionModel::getTableStructure() start... Project ID: PRJ-D45FEF
[2026-07-21 17:28:19] [DEBUG] Screen::updateAreaE() [iframe起動版] path: \Develop\Views\AreaE\PartsDefinition\RegistParts.view start...
[2026-07-21 17:28:19] [DEBUG] Screen::getContents() start...
[2026-07-21 17:28:19] [ERROR] ConsoleController::ServerBridge Fatal: htmlspecialchars(): Argument #1 ($string) must be of type string, array given
[2026-07-21 17:29:25] [DEBUG] --- wwProject System Start ---
[2026-07-21 17:29:25] [DEBUG] Router::Router() /jemini/wwProjectV1.50/Develop/Console/ServerBridgeAction/
[2026-07-21 17:29:25] [DEBUG] Attempting to load: \Develop\Controllers\ConsoleController::ServerBridgeAction
[2026-07-21 17:29:25] [DEBUG] Router: Executing \Develop\Controllers\ConsoleController->ServerBridgeAction
[2026-07-21 17:29:25] [DEBUG] ConsoleController::ServerBridge() start...
[2026-07-21 17:29:25] [DEBUG] ConsoleController::ServerBridge() \Develop\Controllers\PartsDefinitionController::editPartsAction()
[2026-07-21 17:29:25] [DEBUG] PartsDefinitionController::editPartsAction() start...
[2026-07-21 17:29:26] [DEBUG] PartsDefinitionModel::getAllPartsList() start... Project ID: PRJ-D45FEF
[2026-07-21 17:29:26] [DEBUG] PartsDefinitionModel::getColumnsByTableId() start... Input: newDevelopers
[2026-07-21 17:29:26] [DEBUG] 逆引き成功: 物理名 newDevelopers -> table_id : 12
[2026-07-21 17:29:26] [DEBUG] PartsDefinitionModel::getColumnsByTableId() finish. 件数: 9
[2026-07-21 17:29:26] [DEBUG] PartsDefinitionModel::getTableStructure() start... Project ID: PRJ-D45FEF
[2026-07-21 17:29:26] [DEBUG] Screen::updateAreaE() [iframe起動版] path: \Develop\Views\AreaE\PartsDefinition\RegistParts.view start...
[2026-07-21 17:29:26] [DEBUG] Screen::getContents() start...
[2026-07-21 17:29:26] [ERROR] ConsoleController::ServerBridge Fatal: htmlspecialchars(): Argument #1 ($string) must be of type string, array given
[2026-07-21 17:47:58] [DEBUG] --- wwProject System Start ---
[2026-07-21 17:47:58] [DEBUG] Router::Router() /jemini/wwProjectV1.50/Develop/Console/initial/
[2026-07-21 17:47:58] [DEBUG] Attempting to load: \Develop\Controllers\ConsoleController::initialAction
[2026-07-21 17:47:58] [DEBUG] Router: Executing \Develop\Controllers\ConsoleController->initialAction
[2026-07-21 17:47:58] [DEBUG] Console::initialAction() start...
[2026-07-21 17:47:58] [DEBUG] Screen::view() path: \Develop\Views\Console\Console.view start...
[2026-07-21 17:47:58] [DEBUG] Screen::getContents() start...
[2026-07-21 17:47:58] [DEBUG] Screen::getContents() finish.
[2026-07-21 17:47:58] [DEBUG] Screen::view() path: \Develop\Views\Console\Console.view finish.
[2026-07-21 17:47:58] [DEBUG] ConsoleController::initialAction() finish.
[2026-07-21 17:47:58] [DEBUG] --- wwProject System Start ---
[2026-07-21 17:47:58] [DEBUG] Router::Router() /jemini/wwProjectV1.50/Develop/Console/ServerBridgeAction/
[2026-07-21 17:47:58] [DEBUG] Attempting to load: \Develop\Controllers\ConsoleController::ServerBridgeAction
[2026-07-21 17:47:58] [DEBUG] Router: Executing \Develop\Controllers\ConsoleController->ServerBridgeAction
[2026-07-21 17:47:58] [DEBUG] ConsoleController::ServerBridge() start...
[2026-07-21 17:47:58] [DEBUG] ConsoleController::ServerBridge() \Develop\Controllers\ConsoleController::areaInitialAction()
[2026-07-21 17:47:58] [DEBUG] ConsoleController::AreaInitialAction() start...
[2026-07-21 17:47:58] [DEBUG] Screen::updateAreaA() path: \Develop\Views\AreaA\Area_A.view start...
[2026-07-21 17:47:58] [DEBUG] Screen::areaView() sending JSON: ["areas"]
[2026-07-21 17:47:58] [DEBUG] Screen::getContents() start...
[2026-07-21 17:47:58] [DEBUG] Screen::getContents() finish.
[2026-07-21 17:47:58] [DEBUG] Screen::updateAreaA() finish.
[2026-07-21 17:47:58] [DEBUG] Screen::updateAreaB() path: \Develop\Views\AreaB\Area_B.view start...
[2026-07-21 17:47:58] [DEBUG] Screen::getContents() start...
[2026-07-21 17:47:58] [DEBUG] Screen::getContents() finish.
[2026-07-21 17:47:58] [DEBUG] Screen::updateAreaB() finish.
[2026-07-21 17:47:58] [DEBUG] Screen::updateAreaD() path: \Develop\Views\AreaD\Area_D_clear.view start...
[2026-07-21 17:47:58] [DEBUG] Screen::getContents() start...
[2026-07-21 17:47:58] [DEBUG] Screen::getContents() finish.
[2026-07-21 17:47:58] [DEBUG] Screen::updateAreaD() finish.
[2026-07-21 17:47:58] [DEBUG] Screen::updateAreaE() [iframe起動版] path: \Develop\Views\AreaE\Area_E_clear.view start...
[2026-07-21 17:47:58] [DEBUG] Screen::getContents() start...
[2026-07-21 17:47:58] [DEBUG] Screen::getContents() finish.
[2026-07-21 17:47:58] [DEBUG] Screen::updateAreaE() finish.
[2026-07-21 17:47:58] [DEBUG] Screen::updateAreaF() path: \Develop\Views\AreaF\Area_F.view start...
[2026-07-21 17:47:58] [DEBUG] Screen::getContents() start...
[2026-07-21 17:47:58] [DEBUG] Screen::getContents() finish.
[2026-07-21 17:47:58] [DEBUG] Screen::updateAreaF() finish.
[2026-07-21 17:47:58] [DEBUG] ProjectController::startProjectNabi() start...
[2026-07-21 17:47:58] [DEBUG] ProjectController::getProjectListHtml() start...
[2026-07-21 17:47:58] [DEBUG] ProjectModel::getProjectList() start...
[2026-07-21 17:47:58] [DEBUG] ProjectModel::getProjectList() finish.
[2026-07-21 17:47:58] [DEBUG] CodeMasterModel：：getCodesByGroup() start...
[2026-07-21 17:47:58] [DEBUG] CodeMasterModel：：getCodesByGroup() finish.
[2026-07-21 17:47:58] [DEBUG] ProjectController::getNaviFooterHtml() start...
[2026-07-21 17:47:58] [DEBUG] ProjectController::getNaviFooterHtml() finish.
[2026-07-21 17:47:58] [DEBUG] ProjectController::startProjectNabi() finish.
[2026-07-21 17:47:58] [DEBUG] Screen::updateAreaC() \Develop\Views\AreaC\Area_C.view start...
[2026-07-21 17:47:58] [DEBUG] Screen::getContents() start...
[2026-07-21 17:47:58] [DEBUG] Screen::getContents() finish.
[2026-07-21 17:47:58] [DEBUG] Screen::updateAreaC() finish.
[2026-07-21 17:47:58] [DEBUG] ConsoleController::AreaInitialAction() finish.
[2026-07-21 17:47:58] [DEBUG] Screen::areaView() start...
[2026-07-21 17:47:58] [DEBUG] Screen::areaView() finish.
[2026-07-21 17:48:00] [DEBUG] --- wwProject System Start ---
[2026-07-21 17:48:00] [DEBUG] Router::Router() /jemini/wwProjectV1.50/Develop/Console/ServerBridgeAction/
[2026-07-21 17:48:00] [DEBUG] Attempting to load: \Develop\Controllers\ConsoleController::ServerBridgeAction
[2026-07-21 17:48:00] [DEBUG] Router: Executing \Develop\Controllers\ConsoleController->ServerBridgeAction
[2026-07-21 17:48:00] [DEBUG] ConsoleController::ServerBridge() start...
[2026-07-21 17:48:00] [DEBUG] ConsoleController::ServerBridge() \Develop\Controllers\PartsDefinitionController::InitialAction()
[2026-07-21 17:48:00] [DEBUG] DBDefinitionController::initialAction() start...
[2026-07-21 17:48:00] [DEBUG] PartsDefinitionController::initialAction() projectId : PRJ-D45FEF
[2026-07-21 17:48:00] [DEBUG] PartsDefinitionModel::getAllPartsList() start... Project ID: PRJ-D45FEF
[2026-07-21 17:48:00] [DEBUG] Screen::updateAreaD() path: \Develop\Views\AreaD\PartsDefinition\PartsDefinitionList.view start...
[2026-07-21 17:48:00] [DEBUG] Screen::getContents() start...
[2026-07-21 17:48:00] [DEBUG] Screen::getContents() finish.
[2026-07-21 17:48:00] [DEBUG] Screen::updateAreaD() finish.
[2026-07-21 17:48:00] [DEBUG] Screen::updateAreaE() [iframe起動版] path: \Develop\Views\AreaE\Area_E_clear.view start...
[2026-07-21 17:48:00] [DEBUG] Screen::getContents() start...
[2026-07-21 17:48:00] [DEBUG] Screen::getContents() finish.
[2026-07-21 17:48:00] [DEBUG] Screen::updateAreaE() finish.
[2026-07-21 17:48:00] [DEBUG] DBDefinitionController::initialAction() end.
[2026-07-21 17:48:00] [DEBUG] Screen::areaView() start...
[2026-07-21 17:48:00] [DEBUG] Screen::areaView() finish.
[2026-07-21 17:48:02] [DEBUG] --- wwProject System Start ---
[2026-07-21 17:48:02] [DEBUG] Router::Router() /jemini/wwProjectV1.50/Develop/Console/ServerBridgeAction/
[2026-07-21 17:48:02] [DEBUG] Attempting to load: \Develop\Controllers\ConsoleController::ServerBridgeAction
[2026-07-21 17:48:02] [DEBUG] Router: Executing \Develop\Controllers\ConsoleController->ServerBridgeAction
[2026-07-21 17:48:02] [DEBUG] ConsoleController::ServerBridge() start...
[2026-07-21 17:48:02] [DEBUG] ConsoleController::ServerBridge() \Develop\Controllers\PartsDefinitionController::editPartsAction()
[2026-07-21 17:48:02] [DEBUG] PartsDefinitionController::editPartsAction() start...
[2026-07-21 17:48:02] [DEBUG] PartsDefinitionModel::getAllPartsList() start... Project ID: PRJ-D45FEF
[2026-07-21 17:48:02] [DEBUG] PartsDefinitionModel::getColumnsByTableId() start... Input: newDevelopers
[2026-07-21 17:48:02] [DEBUG] 逆引き成功: 物理名 newDevelopers -> table_id : 12
[2026-07-21 17:48:02] [DEBUG] PartsDefinitionModel::getColumnsByTableId() finish. 件数: 9
[2026-07-21 17:48:02] [DEBUG] PartsDefinitionModel::getTableStructure() start... Project ID: PRJ-D45FEF
[2026-07-21 17:48:02] [DEBUG] Screen::updateAreaE() [iframe起動版] path: \Develop\Views\AreaE\PartsDefinition\RegistParts.view start...
[2026-07-21 17:48:02] [DEBUG] Screen::getContents() start...
[2026-07-21 17:48:02] [ERROR] ConsoleController::ServerBridge Fatal: htmlspecialchars(): Argument #1 ($string) must be of type string, array given
[2026-07-21 17:48:03] [DEBUG] --- wwProject System Start ---
[2026-07-21 17:48:03] [DEBUG] Router::Router() /jemini/wwProjectV1.50/Develop/Console/ServerBridgeAction/
[2026-07-21 17:48:03] [DEBUG] Attempting to load: \Develop\Controllers\ConsoleController::ServerBridgeAction
[2026-07-21 17:48:03] [DEBUG] Router: Executing \Develop\Controllers\ConsoleController->ServerBridgeAction
[2026-07-21 17:48:03] [DEBUG] ConsoleController::ServerBridge() start...
[2026-07-21 17:48:03] [DEBUG] ConsoleController::ServerBridge() \Develop\Controllers\PartsDefinitionController::editPartsAction()
[2026-07-21 17:48:03] [DEBUG] PartsDefinitionController::editPartsAction() start...
[2026-07-21 17:48:03] [DEBUG] PartsDefinitionModel::getAllPartsList() start... Project ID: PRJ-D45FEF
[2026-07-21 17:48:03] [DEBUG] PartsDefinitionModel::getColumnsByTableId() start... Input: newDevelopers
[2026-07-21 17:48:03] [DEBUG] 逆引き成功: 物理名 newDevelopers -> table_id : 12
[2026-07-21 17:48:03] [DEBUG] PartsDefinitionModel::getColumnsByTableId() finish. 件数: 9
[2026-07-21 17:48:03] [DEBUG] PartsDefinitionModel::getTableStructure() start... Project ID: PRJ-D45FEF
[2026-07-21 17:48:03] [DEBUG] Screen::updateAreaE() [iframe起動版] path: \Develop\Views\AreaE\PartsDefinition\RegistParts.view start...
[2026-07-21 17:48:03] [DEBUG] Screen::getContents() start...
[2026-07-21 17:48:03] [ERROR] ConsoleController::ServerBridge Fatal: htmlspecialchars(): Argument #1 ($string) must be of type string, array given
[2026-07-21 17:48:37] [DEBUG] --- wwProject System Start ---
[2026-07-21 17:48:37] [DEBUG] Router::Router() /jemini/wwProjectV1.50/Develop/Console/ServerBridgeAction/
[2026-07-21 17:48:37] [DEBUG] Attempting to load: \Develop\Controllers\ConsoleController::ServerBridgeAction
[2026-07-21 17:48:37] [DEBUG] Router: Executing \Develop\Controllers\ConsoleController->ServerBridgeAction
[2026-07-21 17:48:37] [DEBUG] ConsoleController::ServerBridge() start...
[2026-07-21 17:48:37] [DEBUG] ConsoleController::ServerBridge() \Develop\Controllers\PartsDefinitionController::editPartsAction()
[2026-07-21 17:48:37] [DEBUG] PartsDefinitionController::editPartsAction() start...
[2026-07-21 17:48:37] [DEBUG] PartsDefinitionModel::getAllPartsList() start... Project ID: PRJ-D45FEF
[2026-07-21 17:48:37] [DEBUG] PartsDefinitionModel::getColumnsByTableId() start... Input: newDevelopers
[2026-07-21 17:48:37] [DEBUG] 逆引き成功: 物理名 newDevelopers -> table_id : 12
[2026-07-21 17:48:37] [DEBUG] PartsDefinitionModel::getColumnsByTableId() finish. 件数: 9
[2026-07-21 17:48:37] [DEBUG] PartsDefinitionModel::getTableStructure() start... Project ID: PRJ-D45FEF
[2026-07-21 17:48:37] [DEBUG] Screen::updateAreaE() [iframe起動版] path: \Develop\Views\AreaE\PartsDefinition\RegistParts.view start...
[2026-07-21 17:48:37] [DEBUG] Screen::getContents() start...
[2026-07-21 17:48:37] [ERROR] ConsoleController::ServerBridge Fatal: htmlspecialchars(): Argument #1 ($string) must be of type string, array given
[2026-07-21 17:54:41] [DEBUG] --- wwProject System Start ---
[2026-07-21 17:54:41] [DEBUG] Router::Router() /jemini/wwProjectV1.50/Develop/Console/initial/
[2026-07-21 17:54:41] [DEBUG] Attempting to load: \Develop\Controllers\ConsoleController::initialAction
[2026-07-21 17:54:41] [DEBUG] Router: Executing \Develop\Controllers\ConsoleController->initialAction
[2026-07-21 17:54:41] [DEBUG] Console::initialAction() start...
[2026-07-21 17:54:41] [DEBUG] Screen::view() path: \Develop\Views\Console\Console.view start...
[2026-07-21 17:54:41] [DEBUG] Screen::getContents() start...
[2026-07-21 17:54:41] [DEBUG] Screen::getContents() finish.
[2026-07-21 17:54:41] [DEBUG] Screen::view() path: \Develop\Views\Console\Console.view finish.
[2026-07-21 17:54:41] [DEBUG] ConsoleController::initialAction() finish.
[2026-07-21 17:54:41] [DEBUG] --- wwProject System Start ---
[2026-07-21 17:54:41] [DEBUG] Router::Router() /jemini/wwProjectV1.50/Develop/Console/ServerBridgeAction/
[2026-07-21 17:54:41] [DEBUG] Attempting to load: \Develop\Controllers\ConsoleController::ServerBridgeAction
[2026-07-21 17:54:41] [DEBUG] Router: Executing \Develop\Controllers\ConsoleController->ServerBridgeAction
[2026-07-21 17:54:41] [DEBUG] ConsoleController::ServerBridge() start...
[2026-07-21 17:54:41] [DEBUG] ConsoleController::ServerBridge() \Develop\Controllers\ConsoleController::areaInitialAction()
[2026-07-21 17:54:41] [DEBUG] ConsoleController::AreaInitialAction() start...
[2026-07-21 17:54:41] [DEBUG] Screen::updateAreaA() path: \Develop\Views\AreaA\Area_A.view start...
[2026-07-21 17:54:41] [DEBUG] Screen::areaView() sending JSON: ["areas"]
[2026-07-21 17:54:41] [DEBUG] Screen::getContents() start...
[2026-07-21 17:54:41] [DEBUG] Screen::getContents() finish.
[2026-07-21 17:54:41] [DEBUG] Screen::updateAreaA() finish.
[2026-07-21 17:54:41] [DEBUG] Screen::updateAreaB() path: \Develop\Views\AreaB\Area_B.view start...
[2026-07-21 17:54:41] [DEBUG] Screen::getContents() start...
[2026-07-21 17:54:41] [DEBUG] Screen::getContents() finish.
[2026-07-21 17:54:41] [DEBUG] Screen::updateAreaB() finish.
[2026-07-21 17:54:41] [DEBUG] Screen::updateAreaD() path: \Develop\Views\AreaD\Area_D_clear.view start...
[2026-07-21 17:54:41] [DEBUG] Screen::getContents() start...
[2026-07-21 17:54:41] [DEBUG] Screen::getContents() finish.
[2026-07-21 17:54:41] [DEBUG] Screen::updateAreaD() finish.
[2026-07-21 17:54:41] [DEBUG] Screen::updateAreaE() [iframe起動版] path: \Develop\Views\AreaE\Area_E_clear.view start...
[2026-07-21 17:54:41] [DEBUG] Screen::getContents() start...
[2026-07-21 17:54:41] [DEBUG] Screen::getContents() finish.
[2026-07-21 17:54:41] [DEBUG] Screen::updateAreaE() finish.
[2026-07-21 17:54:41] [DEBUG] Screen::updateAreaF() path: \Develop\Views\AreaF\Area_F.view start...
[2026-07-21 17:54:41] [DEBUG] Screen::getContents() start...
[2026-07-21 17:54:41] [DEBUG] Screen::getContents() finish.
[2026-07-21 17:54:41] [DEBUG] Screen::updateAreaF() finish.
[2026-07-21 17:54:41] [DEBUG] ProjectController::startProjectNabi() start...
[2026-07-21 17:54:41] [DEBUG] ProjectController::getProjectListHtml() start...
[2026-07-21 17:54:41] [DEBUG] ProjectModel::getProjectList() start...
[2026-07-21 17:54:41] [DEBUG] ProjectModel::getProjectList() finish.
[2026-07-21 17:54:41] [DEBUG] CodeMasterModel：：getCodesByGroup() start...
[2026-07-21 17:54:41] [DEBUG] CodeMasterModel：：getCodesByGroup() finish.
[2026-07-21 17:54:41] [DEBUG] ProjectController::getNaviFooterHtml() start...
[2026-07-21 17:54:41] [DEBUG] ProjectController::getNaviFooterHtml() finish.
[2026-07-21 17:54:41] [DEBUG] ProjectController::startProjectNabi() finish.
[2026-07-21 17:54:41] [DEBUG] Screen::updateAreaC() \Develop\Views\AreaC\Area_C.view start...
[2026-07-21 17:54:41] [DEBUG] Screen::getContents() start...
[2026-07-21 17:54:41] [DEBUG] Screen::getContents() finish.
[2026-07-21 17:54:41] [DEBUG] Screen::updateAreaC() finish.
[2026-07-21 17:54:41] [DEBUG] ConsoleController::AreaInitialAction() finish.
[2026-07-21 17:54:41] [DEBUG] Screen::areaView() start...
[2026-07-21 17:54:41] [DEBUG] Screen::areaView() finish.
[2026-07-21 17:54:42] [DEBUG] --- wwProject System Start ---
[2026-07-21 17:54:42] [DEBUG] Router::Router() /jemini/wwProjectV1.50/Develop/Console/ServerBridgeAction/
[2026-07-21 17:54:42] [DEBUG] Attempting to load: \Develop\Controllers\ConsoleController::ServerBridgeAction
[2026-07-21 17:54:42] [DEBUG] Router: Executing \Develop\Controllers\ConsoleController->ServerBridgeAction
[2026-07-21 17:54:42] [DEBUG] ConsoleController::ServerBridge() start...
[2026-07-21 17:54:42] [DEBUG] ConsoleController::ServerBridge() \Develop\Controllers\PartsDefinitionController::InitialAction()
[2026-07-21 17:54:42] [DEBUG] DBDefinitionController::initialAction() start...
[2026-07-21 17:54:42] [DEBUG] PartsDefinitionController::initialAction() projectId : PRJ-D45FEF
[2026-07-21 17:54:42] [DEBUG] PartsDefinitionModel::getAllPartsList() start... Project ID: PRJ-D45FEF
[2026-07-21 17:54:42] [DEBUG] Screen::updateAreaD() path: \Develop\Views\AreaD\PartsDefinition\PartsDefinitionList.view start...
[2026-07-21 17:54:42] [DEBUG] Screen::getContents() start...
[2026-07-21 17:54:42] [DEBUG] Screen::getContents() finish.
[2026-07-21 17:54:42] [DEBUG] Screen::updateAreaD() finish.
[2026-07-21 17:54:42] [DEBUG] Screen::updateAreaE() [iframe起動版] path: \Develop\Views\AreaE\Area_E_clear.view start...
[2026-07-21 17:54:42] [DEBUG] Screen::getContents() start...
[2026-07-21 17:54:42] [DEBUG] Screen::getContents() finish.
[2026-07-21 17:54:42] [DEBUG] Screen::updateAreaE() finish.
[2026-07-21 17:54:42] [DEBUG] DBDefinitionController::initialAction() end.
[2026-07-21 17:54:42] [DEBUG] Screen::areaView() start...
[2026-07-21 17:54:42] [DEBUG] Screen::areaView() finish.
[2026-07-21 17:54:44] [DEBUG] --- wwProject System Start ---
[2026-07-21 17:54:44] [DEBUG] Router::Router() /jemini/wwProjectV1.50/Develop/Console/ServerBridgeAction/
[2026-07-21 17:54:44] [DEBUG] Attempting to load: \Develop\Controllers\ConsoleController::ServerBridgeAction
[2026-07-21 17:54:44] [DEBUG] Router: Executing \Develop\Controllers\ConsoleController->ServerBridgeAction
[2026-07-21 17:54:44] [DEBUG] ConsoleController::ServerBridge() start...
[2026-07-21 17:54:44] [DEBUG] ConsoleController::ServerBridge() \Develop\Controllers\PartsDefinitionController::editPartsAction()
[2026-07-21 17:54:44] [DEBUG] PartsDefinitionController::editPartsAction() start...
[2026-07-21 17:54:44] [DEBUG] PartsDefinitionModel::getAllPartsList() start... Project ID: PRJ-D45FEF
[2026-07-21 17:54:44] [DEBUG] PartsDefinitionModel::getColumnsByTableId() start... Input: newDevelopers
[2026-07-21 17:54:44] [DEBUG] 逆引き成功: 物理名 newDevelopers -> table_id : 12
[2026-07-21 17:54:44] [DEBUG] PartsDefinitionModel::getColumnsByTableId() finish. 件数: 9
[2026-07-21 17:54:44] [DEBUG] PartsDefinitionModel::getTableStructure() start... Project ID: PRJ-D45FEF
[2026-07-21 17:54:44] [DEBUG] Screen::updateAreaE() [iframe起動版] path: \Develop\Views\AreaE\PartsDefinition\RegistParts.view start...
[2026-07-21 17:54:44] [DEBUG] Screen::getContents() start...
[2026-07-21 17:54:45] [ERROR] ConsoleController::ServerBridge Fatal: htmlspecialchars(): Argument #1 ($string) must be of type string, array given
[2026-07-21 17:59:58] [DEBUG] --- wwProject System Start ---
[2026-07-21 17:59:58] [DEBUG] Router::Router() /jemini/wwProjectV1.50/Develop/Console/initial/
[2026-07-21 17:59:58] [DEBUG] Attempting to load: \Develop\Controllers\ConsoleController::initialAction
[2026-07-21 17:59:58] [DEBUG] Router: Executing \Develop\Controllers\ConsoleController->initialAction
[2026-07-21 17:59:58] [DEBUG] Console::initialAction() start...
[2026-07-21 17:59:58] [DEBUG] Screen::view() path: \Develop\Views\Console\Console.view start...
[2026-07-21 17:59:58] [DEBUG] Screen::getContents() start...
[2026-07-21 17:59:58] [DEBUG] Screen::getContents() finish.
[2026-07-21 17:59:58] [DEBUG] Screen::view() path: \Develop\Views\Console\Console.view finish.
[2026-07-21 17:59:58] [DEBUG] ConsoleController::initialAction() finish.
[2026-07-21 17:59:58] [DEBUG] --- wwProject System Start ---
[2026-07-21 17:59:58] [DEBUG] Router::Router() /jemini/wwProjectV1.50/Develop/Console/ServerBridgeAction/
[2026-07-21 17:59:58] [DEBUG] Attempting to load: \Develop\Controllers\ConsoleController::ServerBridgeAction
[2026-07-21 17:59:58] [DEBUG] Router: Executing \Develop\Controllers\ConsoleController->ServerBridgeAction
[2026-07-21 17:59:58] [DEBUG] ConsoleController::ServerBridge() start...
[2026-07-21 17:59:58] [DEBUG] ConsoleController::ServerBridge() \Develop\Controllers\ConsoleController::areaInitialAction()
[2026-07-21 17:59:58] [DEBUG] ConsoleController::AreaInitialAction() start...
[2026-07-21 17:59:58] [DEBUG] Screen::updateAreaA() path: \Develop\Views\AreaA\Area_A.view start...
[2026-07-21 17:59:58] [DEBUG] Screen::areaView() sending JSON: ["areas"]
[2026-07-21 17:59:58] [DEBUG] Screen::getContents() start...
[2026-07-21 17:59:58] [DEBUG] Screen::getContents() finish.
[2026-07-21 17:59:58] [DEBUG] Screen::updateAreaA() finish.
[2026-07-21 17:59:58] [DEBUG] Screen::updateAreaB() path: \Develop\Views\AreaB\Area_B.view start...
[2026-07-21 17:59:58] [DEBUG] Screen::getContents() start...
[2026-07-21 17:59:58] [DEBUG] Screen::getContents() finish.
[2026-07-21 17:59:58] [DEBUG] Screen::updateAreaB() finish.
[2026-07-21 17:59:58] [DEBUG] Screen::updateAreaD() path: \Develop\Views\AreaD\Area_D_clear.view start...
[2026-07-21 17:59:58] [DEBUG] Screen::getContents() start...
[2026-07-21 17:59:58] [DEBUG] Screen::getContents() finish.
[2026-07-21 17:59:58] [DEBUG] Screen::updateAreaD() finish.
[2026-07-21 17:59:58] [DEBUG] Screen::updateAreaE() [iframe起動版] path: \Develop\Views\AreaE\Area_E_clear.view start...
[2026-07-21 17:59:58] [DEBUG] Screen::getContents() start...
[2026-07-21 17:59:58] [DEBUG] Screen::getContents() finish.
[2026-07-21 17:59:58] [DEBUG] Screen::updateAreaE() finish.
[2026-07-21 17:59:58] [DEBUG] Screen::updateAreaF() path: \Develop\Views\AreaF\Area_F.view start...
[2026-07-21 17:59:58] [DEBUG] Screen::getContents() start...
[2026-07-21 17:59:58] [DEBUG] Screen::getContents() finish.
[2026-07-21 17:59:58] [DEBUG] Screen::updateAreaF() finish.
[2026-07-21 17:59:58] [DEBUG] ProjectController::startProjectNabi() start...
[2026-07-21 17:59:58] [DEBUG] ProjectController::getProjectListHtml() start...
[2026-07-21 17:59:58] [DEBUG] ProjectModel::getProjectList() start...
[2026-07-21 17:59:58] [DEBUG] ProjectModel::getProjectList() finish.
[2026-07-21 17:59:58] [DEBUG] CodeMasterModel：：getCodesByGroup() start...
[2026-07-21 17:59:58] [DEBUG] CodeMasterModel：：getCodesByGroup() finish.
[2026-07-21 17:59:58] [DEBUG] ProjectController::getNaviFooterHtml() start...
[2026-07-21 17:59:58] [DEBUG] ProjectController::getNaviFooterHtml() finish.
[2026-07-21 17:59:58] [DEBUG] ProjectController::startProjectNabi() finish.
[2026-07-21 17:59:58] [DEBUG] Screen::updateAreaC() \Develop\Views\AreaC\Area_C.view start...
[2026-07-21 17:59:58] [DEBUG] Screen::getContents() start...
[2026-07-21 17:59:58] [DEBUG] Screen::getContents() finish.
[2026-07-21 17:59:58] [DEBUG] Screen::updateAreaC() finish.
[2026-07-21 17:59:58] [DEBUG] ConsoleController::AreaInitialAction() finish.
[2026-07-21 17:59:58] [DEBUG] Screen::areaView() start...
[2026-07-21 17:59:58] [DEBUG] Screen::areaView() finish.
[2026-07-21 18:00:00] [DEBUG] --- wwProject System Start ---
[2026-07-21 18:00:00] [DEBUG] Router::Router() /jemini/wwProjectV1.50/Develop/Console/ServerBridgeAction/
[2026-07-21 18:00:00] [DEBUG] Attempting to load: \Develop\Controllers\ConsoleController::ServerBridgeAction
[2026-07-21 18:00:00] [DEBUG] Router: Executing \Develop\Controllers\ConsoleController->ServerBridgeAction
[2026-07-21 18:00:00] [DEBUG] ConsoleController::ServerBridge() start...
[2026-07-21 18:00:00] [DEBUG] ConsoleController::ServerBridge() \Develop\Controllers\PartsDefinitionController::InitialAction()
[2026-07-21 18:00:00] [DEBUG] DBDefinitionController::initialAction() start...
[2026-07-21 18:00:00] [DEBUG] PartsDefinitionController::initialAction() projectId : PRJ-D45FEF
[2026-07-21 18:00:00] [DEBUG] PartsDefinitionModel::getAllPartsList() start... Project ID: PRJ-D45FEF
[2026-07-21 18:00:00] [DEBUG] Screen::updateAreaD() path: \Develop\Views\AreaD\PartsDefinition\PartsDefinitionList.view start...
[2026-07-21 18:00:00] [DEBUG] Screen::getContents() start...
[2026-07-21 18:00:00] [DEBUG] Screen::getContents() finish.
[2026-07-21 18:00:00] [DEBUG] Screen::updateAreaD() finish.
[2026-07-21 18:00:00] [DEBUG] Screen::updateAreaE() [iframe起動版] path: \Develop\Views\AreaE\Area_E_clear.view start...
[2026-07-21 18:00:00] [DEBUG] Screen::getContents() start...
[2026-07-21 18:00:00] [DEBUG] Screen::getContents() finish.
[2026-07-21 18:00:00] [DEBUG] Screen::updateAreaE() finish.
[2026-07-21 18:00:00] [DEBUG] DBDefinitionController::initialAction() end.
[2026-07-21 18:00:00] [DEBUG] Screen::areaView() start...
[2026-07-21 18:00:00] [DEBUG] Screen::areaView() finish.
[2026-07-21 18:00:02] [DEBUG] --- wwProject System Start ---
[2026-07-21 18:00:02] [DEBUG] Router::Router() /jemini/wwProjectV1.50/Develop/Console/ServerBridgeAction/
[2026-07-21 18:00:02] [DEBUG] Attempting to load: \Develop\Controllers\ConsoleController::ServerBridgeAction
[2026-07-21 18:00:02] [DEBUG] Router: Executing \Develop\Controllers\ConsoleController->ServerBridgeAction
[2026-07-21 18:00:02] [DEBUG] ConsoleController::ServerBridge() start...
[2026-07-21 18:00:02] [DEBUG] ConsoleController::ServerBridge() \Develop\Controllers\PartsDefinitionController::editPartsAction()
[2026-07-21 18:00:02] [DEBUG] PartsDefinitionController::editPartsAction() start...
[2026-07-21 18:00:02] [DEBUG] PartsDefinitionModel::getAllPartsList() start... Project ID: PRJ-D45FEF
[2026-07-21 18:00:02] [DEBUG] PartsDefinitionModel::getColumnsByTableId() start... Input: newDevelopers
[2026-07-21 18:00:02] [DEBUG] 逆引き成功: 物理名 newDevelopers -> table_id : 12
[2026-07-21 18:00:02] [DEBUG] PartsDefinitionModel::getColumnsByTableId() finish. 件数: 9
[2026-07-21 18:00:02] [DEBUG] PartsDefinitionModel::getTableStructure() start... Project ID: PRJ-D45FEF
[2026-07-21 18:00:02] [DEBUG] Screen::updateAreaE() [iframe起動版] path: \Develop\Views\AreaE\PartsDefinition\RegistParts.view start...
[2026-07-21 18:00:02] [DEBUG] Screen::getContents() start...
[2026-07-21 18:00:02] [ERROR] ConsoleController::ServerBridge Fatal: htmlspecialchars(): Argument #1 ($string) must be of type string, array given
[2026-07-21 18:00:03] [DEBUG] --- wwProject System Start ---
[2026-07-21 18:00:03] [DEBUG] Router::Router() /jemini/wwProjectV1.50/Develop/Console/ServerBridgeAction/
[2026-07-21 18:00:03] [DEBUG] Attempting to load: \Develop\Controllers\ConsoleController::ServerBridgeAction
[2026-07-21 18:00:03] [DEBUG] Router: Executing \Develop\Controllers\ConsoleController->ServerBridgeAction
[2026-07-21 18:00:03] [DEBUG] ConsoleController::ServerBridge() start...
[2026-07-21 18:00:03] [DEBUG] ConsoleController::ServerBridge() \Develop\Controllers\PartsDefinitionController::editPartsAction()
[2026-07-21 18:00:03] [DEBUG] PartsDefinitionController::editPartsAction() start...
[2026-07-21 18:00:03] [DEBUG] PartsDefinitionModel::getAllPartsList() start... Project ID: PRJ-D45FEF
[2026-07-21 18:00:03] [DEBUG] PartsDefinitionModel::getColumnsByTableId() start... Input: newDevelopers
[2026-07-21 18:00:03] [DEBUG] 逆引き成功: 物理名 newDevelopers -> table_id : 12
[2026-07-21 18:00:03] [DEBUG] PartsDefinitionModel::getColumnsByTableId() finish. 件数: 9
[2026-07-21 18:00:03] [DEBUG] PartsDefinitionModel::getTableStructure() start... Project ID: PRJ-D45FEF
[2026-07-21 18:00:03] [DEBUG] Screen::updateAreaE() [iframe起動版] path: \Develop\Views\AreaE\PartsDefinition\RegistParts.view start...
[2026-07-21 18:00:03] [DEBUG] Screen::getContents() start...
[2026-07-21 18:00:03] [ERROR] ConsoleController::ServerBridge Fatal: htmlspecialchars(): Argument #1 ($string) must be of type string, array given
[2026-07-21 18:00:36] [DEBUG] --- wwProject System Start ---
[2026-07-21 18:00:36] [DEBUG] Router::Router() /jemini/wwProjectV1.50/develop/
[2026-07-21 18:00:36] [DEBUG] Attempting to load: \Develop\Controllers\LoginController::initialAction
[2026-07-21 18:00:36] [DEBUG] Router: Executing \Develop\Controllers\LoginController->initialAction
[2026-07-21 18:00:36] [DEBUG] Login::initialAction() start...
[2026-07-21 18:00:36] [DEBUG] Login::initialAction() errorMessage : 
[2026-07-21 18:00:36] [DEBUG] Screen::view() path: \Develop\Views\Login\Login.view start...
[2026-07-21 18:00:36] [DEBUG] Screen::getContents() start...
[2026-07-21 18:00:36] [DEBUG] Screen::getContents() finish.
[2026-07-21 18:00:36] [DEBUG] Screen::view() path: \Develop\Views\Login\Login.view finish.
[2026-07-21 18:00:36] [DEBUG] Login::initialAction() finish.
[2026-07-21 18:00:45] [DEBUG] --- wwProject System Start ---
[2026-07-21 18:00:45] [DEBUG] Router::Router() /jemini/wwProjectV1.50/Develop/
[2026-07-21 18:00:45] [DEBUG] Attempting to load: \Develop\Controllers\LoginController::initialAction
[2026-07-21 18:00:45] [DEBUG] Router: Executing \Develop\Controllers\LoginController->initialAction
[2026-07-21 18:00:45] [DEBUG] Login::initialAction() start...
[2026-07-21 18:00:45] [DEBUG] Login::initialAction() errorMessage : 
[2026-07-21 18:00:45] [DEBUG] Screen::view() path: \Develop\Views\Login\Login.view start...
[2026-07-21 18:00:45] [DEBUG] Screen::getContents() start...
[2026-07-21 18:00:45] [DEBUG] Screen::getContents() finish.
[2026-07-21 18:00:45] [DEBUG] Screen::view() path: \Develop\Views\Login\Login.view finish.
[2026-07-21 18:00:45] [DEBUG] Login::initialAction() finish.
[2026-07-21 18:00:49] [DEBUG] --- wwProject System Start ---
[2026-07-21 18:00:49] [DEBUG] Router::Router() /jemini/wwProjectV1.50/Develop/Login/authentication/
[2026-07-21 18:00:49] [DEBUG] Attempting to load: \Develop\Controllers\LoginController::authenticationAction
[2026-07-21 18:00:49] [DEBUG] Router: Executing \Develop\Controllers\LoginController->authenticationAction
[2026-07-21 18:00:49] [DEBUG] Login::AuthenticationAction() start...
[2026-07-21 18:00:49] [DEBUG] Login OK - x
[2026-07-21 18:00:49] [DEBUG] Session::start()
[2026-07-21 18:00:49] [DEBUG] Redirect to Console::initialAction()
[2026-07-21 18:00:49] [DEBUG] --- wwProject System Start ---
[2026-07-21 18:00:49] [DEBUG] Router::Router() /jemini/wwProjectV1.50/Develop/Console/initial/
[2026-07-21 18:00:49] [DEBUG] Attempting to load: \Develop\Controllers\ConsoleController::initialAction
[2026-07-21 18:00:49] [DEBUG] Router: Executing \Develop\Controllers\ConsoleController->initialAction
[2026-07-21 18:00:49] [DEBUG] Console::initialAction() start...
[2026-07-21 18:00:49] [DEBUG] Screen::view() path: \Develop\Views\Console\Console.view start...
[2026-07-21 18:00:49] [DEBUG] Screen::getContents() start...
[2026-07-21 18:00:49] [DEBUG] Screen::getContents() finish.
[2026-07-21 18:00:49] [DEBUG] Screen::view() path: \Develop\Views\Console\Console.view finish.
[2026-07-21 18:00:49] [DEBUG] ConsoleController::initialAction() finish.
[2026-07-21 18:00:49] [DEBUG] --- wwProject System Start ---
[2026-07-21 18:00:49] [DEBUG] Router::Router() /jemini/wwProjectV1.50/Develop/Console/ServerBridgeAction/
[2026-07-21 18:00:49] [DEBUG] Attempting to load: \Develop\Controllers\ConsoleController::ServerBridgeAction
[2026-07-21 18:00:49] [DEBUG] Router: Executing \Develop\Controllers\ConsoleController->ServerBridgeAction
[2026-07-21 18:00:49] [DEBUG] ConsoleController::ServerBridge() start...
[2026-07-21 18:00:49] [DEBUG] ConsoleController::ServerBridge() \Develop\Controllers\ConsoleController::areaInitialAction()
[2026-07-21 18:00:49] [DEBUG] ConsoleController::AreaInitialAction() start...
[2026-07-21 18:00:49] [DEBUG] Screen::updateAreaA() path: \Develop\Views\AreaA\Area_A.view start...
[2026-07-21 18:00:49] [DEBUG] Screen::areaView() sending JSON: ["areas"]
[2026-07-21 18:00:49] [DEBUG] Screen::getContents() start...
[2026-07-21 18:00:49] [DEBUG] Screen::getContents() finish.
[2026-07-21 18:00:49] [DEBUG] Screen::updateAreaA() finish.
[2026-07-21 18:00:49] [DEBUG] Screen::updateAreaB() path: \Develop\Views\AreaB\Area_B.view start...
[2026-07-21 18:00:49] [DEBUG] Screen::getContents() start...
[2026-07-21 18:00:49] [DEBUG] Screen::getContents() finish.
[2026-07-21 18:00:49] [DEBUG] Screen::updateAreaB() finish.
[2026-07-21 18:00:49] [DEBUG] Screen::updateAreaD() path: \Develop\Views\AreaD\Area_D_clear.view start...
[2026-07-21 18:00:49] [DEBUG] Screen::getContents() start...
[2026-07-21 18:00:49] [DEBUG] Screen::getContents() finish.
[2026-07-21 18:00:49] [DEBUG] Screen::updateAreaD() finish.
[2026-07-21 18:00:49] [DEBUG] Screen::updateAreaE() [iframe起動版] path: \Develop\Views\AreaE\Area_E_clear.view start...
[2026-07-21 18:00:49] [DEBUG] Screen::getContents() start...
[2026-07-21 18:00:49] [DEBUG] Screen::getContents() finish.
[2026-07-21 18:00:49] [DEBUG] Screen::updateAreaE() finish.
[2026-07-21 18:00:49] [DEBUG] Screen::updateAreaF() path: \Develop\Views\AreaF\Area_F.view start...
[2026-07-21 18:00:49] [DEBUG] Screen::getContents() start...
[2026-07-21 18:00:49] [DEBUG] Screen::getContents() finish.
[2026-07-21 18:00:49] [DEBUG] Screen::updateAreaF() finish.
[2026-07-21 18:00:49] [DEBUG] ProjectController::startProjectNabi() start...
[2026-07-21 18:00:49] [DEBUG] ProjectController::getProjectListHtml() start...
[2026-07-21 18:00:49] [DEBUG] ProjectModel::getProjectList() start...
[2026-07-21 18:00:49] [DEBUG] ProjectModel::getProjectList() finish.
[2026-07-21 18:00:49] [DEBUG] CodeMasterModel：：getCodesByGroup() start...
[2026-07-21 18:00:49] [DEBUG] CodeMasterModel：：getCodesByGroup() finish.
[2026-07-21 18:00:49] [DEBUG] ProjectController::getNaviFooterHtml() start...
[2026-07-21 18:00:49] [DEBUG] ProjectController::getNaviFooterHtml() finish.
[2026-07-21 18:00:49] [DEBUG] ProjectController::startProjectNabi() finish.
[2026-07-21 18:00:49] [DEBUG] Screen::updateAreaC() \Develop\Views\AreaC\Area_C.view start...
[2026-07-21 18:00:49] [DEBUG] Screen::getContents() start...
[2026-07-21 18:00:49] [DEBUG] Screen::getContents() finish.
[2026-07-21 18:00:49] [DEBUG] Screen::updateAreaC() finish.
[2026-07-21 18:00:49] [DEBUG] ConsoleController::AreaInitialAction() finish.
[2026-07-21 18:00:49] [DEBUG] Screen::areaView() start...
[2026-07-21 18:00:49] [DEBUG] Screen::areaView() finish.
[2026-07-21 18:00:50] [DEBUG] --- wwProject System Start ---
[2026-07-21 18:00:50] [DEBUG] Router::Router() /jemini/wwProjectV1.50/Develop/Console/ServerBridgeAction/
[2026-07-21 18:00:50] [DEBUG] Attempting to load: \Develop\Controllers\ConsoleController::ServerBridgeAction
[2026-07-21 18:00:50] [DEBUG] Router: Executing \Develop\Controllers\ConsoleController->ServerBridgeAction
[2026-07-21 18:00:50] [DEBUG] ConsoleController::ServerBridge() start...
[2026-07-21 18:00:50] [DEBUG] ConsoleController::ServerBridge() \Develop\Controllers\ProjectController::projectSelectAction()
[2026-07-21 18:00:50] [DEBUG] ProjectController::projectSelectAction() start...
[2026-07-21 18:00:50] [DEBUG] ProjectController::projectSelectAction() ☆★☆　SampleProject１
[2026-07-21 18:00:50] [DEBUG] Screen::updateAreaB() path: \Develop\Views\AreaB\Area_B.view start...
[2026-07-21 18:00:50] [DEBUG] Screen::getContents() start...
[2026-07-21 18:00:50] [DEBUG] Screen::getContents() finish.
[2026-07-21 18:00:50] [DEBUG] Screen::updateAreaB() finish.
[2026-07-21 18:00:50] [DEBUG] ProjectController::projectSelectAction() PRJ-D45FEF : PRJ-D45FEF
[2026-07-21 18:00:50] [DEBUG] ProjectController::getProjectListHtml() start...
[2026-07-21 18:00:50] [DEBUG] ProjectModel::getProjectList() start...
[2026-07-21 18:00:50] [DEBUG] ProjectModel::getProjectList() finish.
[2026-07-21 18:00:50] [DEBUG] CodeMasterModel：：getCodesByGroup() start...
[2026-07-21 18:00:50] [DEBUG] CodeMasterModel：：getCodesByGroup() finish.
[2026-07-21 18:00:50] [DEBUG] ProjectController::getNaviFooterHtml() start...
[2026-07-21 18:00:50] [DEBUG] ProjectController::getNaviFooterHtml() finish.
[2026-07-21 18:00:50] [DEBUG] Screen::updateAreaC() \Develop\Views\AreaC\Area_C.view start...
[2026-07-21 18:00:50] [DEBUG] Screen::getContents() start...
[2026-07-21 18:00:50] [DEBUG] Screen::getContents() finish.
[2026-07-21 18:00:50] [DEBUG] Screen::updateAreaC() finish.
[2026-07-21 18:00:50] [DEBUG] Screen::updateAreaD() path: \Develop\Views\AreaD\Area_D_clear.view start...
[2026-07-21 18:00:50] [DEBUG] Screen::getContents() start...
[2026-07-21 18:00:50] [DEBUG] Screen::getContents() finish.
[2026-07-21 18:00:50] [DEBUG] Screen::updateAreaD() finish.
[2026-07-21 18:00:50] [DEBUG] Screen::updateAreaE() [iframe起動版] path: \Develop\Views\AreaE\Area_E_clear.view start...
[2026-07-21 18:00:50] [DEBUG] Screen::getContents() start...
[2026-07-21 18:00:50] [DEBUG] Screen::getContents() finish.
[2026-07-21 18:00:50] [DEBUG] Screen::updateAreaE() finish.
[2026-07-21 18:00:50] [DEBUG] ProjectController::projectSelectAction() finish.
[2026-07-21 18:00:50] [DEBUG] Screen::areaView() start...
[2026-07-21 18:00:50] [DEBUG] Screen::areaView() finish.
[2026-07-21 18:00:52] [DEBUG] --- wwProject System Start ---
[2026-07-21 18:00:52] [DEBUG] Router::Router() /jemini/wwProjectV1.50/Develop/Console/ServerBridgeAction/
[2026-07-21 18:00:52] [DEBUG] Attempting to load: \Develop\Controllers\ConsoleController::ServerBridgeAction
[2026-07-21 18:00:52] [DEBUG] Router: Executing \Develop\Controllers\ConsoleController->ServerBridgeAction
[2026-07-21 18:00:52] [DEBUG] ConsoleController::ServerBridge() start...
[2026-07-21 18:00:52] [DEBUG] ConsoleController::ServerBridge() \Develop\Controllers\PartsDefinitionController::InitialAction()
[2026-07-21 18:00:52] [DEBUG] DBDefinitionController::initialAction() start...
[2026-07-21 18:00:52] [DEBUG] PartsDefinitionController::initialAction() projectId : PRJ-D45FEF
[2026-07-21 18:00:52] [DEBUG] PartsDefinitionModel::getAllPartsList() start... Project ID: PRJ-D45FEF
[2026-07-21 18:00:52] [DEBUG] Screen::updateAreaD() path: \Develop\Views\AreaD\PartsDefinition\PartsDefinitionList.view start...
[2026-07-21 18:00:52] [DEBUG] Screen::getContents() start...
[2026-07-21 18:00:52] [DEBUG] Screen::getContents() finish.
[2026-07-21 18:00:52] [DEBUG] Screen::updateAreaD() finish.
[2026-07-21 18:00:52] [DEBUG] Screen::updateAreaE() [iframe起動版] path: \Develop\Views\AreaE\Area_E_clear.view start...
[2026-07-21 18:00:52] [DEBUG] Screen::getContents() start...
[2026-07-21 18:00:52] [DEBUG] Screen::getContents() finish.
[2026-07-21 18:00:52] [DEBUG] Screen::updateAreaE() finish.
[2026-07-21 18:00:52] [DEBUG] DBDefinitionController::initialAction() end.
[2026-07-21 18:00:52] [DEBUG] Screen::areaView() start...
[2026-07-21 18:00:52] [DEBUG] Screen::areaView() finish.
[2026-07-21 18:00:54] [DEBUG] --- wwProject System Start ---
[2026-07-21 18:00:54] [DEBUG] Router::Router() /jemini/wwProjectV1.50/Develop/Console/ServerBridgeAction/
[2026-07-21 18:00:54] [DEBUG] Attempting to load: \Develop\Controllers\ConsoleController::ServerBridgeAction
[2026-07-21 18:00:54] [DEBUG] Router: Executing \Develop\Controllers\ConsoleController->ServerBridgeAction
[2026-07-21 18:00:54] [DEBUG] ConsoleController::ServerBridge() start...
[2026-07-21 18:00:54] [DEBUG] ConsoleController::ServerBridge() \Develop\Controllers\PartsDefinitionController::editPartsAction()
[2026-07-21 18:00:54] [DEBUG] PartsDefinitionController::editPartsAction() start...
[2026-07-21 18:00:54] [DEBUG] PartsDefinitionModel::getAllPartsList() start... Project ID: PRJ-D45FEF
[2026-07-21 18:00:54] [DEBUG] PartsDefinitionModel::getColumnsByTableId() start... Input: newDevelopers
[2026-07-21 18:00:54] [DEBUG] 逆引き成功: 物理名 newDevelopers -> table_id : 12
[2026-07-21 18:00:54] [DEBUG] PartsDefinitionModel::getColumnsByTableId() finish. 件数: 9
[2026-07-21 18:00:54] [DEBUG] PartsDefinitionModel::getTableStructure() start... Project ID: PRJ-D45FEF
[2026-07-21 18:00:54] [DEBUG] Screen::updateAreaE() [iframe起動版] path: \Develop\Views\AreaE\PartsDefinition\RegistParts.view start...
[2026-07-21 18:00:54] [DEBUG] Screen::getContents() start...
[2026-07-21 18:00:54] [ERROR] ConsoleController::ServerBridge Fatal: htmlspecialchars(): Argument #1 ($string) must be of type string, array given
[2026-07-21 18:00:55] [DEBUG] --- wwProject System Start ---
[2026-07-21 18:00:55] [DEBUG] Router::Router() /jemini/wwProjectV1.50/Develop/Console/ServerBridgeAction/
[2026-07-21 18:00:55] [DEBUG] Attempting to load: \Develop\Controllers\ConsoleController::ServerBridgeAction
[2026-07-21 18:00:55] [DEBUG] Router: Executing \Develop\Controllers\ConsoleController->ServerBridgeAction
[2026-07-21 18:00:55] [DEBUG] ConsoleController::ServerBridge() start...
[2026-07-21 18:00:55] [DEBUG] ConsoleController::ServerBridge() \Develop\Controllers\PartsDefinitionController::editPartsAction()
[2026-07-21 18:00:55] [DEBUG] PartsDefinitionController::editPartsAction() start...
[2026-07-21 18:00:55] [DEBUG] PartsDefinitionModel::getAllPartsList() start... Project ID: PRJ-D45FEF
[2026-07-21 18:00:55] [DEBUG] PartsDefinitionModel::getColumnsByTableId() start... Input: newDevelopers
[2026-07-21 18:00:55] [DEBUG] 逆引き成功: 物理名 newDevelopers -> table_id : 12
[2026-07-21 18:00:55] [DEBUG] PartsDefinitionModel::getColumnsByTableId() finish. 件数: 9
[2026-07-21 18:00:55] [DEBUG] PartsDefinitionModel::getTableStructure() start... Project ID: PRJ-D45FEF
[2026-07-21 18:00:55] [DEBUG] Screen::updateAreaE() [iframe起動版] path: \Develop\Views\AreaE\PartsDefinition\RegistParts.view start...
[2026-07-21 18:00:55] [DEBUG] Screen::getContents() start...
[2026-07-21 18:00:55] [ERROR] ConsoleController::ServerBridge Fatal: htmlspecialchars(): Argument #1 ($string) must be of type string, array given
[2026-07-21 18:03:45] [DEBUG] --- wwProject System Start ---
[2026-07-21 18:03:45] [DEBUG] Router::Router() /jemini/wwProjectV1.50/Develop/Login/authentication/
[2026-07-21 18:03:45] [DEBUG] Attempting to load: \Develop\Controllers\LoginController::authenticationAction
[2026-07-21 18:03:45] [DEBUG] Router: Executing \Develop\Controllers\LoginController->authenticationAction
[2026-07-21 18:03:45] [DEBUG] Login::AuthenticationAction() start...
[2026-07-21 18:03:45] [DEBUG] Login OK - x
[2026-07-21 18:03:45] [DEBUG] Session::start()
[2026-07-21 18:03:45] [DEBUG] Redirect to Console::initialAction()
[2026-07-21 18:03:45] [DEBUG] --- wwProject System Start ---
[2026-07-21 18:03:45] [DEBUG] Router::Router() /jemini/wwProjectV1.50/Develop/Console/initial/
[2026-07-21 18:03:45] [DEBUG] Attempting to load: \Develop\Controllers\ConsoleController::initialAction
[2026-07-21 18:03:45] [DEBUG] Router: Executing \Develop\Controllers\ConsoleController->initialAction
[2026-07-21 18:03:45] [DEBUG] Console::initialAction() start...
[2026-07-21 18:03:45] [DEBUG] Screen::view() path: \Develop\Views\Console\Console.view start...
[2026-07-21 18:03:45] [DEBUG] Screen::getContents() start...
[2026-07-21 18:03:45] [DEBUG] Screen::getContents() finish.
[2026-07-21 18:03:45] [DEBUG] Screen::view() path: \Develop\Views\Console\Console.view finish.
[2026-07-21 18:03:45] [DEBUG] ConsoleController::initialAction() finish.
[2026-07-21 18:03:45] [DEBUG] --- wwProject System Start ---
[2026-07-21 18:03:45] [DEBUG] Router::Router() /jemini/wwProjectV1.50/Develop/Console/ServerBridgeAction/
[2026-07-21 18:03:45] [DEBUG] Attempting to load: \Develop\Controllers\ConsoleController::ServerBridgeAction
[2026-07-21 18:03:45] [DEBUG] Router: Executing \Develop\Controllers\ConsoleController->ServerBridgeAction
[2026-07-21 18:03:45] [DEBUG] ConsoleController::ServerBridge() start...
[2026-07-21 18:03:45] [DEBUG] ConsoleController::ServerBridge() \Develop\Controllers\ConsoleController::areaInitialAction()
[2026-07-21 18:03:45] [DEBUG] ConsoleController::AreaInitialAction() start...
[2026-07-21 18:03:45] [DEBUG] Screen::updateAreaA() path: \Develop\Views\AreaA\Area_A.view start...
[2026-07-21 18:03:45] [DEBUG] Screen::areaView() sending JSON: ["areas"]
[2026-07-21 18:03:45] [DEBUG] Screen::getContents() start...
[2026-07-21 18:03:45] [DEBUG] Screen::getContents() finish.
[2026-07-21 18:03:45] [DEBUG] Screen::updateAreaA() finish.
[2026-07-21 18:03:45] [DEBUG] Screen::updateAreaB() path: \Develop\Views\AreaB\Area_B.view start...
[2026-07-21 18:03:45] [DEBUG] Screen::getContents() start...
[2026-07-21 18:03:45] [DEBUG] Screen::getContents() finish.
[2026-07-21 18:03:45] [DEBUG] Screen::updateAreaB() finish.
[2026-07-21 18:03:45] [DEBUG] Screen::updateAreaD() path: \Develop\Views\AreaD\Area_D_clear.view start...
[2026-07-21 18:03:45] [DEBUG] Screen::getContents() start...
[2026-07-21 18:03:45] [DEBUG] Screen::getContents() finish.
[2026-07-21 18:03:45] [DEBUG] Screen::updateAreaD() finish.
[2026-07-21 18:03:45] [DEBUG] Screen::updateAreaE() [iframe起動版] path: \Develop\Views\AreaE\Area_E_clear.view start...
[2026-07-21 18:03:45] [DEBUG] Screen::getContents() start...
[2026-07-21 18:03:45] [DEBUG] Screen::getContents() finish.
[2026-07-21 18:03:45] [DEBUG] Screen::updateAreaE() finish.
[2026-07-21 18:03:45] [DEBUG] Screen::updateAreaF() path: \Develop\Views\AreaF\Area_F.view start...
[2026-07-21 18:03:45] [DEBUG] Screen::getContents() start...
[2026-07-21 18:03:45] [DEBUG] Screen::getContents() finish.
[2026-07-21 18:03:45] [DEBUG] Screen::updateAreaF() finish.
[2026-07-21 18:03:45] [DEBUG] ProjectController::startProjectNabi() start...
[2026-07-21 18:03:45] [DEBUG] ProjectController::getProjectListHtml() start...
[2026-07-21 18:03:45] [DEBUG] ProjectModel::getProjectList() start...
[2026-07-21 18:03:45] [DEBUG] ProjectModel::getProjectList() finish.
[2026-07-21 18:03:45] [DEBUG] CodeMasterModel：：getCodesByGroup() start...
[2026-07-21 18:03:45] [DEBUG] CodeMasterModel：：getCodesByGroup() finish.
[2026-07-21 18:03:45] [DEBUG] ProjectController::getNaviFooterHtml() start...
[2026-07-21 18:03:45] [DEBUG] ProjectController::getNaviFooterHtml() finish.
[2026-07-21 18:03:45] [DEBUG] ProjectController::startProjectNabi() finish.
[2026-07-21 18:03:45] [DEBUG] Screen::updateAreaC() \Develop\Views\AreaC\Area_C.view start...
[2026-07-21 18:03:45] [DEBUG] Screen::getContents() start...
[2026-07-21 18:03:45] [DEBUG] Screen::getContents() finish.
[2026-07-21 18:03:45] [DEBUG] Screen::updateAreaC() finish.
[2026-07-21 18:03:45] [DEBUG] ConsoleController::AreaInitialAction() finish.
[2026-07-21 18:03:45] [DEBUG] Screen::areaView() start...
[2026-07-21 18:03:45] [DEBUG] Screen::areaView() finish.
[2026-07-21 18:03:47] [DEBUG] --- wwProject System Start ---
[2026-07-21 18:03:47] [DEBUG] Router::Router() /jemini/wwProjectV1.50/Develop/Console/ServerBridgeAction/
[2026-07-21 18:03:47] [DEBUG] Attempting to load: \Develop\Controllers\ConsoleController::ServerBridgeAction
[2026-07-21 18:03:47] [DEBUG] Router: Executing \Develop\Controllers\ConsoleController->ServerBridgeAction
[2026-07-21 18:03:47] [DEBUG] ConsoleController::ServerBridge() start...
[2026-07-21 18:03:47] [DEBUG] ConsoleController::ServerBridge() \Develop\Controllers\ProjectController::projectSelectAction()
[2026-07-21 18:03:47] [DEBUG] ProjectController::projectSelectAction() start...
[2026-07-21 18:03:47] [DEBUG] ProjectController::projectSelectAction() ☆★☆　SampleProject１
[2026-07-21 18:03:47] [DEBUG] Screen::updateAreaB() path: \Develop\Views\AreaB\Area_B.view start...
[2026-07-21 18:03:47] [DEBUG] Screen::getContents() start...
[2026-07-21 18:03:47] [DEBUG] Screen::getContents() finish.
[2026-07-21 18:03:47] [DEBUG] Screen::updateAreaB() finish.
[2026-07-21 18:03:47] [DEBUG] ProjectController::projectSelectAction() PRJ-D45FEF : PRJ-D45FEF
[2026-07-21 18:03:47] [DEBUG] ProjectController::getProjectListHtml() start...
[2026-07-21 18:03:47] [DEBUG] ProjectModel::getProjectList() start...
[2026-07-21 18:03:47] [DEBUG] ProjectModel::getProjectList() finish.
[2026-07-21 18:03:47] [DEBUG] CodeMasterModel：：getCodesByGroup() start...
[2026-07-21 18:03:47] [DEBUG] CodeMasterModel：：getCodesByGroup() finish.
[2026-07-21 18:03:47] [DEBUG] ProjectController::getNaviFooterHtml() start...
[2026-07-21 18:03:47] [DEBUG] ProjectController::getNaviFooterHtml() finish.
[2026-07-21 18:03:47] [DEBUG] Screen::updateAreaC() \Develop\Views\AreaC\Area_C.view start...
[2026-07-21 18:03:47] [DEBUG] Screen::getContents() start...
[2026-07-21 18:03:47] [DEBUG] Screen::getContents() finish.
[2026-07-21 18:03:47] [DEBUG] Screen::updateAreaC() finish.
[2026-07-21 18:03:47] [DEBUG] Screen::updateAreaD() path: \Develop\Views\AreaD\Area_D_clear.view start...
[2026-07-21 18:03:47] [DEBUG] Screen::getContents() start...
[2026-07-21 18:03:47] [DEBUG] Screen::getContents() finish.
[2026-07-21 18:03:47] [DEBUG] Screen::updateAreaD() finish.
[2026-07-21 18:03:47] [DEBUG] Screen::updateAreaE() [iframe起動版] path: \Develop\Views\AreaE\Area_E_clear.view start...
[2026-07-21 18:03:47] [DEBUG] Screen::getContents() start...
[2026-07-21 18:03:47] [DEBUG] Screen::getContents() finish.
[2026-07-21 18:03:47] [DEBUG] Screen::updateAreaE() finish.
[2026-07-21 18:03:47] [DEBUG] ProjectController::projectSelectAction() finish.
[2026-07-21 18:03:47] [DEBUG] Screen::areaView() start...
[2026-07-21 18:03:47] [DEBUG] Screen::areaView() finish.
[2026-07-21 18:03:48] [DEBUG] --- wwProject System Start ---
[2026-07-21 18:03:48] [DEBUG] Router::Router() /jemini/wwProjectV1.50/Develop/Console/ServerBridgeAction/
[2026-07-21 18:03:48] [DEBUG] Attempting to load: \Develop\Controllers\ConsoleController::ServerBridgeAction
[2026-07-21 18:03:48] [DEBUG] Router: Executing \Develop\Controllers\ConsoleController->ServerBridgeAction
[2026-07-21 18:03:48] [DEBUG] ConsoleController::ServerBridge() start...
[2026-07-21 18:03:48] [DEBUG] ConsoleController::ServerBridge() \Develop\Controllers\PartsDefinitionController::InitialAction()
[2026-07-21 18:03:48] [DEBUG] DBDefinitionController::initialAction() start...
[2026-07-21 18:03:48] [DEBUG] PartsDefinitionController::initialAction() projectId : PRJ-D45FEF
[2026-07-21 18:03:48] [DEBUG] PartsDefinitionModel::getAllPartsList() start... Project ID: PRJ-D45FEF
[2026-07-21 18:03:48] [DEBUG] Screen::updateAreaD() path: \Develop\Views\AreaD\PartsDefinition\PartsDefinitionList.view start...
[2026-07-21 18:03:48] [DEBUG] Screen::getContents() start...
[2026-07-21 18:03:48] [DEBUG] Screen::getContents() finish.
[2026-07-21 18:03:48] [DEBUG] Screen::updateAreaD() finish.
[2026-07-21 18:03:48] [DEBUG] Screen::updateAreaE() [iframe起動版] path: \Develop\Views\AreaE\Area_E_clear.view start...
[2026-07-21 18:03:48] [DEBUG] Screen::getContents() start...
[2026-07-21 18:03:48] [DEBUG] Screen::getContents() finish.
[2026-07-21 18:03:48] [DEBUG] Screen::updateAreaE() finish.
[2026-07-21 18:03:48] [DEBUG] DBDefinitionController::initialAction() end.
[2026-07-21 18:03:48] [DEBUG] Screen::areaView() start...
[2026-07-21 18:03:48] [DEBUG] Screen::areaView() finish.
[2026-07-21 18:03:50] [DEBUG] --- wwProject System Start ---
[2026-07-21 18:03:50] [DEBUG] Router::Router() /jemini/wwProjectV1.50/Develop/Console/ServerBridgeAction/
[2026-07-21 18:03:50] [DEBUG] Attempting to load: \Develop\Controllers\ConsoleController::ServerBridgeAction
[2026-07-21 18:03:50] [DEBUG] Router: Executing \Develop\Controllers\ConsoleController->ServerBridgeAction
[2026-07-21 18:03:50] [DEBUG] ConsoleController::ServerBridge() start...
[2026-07-21 18:03:50] [DEBUG] ConsoleController::ServerBridge() \Develop\Controllers\PartsDefinitionController::editPartsAction()
[2026-07-21 18:03:50] [DEBUG] PartsDefinitionController::editPartsAction() start...
[2026-07-21 18:03:50] [DEBUG] PartsDefinitionModel::getAllPartsList() start... Project ID: PRJ-D45FEF
[2026-07-21 18:03:50] [DEBUG] PartsDefinitionModel::getColumnsByTableId() start... Input: newDevelopers
[2026-07-21 18:03:50] [DEBUG] 逆引き成功: 物理名 newDevelopers -> table_id : 12
[2026-07-21 18:03:50] [DEBUG] PartsDefinitionModel::getColumnsByTableId() finish. 件数: 9
[2026-07-21 18:03:50] [DEBUG] PartsDefinitionModel::getTableStructure() start... Project ID: PRJ-D45FEF
[2026-07-21 18:03:50] [DEBUG] Screen::updateAreaE() [iframe起動版] path: \Develop\Views\AreaE\PartsDefinition\RegistParts.view start...
[2026-07-21 18:03:50] [DEBUG] Screen::getContents() start...
[2026-07-21 18:03:51] [DEBUG] Screen::getContents() finish.
[2026-07-21 18:03:51] [DEBUG] Screen::updateAreaE() finish.
[2026-07-21 18:03:51] [DEBUG] PartsDefinitionController::editPartsAction() end.
[2026-07-21 18:03:51] [DEBUG] Screen::areaView() start...
[2026-07-21 18:03:51] [DEBUG] Screen::areaView() finish.
[2026-07-21 18:04:56] [DEBUG] --- wwProject System Start ---
[2026-07-21 18:04:56] [DEBUG] Router::Router() /jemini/wwProjectV1.50/develop/
[2026-07-21 18:04:56] [DEBUG] Attempting to load: \Develop\Controllers\LoginController::initialAction
[2026-07-21 18:04:56] [DEBUG] Router: Executing \Develop\Controllers\LoginController->initialAction
[2026-07-21 18:04:56] [DEBUG] Login::initialAction() start...
[2026-07-21 18:04:56] [DEBUG] Login::initialAction() errorMessage : 
[2026-07-21 18:04:56] [DEBUG] Screen::view() path: \Develop\Views\Login\Login.view start...
[2026-07-21 18:04:56] [DEBUG] Screen::getContents() start...
[2026-07-21 18:04:56] [DEBUG] Screen::getContents() finish.
[2026-07-21 18:04:56] [DEBUG] Screen::view() path: \Develop\Views\Login\Login.view finish.
[2026-07-21 18:04:56] [DEBUG] Login::initialAction() finish.
[2026-07-21 18:06:55] [DEBUG] --- wwProject System Start ---
[2026-07-21 18:06:55] [DEBUG] Router::Router() /jemini/wwProjectV1.50/develop/
[2026-07-21 18:06:55] [DEBUG] Attempting to load: \Develop\Controllers\LoginController::initialAction
[2026-07-21 18:06:55] [DEBUG] Router: Executing \Develop\Controllers\LoginController->initialAction
[2026-07-21 18:06:55] [DEBUG] Login::initialAction() start...
[2026-07-21 18:06:55] [DEBUG] Login::initialAction() errorMessage : 
[2026-07-21 18:06:55] [DEBUG] Screen::view() path: \Develop\Views\Login\Login.view start...
[2026-07-21 18:06:55] [DEBUG] Screen::getContents() start...
[2026-07-21 18:06:55] [DEBUG] Screen::getContents() finish.
[2026-07-21 18:06:55] [DEBUG] Screen::view() path: \Develop\Views\Login\Login.view finish.
[2026-07-21 18:06:55] [DEBUG] Login::initialAction() finish.
[2026-07-21 18:07:03] [DEBUG] --- wwProject System Start ---
[2026-07-21 18:07:03] [DEBUG] Router::Router() /jemini/wwProjectV1.50/Develop/Login/authentication/
[2026-07-21 18:07:03] [DEBUG] Attempting to load: \Develop\Controllers\LoginController::authenticationAction
[2026-07-21 18:07:03] [DEBUG] Router: Executing \Develop\Controllers\LoginController->authenticationAction
[2026-07-21 18:07:03] [DEBUG] Login::AuthenticationAction() start...
[2026-07-21 18:07:03] [DEBUG] Login OK - x
[2026-07-21 18:07:03] [DEBUG] Session::start()
[2026-07-21 18:07:03] [DEBUG] Redirect to Console::initialAction()
[2026-07-21 18:07:03] [DEBUG] --- wwProject System Start ---
[2026-07-21 18:07:03] [DEBUG] Router::Router() /jemini/wwProjectV1.50/Develop/Console/initial/
[2026-07-21 18:07:03] [DEBUG] Attempting to load: \Develop\Controllers\ConsoleController::initialAction
[2026-07-21 18:07:03] [DEBUG] Router: Executing \Develop\Controllers\ConsoleController->initialAction
[2026-07-21 18:07:03] [DEBUG] Console::initialAction() start...
[2026-07-21 18:07:03] [DEBUG] Screen::view() path: \Develop\Views\Console\Console.view start...
[2026-07-21 18:07:03] [DEBUG] Screen::getContents() start...
[2026-07-21 18:07:03] [DEBUG] Screen::getContents() finish.
[2026-07-21 18:07:03] [DEBUG] Screen::view() path: \Develop\Views\Console\Console.view finish.
[2026-07-21 18:07:03] [DEBUG] ConsoleController::initialAction() finish.
[2026-07-21 18:07:03] [DEBUG] --- wwProject System Start ---
[2026-07-21 18:07:03] [DEBUG] Router::Router() /jemini/wwProjectV1.50/Develop/Console/ServerBridgeAction/
[2026-07-21 18:07:03] [DEBUG] Attempting to load: \Develop\Controllers\ConsoleController::ServerBridgeAction
[2026-07-21 18:07:03] [DEBUG] Router: Executing \Develop\Controllers\ConsoleController->ServerBridgeAction
[2026-07-21 18:07:03] [DEBUG] ConsoleController::ServerBridge() start...
[2026-07-21 18:07:03] [DEBUG] ConsoleController::ServerBridge() \Develop\Controllers\ConsoleController::areaInitialAction()
[2026-07-21 18:07:03] [DEBUG] ConsoleController::AreaInitialAction() start...
[2026-07-21 18:07:03] [DEBUG] Screen::updateAreaA() path: \Develop\Views\AreaA\Area_A.view start...
[2026-07-21 18:07:03] [DEBUG] Screen::areaView() sending JSON: ["areas"]
[2026-07-21 18:07:03] [DEBUG] Screen::getContents() start...
[2026-07-21 18:07:03] [DEBUG] Screen::getContents() finish.
[2026-07-21 18:07:03] [DEBUG] Screen::updateAreaA() finish.
[2026-07-21 18:07:03] [DEBUG] Screen::updateAreaB() path: \Develop\Views\AreaB\Area_B.view start...
[2026-07-21 18:07:03] [DEBUG] Screen::getContents() start...
[2026-07-21 18:07:03] [DEBUG] Screen::getContents() finish.
[2026-07-21 18:07:03] [DEBUG] Screen::updateAreaB() finish.
[2026-07-21 18:07:03] [DEBUG] Screen::updateAreaD() path: \Develop\Views\AreaD\Area_D_clear.view start...
[2026-07-21 18:07:03] [DEBUG] Screen::getContents() start...
[2026-07-21 18:07:03] [DEBUG] Screen::getContents() finish.
[2026-07-21 18:07:03] [DEBUG] Screen::updateAreaD() finish.
[2026-07-21 18:07:03] [DEBUG] Screen::updateAreaE() [iframe起動版] path: \Develop\Views\AreaE\Area_E_clear.view start...
[2026-07-21 18:07:03] [DEBUG] Screen::getContents() start...
[2026-07-21 18:07:03] [DEBUG] Screen::getContents() finish.
[2026-07-21 18:07:03] [DEBUG] Screen::updateAreaE() finish.
[2026-07-21 18:07:03] [DEBUG] Screen::updateAreaF() path: \Develop\Views\AreaF\Area_F.view start...
[2026-07-21 18:07:03] [DEBUG] Screen::getContents() start...
[2026-07-21 18:07:03] [DEBUG] Screen::getContents() finish.
[2026-07-21 18:07:03] [DEBUG] Screen::updateAreaF() finish.
[2026-07-21 18:07:03] [DEBUG] ProjectController::startProjectNabi() start...
[2026-07-21 18:07:03] [DEBUG] ProjectController::getProjectListHtml() start...
[2026-07-21 18:07:03] [DEBUG] ProjectModel::getProjectList() start...
[2026-07-21 18:07:03] [DEBUG] ProjectModel::getProjectList() finish.
[2026-07-21 18:07:03] [DEBUG] CodeMasterModel：：getCodesByGroup() start...
[2026-07-21 18:07:03] [DEBUG] CodeMasterModel：：getCodesByGroup() finish.
[2026-07-21 18:07:03] [DEBUG] ProjectController::getNaviFooterHtml() start...
[2026-07-21 18:07:03] [DEBUG] ProjectController::getNaviFooterHtml() finish.
[2026-07-21 18:07:03] [DEBUG] ProjectController::startProjectNabi() finish.
[2026-07-21 18:07:03] [DEBUG] Screen::updateAreaC() \Develop\Views\AreaC\Area_C.view start...
[2026-07-21 18:07:03] [DEBUG] Screen::getContents() start...
[2026-07-21 18:07:03] [DEBUG] Screen::getContents() finish.
[2026-07-21 18:07:03] [DEBUG] Screen::updateAreaC() finish.
[2026-07-21 18:07:03] [DEBUG] ConsoleController::AreaInitialAction() finish.
[2026-07-21 18:07:03] [DEBUG] Screen::areaView() start...
[2026-07-21 18:07:03] [DEBUG] Screen::areaView() finish.
[2026-07-21 18:07:05] [DEBUG] --- wwProject System Start ---
[2026-07-21 18:07:05] [DEBUG] Router::Router() /jemini/wwProjectV1.50/Develop/Console/ServerBridgeAction/
[2026-07-21 18:07:05] [DEBUG] Attempting to load: \Develop\Controllers\ConsoleController::ServerBridgeAction
[2026-07-21 18:07:05] [DEBUG] Router: Executing \Develop\Controllers\ConsoleController->ServerBridgeAction
[2026-07-21 18:07:05] [DEBUG] ConsoleController::ServerBridge() start...
[2026-07-21 18:07:05] [DEBUG] ConsoleController::ServerBridge() \Develop\Controllers\ProjectController::projectSelectAction()
[2026-07-21 18:07:05] [DEBUG] ProjectController::projectSelectAction() start...
[2026-07-21 18:07:05] [DEBUG] ProjectController::projectSelectAction() ☆★☆　SampleProject１
[2026-07-21 18:07:05] [DEBUG] Screen::updateAreaB() path: \Develop\Views\AreaB\Area_B.view start...
[2026-07-21 18:07:05] [DEBUG] Screen::getContents() start...
[2026-07-21 18:07:05] [DEBUG] Screen::getContents() finish.
[2026-07-21 18:07:05] [DEBUG] Screen::updateAreaB() finish.
[2026-07-21 18:07:05] [DEBUG] ProjectController::projectSelectAction() PRJ-D45FEF : PRJ-D45FEF
[2026-07-21 18:07:05] [DEBUG] ProjectController::getProjectListHtml() start...
[2026-07-21 18:07:05] [DEBUG] ProjectModel::getProjectList() start...
[2026-07-21 18:07:05] [DEBUG] ProjectModel::getProjectList() finish.
[2026-07-21 18:07:05] [DEBUG] CodeMasterModel：：getCodesByGroup() start...
[2026-07-21 18:07:05] [DEBUG] CodeMasterModel：：getCodesByGroup() finish.
[2026-07-21 18:07:05] [DEBUG] ProjectController::getNaviFooterHtml() start...
[2026-07-21 18:07:05] [DEBUG] ProjectController::getNaviFooterHtml() finish.
[2026-07-21 18:07:05] [DEBUG] Screen::updateAreaC() \Develop\Views\AreaC\Area_C.view start...
[2026-07-21 18:07:05] [DEBUG] Screen::getContents() start...
[2026-07-21 18:07:05] [DEBUG] Screen::getContents() finish.
[2026-07-21 18:07:05] [DEBUG] Screen::updateAreaC() finish.
[2026-07-21 18:07:05] [DEBUG] Screen::updateAreaD() path: \Develop\Views\AreaD\Area_D_clear.view start...
[2026-07-21 18:07:05] [DEBUG] Screen::getContents() start...
[2026-07-21 18:07:05] [DEBUG] Screen::getContents() finish.
[2026-07-21 18:07:05] [DEBUG] Screen::updateAreaD() finish.
[2026-07-21 18:07:05] [DEBUG] Screen::updateAreaE() [iframe起動版] path: \Develop\Views\AreaE\Area_E_clear.view start...
[2026-07-21 18:07:05] [DEBUG] Screen::getContents() start...
[2026-07-21 18:07:05] [DEBUG] Screen::getContents() finish.
[2026-07-21 18:07:05] [DEBUG] Screen::updateAreaE() finish.
[2026-07-21 18:07:05] [DEBUG] ProjectController::projectSelectAction() finish.
[2026-07-21 18:07:05] [DEBUG] Screen::areaView() start...
[2026-07-21 18:07:05] [DEBUG] Screen::areaView() finish.
[2026-07-21 18:07:06] [DEBUG] --- wwProject System Start ---
[2026-07-21 18:07:06] [DEBUG] Router::Router() /jemini/wwProjectV1.50/Develop/Console/ServerBridgeAction/
[2026-07-21 18:07:06] [DEBUG] Attempting to load: \Develop\Controllers\ConsoleController::ServerBridgeAction
[2026-07-21 18:07:06] [DEBUG] Router: Executing \Develop\Controllers\ConsoleController->ServerBridgeAction
[2026-07-21 18:07:06] [DEBUG] ConsoleController::ServerBridge() start...
[2026-07-21 18:07:06] [DEBUG] ConsoleController::ServerBridge() \Develop\Controllers\PartsDefinitionController::InitialAction()
[2026-07-21 18:07:06] [DEBUG] DBDefinitionController::initialAction() start...
[2026-07-21 18:07:06] [DEBUG] PartsDefinitionController::initialAction() projectId : PRJ-D45FEF
[2026-07-21 18:07:06] [DEBUG] PartsDefinitionModel::getAllPartsList() start... Project ID: PRJ-D45FEF
[2026-07-21 18:07:06] [DEBUG] Screen::updateAreaD() path: \Develop\Views\AreaD\PartsDefinition\PartsDefinitionList.view start...
[2026-07-21 18:07:06] [DEBUG] Screen::getContents() start...
[2026-07-21 18:07:06] [DEBUG] Screen::getContents() finish.
[2026-07-21 18:07:06] [DEBUG] Screen::updateAreaD() finish.
[2026-07-21 18:07:06] [DEBUG] Screen::updateAreaE() [iframe起動版] path: \Develop\Views\AreaE\Area_E_clear.view start...
[2026-07-21 18:07:06] [DEBUG] Screen::getContents() start...
[2026-07-21 18:07:06] [DEBUG] Screen::getContents() finish.
[2026-07-21 18:07:06] [DEBUG] Screen::updateAreaE() finish.
[2026-07-21 18:07:06] [DEBUG] DBDefinitionController::initialAction() end.
[2026-07-21 18:07:06] [DEBUG] Screen::areaView() start...
[2026-07-21 18:07:06] [DEBUG] Screen::areaView() finish.
[2026-07-21 18:07:08] [DEBUG] --- wwProject System Start ---
[2026-07-21 18:07:08] [DEBUG] Router::Router() /jemini/wwProjectV1.50/Develop/Console/ServerBridgeAction/
[2026-07-21 18:07:08] [DEBUG] Attempting to load: \Develop\Controllers\ConsoleController::ServerBridgeAction
[2026-07-21 18:07:08] [DEBUG] Router: Executing \Develop\Controllers\ConsoleController->ServerBridgeAction
[2026-07-21 18:07:08] [DEBUG] ConsoleController::ServerBridge() start...
[2026-07-21 18:07:08] [DEBUG] ConsoleController::ServerBridge() \Develop\Controllers\PartsDefinitionController::editPartsAction()
[2026-07-21 18:07:08] [DEBUG] PartsDefinitionController::editPartsAction() start...
[2026-07-21 18:07:08] [DEBUG] PartsDefinitionModel::getAllPartsList() start... Project ID: PRJ-D45FEF
[2026-07-21 18:07:08] [DEBUG] PartsDefinitionModel::getColumnsByTableId() start... Input: newDevelopers
[2026-07-21 18:07:08] [DEBUG] 逆引き成功: 物理名 newDevelopers -> table_id : 12
[2026-07-21 18:07:08] [DEBUG] PartsDefinitionModel::getColumnsByTableId() finish. 件数: 9
[2026-07-21 18:07:08] [DEBUG] PartsDefinitionModel::getTableStructure() start... Project ID: PRJ-D45FEF
[2026-07-21 18:07:08] [DEBUG] Screen::updateAreaE() [iframe起動版] path: \Develop\Views\AreaE\PartsDefinition\RegistParts.view start...
[2026-07-21 18:07:08] [DEBUG] Screen::getContents() start...
[2026-07-21 18:07:08] [DEBUG] Screen::getContents() finish.
[2026-07-21 18:07:08] [DEBUG] Screen::updateAreaE() finish.
[2026-07-21 18:07:08] [DEBUG] PartsDefinitionController::editPartsAction() end.
[2026-07-21 18:07:08] [DEBUG] Screen::areaView() start...
[2026-07-21 18:07:08] [DEBUG] Screen::areaView() finish.
[2026-07-21 18:09:41] [DEBUG] --- wwProject System Start ---
[2026-07-21 18:09:41] [DEBUG] Router::Router() /jemini/wwProjectV1.50/Develop/Console/initial/
[2026-07-21 18:09:41] [DEBUG] Attempting to load: \Develop\Controllers\ConsoleController::initialAction
[2026-07-21 18:09:41] [DEBUG] Router: Executing \Develop\Controllers\ConsoleController->initialAction
[2026-07-21 18:09:41] [DEBUG] Console::initialAction() start...
[2026-07-21 18:09:41] [DEBUG] Screen::view() path: \Develop\Views\Console\Console.view start...
[2026-07-21 18:09:41] [DEBUG] Screen::getContents() start...
[2026-07-21 18:09:41] [DEBUG] Screen::getContents() finish.
[2026-07-21 18:09:41] [DEBUG] Screen::view() path: \Develop\Views\Console\Console.view finish.
[2026-07-21 18:09:41] [DEBUG] ConsoleController::initialAction() finish.
[2026-07-21 18:09:41] [DEBUG] --- wwProject System Start ---
[2026-07-21 18:09:41] [DEBUG] Router::Router() /jemini/wwProjectV1.50/Develop/Console/ServerBridgeAction/
[2026-07-21 18:09:41] [DEBUG] Attempting to load: \Develop\Controllers\ConsoleController::ServerBridgeAction
[2026-07-21 18:09:41] [DEBUG] Router: Executing \Develop\Controllers\ConsoleController->ServerBridgeAction
[2026-07-21 18:09:41] [DEBUG] ConsoleController::ServerBridge() start...
[2026-07-21 18:09:41] [DEBUG] ConsoleController::ServerBridge() \Develop\Controllers\ConsoleController::areaInitialAction()
[2026-07-21 18:09:41] [DEBUG] ConsoleController::AreaInitialAction() start...
[2026-07-21 18:09:41] [DEBUG] Screen::updateAreaA() path: \Develop\Views\AreaA\Area_A.view start...
[2026-07-21 18:09:41] [DEBUG] Screen::areaView() sending JSON: ["areas"]
[2026-07-21 18:09:41] [DEBUG] Screen::getContents() start...
[2026-07-21 18:09:41] [DEBUG] Screen::getContents() finish.
[2026-07-21 18:09:41] [DEBUG] Screen::updateAreaA() finish.
[2026-07-21 18:09:41] [DEBUG] Screen::updateAreaB() path: \Develop\Views\AreaB\Area_B.view start...
[2026-07-21 18:09:41] [DEBUG] Screen::getContents() start...
[2026-07-21 18:09:41] [DEBUG] Screen::getContents() finish.
[2026-07-21 18:09:41] [DEBUG] Screen::updateAreaB() finish.
[2026-07-21 18:09:41] [DEBUG] Screen::updateAreaD() path: \Develop\Views\AreaD\Area_D_clear.view start...
[2026-07-21 18:09:41] [DEBUG] Screen::getContents() start...
[2026-07-21 18:09:41] [DEBUG] Screen::getContents() finish.
[2026-07-21 18:09:41] [DEBUG] Screen::updateAreaD() finish.
[2026-07-21 18:09:41] [DEBUG] Screen::updateAreaE() [iframe起動版] path: \Develop\Views\AreaE\Area_E_clear.view start...
[2026-07-21 18:09:41] [DEBUG] Screen::getContents() start...
[2026-07-21 18:09:41] [DEBUG] Screen::getContents() finish.
[2026-07-21 18:09:41] [DEBUG] Screen::updateAreaE() finish.
[2026-07-21 18:09:41] [DEBUG] Screen::updateAreaF() path: \Develop\Views\AreaF\Area_F.view start...
[2026-07-21 18:09:41] [DEBUG] Screen::getContents() start...
[2026-07-21 18:09:41] [DEBUG] Screen::getContents() finish.
[2026-07-21 18:09:41] [DEBUG] Screen::updateAreaF() finish.
[2026-07-21 18:09:41] [DEBUG] ProjectController::startProjectNabi() start...
[2026-07-21 18:09:41] [DEBUG] ProjectController::getProjectListHtml() start...
[2026-07-21 18:09:41] [DEBUG] ProjectModel::getProjectList() start...
[2026-07-21 18:09:41] [DEBUG] ProjectModel::getProjectList() finish.
[2026-07-21 18:09:41] [DEBUG] CodeMasterModel：：getCodesByGroup() start...
[2026-07-21 18:09:41] [DEBUG] CodeMasterModel：：getCodesByGroup() finish.
[2026-07-21 18:09:41] [DEBUG] ProjectController::getNaviFooterHtml() start...
[2026-07-21 18:09:41] [DEBUG] ProjectController::getNaviFooterHtml() finish.
[2026-07-21 18:09:41] [DEBUG] ProjectController::startProjectNabi() finish.
[2026-07-21 18:09:41] [DEBUG] Screen::updateAreaC() \Develop\Views\AreaC\Area_C.view start...
[2026-07-21 18:09:41] [DEBUG] Screen::getContents() start...
[2026-07-21 18:09:41] [DEBUG] Screen::getContents() finish.
[2026-07-21 18:09:41] [DEBUG] Screen::updateAreaC() finish.
[2026-07-21 18:09:41] [DEBUG] ConsoleController::AreaInitialAction() finish.
[2026-07-21 18:09:41] [DEBUG] Screen::areaView() start...
[2026-07-21 18:09:41] [DEBUG] Screen::areaView() finish.
[2026-07-21 18:09:43] [DEBUG] --- wwProject System Start ---
[2026-07-21 18:09:43] [DEBUG] Router::Router() /jemini/wwProjectV1.50/Develop/Console/ServerBridgeAction/
[2026-07-21 18:09:43] [DEBUG] Attempting to load: \Develop\Controllers\ConsoleController::ServerBridgeAction
[2026-07-21 18:09:43] [DEBUG] Router: Executing \Develop\Controllers\ConsoleController->ServerBridgeAction
[2026-07-21 18:09:43] [DEBUG] ConsoleController::ServerBridge() start...
[2026-07-21 18:09:43] [DEBUG] ConsoleController::ServerBridge() \Develop\Controllers\PartsDefinitionController::InitialAction()
[2026-07-21 18:09:43] [DEBUG] DBDefinitionController::initialAction() start...
[2026-07-21 18:09:43] [DEBUG] PartsDefinitionController::initialAction() projectId : PRJ-D45FEF
[2026-07-21 18:09:43] [DEBUG] PartsDefinitionModel::getAllPartsList() start... Project ID: PRJ-D45FEF
[2026-07-21 18:09:43] [DEBUG] Screen::updateAreaD() path: \Develop\Views\AreaD\PartsDefinition\PartsDefinitionList.view start...
[2026-07-21 18:09:43] [DEBUG] Screen::getContents() start...
[2026-07-21 18:09:43] [DEBUG] Screen::getContents() finish.
[2026-07-21 18:09:43] [DEBUG] Screen::updateAreaD() finish.
[2026-07-21 18:09:43] [DEBUG] Screen::updateAreaE() [iframe起動版] path: \Develop\Views\AreaE\Area_E_clear.view start...
[2026-07-21 18:09:43] [DEBUG] Screen::getContents() start...
[2026-07-21 18:09:43] [DEBUG] Screen::getContents() finish.
[2026-07-21 18:09:43] [DEBUG] Screen::updateAreaE() finish.
[2026-07-21 18:09:43] [DEBUG] DBDefinitionController::initialAction() end.
[2026-07-21 18:09:43] [DEBUG] Screen::areaView() start...
[2026-07-21 18:09:43] [DEBUG] Screen::areaView() finish.
[2026-07-21 18:09:45] [DEBUG] --- wwProject System Start ---
[2026-07-21 18:09:45] [DEBUG] Router::Router() /jemini/wwProjectV1.50/Develop/Console/ServerBridgeAction/
[2026-07-21 18:09:45] [DEBUG] Attempting to load: \Develop\Controllers\ConsoleController::ServerBridgeAction
[2026-07-21 18:09:45] [DEBUG] Router: Executing \Develop\Controllers\ConsoleController->ServerBridgeAction
[2026-07-21 18:09:45] [DEBUG] ConsoleController::ServerBridge() start...
[2026-07-21 18:09:45] [DEBUG] ConsoleController::ServerBridge() \Develop\Controllers\PartsDefinitionController::editPartsAction()
[2026-07-21 18:09:45] [DEBUG] PartsDefinitionController::editPartsAction() start...
[2026-07-21 18:09:45] [DEBUG] PartsDefinitionModel::getAllPartsList() start... Project ID: PRJ-D45FEF
[2026-07-21 18:09:45] [DEBUG] PartsDefinitionModel::getColumnsByTableId() start... Input: newDevelopers
[2026-07-21 18:09:45] [DEBUG] 逆引き成功: 物理名 newDevelopers -> table_id : 12
[2026-07-21 18:09:45] [DEBUG] PartsDefinitionModel::getColumnsByTableId() finish. 件数: 9
[2026-07-21 18:09:45] [DEBUG] PartsDefinitionModel::getTableStructure() start... Project ID: PRJ-D45FEF
[2026-07-21 18:09:45] [DEBUG] Screen::updateAreaE() [iframe起動版] path: \Develop\Views\AreaE\PartsDefinition\RegistParts.view start...
[2026-07-21 18:09:45] [DEBUG] Screen::getContents() start...
[2026-07-21 18:09:45] [DEBUG] Screen::getContents() finish.
[2026-07-21 18:09:45] [DEBUG] Screen::updateAreaE() finish.
[2026-07-21 18:09:45] [DEBUG] PartsDefinitionController::editPartsAction() end.
[2026-07-21 18:09:45] [DEBUG] Screen::areaView() start...
[2026-07-21 18:09:45] [DEBUG] Screen::areaView() finish.
[2026-07-21 18:09:45] [DEBUG] --- wwProject System Start ---
[2026-07-21 18:09:45] [DEBUG] Router::Router() /jemini/wwProjectV1.50/Develop/Console/get_columns.php/
[2026-07-21 18:09:45] [DEBUG] Attempting to load: \Develop\Controllers\ConsoleController::get_columns.phpAction
[2026-07-21 18:11:32] [DEBUG] --- wwProject System Start ---
[2026-07-21 18:11:32] [DEBUG] Router::Router() /jemini/wwProjectV1.50/Develop/Console/initial/
[2026-07-21 18:11:32] [DEBUG] Attempting to load: \Develop\Controllers\ConsoleController::initialAction
[2026-07-21 18:11:32] [DEBUG] Router: Executing \Develop\Controllers\ConsoleController->initialAction
[2026-07-21 18:11:32] [DEBUG] Console::initialAction() start...
[2026-07-21 18:11:32] [DEBUG] Screen::view() path: \Develop\Views\Console\Console.view start...
[2026-07-21 18:11:32] [DEBUG] Screen::getContents() start...
[2026-07-21 18:11:32] [DEBUG] Screen::getContents() finish.
[2026-07-21 18:11:32] [DEBUG] Screen::view() path: \Develop\Views\Console\Console.view finish.
[2026-07-21 18:11:32] [DEBUG] ConsoleController::initialAction() finish.
[2026-07-21 18:11:32] [DEBUG] --- wwProject System Start ---
[2026-07-21 18:11:32] [DEBUG] Router::Router() /jemini/wwProjectV1.50/Develop/Console/ServerBridgeAction/
[2026-07-21 18:11:32] [DEBUG] Attempting to load: \Develop\Controllers\ConsoleController::ServerBridgeAction
[2026-07-21 18:11:32] [DEBUG] Router: Executing \Develop\Controllers\ConsoleController->ServerBridgeAction
[2026-07-21 18:11:32] [DEBUG] ConsoleController::ServerBridge() start...
[2026-07-21 18:11:32] [DEBUG] ConsoleController::ServerBridge() \Develop\Controllers\ConsoleController::areaInitialAction()
[2026-07-21 18:11:32] [DEBUG] ConsoleController::AreaInitialAction() start...
[2026-07-21 18:11:32] [DEBUG] Screen::updateAreaA() path: \Develop\Views\AreaA\Area_A.view start...
[2026-07-21 18:11:32] [DEBUG] Screen::areaView() sending JSON: ["areas"]
[2026-07-21 18:11:32] [DEBUG] Screen::getContents() start...
[2026-07-21 18:11:32] [DEBUG] Screen::getContents() finish.
[2026-07-21 18:11:32] [DEBUG] Screen::updateAreaA() finish.
[2026-07-21 18:11:32] [DEBUG] Screen::updateAreaB() path: \Develop\Views\AreaB\Area_B.view start...
[2026-07-21 18:11:32] [DEBUG] Screen::getContents() start...
[2026-07-21 18:11:32] [DEBUG] Screen::getContents() finish.
[2026-07-21 18:11:32] [DEBUG] Screen::updateAreaB() finish.
[2026-07-21 18:11:32] [DEBUG] Screen::updateAreaD() path: \Develop\Views\AreaD\Area_D_clear.view start...
[2026-07-21 18:11:32] [DEBUG] Screen::getContents() start...
[2026-07-21 18:11:32] [DEBUG] Screen::getContents() finish.
[2026-07-21 18:11:32] [DEBUG] Screen::updateAreaD() finish.
[2026-07-21 18:11:32] [DEBUG] Screen::updateAreaE() [iframe起動版] path: \Develop\Views\AreaE\Area_E_clear.view start...
[2026-07-21 18:11:32] [DEBUG] Screen::getContents() start...
[2026-07-21 18:11:32] [DEBUG] Screen::getContents() finish.
[2026-07-21 18:11:32] [DEBUG] Screen::updateAreaE() finish.
[2026-07-21 18:11:32] [DEBUG] Screen::updateAreaF() path: \Develop\Views\AreaF\Area_F.view start...
[2026-07-21 18:11:32] [DEBUG] Screen::getContents() start...
[2026-07-21 18:11:32] [DEBUG] Screen::getContents() finish.
[2026-07-21 18:11:32] [DEBUG] Screen::updateAreaF() finish.
[2026-07-21 18:11:32] [DEBUG] ProjectController::startProjectNabi() start...
[2026-07-21 18:11:32] [DEBUG] ProjectController::getProjectListHtml() start...
[2026-07-21 18:11:32] [DEBUG] ProjectModel::getProjectList() start...
[2026-07-21 18:11:32] [DEBUG] ProjectModel::getProjectList() finish.
[2026-07-21 18:11:32] [DEBUG] CodeMasterModel：：getCodesByGroup() start...
[2026-07-21 18:11:32] [DEBUG] CodeMasterModel：：getCodesByGroup() finish.
[2026-07-21 18:11:32] [DEBUG] ProjectController::getNaviFooterHtml() start...
[2026-07-21 18:11:32] [DEBUG] ProjectController::getNaviFooterHtml() finish.
[2026-07-21 18:11:32] [DEBUG] ProjectController::startProjectNabi() finish.
[2026-07-21 18:11:32] [DEBUG] Screen::updateAreaC() \Develop\Views\AreaC\Area_C.view start...
[2026-07-21 18:11:32] [DEBUG] Screen::getContents() start...
[2026-07-21 18:11:32] [DEBUG] Screen::getContents() finish.
[2026-07-21 18:11:32] [DEBUG] Screen::updateAreaC() finish.
[2026-07-21 18:11:32] [DEBUG] ConsoleController::AreaInitialAction() finish.
[2026-07-21 18:11:32] [DEBUG] Screen::areaView() start...
[2026-07-21 18:11:32] [DEBUG] Screen::areaView() finish.
[2026-07-21 18:11:34] [DEBUG] --- wwProject System Start ---
[2026-07-21 18:11:34] [DEBUG] Router::Router() /jemini/wwProjectV1.50/Develop/Console/ServerBridgeAction/
[2026-07-21 18:11:34] [DEBUG] Attempting to load: \Develop\Controllers\ConsoleController::ServerBridgeAction
[2026-07-21 18:11:34] [DEBUG] Router: Executing \Develop\Controllers\ConsoleController->ServerBridgeAction
[2026-07-21 18:11:34] [DEBUG] ConsoleController::ServerBridge() start...
[2026-07-21 18:11:34] [DEBUG] ConsoleController::ServerBridge() \Develop\Controllers\PartsDefinitionController::InitialAction()
[2026-07-21 18:11:34] [DEBUG] DBDefinitionController::initialAction() start...
[2026-07-21 18:11:34] [DEBUG] PartsDefinitionController::initialAction() projectId : PRJ-D45FEF
[2026-07-21 18:11:34] [DEBUG] PartsDefinitionModel::getAllPartsList() start... Project ID: PRJ-D45FEF
[2026-07-21 18:11:34] [DEBUG] Screen::updateAreaD() path: \Develop\Views\AreaD\PartsDefinition\PartsDefinitionList.view start...
[2026-07-21 18:11:34] [DEBUG] Screen::getContents() start...
[2026-07-21 18:11:34] [DEBUG] Screen::getContents() finish.
[2026-07-21 18:11:34] [DEBUG] Screen::updateAreaD() finish.
[2026-07-21 18:11:34] [DEBUG] Screen::updateAreaE() [iframe起動版] path: \Develop\Views\AreaE\Area_E_clear.view start...
[2026-07-21 18:11:34] [DEBUG] Screen::getContents() start...
[2026-07-21 18:11:34] [DEBUG] Screen::getContents() finish.
[2026-07-21 18:11:34] [DEBUG] Screen::updateAreaE() finish.
[2026-07-21 18:11:34] [DEBUG] DBDefinitionController::initialAction() end.
[2026-07-21 18:11:34] [DEBUG] Screen::areaView() start...
[2026-07-21 18:11:34] [DEBUG] Screen::areaView() finish.
[2026-07-21 18:11:36] [DEBUG] --- wwProject System Start ---
[2026-07-21 18:11:36] [DEBUG] Router::Router() /jemini/wwProjectV1.50/Develop/Console/ServerBridgeAction/
[2026-07-21 18:11:36] [DEBUG] Attempting to load: \Develop\Controllers\ConsoleController::ServerBridgeAction
[2026-07-21 18:11:36] [DEBUG] Router: Executing \Develop\Controllers\ConsoleController->ServerBridgeAction
[2026-07-21 18:11:36] [DEBUG] ConsoleController::ServerBridge() start...
[2026-07-21 18:11:36] [DEBUG] ConsoleController::ServerBridge() \Develop\Controllers\PartsDefinitionController::editPartsAction()
[2026-07-21 18:11:36] [DEBUG] PartsDefinitionController::editPartsAction() start...
[2026-07-21 18:11:36] [DEBUG] PartsDefinitionModel::getAllPartsList() start... Project ID: PRJ-D45FEF
[2026-07-21 18:11:36] [DEBUG] PartsDefinitionModel::getColumnsByTableId() start... Input: newDevelopers
[2026-07-21 18:11:36] [DEBUG] 逆引き成功: 物理名 newDevelopers -> table_id : 12
[2026-07-21 18:11:36] [DEBUG] PartsDefinitionModel::getColumnsByTableId() finish. 件数: 9
[2026-07-21 18:11:36] [DEBUG] PartsDefinitionModel::getTableStructure() start... Project ID: PRJ-D45FEF
[2026-07-21 18:11:36] [DEBUG] Screen::updateAreaE() [iframe起動版] path: \Develop\Views\AreaE\PartsDefinition\RegistParts.view start...
[2026-07-21 18:11:36] [DEBUG] Screen::getContents() start...
[2026-07-21 18:11:36] [DEBUG] Screen::getContents() finish.
[2026-07-21 18:11:36] [DEBUG] Screen::updateAreaE() finish.
[2026-07-21 18:11:36] [DEBUG] PartsDefinitionController::editPartsAction() end.
[2026-07-21 18:11:36] [DEBUG] Screen::areaView() start...
[2026-07-21 18:11:36] [DEBUG] Screen::areaView() finish.
[2026-07-21 18:11:36] [DEBUG] --- wwProject System Start ---
[2026-07-21 18:11:36] [DEBUG] Router::Router() /jemini/wwProjectV1.50/Develop/Console/get_columns.php/
[2026-07-21 18:11:36] [DEBUG] Attempting to load: \Develop\Controllers\ConsoleController::get_columns.phpAction
[2026-07-21 18:13:23] [DEBUG] --- wwProject System Start ---
[2026-07-21 18:13:23] [DEBUG] Router::Router() /jemini/wwProjectV1.50/Develop/Console/ServerBridgeAction/
[2026-07-21 18:13:23] [DEBUG] Attempting to load: \Develop\Controllers\ConsoleController::ServerBridgeAction
[2026-07-21 18:13:23] [DEBUG] Router: Executing \Develop\Controllers\ConsoleController->ServerBridgeAction
[2026-07-21 18:13:23] [DEBUG] ConsoleController::ServerBridge() start...
[2026-07-21 18:13:23] [DEBUG] ConsoleController::ServerBridge() \Develop\Controllers\PartsDefinitionController::editPartsAction()
[2026-07-21 18:13:23] [DEBUG] PartsDefinitionController::editPartsAction() start...
[2026-07-21 18:13:23] [DEBUG] PartsDefinitionModel::getAllPartsList() start... Project ID: PRJ-D45FEF
[2026-07-21 18:13:23] [DEBUG] PartsDefinitionModel::getColumnsByTableId() start... Input: newDevelopers
[2026-07-21 18:13:23] [DEBUG] 逆引き成功: 物理名 newDevelopers -> table_id : 12
[2026-07-21 18:13:23] [DEBUG] PartsDefinitionModel::getColumnsByTableId() finish. 件数: 9
[2026-07-21 18:13:23] [DEBUG] PartsDefinitionModel::getTableStructure() start... Project ID: PRJ-D45FEF
[2026-07-21 18:13:23] [DEBUG] Screen::updateAreaE() [iframe起動版] path: \Develop\Views\AreaE\PartsDefinition\RegistParts.view start...
[2026-07-21 18:13:23] [DEBUG] Screen::getContents() start...
[2026-07-21 18:13:23] [DEBUG] Screen::getContents() finish.
[2026-07-21 18:13:23] [DEBUG] Screen::updateAreaE() finish.
[2026-07-21 18:13:23] [DEBUG] PartsDefinitionController::editPartsAction() end.
[2026-07-21 18:13:23] [DEBUG] Screen::areaView() start...
[2026-07-21 18:13:23] [DEBUG] Screen::areaView() finish.
[2026-07-21 18:13:23] [DEBUG] --- wwProject System Start ---
[2026-07-21 18:13:23] [DEBUG] Router::Router() /jemini/wwProjectV1.50/Develop/Console/get_columns.php/
[2026-07-21 18:13:23] [DEBUG] Attempting to load: \Develop\Controllers\ConsoleController::get_columns.phpAction
[2026-07-21 18:13:27] [DEBUG] --- wwProject System Start ---
[2026-07-21 18:13:27] [DEBUG] Router::Router() /jemini/wwProjectV1.50/Develop/Console/initial/
[2026-07-21 18:13:27] [DEBUG] Attempting to load: \Develop\Controllers\ConsoleController::initialAction
[2026-07-21 18:13:27] [DEBUG] Router: Executing \Develop\Controllers\ConsoleController->initialAction
[2026-07-21 18:13:27] [DEBUG] Console::initialAction() start...
[2026-07-21 18:13:27] [DEBUG] Screen::view() path: \Develop\Views\Console\Console.view start...
[2026-07-21 18:13:27] [DEBUG] Screen::getContents() start...
[2026-07-21 18:13:27] [DEBUG] Screen::getContents() finish.
[2026-07-21 18:13:27] [DEBUG] Screen::view() path: \Develop\Views\Console\Console.view finish.
[2026-07-21 18:13:27] [DEBUG] ConsoleController::initialAction() finish.
[2026-07-21 18:13:27] [DEBUG] --- wwProject System Start ---
[2026-07-21 18:13:27] [DEBUG] Router::Router() /jemini/wwProjectV1.50/Develop/Console/ServerBridgeAction/
[2026-07-21 18:13:27] [DEBUG] Attempting to load: \Develop\Controllers\ConsoleController::ServerBridgeAction
[2026-07-21 18:13:27] [DEBUG] Router: Executing \Develop\Controllers\ConsoleController->ServerBridgeAction
[2026-07-21 18:13:27] [DEBUG] ConsoleController::ServerBridge() start...
[2026-07-21 18:13:27] [DEBUG] ConsoleController::ServerBridge() \Develop\Controllers\ConsoleController::areaInitialAction()
[2026-07-21 18:13:27] [DEBUG] ConsoleController::AreaInitialAction() start...
[2026-07-21 18:13:27] [DEBUG] Screen::updateAreaA() path: \Develop\Views\AreaA\Area_A.view start...
[2026-07-21 18:13:27] [DEBUG] Screen::areaView() sending JSON: ["areas"]
[2026-07-21 18:13:27] [DEBUG] Screen::getContents() start...
[2026-07-21 18:13:27] [DEBUG] Screen::getContents() finish.
[2026-07-21 18:13:27] [DEBUG] Screen::updateAreaA() finish.
[2026-07-21 18:13:27] [DEBUG] Screen::updateAreaB() path: \Develop\Views\AreaB\Area_B.view start...
[2026-07-21 18:13:27] [DEBUG] Screen::getContents() start...
[2026-07-21 18:13:27] [DEBUG] Screen::getContents() finish.
[2026-07-21 18:13:27] [DEBUG] Screen::updateAreaB() finish.
[2026-07-21 18:13:27] [DEBUG] Screen::updateAreaD() path: \Develop\Views\AreaD\Area_D_clear.view start...
[2026-07-21 18:13:27] [DEBUG] Screen::getContents() start...
[2026-07-21 18:13:27] [DEBUG] Screen::getContents() finish.
[2026-07-21 18:13:27] [DEBUG] Screen::updateAreaD() finish.
[2026-07-21 18:13:27] [DEBUG] Screen::updateAreaE() [iframe起動版] path: \Develop\Views\AreaE\Area_E_clear.view start...
[2026-07-21 18:13:27] [DEBUG] Screen::getContents() start...
[2026-07-21 18:13:27] [DEBUG] Screen::getContents() finish.
[2026-07-21 18:13:27] [DEBUG] Screen::updateAreaE() finish.
[2026-07-21 18:13:27] [DEBUG] Screen::updateAreaF() path: \Develop\Views\AreaF\Area_F.view start...
[2026-07-21 18:13:27] [DEBUG] Screen::getContents() start...
[2026-07-21 18:13:27] [DEBUG] Screen::getContents() finish.
[2026-07-21 18:13:27] [DEBUG] Screen::updateAreaF() finish.
[2026-07-21 18:13:27] [DEBUG] ProjectController::startProjectNabi() start...
[2026-07-21 18:13:27] [DEBUG] ProjectController::getProjectListHtml() start...
[2026-07-21 18:13:27] [DEBUG] ProjectModel::getProjectList() start...
[2026-07-21 18:13:27] [DEBUG] ProjectModel::getProjectList() finish.
[2026-07-21 18:13:27] [DEBUG] CodeMasterModel：：getCodesByGroup() start...
[2026-07-21 18:13:27] [DEBUG] CodeMasterModel：：getCodesByGroup() finish.
[2026-07-21 18:13:27] [DEBUG] ProjectController::getNaviFooterHtml() start...
[2026-07-21 18:13:27] [DEBUG] ProjectController::getNaviFooterHtml() finish.
[2026-07-21 18:13:27] [DEBUG] ProjectController::startProjectNabi() finish.
[2026-07-21 18:13:27] [DEBUG] Screen::updateAreaC() \Develop\Views\AreaC\Area_C.view start...
[2026-07-21 18:13:27] [DEBUG] Screen::getContents() start...
[2026-07-21 18:13:27] [DEBUG] Screen::getContents() finish.
[2026-07-21 18:13:27] [DEBUG] Screen::updateAreaC() finish.
[2026-07-21 18:13:27] [DEBUG] ConsoleController::AreaInitialAction() finish.
[2026-07-21 18:13:27] [DEBUG] Screen::areaView() start...
[2026-07-21 18:13:27] [DEBUG] Screen::areaView() finish.
[2026-07-21 18:13:29] [DEBUG] --- wwProject System Start ---
[2026-07-21 18:13:29] [DEBUG] Router::Router() /jemini/wwProjectV1.50/Develop/Console/ServerBridgeAction/
[2026-07-21 18:13:29] [DEBUG] Attempting to load: \Develop\Controllers\ConsoleController::ServerBridgeAction
[2026-07-21 18:13:29] [DEBUG] Router: Executing \Develop\Controllers\ConsoleController->ServerBridgeAction
[2026-07-21 18:13:29] [DEBUG] ConsoleController::ServerBridge() start...
[2026-07-21 18:13:29] [DEBUG] ConsoleController::ServerBridge() \Develop\Controllers\PartsDefinitionController::InitialAction()
[2026-07-21 18:13:29] [DEBUG] DBDefinitionController::initialAction() start...
[2026-07-21 18:13:29] [DEBUG] PartsDefinitionController::initialAction() projectId : PRJ-D45FEF
[2026-07-21 18:13:29] [DEBUG] PartsDefinitionModel::getAllPartsList() start... Project ID: PRJ-D45FEF
[2026-07-21 18:13:29] [DEBUG] Screen::updateAreaD() path: \Develop\Views\AreaD\PartsDefinition\PartsDefinitionList.view start...
[2026-07-21 18:13:29] [DEBUG] Screen::getContents() start...
[2026-07-21 18:13:29] [DEBUG] Screen::getContents() finish.
[2026-07-21 18:13:29] [DEBUG] Screen::updateAreaD() finish.
[2026-07-21 18:13:29] [DEBUG] Screen::updateAreaE() [iframe起動版] path: \Develop\Views\AreaE\Area_E_clear.view start...
[2026-07-21 18:13:29] [DEBUG] Screen::getContents() start...
[2026-07-21 18:13:29] [DEBUG] Screen::getContents() finish.
[2026-07-21 18:13:29] [DEBUG] Screen::updateAreaE() finish.
[2026-07-21 18:13:29] [DEBUG] DBDefinitionController::initialAction() end.
[2026-07-21 18:13:29] [DEBUG] Screen::areaView() start...
[2026-07-21 18:13:29] [DEBUG] Screen::areaView() finish.
[2026-07-21 18:13:31] [DEBUG] --- wwProject System Start ---
[2026-07-21 18:13:31] [DEBUG] Router::Router() /jemini/wwProjectV1.50/Develop/Console/ServerBridgeAction/
[2026-07-21 18:13:31] [DEBUG] Attempting to load: \Develop\Controllers\ConsoleController::ServerBridgeAction
[2026-07-21 18:13:31] [DEBUG] Router: Executing \Develop\Controllers\ConsoleController->ServerBridgeAction
[2026-07-21 18:13:31] [DEBUG] ConsoleController::ServerBridge() start...
[2026-07-21 18:13:31] [DEBUG] ConsoleController::ServerBridge() \Develop\Controllers\PartsDefinitionController::editPartsAction()
[2026-07-21 18:13:31] [DEBUG] PartsDefinitionController::editPartsAction() start...
[2026-07-21 18:13:31] [DEBUG] PartsDefinitionModel::getAllPartsList() start... Project ID: PRJ-D45FEF
[2026-07-21 18:13:31] [DEBUG] PartsDefinitionModel::getColumnsByTableId() start... Input: newDevelopers
[2026-07-21 18:13:31] [DEBUG] 逆引き成功: 物理名 newDevelopers -> table_id : 12
[2026-07-21 18:13:31] [DEBUG] PartsDefinitionModel::getColumnsByTableId() finish. 件数: 9
[2026-07-21 18:13:31] [DEBUG] PartsDefinitionModel::getTableStructure() start... Project ID: PRJ-D45FEF
[2026-07-21 18:13:31] [DEBUG] Screen::updateAreaE() [iframe起動版] path: \Develop\Views\AreaE\PartsDefinition\RegistParts.view start...
[2026-07-21 18:13:31] [DEBUG] Screen::getContents() start...
[2026-07-21 18:13:31] [DEBUG] Screen::getContents() finish.
[2026-07-21 18:13:31] [DEBUG] Screen::updateAreaE() finish.
[2026-07-21 18:13:31] [DEBUG] PartsDefinitionController::editPartsAction() end.
[2026-07-21 18:13:31] [DEBUG] Screen::areaView() start...
[2026-07-21 18:13:31] [DEBUG] Screen::areaView() finish.
[2026-07-21 18:13:31] [DEBUG] --- wwProject System Start ---
[2026-07-21 18:13:31] [DEBUG] Router::Router() /jemini/wwProjectV1.50/Develop/Console/get_columns.php/
[2026-07-21 18:13:31] [DEBUG] Attempting to load: \Develop\Controllers\ConsoleController::get_columns.phpAction
[2026-07-21 18:14:43] [DEBUG] --- wwProject System Start ---
[2026-07-21 18:14:43] [DEBUG] Router::Router() /jemini/wwProjectV1.50/Develop/Console/initial/
[2026-07-21 18:14:43] [DEBUG] Attempting to load: \Develop\Controllers\ConsoleController::initialAction
[2026-07-21 18:14:43] [DEBUG] Router: Executing \Develop\Controllers\ConsoleController->initialAction
[2026-07-21 18:14:43] [DEBUG] Console::initialAction() start...
[2026-07-21 18:14:43] [DEBUG] Screen::view() path: \Develop\Views\Console\Console.view start...
[2026-07-21 18:14:43] [DEBUG] Screen::getContents() start...
[2026-07-21 18:14:43] [DEBUG] Screen::getContents() finish.
[2026-07-21 18:14:43] [DEBUG] Screen::view() path: \Develop\Views\Console\Console.view finish.
[2026-07-21 18:14:43] [DEBUG] ConsoleController::initialAction() finish.
[2026-07-21 18:14:43] [DEBUG] --- wwProject System Start ---
[2026-07-21 18:14:43] [DEBUG] Router::Router() /jemini/wwProjectV1.50/Develop/Console/ServerBridgeAction/
[2026-07-21 18:14:43] [DEBUG] Attempting to load: \Develop\Controllers\ConsoleController::ServerBridgeAction
[2026-07-21 18:14:43] [DEBUG] Router: Executing \Develop\Controllers\ConsoleController->ServerBridgeAction
[2026-07-21 18:14:43] [DEBUG] ConsoleController::ServerBridge() start...
[2026-07-21 18:14:43] [DEBUG] ConsoleController::ServerBridge() \Develop\Controllers\ConsoleController::areaInitialAction()
[2026-07-21 18:14:43] [DEBUG] ConsoleController::AreaInitialAction() start...
[2026-07-21 18:14:43] [DEBUG] Screen::updateAreaA() path: \Develop\Views\AreaA\Area_A.view start...
[2026-07-21 18:14:43] [DEBUG] Screen::areaView() sending JSON: ["areas"]
[2026-07-21 18:14:43] [DEBUG] Screen::getContents() start...
[2026-07-21 18:14:43] [DEBUG] Screen::getContents() finish.
[2026-07-21 18:14:43] [DEBUG] Screen::updateAreaA() finish.
[2026-07-21 18:14:43] [DEBUG] Screen::updateAreaB() path: \Develop\Views\AreaB\Area_B.view start...
[2026-07-21 18:14:43] [DEBUG] Screen::getContents() start...
[2026-07-21 18:14:43] [DEBUG] Screen::getContents() finish.
[2026-07-21 18:14:43] [DEBUG] Screen::updateAreaB() finish.
[2026-07-21 18:14:43] [DEBUG] Screen::updateAreaD() path: \Develop\Views\AreaD\Area_D_clear.view start...
[2026-07-21 18:14:43] [DEBUG] Screen::getContents() start...
[2026-07-21 18:14:43] [DEBUG] Screen::getContents() finish.
[2026-07-21 18:14:43] [DEBUG] Screen::updateAreaD() finish.
[2026-07-21 18:14:43] [DEBUG] Screen::updateAreaE() [iframe起動版] path: \Develop\Views\AreaE\Area_E_clear.view start...
[2026-07-21 18:14:43] [DEBUG] Screen::getContents() start...
[2026-07-21 18:14:43] [DEBUG] Screen::getContents() finish.
[2026-07-21 18:14:43] [DEBUG] Screen::updateAreaE() finish.
[2026-07-21 18:14:43] [DEBUG] Screen::updateAreaF() path: \Develop\Views\AreaF\Area_F.view start...
[2026-07-21 18:14:43] [DEBUG] Screen::getContents() start...
[2026-07-21 18:14:43] [DEBUG] Screen::getContents() finish.
[2026-07-21 18:14:43] [DEBUG] Screen::updateAreaF() finish.
[2026-07-21 18:14:43] [DEBUG] ProjectController::startProjectNabi() start...
[2026-07-21 18:14:43] [DEBUG] ProjectController::getProjectListHtml() start...
[2026-07-21 18:14:43] [DEBUG] ProjectModel::getProjectList() start...
[2026-07-21 18:14:43] [DEBUG] ProjectModel::getProjectList() finish.
[2026-07-21 18:14:43] [DEBUG] CodeMasterModel：：getCodesByGroup() start...
[2026-07-21 18:14:43] [DEBUG] CodeMasterModel：：getCodesByGroup() finish.
[2026-07-21 18:14:43] [DEBUG] ProjectController::getNaviFooterHtml() start...
[2026-07-21 18:14:43] [DEBUG] ProjectController::getNaviFooterHtml() finish.
[2026-07-21 18:14:43] [DEBUG] ProjectController::startProjectNabi() finish.
[2026-07-21 18:14:43] [DEBUG] Screen::updateAreaC() \Develop\Views\AreaC\Area_C.view start...
[2026-07-21 18:14:43] [DEBUG] Screen::getContents() start...
[2026-07-21 18:14:43] [DEBUG] Screen::getContents() finish.
[2026-07-21 18:14:43] [DEBUG] Screen::updateAreaC() finish.
[2026-07-21 18:14:43] [DEBUG] ConsoleController::AreaInitialAction() finish.
[2026-07-21 18:14:43] [DEBUG] Screen::areaView() start...
[2026-07-21 18:14:43] [DEBUG] Screen::areaView() finish.
[2026-07-21 18:14:45] [DEBUG] --- wwProject System Start ---
[2026-07-21 18:14:45] [DEBUG] Router::Router() /jemini/wwProjectV1.50/Develop/Console/ServerBridgeAction/
[2026-07-21 18:14:45] [DEBUG] Attempting to load: \Develop\Controllers\ConsoleController::ServerBridgeAction
[2026-07-21 18:14:45] [DEBUG] Router: Executing \Develop\Controllers\ConsoleController->ServerBridgeAction
[2026-07-21 18:14:45] [DEBUG] ConsoleController::ServerBridge() start...
[2026-07-21 18:14:45] [DEBUG] ConsoleController::ServerBridge() \Develop\Controllers\PartsDefinitionController::InitialAction()
[2026-07-21 18:14:45] [DEBUG] DBDefinitionController::initialAction() start...
[2026-07-21 18:14:45] [DEBUG] PartsDefinitionController::initialAction() projectId : PRJ-D45FEF
[2026-07-21 18:14:45] [DEBUG] PartsDefinitionModel::getAllPartsList() start... Project ID: PRJ-D45FEF
[2026-07-21 18:14:45] [DEBUG] Screen::updateAreaD() path: \Develop\Views\AreaD\PartsDefinition\PartsDefinitionList.view start...
[2026-07-21 18:14:45] [DEBUG] Screen::getContents() start...
[2026-07-21 18:14:45] [DEBUG] Screen::getContents() finish.
[2026-07-21 18:14:45] [DEBUG] Screen::updateAreaD() finish.
[2026-07-21 18:14:45] [DEBUG] Screen::updateAreaE() [iframe起動版] path: \Develop\Views\AreaE\Area_E_clear.view start...
[2026-07-21 18:14:45] [DEBUG] Screen::getContents() start...
[2026-07-21 18:14:45] [DEBUG] Screen::getContents() finish.
[2026-07-21 18:14:45] [DEBUG] Screen::updateAreaE() finish.
[2026-07-21 18:14:45] [DEBUG] DBDefinitionController::initialAction() end.
[2026-07-21 18:14:45] [DEBUG] Screen::areaView() start...
[2026-07-21 18:14:45] [DEBUG] Screen::areaView() finish.
[2026-07-21 18:14:46] [DEBUG] --- wwProject System Start ---
[2026-07-21 18:14:46] [DEBUG] Router::Router() /jemini/wwProjectV1.50/Develop/Console/ServerBridgeAction/
[2026-07-21 18:14:46] [DEBUG] Attempting to load: \Develop\Controllers\ConsoleController::ServerBridgeAction
[2026-07-21 18:14:46] [DEBUG] Router: Executing \Develop\Controllers\ConsoleController->ServerBridgeAction
[2026-07-21 18:14:46] [DEBUG] ConsoleController::ServerBridge() start...
[2026-07-21 18:14:46] [DEBUG] ConsoleController::ServerBridge() \Develop\Controllers\PartsDefinitionController::editPartsAction()
[2026-07-21 18:14:46] [DEBUG] PartsDefinitionController::editPartsAction() start...
[2026-07-21 18:14:46] [DEBUG] PartsDefinitionModel::getAllPartsList() start... Project ID: PRJ-D45FEF
[2026-07-21 18:14:46] [DEBUG] PartsDefinitionModel::getColumnsByTableId() start... Input: newDevelopers
[2026-07-21 18:14:46] [DEBUG] 逆引き成功: 物理名 newDevelopers -> table_id : 12
[2026-07-21 18:14:46] [DEBUG] PartsDefinitionModel::getColumnsByTableId() finish. 件数: 9
[2026-07-21 18:14:46] [DEBUG] PartsDefinitionModel::getTableStructure() start... Project ID: PRJ-D45FEF
[2026-07-21 18:14:46] [DEBUG] Screen::updateAreaE() [iframe起動版] path: \Develop\Views\AreaE\PartsDefinition\RegistParts.view start...
[2026-07-21 18:14:46] [DEBUG] Screen::getContents() start...
[2026-07-21 18:14:46] [DEBUG] Screen::getContents() finish.
[2026-07-21 18:14:46] [DEBUG] Screen::updateAreaE() finish.
[2026-07-21 18:14:46] [DEBUG] PartsDefinitionController::editPartsAction() end.
[2026-07-21 18:14:46] [DEBUG] Screen::areaView() start...
[2026-07-21 18:14:46] [DEBUG] Screen::areaView() finish.
[2026-07-21 18:14:46] [DEBUG] --- wwProject System Start ---
[2026-07-21 18:14:46] [DEBUG] Router::Router() /jemini/wwProjectV1.50/Develop/Console/get_columns.php/
[2026-07-21 18:14:46] [DEBUG] Attempting to load: \Develop\Controllers\ConsoleController::get_columns.phpAction
[2026-07-21 18:22:27] [DEBUG] --- wwProject System Start ---
[2026-07-21 18:22:27] [DEBUG] Router::Router() /jemini/wwProjectV1.50/Develop/Console/initial/
[2026-07-21 18:22:27] [DEBUG] Attempting to load: \Develop\Controllers\ConsoleController::initialAction
[2026-07-21 18:22:27] [DEBUG] Router: Executing \Develop\Controllers\ConsoleController->initialAction
[2026-07-21 18:22:27] [DEBUG] Console::initialAction() start...
[2026-07-21 18:22:27] [DEBUG] Screen::view() path: \Develop\Views\Console\Console.view start...
[2026-07-21 18:22:27] [DEBUG] Screen::getContents() start...
[2026-07-21 18:22:27] [DEBUG] Screen::getContents() finish.
[2026-07-21 18:22:27] [DEBUG] Screen::view() path: \Develop\Views\Console\Console.view finish.
[2026-07-21 18:22:27] [DEBUG] ConsoleController::initialAction() finish.
[2026-07-21 18:22:27] [DEBUG] --- wwProject System Start ---
[2026-07-21 18:22:27] [DEBUG] Router::Router() /jemini/wwProjectV1.50/Develop/Console/ServerBridgeAction/
[2026-07-21 18:22:27] [DEBUG] Attempting to load: \Develop\Controllers\ConsoleController::ServerBridgeAction
[2026-07-21 18:22:27] [DEBUG] Router: Executing \Develop\Controllers\ConsoleController->ServerBridgeAction
[2026-07-21 18:22:27] [DEBUG] ConsoleController::ServerBridge() start...
[2026-07-21 18:22:27] [DEBUG] ConsoleController::ServerBridge() \Develop\Controllers\ConsoleController::areaInitialAction()
[2026-07-21 18:22:27] [DEBUG] ConsoleController::AreaInitialAction() start...
[2026-07-21 18:22:27] [DEBUG] Screen::updateAreaA() path: \Develop\Views\AreaA\Area_A.view start...
[2026-07-21 18:22:27] [DEBUG] Screen::areaView() sending JSON: ["areas"]
[2026-07-21 18:22:27] [DEBUG] Screen::getContents() start...
[2026-07-21 18:22:27] [DEBUG] Screen::getContents() finish.
[2026-07-21 18:22:27] [DEBUG] Screen::updateAreaA() finish.
[2026-07-21 18:22:27] [DEBUG] Screen::updateAreaB() path: \Develop\Views\AreaB\Area_B.view start...
[2026-07-21 18:22:27] [DEBUG] Screen::getContents() start...
[2026-07-21 18:22:27] [DEBUG] Screen::getContents() finish.
[2026-07-21 18:22:27] [DEBUG] Screen::updateAreaB() finish.
[2026-07-21 18:22:27] [DEBUG] Screen::updateAreaD() path: \Develop\Views\AreaD\Area_D_clear.view start...
[2026-07-21 18:22:27] [DEBUG] Screen::getContents() start...
[2026-07-21 18:22:27] [DEBUG] Screen::getContents() finish.
[2026-07-21 18:22:27] [DEBUG] Screen::updateAreaD() finish.
[2026-07-21 18:22:27] [DEBUG] Screen::updateAreaE() [iframe起動版] path: \Develop\Views\AreaE\Area_E_clear.view start...
[2026-07-21 18:22:27] [DEBUG] Screen::getContents() start...
[2026-07-21 18:22:27] [DEBUG] Screen::getContents() finish.
[2026-07-21 18:22:27] [DEBUG] Screen::updateAreaE() finish.
[2026-07-21 18:22:27] [DEBUG] Screen::updateAreaF() path: \Develop\Views\AreaF\Area_F.view start...
[2026-07-21 18:22:27] [DEBUG] Screen::getContents() start...
[2026-07-21 18:22:27] [DEBUG] Screen::getContents() finish.
[2026-07-21 18:22:27] [DEBUG] Screen::updateAreaF() finish.
[2026-07-21 18:22:27] [DEBUG] ProjectController::startProjectNabi() start...
[2026-07-21 18:22:27] [DEBUG] ProjectController::getProjectListHtml() start...
[2026-07-21 18:22:27] [DEBUG] ProjectModel::getProjectList() start...
[2026-07-21 18:22:27] [DEBUG] ProjectModel::getProjectList() finish.
[2026-07-21 18:22:27] [DEBUG] CodeMasterModel：：getCodesByGroup() start...
[2026-07-21 18:22:27] [DEBUG] CodeMasterModel：：getCodesByGroup() finish.
[2026-07-21 18:22:27] [DEBUG] ProjectController::getNaviFooterHtml() start...
[2026-07-21 18:22:27] [DEBUG] ProjectController::getNaviFooterHtml() finish.
[2026-07-21 18:22:27] [DEBUG] ProjectController::startProjectNabi() finish.
[2026-07-21 18:22:27] [DEBUG] Screen::updateAreaC() \Develop\Views\AreaC\Area_C.view start...
[2026-07-21 18:22:27] [DEBUG] Screen::getContents() start...
[2026-07-21 18:22:27] [DEBUG] Screen::getContents() finish.
[2026-07-21 18:22:27] [DEBUG] Screen::updateAreaC() finish.
[2026-07-21 18:22:27] [DEBUG] ConsoleController::AreaInitialAction() finish.
[2026-07-21 18:22:27] [DEBUG] Screen::areaView() start...
[2026-07-21 18:22:27] [DEBUG] Screen::areaView() finish.
[2026-07-21 18:22:28] [DEBUG] --- wwProject System Start ---
[2026-07-21 18:22:28] [DEBUG] Router::Router() /jemini/wwProjectV1.50/Develop/Console/ServerBridgeAction/
[2026-07-21 18:22:28] [DEBUG] Attempting to load: \Develop\Controllers\ConsoleController::ServerBridgeAction
[2026-07-21 18:22:28] [DEBUG] Router: Executing \Develop\Controllers\ConsoleController->ServerBridgeAction
[2026-07-21 18:22:28] [DEBUG] ConsoleController::ServerBridge() start...
[2026-07-21 18:22:28] [DEBUG] ConsoleController::ServerBridge() \Develop\Controllers\PartsDefinitionController::InitialAction()
[2026-07-21 18:22:28] [DEBUG] DBDefinitionController::initialAction() start...
[2026-07-21 18:22:28] [DEBUG] PartsDefinitionController::initialAction() projectId : PRJ-D45FEF
[2026-07-21 18:22:28] [DEBUG] PartsDefinitionModel::getAllPartsList() start... Project ID: PRJ-D45FEF
[2026-07-21 18:22:28] [DEBUG] Screen::updateAreaD() path: \Develop\Views\AreaD\PartsDefinition\PartsDefinitionList.view start...
[2026-07-21 18:22:28] [DEBUG] Screen::getContents() start...
[2026-07-21 18:22:28] [DEBUG] Screen::getContents() finish.
[2026-07-21 18:22:28] [DEBUG] Screen::updateAreaD() finish.
[2026-07-21 18:22:28] [DEBUG] Screen::updateAreaE() [iframe起動版] path: \Develop\Views\AreaE\Area_E_clear.view start...
[2026-07-21 18:22:28] [DEBUG] Screen::getContents() start...
[2026-07-21 18:22:28] [DEBUG] Screen::getContents() finish.
[2026-07-21 18:22:28] [DEBUG] Screen::updateAreaE() finish.
[2026-07-21 18:22:28] [DEBUG] DBDefinitionController::initialAction() end.
[2026-07-21 18:22:28] [DEBUG] Screen::areaView() start...
[2026-07-21 18:22:28] [DEBUG] Screen::areaView() finish.
[2026-07-21 18:22:30] [DEBUG] --- wwProject System Start ---
[2026-07-21 18:22:30] [DEBUG] Router::Router() /jemini/wwProjectV1.50/Develop/Console/ServerBridgeAction/
[2026-07-21 18:22:30] [DEBUG] Attempting to load: \Develop\Controllers\ConsoleController::ServerBridgeAction
[2026-07-21 18:22:30] [DEBUG] Router: Executing \Develop\Controllers\ConsoleController->ServerBridgeAction
[2026-07-21 18:22:30] [DEBUG] ConsoleController::ServerBridge() start...
[2026-07-21 18:22:30] [DEBUG] ConsoleController::ServerBridge() \Develop\Controllers\PartsDefinitionController::editPartsAction()
[2026-07-21 18:22:30] [DEBUG] PartsDefinitionController::editPartsAction() start...
[2026-07-21 18:22:30] [DEBUG] PartsDefinitionModel::getAllPartsList() start... Project ID: PRJ-D45FEF
[2026-07-21 18:22:30] [DEBUG] PartsDefinitionModel::getColumnsByTableId() start... Input: newDevelopers
[2026-07-21 18:22:30] [DEBUG] 逆引き成功: 物理名 newDevelopers -> table_id : 12
[2026-07-21 18:22:30] [DEBUG] PartsDefinitionModel::getColumnsByTableId() finish. 件数: 9
[2026-07-21 18:22:30] [DEBUG] PartsDefinitionModel::getTableStructure() start... Project ID: PRJ-D45FEF
[2026-07-21 18:22:30] [DEBUG] Screen::updateAreaE() [iframe起動版] path: \Develop\Views\AreaE\PartsDefinition\RegistParts.view start...
[2026-07-21 18:22:30] [DEBUG] Screen::getContents() start...
[2026-07-21 18:22:30] [DEBUG] Screen::getContents() finish.
[2026-07-21 18:22:30] [DEBUG] Screen::updateAreaE() finish.
[2026-07-21 18:22:30] [DEBUG] PartsDefinitionController::editPartsAction() end.
[2026-07-21 18:22:30] [DEBUG] Screen::areaView() start...
[2026-07-21 18:22:30] [DEBUG] Screen::areaView() finish.
[2026-07-21 18:22:30] [DEBUG] --- wwProject System Start ---
[2026-07-21 18:22:30] [DEBUG] Router::Router() /jemini/wwProjectV1.50/Develop/Console/get_columns.php/
[2026-07-21 18:22:30] [DEBUG] Attempting to load: \Develop\Controllers\ConsoleController::get_columns.phpAction
[2026-07-21 18:25:14] [DEBUG] --- wwProject System Start ---
[2026-07-21 18:25:14] [DEBUG] Router::Router() /jemini/wwProjectV1.50/Develop/Console/initial/
[2026-07-21 18:25:14] [DEBUG] Attempting to load: \Develop\Controllers\ConsoleController::initialAction
[2026-07-21 18:25:14] [DEBUG] Router: Executing \Develop\Controllers\ConsoleController->initialAction
[2026-07-21 18:25:14] [DEBUG] Console::initialAction() start...
[2026-07-21 18:25:14] [DEBUG] Screen::view() path: \Develop\Views\Console\Console.view start...
[2026-07-21 18:25:14] [DEBUG] Screen::getContents() start...
[2026-07-21 18:25:14] [DEBUG] Screen::getContents() finish.
[2026-07-21 18:25:14] [DEBUG] Screen::view() path: \Develop\Views\Console\Console.view finish.
[2026-07-21 18:25:14] [DEBUG] ConsoleController::initialAction() finish.
[2026-07-21 18:25:14] [DEBUG] --- wwProject System Start ---
[2026-07-21 18:25:14] [DEBUG] Router::Router() /jemini/wwProjectV1.50/Develop/Console/ServerBridgeAction/
[2026-07-21 18:25:14] [DEBUG] Attempting to load: \Develop\Controllers\ConsoleController::ServerBridgeAction
[2026-07-21 18:25:14] [DEBUG] Router: Executing \Develop\Controllers\ConsoleController->ServerBridgeAction
[2026-07-21 18:25:14] [DEBUG] ConsoleController::ServerBridge() start...
[2026-07-21 18:25:14] [DEBUG] ConsoleController::ServerBridge() \Develop\Controllers\ConsoleController::areaInitialAction()
[2026-07-21 18:25:14] [DEBUG] ConsoleController::AreaInitialAction() start...
[2026-07-21 18:25:14] [DEBUG] Screen::updateAreaA() path: \Develop\Views\AreaA\Area_A.view start...
[2026-07-21 18:25:14] [DEBUG] Screen::areaView() sending JSON: ["areas"]
[2026-07-21 18:25:14] [DEBUG] Screen::getContents() start...
[2026-07-21 18:25:14] [DEBUG] Screen::getContents() finish.
[2026-07-21 18:25:14] [DEBUG] Screen::updateAreaA() finish.
[2026-07-21 18:25:14] [DEBUG] Screen::updateAreaB() path: \Develop\Views\AreaB\Area_B.view start...
[2026-07-21 18:25:14] [DEBUG] Screen::getContents() start...
[2026-07-21 18:25:14] [DEBUG] Screen::getContents() finish.
[2026-07-21 18:25:14] [DEBUG] Screen::updateAreaB() finish.
[2026-07-21 18:25:14] [DEBUG] Screen::updateAreaD() path: \Develop\Views\AreaD\Area_D_clear.view start...
[2026-07-21 18:25:14] [DEBUG] Screen::getContents() start...
[2026-07-21 18:25:14] [DEBUG] Screen::getContents() finish.
[2026-07-21 18:25:14] [DEBUG] Screen::updateAreaD() finish.
[2026-07-21 18:25:14] [DEBUG] Screen::updateAreaE() [iframe起動版] path: \Develop\Views\AreaE\Area_E_clear.view start...
[2026-07-21 18:25:14] [DEBUG] Screen::getContents() start...
[2026-07-21 18:25:14] [DEBUG] Screen::getContents() finish.
[2026-07-21 18:25:14] [DEBUG] Screen::updateAreaE() finish.
[2026-07-21 18:25:14] [DEBUG] Screen::updateAreaF() path: \Develop\Views\AreaF\Area_F.view start...
[2026-07-21 18:25:14] [DEBUG] Screen::getContents() start...
[2026-07-21 18:25:14] [DEBUG] Screen::getContents() finish.
[2026-07-21 18:25:14] [DEBUG] Screen::updateAreaF() finish.
[2026-07-21 18:25:14] [DEBUG] ProjectController::startProjectNabi() start...
[2026-07-21 18:25:14] [DEBUG] ProjectController::getProjectListHtml() start...
[2026-07-21 18:25:14] [DEBUG] ProjectModel::getProjectList() start...
[2026-07-21 18:25:14] [DEBUG] ProjectModel::getProjectList() finish.
[2026-07-21 18:25:14] [DEBUG] CodeMasterModel：：getCodesByGroup() start...
[2026-07-21 18:25:14] [DEBUG] CodeMasterModel：：getCodesByGroup() finish.
[2026-07-21 18:25:14] [DEBUG] ProjectController::getNaviFooterHtml() start...
[2026-07-21 18:25:14] [DEBUG] ProjectController::getNaviFooterHtml() finish.
[2026-07-21 18:25:14] [DEBUG] ProjectController::startProjectNabi() finish.
[2026-07-21 18:25:14] [DEBUG] Screen::updateAreaC() \Develop\Views\AreaC\Area_C.view start...
[2026-07-21 18:25:14] [DEBUG] Screen::getContents() start...
[2026-07-21 18:25:14] [DEBUG] Screen::getContents() finish.
[2026-07-21 18:25:14] [DEBUG] Screen::updateAreaC() finish.
[2026-07-21 18:25:14] [DEBUG] ConsoleController::AreaInitialAction() finish.
[2026-07-21 18:25:14] [DEBUG] Screen::areaView() start...
[2026-07-21 18:25:14] [DEBUG] Screen::areaView() finish.
[2026-07-21 18:25:16] [DEBUG] --- wwProject System Start ---
[2026-07-21 18:25:16] [DEBUG] Router::Router() /jemini/wwProjectV1.50/Develop/Console/ServerBridgeAction/
[2026-07-21 18:25:16] [DEBUG] Attempting to load: \Develop\Controllers\ConsoleController::ServerBridgeAction
[2026-07-21 18:25:16] [DEBUG] Router: Executing \Develop\Controllers\ConsoleController->ServerBridgeAction
[2026-07-21 18:25:16] [DEBUG] ConsoleController::ServerBridge() start...
[2026-07-21 18:25:16] [DEBUG] ConsoleController::ServerBridge() \Develop\Controllers\PartsDefinitionController::InitialAction()
[2026-07-21 18:25:16] [DEBUG] DBDefinitionController::initialAction() start...
[2026-07-21 18:25:16] [DEBUG] PartsDefinitionController::initialAction() projectId : PRJ-D45FEF
[2026-07-21 18:25:16] [DEBUG] PartsDefinitionModel::getAllPartsList() start... Project ID: PRJ-D45FEF
[2026-07-21 18:25:16] [DEBUG] Screen::updateAreaD() path: \Develop\Views\AreaD\PartsDefinition\PartsDefinitionList.view start...
[2026-07-21 18:25:16] [DEBUG] Screen::getContents() start...
[2026-07-21 18:25:16] [DEBUG] Screen::getContents() finish.
[2026-07-21 18:25:16] [DEBUG] Screen::updateAreaD() finish.
[2026-07-21 18:25:16] [DEBUG] Screen::updateAreaE() [iframe起動版] path: \Develop\Views\AreaE\Area_E_clear.view start...
[2026-07-21 18:25:16] [DEBUG] Screen::getContents() start...
[2026-07-21 18:25:16] [DEBUG] Screen::getContents() finish.
[2026-07-21 18:25:16] [DEBUG] Screen::updateAreaE() finish.
[2026-07-21 18:25:16] [DEBUG] DBDefinitionController::initialAction() end.
[2026-07-21 18:25:16] [DEBUG] Screen::areaView() start...
[2026-07-21 18:25:16] [DEBUG] Screen::areaView() finish.
[2026-07-21 18:25:17] [DEBUG] --- wwProject System Start ---
[2026-07-21 18:25:17] [DEBUG] Router::Router() /jemini/wwProjectV1.50/Develop/Console/ServerBridgeAction/
[2026-07-21 18:25:17] [DEBUG] Attempting to load: \Develop\Controllers\ConsoleController::ServerBridgeAction
[2026-07-21 18:25:17] [DEBUG] Router: Executing \Develop\Controllers\ConsoleController->ServerBridgeAction
[2026-07-21 18:25:17] [DEBUG] ConsoleController::ServerBridge() start...
[2026-07-21 18:25:17] [DEBUG] ConsoleController::ServerBridge() \Develop\Controllers\PartsDefinitionController::editPartsAction()
[2026-07-21 18:25:17] [DEBUG] PartsDefinitionController::editPartsAction() start...
[2026-07-21 18:25:17] [DEBUG] PartsDefinitionModel::getAllPartsList() start... Project ID: PRJ-D45FEF
[2026-07-21 18:25:17] [DEBUG] PartsDefinitionModel::getColumnsByTableId() start... Input: newDevelopers
[2026-07-21 18:25:17] [DEBUG] 逆引き成功: 物理名 newDevelopers -> table_id : 12
[2026-07-21 18:25:17] [DEBUG] PartsDefinitionModel::getColumnsByTableId() finish. 件数: 9
[2026-07-21 18:25:17] [DEBUG] PartsDefinitionModel::getTableStructure() start... Project ID: PRJ-D45FEF
[2026-07-21 18:25:17] [DEBUG] Screen::updateAreaE() [iframe起動版] path: \Develop\Views\AreaE\PartsDefinition\RegistParts.view start...
[2026-07-21 18:25:17] [DEBUG] Screen::getContents() start...
[2026-07-21 18:25:17] [DEBUG] Screen::getContents() finish.
[2026-07-21 18:25:17] [DEBUG] Screen::updateAreaE() finish.
[2026-07-21 18:25:17] [DEBUG] PartsDefinitionController::editPartsAction() end.
[2026-07-21 18:25:17] [DEBUG] Screen::areaView() start...
[2026-07-21 18:25:17] [DEBUG] Screen::areaView() finish.
[2026-07-21 18:49:50] [DEBUG] --- wwProject System Start ---
[2026-07-21 18:49:50] [DEBUG] Router::Router() /jemini/wwProjectV1.50/Develop/Console/ServerBridgeAction/
[2026-07-21 18:49:50] [DEBUG] Attempting to load: \Develop\Controllers\ConsoleController::ServerBridgeAction
[2026-07-21 18:49:50] [DEBUG] Router: Executing \Develop\Controllers\ConsoleController->ServerBridgeAction
[2026-07-21 18:49:50] [DEBUG] ConsoleController::ServerBridge() start...
[2026-07-21 18:49:50] [DEBUG] ConsoleController::ServerBridge() \Develop\Controllers\PartsDefinitionController::editPartsAction()
[2026-07-21 18:49:51] [DEBUG] PartsDefinitionController::editPartsAction() start...
[2026-07-21 18:49:51] [DEBUG] PartsDefinitionModel::getAllPartsList() start... Project ID: PRJ-D45FEF
[2026-07-21 18:49:51] [DEBUG] PartsDefinitionModel::getColumnsByTableId() start... Input: newDevelopers
[2026-07-21 18:49:51] [DEBUG] 逆引き成功: 物理名 newDevelopers -> table_id : 12
[2026-07-21 18:49:51] [DEBUG] PartsDefinitionModel::getColumnsByTableId() finish. 件数: 9
[2026-07-21 18:49:51] [DEBUG] PartsDefinitionModel::getTableStructure() start... Project ID: PRJ-D45FEF
[2026-07-21 18:49:51] [DEBUG] Screen::updateAreaE() [iframe起動版] path: \Develop\Views\AreaE\PartsDefinition\RegistParts.view start...
[2026-07-21 18:49:51] [DEBUG] Screen::getContents() start...
[2026-07-21 18:49:51] [DEBUG] Screen::getContents() finish.
[2026-07-21 18:49:51] [DEBUG] Screen::updateAreaE() finish.
[2026-07-21 18:49:51] [DEBUG] PartsDefinitionController::editPartsAction() end.
[2026-07-21 18:49:51] [DEBUG] Screen::areaView() start...
[2026-07-21 18:49:51] [DEBUG] Screen::areaView() finish.
[2026-07-21 21:29:39] [DEBUG] --- wwProject System Start ---
[2026-07-21 21:29:39] [DEBUG] Router::Router() /jemini/wwProjectV1.50/Develop/Console/initial/
[2026-07-21 21:29:39] [DEBUG] Attempting to load: \Develop\Controllers\ConsoleController::initialAction
[2026-07-21 21:29:39] [DEBUG] Router: Executing \Develop\Controllers\ConsoleController->initialAction
[2026-07-21 21:29:39] [DEBUG] Console::initialAction() start...
[2026-07-21 21:29:39] [DEBUG] Screen::view() path: \Develop\Views\Console\Console.view start...
[2026-07-21 21:29:39] [DEBUG] Screen::getContents() start...
[2026-07-21 21:29:39] [DEBUG] Screen::getContents() finish.
[2026-07-21 21:29:39] [DEBUG] Screen::view() path: \Develop\Views\Console\Console.view finish.
[2026-07-21 21:29:39] [DEBUG] ConsoleController::initialAction() finish.
[2026-07-21 21:29:39] [DEBUG] --- wwProject System Start ---
[2026-07-21 21:29:39] [DEBUG] Router::Router() /jemini/wwProjectV1.50/Develop/Console/ServerBridgeAction/
[2026-07-21 21:29:39] [DEBUG] Attempting to load: \Develop\Controllers\ConsoleController::ServerBridgeAction
[2026-07-21 21:29:39] [DEBUG] Router: Executing \Develop\Controllers\ConsoleController->ServerBridgeAction
[2026-07-21 21:29:39] [DEBUG] ConsoleController::ServerBridge() start...
[2026-07-21 21:29:39] [DEBUG] ConsoleController::ServerBridge() \Develop\Controllers\ConsoleController::areaInitialAction()
[2026-07-21 21:29:39] [DEBUG] ConsoleController::AreaInitialAction() start...
[2026-07-21 21:29:39] [DEBUG] Screen::updateAreaA() path: \Develop\Views\AreaA\Area_A.view start...
[2026-07-21 21:29:39] [DEBUG] Screen::areaView() sending JSON: ["areas"]
[2026-07-21 21:29:39] [DEBUG] Screen::getContents() start...
[2026-07-21 21:29:39] [DEBUG] Screen::getContents() finish.
[2026-07-21 21:29:39] [DEBUG] Screen::updateAreaA() finish.
[2026-07-21 21:29:39] [DEBUG] Screen::updateAreaB() path: \Develop\Views\AreaB\Area_B.view start...
[2026-07-21 21:29:39] [DEBUG] Screen::getContents() start...
[2026-07-21 21:29:39] [DEBUG] Screen::getContents() finish.
[2026-07-21 21:29:39] [DEBUG] Screen::updateAreaB() finish.
[2026-07-21 21:29:39] [DEBUG] Screen::updateAreaD() path: \Develop\Views\AreaD\Area_D_clear.view start...
[2026-07-21 21:29:39] [DEBUG] Screen::getContents() start...
[2026-07-21 21:29:39] [DEBUG] Screen::getContents() finish.
[2026-07-21 21:29:39] [DEBUG] Screen::updateAreaD() finish.
[2026-07-21 21:29:39] [DEBUG] Screen::updateAreaE() [iframe起動版] path: \Develop\Views\AreaE\Area_E_clear.view start...
[2026-07-21 21:29:39] [DEBUG] Screen::getContents() start...
[2026-07-21 21:29:39] [DEBUG] Screen::getContents() finish.
[2026-07-21 21:29:39] [DEBUG] Screen::updateAreaE() finish.
[2026-07-21 21:29:39] [DEBUG] Screen::updateAreaF() path: \Develop\Views\AreaF\Area_F.view start...
[2026-07-21 21:29:39] [DEBUG] Screen::getContents() start...
[2026-07-21 21:29:39] [DEBUG] Screen::getContents() finish.
[2026-07-21 21:29:39] [DEBUG] Screen::updateAreaF() finish.
[2026-07-21 21:29:39] [DEBUG] ProjectController::startProjectNabi() start...
[2026-07-21 21:29:39] [DEBUG] ProjectController::getProjectListHtml() start...
[2026-07-21 21:29:39] [DEBUG] ProjectModel::getProjectList() start...
[2026-07-21 21:29:39] [DEBUG] ProjectModel::getProjectList() finish.
[2026-07-21 21:29:40] [DEBUG] CodeMasterModel：：getCodesByGroup() start...
[2026-07-21 21:29:40] [DEBUG] CodeMasterModel：：getCodesByGroup() finish.
[2026-07-21 21:29:40] [DEBUG] ProjectController::getNaviFooterHtml() start...
[2026-07-21 21:29:40] [DEBUG] ProjectController::getNaviFooterHtml() finish.
[2026-07-21 21:29:40] [DEBUG] ProjectController::startProjectNabi() finish.
[2026-07-21 21:29:40] [DEBUG] Screen::updateAreaC() \Develop\Views\AreaC\Area_C.view start...
[2026-07-21 21:29:40] [DEBUG] Screen::getContents() start...
[2026-07-21 21:29:40] [DEBUG] Screen::getContents() finish.
[2026-07-21 21:29:40] [DEBUG] Screen::updateAreaC() finish.
[2026-07-21 21:29:40] [DEBUG] ConsoleController::AreaInitialAction() finish.
[2026-07-21 21:29:40] [DEBUG] Screen::areaView() start...
[2026-07-21 21:29:40] [DEBUG] Screen::areaView() finish.
[2026-07-21 21:29:42] [DEBUG] --- wwProject System Start ---
[2026-07-21 21:29:42] [DEBUG] Router::Router() /jemini/wwProjectV1.50/Develop/Console/ServerBridgeAction/
[2026-07-21 21:29:42] [DEBUG] Attempting to load: \Develop\Controllers\ConsoleController::ServerBridgeAction
[2026-07-21 21:29:42] [DEBUG] Router: Executing \Develop\Controllers\ConsoleController->ServerBridgeAction
[2026-07-21 21:29:42] [DEBUG] ConsoleController::ServerBridge() start...
[2026-07-21 21:29:42] [DEBUG] ConsoleController::ServerBridge() \Develop\Controllers\PartsDefinitionController::InitialAction()
[2026-07-21 21:29:42] [DEBUG] DBDefinitionController::initialAction() start...
[2026-07-21 21:29:42] [DEBUG] PartsDefinitionController::initialAction() projectId : PRJ-D45FEF
[2026-07-21 21:29:42] [DEBUG] PartsDefinitionModel::getAllPartsList() start... Project ID: PRJ-D45FEF
[2026-07-21 21:29:42] [DEBUG] Screen::updateAreaD() path: \Develop\Views\AreaD\PartsDefinition\PartsDefinitionList.view start...
[2026-07-21 21:29:42] [DEBUG] Screen::getContents() start...
[2026-07-21 21:29:42] [DEBUG] Screen::getContents() finish.
[2026-07-21 21:29:42] [DEBUG] Screen::updateAreaD() finish.
[2026-07-21 21:29:42] [DEBUG] Screen::updateAreaE() [iframe起動版] path: \Develop\Views\AreaE\Area_E_clear.view start...
[2026-07-21 21:29:42] [DEBUG] Screen::getContents() start...
[2026-07-21 21:29:42] [DEBUG] Screen::getContents() finish.
[2026-07-21 21:29:42] [DEBUG] Screen::updateAreaE() finish.
[2026-07-21 21:29:42] [DEBUG] DBDefinitionController::initialAction() end.
[2026-07-21 21:29:42] [DEBUG] Screen::areaView() start...
[2026-07-21 21:29:42] [DEBUG] Screen::areaView() finish.
[2026-07-21 21:29:48] [DEBUG] --- wwProject System Start ---
[2026-07-21 21:29:48] [DEBUG] Router::Router() /jemini/wwProjectV1.50/Develop/Console/ServerBridgeAction/
[2026-07-21 21:29:48] [DEBUG] Attempting to load: \Develop\Controllers\ConsoleController::ServerBridgeAction
[2026-07-21 21:29:48] [DEBUG] Router: Executing \Develop\Controllers\ConsoleController->ServerBridgeAction
[2026-07-21 21:29:48] [DEBUG] ConsoleController::ServerBridge() start...
[2026-07-21 21:29:48] [DEBUG] ConsoleController::ServerBridge() \Develop\Controllers\PartsDefinitionController::editPartsAction()
[2026-07-21 21:29:48] [DEBUG] PartsDefinitionController::editPartsAction() start...
[2026-07-21 21:29:48] [DEBUG] PartsDefinitionModel::getAllPartsList() start... Project ID: PRJ-D45FEF
[2026-07-21 21:29:48] [DEBUG] PartsDefinitionModel::getColumnsByTableId() start... Input: newDevelopers
[2026-07-21 21:29:48] [DEBUG] 逆引き成功: 物理名 newDevelopers -> table_id : 12
[2026-07-21 21:29:48] [DEBUG] PartsDefinitionModel::getColumnsByTableId() finish. 件数: 9
[2026-07-21 21:29:48] [DEBUG] PartsDefinitionModel::getTableStructure() start... Project ID: PRJ-D45FEF
[2026-07-21 21:29:48] [DEBUG] Screen::updateAreaE() [iframe起動版] path: \Develop\Views\AreaE\PartsDefinition\RegistParts.view start...
[2026-07-21 21:29:48] [DEBUG] Screen::getContents() start...
[2026-07-21 21:29:48] [DEBUG] Screen::getContents() finish.
[2026-07-21 21:29:48] [DEBUG] Screen::updateAreaE() finish.
[2026-07-21 21:29:48] [DEBUG] PartsDefinitionController::editPartsAction() end.
[2026-07-21 21:29:48] [DEBUG] Screen::areaView() start...
[2026-07-21 21:29:48] [DEBUG] Screen::areaView() finish.
[2026-07-21 21:32:48] [DEBUG] --- wwProject System Start ---
[2026-07-21 21:32:48] [DEBUG] Router::Router() /jemini/wwProjectV1.50/Develop/Console/initial/
[2026-07-21 21:32:48] [DEBUG] Attempting to load: \Develop\Controllers\ConsoleController::initialAction
[2026-07-21 21:32:48] [DEBUG] Router: Executing \Develop\Controllers\ConsoleController->initialAction
[2026-07-21 21:32:48] [DEBUG] Console::initialAction() start...
[2026-07-21 21:32:48] [DEBUG] Screen::view() path: \Develop\Views\Console\Console.view start...
[2026-07-21 21:32:48] [DEBUG] Screen::getContents() start...
[2026-07-21 21:32:48] [DEBUG] Screen::getContents() finish.
[2026-07-21 21:32:48] [DEBUG] Screen::view() path: \Develop\Views\Console\Console.view finish.
[2026-07-21 21:32:48] [DEBUG] ConsoleController::initialAction() finish.
[2026-07-21 21:32:48] [DEBUG] --- wwProject System Start ---
[2026-07-21 21:32:48] [DEBUG] Router::Router() /jemini/wwProjectV1.50/Develop/Console/ServerBridgeAction/
[2026-07-21 21:32:48] [DEBUG] Attempting to load: \Develop\Controllers\ConsoleController::ServerBridgeAction
[2026-07-21 21:32:48] [DEBUG] Router: Executing \Develop\Controllers\ConsoleController->ServerBridgeAction
[2026-07-21 21:32:48] [DEBUG] ConsoleController::ServerBridge() start...
[2026-07-21 21:32:48] [DEBUG] ConsoleController::ServerBridge() \Develop\Controllers\ConsoleController::areaInitialAction()
[2026-07-21 21:32:48] [DEBUG] ConsoleController::AreaInitialAction() start...
[2026-07-21 21:32:48] [DEBUG] Screen::updateAreaA() path: \Develop\Views\AreaA\Area_A.view start...
[2026-07-21 21:32:48] [DEBUG] Screen::areaView() sending JSON: ["areas"]
[2026-07-21 21:32:48] [DEBUG] Screen::getContents() start...
[2026-07-21 21:32:48] [DEBUG] Screen::getContents() finish.
[2026-07-21 21:32:48] [DEBUG] Screen::updateAreaA() finish.
[2026-07-21 21:32:48] [DEBUG] Screen::updateAreaB() path: \Develop\Views\AreaB\Area_B.view start...
[2026-07-21 21:32:48] [DEBUG] Screen::getContents() start...
[2026-07-21 21:32:48] [DEBUG] Screen::getContents() finish.
[2026-07-21 21:32:48] [DEBUG] Screen::updateAreaB() finish.
[2026-07-21 21:32:48] [DEBUG] Screen::updateAreaD() path: \Develop\Views\AreaD\Area_D_clear.view start...
[2026-07-21 21:32:48] [DEBUG] Screen::getContents() start...
[2026-07-21 21:32:48] [DEBUG] Screen::getContents() finish.
[2026-07-21 21:32:48] [DEBUG] Screen::updateAreaD() finish.
[2026-07-21 21:32:48] [DEBUG] Screen::updateAreaE() [iframe起動版] path: \Develop\Views\AreaE\Area_E_clear.view start...
[2026-07-21 21:32:48] [DEBUG] Screen::getContents() start...
[2026-07-21 21:32:48] [DEBUG] Screen::getContents() finish.
[2026-07-21 21:32:48] [DEBUG] Screen::updateAreaE() finish.
[2026-07-21 21:32:48] [DEBUG] Screen::updateAreaF() path: \Develop\Views\AreaF\Area_F.view start...
[2026-07-21 21:32:48] [DEBUG] Screen::getContents() start...
[2026-07-21 21:32:48] [DEBUG] Screen::getContents() finish.
[2026-07-21 21:32:48] [DEBUG] Screen::updateAreaF() finish.
[2026-07-21 21:32:48] [DEBUG] ProjectController::startProjectNabi() start...
[2026-07-21 21:32:48] [DEBUG] ProjectController::getProjectListHtml() start...
[2026-07-21 21:32:48] [DEBUG] ProjectModel::getProjectList() start...
[2026-07-21 21:32:48] [DEBUG] ProjectModel::getProjectList() finish.
[2026-07-21 21:32:48] [DEBUG] CodeMasterModel：：getCodesByGroup() start...
[2026-07-21 21:32:48] [DEBUG] CodeMasterModel：：getCodesByGroup() finish.
[2026-07-21 21:32:48] [DEBUG] ProjectController::getNaviFooterHtml() start...
[2026-07-21 21:32:48] [DEBUG] ProjectController::getNaviFooterHtml() finish.
[2026-07-21 21:32:48] [DEBUG] ProjectController::startProjectNabi() finish.
[2026-07-21 21:32:48] [DEBUG] Screen::updateAreaC() \Develop\Views\AreaC\Area_C.view start...
[2026-07-21 21:32:48] [DEBUG] Screen::getContents() start...
[2026-07-21 21:32:48] [DEBUG] Screen::getContents() finish.
[2026-07-21 21:32:48] [DEBUG] Screen::updateAreaC() finish.
[2026-07-21 21:32:48] [DEBUG] ConsoleController::AreaInitialAction() finish.
[2026-07-21 21:32:48] [DEBUG] Screen::areaView() start...
[2026-07-21 21:32:48] [DEBUG] Screen::areaView() finish.
[2026-07-21 21:32:50] [DEBUG] --- wwProject System Start ---
[2026-07-21 21:32:50] [DEBUG] Router::Router() /jemini/wwProjectV1.50/Develop/Console/ServerBridgeAction/
[2026-07-21 21:32:50] [DEBUG] Attempting to load: \Develop\Controllers\ConsoleController::ServerBridgeAction
[2026-07-21 21:32:50] [DEBUG] Router: Executing \Develop\Controllers\ConsoleController->ServerBridgeAction
[2026-07-21 21:32:50] [DEBUG] ConsoleController::ServerBridge() start...
[2026-07-21 21:32:50] [DEBUG] ConsoleController::ServerBridge() \Develop\Controllers\PartsDefinitionController::InitialAction()
[2026-07-21 21:32:50] [DEBUG] DBDefinitionController::initialAction() start...
[2026-07-21 21:32:50] [DEBUG] PartsDefinitionController::initialAction() projectId : PRJ-D45FEF
[2026-07-21 21:32:50] [DEBUG] PartsDefinitionModel::getAllPartsList() start... Project ID: PRJ-D45FEF
[2026-07-21 21:32:50] [DEBUG] Screen::updateAreaD() path: \Develop\Views\AreaD\PartsDefinition\PartsDefinitionList.view start...
[2026-07-21 21:32:50] [DEBUG] Screen::getContents() start...
[2026-07-21 21:32:50] [DEBUG] Screen::getContents() finish.
[2026-07-21 21:32:50] [DEBUG] Screen::updateAreaD() finish.
[2026-07-21 21:32:50] [DEBUG] Screen::updateAreaE() [iframe起動版] path: \Develop\Views\AreaE\Area_E_clear.view start...
[2026-07-21 21:32:50] [DEBUG] Screen::getContents() start...
[2026-07-21 21:32:50] [DEBUG] Screen::getContents() finish.
[2026-07-21 21:32:50] [DEBUG] Screen::updateAreaE() finish.
[2026-07-21 21:32:50] [DEBUG] DBDefinitionController::initialAction() end.
[2026-07-21 21:32:50] [DEBUG] Screen::areaView() start...
[2026-07-21 21:32:50] [DEBUG] Screen::areaView() finish.
[2026-07-21 21:32:52] [DEBUG] --- wwProject System Start ---
[2026-07-21 21:32:52] [DEBUG] Router::Router() /jemini/wwProjectV1.50/Develop/Console/ServerBridgeAction/
[2026-07-21 21:32:52] [DEBUG] Attempting to load: \Develop\Controllers\ConsoleController::ServerBridgeAction
[2026-07-21 21:32:52] [DEBUG] Router: Executing \Develop\Controllers\ConsoleController->ServerBridgeAction
[2026-07-21 21:32:52] [DEBUG] ConsoleController::ServerBridge() start...
[2026-07-21 21:32:52] [DEBUG] ConsoleController::ServerBridge() \Develop\Controllers\PartsDefinitionController::editPartsAction()
[2026-07-21 21:32:52] [DEBUG] PartsDefinitionController::editPartsAction() start...
[2026-07-21 21:32:52] [DEBUG] PartsDefinitionModel::getAllPartsList() start... Project ID: PRJ-D45FEF
[2026-07-21 21:32:52] [DEBUG] PartsDefinitionModel::getColumnsByTableId() start... Input: newDevelopers
[2026-07-21 21:32:52] [DEBUG] 逆引き成功: 物理名 newDevelopers -> table_id : 12
[2026-07-21 21:32:52] [DEBUG] PartsDefinitionModel::getColumnsByTableId() finish. 件数: 9
[2026-07-21 21:32:52] [DEBUG] PartsDefinitionModel::getTableStructure() start... Project ID: PRJ-D45FEF
[2026-07-21 21:32:52] [DEBUG] Screen::updateAreaE() [iframe起動版] path: \Develop\Views\AreaE\PartsDefinition\RegistParts.view start...
[2026-07-21 21:32:52] [DEBUG] Screen::getContents() start...
[2026-07-21 21:32:52] [DEBUG] Screen::getContents() finish.
[2026-07-21 21:32:52] [DEBUG] Screen::updateAreaE() finish.
[2026-07-21 21:32:52] [DEBUG] PartsDefinitionController::editPartsAction() end.
[2026-07-21 21:32:52] [DEBUG] Screen::areaView() start...
[2026-07-21 21:32:52] [DEBUG] Screen::areaView() finish.
[2026-07-21 21:35:05] [DEBUG] --- wwProject System Start ---
[2026-07-21 21:35:05] [DEBUG] Router::Router() /jemini/wwProjectV1.50/Develop/Console/initial/
[2026-07-21 21:35:05] [DEBUG] Attempting to load: \Develop\Controllers\ConsoleController::initialAction
[2026-07-21 21:35:05] [DEBUG] Router: Executing \Develop\Controllers\ConsoleController->initialAction
[2026-07-21 21:35:05] [DEBUG] Console::initialAction() start...
[2026-07-21 21:35:05] [DEBUG] Screen::view() path: \Develop\Views\Console\Console.view start...
[2026-07-21 21:35:05] [DEBUG] Screen::getContents() start...
[2026-07-21 21:35:05] [DEBUG] Screen::getContents() finish.
[2026-07-21 21:35:05] [DEBUG] Screen::view() path: \Develop\Views\Console\Console.view finish.
[2026-07-21 21:35:05] [DEBUG] ConsoleController::initialAction() finish.
[2026-07-21 21:35:05] [DEBUG] --- wwProject System Start ---
[2026-07-21 21:35:05] [DEBUG] Router::Router() /jemini/wwProjectV1.50/Develop/Console/ServerBridgeAction/
[2026-07-21 21:35:05] [DEBUG] Attempting to load: \Develop\Controllers\ConsoleController::ServerBridgeAction
[2026-07-21 21:35:05] [DEBUG] Router: Executing \Develop\Controllers\ConsoleController->ServerBridgeAction
[2026-07-21 21:35:05] [DEBUG] ConsoleController::ServerBridge() start...
[2026-07-21 21:35:05] [DEBUG] ConsoleController::ServerBridge() \Develop\Controllers\ConsoleController::areaInitialAction()
[2026-07-21 21:35:05] [DEBUG] ConsoleController::AreaInitialAction() start...
[2026-07-21 21:35:05] [DEBUG] Screen::updateAreaA() path: \Develop\Views\AreaA\Area_A.view start...
[2026-07-21 21:35:05] [DEBUG] Screen::areaView() sending JSON: ["areas"]
[2026-07-21 21:35:05] [DEBUG] Screen::getContents() start...
[2026-07-21 21:35:05] [DEBUG] Screen::getContents() finish.
[2026-07-21 21:35:05] [DEBUG] Screen::updateAreaA() finish.
[2026-07-21 21:35:05] [DEBUG] Screen::updateAreaB() path: \Develop\Views\AreaB\Area_B.view start...
[2026-07-21 21:35:05] [DEBUG] Screen::getContents() start...
[2026-07-21 21:35:05] [DEBUG] Screen::getContents() finish.
[2026-07-21 21:35:05] [DEBUG] Screen::updateAreaB() finish.
[2026-07-21 21:35:05] [DEBUG] Screen::updateAreaD() path: \Develop\Views\AreaD\Area_D_clear.view start...
[2026-07-21 21:35:05] [DEBUG] Screen::getContents() start...
[2026-07-21 21:35:05] [DEBUG] Screen::getContents() finish.
[2026-07-21 21:35:05] [DEBUG] Screen::updateAreaD() finish.
[2026-07-21 21:35:05] [DEBUG] Screen::updateAreaE() [iframe起動版] path: \Develop\Views\AreaE\Area_E_clear.view start...
[2026-07-21 21:35:05] [DEBUG] Screen::getContents() start...
[2026-07-21 21:35:05] [DEBUG] Screen::getContents() finish.
[2026-07-21 21:35:05] [DEBUG] Screen::updateAreaE() finish.
[2026-07-21 21:35:05] [DEBUG] Screen::updateAreaF() path: \Develop\Views\AreaF\Area_F.view start...
[2026-07-21 21:35:05] [DEBUG] Screen::getContents() start...
[2026-07-21 21:35:05] [DEBUG] Screen::getContents() finish.
[2026-07-21 21:35:05] [DEBUG] Screen::updateAreaF() finish.
[2026-07-21 21:35:05] [DEBUG] ProjectController::startProjectNabi() start...
[2026-07-21 21:35:05] [DEBUG] ProjectController::getProjectListHtml() start...
[2026-07-21 21:35:05] [DEBUG] ProjectModel::getProjectList() start...
[2026-07-21 21:35:05] [DEBUG] ProjectModel::getProjectList() finish.
[2026-07-21 21:35:05] [DEBUG] CodeMasterModel：：getCodesByGroup() start...
[2026-07-21 21:35:05] [DEBUG] CodeMasterModel：：getCodesByGroup() finish.
[2026-07-21 21:35:05] [DEBUG] ProjectController::getNaviFooterHtml() start...
[2026-07-21 21:35:05] [DEBUG] ProjectController::getNaviFooterHtml() finish.
[2026-07-21 21:35:05] [DEBUG] ProjectController::startProjectNabi() finish.
[2026-07-21 21:35:05] [DEBUG] Screen::updateAreaC() \Develop\Views\AreaC\Area_C.view start...
[2026-07-21 21:35:05] [DEBUG] Screen::getContents() start...
[2026-07-21 21:35:05] [DEBUG] Screen::getContents() finish.
[2026-07-21 21:35:05] [DEBUG] Screen::updateAreaC() finish.
[2026-07-21 21:35:05] [DEBUG] ConsoleController::AreaInitialAction() finish.
[2026-07-21 21:35:05] [DEBUG] Screen::areaView() start...
[2026-07-21 21:35:05] [DEBUG] Screen::areaView() finish.
[2026-07-21 21:35:07] [DEBUG] --- wwProject System Start ---
[2026-07-21 21:35:07] [DEBUG] Router::Router() /jemini/wwProjectV1.50/Develop/Console/ServerBridgeAction/
[2026-07-21 21:35:07] [DEBUG] Attempting to load: \Develop\Controllers\ConsoleController::ServerBridgeAction
[2026-07-21 21:35:07] [DEBUG] Router: Executing \Develop\Controllers\ConsoleController->ServerBridgeAction
[2026-07-21 21:35:07] [DEBUG] ConsoleController::ServerBridge() start...
[2026-07-21 21:35:07] [DEBUG] ConsoleController::ServerBridge() \Develop\Controllers\PartsDefinitionController::InitialAction()
[2026-07-21 21:35:07] [DEBUG] DBDefinitionController::initialAction() start...
[2026-07-21 21:35:07] [DEBUG] PartsDefinitionController::initialAction() projectId : PRJ-D45FEF
[2026-07-21 21:35:07] [DEBUG] PartsDefinitionModel::getAllPartsList() start... Project ID: PRJ-D45FEF
[2026-07-21 21:35:07] [DEBUG] Screen::updateAreaD() path: \Develop\Views\AreaD\PartsDefinition\PartsDefinitionList.view start...
[2026-07-21 21:35:07] [DEBUG] Screen::getContents() start...
[2026-07-21 21:35:07] [DEBUG] Screen::getContents() finish.
[2026-07-21 21:35:07] [DEBUG] Screen::updateAreaD() finish.
[2026-07-21 21:35:07] [DEBUG] Screen::updateAreaE() [iframe起動版] path: \Develop\Views\AreaE\Area_E_clear.view start...
[2026-07-21 21:35:07] [DEBUG] Screen::getContents() start...
[2026-07-21 21:35:07] [DEBUG] Screen::getContents() finish.
[2026-07-21 21:35:07] [DEBUG] Screen::updateAreaE() finish.
[2026-07-21 21:35:07] [DEBUG] DBDefinitionController::initialAction() end.
[2026-07-21 21:35:07] [DEBUG] Screen::areaView() start...
[2026-07-21 21:35:07] [DEBUG] Screen::areaView() finish.
[2026-07-21 21:35:09] [DEBUG] --- wwProject System Start ---
[2026-07-21 21:35:09] [DEBUG] Router::Router() /jemini/wwProjectV1.50/Develop/Console/ServerBridgeAction/
[2026-07-21 21:35:09] [DEBUG] Attempting to load: \Develop\Controllers\ConsoleController::ServerBridgeAction
[2026-07-21 21:35:09] [DEBUG] Router: Executing \Develop\Controllers\ConsoleController->ServerBridgeAction
[2026-07-21 21:35:09] [DEBUG] ConsoleController::ServerBridge() start...
[2026-07-21 21:35:09] [DEBUG] ConsoleController::ServerBridge() \Develop\Controllers\PartsDefinitionController::editPartsAction()
[2026-07-21 21:35:09] [DEBUG] PartsDefinitionController::editPartsAction() start...
[2026-07-21 21:35:09] [DEBUG] PartsDefinitionModel::getAllPartsList() start... Project ID: PRJ-D45FEF
[2026-07-21 21:35:09] [DEBUG] PartsDefinitionModel::getColumnsByTableId() start... Input: newDevelopers
[2026-07-21 21:35:09] [DEBUG] 逆引き成功: 物理名 newDevelopers -> table_id : 12
[2026-07-21 21:35:09] [DEBUG] PartsDefinitionModel::getColumnsByTableId() finish. 件数: 9
[2026-07-21 21:35:09] [DEBUG] PartsDefinitionModel::getTableStructure() start... Project ID: PRJ-D45FEF
[2026-07-21 21:35:09] [DEBUG] Screen::updateAreaE() [iframe起動版] path: \Develop\Views\AreaE\PartsDefinition\RegistParts.view start...
[2026-07-21 21:35:09] [DEBUG] Screen::getContents() start...
[2026-07-21 21:35:10] [DEBUG] Screen::getContents() finish.
[2026-07-21 21:35:10] [DEBUG] Screen::updateAreaE() finish.
[2026-07-21 21:35:10] [DEBUG] PartsDefinitionController::editPartsAction() end.
[2026-07-21 21:35:10] [DEBUG] Screen::areaView() start...
[2026-07-21 21:35:10] [DEBUG] Screen::areaView() finish.
[2026-07-21 21:42:28] [DEBUG] --- wwProject System Start ---
[2026-07-21 21:42:28] [DEBUG] Router::Router() /jemini/wwProjectV1.50/Develop/Console/initial/
[2026-07-21 21:42:28] [DEBUG] Attempting to load: \Develop\Controllers\ConsoleController::initialAction
[2026-07-21 21:42:28] [DEBUG] Router: Executing \Develop\Controllers\ConsoleController->initialAction
[2026-07-21 21:42:28] [DEBUG] Console::initialAction() start...
[2026-07-21 21:42:28] [DEBUG] Screen::view() path: \Develop\Views\Console\Console.view start...
[2026-07-21 21:42:28] [DEBUG] Screen::getContents() start...
[2026-07-21 21:42:28] [DEBUG] Screen::getContents() finish.
[2026-07-21 21:42:28] [DEBUG] Screen::view() path: \Develop\Views\Console\Console.view finish.
[2026-07-21 21:42:28] [DEBUG] ConsoleController::initialAction() finish.
[2026-07-21 21:42:28] [DEBUG] --- wwProject System Start ---
[2026-07-21 21:42:28] [DEBUG] Router::Router() /jemini/wwProjectV1.50/Develop/Console/ServerBridgeAction/
[2026-07-21 21:42:28] [DEBUG] Attempting to load: \Develop\Controllers\ConsoleController::ServerBridgeAction
[2026-07-21 21:42:28] [DEBUG] Router: Executing \Develop\Controllers\ConsoleController->ServerBridgeAction
[2026-07-21 21:42:28] [DEBUG] ConsoleController::ServerBridge() start...
[2026-07-21 21:42:28] [DEBUG] ConsoleController::ServerBridge() \Develop\Controllers\ConsoleController::areaInitialAction()
[2026-07-21 21:42:28] [DEBUG] ConsoleController::AreaInitialAction() start...
[2026-07-21 21:42:28] [DEBUG] Screen::updateAreaA() path: \Develop\Views\AreaA\Area_A.view start...
[2026-07-21 21:42:28] [DEBUG] Screen::areaView() sending JSON: ["areas"]
[2026-07-21 21:42:28] [DEBUG] Screen::getContents() start...
[2026-07-21 21:42:28] [DEBUG] Screen::getContents() finish.
[2026-07-21 21:42:28] [DEBUG] Screen::updateAreaA() finish.
[2026-07-21 21:42:28] [DEBUG] Screen::updateAreaB() path: \Develop\Views\AreaB\Area_B.view start...
[2026-07-21 21:42:28] [DEBUG] Screen::getContents() start...
[2026-07-21 21:42:28] [DEBUG] Screen::getContents() finish.
[2026-07-21 21:42:28] [DEBUG] Screen::updateAreaB() finish.
[2026-07-21 21:42:28] [DEBUG] Screen::updateAreaD() path: \Develop\Views\AreaD\Area_D_clear.view start...
[2026-07-21 21:42:28] [DEBUG] Screen::getContents() start...
[2026-07-21 21:42:28] [DEBUG] Screen::getContents() finish.
[2026-07-21 21:42:28] [DEBUG] Screen::updateAreaD() finish.
[2026-07-21 21:42:28] [DEBUG] Screen::updateAreaE() [iframe起動版] path: \Develop\Views\AreaE\Area_E_clear.view start...
[2026-07-21 21:42:28] [DEBUG] Screen::getContents() start...
[2026-07-21 21:42:28] [DEBUG] Screen::getContents() finish.
[2026-07-21 21:42:28] [DEBUG] Screen::updateAreaE() finish.
[2026-07-21 21:42:28] [DEBUG] Screen::updateAreaF() path: \Develop\Views\AreaF\Area_F.view start...
[2026-07-21 21:42:28] [DEBUG] Screen::getContents() start...
[2026-07-21 21:42:28] [DEBUG] Screen::getContents() finish.
[2026-07-21 21:42:28] [DEBUG] Screen::updateAreaF() finish.
[2026-07-21 21:42:28] [DEBUG] ProjectController::startProjectNabi() start...
[2026-07-21 21:42:28] [DEBUG] ProjectController::getProjectListHtml() start...
[2026-07-21 21:42:28] [DEBUG] ProjectModel::getProjectList() start...
[2026-07-21 21:42:28] [DEBUG] ProjectModel::getProjectList() finish.
[2026-07-21 21:42:28] [DEBUG] CodeMasterModel：：getCodesByGroup() start...
[2026-07-21 21:42:28] [DEBUG] CodeMasterModel：：getCodesByGroup() finish.
[2026-07-21 21:42:28] [DEBUG] ProjectController::getNaviFooterHtml() start...
[2026-07-21 21:42:28] [DEBUG] ProjectController::getNaviFooterHtml() finish.
[2026-07-21 21:42:28] [DEBUG] ProjectController::startProjectNabi() finish.
[2026-07-21 21:42:28] [DEBUG] Screen::updateAreaC() \Develop\Views\AreaC\Area_C.view start...
[2026-07-21 21:42:28] [DEBUG] Screen::getContents() start...
[2026-07-21 21:42:28] [DEBUG] Screen::getContents() finish.
[2026-07-21 21:42:28] [DEBUG] Screen::updateAreaC() finish.
[2026-07-21 21:42:28] [DEBUG] ConsoleController::AreaInitialAction() finish.
[2026-07-21 21:42:28] [DEBUG] Screen::areaView() start...
[2026-07-21 21:42:28] [DEBUG] Screen::areaView() finish.
[2026-07-21 21:42:30] [DEBUG] --- wwProject System Start ---
[2026-07-21 21:42:30] [DEBUG] Router::Router() /jemini/wwProjectV1.50/Develop/Console/ServerBridgeAction/
[2026-07-21 21:42:30] [DEBUG] Attempting to load: \Develop\Controllers\ConsoleController::ServerBridgeAction
[2026-07-21 21:42:30] [DEBUG] Router: Executing \Develop\Controllers\ConsoleController->ServerBridgeAction
[2026-07-21 21:42:30] [DEBUG] ConsoleController::ServerBridge() start...
[2026-07-21 21:42:30] [DEBUG] ConsoleController::ServerBridge() \Develop\Controllers\PartsDefinitionController::InitialAction()
[2026-07-21 21:42:30] [DEBUG] DBDefinitionController::initialAction() start...
[2026-07-21 21:42:30] [DEBUG] PartsDefinitionController::initialAction() projectId : PRJ-D45FEF
[2026-07-21 21:42:30] [DEBUG] PartsDefinitionModel::getAllPartsList() start... Project ID: PRJ-D45FEF
[2026-07-21 21:42:30] [DEBUG] Screen::updateAreaD() path: \Develop\Views\AreaD\PartsDefinition\PartsDefinitionList.view start...
[2026-07-21 21:42:30] [DEBUG] Screen::getContents() start...
[2026-07-21 21:42:30] [DEBUG] Screen::getContents() finish.
[2026-07-21 21:42:30] [DEBUG] Screen::updateAreaD() finish.
[2026-07-21 21:42:30] [DEBUG] Screen::updateAreaE() [iframe起動版] path: \Develop\Views\AreaE\Area_E_clear.view start...
[2026-07-21 21:42:30] [DEBUG] Screen::getContents() start...
[2026-07-21 21:42:30] [DEBUG] Screen::getContents() finish.
[2026-07-21 21:42:30] [DEBUG] Screen::updateAreaE() finish.
[2026-07-21 21:42:30] [DEBUG] DBDefinitionController::initialAction() end.
[2026-07-21 21:42:30] [DEBUG] Screen::areaView() start...
[2026-07-21 21:42:30] [DEBUG] Screen::areaView() finish.
[2026-07-21 21:42:32] [DEBUG] --- wwProject System Start ---
[2026-07-21 21:42:32] [DEBUG] Router::Router() /jemini/wwProjectV1.50/Develop/Console/ServerBridgeAction/
[2026-07-21 21:42:32] [DEBUG] Attempting to load: \Develop\Controllers\ConsoleController::ServerBridgeAction
[2026-07-21 21:42:32] [DEBUG] Router: Executing \Develop\Controllers\ConsoleController->ServerBridgeAction
[2026-07-21 21:42:32] [DEBUG] ConsoleController::ServerBridge() start...
[2026-07-21 21:42:32] [DEBUG] ConsoleController::ServerBridge() \Develop\Controllers\PartsDefinitionController::editPartsAction()
[2026-07-21 21:42:32] [DEBUG] PartsDefinitionController::editPartsAction() start...
[2026-07-21 21:42:32] [DEBUG] PartsDefinitionModel::getAllPartsList() start... Project ID: PRJ-D45FEF
[2026-07-21 21:42:32] [DEBUG] PartsDefinitionModel::getColumnsByTableId() start... Input: newDevelopers
[2026-07-21 21:42:32] [DEBUG] 逆引き成功: 物理名 newDevelopers -> table_id : 12
[2026-07-21 21:42:32] [DEBUG] PartsDefinitionModel::getColumnsByTableId() finish. 件数: 9
[2026-07-21 21:42:32] [DEBUG] PartsDefinitionModel::getTableStructure() start... Project ID: PRJ-D45FEF
[2026-07-21 21:42:32] [DEBUG] Screen::updateAreaE() [iframe起動版] path: \Develop\Views\AreaE\PartsDefinition\RegistParts.view start...
[2026-07-21 21:42:32] [DEBUG] Screen::getContents() start...
[2026-07-21 21:42:32] [DEBUG] Screen::getContents() finish.
[2026-07-21 21:42:32] [DEBUG] Screen::updateAreaE() finish.
[2026-07-21 21:42:32] [DEBUG] PartsDefinitionController::editPartsAction() end.
[2026-07-21 21:42:32] [DEBUG] Screen::areaView() start...
[2026-07-21 21:42:32] [DEBUG] Screen::areaView() finish.
[2026-07-21 21:42:33] [DEBUG] --- wwProject System Start ---
[2026-07-21 21:42:33] [DEBUG] Router::Router() /jemini/wwProjectV1.50/Develop/Console/ServerBridgeAction/
[2026-07-21 21:42:33] [DEBUG] Attempting to load: \Develop\Controllers\ConsoleController::ServerBridgeAction
[2026-07-21 21:42:33] [DEBUG] Router: Executing \Develop\Controllers\ConsoleController->ServerBridgeAction
[2026-07-21 21:42:33] [DEBUG] ConsoleController::ServerBridge() start...
[2026-07-21 21:42:33] [DEBUG] ConsoleController::ServerBridge() \Develop\Controllers\PartsDefinitionController::editPartsAction()
[2026-07-21 21:42:33] [DEBUG] PartsDefinitionController::editPartsAction() start...
[2026-07-21 21:42:33] [DEBUG] PartsDefinitionModel::getAllPartsList() start... Project ID: PRJ-D45FEF
[2026-07-21 21:42:33] [DEBUG] PartsDefinitionModel::getColumnsByTableId() start... Input: newDevelopers
[2026-07-21 21:42:33] [DEBUG] 逆引き成功: 物理名 newDevelopers -> table_id : 12
[2026-07-21 21:42:33] [DEBUG] PartsDefinitionModel::getColumnsByTableId() finish. 件数: 9
[2026-07-21 21:42:33] [DEBUG] PartsDefinitionModel::getTableStructure() start... Project ID: PRJ-D45FEF
[2026-07-21 21:42:33] [DEBUG] Screen::updateAreaE() [iframe起動版] path: \Develop\Views\AreaE\PartsDefinition\RegistParts.view start...
[2026-07-21 21:42:33] [DEBUG] Screen::getContents() start...
[2026-07-21 21:42:34] [DEBUG] Screen::getContents() finish.
[2026-07-21 21:42:34] [DEBUG] Screen::updateAreaE() finish.
[2026-07-21 21:42:34] [DEBUG] PartsDefinitionController::editPartsAction() end.
[2026-07-21 21:42:34] [DEBUG] Screen::areaView() start...
[2026-07-21 21:42:34] [DEBUG] Screen::areaView() finish.
[2026-07-21 21:44:00] [DEBUG] --- wwProject System Start ---
[2026-07-21 21:44:00] [DEBUG] Router::Router() /jemini/wwProjectV1.50/Develop/Console/ServerBridgeAction/
[2026-07-21 21:44:00] [DEBUG] Attempting to load: \Develop\Controllers\ConsoleController::ServerBridgeAction
[2026-07-21 21:44:00] [DEBUG] Router: Executing \Develop\Controllers\ConsoleController->ServerBridgeAction
[2026-07-21 21:44:00] [DEBUG] ConsoleController::ServerBridge() start...
[2026-07-21 21:44:00] [DEBUG] ConsoleController::ServerBridge() \Develop\Controllers\PartsDefinitionController::editPartsAction()
[2026-07-21 21:44:00] [DEBUG] PartsDefinitionController::editPartsAction() start...
[2026-07-21 21:44:00] [DEBUG] PartsDefinitionModel::getAllPartsList() start... Project ID: PRJ-D45FEF
[2026-07-21 21:44:00] [DEBUG] PartsDefinitionModel::getTableStructure() start... Project ID: PRJ-D45FEF
[2026-07-21 21:44:00] [DEBUG] Screen::updateAreaE() [iframe起動版] path: \Develop\Views\AreaE\PartsDefinition\RegistParts.view start...
[2026-07-21 21:44:00] [DEBUG] Screen::getContents() start...
[2026-07-21 21:44:01] [DEBUG] Screen::getContents() finish.
[2026-07-21 21:44:01] [DEBUG] Screen::updateAreaE() finish.
[2026-07-21 21:44:01] [DEBUG] PartsDefinitionController::editPartsAction() end.
[2026-07-21 21:44:01] [DEBUG] Screen::areaView() start...
[2026-07-21 21:44:01] [DEBUG] Screen::areaView() finish.
[2026-07-21 21:44:01] [DEBUG] --- wwProject System Start ---
[2026-07-21 21:44:01] [DEBUG] Router::Router() /jemini/wwProjectV1.50/Develop/Console/initial/
[2026-07-21 21:44:01] [DEBUG] Attempting to load: \Develop\Controllers\ConsoleController::initialAction
[2026-07-21 21:44:01] [DEBUG] Router: Executing \Develop\Controllers\ConsoleController->initialAction
[2026-07-21 21:44:01] [DEBUG] Console::initialAction() start...
[2026-07-21 21:44:01] [DEBUG] Screen::view() path: \Develop\Views\Console\Console.view start...
[2026-07-21 21:44:01] [DEBUG] Screen::getContents() start...
[2026-07-21 21:44:01] [DEBUG] Screen::getContents() finish.
[2026-07-21 21:44:01] [DEBUG] Screen::view() path: \Develop\Views\Console\Console.view finish.
[2026-07-21 21:44:01] [DEBUG] ConsoleController::initialAction() finish.
[2026-07-21 21:44:01] [DEBUG] --- wwProject System Start ---
[2026-07-21 21:44:01] [DEBUG] Router::Router() /jemini/wwProjectV1.50/Develop/Console/ServerBridgeAction/
[2026-07-21 21:44:01] [DEBUG] Attempting to load: \Develop\Controllers\ConsoleController::ServerBridgeAction
[2026-07-21 21:44:01] [DEBUG] Router: Executing \Develop\Controllers\ConsoleController->ServerBridgeAction
[2026-07-21 21:44:01] [DEBUG] ConsoleController::ServerBridge() start...
[2026-07-21 21:44:01] [DEBUG] ConsoleController::ServerBridge() \Develop\Controllers\ConsoleController::areaInitialAction()
[2026-07-21 21:44:01] [DEBUG] ConsoleController::AreaInitialAction() start...
[2026-07-21 21:44:01] [DEBUG] Screen::updateAreaA() path: \Develop\Views\AreaA\Area_A.view start...
[2026-07-21 21:44:01] [DEBUG] Screen::areaView() sending JSON: ["areas"]
[2026-07-21 21:44:01] [DEBUG] Screen::getContents() start...
[2026-07-21 21:44:01] [DEBUG] Screen::getContents() finish.
[2026-07-21 21:44:01] [DEBUG] Screen::updateAreaA() finish.
[2026-07-21 21:44:01] [DEBUG] Screen::updateAreaB() path: \Develop\Views\AreaB\Area_B.view start...
[2026-07-21 21:44:01] [DEBUG] Screen::getContents() start...
[2026-07-21 21:44:01] [DEBUG] Screen::getContents() finish.
[2026-07-21 21:44:01] [DEBUG] Screen::updateAreaB() finish.
[2026-07-21 21:44:01] [DEBUG] Screen::updateAreaD() path: \Develop\Views\AreaD\Area_D_clear.view start...
[2026-07-21 21:44:01] [DEBUG] Screen::getContents() start...
[2026-07-21 21:44:01] [DEBUG] Screen::getContents() finish.
[2026-07-21 21:44:01] [DEBUG] Screen::updateAreaD() finish.
[2026-07-21 21:44:01] [DEBUG] Screen::updateAreaE() [iframe起動版] path: \Develop\Views\AreaE\Area_E_clear.view start...
[2026-07-21 21:44:01] [DEBUG] Screen::getContents() start...
[2026-07-21 21:44:01] [DEBUG] Screen::getContents() finish.
[2026-07-21 21:44:01] [DEBUG] Screen::updateAreaE() finish.
[2026-07-21 21:44:01] [DEBUG] Screen::updateAreaF() path: \Develop\Views\AreaF\Area_F.view start...
[2026-07-21 21:44:01] [DEBUG] Screen::getContents() start...
[2026-07-21 21:44:01] [DEBUG] Screen::getContents() finish.
[2026-07-21 21:44:01] [DEBUG] Screen::updateAreaF() finish.
[2026-07-21 21:44:01] [DEBUG] ProjectController::startProjectNabi() start...
[2026-07-21 21:44:01] [DEBUG] ProjectController::getProjectListHtml() start...
[2026-07-21 21:44:01] [DEBUG] ProjectModel::getProjectList() start...
[2026-07-21 21:44:01] [DEBUG] ProjectModel::getProjectList() finish.
[2026-07-21 21:44:01] [DEBUG] CodeMasterModel：：getCodesByGroup() start...
[2026-07-21 21:44:01] [DEBUG] CodeMasterModel：：getCodesByGroup() finish.
[2026-07-21 21:44:01] [DEBUG] ProjectController::getNaviFooterHtml() start...
[2026-07-21 21:44:01] [DEBUG] ProjectController::getNaviFooterHtml() finish.
[2026-07-21 21:44:01] [DEBUG] ProjectController::startProjectNabi() finish.
[2026-07-21 21:44:01] [DEBUG] Screen::updateAreaC() \Develop\Views\AreaC\Area_C.view start...
[2026-07-21 21:44:01] [DEBUG] Screen::getContents() start...
[2026-07-21 21:44:01] [DEBUG] Screen::getContents() finish.
[2026-07-21 21:44:01] [DEBUG] Screen::updateAreaC() finish.
[2026-07-21 21:44:01] [DEBUG] ConsoleController::AreaInitialAction() finish.
[2026-07-21 21:44:01] [DEBUG] Screen::areaView() start...
[2026-07-21 21:44:01] [DEBUG] Screen::areaView() finish.
[2026-07-21 21:44:03] [DEBUG] --- wwProject System Start ---
[2026-07-21 21:44:03] [DEBUG] Router::Router() /jemini/wwProjectV1.50/Develop/Console/ServerBridgeAction/
[2026-07-21 21:44:03] [DEBUG] Attempting to load: \Develop\Controllers\ConsoleController::ServerBridgeAction
[2026-07-21 21:44:03] [DEBUG] Router: Executing \Develop\Controllers\ConsoleController->ServerBridgeAction
[2026-07-21 21:44:03] [DEBUG] ConsoleController::ServerBridge() start...
[2026-07-21 21:44:03] [DEBUG] ConsoleController::ServerBridge() \Develop\Controllers\PartsDefinitionController::InitialAction()
[2026-07-21 21:44:03] [DEBUG] DBDefinitionController::initialAction() start...
[2026-07-21 21:44:03] [DEBUG] PartsDefinitionController::initialAction() projectId : PRJ-D45FEF
[2026-07-21 21:44:03] [DEBUG] PartsDefinitionModel::getAllPartsList() start... Project ID: PRJ-D45FEF
[2026-07-21 21:44:03] [DEBUG] Screen::updateAreaD() path: \Develop\Views\AreaD\PartsDefinition\PartsDefinitionList.view start...
[2026-07-21 21:44:03] [DEBUG] Screen::getContents() start...
[2026-07-21 21:44:03] [DEBUG] Screen::getContents() finish.
[2026-07-21 21:44:03] [DEBUG] Screen::updateAreaD() finish.
[2026-07-21 21:44:03] [DEBUG] Screen::updateAreaE() [iframe起動版] path: \Develop\Views\AreaE\Area_E_clear.view start...
[2026-07-21 21:44:03] [DEBUG] Screen::getContents() start...
[2026-07-21 21:44:03] [DEBUG] Screen::getContents() finish.
[2026-07-21 21:44:03] [DEBUG] Screen::updateAreaE() finish.
[2026-07-21 21:44:03] [DEBUG] DBDefinitionController::initialAction() end.
[2026-07-21 21:44:03] [DEBUG] Screen::areaView() start...
[2026-07-21 21:44:03] [DEBUG] Screen::areaView() finish.
[2026-07-21 21:44:05] [DEBUG] --- wwProject System Start ---
[2026-07-21 21:44:05] [DEBUG] Router::Router() /jemini/wwProjectV1.50/Develop/Console/ServerBridgeAction/
[2026-07-21 21:44:05] [DEBUG] Attempting to load: \Develop\Controllers\ConsoleController::ServerBridgeAction
[2026-07-21 21:44:05] [DEBUG] Router: Executing \Develop\Controllers\ConsoleController->ServerBridgeAction
[2026-07-21 21:44:05] [DEBUG] ConsoleController::ServerBridge() start...
[2026-07-21 21:44:05] [DEBUG] ConsoleController::ServerBridge() \Develop\Controllers\PartsDefinitionController::editPartsAction()
[2026-07-21 21:44:05] [DEBUG] PartsDefinitionController::editPartsAction() start...
[2026-07-21 21:44:05] [DEBUG] PartsDefinitionModel::getAllPartsList() start... Project ID: PRJ-D45FEF
[2026-07-21 21:44:05] [DEBUG] PartsDefinitionModel::getColumnsByTableId() start... Input: newDevelopers
[2026-07-21 21:44:05] [DEBUG] 逆引き成功: 物理名 newDevelopers -> table_id : 12
[2026-07-21 21:44:05] [DEBUG] PartsDefinitionModel::getColumnsByTableId() finish. 件数: 9
[2026-07-21 21:44:05] [DEBUG] PartsDefinitionModel::getTableStructure() start... Project ID: PRJ-D45FEF
[2026-07-21 21:44:05] [DEBUG] Screen::updateAreaE() [iframe起動版] path: \Develop\Views\AreaE\PartsDefinition\RegistParts.view start...
[2026-07-21 21:44:05] [DEBUG] Screen::getContents() start...
[2026-07-21 21:44:05] [DEBUG] Screen::getContents() finish.
[2026-07-21 21:44:05] [DEBUG] Screen::updateAreaE() finish.
[2026-07-21 21:44:05] [DEBUG] PartsDefinitionController::editPartsAction() end.
[2026-07-21 21:44:05] [DEBUG] Screen::areaView() start...
[2026-07-21 21:44:05] [DEBUG] Screen::areaView() finish.
[2026-07-21 21:45:13] [DEBUG] --- wwProject System Start ---
[2026-07-21 21:45:13] [DEBUG] Router::Router() /jemini/wwProjectV1.50/Develop/Console/initial/
[2026-07-21 21:45:13] [DEBUG] Attempting to load: \Develop\Controllers\ConsoleController::initialAction
[2026-07-21 21:45:13] [DEBUG] Router: Executing \Develop\Controllers\ConsoleController->initialAction
[2026-07-21 21:45:13] [DEBUG] Console::initialAction() start...
[2026-07-21 21:45:13] [DEBUG] Screen::view() path: \Develop\Views\Console\Console.view start...
[2026-07-21 21:45:13] [DEBUG] Screen::getContents() start...
[2026-07-21 21:45:13] [DEBUG] Screen::getContents() finish.
[2026-07-21 21:45:13] [DEBUG] Screen::view() path: \Develop\Views\Console\Console.view finish.
[2026-07-21 21:45:13] [DEBUG] ConsoleController::initialAction() finish.
[2026-07-21 21:45:13] [DEBUG] --- wwProject System Start ---
[2026-07-21 21:45:13] [DEBUG] Router::Router() /jemini/wwProjectV1.50/Develop/Console/ServerBridgeAction/
[2026-07-21 21:45:13] [DEBUG] Attempting to load: \Develop\Controllers\ConsoleController::ServerBridgeAction
[2026-07-21 21:45:13] [DEBUG] Router: Executing \Develop\Controllers\ConsoleController->ServerBridgeAction
[2026-07-21 21:45:13] [DEBUG] ConsoleController::ServerBridge() start...
[2026-07-21 21:45:13] [DEBUG] ConsoleController::ServerBridge() \Develop\Controllers\ConsoleController::areaInitialAction()
[2026-07-21 21:45:13] [DEBUG] ConsoleController::AreaInitialAction() start...
[2026-07-21 21:45:13] [DEBUG] Screen::updateAreaA() path: \Develop\Views\AreaA\Area_A.view start...
[2026-07-21 21:45:13] [DEBUG] Screen::areaView() sending JSON: ["areas"]
[2026-07-21 21:45:13] [DEBUG] Screen::getContents() start...
[2026-07-21 21:45:13] [DEBUG] Screen::getContents() finish.
[2026-07-21 21:45:13] [DEBUG] Screen::updateAreaA() finish.
[2026-07-21 21:45:13] [DEBUG] Screen::updateAreaB() path: \Develop\Views\AreaB\Area_B.view start...
[2026-07-21 21:45:13] [DEBUG] Screen::getContents() start...
[2026-07-21 21:45:13] [DEBUG] Screen::getContents() finish.
[2026-07-21 21:45:13] [DEBUG] Screen::updateAreaB() finish.
[2026-07-21 21:45:13] [DEBUG] Screen::updateAreaD() path: \Develop\Views\AreaD\Area_D_clear.view start...
[2026-07-21 21:45:13] [DEBUG] Screen::getContents() start...
[2026-07-21 21:45:13] [DEBUG] Screen::getContents() finish.
[2026-07-21 21:45:13] [DEBUG] Screen::updateAreaD() finish.
[2026-07-21 21:45:13] [DEBUG] Screen::updateAreaE() [iframe起動版] path: \Develop\Views\AreaE\Area_E_clear.view start...
[2026-07-21 21:45:13] [DEBUG] Screen::getContents() start...
[2026-07-21 21:45:13] [DEBUG] Screen::getContents() finish.
[2026-07-21 21:45:13] [DEBUG] Screen::updateAreaE() finish.
[2026-07-21 21:45:13] [DEBUG] Screen::updateAreaF() path: \Develop\Views\AreaF\Area_F.view start...
[2026-07-21 21:45:13] [DEBUG] Screen::getContents() start...
[2026-07-21 21:45:13] [DEBUG] Screen::getContents() finish.
[2026-07-21 21:45:13] [DEBUG] Screen::updateAreaF() finish.
[2026-07-21 21:45:13] [DEBUG] ProjectController::startProjectNabi() start...
[2026-07-21 21:45:13] [DEBUG] ProjectController::getProjectListHtml() start...
[2026-07-21 21:45:13] [DEBUG] ProjectModel::getProjectList() start...
[2026-07-21 21:45:13] [DEBUG] ProjectModel::getProjectList() finish.
[2026-07-21 21:45:13] [DEBUG] CodeMasterModel：：getCodesByGroup() start...
[2026-07-21 21:45:13] [DEBUG] CodeMasterModel：：getCodesByGroup() finish.
[2026-07-21 21:45:13] [DEBUG] ProjectController::getNaviFooterHtml() start...
[2026-07-21 21:45:13] [DEBUG] ProjectController::getNaviFooterHtml() finish.
[2026-07-21 21:45:13] [DEBUG] ProjectController::startProjectNabi() finish.
[2026-07-21 21:45:13] [DEBUG] Screen::updateAreaC() \Develop\Views\AreaC\Area_C.view start...
[2026-07-21 21:45:13] [DEBUG] Screen::getContents() start...
[2026-07-21 21:45:13] [DEBUG] Screen::getContents() finish.
[2026-07-21 21:45:13] [DEBUG] Screen::updateAreaC() finish.
[2026-07-21 21:45:13] [DEBUG] ConsoleController::AreaInitialAction() finish.
[2026-07-21 21:45:13] [DEBUG] Screen::areaView() start...
[2026-07-21 21:45:13] [DEBUG] Screen::areaView() finish.
[2026-07-21 21:45:15] [DEBUG] --- wwProject System Start ---
[2026-07-21 21:45:15] [DEBUG] Router::Router() /jemini/wwProjectV1.50/Develop/Console/ServerBridgeAction/
[2026-07-21 21:45:15] [DEBUG] Attempting to load: \Develop\Controllers\ConsoleController::ServerBridgeAction
[2026-07-21 21:45:15] [DEBUG] Router: Executing \Develop\Controllers\ConsoleController->ServerBridgeAction
[2026-07-21 21:45:15] [DEBUG] ConsoleController::ServerBridge() start...
[2026-07-21 21:45:15] [DEBUG] ConsoleController::ServerBridge() \Develop\Controllers\PartsDefinitionController::InitialAction()
[2026-07-21 21:45:15] [DEBUG] DBDefinitionController::initialAction() start...
[2026-07-21 21:45:15] [DEBUG] PartsDefinitionController::initialAction() projectId : PRJ-D45FEF
[2026-07-21 21:45:15] [DEBUG] PartsDefinitionModel::getAllPartsList() start... Project ID: PRJ-D45FEF
[2026-07-21 21:45:15] [DEBUG] Screen::updateAreaD() path: \Develop\Views\AreaD\PartsDefinition\PartsDefinitionList.view start...
[2026-07-21 21:45:15] [DEBUG] Screen::getContents() start...
[2026-07-21 21:45:15] [DEBUG] Screen::getContents() finish.
[2026-07-21 21:45:15] [DEBUG] Screen::updateAreaD() finish.
[2026-07-21 21:45:15] [DEBUG] Screen::updateAreaE() [iframe起動版] path: \Develop\Views\AreaE\Area_E_clear.view start...
[2026-07-21 21:45:15] [DEBUG] Screen::getContents() start...
[2026-07-21 21:45:15] [DEBUG] Screen::getContents() finish.
[2026-07-21 21:45:15] [DEBUG] Screen::updateAreaE() finish.
[2026-07-21 21:45:15] [DEBUG] DBDefinitionController::initialAction() end.
[2026-07-21 21:45:15] [DEBUG] Screen::areaView() start...
[2026-07-21 21:45:15] [DEBUG] Screen::areaView() finish.
[2026-07-21 21:45:16] [DEBUG] --- wwProject System Start ---
[2026-07-21 21:45:17] [DEBUG] Router::Router() /jemini/wwProjectV1.50/Develop/Console/ServerBridgeAction/
[2026-07-21 21:45:17] [DEBUG] Attempting to load: \Develop\Controllers\ConsoleController::ServerBridgeAction
[2026-07-21 21:45:17] [DEBUG] Router: Executing \Develop\Controllers\ConsoleController->ServerBridgeAction
[2026-07-21 21:45:17] [DEBUG] ConsoleController::ServerBridge() start...
[2026-07-21 21:45:17] [DEBUG] ConsoleController::ServerBridge() \Develop\Controllers\PartsDefinitionController::editPartsAction()
[2026-07-21 21:45:17] [DEBUG] PartsDefinitionController::editPartsAction() start...
[2026-07-21 21:45:17] [DEBUG] PartsDefinitionModel::getAllPartsList() start... Project ID: PRJ-D45FEF
[2026-07-21 21:45:17] [DEBUG] PartsDefinitionModel::getColumnsByTableId() start... Input: newDevelopers
[2026-07-21 21:45:17] [DEBUG] 逆引き成功: 物理名 newDevelopers -> table_id : 12
[2026-07-21 21:45:17] [DEBUG] PartsDefinitionModel::getColumnsByTableId() finish. 件数: 9
[2026-07-21 21:45:17] [DEBUG] PartsDefinitionModel::getTableStructure() start... Project ID: PRJ-D45FEF
[2026-07-21 21:45:17] [DEBUG] Screen::updateAreaE() [iframe起動版] path: \Develop\Views\AreaE\PartsDefinition\RegistParts.view start...
[2026-07-21 21:45:17] [DEBUG] Screen::getContents() start...
[2026-07-21 21:45:17] [DEBUG] Screen::getContents() finish.
[2026-07-21 21:45:17] [DEBUG] Screen::updateAreaE() finish.
[2026-07-21 21:45:17] [DEBUG] PartsDefinitionController::editPartsAction() end.
[2026-07-21 21:45:17] [DEBUG] Screen::areaView() start...
[2026-07-21 21:45:17] [DEBUG] Screen::areaView() finish.
[2026-07-21 21:46:15] [DEBUG] --- wwProject System Start ---
[2026-07-21 21:46:16] [DEBUG] Router::Router() /jemini/wwProjectV1.50/Develop/Console/ServerBridgeAction/
[2026-07-21 21:46:16] [DEBUG] Attempting to load: \Develop\Controllers\ConsoleController::ServerBridgeAction
[2026-07-21 21:46:16] [DEBUG] Router: Executing \Develop\Controllers\ConsoleController->ServerBridgeAction
[2026-07-21 21:46:16] [DEBUG] ConsoleController::ServerBridge() start...
[2026-07-21 21:46:16] [DEBUG] ConsoleController::ServerBridge() \Develop\Controllers\PartsDefinitionController::editPartsAction()
[2026-07-21 21:46:16] [DEBUG] PartsDefinitionController::editPartsAction() start...
[2026-07-21 21:46:16] [DEBUG] PartsDefinitionModel::getAllPartsList() start... Project ID: PRJ-D45FEF
[2026-07-21 21:46:16] [DEBUG] PartsDefinitionModel::getColumnsByTableId() start... Input: newDevelopers
[2026-07-21 21:46:16] [DEBUG] 逆引き成功: 物理名 newDevelopers -> table_id : 12
[2026-07-21 21:46:16] [DEBUG] PartsDefinitionModel::getColumnsByTableId() finish. 件数: 9
[2026-07-21 21:46:16] [DEBUG] PartsDefinitionModel::getTableStructure() start... Project ID: PRJ-D45FEF
[2026-07-21 21:46:16] [DEBUG] Screen::updateAreaE() [iframe起動版] path: \Develop\Views\AreaE\PartsDefinition\RegistParts.view start...
[2026-07-21 21:46:16] [DEBUG] Screen::getContents() start...
[2026-07-21 21:46:16] [DEBUG] Screen::getContents() finish.
[2026-07-21 21:46:16] [DEBUG] Screen::updateAreaE() finish.
[2026-07-21 21:46:16] [DEBUG] PartsDefinitionController::editPartsAction() end.
[2026-07-21 21:46:16] [DEBUG] Screen::areaView() start...
[2026-07-21 21:46:16] [DEBUG] Screen::areaView() finish.
[2026-07-21 21:47:27] [DEBUG] --- wwProject System Start ---
[2026-07-21 21:47:27] [DEBUG] Router::Router() /jemini/wwProjectV1.50/Develop/Console/initial/
[2026-07-21 21:47:27] [DEBUG] Attempting to load: \Develop\Controllers\ConsoleController::initialAction
[2026-07-21 21:47:27] [DEBUG] Router: Executing \Develop\Controllers\ConsoleController->initialAction
[2026-07-21 21:47:27] [DEBUG] Console::initialAction() start...
[2026-07-21 21:47:27] [DEBUG] Screen::view() path: \Develop\Views\Console\Console.view start...
[2026-07-21 21:47:27] [DEBUG] Screen::getContents() start...
[2026-07-21 21:47:27] [DEBUG] Screen::getContents() finish.
[2026-07-21 21:47:27] [DEBUG] Screen::view() path: \Develop\Views\Console\Console.view finish.
[2026-07-21 21:47:27] [DEBUG] ConsoleController::initialAction() finish.
[2026-07-21 21:47:27] [DEBUG] --- wwProject System Start ---
[2026-07-21 21:47:27] [DEBUG] Router::Router() /jemini/wwProjectV1.50/Develop/Console/ServerBridgeAction/
[2026-07-21 21:47:27] [DEBUG] Attempting to load: \Develop\Controllers\ConsoleController::ServerBridgeAction
[2026-07-21 21:47:27] [DEBUG] Router: Executing \Develop\Controllers\ConsoleController->ServerBridgeAction
[2026-07-21 21:47:27] [DEBUG] ConsoleController::ServerBridge() start...
[2026-07-21 21:47:27] [DEBUG] ConsoleController::ServerBridge() \Develop\Controllers\ConsoleController::areaInitialAction()
[2026-07-21 21:47:27] [DEBUG] ConsoleController::AreaInitialAction() start...
[2026-07-21 21:47:27] [DEBUG] Screen::updateAreaA() path: \Develop\Views\AreaA\Area_A.view start...
[2026-07-21 21:47:27] [DEBUG] Screen::areaView() sending JSON: ["areas"]
[2026-07-21 21:47:27] [DEBUG] Screen::getContents() start...
[2026-07-21 21:47:27] [DEBUG] Screen::getContents() finish.
[2026-07-21 21:47:27] [DEBUG] Screen::updateAreaA() finish.
[2026-07-21 21:47:27] [DEBUG] Screen::updateAreaB() path: \Develop\Views\AreaB\Area_B.view start...
[2026-07-21 21:47:27] [DEBUG] Screen::getContents() start...
[2026-07-21 21:47:27] [DEBUG] Screen::getContents() finish.
[2026-07-21 21:47:27] [DEBUG] Screen::updateAreaB() finish.
[2026-07-21 21:47:27] [DEBUG] Screen::updateAreaD() path: \Develop\Views\AreaD\Area_D_clear.view start...
[2026-07-21 21:47:27] [DEBUG] Screen::getContents() start...
[2026-07-21 21:47:27] [DEBUG] Screen::getContents() finish.
[2026-07-21 21:47:27] [DEBUG] Screen::updateAreaD() finish.
[2026-07-21 21:47:27] [DEBUG] Screen::updateAreaE() [iframe起動版] path: \Develop\Views\AreaE\Area_E_clear.view start...
[2026-07-21 21:47:27] [DEBUG] Screen::getContents() start...
[2026-07-21 21:47:27] [DEBUG] Screen::getContents() finish.
[2026-07-21 21:47:27] [DEBUG] Screen::updateAreaE() finish.
[2026-07-21 21:47:27] [DEBUG] Screen::updateAreaF() path: \Develop\Views\AreaF\Area_F.view start...
[2026-07-21 21:47:27] [DEBUG] Screen::getContents() start...
[2026-07-21 21:47:27] [DEBUG] Screen::getContents() finish.
[2026-07-21 21:47:27] [DEBUG] Screen::updateAreaF() finish.
[2026-07-21 21:47:27] [DEBUG] ProjectController::startProjectNabi() start...
[2026-07-21 21:47:27] [DEBUG] ProjectController::getProjectListHtml() start...
[2026-07-21 21:47:27] [DEBUG] ProjectModel::getProjectList() start...
[2026-07-21 21:47:27] [DEBUG] ProjectModel::getProjectList() finish.
[2026-07-21 21:47:27] [DEBUG] CodeMasterModel：：getCodesByGroup() start...
[2026-07-21 21:47:27] [DEBUG] CodeMasterModel：：getCodesByGroup() finish.
[2026-07-21 21:47:27] [DEBUG] ProjectController::getNaviFooterHtml() start...
[2026-07-21 21:47:27] [DEBUG] ProjectController::getNaviFooterHtml() finish.
[2026-07-21 21:47:27] [DEBUG] ProjectController::startProjectNabi() finish.
[2026-07-21 21:47:27] [DEBUG] Screen::updateAreaC() \Develop\Views\AreaC\Area_C.view start...
[2026-07-21 21:47:27] [DEBUG] Screen::getContents() start...
[2026-07-21 21:47:27] [DEBUG] Screen::getContents() finish.
[2026-07-21 21:47:27] [DEBUG] Screen::updateAreaC() finish.
[2026-07-21 21:47:27] [DEBUG] ConsoleController::AreaInitialAction() finish.
[2026-07-21 21:47:27] [DEBUG] Screen::areaView() start...
[2026-07-21 21:47:27] [DEBUG] Screen::areaView() finish.
[2026-07-21 21:47:28] [DEBUG] --- wwProject System Start ---
[2026-07-21 21:47:28] [DEBUG] Router::Router() /jemini/wwProjectV1.50/Develop/Console/ServerBridgeAction/
[2026-07-21 21:47:28] [DEBUG] Attempting to load: \Develop\Controllers\ConsoleController::ServerBridgeAction
[2026-07-21 21:47:28] [DEBUG] Router: Executing \Develop\Controllers\ConsoleController->ServerBridgeAction
[2026-07-21 21:47:28] [DEBUG] ConsoleController::ServerBridge() start...
[2026-07-21 21:47:28] [DEBUG] ConsoleController::ServerBridge() \Develop\Controllers\PartsDefinitionController::InitialAction()
[2026-07-21 21:47:28] [DEBUG] DBDefinitionController::initialAction() start...
[2026-07-21 21:47:28] [DEBUG] PartsDefinitionController::initialAction() projectId : PRJ-D45FEF
[2026-07-21 21:47:28] [DEBUG] PartsDefinitionModel::getAllPartsList() start... Project ID: PRJ-D45FEF
[2026-07-21 21:47:28] [DEBUG] Screen::updateAreaD() path: \Develop\Views\AreaD\PartsDefinition\PartsDefinitionList.view start...
[2026-07-21 21:47:28] [DEBUG] Screen::getContents() start...
[2026-07-21 21:47:28] [DEBUG] Screen::getContents() finish.
[2026-07-21 21:47:28] [DEBUG] Screen::updateAreaD() finish.
[2026-07-21 21:47:28] [DEBUG] Screen::updateAreaE() [iframe起動版] path: \Develop\Views\AreaE\Area_E_clear.view start...
[2026-07-21 21:47:28] [DEBUG] Screen::getContents() start...
[2026-07-21 21:47:28] [DEBUG] Screen::getContents() finish.
[2026-07-21 21:47:28] [DEBUG] Screen::updateAreaE() finish.
[2026-07-21 21:47:28] [DEBUG] DBDefinitionController::initialAction() end.
[2026-07-21 21:47:28] [DEBUG] Screen::areaView() start...
[2026-07-21 21:47:28] [DEBUG] Screen::areaView() finish.
[2026-07-21 21:47:31] [DEBUG] --- wwProject System Start ---
[2026-07-21 21:47:31] [DEBUG] Router::Router() /jemini/wwProjectV1.50/Develop/Console/ServerBridgeAction/
[2026-07-21 21:47:31] [DEBUG] Attempting to load: \Develop\Controllers\ConsoleController::ServerBridgeAction
[2026-07-21 21:47:31] [DEBUG] Router: Executing \Develop\Controllers\ConsoleController->ServerBridgeAction
[2026-07-21 21:47:31] [DEBUG] ConsoleController::ServerBridge() start...
[2026-07-21 21:47:31] [DEBUG] ConsoleController::ServerBridge() \Develop\Controllers\PartsDefinitionController::editPartsAction()
[2026-07-21 21:47:31] [DEBUG] PartsDefinitionController::editPartsAction() start...
[2026-07-21 21:47:31] [DEBUG] PartsDefinitionModel::getAllPartsList() start... Project ID: PRJ-D45FEF
[2026-07-21 21:47:31] [DEBUG] PartsDefinitionModel::getColumnsByTableId() start... Input: newDevelopers
[2026-07-21 21:47:31] [DEBUG] 逆引き成功: 物理名 newDevelopers -> table_id : 12
[2026-07-21 21:47:31] [DEBUG] PartsDefinitionModel::getColumnsByTableId() finish. 件数: 9
[2026-07-21 21:47:31] [DEBUG] PartsDefinitionModel::getTableStructure() start... Project ID: PRJ-D45FEF
[2026-07-21 21:47:31] [DEBUG] Screen::updateAreaE() [iframe起動版] path: \Develop\Views\AreaE\PartsDefinition\RegistParts.view start...
[2026-07-21 21:47:31] [DEBUG] Screen::getContents() start...
[2026-07-21 21:47:31] [DEBUG] Screen::getContents() finish.
[2026-07-21 21:47:31] [DEBUG] Screen::updateAreaE() finish.
[2026-07-21 21:47:31] [DEBUG] PartsDefinitionController::editPartsAction() end.
[2026-07-21 21:47:31] [DEBUG] Screen::areaView() start...
[2026-07-21 21:47:31] [DEBUG] Screen::areaView() finish.
[2026-07-21 21:50:47] [DEBUG] --- wwProject System Start ---
[2026-07-21 21:50:47] [DEBUG] Router::Router() /jemini/wwProjectV1.50/Develop/Console/initial/
[2026-07-21 21:50:47] [DEBUG] Attempting to load: \Develop\Controllers\ConsoleController::initialAction
[2026-07-21 21:50:47] [DEBUG] Router: Executing \Develop\Controllers\ConsoleController->initialAction
[2026-07-21 21:50:47] [DEBUG] Console::initialAction() start...
[2026-07-21 21:50:47] [DEBUG] Screen::view() path: \Develop\Views\Console\Console.view start...
[2026-07-21 21:50:47] [DEBUG] Screen::getContents() start...
[2026-07-21 21:50:47] [DEBUG] Screen::getContents() finish.
[2026-07-21 21:50:47] [DEBUG] Screen::view() path: \Develop\Views\Console\Console.view finish.
[2026-07-21 21:50:47] [DEBUG] ConsoleController::initialAction() finish.
[2026-07-21 21:50:47] [DEBUG] --- wwProject System Start ---
[2026-07-21 21:50:47] [DEBUG] Router::Router() /jemini/wwProjectV1.50/Develop/Console/ServerBridgeAction/
[2026-07-21 21:50:47] [DEBUG] Attempting to load: \Develop\Controllers\ConsoleController::ServerBridgeAction
[2026-07-21 21:50:47] [DEBUG] Router: Executing \Develop\Controllers\ConsoleController->ServerBridgeAction
[2026-07-21 21:50:47] [DEBUG] ConsoleController::ServerBridge() start...
[2026-07-21 21:50:47] [DEBUG] ConsoleController::ServerBridge() \Develop\Controllers\ConsoleController::areaInitialAction()
[2026-07-21 21:50:47] [DEBUG] ConsoleController::AreaInitialAction() start...
[2026-07-21 21:50:47] [DEBUG] Screen::updateAreaA() path: \Develop\Views\AreaA\Area_A.view start...
[2026-07-21 21:50:47] [DEBUG] Screen::areaView() sending JSON: ["areas"]
[2026-07-21 21:50:47] [DEBUG] Screen::getContents() start...
[2026-07-21 21:50:47] [DEBUG] Screen::getContents() finish.
[2026-07-21 21:50:47] [DEBUG] Screen::updateAreaA() finish.
[2026-07-21 21:50:47] [DEBUG] Screen::updateAreaB() path: \Develop\Views\AreaB\Area_B.view start...
[2026-07-21 21:50:47] [DEBUG] Screen::getContents() start...
[2026-07-21 21:50:47] [DEBUG] Screen::getContents() finish.
[2026-07-21 21:50:47] [DEBUG] Screen::updateAreaB() finish.
[2026-07-21 21:50:47] [DEBUG] Screen::updateAreaD() path: \Develop\Views\AreaD\Area_D_clear.view start...
[2026-07-21 21:50:47] [DEBUG] Screen::getContents() start...
[2026-07-21 21:50:47] [DEBUG] Screen::getContents() finish.
[2026-07-21 21:50:47] [DEBUG] Screen::updateAreaD() finish.
[2026-07-21 21:50:47] [DEBUG] Screen::updateAreaE() [iframe起動版] path: \Develop\Views\AreaE\Area_E_clear.view start...
[2026-07-21 21:50:47] [DEBUG] Screen::getContents() start...
[2026-07-21 21:50:47] [DEBUG] Screen::getContents() finish.
[2026-07-21 21:50:47] [DEBUG] Screen::updateAreaE() finish.
[2026-07-21 21:50:47] [DEBUG] Screen::updateAreaF() path: \Develop\Views\AreaF\Area_F.view start...
[2026-07-21 21:50:47] [DEBUG] Screen::getContents() start...
[2026-07-21 21:50:47] [DEBUG] Screen::getContents() finish.
[2026-07-21 21:50:47] [DEBUG] Screen::updateAreaF() finish.
[2026-07-21 21:50:47] [DEBUG] ProjectController::startProjectNabi() start...
[2026-07-21 21:50:47] [DEBUG] ProjectController::getProjectListHtml() start...
[2026-07-21 21:50:47] [DEBUG] ProjectModel::getProjectList() start...
[2026-07-21 21:50:47] [DEBUG] ProjectModel::getProjectList() finish.
[2026-07-21 21:50:47] [DEBUG] CodeMasterModel：：getCodesByGroup() start...
[2026-07-21 21:50:47] [DEBUG] CodeMasterModel：：getCodesByGroup() finish.
[2026-07-21 21:50:47] [DEBUG] ProjectController::getNaviFooterHtml() start...
[2026-07-21 21:50:47] [DEBUG] ProjectController::getNaviFooterHtml() finish.
[2026-07-21 21:50:47] [DEBUG] ProjectController::startProjectNabi() finish.
[2026-07-21 21:50:47] [DEBUG] Screen::updateAreaC() \Develop\Views\AreaC\Area_C.view start...
[2026-07-21 21:50:47] [DEBUG] Screen::getContents() start...
[2026-07-21 21:50:47] [DEBUG] Screen::getContents() finish.
[2026-07-21 21:50:47] [DEBUG] Screen::updateAreaC() finish.
[2026-07-21 21:50:47] [DEBUG] ConsoleController::AreaInitialAction() finish.
[2026-07-21 21:50:47] [DEBUG] Screen::areaView() start...
[2026-07-21 21:50:47] [DEBUG] Screen::areaView() finish.
[2026-07-21 21:50:51] [DEBUG] --- wwProject System Start ---
[2026-07-21 21:50:51] [DEBUG] Router::Router() /jemini/wwProjectV1.50/Develop/Console/ServerBridgeAction/
[2026-07-21 21:50:51] [DEBUG] Attempting to load: \Develop\Controllers\ConsoleController::ServerBridgeAction
[2026-07-21 21:50:51] [DEBUG] Router: Executing \Develop\Controllers\ConsoleController->ServerBridgeAction
[2026-07-21 21:50:51] [DEBUG] ConsoleController::ServerBridge() start...
[2026-07-21 21:50:51] [DEBUG] ConsoleController::ServerBridge() \Develop\Controllers\PartsDefinitionController::InitialAction()
[2026-07-21 21:50:51] [DEBUG] DBDefinitionController::initialAction() start...
[2026-07-21 21:50:51] [DEBUG] PartsDefinitionController::initialAction() projectId : PRJ-D45FEF
[2026-07-21 21:50:51] [DEBUG] PartsDefinitionModel::getAllPartsList() start... Project ID: PRJ-D45FEF
[2026-07-21 21:50:51] [DEBUG] Screen::updateAreaD() path: \Develop\Views\AreaD\PartsDefinition\PartsDefinitionList.view start...
[2026-07-21 21:50:51] [DEBUG] Screen::getContents() start...
[2026-07-21 21:50:51] [DEBUG] Screen::getContents() finish.
[2026-07-21 21:50:51] [DEBUG] Screen::updateAreaD() finish.
[2026-07-21 21:50:51] [DEBUG] Screen::updateAreaE() [iframe起動版] path: \Develop\Views\AreaE\Area_E_clear.view start...
[2026-07-21 21:50:51] [DEBUG] Screen::getContents() start...
[2026-07-21 21:50:51] [DEBUG] Screen::getContents() finish.
[2026-07-21 21:50:51] [DEBUG] Screen::updateAreaE() finish.
[2026-07-21 21:50:51] [DEBUG] DBDefinitionController::initialAction() end.
[2026-07-21 21:50:51] [DEBUG] Screen::areaView() start...
[2026-07-21 21:50:51] [DEBUG] Screen::areaView() finish.
[2026-07-21 21:50:53] [DEBUG] --- wwProject System Start ---
[2026-07-21 21:50:53] [DEBUG] Router::Router() /jemini/wwProjectV1.50/Develop/Console/ServerBridgeAction/
[2026-07-21 21:50:53] [DEBUG] Attempting to load: \Develop\Controllers\ConsoleController::ServerBridgeAction
[2026-07-21 21:50:53] [DEBUG] Router: Executing \Develop\Controllers\ConsoleController->ServerBridgeAction
[2026-07-21 21:50:53] [DEBUG] ConsoleController::ServerBridge() start...
[2026-07-21 21:50:53] [DEBUG] ConsoleController::ServerBridge() \Develop\Controllers\PartsDefinitionController::editPartsAction()
[2026-07-21 21:50:53] [DEBUG] PartsDefinitionController::editPartsAction() start...
[2026-07-21 21:50:53] [DEBUG] PartsDefinitionModel::getAllPartsList() start... Project ID: PRJ-D45FEF
[2026-07-21 21:50:53] [DEBUG] PartsDefinitionModel::getColumnsByTableId() start... Input: newDevelopers
[2026-07-21 21:50:53] [DEBUG] 逆引き成功: 物理名 newDevelopers -> table_id : 12
[2026-07-21 21:50:53] [DEBUG] PartsDefinitionModel::getColumnsByTableId() finish. 件数: 9
[2026-07-21 21:50:53] [DEBUG] PartsDefinitionModel::getTableStructure() start... Project ID: PRJ-D45FEF
[2026-07-21 21:50:53] [DEBUG] Screen::updateAreaE() [iframe起動版] path: \Develop\Views\AreaE\PartsDefinition\RegistParts.view start...
[2026-07-21 21:50:53] [DEBUG] Screen::getContents() start...
[2026-07-21 21:50:53] [DEBUG] Screen::getContents() finish.
[2026-07-21 21:50:53] [DEBUG] Screen::updateAreaE() finish.
[2026-07-21 21:50:53] [DEBUG] PartsDefinitionController::editPartsAction() end.
[2026-07-21 21:50:53] [DEBUG] Screen::areaView() start...
[2026-07-21 21:50:53] [DEBUG] Screen::areaView() finish.
[2026-07-21 21:52:53] [DEBUG] --- wwProject System Start ---
[2026-07-21 21:52:53] [DEBUG] Router::Router() /jemini/wwProjectV1.50/Develop/Console/initial/
[2026-07-21 21:52:53] [DEBUG] Attempting to load: \Develop\Controllers\ConsoleController::initialAction
[2026-07-21 21:52:53] [DEBUG] Router: Executing \Develop\Controllers\ConsoleController->initialAction
[2026-07-21 21:52:53] [DEBUG] Console::initialAction() start...
[2026-07-21 21:52:53] [DEBUG] Screen::view() path: \Develop\Views\Console\Console.view start...
[2026-07-21 21:52:53] [DEBUG] Screen::getContents() start...
[2026-07-21 21:52:53] [DEBUG] Screen::getContents() finish.
[2026-07-21 21:52:53] [DEBUG] Screen::view() path: \Develop\Views\Console\Console.view finish.
[2026-07-21 21:52:53] [DEBUG] ConsoleController::initialAction() finish.
[2026-07-21 21:52:53] [DEBUG] --- wwProject System Start ---
[2026-07-21 21:52:53] [DEBUG] Router::Router() /jemini/wwProjectV1.50/Develop/Console/ServerBridgeAction/
[2026-07-21 21:52:53] [DEBUG] Attempting to load: \Develop\Controllers\ConsoleController::ServerBridgeAction
[2026-07-21 21:52:53] [DEBUG] Router: Executing \Develop\Controllers\ConsoleController->ServerBridgeAction
[2026-07-21 21:52:53] [DEBUG] ConsoleController::ServerBridge() start...
[2026-07-21 21:52:53] [DEBUG] ConsoleController::ServerBridge() \Develop\Controllers\ConsoleController::areaInitialAction()
[2026-07-21 21:52:53] [DEBUG] ConsoleController::AreaInitialAction() start...
[2026-07-21 21:52:53] [DEBUG] Screen::updateAreaA() path: \Develop\Views\AreaA\Area_A.view start...
[2026-07-21 21:52:53] [DEBUG] Screen::areaView() sending JSON: ["areas"]
[2026-07-21 21:52:53] [DEBUG] Screen::getContents() start...
[2026-07-21 21:52:53] [DEBUG] Screen::getContents() finish.
[2026-07-21 21:52:53] [DEBUG] Screen::updateAreaA() finish.
[2026-07-21 21:52:53] [DEBUG] Screen::updateAreaB() path: \Develop\Views\AreaB\Area_B.view start...
[2026-07-21 21:52:53] [DEBUG] Screen::getContents() start...
[2026-07-21 21:52:53] [DEBUG] Screen::getContents() finish.
[2026-07-21 21:52:53] [DEBUG] Screen::updateAreaB() finish.
[2026-07-21 21:52:53] [DEBUG] Screen::updateAreaD() path: \Develop\Views\AreaD\Area_D_clear.view start...
[2026-07-21 21:52:53] [DEBUG] Screen::getContents() start...
[2026-07-21 21:52:53] [DEBUG] Screen::getContents() finish.
[2026-07-21 21:52:53] [DEBUG] Screen::updateAreaD() finish.
[2026-07-21 21:52:53] [DEBUG] Screen::updateAreaE() [iframe起動版] path: \Develop\Views\AreaE\Area_E_clear.view start...
[2026-07-21 21:52:53] [DEBUG] Screen::getContents() start...
[2026-07-21 21:52:53] [DEBUG] Screen::getContents() finish.
[2026-07-21 21:52:53] [DEBUG] Screen::updateAreaE() finish.
[2026-07-21 21:52:53] [DEBUG] Screen::updateAreaF() path: \Develop\Views\AreaF\Area_F.view start...
[2026-07-21 21:52:53] [DEBUG] Screen::getContents() start...
[2026-07-21 21:52:53] [DEBUG] Screen::getContents() finish.
[2026-07-21 21:52:53] [DEBUG] Screen::updateAreaF() finish.
[2026-07-21 21:52:53] [DEBUG] ProjectController::startProjectNabi() start...
[2026-07-21 21:52:53] [DEBUG] ProjectController::getProjectListHtml() start...
[2026-07-21 21:52:53] [DEBUG] ProjectModel::getProjectList() start...
[2026-07-21 21:52:53] [DEBUG] ProjectModel::getProjectList() finish.
[2026-07-21 21:52:53] [DEBUG] CodeMasterModel：：getCodesByGroup() start...
[2026-07-21 21:52:53] [DEBUG] CodeMasterModel：：getCodesByGroup() finish.
[2026-07-21 21:52:53] [DEBUG] ProjectController::getNaviFooterHtml() start...
[2026-07-21 21:52:53] [DEBUG] ProjectController::getNaviFooterHtml() finish.
[2026-07-21 21:52:53] [DEBUG] ProjectController::startProjectNabi() finish.
[2026-07-21 21:52:53] [DEBUG] Screen::updateAreaC() \Develop\Views\AreaC\Area_C.view start...
[2026-07-21 21:52:53] [DEBUG] Screen::getContents() start...
[2026-07-21 21:52:53] [DEBUG] Screen::getContents() finish.
[2026-07-21 21:52:53] [DEBUG] Screen::updateAreaC() finish.
[2026-07-21 21:52:53] [DEBUG] ConsoleController::AreaInitialAction() finish.
[2026-07-21 21:52:53] [DEBUG] Screen::areaView() start...
[2026-07-21 21:52:53] [DEBUG] Screen::areaView() finish.
[2026-07-21 21:52:55] [DEBUG] --- wwProject System Start ---
[2026-07-21 21:52:55] [DEBUG] Router::Router() /jemini/wwProjectV1.50/Develop/Console/ServerBridgeAction/
[2026-07-21 21:52:55] [DEBUG] Attempting to load: \Develop\Controllers\ConsoleController::ServerBridgeAction
[2026-07-21 21:52:55] [DEBUG] Router: Executing \Develop\Controllers\ConsoleController->ServerBridgeAction
[2026-07-21 21:52:55] [DEBUG] ConsoleController::ServerBridge() start...
[2026-07-21 21:52:55] [DEBUG] ConsoleController::ServerBridge() \Develop\Controllers\PartsDefinitionController::InitialAction()
[2026-07-21 21:52:55] [DEBUG] DBDefinitionController::initialAction() start...
[2026-07-21 21:52:55] [DEBUG] PartsDefinitionController::initialAction() projectId : PRJ-D45FEF
[2026-07-21 21:52:55] [DEBUG] PartsDefinitionModel::getAllPartsList() start... Project ID: PRJ-D45FEF
[2026-07-21 21:52:55] [DEBUG] Screen::updateAreaD() path: \Develop\Views\AreaD\PartsDefinition\PartsDefinitionList.view start...
[2026-07-21 21:52:55] [DEBUG] Screen::getContents() start...
[2026-07-21 21:52:55] [DEBUG] Screen::getContents() finish.
[2026-07-21 21:52:55] [DEBUG] Screen::updateAreaD() finish.
[2026-07-21 21:52:55] [DEBUG] Screen::updateAreaE() [iframe起動版] path: \Develop\Views\AreaE\Area_E_clear.view start...
[2026-07-21 21:52:55] [DEBUG] Screen::getContents() start...
[2026-07-21 21:52:55] [DEBUG] Screen::getContents() finish.
[2026-07-21 21:52:55] [DEBUG] Screen::updateAreaE() finish.
[2026-07-21 21:52:55] [DEBUG] DBDefinitionController::initialAction() end.
[2026-07-21 21:52:55] [DEBUG] Screen::areaView() start...
[2026-07-21 21:52:55] [DEBUG] Screen::areaView() finish.
[2026-07-21 21:52:58] [DEBUG] --- wwProject System Start ---
[2026-07-21 21:52:58] [DEBUG] Router::Router() /jemini/wwProjectV1.50/Develop/Console/ServerBridgeAction/
[2026-07-21 21:52:58] [DEBUG] Attempting to load: \Develop\Controllers\ConsoleController::ServerBridgeAction
[2026-07-21 21:52:58] [DEBUG] Router: Executing \Develop\Controllers\ConsoleController->ServerBridgeAction
[2026-07-21 21:52:58] [DEBUG] ConsoleController::ServerBridge() start...
[2026-07-21 21:52:58] [DEBUG] ConsoleController::ServerBridge() \Develop\Controllers\PartsDefinitionController::editPartsAction()
[2026-07-21 21:52:58] [DEBUG] PartsDefinitionController::editPartsAction() start...
[2026-07-21 21:52:58] [DEBUG] PartsDefinitionModel::getAllPartsList() start... Project ID: PRJ-D45FEF
[2026-07-21 21:52:58] [DEBUG] PartsDefinitionModel::getColumnsByTableId() start... Input: newDevelopers
[2026-07-21 21:52:58] [DEBUG] 逆引き成功: 物理名 newDevelopers -> table_id : 12
[2026-07-21 21:52:58] [DEBUG] PartsDefinitionModel::getColumnsByTableId() finish. 件数: 9
[2026-07-21 21:52:58] [DEBUG] PartsDefinitionModel::getTableStructure() start... Project ID: PRJ-D45FEF
[2026-07-21 21:52:58] [DEBUG] Screen::updateAreaE() [iframe起動版] path: \Develop\Views\AreaE\PartsDefinition\RegistParts.view start...
[2026-07-21 21:52:58] [DEBUG] Screen::getContents() start...
[2026-07-21 21:52:58] [DEBUG] Screen::getContents() finish.
[2026-07-21 21:52:58] [DEBUG] Screen::updateAreaE() finish.
[2026-07-21 21:52:58] [DEBUG] PartsDefinitionController::editPartsAction() end.
[2026-07-21 21:52:58] [DEBUG] Screen::areaView() start...
[2026-07-21 21:52:58] [DEBUG] Screen::areaView() finish.
[2026-07-21 21:59:47] [DEBUG] --- wwProject System Start ---
[2026-07-21 21:59:47] [DEBUG] Router::Router() /jemini/wwProjectV1.50/Develop/Console/initial/
[2026-07-21 21:59:47] [DEBUG] Attempting to load: \Develop\Controllers\ConsoleController::initialAction
[2026-07-21 21:59:47] [DEBUG] Router: Executing \Develop\Controllers\ConsoleController->initialAction
[2026-07-21 21:59:47] [DEBUG] Console::initialAction() start...
[2026-07-21 21:59:47] [DEBUG] Screen::view() path: \Develop\Views\Console\Console.view start...
[2026-07-21 21:59:47] [DEBUG] Screen::getContents() start...
[2026-07-21 21:59:47] [DEBUG] Screen::getContents() finish.
[2026-07-21 21:59:47] [DEBUG] Screen::view() path: \Develop\Views\Console\Console.view finish.
[2026-07-21 21:59:47] [DEBUG] ConsoleController::initialAction() finish.
[2026-07-21 21:59:47] [DEBUG] --- wwProject System Start ---
[2026-07-21 21:59:47] [DEBUG] Router::Router() /jemini/wwProjectV1.50/Develop/Console/ServerBridgeAction/
[2026-07-21 21:59:47] [DEBUG] Attempting to load: \Develop\Controllers\ConsoleController::ServerBridgeAction
[2026-07-21 21:59:47] [DEBUG] Router: Executing \Develop\Controllers\ConsoleController->ServerBridgeAction
[2026-07-21 21:59:47] [DEBUG] ConsoleController::ServerBridge() start...
[2026-07-21 21:59:47] [DEBUG] ConsoleController::ServerBridge() \Develop\Controllers\ConsoleController::areaInitialAction()
[2026-07-21 21:59:47] [DEBUG] ConsoleController::AreaInitialAction() start...
[2026-07-21 21:59:47] [DEBUG] Screen::updateAreaA() path: \Develop\Views\AreaA\Area_A.view start...
[2026-07-21 21:59:47] [DEBUG] Screen::areaView() sending JSON: ["areas"]
[2026-07-21 21:59:47] [DEBUG] Screen::getContents() start...
[2026-07-21 21:59:47] [DEBUG] Screen::getContents() finish.
[2026-07-21 21:59:47] [DEBUG] Screen::updateAreaA() finish.
[2026-07-21 21:59:47] [DEBUG] Screen::updateAreaB() path: \Develop\Views\AreaB\Area_B.view start...
[2026-07-21 21:59:47] [DEBUG] Screen::getContents() start...
[2026-07-21 21:59:47] [DEBUG] Screen::getContents() finish.
[2026-07-21 21:59:47] [DEBUG] Screen::updateAreaB() finish.
[2026-07-21 21:59:47] [DEBUG] Screen::updateAreaD() path: \Develop\Views\AreaD\Area_D_clear.view start...
[2026-07-21 21:59:47] [DEBUG] Screen::getContents() start...
[2026-07-21 21:59:47] [DEBUG] Screen::getContents() finish.
[2026-07-21 21:59:47] [DEBUG] Screen::updateAreaD() finish.
[2026-07-21 21:59:47] [DEBUG] Screen::updateAreaE() [iframe起動版] path: \Develop\Views\AreaE\Area_E_clear.view start...
[2026-07-21 21:59:47] [DEBUG] Screen::getContents() start...
[2026-07-21 21:59:47] [DEBUG] Screen::getContents() finish.
[2026-07-21 21:59:47] [DEBUG] Screen::updateAreaE() finish.
[2026-07-21 21:59:47] [DEBUG] Screen::updateAreaF() path: \Develop\Views\AreaF\Area_F.view start...
[2026-07-21 21:59:47] [DEBUG] Screen::getContents() start...
[2026-07-21 21:59:47] [DEBUG] Screen::getContents() finish.
[2026-07-21 21:59:47] [DEBUG] Screen::updateAreaF() finish.
[2026-07-21 21:59:47] [DEBUG] ProjectController::startProjectNabi() start...
[2026-07-21 21:59:47] [DEBUG] ProjectController::getProjectListHtml() start...
[2026-07-21 21:59:47] [DEBUG] ProjectModel::getProjectList() start...
[2026-07-21 21:59:47] [DEBUG] ProjectModel::getProjectList() finish.
[2026-07-21 21:59:47] [DEBUG] CodeMasterModel：：getCodesByGroup() start...
[2026-07-21 21:59:47] [DEBUG] CodeMasterModel：：getCodesByGroup() finish.
[2026-07-21 21:59:47] [DEBUG] ProjectController::getNaviFooterHtml() start...
[2026-07-21 21:59:47] [DEBUG] ProjectController::getNaviFooterHtml() finish.
[2026-07-21 21:59:47] [DEBUG] ProjectController::startProjectNabi() finish.
[2026-07-21 21:59:47] [DEBUG] Screen::updateAreaC() \Develop\Views\AreaC\Area_C.view start...
[2026-07-21 21:59:47] [DEBUG] Screen::getContents() start...
[2026-07-21 21:59:47] [DEBUG] Screen::getContents() finish.
[2026-07-21 21:59:47] [DEBUG] Screen::updateAreaC() finish.
[2026-07-21 21:59:47] [DEBUG] ConsoleController::AreaInitialAction() finish.
[2026-07-21 21:59:47] [DEBUG] Screen::areaView() start...
[2026-07-21 21:59:47] [DEBUG] Screen::areaView() finish.
[2026-07-21 21:59:49] [DEBUG] --- wwProject System Start ---
[2026-07-21 21:59:49] [DEBUG] Router::Router() /jemini/wwProjectV1.50/Develop/Console/ServerBridgeAction/
[2026-07-21 21:59:49] [DEBUG] Attempting to load: \Develop\Controllers\ConsoleController::ServerBridgeAction
[2026-07-21 21:59:49] [DEBUG] Router: Executing \Develop\Controllers\ConsoleController->ServerBridgeAction
[2026-07-21 21:59:49] [DEBUG] ConsoleController::ServerBridge() start...
[2026-07-21 21:59:49] [DEBUG] ConsoleController::ServerBridge() \Develop\Controllers\PartsDefinitionController::InitialAction()
[2026-07-21 21:59:49] [DEBUG] DBDefinitionController::initialAction() start...
[2026-07-21 21:59:49] [DEBUG] PartsDefinitionController::initialAction() projectId : PRJ-D45FEF
[2026-07-21 21:59:49] [DEBUG] PartsDefinitionModel::getAllPartsList() start... Project ID: PRJ-D45FEF
[2026-07-21 21:59:49] [DEBUG] Screen::updateAreaD() path: \Develop\Views\AreaD\PartsDefinition\PartsDefinitionList.view start...
[2026-07-21 21:59:49] [DEBUG] Screen::getContents() start...
[2026-07-21 21:59:49] [DEBUG] Screen::getContents() finish.
[2026-07-21 21:59:49] [DEBUG] Screen::updateAreaD() finish.
[2026-07-21 21:59:49] [DEBUG] Screen::updateAreaE() [iframe起動版] path: \Develop\Views\AreaE\Area_E_clear.view start...
[2026-07-21 21:59:49] [DEBUG] Screen::getContents() start...
[2026-07-21 21:59:49] [DEBUG] Screen::getContents() finish.
[2026-07-21 21:59:49] [DEBUG] Screen::updateAreaE() finish.
[2026-07-21 21:59:49] [DEBUG] DBDefinitionController::initialAction() end.
[2026-07-21 21:59:49] [DEBUG] Screen::areaView() start...
[2026-07-21 21:59:49] [DEBUG] Screen::areaView() finish.
[2026-07-21 21:59:50] [DEBUG] --- wwProject System Start ---
[2026-07-21 21:59:50] [DEBUG] Router::Router() /jemini/wwProjectV1.50/Develop/Console/ServerBridgeAction/
[2026-07-21 21:59:50] [DEBUG] Attempting to load: \Develop\Controllers\ConsoleController::ServerBridgeAction
[2026-07-21 21:59:50] [DEBUG] Router: Executing \Develop\Controllers\ConsoleController->ServerBridgeAction
[2026-07-21 21:59:50] [DEBUG] ConsoleController::ServerBridge() start...
[2026-07-21 21:59:50] [DEBUG] ConsoleController::ServerBridge() \Develop\Controllers\PartsDefinitionController::editPartsAction()
[2026-07-21 21:59:50] [DEBUG] PartsDefinitionController::editPartsAction() start...
[2026-07-21 21:59:50] [DEBUG] PartsDefinitionModel::getAllPartsList() start... Project ID: PRJ-D45FEF
[2026-07-21 21:59:50] [DEBUG] PartsDefinitionModel::getColumnsByTableId() start... Input: newDevelopers
[2026-07-21 21:59:50] [DEBUG] 逆引き成功: 物理名 newDevelopers -> table_id : 12
[2026-07-21 21:59:50] [DEBUG] PartsDefinitionModel::getColumnsByTableId() finish. 件数: 9
[2026-07-21 21:59:50] [DEBUG] PartsDefinitionModel::getTableStructure() start... Project ID: PRJ-D45FEF
[2026-07-21 21:59:50] [DEBUG] Screen::updateAreaE() [iframe起動版] path: \Develop\Views\AreaE\PartsDefinition\RegistParts.view start...
[2026-07-21 21:59:50] [DEBUG] Screen::getContents() start...
[2026-07-21 21:59:50] [DEBUG] Screen::getContents() finish.
[2026-07-21 21:59:50] [DEBUG] Screen::updateAreaE() finish.
[2026-07-21 21:59:50] [DEBUG] PartsDefinitionController::editPartsAction() end.
[2026-07-21 21:59:50] [DEBUG] Screen::areaView() start...
[2026-07-21 21:59:50] [DEBUG] Screen::areaView() finish.
[2026-07-21 21:59:54] [DEBUG] --- wwProject System Start ---
[2026-07-21 21:59:54] [DEBUG] Router::Router() /jemini/wwProjectV1.50/Develop/Console/ServerBridgeAction/
[2026-07-21 21:59:54] [DEBUG] Attempting to load: \Develop\Controllers\ConsoleController::ServerBridgeAction
[2026-07-21 21:59:54] [DEBUG] Router: Executing \Develop\Controllers\ConsoleController->ServerBridgeAction
[2026-07-21 21:59:54] [DEBUG] ConsoleController::ServerBridge() start...
[2026-07-21 21:59:54] [DEBUG] ConsoleController::ServerBridge() \Develop\Controllers\PartsDefinitionController::getColumnsAction()
[2026-07-21 21:59:54] [DEBUG] PartsDefinitionController::getColumnsAction() start...
[2026-07-21 21:59:54] [DEBUG] PartsDefinitionModel::getColumnsByTableId() start... Input: ApplicationAndParticipate
[2026-07-21 21:59:54] [DEBUG] 逆引き成功: 物理名 ApplicationAndParticipate -> table_id : 19
[2026-07-21 21:59:54] [DEBUG] PartsDefinitionModel::getColumnsByTableId() finish. 件数: 8
[2026-07-21 21:59:54] [DEBUG] PartsDefinitionModel::getTableStructure() start... Project ID: PRJ-D45FEF
[2026-07-21 21:59:54] [DEBUG] Screen::updateAreaE() [iframe起動版] path: \Develop\Views\AreaE\PartsDefinition\RegistParts.view start...
[2026-07-21 21:59:54] [DEBUG] Screen::getContents() start...
[2026-07-21 21:59:54] [DEBUG] Screen::getContents() finish.
[2026-07-21 21:59:54] [DEBUG] Screen::updateAreaE() finish.
[2026-07-21 21:59:54] [DEBUG] PartsDefinitionController::getColumnsAction() end.
[2026-07-21 21:59:54] [DEBUG] Screen::areaView() start...
[2026-07-21 21:59:54] [DEBUG] Screen::areaView() finish.
[2026-07-21 21:59:58] [DEBUG] --- wwProject System Start ---
[2026-07-21 21:59:58] [DEBUG] Router::Router() /jemini/wwProjectV1.50/Develop/Console/ServerBridgeAction/
[2026-07-21 21:59:58] [DEBUG] Attempting to load: \Develop\Controllers\ConsoleController::ServerBridgeAction
[2026-07-21 21:59:58] [DEBUG] Router: Executing \Develop\Controllers\ConsoleController->ServerBridgeAction
[2026-07-21 21:59:58] [DEBUG] ConsoleController::ServerBridge() start...
[2026-07-21 21:59:58] [DEBUG] ConsoleController::ServerBridge() \Develop\Controllers\PartsDefinitionController::getColumnsAction()
[2026-07-21 21:59:58] [DEBUG] PartsDefinitionController::getColumnsAction() start...
[2026-07-21 21:59:58] [DEBUG] PartsDefinitionModel::getColumnsByTableId() start... Input: applicantmaster
[2026-07-21 21:59:58] [DEBUG] 逆引き成功: 物理名 applicantmaster -> table_id : 13
[2026-07-21 21:59:58] [DEBUG] PartsDefinitionModel::getColumnsByTableId() finish. 件数: 19
[2026-07-21 21:59:58] [DEBUG] PartsDefinitionModel::getTableStructure() start... Project ID: PRJ-D45FEF
[2026-07-21 21:59:58] [DEBUG] Screen::updateAreaE() [iframe起動版] path: \Develop\Views\AreaE\PartsDefinition\RegistParts.view start...
[2026-07-21 21:59:58] [DEBUG] Screen::getContents() start...
[2026-07-21 21:59:58] [DEBUG] Screen::getContents() finish.
[2026-07-21 21:59:58] [DEBUG] Screen::updateAreaE() finish.
[2026-07-21 21:59:58] [DEBUG] PartsDefinitionController::getColumnsAction() end.
[2026-07-21 21:59:58] [DEBUG] Screen::areaView() start...
[2026-07-21 21:59:59] [DEBUG] Screen::areaView() finish.
[2026-07-21 22:02:25] [DEBUG] --- wwProject System Start ---
[2026-07-21 22:02:25] [DEBUG] Router::Router() /jemini/wwProjectV1.50/Develop/Console/initial/
[2026-07-21 22:02:25] [DEBUG] Attempting to load: \Develop\Controllers\ConsoleController::initialAction
[2026-07-21 22:02:25] [DEBUG] Router: Executing \Develop\Controllers\ConsoleController->initialAction
[2026-07-21 22:02:25] [DEBUG] Console::initialAction() start...
[2026-07-21 22:02:25] [DEBUG] Screen::view() path: \Develop\Views\Console\Console.view start...
[2026-07-21 22:02:25] [DEBUG] Screen::getContents() start...
[2026-07-21 22:02:25] [DEBUG] Screen::getContents() finish.
[2026-07-21 22:02:25] [DEBUG] Screen::view() path: \Develop\Views\Console\Console.view finish.
[2026-07-21 22:02:25] [DEBUG] ConsoleController::initialAction() finish.
[2026-07-21 22:02:25] [DEBUG] --- wwProject System Start ---
[2026-07-21 22:02:25] [DEBUG] Router::Router() /jemini/wwProjectV1.50/Develop/Console/ServerBridgeAction/
[2026-07-21 22:02:25] [DEBUG] Attempting to load: \Develop\Controllers\ConsoleController::ServerBridgeAction
[2026-07-21 22:02:25] [DEBUG] Router: Executing \Develop\Controllers\ConsoleController->ServerBridgeAction
[2026-07-21 22:02:25] [DEBUG] ConsoleController::ServerBridge() start...
[2026-07-21 22:02:25] [DEBUG] ConsoleController::ServerBridge() \Develop\Controllers\ConsoleController::areaInitialAction()
[2026-07-21 22:02:25] [DEBUG] ConsoleController::AreaInitialAction() start...
[2026-07-21 22:02:25] [DEBUG] Screen::updateAreaA() path: \Develop\Views\AreaA\Area_A.view start...
[2026-07-21 22:02:25] [DEBUG] Screen::areaView() sending JSON: ["areas"]
[2026-07-21 22:02:25] [DEBUG] Screen::getContents() start...
[2026-07-21 22:02:25] [DEBUG] Screen::getContents() finish.
[2026-07-21 22:02:25] [DEBUG] Screen::updateAreaA() finish.
[2026-07-21 22:02:25] [DEBUG] Screen::updateAreaB() path: \Develop\Views\AreaB\Area_B.view start...
[2026-07-21 22:02:25] [DEBUG] Screen::getContents() start...
[2026-07-21 22:02:25] [DEBUG] Screen::getContents() finish.
[2026-07-21 22:02:25] [DEBUG] Screen::updateAreaB() finish.
[2026-07-21 22:02:25] [DEBUG] Screen::updateAreaD() path: \Develop\Views\AreaD\Area_D_clear.view start...
[2026-07-21 22:02:25] [DEBUG] Screen::getContents() start...
[2026-07-21 22:02:25] [DEBUG] Screen::getContents() finish.
[2026-07-21 22:02:25] [DEBUG] Screen::updateAreaD() finish.
[2026-07-21 22:02:25] [DEBUG] Screen::updateAreaE() [iframe起動版] path: \Develop\Views\AreaE\Area_E_clear.view start...
[2026-07-21 22:02:25] [DEBUG] Screen::getContents() start...
[2026-07-21 22:02:25] [DEBUG] Screen::getContents() finish.
[2026-07-21 22:02:25] [DEBUG] Screen::updateAreaE() finish.
[2026-07-21 22:02:25] [DEBUG] Screen::updateAreaF() path: \Develop\Views\AreaF\Area_F.view start...
[2026-07-21 22:02:25] [DEBUG] Screen::getContents() start...
[2026-07-21 22:02:25] [DEBUG] Screen::getContents() finish.
[2026-07-21 22:02:25] [DEBUG] Screen::updateAreaF() finish.
[2026-07-21 22:02:25] [DEBUG] ProjectController::startProjectNabi() start...
[2026-07-21 22:02:25] [DEBUG] ProjectController::getProjectListHtml() start...
[2026-07-21 22:02:25] [DEBUG] ProjectModel::getProjectList() start...
[2026-07-21 22:02:25] [DEBUG] ProjectModel::getProjectList() finish.
[2026-07-21 22:02:25] [DEBUG] CodeMasterModel：：getCodesByGroup() start...
[2026-07-21 22:02:25] [DEBUG] CodeMasterModel：：getCodesByGroup() finish.
[2026-07-21 22:02:25] [DEBUG] ProjectController::getNaviFooterHtml() start...
[2026-07-21 22:02:25] [DEBUG] ProjectController::getNaviFooterHtml() finish.
[2026-07-21 22:02:25] [DEBUG] ProjectController::startProjectNabi() finish.
[2026-07-21 22:02:25] [DEBUG] Screen::updateAreaC() \Develop\Views\AreaC\Area_C.view start...
[2026-07-21 22:02:25] [DEBUG] Screen::getContents() start...
[2026-07-21 22:02:25] [DEBUG] Screen::getContents() finish.
[2026-07-21 22:02:25] [DEBUG] Screen::updateAreaC() finish.
[2026-07-21 22:02:25] [DEBUG] ConsoleController::AreaInitialAction() finish.
[2026-07-21 22:02:25] [DEBUG] Screen::areaView() start...
[2026-07-21 22:02:25] [DEBUG] Screen::areaView() finish.
[2026-07-21 22:02:27] [DEBUG] --- wwProject System Start ---
[2026-07-21 22:02:27] [DEBUG] Router::Router() /jemini/wwProjectV1.50/Develop/Console/ServerBridgeAction/
[2026-07-21 22:02:27] [DEBUG] Attempting to load: \Develop\Controllers\ConsoleController::ServerBridgeAction
[2026-07-21 22:02:27] [DEBUG] Router: Executing \Develop\Controllers\ConsoleController->ServerBridgeAction
[2026-07-21 22:02:27] [DEBUG] ConsoleController::ServerBridge() start...
[2026-07-21 22:02:27] [DEBUG] ConsoleController::ServerBridge() \Develop\Controllers\PartsDefinitionController::InitialAction()
[2026-07-21 22:02:27] [DEBUG] DBDefinitionController::initialAction() start...
[2026-07-21 22:02:27] [DEBUG] PartsDefinitionController::initialAction() projectId : PRJ-D45FEF
[2026-07-21 22:02:27] [DEBUG] PartsDefinitionModel::getAllPartsList() start... Project ID: PRJ-D45FEF
[2026-07-21 22:02:27] [DEBUG] Screen::updateAreaD() path: \Develop\Views\AreaD\PartsDefinition\PartsDefinitionList.view start...
[2026-07-21 22:02:27] [DEBUG] Screen::getContents() start...
[2026-07-21 22:02:27] [DEBUG] Screen::getContents() finish.
[2026-07-21 22:02:27] [DEBUG] Screen::updateAreaD() finish.
[2026-07-21 22:02:27] [DEBUG] Screen::updateAreaE() [iframe起動版] path: \Develop\Views\AreaE\Area_E_clear.view start...
[2026-07-21 22:02:27] [DEBUG] Screen::getContents() start...
[2026-07-21 22:02:27] [DEBUG] Screen::getContents() finish.
[2026-07-21 22:02:27] [DEBUG] Screen::updateAreaE() finish.
[2026-07-21 22:02:27] [DEBUG] DBDefinitionController::initialAction() end.
[2026-07-21 22:02:27] [DEBUG] Screen::areaView() start...
[2026-07-21 22:02:27] [DEBUG] Screen::areaView() finish.
[2026-07-21 22:02:28] [DEBUG] --- wwProject System Start ---
[2026-07-21 22:02:28] [DEBUG] Router::Router() /jemini/wwProjectV1.50/Develop/Console/ServerBridgeAction/
[2026-07-21 22:02:28] [DEBUG] Attempting to load: \Develop\Controllers\ConsoleController::ServerBridgeAction
[2026-07-21 22:02:28] [DEBUG] Router: Executing \Develop\Controllers\ConsoleController->ServerBridgeAction
[2026-07-21 22:02:28] [DEBUG] ConsoleController::ServerBridge() start...
[2026-07-21 22:02:28] [DEBUG] ConsoleController::ServerBridge() \Develop\Controllers\PartsDefinitionController::editPartsAction()
[2026-07-21 22:02:28] [DEBUG] PartsDefinitionController::editPartsAction() start...
[2026-07-21 22:02:28] [DEBUG] PartsDefinitionModel::getAllPartsList() start... Project ID: PRJ-D45FEF
[2026-07-21 22:02:28] [DEBUG] PartsDefinitionModel::getColumnsByTableId() start... Input: newDevelopers
[2026-07-21 22:02:28] [DEBUG] 逆引き成功: 物理名 newDevelopers -> table_id : 12
[2026-07-21 22:02:28] [DEBUG] PartsDefinitionModel::getColumnsByTableId() finish. 件数: 9
[2026-07-21 22:02:28] [DEBUG] PartsDefinitionModel::getTableStructure() start... Project ID: PRJ-D45FEF
[2026-07-21 22:02:28] [DEBUG] Screen::updateAreaE() [iframe起動版] path: \Develop\Views\AreaE\PartsDefinition\RegistParts.view start...
[2026-07-21 22:02:28] [DEBUG] Screen::getContents() start...
[2026-07-21 22:02:29] [DEBUG] Screen::getContents() finish.
[2026-07-21 22:02:29] [DEBUG] Screen::updateAreaE() finish.
[2026-07-21 22:02:29] [DEBUG] PartsDefinitionController::editPartsAction() end.
[2026-07-21 22:02:29] [DEBUG] Screen::areaView() start...
[2026-07-21 22:02:29] [DEBUG] Screen::areaView() finish.
[2026-07-21 22:02:31] [DEBUG] --- wwProject System Start ---
[2026-07-21 22:02:31] [DEBUG] Router::Router() /jemini/wwProjectV1.50/Develop/Console/ServerBridgeAction/
[2026-07-21 22:02:31] [DEBUG] Attempting to load: \Develop\Controllers\ConsoleController::ServerBridgeAction
[2026-07-21 22:02:31] [DEBUG] Router: Executing \Develop\Controllers\ConsoleController->ServerBridgeAction
[2026-07-21 22:02:31] [DEBUG] ConsoleController::ServerBridge() start...
[2026-07-21 22:02:31] [DEBUG] ConsoleController::ServerBridge() \Develop\Controllers\PartsDefinitionController::editPartsAction()
[2026-07-21 22:02:31] [DEBUG] PartsDefinitionController::editPartsAction() start...
[2026-07-21 22:02:31] [DEBUG] PartsDefinitionModel::getAllPartsList() start... Project ID: PRJ-D45FEF
[2026-07-21 22:02:31] [DEBUG] PartsDefinitionModel::getColumnsByTableId() start... Input: newDevelopers
[2026-07-21 22:02:31] [DEBUG] 逆引き成功: 物理名 newDevelopers -> table_id : 12
[2026-07-21 22:02:31] [DEBUG] PartsDefinitionModel::getColumnsByTableId() finish. 件数: 9
[2026-07-21 22:02:31] [DEBUG] PartsDefinitionModel::getTableStructure() start... Project ID: PRJ-D45FEF
[2026-07-21 22:02:31] [DEBUG] Screen::updateAreaE() [iframe起動版] path: \Develop\Views\AreaE\PartsDefinition\RegistParts.view start...
[2026-07-21 22:02:31] [DEBUG] Screen::getContents() start...
[2026-07-21 22:02:31] [DEBUG] Screen::getContents() finish.
[2026-07-21 22:02:31] [DEBUG] Screen::updateAreaE() finish.
[2026-07-21 22:02:31] [DEBUG] PartsDefinitionController::editPartsAction() end.
[2026-07-21 22:02:31] [DEBUG] Screen::areaView() start...
[2026-07-21 22:02:31] [DEBUG] Screen::areaView() finish.
[2026-07-21 22:03:32] [DEBUG] --- wwProject System Start ---
[2026-07-21 22:03:32] [DEBUG] Router::Router() /jemini/wwProjectV1.50/Develop/Console/initial/
[2026-07-21 22:03:32] [DEBUG] Attempting to load: \Develop\Controllers\ConsoleController::initialAction
[2026-07-21 22:03:32] [DEBUG] Router: Executing \Develop\Controllers\ConsoleController->initialAction
[2026-07-21 22:03:32] [DEBUG] Console::initialAction() start...
[2026-07-21 22:03:32] [DEBUG] Screen::view() path: \Develop\Views\Console\Console.view start...
[2026-07-21 22:03:32] [DEBUG] Screen::getContents() start...
[2026-07-21 22:03:32] [DEBUG] Screen::getContents() finish.
[2026-07-21 22:03:32] [DEBUG] Screen::view() path: \Develop\Views\Console\Console.view finish.
[2026-07-21 22:03:32] [DEBUG] ConsoleController::initialAction() finish.
[2026-07-21 22:03:32] [DEBUG] --- wwProject System Start ---
[2026-07-21 22:03:32] [DEBUG] Router::Router() /jemini/wwProjectV1.50/Develop/Console/ServerBridgeAction/
[2026-07-21 22:03:32] [DEBUG] Attempting to load: \Develop\Controllers\ConsoleController::ServerBridgeAction
[2026-07-21 22:03:32] [DEBUG] Router: Executing \Develop\Controllers\ConsoleController->ServerBridgeAction
[2026-07-21 22:03:32] [DEBUG] ConsoleController::ServerBridge() start...
[2026-07-21 22:03:32] [DEBUG] ConsoleController::ServerBridge() \Develop\Controllers\ConsoleController::areaInitialAction()
[2026-07-21 22:03:32] [DEBUG] ConsoleController::AreaInitialAction() start...
[2026-07-21 22:03:32] [DEBUG] Screen::updateAreaA() path: \Develop\Views\AreaA\Area_A.view start...
[2026-07-21 22:03:32] [DEBUG] Screen::areaView() sending JSON: ["areas"]
[2026-07-21 22:03:32] [DEBUG] Screen::getContents() start...
[2026-07-21 22:03:32] [DEBUG] Screen::getContents() finish.
[2026-07-21 22:03:32] [DEBUG] Screen::updateAreaA() finish.
[2026-07-21 22:03:32] [DEBUG] Screen::updateAreaB() path: \Develop\Views\AreaB\Area_B.view start...
[2026-07-21 22:03:32] [DEBUG] Screen::getContents() start...
[2026-07-21 22:03:32] [DEBUG] Screen::getContents() finish.
[2026-07-21 22:03:32] [DEBUG] Screen::updateAreaB() finish.
[2026-07-21 22:03:32] [DEBUG] Screen::updateAreaD() path: \Develop\Views\AreaD\Area_D_clear.view start...
[2026-07-21 22:03:32] [DEBUG] Screen::getContents() start...
[2026-07-21 22:03:32] [DEBUG] Screen::getContents() finish.
[2026-07-21 22:03:32] [DEBUG] Screen::updateAreaD() finish.
[2026-07-21 22:03:32] [DEBUG] Screen::updateAreaE() [iframe起動版] path: \Develop\Views\AreaE\Area_E_clear.view start...
[2026-07-21 22:03:32] [DEBUG] Screen::getContents() start...
[2026-07-21 22:03:32] [DEBUG] Screen::getContents() finish.
[2026-07-21 22:03:32] [DEBUG] Screen::updateAreaE() finish.
[2026-07-21 22:03:32] [DEBUG] Screen::updateAreaF() path: \Develop\Views\AreaF\Area_F.view start...
[2026-07-21 22:03:32] [DEBUG] Screen::getContents() start...
[2026-07-21 22:03:32] [DEBUG] Screen::getContents() finish.
[2026-07-21 22:03:32] [DEBUG] Screen::updateAreaF() finish.
[2026-07-21 22:03:32] [DEBUG] ProjectController::startProjectNabi() start...
[2026-07-21 22:03:32] [DEBUG] ProjectController::getProjectListHtml() start...
[2026-07-21 22:03:32] [DEBUG] ProjectModel::getProjectList() start...
[2026-07-21 22:03:32] [DEBUG] ProjectModel::getProjectList() finish.
[2026-07-21 22:03:32] [DEBUG] CodeMasterModel：：getCodesByGroup() start...
[2026-07-21 22:03:32] [DEBUG] CodeMasterModel：：getCodesByGroup() finish.
[2026-07-21 22:03:32] [DEBUG] ProjectController::getNaviFooterHtml() start...
[2026-07-21 22:03:32] [DEBUG] ProjectController::getNaviFooterHtml() finish.
[2026-07-21 22:03:32] [DEBUG] ProjectController::startProjectNabi() finish.
[2026-07-21 22:03:32] [DEBUG] Screen::updateAreaC() \Develop\Views\AreaC\Area_C.view start...
[2026-07-21 22:03:32] [DEBUG] Screen::getContents() start...
[2026-07-21 22:03:32] [DEBUG] Screen::getContents() finish.
[2026-07-21 22:03:32] [DEBUG] Screen::updateAreaC() finish.
[2026-07-21 22:03:32] [DEBUG] ConsoleController::AreaInitialAction() finish.
[2026-07-21 22:03:32] [DEBUG] Screen::areaView() start...
[2026-07-21 22:03:32] [DEBUG] Screen::areaView() finish.
[2026-07-21 22:03:34] [DEBUG] --- wwProject System Start ---
[2026-07-21 22:03:34] [DEBUG] Router::Router() /jemini/wwProjectV1.50/Develop/Console/ServerBridgeAction/
[2026-07-21 22:03:34] [DEBUG] Attempting to load: \Develop\Controllers\ConsoleController::ServerBridgeAction
[2026-07-21 22:03:34] [DEBUG] Router: Executing \Develop\Controllers\ConsoleController->ServerBridgeAction
[2026-07-21 22:03:34] [DEBUG] ConsoleController::ServerBridge() start...
[2026-07-21 22:03:34] [DEBUG] ConsoleController::ServerBridge() \Develop\Controllers\PartsDefinitionController::InitialAction()
[2026-07-21 22:03:34] [DEBUG] DBDefinitionController::initialAction() start...
[2026-07-21 22:03:34] [DEBUG] PartsDefinitionController::initialAction() projectId : PRJ-D45FEF
[2026-07-21 22:03:34] [DEBUG] PartsDefinitionModel::getAllPartsList() start... Project ID: PRJ-D45FEF
[2026-07-21 22:03:34] [DEBUG] Screen::updateAreaD() path: \Develop\Views\AreaD\PartsDefinition\PartsDefinitionList.view start...
[2026-07-21 22:03:34] [DEBUG] Screen::getContents() start...
[2026-07-21 22:03:34] [DEBUG] Screen::getContents() finish.
[2026-07-21 22:03:34] [DEBUG] Screen::updateAreaD() finish.
[2026-07-21 22:03:34] [DEBUG] Screen::updateAreaE() [iframe起動版] path: \Develop\Views\AreaE\Area_E_clear.view start...
[2026-07-21 22:03:34] [DEBUG] Screen::getContents() start...
[2026-07-21 22:03:34] [DEBUG] Screen::getContents() finish.
[2026-07-21 22:03:34] [DEBUG] Screen::updateAreaE() finish.
[2026-07-21 22:03:34] [DEBUG] DBDefinitionController::initialAction() end.
[2026-07-21 22:03:34] [DEBUG] Screen::areaView() start...
[2026-07-21 22:03:34] [DEBUG] Screen::areaView() finish.
[2026-07-21 22:03:36] [DEBUG] --- wwProject System Start ---
[2026-07-21 22:03:36] [DEBUG] Router::Router() /jemini/wwProjectV1.50/Develop/Console/ServerBridgeAction/
[2026-07-21 22:03:36] [DEBUG] Attempting to load: \Develop\Controllers\ConsoleController::ServerBridgeAction
[2026-07-21 22:03:36] [DEBUG] Router: Executing \Develop\Controllers\ConsoleController->ServerBridgeAction
[2026-07-21 22:03:36] [DEBUG] ConsoleController::ServerBridge() start...
[2026-07-21 22:03:36] [DEBUG] ConsoleController::ServerBridge() \Develop\Controllers\PartsDefinitionController::editPartsAction()
[2026-07-21 22:03:36] [DEBUG] PartsDefinitionController::editPartsAction() start...
[2026-07-21 22:03:36] [DEBUG] PartsDefinitionModel::getAllPartsList() start... Project ID: PRJ-D45FEF
[2026-07-21 22:03:36] [DEBUG] PartsDefinitionModel::getColumnsByTableId() start... Input: newDevelopers
[2026-07-21 22:03:36] [DEBUG] 逆引き成功: 物理名 newDevelopers -> table_id : 12
[2026-07-21 22:03:36] [DEBUG] PartsDefinitionModel::getColumnsByTableId() finish. 件数: 9
[2026-07-21 22:03:36] [DEBUG] PartsDefinitionModel::getTableStructure() start... Project ID: PRJ-D45FEF
[2026-07-21 22:03:36] [DEBUG] Screen::updateAreaE() [iframe起動版] path: \Develop\Views\AreaE\PartsDefinition\RegistParts.view start...
[2026-07-21 22:03:36] [DEBUG] Screen::getContents() start...
[2026-07-21 22:03:36] [DEBUG] Screen::getContents() finish.
[2026-07-21 22:03:36] [DEBUG] Screen::updateAreaE() finish.
[2026-07-21 22:03:36] [DEBUG] PartsDefinitionController::editPartsAction() end.
[2026-07-21 22:03:36] [DEBUG] Screen::areaView() start...
[2026-07-21 22:03:36] [DEBUG] Screen::areaView() finish.
[2026-07-21 22:03:42] [DEBUG] --- wwProject System Start ---
[2026-07-21 22:03:42] [DEBUG] Router::Router() /jemini/wwProjectV1.50/Develop/Console/ServerBridgeAction/
[2026-07-21 22:03:42] [DEBUG] Attempting to load: \Develop\Controllers\ConsoleController::ServerBridgeAction
[2026-07-21 22:03:42] [DEBUG] Router: Executing \Develop\Controllers\ConsoleController->ServerBridgeAction
[2026-07-21 22:03:42] [DEBUG] ConsoleController::ServerBridge() start...
[2026-07-21 22:03:42] [DEBUG] ConsoleController::ServerBridge() \Develop\Controllers\PartsDefinitionController::editPartsAction()
[2026-07-21 22:03:42] [DEBUG] PartsDefinitionController::editPartsAction() start...
[2026-07-21 22:03:42] [DEBUG] PartsDefinitionModel::getAllPartsList() start... Project ID: PRJ-D45FEF
[2026-07-21 22:03:42] [DEBUG] PartsDefinitionModel::getColumnsByTableId() start... Input: newDevelopers
[2026-07-21 22:03:42] [DEBUG] 逆引き成功: 物理名 newDevelopers -> table_id : 12
[2026-07-21 22:03:42] [DEBUG] PartsDefinitionModel::getColumnsByTableId() finish. 件数: 9
[2026-07-21 22:03:42] [DEBUG] PartsDefinitionModel::getTableStructure() start... Project ID: PRJ-D45FEF
[2026-07-21 22:03:42] [DEBUG] Screen::updateAreaE() [iframe起動版] path: \Develop\Views\AreaE\PartsDefinition\RegistParts.view start...
[2026-07-21 22:03:42] [DEBUG] Screen::getContents() start...
[2026-07-21 22:03:42] [DEBUG] Screen::getContents() finish.
[2026-07-21 22:03:42] [DEBUG] Screen::updateAreaE() finish.
[2026-07-21 22:03:42] [DEBUG] PartsDefinitionController::editPartsAction() end.
[2026-07-21 22:03:42] [DEBUG] Screen::areaView() start...
[2026-07-21 22:03:42] [DEBUG] Screen::areaView() finish.
[2026-07-21 22:03:43] [DEBUG] --- wwProject System Start ---
[2026-07-21 22:03:43] [DEBUG] Router::Router() /jemini/wwProjectV1.50/Develop/Console/ServerBridgeAction/
[2026-07-21 22:03:43] [DEBUG] Attempting to load: \Develop\Controllers\ConsoleController::ServerBridgeAction
[2026-07-21 22:03:43] [DEBUG] Router: Executing \Develop\Controllers\ConsoleController->ServerBridgeAction
[2026-07-21 22:03:43] [DEBUG] ConsoleController::ServerBridge() start...
[2026-07-21 22:03:43] [DEBUG] ConsoleController::ServerBridge() \Develop\Controllers\PartsDefinitionController::editPartsAction()
[2026-07-21 22:03:43] [DEBUG] PartsDefinitionController::editPartsAction() start...
[2026-07-21 22:03:43] [DEBUG] PartsDefinitionModel::getAllPartsList() start... Project ID: PRJ-D45FEF
[2026-07-21 22:03:43] [DEBUG] PartsDefinitionModel::getColumnsByTableId() start... Input: newDevelopers
[2026-07-21 22:03:43] [DEBUG] 逆引き成功: 物理名 newDevelopers -> table_id : 12
[2026-07-21 22:03:43] [DEBUG] PartsDefinitionModel::getColumnsByTableId() finish. 件数: 9
[2026-07-21 22:03:43] [DEBUG] PartsDefinitionModel::getTableStructure() start... Project ID: PRJ-D45FEF
[2026-07-21 22:03:43] [DEBUG] Screen::updateAreaE() [iframe起動版] path: \Develop\Views\AreaE\PartsDefinition\RegistParts.view start...
[2026-07-21 22:03:43] [DEBUG] Screen::getContents() start...
[2026-07-21 22:03:43] [DEBUG] Screen::getContents() finish.
[2026-07-21 22:03:43] [DEBUG] Screen::updateAreaE() finish.
[2026-07-21 22:03:43] [DEBUG] PartsDefinitionController::editPartsAction() end.
[2026-07-21 22:03:43] [DEBUG] Screen::areaView() start...
[2026-07-21 22:03:43] [DEBUG] Screen::areaView() finish.
[2026-07-21 22:03:45] [DEBUG] --- wwProject System Start ---
[2026-07-21 22:03:45] [DEBUG] Router::Router() /jemini/wwProjectV1.50/Develop/Console/ServerBridgeAction/
[2026-07-21 22:03:45] [DEBUG] Attempting to load: \Develop\Controllers\ConsoleController::ServerBridgeAction
[2026-07-21 22:03:45] [DEBUG] Router: Executing \Develop\Controllers\ConsoleController->ServerBridgeAction
[2026-07-21 22:03:45] [DEBUG] ConsoleController::ServerBridge() start...
[2026-07-21 22:03:45] [DEBUG] ConsoleController::ServerBridge() \Develop\Controllers\PartsDefinitionController::editPartsAction()
[2026-07-21 22:03:45] [DEBUG] PartsDefinitionController::editPartsAction() start...
[2026-07-21 22:03:45] [DEBUG] PartsDefinitionModel::getAllPartsList() start... Project ID: PRJ-D45FEF
[2026-07-21 22:03:45] [DEBUG] PartsDefinitionModel::getTableStructure() start... Project ID: PRJ-D45FEF
[2026-07-21 22:03:45] [DEBUG] Screen::updateAreaE() [iframe起動版] path: \Develop\Views\AreaE\PartsDefinition\RegistParts.view start...
[2026-07-21 22:03:45] [DEBUG] Screen::getContents() start...
[2026-07-21 22:03:45] [DEBUG] Screen::getContents() finish.
[2026-07-21 22:03:45] [DEBUG] Screen::updateAreaE() finish.
[2026-07-21 22:03:45] [DEBUG] PartsDefinitionController::editPartsAction() end.
[2026-07-21 22:03:45] [DEBUG] Screen::areaView() start...
[2026-07-21 22:03:45] [DEBUG] Screen::areaView() finish.
[2026-07-21 22:03:46] [DEBUG] --- wwProject System Start ---
[2026-07-21 22:03:46] [DEBUG] Router::Router() /jemini/wwProjectV1.50/Develop/Console/ServerBridgeAction/
[2026-07-21 22:03:46] [DEBUG] Attempting to load: \Develop\Controllers\ConsoleController::ServerBridgeAction
[2026-07-21 22:03:46] [DEBUG] Router: Executing \Develop\Controllers\ConsoleController->ServerBridgeAction
[2026-07-21 22:03:46] [DEBUG] ConsoleController::ServerBridge() start...
[2026-07-21 22:03:46] [DEBUG] ConsoleController::ServerBridge() \Develop\Controllers\PartsDefinitionController::editPartsAction()
[2026-07-21 22:03:46] [DEBUG] PartsDefinitionController::editPartsAction() start...
[2026-07-21 22:03:46] [DEBUG] PartsDefinitionModel::getAllPartsList() start... Project ID: PRJ-D45FEF
[2026-07-21 22:03:46] [DEBUG] PartsDefinitionModel::getTableStructure() start... Project ID: PRJ-D45FEF
[2026-07-21 22:03:46] [DEBUG] Screen::updateAreaE() [iframe起動版] path: \Develop\Views\AreaE\PartsDefinition\RegistParts.view start...
[2026-07-21 22:03:46] [DEBUG] Screen::getContents() start...
[2026-07-21 22:03:46] [DEBUG] Screen::getContents() finish.
[2026-07-21 22:03:46] [DEBUG] Screen::updateAreaE() finish.
[2026-07-21 22:03:46] [DEBUG] PartsDefinitionController::editPartsAction() end.
[2026-07-21 22:03:46] [DEBUG] Screen::areaView() start...
[2026-07-21 22:03:46] [DEBUG] Screen::areaView() finish.
[2026-07-21 22:03:47] [DEBUG] --- wwProject System Start ---
[2026-07-21 22:03:47] [DEBUG] Router::Router() /jemini/wwProjectV1.50/Develop/Console/ServerBridgeAction/
[2026-07-21 22:03:47] [DEBUG] Attempting to load: \Develop\Controllers\ConsoleController::ServerBridgeAction
[2026-07-21 22:03:47] [DEBUG] Router: Executing \Develop\Controllers\ConsoleController->ServerBridgeAction
[2026-07-21 22:03:47] [DEBUG] ConsoleController::ServerBridge() start...
[2026-07-21 22:03:47] [DEBUG] ConsoleController::ServerBridge() \Develop\Controllers\PartsDefinitionController::editPartsAction()
[2026-07-21 22:03:47] [DEBUG] PartsDefinitionController::editPartsAction() start...
[2026-07-21 22:03:47] [DEBUG] PartsDefinitionModel::getAllPartsList() start... Project ID: PRJ-D45FEF
[2026-07-21 22:03:47] [DEBUG] PartsDefinitionModel::getTableStructure() start... Project ID: PRJ-D45FEF
[2026-07-21 22:03:47] [DEBUG] Screen::updateAreaE() [iframe起動版] path: \Develop\Views\AreaE\PartsDefinition\RegistParts.view start...
[2026-07-21 22:03:47] [DEBUG] Screen::getContents() start...
[2026-07-21 22:03:47] [DEBUG] Screen::getContents() finish.
[2026-07-21 22:03:47] [DEBUG] Screen::updateAreaE() finish.
[2026-07-21 22:03:47] [DEBUG] PartsDefinitionController::editPartsAction() end.
[2026-07-21 22:03:47] [DEBUG] Screen::areaView() start...
[2026-07-21 22:03:47] [DEBUG] Screen::areaView() finish.
[2026-07-21 22:03:48] [DEBUG] --- wwProject System Start ---
[2026-07-21 22:03:48] [DEBUG] Router::Router() /jemini/wwProjectV1.50/Develop/Console/ServerBridgeAction/
[2026-07-21 22:03:48] [DEBUG] Attempting to load: \Develop\Controllers\ConsoleController::ServerBridgeAction
[2026-07-21 22:03:48] [DEBUG] Router: Executing \Develop\Controllers\ConsoleController->ServerBridgeAction
[2026-07-21 22:03:48] [DEBUG] ConsoleController::ServerBridge() start...
[2026-07-21 22:03:48] [DEBUG] ConsoleController::ServerBridge() \Develop\Controllers\PartsDefinitionController::editPartsAction()
[2026-07-21 22:03:48] [DEBUG] PartsDefinitionController::editPartsAction() start...
[2026-07-21 22:03:48] [DEBUG] PartsDefinitionModel::getAllPartsList() start... Project ID: PRJ-D45FEF
[2026-07-21 22:03:48] [DEBUG] PartsDefinitionModel::getTableStructure() start... Project ID: PRJ-D45FEF
[2026-07-21 22:03:48] [DEBUG] Screen::updateAreaE() [iframe起動版] path: \Develop\Views\AreaE\PartsDefinition\RegistParts.view start...
[2026-07-21 22:03:48] [DEBUG] Screen::getContents() start...
[2026-07-21 22:03:48] [DEBUG] Screen::getContents() finish.
[2026-07-21 22:03:48] [DEBUG] Screen::updateAreaE() finish.
[2026-07-21 22:03:48] [DEBUG] PartsDefinitionController::editPartsAction() end.
[2026-07-21 22:03:48] [DEBUG] Screen::areaView() start...
[2026-07-21 22:03:48] [DEBUG] Screen::areaView() finish.
[2026-07-21 22:03:49] [DEBUG] --- wwProject System Start ---
[2026-07-21 22:03:49] [DEBUG] Router::Router() /jemini/wwProjectV1.50/Develop/Console/ServerBridgeAction/
[2026-07-21 22:03:49] [DEBUG] Attempting to load: \Develop\Controllers\ConsoleController::ServerBridgeAction
[2026-07-21 22:03:49] [DEBUG] Router: Executing \Develop\Controllers\ConsoleController->ServerBridgeAction
[2026-07-21 22:03:49] [DEBUG] ConsoleController::ServerBridge() start...
[2026-07-21 22:03:49] [DEBUG] ConsoleController::ServerBridge() \Develop\Controllers\PartsDefinitionController::editPartsAction()
[2026-07-21 22:03:49] [DEBUG] PartsDefinitionController::editPartsAction() start...
[2026-07-21 22:03:49] [DEBUG] PartsDefinitionModel::getAllPartsList() start... Project ID: PRJ-D45FEF
[2026-07-21 22:03:49] [DEBUG] PartsDefinitionModel::getColumnsByTableId() start... Input: newDevelopers
[2026-07-21 22:03:49] [DEBUG] 逆引き成功: 物理名 newDevelopers -> table_id : 12
[2026-07-21 22:03:49] [DEBUG] PartsDefinitionModel::getColumnsByTableId() finish. 件数: 9
[2026-07-21 22:03:49] [DEBUG] PartsDefinitionModel::getTableStructure() start... Project ID: PRJ-D45FEF
[2026-07-21 22:03:49] [DEBUG] Screen::updateAreaE() [iframe起動版] path: \Develop\Views\AreaE\PartsDefinition\RegistParts.view start...
[2026-07-21 22:03:49] [DEBUG] Screen::getContents() start...
[2026-07-21 22:03:49] [DEBUG] Screen::getContents() finish.
[2026-07-21 22:03:49] [DEBUG] Screen::updateAreaE() finish.
[2026-07-21 22:03:49] [DEBUG] PartsDefinitionController::editPartsAction() end.
[2026-07-21 22:03:49] [DEBUG] Screen::areaView() start...
[2026-07-21 22:03:49] [DEBUG] Screen::areaView() finish.
[2026-07-21 22:03:57] [DEBUG] --- wwProject System Start ---
[2026-07-21 22:03:57] [DEBUG] Router::Router() /jemini/wwProjectV1.50/Develop/Console/ServerBridgeAction/
[2026-07-21 22:03:57] [DEBUG] Attempting to load: \Develop\Controllers\ConsoleController::ServerBridgeAction
[2026-07-21 22:03:57] [DEBUG] Router: Executing \Develop\Controllers\ConsoleController->ServerBridgeAction
[2026-07-21 22:03:57] [DEBUG] ConsoleController::ServerBridge() start...
[2026-07-21 22:03:57] [DEBUG] ConsoleController::ServerBridge() \Develop\Controllers\PartsDefinitionController::editPartsAction()
[2026-07-21 22:03:57] [DEBUG] PartsDefinitionController::editPartsAction() start...
[2026-07-21 22:03:57] [DEBUG] PartsDefinitionModel::getAllPartsList() start... Project ID: PRJ-D45FEF
[2026-07-21 22:03:57] [DEBUG] PartsDefinitionModel::getColumnsByTableId() start... Input: newDevelopers
[2026-07-21 22:03:57] [DEBUG] 逆引き成功: 物理名 newDevelopers -> table_id : 12
[2026-07-21 22:03:57] [DEBUG] PartsDefinitionModel::getColumnsByTableId() finish. 件数: 9
[2026-07-21 22:03:57] [DEBUG] PartsDefinitionModel::getTableStructure() start... Project ID: PRJ-D45FEF
[2026-07-21 22:03:57] [DEBUG] Screen::updateAreaE() [iframe起動版] path: \Develop\Views\AreaE\PartsDefinition\RegistParts.view start...
[2026-07-21 22:03:57] [DEBUG] Screen::getContents() start...
[2026-07-21 22:03:57] [DEBUG] Screen::getContents() finish.
[2026-07-21 22:03:57] [DEBUG] Screen::updateAreaE() finish.
[2026-07-21 22:03:57] [DEBUG] PartsDefinitionController::editPartsAction() end.
[2026-07-21 22:03:57] [DEBUG] Screen::areaView() start...
[2026-07-21 22:03:57] [DEBUG] Screen::areaView() finish.
[2026-07-21 22:22:00] [DEBUG] --- wwProject System Start ---
[2026-07-21 22:22:00] [DEBUG] Router::Router() /jemini/wwProjectV1.50/Develop/Console/initial/
[2026-07-21 22:22:00] [DEBUG] Attempting to load: \Develop\Controllers\ConsoleController::initialAction
[2026-07-21 22:22:00] [DEBUG] Router: Executing \Develop\Controllers\ConsoleController->initialAction
[2026-07-21 22:22:00] [DEBUG] Console::initialAction() start...
[2026-07-21 22:22:00] [DEBUG] Screen::view() path: \Develop\Views\Console\Console.view start...
[2026-07-21 22:22:00] [DEBUG] Screen::getContents() start...
[2026-07-21 22:22:00] [DEBUG] Screen::getContents() finish.
[2026-07-21 22:22:00] [DEBUG] Screen::view() path: \Develop\Views\Console\Console.view finish.
[2026-07-21 22:22:00] [DEBUG] ConsoleController::initialAction() finish.
[2026-07-21 22:22:00] [DEBUG] --- wwProject System Start ---
[2026-07-21 22:22:00] [DEBUG] Router::Router() /jemini/wwProjectV1.50/Develop/Console/ServerBridgeAction/
[2026-07-21 22:22:00] [DEBUG] Attempting to load: \Develop\Controllers\ConsoleController::ServerBridgeAction
[2026-07-21 22:22:00] [DEBUG] Router: Executing \Develop\Controllers\ConsoleController->ServerBridgeAction
[2026-07-21 22:22:00] [DEBUG] ConsoleController::ServerBridge() start...
[2026-07-21 22:22:00] [DEBUG] ConsoleController::ServerBridge() \Develop\Controllers\ConsoleController::areaInitialAction()
[2026-07-21 22:22:00] [DEBUG] ConsoleController::AreaInitialAction() start...
[2026-07-21 22:22:00] [DEBUG] Screen::updateAreaA() path: \Develop\Views\AreaA\Area_A.view start...
[2026-07-21 22:22:00] [DEBUG] Screen::areaView() sending JSON: ["areas"]
[2026-07-21 22:22:00] [DEBUG] Screen::getContents() start...
[2026-07-21 22:22:00] [DEBUG] Screen::getContents() finish.
[2026-07-21 22:22:00] [DEBUG] Screen::updateAreaA() finish.
[2026-07-21 22:22:00] [DEBUG] Screen::updateAreaB() path: \Develop\Views\AreaB\Area_B.view start...
[2026-07-21 22:22:00] [DEBUG] Screen::getContents() start...
[2026-07-21 22:22:00] [DEBUG] Screen::getContents() finish.
[2026-07-21 22:22:00] [DEBUG] Screen::updateAreaB() finish.
[2026-07-21 22:22:00] [DEBUG] Screen::updateAreaD() path: \Develop\Views\AreaD\Area_D_clear.view start...
[2026-07-21 22:22:00] [DEBUG] Screen::getContents() start...
[2026-07-21 22:22:00] [DEBUG] Screen::getContents() finish.
[2026-07-21 22:22:00] [DEBUG] Screen::updateAreaD() finish.
[2026-07-21 22:22:00] [DEBUG] Screen::updateAreaE() [iframe起動版] path: \Develop\Views\AreaE\Area_E_clear.view start...
[2026-07-21 22:22:00] [DEBUG] Screen::getContents() start...
[2026-07-21 22:22:00] [DEBUG] Screen::getContents() finish.
[2026-07-21 22:22:00] [DEBUG] Screen::updateAreaE() finish.
[2026-07-21 22:22:00] [DEBUG] Screen::updateAreaF() path: \Develop\Views\AreaF\Area_F.view start...
[2026-07-21 22:22:00] [DEBUG] Screen::getContents() start...
[2026-07-21 22:22:00] [DEBUG] Screen::getContents() finish.
[2026-07-21 22:22:00] [DEBUG] Screen::updateAreaF() finish.
[2026-07-21 22:22:00] [DEBUG] ProjectController::startProjectNabi() start...
[2026-07-21 22:22:00] [DEBUG] ProjectController::getProjectListHtml() start...
[2026-07-21 22:22:00] [DEBUG] ProjectModel::getProjectList() start...
[2026-07-21 22:22:00] [DEBUG] ProjectModel::getProjectList() finish.
[2026-07-21 22:22:00] [DEBUG] CodeMasterModel：：getCodesByGroup() start...
[2026-07-21 22:22:00] [DEBUG] CodeMasterModel：：getCodesByGroup() finish.
[2026-07-21 22:22:00] [DEBUG] ProjectController::getNaviFooterHtml() start...
[2026-07-21 22:22:00] [DEBUG] ProjectController::getNaviFooterHtml() finish.
[2026-07-21 22:22:00] [DEBUG] ProjectController::startProjectNabi() finish.
[2026-07-21 22:22:00] [DEBUG] Screen::updateAreaC() \Develop\Views\AreaC\Area_C.view start...
[2026-07-21 22:22:00] [DEBUG] Screen::getContents() start...
[2026-07-21 22:22:00] [DEBUG] Screen::getContents() finish.
[2026-07-21 22:22:00] [DEBUG] Screen::updateAreaC() finish.
[2026-07-21 22:22:00] [DEBUG] ConsoleController::AreaInitialAction() finish.
[2026-07-21 22:22:00] [DEBUG] Screen::areaView() start...
[2026-07-21 22:22:00] [DEBUG] Screen::areaView() finish.
[2026-07-21 22:22:02] [DEBUG] --- wwProject System Start ---
[2026-07-21 22:22:02] [DEBUG] Router::Router() /jemini/wwProjectV1.50/Develop/Console/ServerBridgeAction/
[2026-07-21 22:22:02] [DEBUG] Attempting to load: \Develop\Controllers\ConsoleController::ServerBridgeAction
[2026-07-21 22:22:02] [DEBUG] Router: Executing \Develop\Controllers\ConsoleController->ServerBridgeAction
[2026-07-21 22:22:02] [DEBUG] ConsoleController::ServerBridge() start...
[2026-07-21 22:22:02] [DEBUG] ConsoleController::ServerBridge() \Develop\Controllers\PartsDefinitionController::InitialAction()
[2026-07-21 22:22:02] [DEBUG] DBDefinitionController::initialAction() start...
[2026-07-21 22:22:02] [DEBUG] PartsDefinitionController::initialAction() projectId : PRJ-D45FEF
[2026-07-21 22:22:02] [DEBUG] PartsDefinitionModel::getAllPartsList() start... Project ID: PRJ-D45FEF
[2026-07-21 22:22:02] [DEBUG] Screen::updateAreaD() path: \Develop\Views\AreaD\PartsDefinition\PartsDefinitionList.view start...
[2026-07-21 22:22:02] [DEBUG] Screen::getContents() start...
[2026-07-21 22:22:02] [DEBUG] Screen::getContents() finish.
[2026-07-21 22:22:02] [DEBUG] Screen::updateAreaD() finish.
[2026-07-21 22:22:02] [DEBUG] Screen::updateAreaE() [iframe起動版] path: \Develop\Views\AreaE\Area_E_clear.view start...
[2026-07-21 22:22:02] [DEBUG] Screen::getContents() start...
[2026-07-21 22:22:02] [DEBUG] Screen::getContents() finish.
[2026-07-21 22:22:02] [DEBUG] Screen::updateAreaE() finish.
[2026-07-21 22:22:02] [DEBUG] DBDefinitionController::initialAction() end.
[2026-07-21 22:22:02] [DEBUG] Screen::areaView() start...
[2026-07-21 22:22:02] [DEBUG] Screen::areaView() finish.
[2026-07-21 22:22:05] [DEBUG] --- wwProject System Start ---
[2026-07-21 22:22:05] [DEBUG] Router::Router() /jemini/wwProjectV1.50/Develop/Console/ServerBridgeAction/
[2026-07-21 22:22:05] [DEBUG] Attempting to load: \Develop\Controllers\ConsoleController::ServerBridgeAction
[2026-07-21 22:22:05] [DEBUG] Router: Executing \Develop\Controllers\ConsoleController->ServerBridgeAction
[2026-07-21 22:22:05] [DEBUG] ConsoleController::ServerBridge() start...
[2026-07-21 22:22:05] [DEBUG] ConsoleController::ServerBridge() \Develop\Controllers\PartsDefinitionController::editPartsAction()
[2026-07-21 22:22:05] [DEBUG] PartsDefinitionController::editPartsAction() start...
[2026-07-21 22:22:05] [DEBUG] PartsDefinitionModel::getAllPartsList() start... Project ID: PRJ-D45FEF
[2026-07-21 22:22:05] [DEBUG] PartsDefinitionModel::getColumnsByTableId() start... Input: newDevelopers
[2026-07-21 22:22:05] [DEBUG] 逆引き成功: 物理名 newDevelopers -> table_id : 12
[2026-07-21 22:22:05] [DEBUG] PartsDefinitionModel::getColumnsByTableId() finish. 件数: 9
[2026-07-21 22:22:05] [DEBUG] PartsDefinitionModel::getTableStructure() start... Project ID: PRJ-D45FEF
[2026-07-21 22:22:05] [DEBUG] Screen::updateAreaE() [iframe起動版] path: \Develop\Views\AreaE\PartsDefinition\RegistParts.view start...
[2026-07-21 22:22:05] [DEBUG] Screen::getContents() start...
[2026-07-21 22:22:05] [DEBUG] Screen::getContents() finish.
[2026-07-21 22:22:05] [DEBUG] Screen::updateAreaE() finish.
[2026-07-21 22:22:05] [DEBUG] PartsDefinitionController::editPartsAction() end.
[2026-07-21 22:22:05] [DEBUG] Screen::areaView() start...
[2026-07-21 22:22:05] [DEBUG] Screen::areaView() finish.
[2026-07-21 22:33:05] [DEBUG] --- wwProject System Start ---
[2026-07-21 22:33:05] [DEBUG] Router::Router() /jemini/wwProjectV1.50/Develop/Console/initial/
[2026-07-21 22:33:05] [DEBUG] Attempting to load: \Develop\Controllers\ConsoleController::initialAction
[2026-07-21 22:33:05] [DEBUG] Router: Executing \Develop\Controllers\ConsoleController->initialAction
[2026-07-21 22:33:05] [DEBUG] Console::initialAction() start...
[2026-07-21 22:33:05] [DEBUG] Screen::view() path: \Develop\Views\Console\Console.view start...
[2026-07-21 22:33:05] [DEBUG] Screen::getContents() start...
[2026-07-21 22:33:05] [DEBUG] Screen::getContents() finish.
[2026-07-21 22:33:05] [DEBUG] Screen::view() path: \Develop\Views\Console\Console.view finish.
[2026-07-21 22:33:05] [DEBUG] ConsoleController::initialAction() finish.
[2026-07-21 22:33:05] [DEBUG] --- wwProject System Start ---
[2026-07-21 22:33:05] [DEBUG] Router::Router() /jemini/wwProjectV1.50/Develop/Console/ServerBridgeAction/
[2026-07-21 22:33:05] [DEBUG] Attempting to load: \Develop\Controllers\ConsoleController::ServerBridgeAction
[2026-07-21 22:33:05] [DEBUG] Router: Executing \Develop\Controllers\ConsoleController->ServerBridgeAction
[2026-07-21 22:33:05] [DEBUG] ConsoleController::ServerBridge() start...
[2026-07-21 22:33:05] [DEBUG] ConsoleController::ServerBridge() \Develop\Controllers\ConsoleController::areaInitialAction()
[2026-07-21 22:33:05] [DEBUG] ConsoleController::AreaInitialAction() start...
[2026-07-21 22:33:05] [DEBUG] Screen::updateAreaA() path: \Develop\Views\AreaA\Area_A.view start...
[2026-07-21 22:33:05] [DEBUG] Screen::areaView() sending JSON: ["areas"]
[2026-07-21 22:33:05] [DEBUG] Screen::getContents() start...
[2026-07-21 22:33:05] [DEBUG] Screen::getContents() finish.
[2026-07-21 22:33:05] [DEBUG] Screen::updateAreaA() finish.
[2026-07-21 22:33:05] [DEBUG] Screen::updateAreaB() path: \Develop\Views\AreaB\Area_B.view start...
[2026-07-21 22:33:05] [DEBUG] Screen::getContents() start...
[2026-07-21 22:33:05] [DEBUG] Screen::getContents() finish.
[2026-07-21 22:33:05] [DEBUG] Screen::updateAreaB() finish.
[2026-07-21 22:33:05] [DEBUG] Screen::updateAreaD() path: \Develop\Views\AreaD\Area_D_clear.view start...
[2026-07-21 22:33:05] [DEBUG] Screen::getContents() start...
[2026-07-21 22:33:05] [DEBUG] Screen::getContents() finish.
[2026-07-21 22:33:05] [DEBUG] Screen::updateAreaD() finish.
[2026-07-21 22:33:05] [DEBUG] Screen::updateAreaE() [iframe起動版] path: \Develop\Views\AreaE\Area_E_clear.view start...
[2026-07-21 22:33:05] [DEBUG] Screen::getContents() start...
[2026-07-21 22:33:05] [DEBUG] Screen::getContents() finish.
[2026-07-21 22:33:05] [DEBUG] Screen::updateAreaE() finish.
[2026-07-21 22:33:05] [DEBUG] Screen::updateAreaF() path: \Develop\Views\AreaF\Area_F.view start...
[2026-07-21 22:33:05] [DEBUG] Screen::getContents() start...
[2026-07-21 22:33:05] [DEBUG] Screen::getContents() finish.
[2026-07-21 22:33:05] [DEBUG] Screen::updateAreaF() finish.
[2026-07-21 22:33:05] [DEBUG] ProjectController::startProjectNabi() start...
[2026-07-21 22:33:05] [DEBUG] ProjectController::getProjectListHtml() start...
[2026-07-21 22:33:05] [DEBUG] ProjectModel::getProjectList() start...
[2026-07-21 22:33:05] [DEBUG] ProjectModel::getProjectList() finish.
[2026-07-21 22:33:05] [DEBUG] CodeMasterModel：：getCodesByGroup() start...
[2026-07-21 22:33:05] [DEBUG] CodeMasterModel：：getCodesByGroup() finish.
[2026-07-21 22:33:05] [DEBUG] ProjectController::getNaviFooterHtml() start...
[2026-07-21 22:33:05] [DEBUG] ProjectController::getNaviFooterHtml() finish.
[2026-07-21 22:33:05] [DEBUG] ProjectController::startProjectNabi() finish.
[2026-07-21 22:33:05] [DEBUG] Screen::updateAreaC() \Develop\Views\AreaC\Area_C.view start...
[2026-07-21 22:33:05] [DEBUG] Screen::getContents() start...
[2026-07-21 22:33:05] [DEBUG] Screen::getContents() finish.
[2026-07-21 22:33:05] [DEBUG] Screen::updateAreaC() finish.
[2026-07-21 22:33:05] [DEBUG] ConsoleController::AreaInitialAction() finish.
[2026-07-21 22:33:05] [DEBUG] Screen::areaView() start...
[2026-07-21 22:33:05] [DEBUG] Screen::areaView() finish.
[2026-07-21 22:33:07] [DEBUG] --- wwProject System Start ---
[2026-07-21 22:33:07] [DEBUG] Router::Router() /jemini/wwProjectV1.50/Develop/Console/ServerBridgeAction/
[2026-07-21 22:33:07] [DEBUG] Attempting to load: \Develop\Controllers\ConsoleController::ServerBridgeAction
[2026-07-21 22:33:07] [DEBUG] Router: Executing \Develop\Controllers\ConsoleController->ServerBridgeAction
[2026-07-21 22:33:07] [DEBUG] ConsoleController::ServerBridge() start...
[2026-07-21 22:33:07] [DEBUG] ConsoleController::ServerBridge() \Develop\Controllers\PartsDefinitionController::InitialAction()
[2026-07-21 22:33:07] [DEBUG] DBDefinitionController::initialAction() start...
[2026-07-21 22:33:07] [DEBUG] PartsDefinitionController::initialAction() projectId : PRJ-D45FEF
[2026-07-21 22:33:07] [DEBUG] PartsDefinitionModel::getAllPartsList() start... Project ID: PRJ-D45FEF
[2026-07-21 22:33:07] [DEBUG] Screen::updateAreaD() path: \Develop\Views\AreaD\PartsDefinition\PartsDefinitionList.view start...
[2026-07-21 22:33:07] [DEBUG] Screen::getContents() start...
[2026-07-21 22:33:07] [DEBUG] Screen::getContents() finish.
[2026-07-21 22:33:07] [DEBUG] Screen::updateAreaD() finish.
[2026-07-21 22:33:07] [DEBUG] Screen::updateAreaE() [iframe起動版] path: \Develop\Views\AreaE\Area_E_clear.view start...
[2026-07-21 22:33:07] [DEBUG] Screen::getContents() start...
[2026-07-21 22:33:07] [DEBUG] Screen::getContents() finish.
[2026-07-21 22:33:07] [DEBUG] Screen::updateAreaE() finish.
[2026-07-21 22:33:07] [DEBUG] DBDefinitionController::initialAction() end.
[2026-07-21 22:33:07] [DEBUG] Screen::areaView() start...
[2026-07-21 22:33:07] [DEBUG] Screen::areaView() finish.
[2026-07-21 22:33:09] [DEBUG] --- wwProject System Start ---
[2026-07-21 22:33:09] [DEBUG] Router::Router() /jemini/wwProjectV1.50/Develop/Console/ServerBridgeAction/
[2026-07-21 22:33:09] [DEBUG] Attempting to load: \Develop\Controllers\ConsoleController::ServerBridgeAction
[2026-07-21 22:33:09] [DEBUG] Router: Executing \Develop\Controllers\ConsoleController->ServerBridgeAction
[2026-07-21 22:33:09] [DEBUG] ConsoleController::ServerBridge() start...
[2026-07-21 22:33:09] [DEBUG] ConsoleController::ServerBridge() \Develop\Controllers\PartsDefinitionController::editPartsAction()
[2026-07-21 22:33:09] [DEBUG] PartsDefinitionController::editPartsAction() start...
[2026-07-21 22:33:09] [DEBUG] PartsDefinitionModel::getAllPartsList() start... Project ID: PRJ-D45FEF
[2026-07-21 22:33:09] [DEBUG] PartsDefinitionModel::getColumnsByTableId() start... Input: newDevelopers
[2026-07-21 22:33:09] [DEBUG] 逆引き成功: 物理名 newDevelopers -> table_id : 12
[2026-07-21 22:33:09] [DEBUG] PartsDefinitionModel::getColumnsByTableId() finish. 件数: 9
[2026-07-21 22:33:09] [DEBUG] PartsDefinitionModel::getTableStructure() start... Project ID: PRJ-D45FEF
[2026-07-21 22:33:09] [DEBUG] Screen::updateAreaE() [iframe起動版] path: \Develop\Views\AreaE\PartsDefinition\RegistParts.view start...
[2026-07-21 22:33:09] [DEBUG] Screen::getContents() start...
[2026-07-21 22:33:09] [DEBUG] Screen::getContents() finish.
[2026-07-21 22:33:09] [DEBUG] Screen::updateAreaE() finish.
[2026-07-21 22:33:09] [DEBUG] PartsDefinitionController::editPartsAction() end.
[2026-07-21 22:33:09] [DEBUG] Screen::areaView() start...
[2026-07-21 22:33:09] [DEBUG] Screen::areaView() finish.
[2026-07-21 22:33:24] [DEBUG] --- wwProject System Start ---
[2026-07-21 22:33:24] [DEBUG] Router::Router() /jemini/wwProjectV1.50/Develop/Console/ServerBridgeAction/
[2026-07-21 22:33:24] [DEBUG] Attempting to load: \Develop\Controllers\ConsoleController::ServerBridgeAction
[2026-07-21 22:33:24] [DEBUG] Router: Executing \Develop\Controllers\ConsoleController->ServerBridgeAction
[2026-07-21 22:33:24] [DEBUG] ConsoleController::ServerBridge() start...
[2026-07-21 22:33:24] [DEBUG] ConsoleController::ServerBridge() \Develop\Controllers\PartsDefinitionController::editPartsAction()
[2026-07-21 22:33:24] [DEBUG] PartsDefinitionController::editPartsAction() start...
[2026-07-21 22:33:24] [DEBUG] PartsDefinitionModel::getAllPartsList() start... Project ID: PRJ-D45FEF
[2026-07-21 22:33:24] [DEBUG] PartsDefinitionModel::getTableStructure() start... Project ID: PRJ-D45FEF
[2026-07-21 22:33:24] [DEBUG] Screen::updateAreaE() [iframe起動版] path: \Develop\Views\AreaE\PartsDefinition\RegistParts.view start...
[2026-07-21 22:33:24] [DEBUG] Screen::getContents() start...
[2026-07-21 22:33:24] [DEBUG] Screen::getContents() finish.
[2026-07-21 22:33:24] [DEBUG] Screen::updateAreaE() finish.
[2026-07-21 22:33:24] [DEBUG] PartsDefinitionController::editPartsAction() end.
[2026-07-21 22:33:24] [DEBUG] Screen::areaView() start...
[2026-07-21 22:33:24] [DEBUG] Screen::areaView() finish.
[2026-07-21 22:33:44] [DEBUG] --- wwProject System Start ---
[2026-07-21 22:33:44] [DEBUG] Router::Router() /jemini/wwProjectV1.50/Develop/Console/ServerBridgeAction/
[2026-07-21 22:33:44] [DEBUG] Attempting to load: \Develop\Controllers\ConsoleController::ServerBridgeAction
[2026-07-21 22:33:44] [DEBUG] Router: Executing \Develop\Controllers\ConsoleController->ServerBridgeAction
[2026-07-21 22:33:44] [DEBUG] ConsoleController::ServerBridge() start...
[2026-07-21 22:33:44] [DEBUG] ConsoleController::ServerBridge() \Develop\Controllers\PartsDefinitionController::editPartsAction()
[2026-07-21 22:33:44] [DEBUG] PartsDefinitionController::editPartsAction() start...
[2026-07-21 22:33:44] [DEBUG] PartsDefinitionModel::getAllPartsList() start... Project ID: PRJ-D45FEF
[2026-07-21 22:33:44] [DEBUG] PartsDefinitionModel::getColumnsByTableId() start... Input: newDevelopers
[2026-07-21 22:33:44] [DEBUG] 逆引き成功: 物理名 newDevelopers -> table_id : 12
[2026-07-21 22:33:44] [DEBUG] PartsDefinitionModel::getColumnsByTableId() finish. 件数: 9
[2026-07-21 22:33:44] [DEBUG] PartsDefinitionModel::getTableStructure() start... Project ID: PRJ-D45FEF
[2026-07-21 22:33:44] [DEBUG] Screen::updateAreaE() [iframe起動版] path: \Develop\Views\AreaE\PartsDefinition\RegistParts.view start...
[2026-07-21 22:33:44] [DEBUG] Screen::getContents() start...
[2026-07-21 22:33:44] [DEBUG] Screen::getContents() finish.
[2026-07-21 22:33:44] [DEBUG] Screen::updateAreaE() finish.
[2026-07-21 22:33:44] [DEBUG] PartsDefinitionController::editPartsAction() end.
[2026-07-21 22:33:44] [DEBUG] Screen::areaView() start...
[2026-07-21 22:33:44] [DEBUG] Screen::areaView() finish.
[2026-07-21 23:09:35] [DEBUG] --- wwProject System Start ---
[2026-07-21 23:09:35] [DEBUG] Router::Router() /jemini/wwProjectV1.50/Develop/Console/initial/
[2026-07-21 23:09:35] [DEBUG] Attempting to load: \Develop\Controllers\ConsoleController::initialAction
[2026-07-21 23:09:35] [DEBUG] Router: Executing \Develop\Controllers\ConsoleController->initialAction
[2026-07-21 23:09:35] [DEBUG] Console::initialAction() start...
[2026-07-21 23:09:35] [DEBUG] Screen::view() path: \Develop\Views\Console\Console.view start...
[2026-07-21 23:09:35] [DEBUG] Screen::getContents() start...
[2026-07-21 23:09:35] [DEBUG] Screen::getContents() finish.
[2026-07-21 23:09:35] [DEBUG] Screen::view() path: \Develop\Views\Console\Console.view finish.
[2026-07-21 23:09:35] [DEBUG] ConsoleController::initialAction() finish.
[2026-07-21 23:09:35] [DEBUG] --- wwProject System Start ---
[2026-07-21 23:09:35] [DEBUG] Router::Router() /jemini/wwProjectV1.50/Develop/Console/ServerBridgeAction/
[2026-07-21 23:09:35] [DEBUG] Attempting to load: \Develop\Controllers\ConsoleController::ServerBridgeAction
[2026-07-21 23:09:35] [DEBUG] Router: Executing \Develop\Controllers\ConsoleController->ServerBridgeAction
[2026-07-21 23:09:35] [DEBUG] ConsoleController::ServerBridge() start...
[2026-07-21 23:09:35] [DEBUG] ConsoleController::ServerBridge() \Develop\Controllers\ConsoleController::areaInitialAction()
[2026-07-21 23:09:35] [DEBUG] ConsoleController::AreaInitialAction() start...
[2026-07-21 23:09:35] [DEBUG] Screen::updateAreaA() path: \Develop\Views\AreaA\Area_A.view start...
[2026-07-21 23:09:35] [DEBUG] Screen::areaView() sending JSON: ["areas"]
[2026-07-21 23:09:35] [DEBUG] Screen::getContents() start...
[2026-07-21 23:09:35] [DEBUG] Screen::getContents() finish.
[2026-07-21 23:09:35] [DEBUG] Screen::updateAreaA() finish.
[2026-07-21 23:09:35] [DEBUG] Screen::updateAreaB() path: \Develop\Views\AreaB\Area_B.view start...
[2026-07-21 23:09:35] [DEBUG] Screen::getContents() start...
[2026-07-21 23:09:35] [DEBUG] Screen::getContents() finish.
[2026-07-21 23:09:35] [DEBUG] Screen::updateAreaB() finish.
[2026-07-21 23:09:35] [DEBUG] Screen::updateAreaD() path: \Develop\Views\AreaD\Area_D_clear.view start...
[2026-07-21 23:09:35] [DEBUG] Screen::getContents() start...
[2026-07-21 23:09:35] [DEBUG] Screen::getContents() finish.
[2026-07-21 23:09:35] [DEBUG] Screen::updateAreaD() finish.
[2026-07-21 23:09:35] [DEBUG] Screen::updateAreaE() [iframe起動版] path: \Develop\Views\AreaE\Area_E_clear.view start...
[2026-07-21 23:09:35] [DEBUG] Screen::getContents() start...
[2026-07-21 23:09:35] [DEBUG] Screen::getContents() finish.
[2026-07-21 23:09:35] [DEBUG] Screen::updateAreaE() finish.
[2026-07-21 23:09:35] [DEBUG] Screen::updateAreaF() path: \Develop\Views\AreaF\Area_F.view start...
[2026-07-21 23:09:35] [DEBUG] Screen::getContents() start...
[2026-07-21 23:09:35] [DEBUG] Screen::getContents() finish.
[2026-07-21 23:09:35] [DEBUG] Screen::updateAreaF() finish.
[2026-07-21 23:09:35] [DEBUG] ProjectController::startProjectNabi() start...
[2026-07-21 23:09:35] [DEBUG] ProjectController::getProjectListHtml() start...
[2026-07-21 23:09:35] [DEBUG] ProjectModel::getProjectList() start...
[2026-07-21 23:09:35] [DEBUG] ProjectModel::getProjectList() finish.
[2026-07-21 23:09:35] [DEBUG] CodeMasterModel：：getCodesByGroup() start...
[2026-07-21 23:09:35] [DEBUG] CodeMasterModel：：getCodesByGroup() finish.
[2026-07-21 23:09:35] [DEBUG] ProjectController::getNaviFooterHtml() start...
[2026-07-21 23:09:35] [DEBUG] ProjectController::getNaviFooterHtml() finish.
[2026-07-21 23:09:35] [DEBUG] ProjectController::startProjectNabi() finish.
[2026-07-21 23:09:35] [DEBUG] Screen::updateAreaC() \Develop\Views\AreaC\Area_C.view start...
[2026-07-21 23:09:35] [DEBUG] Screen::getContents() start...
[2026-07-21 23:09:35] [DEBUG] Screen::getContents() finish.
[2026-07-21 23:09:35] [DEBUG] Screen::updateAreaC() finish.
[2026-07-21 23:09:35] [DEBUG] ConsoleController::AreaInitialAction() finish.
[2026-07-21 23:09:35] [DEBUG] Screen::areaView() start...
[2026-07-21 23:09:35] [DEBUG] Screen::areaView() finish.
[2026-07-21 23:09:37] [DEBUG] --- wwProject System Start ---
[2026-07-21 23:09:37] [DEBUG] Router::Router() /jemini/wwProjectV1.50/Develop/Console/ServerBridgeAction/
[2026-07-21 23:09:37] [DEBUG] Attempting to load: \Develop\Controllers\ConsoleController::ServerBridgeAction
[2026-07-21 23:09:37] [DEBUG] Router: Executing \Develop\Controllers\ConsoleController->ServerBridgeAction
[2026-07-21 23:09:37] [DEBUG] ConsoleController::ServerBridge() start...
[2026-07-21 23:09:37] [DEBUG] ConsoleController::ServerBridge() \Develop\Controllers\PartsDefinitionController::InitialAction()
[2026-07-21 23:09:37] [DEBUG] DBDefinitionController::initialAction() start...
[2026-07-21 23:09:37] [DEBUG] PartsDefinitionController::initialAction() projectId : PRJ-D45FEF
[2026-07-21 23:09:37] [DEBUG] PartsDefinitionModel::getAllPartsList() start... Project ID: PRJ-D45FEF
[2026-07-21 23:09:37] [DEBUG] Screen::updateAreaD() path: \Develop\Views\AreaD\PartsDefinition\PartsDefinitionList.view start...
[2026-07-21 23:09:37] [DEBUG] Screen::getContents() start...
[2026-07-21 23:09:37] [DEBUG] Screen::getContents() finish.
[2026-07-21 23:09:37] [DEBUG] Screen::updateAreaD() finish.
[2026-07-21 23:09:37] [DEBUG] Screen::updateAreaE() [iframe起動版] path: \Develop\Views\AreaE\Area_E_clear.view start...
[2026-07-21 23:09:37] [DEBUG] Screen::getContents() start...
[2026-07-21 23:09:37] [DEBUG] Screen::getContents() finish.
[2026-07-21 23:09:37] [DEBUG] Screen::updateAreaE() finish.
[2026-07-21 23:09:37] [DEBUG] DBDefinitionController::initialAction() end.
[2026-07-21 23:09:37] [DEBUG] Screen::areaView() start...
[2026-07-21 23:09:37] [DEBUG] Screen::areaView() finish.
[2026-07-21 23:09:39] [DEBUG] --- wwProject System Start ---
[2026-07-21 23:09:39] [DEBUG] Router::Router() /jemini/wwProjectV1.50/Develop/Console/ServerBridgeAction/
[2026-07-21 23:09:39] [DEBUG] Attempting to load: \Develop\Controllers\ConsoleController::ServerBridgeAction
[2026-07-21 23:09:39] [DEBUG] Router: Executing \Develop\Controllers\ConsoleController->ServerBridgeAction
[2026-07-21 23:09:39] [DEBUG] ConsoleController::ServerBridge() start...
[2026-07-21 23:09:39] [DEBUG] ConsoleController::ServerBridge() \Develop\Controllers\PartsDefinitionController::editPartsAction()
[2026-07-21 23:09:39] [DEBUG] PartsDefinitionController::editPartsAction() start...
[2026-07-21 23:09:39] [DEBUG] PartsDefinitionModel::getAllPartsList() start... Project ID: PRJ-D45FEF
[2026-07-21 23:09:39] [DEBUG] PartsDefinitionModel::getColumnsByTableId() start... Input: newDevelopers
[2026-07-21 23:09:39] [DEBUG] 逆引き成功: 物理名 newDevelopers -> table_id : 12
[2026-07-21 23:09:39] [DEBUG] PartsDefinitionModel::getColumnsByTableId() finish. 件数: 9
[2026-07-21 23:09:39] [DEBUG] PartsDefinitionModel::getTableStructure() start... Project ID: PRJ-D45FEF
[2026-07-21 23:09:39] [DEBUG] Screen::updateAreaE() [iframe起動版] path: \Develop\Views\AreaE\PartsDefinition\RegistParts.view start...
[2026-07-21 23:09:39] [DEBUG] Screen::getContents() start...
[2026-07-21 23:09:39] [DEBUG] Screen::getContents() finish.
[2026-07-21 23:09:39] [DEBUG] Screen::updateAreaE() finish.
[2026-07-21 23:09:39] [DEBUG] PartsDefinitionController::editPartsAction() end.
[2026-07-21 23:09:39] [DEBUG] Screen::areaView() start...
[2026-07-21 23:09:39] [DEBUG] Screen::areaView() finish.
