[2026-07-03 16:05:43] [DEBUG] --- wwProject System Start ---
[2026-07-03 16:05:43] [DEBUG] Router::Router() /jemini/wwProjectV1.33/Develop/
[2026-07-03 16:05:43] [DEBUG] Attempting to load: \Develop\Controllers\LoginController::initialAction
[2026-07-03 16:05:43] [DEBUG] Router: Executing \Develop\Controllers\LoginController->initialAction
[2026-07-03 16:05:43] [DEBUG] Login::initialAction() start...
[2026-07-03 16:05:43] [DEBUG] Login::initialAction() errorMessage : 
[2026-07-03 16:05:43] [DEBUG] Screen::view() path: \Develop\Views\Login\Login.view start...
[2026-07-03 16:05:43] [DEBUG] Screen::getContents() start...
[2026-07-03 16:05:43] [DEBUG] Screen::getContents() finish.
[2026-07-03 16:05:43] [DEBUG] Screen::view() path: \Develop\Views\Login\Login.view finish.
[2026-07-03 16:05:43] [DEBUG] Login::initialAction() finish.
[2026-07-03 16:05:48] [DEBUG] --- wwProject System Start ---
[2026-07-03 16:05:48] [DEBUG] Router::Router() /jemini/wwProjectV1.33/Develop/Login/authentication/
[2026-07-03 16:05:48] [DEBUG] Attempting to load: \Develop\Controllers\LoginController::authenticationAction
[2026-07-03 16:05:48] [DEBUG] Router: Executing \Develop\Controllers\LoginController->authenticationAction
[2026-07-03 16:05:48] [DEBUG] Login::AuthenticationAction() start...
[2026-07-03 16:05:48] [DEBUG] Login OK - x
[2026-07-03 16:05:48] [DEBUG] Session::start()
[2026-07-03 16:05:48] [DEBUG] Redirect to Console::initialAction()
[2026-07-03 16:05:48] [DEBUG] --- wwProject System Start ---
[2026-07-03 16:05:48] [DEBUG] Router::Router() /jemini/wwProjectV1.33/Develop/Console/initial/
[2026-07-03 16:05:48] [DEBUG] Attempting to load: \Develop\Controllers\ConsoleController::initialAction
[2026-07-03 16:05:48] [DEBUG] Router: Executing \Develop\Controllers\ConsoleController->initialAction
[2026-07-03 16:05:48] [DEBUG] Console::initialAction() start...
[2026-07-03 16:05:48] [DEBUG] Screen::view() path: \Develop\Views\Console\Console.view start...
[2026-07-03 16:05:48] [DEBUG] Screen::getContents() start...
[2026-07-03 16:05:48] [DEBUG] Screen::getContents() finish.
[2026-07-03 16:05:48] [DEBUG] Screen::view() path: \Develop\Views\Console\Console.view finish.
[2026-07-03 16:05:48] [DEBUG] ConsoleController::initialAction() finish.
[2026-07-03 16:05:48] [DEBUG] --- wwProject System Start ---
[2026-07-03 16:05:48] [DEBUG] Router::Router() /jemini/wwProjectV1.33/Develop/Console/ServerBridgeAction/
[2026-07-03 16:05:48] [DEBUG] Attempting to load: \Develop\Controllers\ConsoleController::ServerBridgeAction
[2026-07-03 16:05:48] [DEBUG] Router: Executing \Develop\Controllers\ConsoleController->ServerBridgeAction
[2026-07-03 16:05:48] [DEBUG] ConsoleController::ServerBridge() start...
[2026-07-03 16:05:48] [DEBUG] ConsoleController::ServerBridge() \Develop\Controllers\ConsoleController::areaInitialAction()
[2026-07-03 16:05:48] [DEBUG] ConsoleController::AreaInitialAction() start...
[2026-07-03 16:05:48] [DEBUG] Screen::updateAreaA() path: \Develop\Views\AreaA\Area_A.view start...
[2026-07-03 16:05:48] [DEBUG] Screen::areaView() sending JSON: ["areas"]
[2026-07-03 16:05:48] [DEBUG] Screen::getContents() start...
[2026-07-03 16:05:48] [DEBUG] Screen::getContents() finish.
[2026-07-03 16:05:48] [DEBUG] Screen::updateAreaA() finish.
[2026-07-03 16:05:48] [DEBUG] Screen::updateAreaB() path: \Develop\Views\AreaB\Area_B.view start...
[2026-07-03 16:05:48] [DEBUG] Screen::getContents() start...
[2026-07-03 16:05:48] [DEBUG] Screen::getContents() finish.
[2026-07-03 16:05:48] [DEBUG] Screen::updateAreaB() finish.
[2026-07-03 16:05:48] [DEBUG] Screen::updateAreaD() path: \Develop\Views\AreaD\Area_D_clear.view start...
[2026-07-03 16:05:48] [DEBUG] Screen::getContents() start...
[2026-07-03 16:05:48] [DEBUG] Screen::getContents() finish.
[2026-07-03 16:05:48] [DEBUG] Screen::updateAreaD() finish.
[2026-07-03 16:05:48] [DEBUG] Screen::updateAreaE() [iframe起動版] path: \Develop\Views\AreaE\Area_E_clear.view start...
[2026-07-03 16:05:48] [DEBUG] Screen::getContents() start...
[2026-07-03 16:05:48] [DEBUG] Screen::getContents() finish.
[2026-07-03 16:05:48] [DEBUG] Screen::updateAreaE() finish.
[2026-07-03 16:05:48] [DEBUG] Screen::updateAreaF() path: \Develop\Views\AreaF\Area_F.view start...
[2026-07-03 16:05:48] [DEBUG] Screen::getContents() start...
[2026-07-03 16:05:48] [DEBUG] Screen::getContents() finish.
[2026-07-03 16:05:48] [DEBUG] Screen::updateAreaF() finish.
[2026-07-03 16:05:48] [DEBUG] ProjectController::startProjectNabi() start...
[2026-07-03 16:05:48] [DEBUG] ProjectController::getProjectListHtml() start...
[2026-07-03 16:05:49] [DEBUG] ProjectModel::getProjectList() start...
[2026-07-03 16:05:49] [DEBUG] ProjectModel::getProjectList() finish.
[2026-07-03 16:05:49] [DEBUG] CodeMasterModel：：getCodesByGroup() start...
[2026-07-03 16:05:49] [DEBUG] CodeMasterModel：：getCodesByGroup() finish.
[2026-07-03 16:05:49] [DEBUG] ProjectController::getNaviFooterHtml() start...
[2026-07-03 16:05:49] [DEBUG] ProjectController::getNaviFooterHtml() finish.
[2026-07-03 16:05:49] [DEBUG] ProjectController::startProjectNabi() finish.
[2026-07-03 16:05:49] [DEBUG] Screen::updateAreaC() \Develop\Views\AreaC\Area_C.view start...
[2026-07-03 16:05:49] [DEBUG] Screen::getContents() start...
[2026-07-03 16:05:49] [DEBUG] Screen::getContents() finish.
[2026-07-03 16:05:49] [DEBUG] Screen::updateAreaC() finish.
[2026-07-03 16:05:49] [DEBUG] ConsoleController::AreaInitialAction() finish.
[2026-07-03 16:05:49] [DEBUG] Screen::areaView() start...
[2026-07-03 16:05:49] [DEBUG] Screen::areaView() finish.
[2026-07-03 16:05:50] [DEBUG] --- wwProject System Start ---
[2026-07-03 16:05:50] [DEBUG] Router::Router() /jemini/wwProjectV1.33/Develop/Console/ServerBridgeAction/
[2026-07-03 16:05:50] [DEBUG] Attempting to load: \Develop\Controllers\ConsoleController::ServerBridgeAction
[2026-07-03 16:05:50] [DEBUG] Router: Executing \Develop\Controllers\ConsoleController->ServerBridgeAction
[2026-07-03 16:05:50] [DEBUG] ConsoleController::ServerBridge() start...
[2026-07-03 16:05:50] [DEBUG] ConsoleController::ServerBridge() \Develop\Controllers\ProjectController::projectSelectAction()
[2026-07-03 16:05:50] [DEBUG] ProjectController::projectSelectAction() start...
[2026-07-03 16:05:50] [DEBUG] ProjectController::projectSelectAction() ☆★☆　SampleProject１
[2026-07-03 16:05:50] [DEBUG] Screen::updateAreaB() path: \Develop\Views\AreaB\Area_B.view start...
[2026-07-03 16:05:50] [DEBUG] Screen::getContents() start...
[2026-07-03 16:05:50] [DEBUG] Screen::getContents() finish.
[2026-07-03 16:05:50] [DEBUG] Screen::updateAreaB() finish.
[2026-07-03 16:05:50] [DEBUG] ProjectController::projectSelectAction() PRJ-D45FEF : PRJ-D45FEF
[2026-07-03 16:05:50] [DEBUG] ProjectController::getProjectListHtml() start...
[2026-07-03 16:05:50] [DEBUG] ProjectModel::getProjectList() start...
[2026-07-03 16:05:50] [DEBUG] ProjectModel::getProjectList() finish.
[2026-07-03 16:05:50] [DEBUG] CodeMasterModel：：getCodesByGroup() start...
[2026-07-03 16:05:50] [DEBUG] CodeMasterModel：：getCodesByGroup() finish.
[2026-07-03 16:05:50] [DEBUG] ProjectController::getNaviFooterHtml() start...
[2026-07-03 16:05:50] [DEBUG] ProjectController::getNaviFooterHtml() finish.
[2026-07-03 16:05:50] [DEBUG] Screen::updateAreaC() \Develop\Views\AreaC\Area_C.view start...
[2026-07-03 16:05:50] [DEBUG] Screen::getContents() start...
[2026-07-03 16:05:50] [DEBUG] Screen::getContents() finish.
[2026-07-03 16:05:50] [DEBUG] Screen::updateAreaC() finish.
[2026-07-03 16:05:50] [DEBUG] Screen::updateAreaD() path: \Develop\Views\AreaD\Area_D_clear.view start...
[2026-07-03 16:05:50] [DEBUG] Screen::getContents() start...
[2026-07-03 16:05:50] [DEBUG] Screen::getContents() finish.
[2026-07-03 16:05:50] [DEBUG] Screen::updateAreaD() finish.
[2026-07-03 16:05:50] [DEBUG] Screen::updateAreaE() [iframe起動版] path: \Develop\Views\AreaE\Area_E_clear.view start...
[2026-07-03 16:05:50] [DEBUG] Screen::getContents() start...
[2026-07-03 16:05:50] [DEBUG] Screen::getContents() finish.
[2026-07-03 16:05:50] [DEBUG] Screen::updateAreaE() finish.
[2026-07-03 16:05:50] [DEBUG] ProjectController::projectSelectAction() finish.
[2026-07-03 16:05:50] [DEBUG] Screen::areaView() start...
[2026-07-03 16:05:50] [DEBUG] Screen::areaView() finish.
[2026-07-03 16:05:51] [DEBUG] --- wwProject System Start ---
[2026-07-03 16:05:51] [DEBUG] Router::Router() /jemini/wwProjectV1.33/Develop/Console/ServerBridgeAction/
[2026-07-03 16:05:51] [DEBUG] Attempting to load: \Develop\Controllers\ConsoleController::ServerBridgeAction
[2026-07-03 16:05:51] [DEBUG] Router: Executing \Develop\Controllers\ConsoleController->ServerBridgeAction
[2026-07-03 16:05:51] [DEBUG] ConsoleController::ServerBridge() start...
[2026-07-03 16:05:51] [DEBUG] ConsoleController::ServerBridge() \Develop\Controllers\PartsDefinitionController::InitialAction()
[2026-07-03 16:05:51] [DEBUG] DBDefinitionController::initialAction() start...
[2026-07-03 16:05:51] [DEBUG] PartsDefinitionController::initialAction() projectId : PRJ-D45FEF
[2026-07-03 16:05:51] [DEBUG] PartsDefinitionModel::getAllPartsList() start... Project ID: PRJ-D45FEF
[2026-07-03 16:05:51] [DEBUG] Screen::updateAreaD() path: \Develop\Views\AreaD\PartsDefinition\PartsDefinitionList.view start...
[2026-07-03 16:05:51] [DEBUG] Screen::getContents() start...
[2026-07-03 16:05:51] [DEBUG] Screen::getContents() finish.
[2026-07-03 16:05:51] [DEBUG] Screen::updateAreaD() finish.
[2026-07-03 16:05:51] [DEBUG] Screen::updateAreaE() [iframe起動版] path: \Develop\Views\AreaE\Area_E_clear.view start...
[2026-07-03 16:05:51] [DEBUG] Screen::getContents() start...
[2026-07-03 16:05:51] [DEBUG] Screen::getContents() finish.
[2026-07-03 16:05:51] [DEBUG] Screen::updateAreaE() finish.
[2026-07-03 16:05:51] [DEBUG] DBDefinitionController::initialAction() end.
[2026-07-03 16:05:51] [DEBUG] Screen::areaView() start...
[2026-07-03 16:05:51] [DEBUG] Screen::areaView() finish.
[2026-07-03 16:05:53] [DEBUG] --- wwProject System Start ---
[2026-07-03 16:05:53] [DEBUG] Router::Router() /jemini/wwProjectV1.33/Develop/Console/ServerBridgeAction/
[2026-07-03 16:05:53] [DEBUG] Attempting to load: \Develop\Controllers\ConsoleController::ServerBridgeAction
[2026-07-03 16:05:53] [DEBUG] Router: Executing \Develop\Controllers\ConsoleController->ServerBridgeAction
[2026-07-03 16:05:53] [DEBUG] ConsoleController::ServerBridge() start...
[2026-07-03 16:05:53] [DEBUG] ConsoleController::ServerBridge() \Develop\Controllers\PartsDefinitionController::editPartsAction()
[2026-07-03 16:05:53] [DEBUG] PartsDefinitionController::editPartsAction() start...
[2026-07-03 16:05:53] [DEBUG] PartsDefinitionModel::getAllPartsList() start... Project ID: PRJ-D45FEF
[2026-07-03 16:05:53] [DEBUG] PartsDefinitionModel::getTableStructure() start... Project ID: PRJ-D45FEF
[2026-07-03 16:05:53] [DEBUG] Screen::updateAreaE() [iframe起動版] path: \Develop\Views\AreaE\PartsDefinition\RegistParts.view start...
[2026-07-03 16:05:53] [DEBUG] Screen::getContents() start...
[2026-07-03 16:05:53] [DEBUG] Screen::getContents() finish.
[2026-07-03 16:05:53] [DEBUG] Screen::updateAreaE() finish.
[2026-07-03 16:05:53] [DEBUG] PartsDefinitionController::editPartsAction() end.
[2026-07-03 16:05:53] [DEBUG] Screen::areaView() start...
[2026-07-03 16:05:53] [DEBUG] Screen::areaView() finish.
[2026-07-03 16:05:56] [DEBUG] --- wwProject System Start ---
[2026-07-03 16:05:56] [DEBUG] Router::Router() /jemini/wwProjectV1.33/Develop/Console/ServerBridgeAction/
[2026-07-03 16:05:56] [DEBUG] Attempting to load: \Develop\Controllers\ConsoleController::ServerBridgeAction
[2026-07-03 16:05:56] [DEBUG] Router: Executing \Develop\Controllers\ConsoleController->ServerBridgeAction
[2026-07-03 16:05:56] [DEBUG] ConsoleController::ServerBridge() start...
[2026-07-03 16:05:56] [DEBUG] ConsoleController::ServerBridge() \Develop\Controllers\PartsDefinitionController::editPartsAction()
[2026-07-03 16:05:56] [DEBUG] PartsDefinitionController::editPartsAction() start...
[2026-07-03 16:05:56] [DEBUG] PartsDefinitionModel::getAllPartsList() start... Project ID: PRJ-D45FEF
[2026-07-03 16:05:56] [DEBUG] PartsDefinitionModel::getColumnsByTableId() start... Input: developers
[2026-07-03 16:05:56] [DEBUG] 逆引き成功: 物理名 developers -> table_id : 6
[2026-07-03 16:05:56] [DEBUG] PartsDefinitionModel::getColumnsByTableId() finish. 件数: 9
[2026-07-03 16:05:56] [DEBUG] PartsDefinitionModel::getTableStructure() start... Project ID: PRJ-D45FEF
[2026-07-03 16:05:56] [DEBUG] Screen::updateAreaE() [iframe起動版] path: \Develop\Views\AreaE\PartsDefinition\RegistParts.view start...
[2026-07-03 16:05:56] [DEBUG] Screen::getContents() start...
[2026-07-03 16:05:56] [DEBUG] Screen::getContents() finish.
[2026-07-03 16:05:56] [DEBUG] Screen::updateAreaE() finish.
[2026-07-03 16:05:56] [DEBUG] PartsDefinitionController::editPartsAction() end.
[2026-07-03 16:05:56] [DEBUG] Screen::areaView() start...
[2026-07-03 16:05:56] [DEBUG] Screen::areaView() finish.
[2026-07-03 16:05:58] [DEBUG] --- wwProject System Start ---
[2026-07-03 16:05:58] [DEBUG] Router::Router() /jemini/wwProjectV1.33/Develop/Console/ServerBridgeAction/
[2026-07-03 16:05:58] [DEBUG] Attempting to load: \Develop\Controllers\ConsoleController::ServerBridgeAction
[2026-07-03 16:05:58] [DEBUG] Router: Executing \Develop\Controllers\ConsoleController->ServerBridgeAction
[2026-07-03 16:05:58] [DEBUG] ConsoleController::ServerBridge() start...
[2026-07-03 16:05:58] [DEBUG] ConsoleController::ServerBridge() \Develop\Controllers\PartsDefinitionController::editPartsAction()
[2026-07-03 16:05:58] [DEBUG] PartsDefinitionController::editPartsAction() start...
[2026-07-03 16:05:58] [DEBUG] PartsDefinitionModel::getAllPartsList() start... Project ID: PRJ-D45FEF
[2026-07-03 16:05:58] [DEBUG] PartsDefinitionModel::getColumnsByTableId() start... Input: developers
[2026-07-03 16:05:58] [DEBUG] 逆引き成功: 物理名 developers -> table_id : 6
[2026-07-03 16:05:58] [DEBUG] PartsDefinitionModel::getColumnsByTableId() finish. 件数: 9
[2026-07-03 16:05:58] [DEBUG] PartsDefinitionModel::getTableStructure() start... Project ID: PRJ-D45FEF
[2026-07-03 16:05:58] [DEBUG] Screen::updateAreaE() [iframe起動版] path: \Develop\Views\AreaE\PartsDefinition\RegistParts.view start...
[2026-07-03 16:05:58] [DEBUG] Screen::getContents() start...
[2026-07-03 16:05:58] [DEBUG] Screen::getContents() finish.
[2026-07-03 16:05:58] [DEBUG] Screen::updateAreaE() finish.
[2026-07-03 16:05:58] [DEBUG] PartsDefinitionController::editPartsAction() end.
[2026-07-03 16:05:58] [DEBUG] Screen::areaView() start...
[2026-07-03 16:05:58] [DEBUG] Screen::areaView() finish.
[2026-07-03 16:05:59] [DEBUG] --- wwProject System Start ---
[2026-07-03 16:05:59] [DEBUG] Router::Router() /jemini/wwProjectV1.33/Develop/Console/ServerBridgeAction/
[2026-07-03 16:05:59] [DEBUG] Attempting to load: \Develop\Controllers\ConsoleController::ServerBridgeAction
[2026-07-03 16:05:59] [DEBUG] Router: Executing \Develop\Controllers\ConsoleController->ServerBridgeAction
[2026-07-03 16:05:59] [DEBUG] ConsoleController::ServerBridge() start...
[2026-07-03 16:05:59] [DEBUG] ConsoleController::ServerBridge() \Develop\Controllers\PartsDefinitionController::editPartsAction()
[2026-07-03 16:05:59] [DEBUG] PartsDefinitionController::editPartsAction() start...
[2026-07-03 16:05:59] [DEBUG] PartsDefinitionModel::getAllPartsList() start... Project ID: PRJ-D45FEF
[2026-07-03 16:05:59] [DEBUG] PartsDefinitionModel::getColumnsByTableId() start... Input: developers
[2026-07-03 16:05:59] [DEBUG] 逆引き成功: 物理名 developers -> table_id : 6
[2026-07-03 16:05:59] [DEBUG] PartsDefinitionModel::getColumnsByTableId() finish. 件数: 9
[2026-07-03 16:05:59] [DEBUG] PartsDefinitionModel::getTableStructure() start... Project ID: PRJ-D45FEF
[2026-07-03 16:05:59] [DEBUG] Screen::updateAreaE() [iframe起動版] path: \Develop\Views\AreaE\PartsDefinition\RegistParts.view start...
[2026-07-03 16:05:59] [DEBUG] Screen::getContents() start...
[2026-07-03 16:05:59] [DEBUG] Screen::getContents() finish.
[2026-07-03 16:05:59] [DEBUG] Screen::updateAreaE() finish.
[2026-07-03 16:05:59] [DEBUG] PartsDefinitionController::editPartsAction() end.
[2026-07-03 16:05:59] [DEBUG] Screen::areaView() start...
[2026-07-03 16:05:59] [DEBUG] Screen::areaView() finish.
[2026-07-03 16:06:00] [DEBUG] --- wwProject System Start ---
[2026-07-03 16:06:00] [DEBUG] Router::Router() /jemini/wwProjectV1.33/Develop/Console/ServerBridgeAction/
[2026-07-03 16:06:00] [DEBUG] Attempting to load: \Develop\Controllers\ConsoleController::ServerBridgeAction
[2026-07-03 16:06:00] [DEBUG] Router: Executing \Develop\Controllers\ConsoleController->ServerBridgeAction
[2026-07-03 16:06:00] [DEBUG] ConsoleController::ServerBridge() start...
[2026-07-03 16:06:00] [DEBUG] ConsoleController::ServerBridge() \Develop\Controllers\PartsDefinitionController::editPartsAction()
[2026-07-03 16:06:00] [DEBUG] PartsDefinitionController::editPartsAction() start...
[2026-07-03 16:06:00] [DEBUG] PartsDefinitionModel::getAllPartsList() start... Project ID: PRJ-D45FEF
[2026-07-03 16:06:00] [DEBUG] PartsDefinitionModel::getTableStructure() start... Project ID: PRJ-D45FEF
[2026-07-03 16:06:00] [DEBUG] Screen::updateAreaE() [iframe起動版] path: \Develop\Views\AreaE\PartsDefinition\RegistParts.view start...
[2026-07-03 16:06:00] [DEBUG] Screen::getContents() start...
[2026-07-03 16:06:00] [DEBUG] Screen::getContents() finish.
[2026-07-03 16:06:00] [DEBUG] Screen::updateAreaE() finish.
[2026-07-03 16:06:00] [DEBUG] PartsDefinitionController::editPartsAction() end.
[2026-07-03 16:06:00] [DEBUG] Screen::areaView() start...
[2026-07-03 16:06:00] [DEBUG] Screen::areaView() finish.
[2026-07-03 16:06:06] [DEBUG] --- wwProject System Start ---
[2026-07-03 16:06:06] [DEBUG] Router::Router() /jemini/wwProjectV1.33/Develop/Console/ServerBridgeAction/
[2026-07-03 16:06:06] [DEBUG] Attempting to load: \Develop\Controllers\ConsoleController::ServerBridgeAction
[2026-07-03 16:06:06] [DEBUG] Router: Executing \Develop\Controllers\ConsoleController->ServerBridgeAction
[2026-07-03 16:06:06] [DEBUG] ConsoleController::ServerBridge() start...
[2026-07-03 16:06:06] [DEBUG] ConsoleController::ServerBridge() \Develop\Controllers\PartsDefinitionController::editPartsAction()
[2026-07-03 16:06:06] [DEBUG] PartsDefinitionController::editPartsAction() start...
[2026-07-03 16:06:06] [DEBUG] PartsDefinitionModel::getAllPartsList() start... Project ID: PRJ-D45FEF
[2026-07-03 16:06:06] [DEBUG] PartsDefinitionModel::getColumnsByTableId() start... Input: developers
[2026-07-03 16:06:06] [DEBUG] 逆引き成功: 物理名 developers -> table_id : 6
[2026-07-03 16:06:06] [DEBUG] PartsDefinitionModel::getColumnsByTableId() finish. 件数: 9
[2026-07-03 16:06:06] [DEBUG] PartsDefinitionModel::getTableStructure() start... Project ID: PRJ-D45FEF
[2026-07-03 16:06:06] [DEBUG] Screen::updateAreaE() [iframe起動版] path: \Develop\Views\AreaE\PartsDefinition\RegistParts.view start...
[2026-07-03 16:06:06] [DEBUG] Screen::getContents() start...
[2026-07-03 16:06:06] [DEBUG] Screen::getContents() finish.
[2026-07-03 16:06:06] [DEBUG] Screen::updateAreaE() finish.
[2026-07-03 16:06:06] [DEBUG] PartsDefinitionController::editPartsAction() end.
[2026-07-03 16:06:06] [DEBUG] Screen::areaView() start...
[2026-07-03 16:06:06] [DEBUG] Screen::areaView() finish.
[2026-07-03 16:06:13] [DEBUG] --- wwProject System Start ---
[2026-07-03 16:06:13] [DEBUG] Router::Router() /jemini/wwProjectV1.33/Develop/Console/ServerBridgeAction/
[2026-07-03 16:06:13] [DEBUG] Attempting to load: \Develop\Controllers\ConsoleController::ServerBridgeAction
[2026-07-03 16:06:13] [DEBUG] Router: Executing \Develop\Controllers\ConsoleController->ServerBridgeAction
[2026-07-03 16:06:13] [DEBUG] ConsoleController::ServerBridge() start...
[2026-07-03 16:06:13] [DEBUG] ConsoleController::ServerBridge() \Develop\Controllers\PartsDefinitionController::editPartsAction()
[2026-07-03 16:06:13] [DEBUG] PartsDefinitionController::editPartsAction() start...
[2026-07-03 16:06:13] [DEBUG] PartsDefinitionModel::getAllPartsList() start... Project ID: PRJ-D45FEF
[2026-07-03 16:06:13] [DEBUG] PartsDefinitionModel::getTableStructure() start... Project ID: PRJ-D45FEF
[2026-07-03 16:06:13] [DEBUG] Screen::updateAreaE() [iframe起動版] path: \Develop\Views\AreaE\PartsDefinition\RegistParts.view start...
[2026-07-03 16:06:13] [DEBUG] Screen::getContents() start...
[2026-07-03 16:06:13] [DEBUG] Screen::getContents() finish.
[2026-07-03 16:06:13] [DEBUG] Screen::updateAreaE() finish.
[2026-07-03 16:06:13] [DEBUG] PartsDefinitionController::editPartsAction() end.
[2026-07-03 16:06:13] [DEBUG] Screen::areaView() start...
[2026-07-03 16:06:13] [DEBUG] Screen::areaView() finish.
[2026-07-03 16:06:15] [DEBUG] --- wwProject System Start ---
[2026-07-03 16:06:15] [DEBUG] Router::Router() /jemini/wwProjectV1.33/Develop/Console/ServerBridgeAction/
[2026-07-03 16:06:15] [DEBUG] Attempting to load: \Develop\Controllers\ConsoleController::ServerBridgeAction
[2026-07-03 16:06:15] [DEBUG] Router: Executing \Develop\Controllers\ConsoleController->ServerBridgeAction
[2026-07-03 16:06:15] [DEBUG] ConsoleController::ServerBridge() start...
[2026-07-03 16:06:15] [DEBUG] ConsoleController::ServerBridge() \Develop\Controllers\PartsDefinitionController::newPartsAction()
[2026-07-03 16:06:15] [DEBUG] PartsDefinitionController::newPartsAction() start...
[2026-07-03 16:06:15] [DEBUG] PartsDefinitionModel::getTableStructure() start... Project ID: PRJ-D45FEF
[2026-07-03 16:06:15] [DEBUG] Screen::updateAreaE() [iframe起動版] path: \Develop\Views\AreaE\PartsDefinition\RegistParts.view start...
[2026-07-03 16:06:15] [DEBUG] Screen::getContents() start...
[2026-07-03 16:06:15] [DEBUG] Screen::getContents() finish.
[2026-07-03 16:06:15] [DEBUG] Screen::updateAreaE() finish.
[2026-07-03 16:06:15] [DEBUG] PartsDefinitionController::newPartsAction() end.
[2026-07-03 16:06:15] [DEBUG] Screen::areaView() start...
[2026-07-03 16:06:15] [DEBUG] Screen::areaView() finish.
[2026-07-03 16:06:24] [DEBUG] --- wwProject System Start ---
[2026-07-03 16:06:24] [DEBUG] Router::Router() /jemini/wwProjectV1.33/Develop/Console/ServerBridgeAction/
[2026-07-03 16:06:24] [DEBUG] Attempting to load: \Develop\Controllers\ConsoleController::ServerBridgeAction
[2026-07-03 16:06:24] [DEBUG] Router: Executing \Develop\Controllers\ConsoleController->ServerBridgeAction
[2026-07-03 16:06:24] [DEBUG] ConsoleController::ServerBridge() start...
[2026-07-03 16:06:24] [DEBUG] ConsoleController::ServerBridge() \Develop\Controllers\PartsDefinitionController::editPartsAction()
[2026-07-03 16:06:24] [DEBUG] PartsDefinitionController::editPartsAction() start...
[2026-07-03 16:06:24] [DEBUG] PartsDefinitionModel::getAllPartsList() start... Project ID: PRJ-D45FEF
[2026-07-03 16:06:24] [DEBUG] PartsDefinitionModel::getTableStructure() start... Project ID: PRJ-D45FEF
[2026-07-03 16:06:24] [DEBUG] Screen::updateAreaE() [iframe起動版] path: \Develop\Views\AreaE\PartsDefinition\RegistParts.view start...
[2026-07-03 16:06:24] [DEBUG] Screen::getContents() start...
[2026-07-03 16:06:24] [DEBUG] Screen::getContents() finish.
[2026-07-03 16:06:24] [DEBUG] Screen::updateAreaE() finish.
[2026-07-03 16:06:24] [DEBUG] PartsDefinitionController::editPartsAction() end.
[2026-07-03 16:06:24] [DEBUG] Screen::areaView() start...
[2026-07-03 16:06:24] [DEBUG] Screen::areaView() finish.
[2026-07-03 16:06:50] [DEBUG] --- wwProject System Start ---
[2026-07-03 16:06:50] [DEBUG] Router::Router() /jemini/wwProjectV1.33/Develop/Console/ServerBridgeAction/
[2026-07-03 16:06:50] [DEBUG] Attempting to load: \Develop\Controllers\ConsoleController::ServerBridgeAction
[2026-07-03 16:06:50] [DEBUG] Router: Executing \Develop\Controllers\ConsoleController->ServerBridgeAction
[2026-07-03 16:06:50] [DEBUG] ConsoleController::ServerBridge() start...
[2026-07-03 16:06:50] [DEBUG] ConsoleController::ServerBridge() \Develop\Controllers\PartsDefinitionController::saveAction()
[2026-07-03 16:06:50] [DEBUG] PartsDefinitionController::saveAction() start...
[2026-07-03 16:06:50] [DEBUG] PartsDefinitionModel::saveParts() start... Project ID: PRJ-D45FEF, Parts ID: 3
[2026-07-03 16:06:50] [DEBUG] PartsDefinitionModel::saveParts() 保存するchecked_columns_jsonの値: []
[2026-07-03 16:06:50] [DEBUG] PartsDefinitionModel::saveParts() UPDATEを実行します。Parts ID: 3
[2026-07-03 16:06:50] [DEBUG] PartsDefinitionModel::getAllPartsList() start... Project ID: PRJ-D45FEF
[2026-07-03 16:06:50] [DEBUG] Screen::updateAreaD() path: \Develop\Views\AreaD\PartsDefinition\PartsDefinitionList.view start...
[2026-07-03 16:06:50] [DEBUG] Screen::getContents() start...
[2026-07-03 16:06:50] [DEBUG] Screen::getContents() finish.
[2026-07-03 16:06:50] [DEBUG] Screen::updateAreaD() finish.
[2026-07-03 16:06:50] [DEBUG] Screen::updateAreaE() [iframe起動版] path: \Develop\Views\AreaE\Area_E_clear.view start...
[2026-07-03 16:06:50] [DEBUG] Screen::getContents() start...
[2026-07-03 16:06:50] [DEBUG] Screen::getContents() finish.
[2026-07-03 16:06:50] [DEBUG] Screen::updateAreaE() finish.
[2026-07-03 16:06:50] [DEBUG] PartsDefinitionController::saveAction() end.
[2026-07-03 16:06:50] [DEBUG] Screen::areaView() start...
[2026-07-03 16:06:50] [DEBUG] Screen::areaView() finish.
[2026-07-03 16:07:15] [DEBUG] --- wwProject System Start ---
[2026-07-03 16:07:15] [DEBUG] Router::Router() /jemini/wwProjectV1.33/Develop/Console/ServerBridgeAction/
[2026-07-03 16:07:15] [DEBUG] Attempting to load: \Develop\Controllers\ConsoleController::ServerBridgeAction
[2026-07-03 16:07:15] [DEBUG] Router: Executing \Develop\Controllers\ConsoleController->ServerBridgeAction
[2026-07-03 16:07:15] [DEBUG] ConsoleController::ServerBridge() start...
[2026-07-03 16:07:15] [DEBUG] ConsoleController::ServerBridge() \Develop\Controllers\PartsDefinitionController::editPartsAction()
[2026-07-03 16:07:15] [DEBUG] PartsDefinitionController::editPartsAction() start...
[2026-07-03 16:07:15] [DEBUG] PartsDefinitionModel::getAllPartsList() start... Project ID: PRJ-D45FEF
[2026-07-03 16:07:15] [DEBUG] PartsDefinitionModel::getTableStructure() start... Project ID: PRJ-D45FEF
[2026-07-03 16:07:15] [DEBUG] Screen::updateAreaE() [iframe起動版] path: \Develop\Views\AreaE\PartsDefinition\RegistParts.view start...
[2026-07-03 16:07:15] [DEBUG] Screen::getContents() start...
[2026-07-03 16:07:15] [DEBUG] Screen::getContents() finish.
[2026-07-03 16:07:15] [DEBUG] Screen::updateAreaE() finish.
[2026-07-03 16:07:15] [DEBUG] PartsDefinitionController::editPartsAction() end.
[2026-07-03 16:07:15] [DEBUG] Screen::areaView() start...
[2026-07-03 16:07:15] [DEBUG] Screen::areaView() finish.
[2026-07-03 16:07:19] [DEBUG] --- wwProject System Start ---
[2026-07-03 16:07:19] [DEBUG] Router::Router() /jemini/wwProjectV1.33/Develop/Console/ServerBridgeAction/
[2026-07-03 16:07:19] [DEBUG] Attempting to load: \Develop\Controllers\ConsoleController::ServerBridgeAction
[2026-07-03 16:07:19] [DEBUG] Router: Executing \Develop\Controllers\ConsoleController->ServerBridgeAction
[2026-07-03 16:07:19] [DEBUG] ConsoleController::ServerBridge() start...
[2026-07-03 16:07:19] [DEBUG] ConsoleController::ServerBridge() \Develop\Controllers\PartsDefinitionController::newPartsAction()
[2026-07-03 16:07:19] [DEBUG] PartsDefinitionController::newPartsAction() start...
[2026-07-03 16:07:19] [DEBUG] PartsDefinitionModel::getTableStructure() start... Project ID: PRJ-D45FEF
[2026-07-03 16:07:19] [DEBUG] Screen::updateAreaE() [iframe起動版] path: \Develop\Views\AreaE\PartsDefinition\RegistParts.view start...
[2026-07-03 16:07:19] [DEBUG] Screen::getContents() start...
[2026-07-03 16:07:19] [DEBUG] Screen::getContents() finish.
[2026-07-03 16:07:19] [DEBUG] Screen::updateAreaE() finish.
[2026-07-03 16:07:19] [DEBUG] PartsDefinitionController::newPartsAction() end.
[2026-07-03 16:07:19] [DEBUG] Screen::areaView() start...
[2026-07-03 16:07:19] [DEBUG] Screen::areaView() finish.
[2026-07-03 16:07:43] [DEBUG] --- wwProject System Start ---
[2026-07-03 16:07:43] [DEBUG] Router::Router() /jemini/wwProjectV1.33/Develop/Console/ServerBridgeAction/
[2026-07-03 16:07:43] [DEBUG] Attempting to load: \Develop\Controllers\ConsoleController::ServerBridgeAction
[2026-07-03 16:07:43] [DEBUG] Router: Executing \Develop\Controllers\ConsoleController->ServerBridgeAction
[2026-07-03 16:07:43] [DEBUG] ConsoleController::ServerBridge() start...
[2026-07-03 16:07:43] [DEBUG] ConsoleController::ServerBridge() \Develop\Controllers\PartsDefinitionController::saveAction()
[2026-07-03 16:07:43] [DEBUG] PartsDefinitionController::saveAction() start...
[2026-07-03 16:07:43] [DEBUG] PartsDefinitionModel::saveParts() start... Project ID: PRJ-D45FEF, Parts ID: 
[2026-07-03 16:07:43] [DEBUG] PartsDefinitionModel::saveParts() 保存するchecked_columns_jsonの値: []
[2026-07-03 16:07:43] [DEBUG] PartsDefinitionModel::saveParts() INSERTを実行します。
[2026-07-03 16:07:43] [DEBUG] PartsDefinitionModel::getAllPartsList() start... Project ID: PRJ-D45FEF
[2026-07-03 16:07:43] [DEBUG] Screen::updateAreaD() path: \Develop\Views\AreaD\PartsDefinition\PartsDefinitionList.view start...
[2026-07-03 16:07:43] [DEBUG] Screen::getContents() start...
[2026-07-03 16:07:43] [DEBUG] Screen::getContents() finish.
[2026-07-03 16:07:43] [DEBUG] Screen::updateAreaD() finish.
[2026-07-03 16:07:43] [DEBUG] Screen::updateAreaE() [iframe起動版] path: \Develop\Views\AreaE\Area_E_clear.view start...
[2026-07-03 16:07:43] [DEBUG] Screen::getContents() start...
[2026-07-03 16:07:43] [DEBUG] Screen::getContents() finish.
[2026-07-03 16:07:43] [DEBUG] Screen::updateAreaE() finish.
[2026-07-03 16:07:43] [DEBUG] PartsDefinitionController::saveAction() end.
[2026-07-03 16:07:43] [DEBUG] Screen::areaView() start...
[2026-07-03 16:07:43] [DEBUG] Screen::areaView() finish.
[2026-07-03 16:10:28] [DEBUG] --- wwProject System Start ---
[2026-07-03 16:10:28] [DEBUG] Router::Router() /jemini/wwProjectV1.33/Develop/Console/ServerBridgeAction/
[2026-07-03 16:10:28] [DEBUG] Attempting to load: \Develop\Controllers\ConsoleController::ServerBridgeAction
[2026-07-03 16:10:28] [DEBUG] Router: Executing \Develop\Controllers\ConsoleController->ServerBridgeAction
[2026-07-03 16:10:28] [DEBUG] ConsoleController::ServerBridge() start...
[2026-07-03 16:10:28] [DEBUG] ConsoleController::ServerBridge() \Develop\Controllers\PartsDefinitionController::InitialAction()
[2026-07-03 16:10:28] [DEBUG] DBDefinitionController::initialAction() start...
[2026-07-03 16:10:28] [DEBUG] PartsDefinitionController::initialAction() projectId : PRJ-D45FEF
[2026-07-03 16:10:28] [DEBUG] PartsDefinitionModel::getAllPartsList() start... Project ID: PRJ-D45FEF
[2026-07-03 16:10:28] [DEBUG] Screen::updateAreaD() path: \Develop\Views\AreaD\PartsDefinition\PartsDefinitionList.view start...
[2026-07-03 16:10:28] [DEBUG] Screen::getContents() start...
[2026-07-03 16:10:28] [DEBUG] Screen::getContents() finish.
[2026-07-03 16:10:28] [DEBUG] Screen::updateAreaD() finish.
[2026-07-03 16:10:28] [DEBUG] Screen::updateAreaE() [iframe起動版] path: \Develop\Views\AreaE\Area_E_clear.view start...
[2026-07-03 16:10:28] [DEBUG] Screen::getContents() start...
[2026-07-03 16:10:28] [DEBUG] Screen::getContents() finish.
[2026-07-03 16:10:28] [DEBUG] Screen::updateAreaE() finish.
[2026-07-03 16:10:28] [DEBUG] DBDefinitionController::initialAction() end.
[2026-07-03 16:10:28] [DEBUG] Screen::areaView() start...
[2026-07-03 16:10:28] [DEBUG] Screen::areaView() finish.
[2026-07-03 16:10:29] [DEBUG] --- wwProject System Start ---
[2026-07-03 16:10:29] [DEBUG] Router::Router() /jemini/wwProjectV1.33/Develop/Console/ServerBridgeAction/
[2026-07-03 16:10:29] [DEBUG] Attempting to load: \Develop\Controllers\ConsoleController::ServerBridgeAction
[2026-07-03 16:10:29] [DEBUG] Router: Executing \Develop\Controllers\ConsoleController->ServerBridgeAction
[2026-07-03 16:10:29] [DEBUG] ConsoleController::ServerBridge() start...
[2026-07-03 16:10:29] [DEBUG] ConsoleController::ServerBridge() \Develop\Controllers\PartsDefinitionController::editPartsAction()
[2026-07-03 16:10:29] [DEBUG] PartsDefinitionController::editPartsAction() start...
[2026-07-03 16:10:29] [DEBUG] PartsDefinitionModel::getAllPartsList() start... Project ID: PRJ-D45FEF
[2026-07-03 16:10:29] [DEBUG] PartsDefinitionModel::getTableStructure() start... Project ID: PRJ-D45FEF
[2026-07-03 16:10:29] [DEBUG] Screen::updateAreaE() [iframe起動版] path: \Develop\Views\AreaE\PartsDefinition\RegistParts.view start...
[2026-07-03 16:10:29] [DEBUG] Screen::getContents() start...
[2026-07-03 16:10:29] [DEBUG] Screen::getContents() finish.
[2026-07-03 16:10:29] [DEBUG] Screen::updateAreaE() finish.
[2026-07-03 16:10:29] [DEBUG] PartsDefinitionController::editPartsAction() end.
[2026-07-03 16:10:29] [DEBUG] Screen::areaView() start...
[2026-07-03 16:10:29] [DEBUG] Screen::areaView() finish.
[2026-07-03 16:10:38] [DEBUG] --- wwProject System Start ---
[2026-07-03 16:10:38] [DEBUG] Router::Router() /jemini/wwProjectV1.33/Develop/Console/ServerBridgeAction/
[2026-07-03 16:10:38] [DEBUG] Attempting to load: \Develop\Controllers\ConsoleController::ServerBridgeAction
[2026-07-03 16:10:38] [DEBUG] Router: Executing \Develop\Controllers\ConsoleController->ServerBridgeAction
[2026-07-03 16:10:38] [DEBUG] ConsoleController::ServerBridge() start...
[2026-07-03 16:10:38] [DEBUG] ConsoleController::ServerBridge() \Develop\Controllers\PartsDefinitionController::editPartsAction()
[2026-07-03 16:10:38] [DEBUG] PartsDefinitionController::editPartsAction() start...
[2026-07-03 16:10:38] [DEBUG] PartsDefinitionModel::getAllPartsList() start... Project ID: PRJ-D45FEF
[2026-07-03 16:10:38] [DEBUG] PartsDefinitionModel::getTableStructure() start... Project ID: PRJ-D45FEF
[2026-07-03 16:10:38] [DEBUG] Screen::updateAreaE() [iframe起動版] path: \Develop\Views\AreaE\PartsDefinition\RegistParts.view start...
[2026-07-03 16:10:38] [DEBUG] Screen::getContents() start...
[2026-07-03 16:10:38] [DEBUG] Screen::getContents() finish.
[2026-07-03 16:10:38] [DEBUG] Screen::updateAreaE() finish.
[2026-07-03 16:10:38] [DEBUG] PartsDefinitionController::editPartsAction() end.
[2026-07-03 16:10:38] [DEBUG] Screen::areaView() start...
[2026-07-03 16:10:38] [DEBUG] Screen::areaView() finish.
[2026-07-03 16:10:40] [DEBUG] --- wwProject System Start ---
[2026-07-03 16:10:40] [DEBUG] Router::Router() /jemini/wwProjectV1.33/Develop/Console/ServerBridgeAction/
[2026-07-03 16:10:40] [DEBUG] Attempting to load: \Develop\Controllers\ConsoleController::ServerBridgeAction
[2026-07-03 16:10:40] [DEBUG] Router: Executing \Develop\Controllers\ConsoleController->ServerBridgeAction
[2026-07-03 16:10:40] [DEBUG] ConsoleController::ServerBridge() start...
[2026-07-03 16:10:40] [DEBUG] ConsoleController::ServerBridge() \Develop\Controllers\PartsDefinitionController::editPartsAction()
[2026-07-03 16:10:40] [DEBUG] PartsDefinitionController::editPartsAction() start...
[2026-07-03 16:10:40] [DEBUG] PartsDefinitionModel::getAllPartsList() start... Project ID: PRJ-D45FEF
[2026-07-03 16:10:40] [DEBUG] PartsDefinitionModel::getTableStructure() start... Project ID: PRJ-D45FEF
[2026-07-03 16:10:40] [DEBUG] Screen::updateAreaE() [iframe起動版] path: \Develop\Views\AreaE\PartsDefinition\RegistParts.view start...
[2026-07-03 16:10:40] [DEBUG] Screen::getContents() start...
[2026-07-03 16:10:40] [DEBUG] Screen::getContents() finish.
[2026-07-03 16:10:40] [DEBUG] Screen::updateAreaE() finish.
[2026-07-03 16:10:40] [DEBUG] PartsDefinitionController::editPartsAction() end.
[2026-07-03 16:10:40] [DEBUG] Screen::areaView() start...
[2026-07-03 16:10:40] [DEBUG] Screen::areaView() finish.
[2026-07-03 16:10:47] [DEBUG] --- wwProject System Start ---
[2026-07-03 16:10:47] [DEBUG] Router::Router() /jemini/wwProjectV1.33/Develop/Console/ServerBridgeAction/
[2026-07-03 16:10:47] [DEBUG] Attempting to load: \Develop\Controllers\ConsoleController::ServerBridgeAction
[2026-07-03 16:10:47] [DEBUG] Router: Executing \Develop\Controllers\ConsoleController->ServerBridgeAction
[2026-07-03 16:10:47] [DEBUG] ConsoleController::ServerBridge() start...
[2026-07-03 16:10:47] [DEBUG] ConsoleController::ServerBridge() \Develop\Controllers\PartsDefinitionController::saveAction()
[2026-07-03 16:10:47] [DEBUG] PartsDefinitionController::saveAction() start...
[2026-07-03 16:10:47] [DEBUG] PartsDefinitionModel::saveParts() start... Project ID: PRJ-D45FEF, Parts ID: 6
[2026-07-03 16:10:47] [DEBUG] PartsDefinitionModel::saveParts() 保存するchecked_columns_jsonの値: []
[2026-07-03 16:10:47] [DEBUG] PartsDefinitionModel::saveParts() UPDATEを実行します。Parts ID: 6
[2026-07-03 16:10:47] [DEBUG] PartsDefinitionModel::getAllPartsList() start... Project ID: PRJ-D45FEF
[2026-07-03 16:10:47] [DEBUG] Screen::updateAreaD() path: \Develop\Views\AreaD\PartsDefinition\PartsDefinitionList.view start...
[2026-07-03 16:10:47] [DEBUG] Screen::getContents() start...
[2026-07-03 16:10:47] [DEBUG] Screen::getContents() finish.
[2026-07-03 16:10:47] [DEBUG] Screen::updateAreaD() finish.
[2026-07-03 16:10:47] [DEBUG] Screen::updateAreaE() [iframe起動版] path: \Develop\Views\AreaE\Area_E_clear.view start...
[2026-07-03 16:10:47] [DEBUG] Screen::getContents() start...
[2026-07-03 16:10:47] [DEBUG] Screen::getContents() finish.
[2026-07-03 16:10:47] [DEBUG] Screen::updateAreaE() finish.
[2026-07-03 16:10:47] [DEBUG] PartsDefinitionController::saveAction() end.
[2026-07-03 16:10:47] [DEBUG] Screen::areaView() start...
[2026-07-03 16:10:47] [DEBUG] Screen::areaView() finish.
[2026-07-03 16:10:48] [DEBUG] --- wwProject System Start ---
[2026-07-03 16:10:48] [DEBUG] Router::Router() /jemini/wwProjectV1.33/Develop/Console/ServerBridgeAction/
[2026-07-03 16:10:48] [DEBUG] Attempting to load: \Develop\Controllers\ConsoleController::ServerBridgeAction
[2026-07-03 16:10:48] [DEBUG] Router: Executing \Develop\Controllers\ConsoleController->ServerBridgeAction
[2026-07-03 16:10:48] [DEBUG] ConsoleController::ServerBridge() start...
[2026-07-03 16:10:48] [DEBUG] ConsoleController::ServerBridge() \Develop\Controllers\PartsDefinitionController::editPartsAction()
[2026-07-03 16:10:48] [DEBUG] PartsDefinitionController::editPartsAction() start...
[2026-07-03 16:10:48] [DEBUG] PartsDefinitionModel::getAllPartsList() start... Project ID: PRJ-D45FEF
[2026-07-03 16:10:48] [DEBUG] PartsDefinitionModel::getTableStructure() start... Project ID: PRJ-D45FEF
[2026-07-03 16:10:48] [DEBUG] Screen::updateAreaE() [iframe起動版] path: \Develop\Views\AreaE\PartsDefinition\RegistParts.view start...
[2026-07-03 16:10:48] [DEBUG] Screen::getContents() start...
[2026-07-03 16:10:48] [DEBUG] Screen::getContents() finish.
[2026-07-03 16:10:48] [DEBUG] Screen::updateAreaE() finish.
[2026-07-03 16:10:48] [DEBUG] PartsDefinitionController::editPartsAction() end.
[2026-07-03 16:10:48] [DEBUG] Screen::areaView() start...
[2026-07-03 16:10:48] [DEBUG] Screen::areaView() finish.
[2026-07-03 16:11:14] [DEBUG] --- wwProject System Start ---
[2026-07-03 16:11:14] [DEBUG] Router::Router() /jemini/wwProjectV1.33/Develop/Console/ServerBridgeAction/
[2026-07-03 16:11:14] [DEBUG] Attempting to load: \Develop\Controllers\ConsoleController::ServerBridgeAction
[2026-07-03 16:11:14] [DEBUG] Router: Executing \Develop\Controllers\ConsoleController->ServerBridgeAction
[2026-07-03 16:11:14] [DEBUG] ConsoleController::ServerBridge() start...
[2026-07-03 16:11:14] [DEBUG] ConsoleController::ServerBridge() \Develop\Controllers\PartsDefinitionController::editPartsAction()
[2026-07-03 16:11:14] [DEBUG] PartsDefinitionController::editPartsAction() start...
[2026-07-03 16:11:14] [DEBUG] PartsDefinitionModel::getAllPartsList() start... Project ID: PRJ-D45FEF
[2026-07-03 16:11:14] [DEBUG] PartsDefinitionModel::getTableStructure() start... Project ID: PRJ-D45FEF
[2026-07-03 16:11:14] [DEBUG] Screen::updateAreaE() [iframe起動版] path: \Develop\Views\AreaE\PartsDefinition\RegistParts.view start...
[2026-07-03 16:11:14] [DEBUG] Screen::getContents() start...
[2026-07-03 16:11:14] [DEBUG] Screen::getContents() finish.
[2026-07-03 16:11:14] [DEBUG] Screen::updateAreaE() finish.
[2026-07-03 16:11:14] [DEBUG] PartsDefinitionController::editPartsAction() end.
[2026-07-03 16:11:14] [DEBUG] Screen::areaView() start...
[2026-07-03 16:11:14] [DEBUG] Screen::areaView() finish.
[2026-07-03 16:11:16] [DEBUG] --- wwProject System Start ---
[2026-07-03 16:11:16] [DEBUG] Router::Router() /jemini/wwProjectV1.33/Develop/Console/ServerBridgeAction/
[2026-07-03 16:11:16] [DEBUG] Attempting to load: \Develop\Controllers\ConsoleController::ServerBridgeAction
[2026-07-03 16:11:16] [DEBUG] Router: Executing \Develop\Controllers\ConsoleController->ServerBridgeAction
[2026-07-03 16:11:16] [DEBUG] ConsoleController::ServerBridge() start...
[2026-07-03 16:11:16] [DEBUG] ConsoleController::ServerBridge() \Develop\Controllers\PartsDefinitionController::editPartsAction()
[2026-07-03 16:11:16] [DEBUG] PartsDefinitionController::editPartsAction() start...
[2026-07-03 16:11:16] [DEBUG] PartsDefinitionModel::getAllPartsList() start... Project ID: PRJ-D45FEF
[2026-07-03 16:11:16] [DEBUG] PartsDefinitionModel::getTableStructure() start... Project ID: PRJ-D45FEF
[2026-07-03 16:11:16] [DEBUG] Screen::updateAreaE() [iframe起動版] path: \Develop\Views\AreaE\PartsDefinition\RegistParts.view start...
[2026-07-03 16:11:16] [DEBUG] Screen::getContents() start...
[2026-07-03 16:11:16] [DEBUG] Screen::getContents() finish.
[2026-07-03 16:11:16] [DEBUG] Screen::updateAreaE() finish.
[2026-07-03 16:11:16] [DEBUG] PartsDefinitionController::editPartsAction() end.
[2026-07-03 16:11:16] [DEBUG] Screen::areaView() start...
[2026-07-03 16:11:16] [DEBUG] Screen::areaView() finish.
[2026-07-03 16:11:17] [DEBUG] --- wwProject System Start ---
[2026-07-03 16:11:17] [DEBUG] Router::Router() /jemini/wwProjectV1.33/Develop/Console/ServerBridgeAction/
[2026-07-03 16:11:17] [DEBUG] Attempting to load: \Develop\Controllers\ConsoleController::ServerBridgeAction
[2026-07-03 16:11:17] [DEBUG] Router: Executing \Develop\Controllers\ConsoleController->ServerBridgeAction
[2026-07-03 16:11:17] [DEBUG] ConsoleController::ServerBridge() start...
[2026-07-03 16:11:17] [DEBUG] ConsoleController::ServerBridge() \Develop\Controllers\PartsDefinitionController::editPartsAction()
[2026-07-03 16:11:17] [DEBUG] PartsDefinitionController::editPartsAction() start...
[2026-07-03 16:11:17] [DEBUG] PartsDefinitionModel::getAllPartsList() start... Project ID: PRJ-D45FEF
[2026-07-03 16:11:17] [DEBUG] PartsDefinitionModel::getTableStructure() start... Project ID: PRJ-D45FEF
[2026-07-03 16:11:17] [DEBUG] Screen::updateAreaE() [iframe起動版] path: \Develop\Views\AreaE\PartsDefinition\RegistParts.view start...
[2026-07-03 16:11:17] [DEBUG] Screen::getContents() start...
[2026-07-03 16:11:17] [DEBUG] Screen::getContents() finish.
[2026-07-03 16:11:17] [DEBUG] Screen::updateAreaE() finish.
[2026-07-03 16:11:17] [DEBUG] PartsDefinitionController::editPartsAction() end.
[2026-07-03 16:11:17] [DEBUG] Screen::areaView() start...
[2026-07-03 16:11:17] [DEBUG] Screen::areaView() finish.
[2026-07-03 16:11:19] [DEBUG] --- wwProject System Start ---
[2026-07-03 16:11:19] [DEBUG] Router::Router() /jemini/wwProjectV1.33/Develop/Console/ServerBridgeAction/
[2026-07-03 16:11:19] [DEBUG] Attempting to load: \Develop\Controllers\ConsoleController::ServerBridgeAction
[2026-07-03 16:11:19] [DEBUG] Router: Executing \Develop\Controllers\ConsoleController->ServerBridgeAction
[2026-07-03 16:11:19] [DEBUG] ConsoleController::ServerBridge() start...
[2026-07-03 16:11:19] [DEBUG] ConsoleController::ServerBridge() \Develop\Controllers\PartsDefinitionController::editPartsAction()
[2026-07-03 16:11:19] [DEBUG] PartsDefinitionController::editPartsAction() start...
[2026-07-03 16:11:19] [DEBUG] PartsDefinitionModel::getAllPartsList() start... Project ID: PRJ-D45FEF
[2026-07-03 16:11:19] [DEBUG] PartsDefinitionModel::getTableStructure() start... Project ID: PRJ-D45FEF
[2026-07-03 16:11:19] [DEBUG] Screen::updateAreaE() [iframe起動版] path: \Develop\Views\AreaE\PartsDefinition\RegistParts.view start...
[2026-07-03 16:11:19] [DEBUG] Screen::getContents() start...
[2026-07-03 16:11:19] [DEBUG] Screen::getContents() finish.
[2026-07-03 16:11:19] [DEBUG] Screen::updateAreaE() finish.
[2026-07-03 16:11:19] [DEBUG] PartsDefinitionController::editPartsAction() end.
[2026-07-03 16:11:19] [DEBUG] Screen::areaView() start...
[2026-07-03 16:11:19] [DEBUG] Screen::areaView() finish.
[2026-07-03 16:11:20] [DEBUG] --- wwProject System Start ---
[2026-07-03 16:11:20] [DEBUG] Router::Router() /jemini/wwProjectV1.33/Develop/Console/ServerBridgeAction/
[2026-07-03 16:11:20] [DEBUG] Attempting to load: \Develop\Controllers\ConsoleController::ServerBridgeAction
[2026-07-03 16:11:20] [DEBUG] Router: Executing \Develop\Controllers\ConsoleController->ServerBridgeAction
[2026-07-03 16:11:20] [DEBUG] ConsoleController::ServerBridge() start...
[2026-07-03 16:11:20] [DEBUG] ConsoleController::ServerBridge() \Develop\Controllers\PartsDefinitionController::editPartsAction()
[2026-07-03 16:11:20] [DEBUG] PartsDefinitionController::editPartsAction() start...
[2026-07-03 16:11:20] [DEBUG] PartsDefinitionModel::getAllPartsList() start... Project ID: PRJ-D45FEF
[2026-07-03 16:11:20] [DEBUG] PartsDefinitionModel::getTableStructure() start... Project ID: PRJ-D45FEF
[2026-07-03 16:11:20] [DEBUG] Screen::updateAreaE() [iframe起動版] path: \Develop\Views\AreaE\PartsDefinition\RegistParts.view start...
[2026-07-03 16:11:20] [DEBUG] Screen::getContents() start...
[2026-07-03 16:11:20] [DEBUG] Screen::getContents() finish.
[2026-07-03 16:11:20] [DEBUG] Screen::updateAreaE() finish.
[2026-07-03 16:11:20] [DEBUG] PartsDefinitionController::editPartsAction() end.
[2026-07-03 16:11:20] [DEBUG] Screen::areaView() start...
[2026-07-03 16:11:20] [DEBUG] Screen::areaView() finish.
[2026-07-03 16:11:22] [DEBUG] --- wwProject System Start ---
[2026-07-03 16:11:22] [DEBUG] Router::Router() /jemini/wwProjectV1.33/Develop/Console/ServerBridgeAction/
[2026-07-03 16:11:22] [DEBUG] Attempting to load: \Develop\Controllers\ConsoleController::ServerBridgeAction
[2026-07-03 16:11:22] [DEBUG] Router: Executing \Develop\Controllers\ConsoleController->ServerBridgeAction
[2026-07-03 16:11:22] [DEBUG] ConsoleController::ServerBridge() start...
[2026-07-03 16:11:22] [DEBUG] ConsoleController::ServerBridge() \Develop\Controllers\PartsDefinitionController::editPartsAction()
[2026-07-03 16:11:22] [DEBUG] PartsDefinitionController::editPartsAction() start...
[2026-07-03 16:11:22] [DEBUG] PartsDefinitionModel::getAllPartsList() start... Project ID: PRJ-D45FEF
[2026-07-03 16:11:22] [DEBUG] PartsDefinitionModel::getTableStructure() start... Project ID: PRJ-D45FEF
[2026-07-03 16:11:22] [DEBUG] Screen::updateAreaE() [iframe起動版] path: \Develop\Views\AreaE\PartsDefinition\RegistParts.view start...
[2026-07-03 16:11:22] [DEBUG] Screen::getContents() start...
[2026-07-03 16:11:22] [DEBUG] Screen::getContents() finish.
[2026-07-03 16:11:22] [DEBUG] Screen::updateAreaE() finish.
[2026-07-03 16:11:22] [DEBUG] PartsDefinitionController::editPartsAction() end.
[2026-07-03 16:11:22] [DEBUG] Screen::areaView() start...
[2026-07-03 16:11:22] [DEBUG] Screen::areaView() finish.
[2026-07-03 16:11:23] [DEBUG] --- wwProject System Start ---
[2026-07-03 16:11:23] [DEBUG] Router::Router() /jemini/wwProjectV1.33/Develop/Console/ServerBridgeAction/
[2026-07-03 16:11:23] [DEBUG] Attempting to load: \Develop\Controllers\ConsoleController::ServerBridgeAction
[2026-07-03 16:11:23] [DEBUG] Router: Executing \Develop\Controllers\ConsoleController->ServerBridgeAction
[2026-07-03 16:11:23] [DEBUG] ConsoleController::ServerBridge() start...
[2026-07-03 16:11:23] [DEBUG] ConsoleController::ServerBridge() \Develop\Controllers\PartsDefinitionController::editPartsAction()
[2026-07-03 16:11:23] [DEBUG] PartsDefinitionController::editPartsAction() start...
[2026-07-03 16:11:23] [DEBUG] PartsDefinitionModel::getAllPartsList() start... Project ID: PRJ-D45FEF
[2026-07-03 16:11:23] [DEBUG] PartsDefinitionModel::getTableStructure() start... Project ID: PRJ-D45FEF
[2026-07-03 16:11:23] [DEBUG] Screen::updateAreaE() [iframe起動版] path: \Develop\Views\AreaE\PartsDefinition\RegistParts.view start...
[2026-07-03 16:11:23] [DEBUG] Screen::getContents() start...
[2026-07-03 16:11:23] [DEBUG] Screen::getContents() finish.
[2026-07-03 16:11:23] [DEBUG] Screen::updateAreaE() finish.
[2026-07-03 16:11:23] [DEBUG] PartsDefinitionController::editPartsAction() end.
[2026-07-03 16:11:23] [DEBUG] Screen::areaView() start...
[2026-07-03 16:11:23] [DEBUG] Screen::areaView() finish.
[2026-07-03 16:11:26] [DEBUG] --- wwProject System Start ---
[2026-07-03 16:11:26] [DEBUG] Router::Router() /jemini/wwProjectV1.33/Develop/Console/ServerBridgeAction/
[2026-07-03 16:11:26] [DEBUG] Attempting to load: \Develop\Controllers\ConsoleController::ServerBridgeAction
[2026-07-03 16:11:26] [DEBUG] Router: Executing \Develop\Controllers\ConsoleController->ServerBridgeAction
[2026-07-03 16:11:26] [DEBUG] ConsoleController::ServerBridge() start...
[2026-07-03 16:11:26] [DEBUG] ConsoleController::ServerBridge() \Develop\Controllers\PartsDefinitionController::editPartsAction()
[2026-07-03 16:11:26] [DEBUG] PartsDefinitionController::editPartsAction() start...
[2026-07-03 16:11:26] [DEBUG] PartsDefinitionModel::getAllPartsList() start... Project ID: PRJ-D45FEF
[2026-07-03 16:11:26] [DEBUG] PartsDefinitionModel::getTableStructure() start... Project ID: PRJ-D45FEF
[2026-07-03 16:11:26] [DEBUG] Screen::updateAreaE() [iframe起動版] path: \Develop\Views\AreaE\PartsDefinition\RegistParts.view start...
[2026-07-03 16:11:26] [DEBUG] Screen::getContents() start...
[2026-07-03 16:11:26] [DEBUG] Screen::getContents() finish.
[2026-07-03 16:11:26] [DEBUG] Screen::updateAreaE() finish.
[2026-07-03 16:11:26] [DEBUG] PartsDefinitionController::editPartsAction() end.
[2026-07-03 16:11:26] [DEBUG] Screen::areaView() start...
[2026-07-03 16:11:26] [DEBUG] Screen::areaView() finish.
[2026-07-03 16:11:28] [DEBUG] --- wwProject System Start ---
[2026-07-03 16:11:28] [DEBUG] Router::Router() /jemini/wwProjectV1.33/Develop/Console/ServerBridgeAction/
[2026-07-03 16:11:28] [DEBUG] Attempting to load: \Develop\Controllers\ConsoleController::ServerBridgeAction
[2026-07-03 16:11:28] [DEBUG] Router: Executing \Develop\Controllers\ConsoleController->ServerBridgeAction
[2026-07-03 16:11:28] [DEBUG] ConsoleController::ServerBridge() start...
[2026-07-03 16:11:28] [DEBUG] ConsoleController::ServerBridge() \Develop\Controllers\PartsDefinitionController::editPartsAction()
[2026-07-03 16:11:28] [DEBUG] PartsDefinitionController::editPartsAction() start...
[2026-07-03 16:11:28] [DEBUG] PartsDefinitionModel::getAllPartsList() start... Project ID: PRJ-D45FEF
[2026-07-03 16:11:28] [DEBUG] PartsDefinitionModel::getTableStructure() start... Project ID: PRJ-D45FEF
[2026-07-03 16:11:28] [DEBUG] Screen::updateAreaE() [iframe起動版] path: \Develop\Views\AreaE\PartsDefinition\RegistParts.view start...
[2026-07-03 16:11:28] [DEBUG] Screen::getContents() start...
[2026-07-03 16:11:28] [DEBUG] Screen::getContents() finish.
[2026-07-03 16:11:28] [DEBUG] Screen::updateAreaE() finish.
[2026-07-03 16:11:28] [DEBUG] PartsDefinitionController::editPartsAction() end.
[2026-07-03 16:11:28] [DEBUG] Screen::areaView() start...
[2026-07-03 16:11:28] [DEBUG] Screen::areaView() finish.
[2026-07-03 16:11:28] [DEBUG] --- wwProject System Start ---
[2026-07-03 16:11:28] [DEBUG] Router::Router() /jemini/wwProjectV1.33/Develop/Console/ServerBridgeAction/
[2026-07-03 16:11:28] [DEBUG] Attempting to load: \Develop\Controllers\ConsoleController::ServerBridgeAction
[2026-07-03 16:11:28] [DEBUG] Router: Executing \Develop\Controllers\ConsoleController->ServerBridgeAction
[2026-07-03 16:11:28] [DEBUG] ConsoleController::ServerBridge() start...
[2026-07-03 16:11:28] [DEBUG] ConsoleController::ServerBridge() \Develop\Controllers\PartsDefinitionController::editPartsAction()
[2026-07-03 16:11:28] [DEBUG] PartsDefinitionController::editPartsAction() start...
[2026-07-03 16:11:28] [DEBUG] PartsDefinitionModel::getAllPartsList() start... Project ID: PRJ-D45FEF
[2026-07-03 16:11:28] [DEBUG] PartsDefinitionModel::getColumnsByTableId() start... Input: developers
[2026-07-03 16:11:28] [DEBUG] 逆引き成功: 物理名 developers -> table_id : 6
[2026-07-03 16:11:28] [DEBUG] PartsDefinitionModel::getColumnsByTableId() finish. 件数: 9
[2026-07-03 16:11:28] [DEBUG] PartsDefinitionModel::getTableStructure() start... Project ID: PRJ-D45FEF
[2026-07-03 16:11:28] [DEBUG] Screen::updateAreaE() [iframe起動版] path: \Develop\Views\AreaE\PartsDefinition\RegistParts.view start...
[2026-07-03 16:11:28] [DEBUG] Screen::getContents() start...
[2026-07-03 16:11:28] [DEBUG] Screen::getContents() finish.
[2026-07-03 16:11:28] [DEBUG] Screen::updateAreaE() finish.
[2026-07-03 16:11:28] [DEBUG] PartsDefinitionController::editPartsAction() end.
[2026-07-03 16:11:28] [DEBUG] Screen::areaView() start...
[2026-07-03 16:11:28] [DEBUG] Screen::areaView() finish.
[2026-07-03 16:11:31] [DEBUG] --- wwProject System Start ---
[2026-07-03 16:11:31] [DEBUG] Router::Router() /jemini/wwProjectV1.33/Develop/Console/ServerBridgeAction/
[2026-07-03 16:11:31] [DEBUG] Attempting to load: \Develop\Controllers\ConsoleController::ServerBridgeAction
[2026-07-03 16:11:31] [DEBUG] Router: Executing \Develop\Controllers\ConsoleController->ServerBridgeAction
[2026-07-03 16:11:31] [DEBUG] ConsoleController::ServerBridge() start...
[2026-07-03 16:11:31] [DEBUG] ConsoleController::ServerBridge() \Develop\Controllers\PartsDefinitionController::editPartsAction()
[2026-07-03 16:11:31] [DEBUG] PartsDefinitionController::editPartsAction() start...
[2026-07-03 16:11:31] [DEBUG] PartsDefinitionModel::getAllPartsList() start... Project ID: PRJ-D45FEF
[2026-07-03 16:11:31] [DEBUG] PartsDefinitionModel::getColumnsByTableId() start... Input: developers
[2026-07-03 16:11:31] [DEBUG] 逆引き成功: 物理名 developers -> table_id : 6
[2026-07-03 16:11:31] [DEBUG] PartsDefinitionModel::getColumnsByTableId() finish. 件数: 9
[2026-07-03 16:11:31] [DEBUG] PartsDefinitionModel::getTableStructure() start... Project ID: PRJ-D45FEF
[2026-07-03 16:11:31] [DEBUG] Screen::updateAreaE() [iframe起動版] path: \Develop\Views\AreaE\PartsDefinition\RegistParts.view start...
[2026-07-03 16:11:31] [DEBUG] Screen::getContents() start...
[2026-07-03 16:11:31] [DEBUG] Screen::getContents() finish.
[2026-07-03 16:11:31] [DEBUG] Screen::updateAreaE() finish.
[2026-07-03 16:11:31] [DEBUG] PartsDefinitionController::editPartsAction() end.
[2026-07-03 16:11:31] [DEBUG] Screen::areaView() start...
[2026-07-03 16:11:31] [DEBUG] Screen::areaView() finish.
[2026-07-03 16:11:33] [DEBUG] --- wwProject System Start ---
[2026-07-03 16:11:33] [DEBUG] Router::Router() /jemini/wwProjectV1.33/Develop/Console/ServerBridgeAction/
[2026-07-03 16:11:33] [DEBUG] Attempting to load: \Develop\Controllers\ConsoleController::ServerBridgeAction
[2026-07-03 16:11:33] [DEBUG] Router: Executing \Develop\Controllers\ConsoleController->ServerBridgeAction
[2026-07-03 16:11:33] [DEBUG] ConsoleController::ServerBridge() start...
[2026-07-03 16:11:33] [DEBUG] ConsoleController::ServerBridge() \Develop\Controllers\PartsDefinitionController::editPartsAction()
[2026-07-03 16:11:33] [DEBUG] PartsDefinitionController::editPartsAction() start...
[2026-07-03 16:11:33] [DEBUG] PartsDefinitionModel::getAllPartsList() start... Project ID: PRJ-D45FEF
[2026-07-03 16:11:33] [DEBUG] PartsDefinitionModel::getColumnsByTableId() start... Input: developers
[2026-07-03 16:11:33] [DEBUG] 逆引き成功: 物理名 developers -> table_id : 6
[2026-07-03 16:11:33] [DEBUG] PartsDefinitionModel::getColumnsByTableId() finish. 件数: 9
[2026-07-03 16:11:33] [DEBUG] PartsDefinitionModel::getTableStructure() start... Project ID: PRJ-D45FEF
[2026-07-03 16:11:33] [DEBUG] Screen::updateAreaE() [iframe起動版] path: \Develop\Views\AreaE\PartsDefinition\RegistParts.view start...
[2026-07-03 16:11:33] [DEBUG] Screen::getContents() start...
[2026-07-03 16:11:33] [DEBUG] Screen::getContents() finish.
[2026-07-03 16:11:33] [DEBUG] Screen::updateAreaE() finish.
[2026-07-03 16:11:33] [DEBUG] PartsDefinitionController::editPartsAction() end.
[2026-07-03 16:11:33] [DEBUG] Screen::areaView() start...
[2026-07-03 16:11:33] [DEBUG] Screen::areaView() finish.
[2026-07-03 16:11:34] [DEBUG] --- wwProject System Start ---
[2026-07-03 16:11:34] [DEBUG] Router::Router() /jemini/wwProjectV1.33/Develop/Console/ServerBridgeAction/
[2026-07-03 16:11:34] [DEBUG] Attempting to load: \Develop\Controllers\ConsoleController::ServerBridgeAction
[2026-07-03 16:11:34] [DEBUG] Router: Executing \Develop\Controllers\ConsoleController->ServerBridgeAction
[2026-07-03 16:11:34] [DEBUG] ConsoleController::ServerBridge() start...
[2026-07-03 16:11:34] [DEBUG] ConsoleController::ServerBridge() \Develop\Controllers\PartsDefinitionController::editPartsAction()
[2026-07-03 16:11:34] [DEBUG] PartsDefinitionController::editPartsAction() start...
[2026-07-03 16:11:34] [DEBUG] PartsDefinitionModel::getAllPartsList() start... Project ID: PRJ-D45FEF
[2026-07-03 16:11:34] [DEBUG] PartsDefinitionModel::getColumnsByTableId() start... Input: developers
[2026-07-03 16:11:34] [DEBUG] 逆引き成功: 物理名 developers -> table_id : 6
[2026-07-03 16:11:34] [DEBUG] PartsDefinitionModel::getColumnsByTableId() finish. 件数: 9
[2026-07-03 16:11:34] [DEBUG] PartsDefinitionModel::getTableStructure() start... Project ID: PRJ-D45FEF
[2026-07-03 16:11:34] [DEBUG] Screen::updateAreaE() [iframe起動版] path: \Develop\Views\AreaE\PartsDefinition\RegistParts.view start...
[2026-07-03 16:11:34] [DEBUG] Screen::getContents() start...
[2026-07-03 16:11:34] [DEBUG] Screen::getContents() finish.
[2026-07-03 16:11:34] [DEBUG] Screen::updateAreaE() finish.
[2026-07-03 16:11:34] [DEBUG] PartsDefinitionController::editPartsAction() end.
[2026-07-03 16:11:34] [DEBUG] Screen::areaView() start...
[2026-07-03 16:11:34] [DEBUG] Screen::areaView() finish.
[2026-07-03 16:11:36] [DEBUG] --- wwProject System Start ---
[2026-07-03 16:11:36] [DEBUG] Router::Router() /jemini/wwProjectV1.33/Develop/Console/ServerBridgeAction/
[2026-07-03 16:11:36] [DEBUG] Attempting to load: \Develop\Controllers\ConsoleController::ServerBridgeAction
[2026-07-03 16:11:36] [DEBUG] Router: Executing \Develop\Controllers\ConsoleController->ServerBridgeAction
[2026-07-03 16:11:36] [DEBUG] ConsoleController::ServerBridge() start...
[2026-07-03 16:11:36] [DEBUG] ConsoleController::ServerBridge() \Develop\Controllers\PartsDefinitionController::editPartsAction()
[2026-07-03 16:11:36] [DEBUG] PartsDefinitionController::editPartsAction() start...
[2026-07-03 16:11:36] [DEBUG] PartsDefinitionModel::getAllPartsList() start... Project ID: PRJ-D45FEF
[2026-07-03 16:11:36] [DEBUG] PartsDefinitionModel::getColumnsByTableId() start... Input: developers
[2026-07-03 16:11:36] [DEBUG] 逆引き成功: 物理名 developers -> table_id : 6
[2026-07-03 16:11:36] [DEBUG] PartsDefinitionModel::getColumnsByTableId() finish. 件数: 9
[2026-07-03 16:11:36] [DEBUG] PartsDefinitionModel::getTableStructure() start... Project ID: PRJ-D45FEF
[2026-07-03 16:11:36] [DEBUG] Screen::updateAreaE() [iframe起動版] path: \Develop\Views\AreaE\PartsDefinition\RegistParts.view start...
[2026-07-03 16:11:36] [DEBUG] Screen::getContents() start...
[2026-07-03 16:11:36] [DEBUG] Screen::getContents() finish.
[2026-07-03 16:11:36] [DEBUG] Screen::updateAreaE() finish.
[2026-07-03 16:11:36] [DEBUG] PartsDefinitionController::editPartsAction() end.
[2026-07-03 16:11:36] [DEBUG] Screen::areaView() start...
[2026-07-03 16:11:36] [DEBUG] Screen::areaView() finish.
[2026-07-03 16:11:37] [DEBUG] --- wwProject System Start ---
[2026-07-03 16:11:37] [DEBUG] Router::Router() /jemini/wwProjectV1.33/Develop/Console/ServerBridgeAction/
[2026-07-03 16:11:37] [DEBUG] Attempting to load: \Develop\Controllers\ConsoleController::ServerBridgeAction
[2026-07-03 16:11:37] [DEBUG] Router: Executing \Develop\Controllers\ConsoleController->ServerBridgeAction
[2026-07-03 16:11:37] [DEBUG] ConsoleController::ServerBridge() start...
[2026-07-03 16:11:37] [DEBUG] ConsoleController::ServerBridge() \Develop\Controllers\PartsDefinitionController::editPartsAction()
[2026-07-03 16:11:37] [DEBUG] PartsDefinitionController::editPartsAction() start...
[2026-07-03 16:11:37] [DEBUG] PartsDefinitionModel::getAllPartsList() start... Project ID: PRJ-D45FEF
[2026-07-03 16:11:37] [DEBUG] PartsDefinitionModel::getColumnsByTableId() start... Input: developers
[2026-07-03 16:11:37] [DEBUG] 逆引き成功: 物理名 developers -> table_id : 6
[2026-07-03 16:11:37] [DEBUG] PartsDefinitionModel::getColumnsByTableId() finish. 件数: 9
[2026-07-03 16:11:37] [DEBUG] PartsDefinitionModel::getTableStructure() start... Project ID: PRJ-D45FEF
[2026-07-03 16:11:37] [DEBUG] Screen::updateAreaE() [iframe起動版] path: \Develop\Views\AreaE\PartsDefinition\RegistParts.view start...
[2026-07-03 16:11:37] [DEBUG] Screen::getContents() start...
[2026-07-03 16:11:37] [DEBUG] Screen::getContents() finish.
[2026-07-03 16:11:37] [DEBUG] Screen::updateAreaE() finish.
[2026-07-03 16:11:37] [DEBUG] PartsDefinitionController::editPartsAction() end.
[2026-07-03 16:11:37] [DEBUG] Screen::areaView() start...
[2026-07-03 16:11:37] [DEBUG] Screen::areaView() finish.
[2026-07-03 16:12:01] [DEBUG] --- wwProject System Start ---
[2026-07-03 16:12:01] [DEBUG] Router::Router() /jemini/wwProjectV1.33/Develop/Console/ServerBridgeAction/
[2026-07-03 16:12:01] [DEBUG] Attempting to load: \Develop\Controllers\ConsoleController::ServerBridgeAction
[2026-07-03 16:12:01] [DEBUG] Router: Executing \Develop\Controllers\ConsoleController->ServerBridgeAction
[2026-07-03 16:12:01] [DEBUG] ConsoleController::ServerBridge() start...
[2026-07-03 16:12:01] [DEBUG] ConsoleController::ServerBridge() \Develop\Controllers\PartsDefinitionController::saveAction()
[2026-07-03 16:12:01] [DEBUG] PartsDefinitionController::saveAction() start...
[2026-07-03 16:12:01] [DEBUG] PartsDefinitionModel::saveParts() start... Project ID: PRJ-D45FEF, Parts ID: 3
[2026-07-03 16:12:01] [DEBUG] PartsDefinitionModel::saveParts() 保存するchecked_columns_jsonの値: [id,user_name,login_id,xyz]
[2026-07-03 16:12:01] [DEBUG] PartsDefinitionModel::saveParts() UPDATEを実行します。Parts ID: 3
[2026-07-03 16:12:01] [DEBUG] PartsDefinitionModel::getAllPartsList() start... Project ID: PRJ-D45FEF
[2026-07-03 16:12:01] [DEBUG] Screen::updateAreaD() path: \Develop\Views\AreaD\PartsDefinition\PartsDefinitionList.view start...
[2026-07-03 16:12:01] [DEBUG] Screen::getContents() start...
[2026-07-03 16:12:01] [DEBUG] Screen::getContents() finish.
[2026-07-03 16:12:01] [DEBUG] Screen::updateAreaD() finish.
[2026-07-03 16:12:01] [DEBUG] Screen::updateAreaE() [iframe起動版] path: \Develop\Views\AreaE\Area_E_clear.view start...
[2026-07-03 16:12:01] [DEBUG] Screen::getContents() start...
[2026-07-03 16:12:01] [DEBUG] Screen::getContents() finish.
[2026-07-03 16:12:01] [DEBUG] Screen::updateAreaE() finish.
[2026-07-03 16:12:01] [DEBUG] PartsDefinitionController::saveAction() end.
[2026-07-03 16:12:01] [DEBUG] Screen::areaView() start...
[2026-07-03 16:12:01] [DEBUG] Screen::areaView() finish.
[2026-07-03 16:12:03] [DEBUG] --- wwProject System Start ---
[2026-07-03 16:12:03] [DEBUG] Router::Router() /jemini/wwProjectV1.33/Develop/Console/ServerBridgeAction/
[2026-07-03 16:12:03] [DEBUG] Attempting to load: \Develop\Controllers\ConsoleController::ServerBridgeAction
[2026-07-03 16:12:03] [DEBUG] Router: Executing \Develop\Controllers\ConsoleController->ServerBridgeAction
[2026-07-03 16:12:03] [DEBUG] ConsoleController::ServerBridge() start...
[2026-07-03 16:12:03] [DEBUG] ConsoleController::ServerBridge() \Develop\Controllers\PartsDefinitionController::editPartsAction()
[2026-07-03 16:12:03] [DEBUG] PartsDefinitionController::editPartsAction() start...
[2026-07-03 16:12:03] [DEBUG] PartsDefinitionModel::getAllPartsList() start... Project ID: PRJ-D45FEF
[2026-07-03 16:12:03] [DEBUG] PartsDefinitionModel::getColumnsByTableId() start... Input: developers
[2026-07-03 16:12:03] [DEBUG] 逆引き成功: 物理名 developers -> table_id : 6
[2026-07-03 16:12:03] [DEBUG] PartsDefinitionModel::getColumnsByTableId() finish. 件数: 9
[2026-07-03 16:12:03] [DEBUG] PartsDefinitionModel::getTableStructure() start... Project ID: PRJ-D45FEF
[2026-07-03 16:12:03] [DEBUG] Screen::updateAreaE() [iframe起動版] path: \Develop\Views\AreaE\PartsDefinition\RegistParts.view start...
[2026-07-03 16:12:03] [DEBUG] Screen::getContents() start...
[2026-07-03 16:12:03] [DEBUG] Screen::getContents() finish.
[2026-07-03 16:12:03] [DEBUG] Screen::updateAreaE() finish.
[2026-07-03 16:12:03] [DEBUG] PartsDefinitionController::editPartsAction() end.
[2026-07-03 16:12:03] [DEBUG] Screen::areaView() start...
[2026-07-03 16:12:03] [DEBUG] Screen::areaView() finish.
[2026-07-03 16:12:31] [DEBUG] --- wwProject System Start ---
[2026-07-03 16:12:31] [DEBUG] Router::Router() /jemini/wwProjectV1.33/Develop/Console/ServerBridgeAction/
[2026-07-03 16:12:31] [DEBUG] Attempting to load: \Develop\Controllers\ConsoleController::ServerBridgeAction
[2026-07-03 16:12:31] [DEBUG] Router: Executing \Develop\Controllers\ConsoleController->ServerBridgeAction
[2026-07-03 16:12:31] [DEBUG] ConsoleController::ServerBridge() start...
[2026-07-03 16:12:31] [DEBUG] ConsoleController::ServerBridge() \Develop\Controllers\PartsDefinitionController::saveAction()
[2026-07-03 16:12:31] [DEBUG] PartsDefinitionController::saveAction() start...
[2026-07-03 16:12:31] [DEBUG] PartsDefinitionModel::saveParts() start... Project ID: PRJ-D45FEF, Parts ID: 3
[2026-07-03 16:12:31] [DEBUG] PartsDefinitionModel::saveParts() 保存するchecked_columns_jsonの値: [id,user_name,login_id,xyz]
[2026-07-03 16:12:31] [DEBUG] PartsDefinitionModel::saveParts() UPDATEを実行します。Parts ID: 3
[2026-07-03 16:12:31] [DEBUG] PartsDefinitionModel::getAllPartsList() start... Project ID: PRJ-D45FEF
[2026-07-03 16:12:31] [DEBUG] Screen::updateAreaD() path: \Develop\Views\AreaD\PartsDefinition\PartsDefinitionList.view start...
[2026-07-03 16:12:31] [DEBUG] Screen::getContents() start...
[2026-07-03 16:12:31] [DEBUG] Screen::getContents() finish.
[2026-07-03 16:12:31] [DEBUG] Screen::updateAreaD() finish.
[2026-07-03 16:12:31] [DEBUG] Screen::updateAreaE() [iframe起動版] path: \Develop\Views\AreaE\Area_E_clear.view start...
[2026-07-03 16:12:31] [DEBUG] Screen::getContents() start...
[2026-07-03 16:12:31] [DEBUG] Screen::getContents() finish.
[2026-07-03 16:12:31] [DEBUG] Screen::updateAreaE() finish.
[2026-07-03 16:12:31] [DEBUG] PartsDefinitionController::saveAction() end.
[2026-07-03 16:12:31] [DEBUG] Screen::areaView() start...
[2026-07-03 16:12:31] [DEBUG] Screen::areaView() finish.
[2026-07-03 16:12:34] [DEBUG] --- wwProject System Start ---
[2026-07-03 16:12:34] [DEBUG] Router::Router() /jemini/wwProjectV1.33/Develop/Console/ServerBridgeAction/
[2026-07-03 16:12:34] [DEBUG] Attempting to load: \Develop\Controllers\ConsoleController::ServerBridgeAction
[2026-07-03 16:12:34] [DEBUG] Router: Executing \Develop\Controllers\ConsoleController->ServerBridgeAction
[2026-07-03 16:12:34] [DEBUG] ConsoleController::ServerBridge() start...
[2026-07-03 16:12:34] [DEBUG] ConsoleController::ServerBridge() \Develop\Controllers\PartsDefinitionController::editPartsAction()
[2026-07-03 16:12:34] [DEBUG] PartsDefinitionController::editPartsAction() start...
[2026-07-03 16:12:34] [DEBUG] PartsDefinitionModel::getAllPartsList() start... Project ID: PRJ-D45FEF
[2026-07-03 16:12:34] [DEBUG] PartsDefinitionModel::getColumnsByTableId() start... Input: developers
[2026-07-03 16:12:34] [DEBUG] 逆引き成功: 物理名 developers -> table_id : 6
[2026-07-03 16:12:34] [DEBUG] PartsDefinitionModel::getColumnsByTableId() finish. 件数: 9
[2026-07-03 16:12:34] [DEBUG] PartsDefinitionModel::getTableStructure() start... Project ID: PRJ-D45FEF
[2026-07-03 16:12:34] [DEBUG] Screen::updateAreaE() [iframe起動版] path: \Develop\Views\AreaE\PartsDefinition\RegistParts.view start...
[2026-07-03 16:12:34] [DEBUG] Screen::getContents() start...
[2026-07-03 16:12:34] [DEBUG] Screen::getContents() finish.
[2026-07-03 16:12:34] [DEBUG] Screen::updateAreaE() finish.
[2026-07-03 16:12:34] [DEBUG] PartsDefinitionController::editPartsAction() end.
[2026-07-03 16:12:34] [DEBUG] Screen::areaView() start...
[2026-07-03 16:12:34] [DEBUG] Screen::areaView() finish.
[2026-07-03 16:12:39] [DEBUG] --- wwProject System Start ---
[2026-07-03 16:12:39] [DEBUG] Router::Router() /jemini/wwProjectV1.33/Develop/Console/ServerBridgeAction/
[2026-07-03 16:12:39] [DEBUG] Attempting to load: \Develop\Controllers\ConsoleController::ServerBridgeAction
[2026-07-03 16:12:39] [DEBUG] Router: Executing \Develop\Controllers\ConsoleController->ServerBridgeAction
[2026-07-03 16:12:39] [DEBUG] ConsoleController::ServerBridge() start...
[2026-07-03 16:12:39] [DEBUG] ConsoleController::ServerBridge() \Develop\Controllers\PartsDefinitionController::editPartsAction()
[2026-07-03 16:12:39] [DEBUG] PartsDefinitionController::editPartsAction() start...
[2026-07-03 16:12:39] [DEBUG] PartsDefinitionModel::getAllPartsList() start... Project ID: PRJ-D45FEF
[2026-07-03 16:12:39] [DEBUG] PartsDefinitionModel::getTableStructure() start... Project ID: PRJ-D45FEF
[2026-07-03 16:12:39] [DEBUG] Screen::updateAreaE() [iframe起動版] path: \Develop\Views\AreaE\PartsDefinition\RegistParts.view start...
[2026-07-03 16:12:39] [DEBUG] Screen::getContents() start...
[2026-07-03 16:12:39] [DEBUG] Screen::getContents() finish.
[2026-07-03 16:12:39] [DEBUG] Screen::updateAreaE() finish.
[2026-07-03 16:12:39] [DEBUG] PartsDefinitionController::editPartsAction() end.
[2026-07-03 16:12:39] [DEBUG] Screen::areaView() start...
[2026-07-03 16:12:39] [DEBUG] Screen::areaView() finish.
[2026-07-03 16:12:41] [DEBUG] --- wwProject System Start ---
[2026-07-03 16:12:41] [DEBUG] Router::Router() /jemini/wwProjectV1.33/Develop/Console/ServerBridgeAction/
[2026-07-03 16:12:41] [DEBUG] Attempting to load: \Develop\Controllers\ConsoleController::ServerBridgeAction
[2026-07-03 16:12:41] [DEBUG] Router: Executing \Develop\Controllers\ConsoleController->ServerBridgeAction
[2026-07-03 16:12:41] [DEBUG] ConsoleController::ServerBridge() start...
[2026-07-03 16:12:41] [DEBUG] ConsoleController::ServerBridge() \Develop\Controllers\PartsDefinitionController::editPartsAction()
[2026-07-03 16:12:41] [DEBUG] PartsDefinitionController::editPartsAction() start...
[2026-07-03 16:12:41] [DEBUG] PartsDefinitionModel::getAllPartsList() start... Project ID: PRJ-D45FEF
[2026-07-03 16:12:41] [DEBUG] PartsDefinitionModel::getTableStructure() start... Project ID: PRJ-D45FEF
[2026-07-03 16:12:41] [DEBUG] Screen::updateAreaE() [iframe起動版] path: \Develop\Views\AreaE\PartsDefinition\RegistParts.view start...
[2026-07-03 16:12:41] [DEBUG] Screen::getContents() start...
[2026-07-03 16:12:41] [DEBUG] Screen::getContents() finish.
[2026-07-03 16:12:41] [DEBUG] Screen::updateAreaE() finish.
[2026-07-03 16:12:41] [DEBUG] PartsDefinitionController::editPartsAction() end.
[2026-07-03 16:12:41] [DEBUG] Screen::areaView() start...
[2026-07-03 16:12:41] [DEBUG] Screen::areaView() finish.
[2026-07-03 16:12:44] [DEBUG] --- wwProject System Start ---
[2026-07-03 16:12:44] [DEBUG] Router::Router() /jemini/wwProjectV1.33/Develop/Console/ServerBridgeAction/
[2026-07-03 16:12:44] [DEBUG] Attempting to load: \Develop\Controllers\ConsoleController::ServerBridgeAction
[2026-07-03 16:12:44] [DEBUG] Router: Executing \Develop\Controllers\ConsoleController->ServerBridgeAction
[2026-07-03 16:12:44] [DEBUG] ConsoleController::ServerBridge() start...
[2026-07-03 16:12:44] [DEBUG] ConsoleController::ServerBridge() \Develop\Controllers\PartsDefinitionController::editPartsAction()
[2026-07-03 16:12:44] [DEBUG] PartsDefinitionController::editPartsAction() start...
[2026-07-03 16:12:44] [DEBUG] PartsDefinitionModel::getAllPartsList() start... Project ID: PRJ-D45FEF
[2026-07-03 16:12:44] [DEBUG] PartsDefinitionModel::getColumnsByTableId() start... Input: developers
[2026-07-03 16:12:44] [DEBUG] 逆引き成功: 物理名 developers -> table_id : 6
[2026-07-03 16:12:44] [DEBUG] PartsDefinitionModel::getColumnsByTableId() finish. 件数: 9
[2026-07-03 16:12:44] [DEBUG] PartsDefinitionModel::getTableStructure() start... Project ID: PRJ-D45FEF
[2026-07-03 16:12:44] [DEBUG] Screen::updateAreaE() [iframe起動版] path: \Develop\Views\AreaE\PartsDefinition\RegistParts.view start...
[2026-07-03 16:12:44] [DEBUG] Screen::getContents() start...
[2026-07-03 16:12:44] [DEBUG] Screen::getContents() finish.
[2026-07-03 16:12:44] [DEBUG] Screen::updateAreaE() finish.
[2026-07-03 16:12:44] [DEBUG] PartsDefinitionController::editPartsAction() end.
[2026-07-03 16:12:44] [DEBUG] Screen::areaView() start...
[2026-07-03 16:12:44] [DEBUG] Screen::areaView() finish.
[2026-07-03 16:15:23] [DEBUG] --- wwProject System Start ---
[2026-07-03 16:15:23] [DEBUG] Router::Router() /jemini/wwProjectV1.33/Develop/Console/ServerBridgeAction/
[2026-07-03 16:15:23] [DEBUG] Attempting to load: \Develop\Controllers\ConsoleController::ServerBridgeAction
[2026-07-03 16:15:23] [DEBUG] Router: Executing \Develop\Controllers\ConsoleController->ServerBridgeAction
[2026-07-03 16:15:23] [DEBUG] ConsoleController::ServerBridge() start...
[2026-07-03 16:15:23] [DEBUG] ConsoleController::ServerBridge() \Develop\Controllers\PartsDefinitionController::editPartsAction()
[2026-07-03 16:15:23] [DEBUG] PartsDefinitionController::editPartsAction() start...
[2026-07-03 16:15:23] [DEBUG] PartsDefinitionModel::getAllPartsList() start... Project ID: PRJ-D45FEF
[2026-07-03 16:15:23] [DEBUG] PartsDefinitionModel::getTableStructure() start... Project ID: PRJ-D45FEF
[2026-07-03 16:15:23] [DEBUG] Screen::updateAreaE() [iframe起動版] path: \Develop\Views\AreaE\PartsDefinition\RegistParts.view start...
[2026-07-03 16:15:23] [DEBUG] Screen::getContents() start...
[2026-07-03 16:15:23] [DEBUG] Screen::getContents() finish.
[2026-07-03 16:15:23] [DEBUG] Screen::updateAreaE() finish.
[2026-07-03 16:15:23] [DEBUG] PartsDefinitionController::editPartsAction() end.
[2026-07-03 16:15:23] [DEBUG] Screen::areaView() start...
[2026-07-03 16:15:23] [DEBUG] Screen::areaView() finish.
[2026-07-03 16:27:45] [DEBUG] --- wwProject System Start ---
[2026-07-03 16:27:45] [DEBUG] Router::Router() /jemini/wwProjectV1.34/Develop/
[2026-07-03 16:27:45] [DEBUG] Attempting to load: \Develop\Controllers\LoginController::initialAction
[2026-07-03 16:27:45] [DEBUG] Router: Executing \Develop\Controllers\LoginController->initialAction
[2026-07-03 16:27:45] [DEBUG] Login::initialAction() start...
[2026-07-03 16:27:45] [DEBUG] Login::initialAction() errorMessage : 
[2026-07-03 16:27:45] [DEBUG] Screen::view() path: \Develop\Views\Login\Login.view start...
[2026-07-03 16:27:45] [DEBUG] Screen::getContents() start...
[2026-07-03 16:27:45] [DEBUG] Screen::getContents() finish.
[2026-07-03 16:27:45] [DEBUG] Screen::view() path: \Develop\Views\Login\Login.view finish.
[2026-07-03 16:27:45] [DEBUG] Login::initialAction() finish.
[2026-07-03 16:27:50] [DEBUG] --- wwProject System Start ---
[2026-07-03 16:27:50] [DEBUG] Router::Router() /jemini/wwProjectV1.34/Develop/Login/authentication/
[2026-07-03 16:27:50] [DEBUG] Attempting to load: \Develop\Controllers\LoginController::authenticationAction
[2026-07-03 16:27:50] [DEBUG] Router: Executing \Develop\Controllers\LoginController->authenticationAction
[2026-07-03 16:27:50] [DEBUG] Login::AuthenticationAction() start...
[2026-07-03 16:27:50] [DEBUG] Login OK - x
[2026-07-03 16:27:50] [DEBUG] Session::start()
[2026-07-03 16:27:50] [DEBUG] Redirect to Console::initialAction()
[2026-07-03 16:27:50] [DEBUG] --- wwProject System Start ---
[2026-07-03 16:27:50] [DEBUG] Router::Router() /jemini/wwProjectV1.34/Develop/Console/initial/
[2026-07-03 16:27:50] [DEBUG] Attempting to load: \Develop\Controllers\ConsoleController::initialAction
[2026-07-03 16:27:50] [DEBUG] Router: Executing \Develop\Controllers\ConsoleController->initialAction
[2026-07-03 16:27:50] [DEBUG] Console::initialAction() start...
[2026-07-03 16:27:50] [DEBUG] Screen::view() path: \Develop\Views\Console\Console.view start...
[2026-07-03 16:27:50] [DEBUG] Screen::getContents() start...
[2026-07-03 16:27:50] [DEBUG] Screen::getContents() finish.
[2026-07-03 16:27:50] [DEBUG] Screen::view() path: \Develop\Views\Console\Console.view finish.
[2026-07-03 16:27:50] [DEBUG] ConsoleController::initialAction() finish.
[2026-07-03 16:27:50] [DEBUG] --- wwProject System Start ---
[2026-07-03 16:27:50] [DEBUG] Router::Router() /jemini/wwProjectV1.34/Develop/Console/ServerBridgeAction/
[2026-07-03 16:27:50] [DEBUG] Attempting to load: \Develop\Controllers\ConsoleController::ServerBridgeAction
[2026-07-03 16:27:50] [DEBUG] Router: Executing \Develop\Controllers\ConsoleController->ServerBridgeAction
[2026-07-03 16:27:50] [DEBUG] ConsoleController::ServerBridge() start...
[2026-07-03 16:27:50] [DEBUG] ConsoleController::ServerBridge() \Develop\Controllers\ConsoleController::areaInitialAction()
[2026-07-03 16:27:50] [DEBUG] ConsoleController::AreaInitialAction() start...
[2026-07-03 16:27:50] [DEBUG] Screen::updateAreaA() path: \Develop\Views\AreaA\Area_A.view start...
[2026-07-03 16:27:50] [DEBUG] Screen::areaView() sending JSON: ["areas"]
[2026-07-03 16:27:50] [DEBUG] Screen::getContents() start...
[2026-07-03 16:27:50] [DEBUG] Screen::getContents() finish.
[2026-07-03 16:27:50] [DEBUG] Screen::updateAreaA() finish.
[2026-07-03 16:27:50] [DEBUG] Screen::updateAreaB() path: \Develop\Views\AreaB\Area_B.view start...
[2026-07-03 16:27:50] [DEBUG] Screen::getContents() start...
[2026-07-03 16:27:50] [DEBUG] Screen::getContents() finish.
[2026-07-03 16:27:50] [DEBUG] Screen::updateAreaB() finish.
[2026-07-03 16:27:50] [DEBUG] Screen::updateAreaD() path: \Develop\Views\AreaD\Area_D_clear.view start...
[2026-07-03 16:27:50] [DEBUG] Screen::getContents() start...
[2026-07-03 16:27:50] [DEBUG] Screen::getContents() finish.
[2026-07-03 16:27:50] [DEBUG] Screen::updateAreaD() finish.
[2026-07-03 16:27:50] [DEBUG] Screen::updateAreaE() [iframe起動版] path: \Develop\Views\AreaE\Area_E_clear.view start...
[2026-07-03 16:27:50] [DEBUG] Screen::getContents() start...
[2026-07-03 16:27:50] [DEBUG] Screen::getContents() finish.
[2026-07-03 16:27:50] [DEBUG] Screen::updateAreaE() finish.
[2026-07-03 16:27:50] [DEBUG] Screen::updateAreaF() path: \Develop\Views\AreaF\Area_F.view start...
[2026-07-03 16:27:50] [DEBUG] Screen::getContents() start...
[2026-07-03 16:27:50] [DEBUG] Screen::getContents() finish.
[2026-07-03 16:27:50] [DEBUG] Screen::updateAreaF() finish.
[2026-07-03 16:27:50] [DEBUG] ProjectController::startProjectNabi() start...
[2026-07-03 16:27:50] [DEBUG] ProjectController::getProjectListHtml() start...
[2026-07-03 16:27:50] [DEBUG] ProjectModel::getProjectList() start...
[2026-07-03 16:27:50] [DEBUG] ProjectModel::getProjectList() finish.
[2026-07-03 16:27:50] [DEBUG] CodeMasterModel：：getCodesByGroup() start...
[2026-07-03 16:27:50] [DEBUG] CodeMasterModel：：getCodesByGroup() finish.
[2026-07-03 16:27:50] [DEBUG] ProjectController::getNaviFooterHtml() start...
[2026-07-03 16:27:50] [DEBUG] ProjectController::getNaviFooterHtml() finish.
[2026-07-03 16:27:50] [DEBUG] ProjectController::startProjectNabi() finish.
[2026-07-03 16:27:50] [DEBUG] Screen::updateAreaC() \Develop\Views\AreaC\Area_C.view start...
[2026-07-03 16:27:50] [DEBUG] Screen::getContents() start...
[2026-07-03 16:27:50] [DEBUG] Screen::getContents() finish.
[2026-07-03 16:27:50] [DEBUG] Screen::updateAreaC() finish.
[2026-07-03 16:27:50] [DEBUG] ConsoleController::AreaInitialAction() finish.
[2026-07-03 16:27:50] [DEBUG] Screen::areaView() start...
[2026-07-03 16:27:50] [DEBUG] Screen::areaView() finish.
[2026-07-03 16:27:51] [DEBUG] --- wwProject System Start ---
[2026-07-03 16:27:51] [DEBUG] Router::Router() /jemini/wwProjectV1.34/Develop/Console/ServerBridgeAction/
[2026-07-03 16:27:51] [DEBUG] Attempting to load: \Develop\Controllers\ConsoleController::ServerBridgeAction
[2026-07-03 16:27:51] [DEBUG] Router: Executing \Develop\Controllers\ConsoleController->ServerBridgeAction
[2026-07-03 16:27:51] [DEBUG] ConsoleController::ServerBridge() start...
[2026-07-03 16:27:51] [DEBUG] ConsoleController::ServerBridge() \Develop\Controllers\ProjectController::projectSelectAction()
[2026-07-03 16:27:51] [DEBUG] ProjectController::projectSelectAction() start...
[2026-07-03 16:27:51] [DEBUG] ProjectController::projectSelectAction() ☆★☆　SampleProject１
[2026-07-03 16:27:51] [DEBUG] Screen::updateAreaB() path: \Develop\Views\AreaB\Area_B.view start...
[2026-07-03 16:27:51] [DEBUG] Screen::getContents() start...
[2026-07-03 16:27:51] [DEBUG] Screen::getContents() finish.
[2026-07-03 16:27:51] [DEBUG] Screen::updateAreaB() finish.
[2026-07-03 16:27:51] [DEBUG] ProjectController::projectSelectAction() PRJ-D45FEF : PRJ-D45FEF
[2026-07-03 16:27:51] [DEBUG] ProjectController::getProjectListHtml() start...
[2026-07-03 16:27:51] [DEBUG] ProjectModel::getProjectList() start...
[2026-07-03 16:27:51] [DEBUG] ProjectModel::getProjectList() finish.
[2026-07-03 16:27:51] [DEBUG] CodeMasterModel：：getCodesByGroup() start...
[2026-07-03 16:27:51] [DEBUG] CodeMasterModel：：getCodesByGroup() finish.
[2026-07-03 16:27:51] [DEBUG] ProjectController::getNaviFooterHtml() start...
[2026-07-03 16:27:51] [DEBUG] ProjectController::getNaviFooterHtml() finish.
[2026-07-03 16:27:51] [DEBUG] Screen::updateAreaC() \Develop\Views\AreaC\Area_C.view start...
[2026-07-03 16:27:51] [DEBUG] Screen::getContents() start...
[2026-07-03 16:27:51] [DEBUG] Screen::getContents() finish.
[2026-07-03 16:27:51] [DEBUG] Screen::updateAreaC() finish.
[2026-07-03 16:27:51] [DEBUG] Screen::updateAreaD() path: \Develop\Views\AreaD\Area_D_clear.view start...
[2026-07-03 16:27:51] [DEBUG] Screen::getContents() start...
[2026-07-03 16:27:51] [DEBUG] Screen::getContents() finish.
[2026-07-03 16:27:51] [DEBUG] Screen::updateAreaD() finish.
[2026-07-03 16:27:51] [DEBUG] Screen::updateAreaE() [iframe起動版] path: \Develop\Views\AreaE\Area_E_clear.view start...
[2026-07-03 16:27:51] [DEBUG] Screen::getContents() start...
[2026-07-03 16:27:51] [DEBUG] Screen::getContents() finish.
[2026-07-03 16:27:51] [DEBUG] Screen::updateAreaE() finish.
[2026-07-03 16:27:51] [DEBUG] ProjectController::projectSelectAction() finish.
[2026-07-03 16:27:51] [DEBUG] Screen::areaView() start...
[2026-07-03 16:27:51] [DEBUG] Screen::areaView() finish.
[2026-07-03 16:27:52] [DEBUG] --- wwProject System Start ---
[2026-07-03 16:27:52] [DEBUG] Router::Router() /jemini/wwProjectV1.34/Develop/Console/ServerBridgeAction/
[2026-07-03 16:27:52] [DEBUG] Attempting to load: \Develop\Controllers\ConsoleController::ServerBridgeAction
[2026-07-03 16:27:52] [DEBUG] Router: Executing \Develop\Controllers\ConsoleController->ServerBridgeAction
[2026-07-03 16:27:52] [DEBUG] ConsoleController::ServerBridge() start...
[2026-07-03 16:27:52] [DEBUG] ConsoleController::ServerBridge() \Develop\Controllers\PartsDefinitionController::InitialAction()
[2026-07-03 16:27:52] [DEBUG] DBDefinitionController::initialAction() start...
[2026-07-03 16:27:52] [DEBUG] PartsDefinitionController::initialAction() projectId : PRJ-D45FEF
[2026-07-03 16:27:52] [DEBUG] PartsDefinitionModel::getAllPartsList() start... Project ID: PRJ-D45FEF
[2026-07-03 16:27:52] [DEBUG] Screen::updateAreaD() path: \Develop\Views\AreaD\PartsDefinition\PartsDefinitionList.view start...
[2026-07-03 16:27:52] [DEBUG] Screen::getContents() start...
[2026-07-03 16:27:52] [DEBUG] Screen::getContents() finish.
[2026-07-03 16:27:52] [DEBUG] Screen::updateAreaD() finish.
[2026-07-03 16:27:52] [DEBUG] Screen::updateAreaE() [iframe起動版] path: \Develop\Views\AreaE\Area_E_clear.view start...
[2026-07-03 16:27:52] [DEBUG] Screen::getContents() start...
[2026-07-03 16:27:52] [DEBUG] Screen::getContents() finish.
[2026-07-03 16:27:52] [DEBUG] Screen::updateAreaE() finish.
[2026-07-03 16:27:52] [DEBUG] DBDefinitionController::initialAction() end.
[2026-07-03 16:27:52] [DEBUG] Screen::areaView() start...
[2026-07-03 16:27:52] [DEBUG] Screen::areaView() finish.
[2026-07-03 16:27:56] [DEBUG] --- wwProject System Start ---
[2026-07-03 16:27:56] [DEBUG] Router::Router() /jemini/wwProjectV1.34/Develop/Console/ServerBridgeAction/
[2026-07-03 16:27:56] [DEBUG] Attempting to load: \Develop\Controllers\ConsoleController::ServerBridgeAction
[2026-07-03 16:27:56] [DEBUG] Router: Executing \Develop\Controllers\ConsoleController->ServerBridgeAction
[2026-07-03 16:27:56] [DEBUG] ConsoleController::ServerBridge() start...
[2026-07-03 16:27:56] [DEBUG] ConsoleController::ServerBridge() \Develop\Controllers\PartsDefinitionController::editPartsAction()
[2026-07-03 16:27:56] [DEBUG] PartsDefinitionController::editPartsAction() start...
[2026-07-03 16:27:56] [DEBUG] PartsDefinitionModel::getAllPartsList() start... Project ID: PRJ-D45FEF
[2026-07-03 16:27:56] [DEBUG] PartsDefinitionModel::getColumnsByTableId() start... Input: developers
[2026-07-03 16:27:56] [DEBUG] 逆引き成功: 物理名 developers -> table_id : 6
[2026-07-03 16:27:56] [DEBUG] PartsDefinitionModel::getColumnsByTableId() finish. 件数: 9
[2026-07-03 16:27:56] [DEBUG] PartsDefinitionModel::getTableStructure() start... Project ID: PRJ-D45FEF
[2026-07-03 16:27:56] [DEBUG] Screen::updateAreaE() [iframe起動版] path: \Develop\Views\AreaE\PartsDefinition\RegistParts.view start...
[2026-07-03 16:27:56] [DEBUG] Screen::getContents() start...
[2026-07-03 16:27:56] [DEBUG] Screen::getContents() finish.
[2026-07-03 16:27:56] [DEBUG] Screen::updateAreaE() finish.
[2026-07-03 16:27:56] [DEBUG] PartsDefinitionController::editPartsAction() end.
[2026-07-03 16:27:56] [DEBUG] Screen::areaView() start...
[2026-07-03 16:27:56] [DEBUG] Screen::areaView() finish.
[2026-07-03 16:28:09] [DEBUG] --- wwProject System Start ---
[2026-07-03 16:28:09] [DEBUG] Router::Router() /jemini/wwProjectV1.34/Develop/Console/ServerBridgeAction/
[2026-07-03 16:28:09] [DEBUG] Attempting to load: \Develop\Controllers\ConsoleController::ServerBridgeAction
[2026-07-03 16:28:09] [DEBUG] Router: Executing \Develop\Controllers\ConsoleController->ServerBridgeAction
[2026-07-03 16:28:09] [DEBUG] ConsoleController::ServerBridge() start...
[2026-07-03 16:28:09] [DEBUG] ConsoleController::ServerBridge() \Develop\Controllers\PartsDefinitionController::newPartsAction()
[2026-07-03 16:28:09] [DEBUG] PartsDefinitionController::newPartsAction() start...
[2026-07-03 16:28:09] [DEBUG] PartsDefinitionModel::getTableStructure() start... Project ID: PRJ-D45FEF
[2026-07-03 16:28:09] [DEBUG] Screen::updateAreaE() [iframe起動版] path: \Develop\Views\AreaE\PartsDefinition\RegistParts.view start...
[2026-07-03 16:28:09] [DEBUG] Screen::getContents() start...
[2026-07-03 16:28:09] [DEBUG] Screen::getContents() finish.
[2026-07-03 16:28:09] [DEBUG] Screen::updateAreaE() finish.
[2026-07-03 16:28:09] [DEBUG] PartsDefinitionController::newPartsAction() end.
[2026-07-03 16:28:09] [DEBUG] Screen::areaView() start...
[2026-07-03 16:28:09] [DEBUG] Screen::areaView() finish.
[2026-07-03 16:28:16] [DEBUG] --- wwProject System Start ---
[2026-07-03 16:28:16] [DEBUG] Router::Router() /jemini/wwProjectV1.34/Develop/Console/ServerBridgeAction/
[2026-07-03 16:28:16] [DEBUG] Attempting to load: \Develop\Controllers\ConsoleController::ServerBridgeAction
[2026-07-03 16:28:16] [DEBUG] Router: Executing \Develop\Controllers\ConsoleController->ServerBridgeAction
[2026-07-03 16:28:16] [DEBUG] ConsoleController::ServerBridge() start...
[2026-07-03 16:28:16] [DEBUG] ConsoleController::ServerBridge() \Develop\Controllers\PartsDefinitionController::getColumnsAction()
[2026-07-03 16:28:16] [DEBUG] PartsDefinitionController::getColumnsAction() start...
[2026-07-03 16:28:16] [DEBUG] PartsDefinitionModel::getColumnsByTableId() start... Input: developers
[2026-07-03 16:28:16] [DEBUG] 逆引き成功: 物理名 developers -> table_id : 6
[2026-07-03 16:28:16] [DEBUG] PartsDefinitionModel::getColumnsByTableId() finish. 件数: 9
[2026-07-03 16:28:16] [DEBUG] PartsDefinitionModel::getTableStructure() start... Project ID: PRJ-D45FEF
[2026-07-03 16:28:16] [DEBUG] Screen::updateAreaE() [iframe起動版] path: \Develop\Views\AreaE\PartsDefinition\RegistParts.view start...
[2026-07-03 16:28:16] [DEBUG] Screen::getContents() start...
[2026-07-03 16:28:16] [DEBUG] Screen::getContents() finish.
[2026-07-03 16:28:16] [DEBUG] Screen::updateAreaE() finish.
[2026-07-03 16:28:16] [DEBUG] PartsDefinitionController::getColumnsAction() end.
[2026-07-03 16:28:16] [DEBUG] Screen::areaView() start...
[2026-07-03 16:28:16] [DEBUG] Screen::areaView() finish.
[2026-07-03 16:30:07] [DEBUG] --- wwProject System Start ---
[2026-07-03 16:30:07] [DEBUG] Router::Router() /jemini/wwProjectV1.34/Develop/Console/ServerBridgeAction/
[2026-07-03 16:30:07] [DEBUG] Attempting to load: \Develop\Controllers\ConsoleController::ServerBridgeAction
[2026-07-03 16:30:07] [DEBUG] Router: Executing \Develop\Controllers\ConsoleController->ServerBridgeAction
[2026-07-03 16:30:07] [DEBUG] ConsoleController::ServerBridge() start...
[2026-07-03 16:30:07] [DEBUG] ConsoleController::ServerBridge() \Develop\Controllers\PartsDefinitionController::saveAction()
[2026-07-03 16:30:07] [DEBUG] PartsDefinitionController::saveAction() start...
[2026-07-03 16:30:07] [DEBUG] PartsDefinitionModel::saveParts() start... Project ID: PRJ-D45FEF, Parts ID: 
[2026-07-03 16:30:07] [DEBUG] PartsDefinitionModel::saveParts() 保存するchecked_columns_jsonの値: [id,user_name,login_id,xyz]
[2026-07-03 16:30:07] [DEBUG] PartsDefinitionModel::saveParts() INSERTを実行します。
[2026-07-03 16:30:07] [ERROR] ❌ PartsDefinitionModel::saveParts() でエラーが発生しました: SQLSTATE[23000]: Integrity constraint violation: 1048 Column 'input_rows' cannot be null
[2026-07-03 16:30:07] [ERROR] ConsoleController::ServerBridge Fatal: SQLSTATE[23000]: Integrity constraint violation: 1048 Column 'input_rows' cannot be null
[2026-07-03 16:30:23] [DEBUG] --- wwProject System Start ---
[2026-07-03 16:30:23] [DEBUG] Router::Router() /jemini/wwProjectV1.34/Develop/Console/ServerBridgeAction/
[2026-07-03 16:30:23] [DEBUG] Attempting to load: \Develop\Controllers\ConsoleController::ServerBridgeAction
[2026-07-03 16:30:23] [DEBUG] Router: Executing \Develop\Controllers\ConsoleController->ServerBridgeAction
[2026-07-03 16:30:23] [DEBUG] ConsoleController::ServerBridge() start...
[2026-07-03 16:30:23] [DEBUG] ConsoleController::ServerBridge() \Develop\Controllers\PartsDefinitionController::saveAction()
[2026-07-03 16:30:23] [DEBUG] PartsDefinitionController::saveAction() start...
[2026-07-03 16:30:23] [DEBUG] PartsDefinitionModel::saveParts() start... Project ID: PRJ-D45FEF, Parts ID: 
[2026-07-03 16:30:23] [DEBUG] PartsDefinitionModel::saveParts() 保存するchecked_columns_jsonの値: [id,user_name,login_id,xyz]
[2026-07-03 16:30:23] [DEBUG] PartsDefinitionModel::saveParts() INSERTを実行します。
[2026-07-03 16:30:23] [ERROR] ❌ PartsDefinitionModel::saveParts() でエラーが発生しました: SQLSTATE[23000]: Integrity constraint violation: 1048 Column 'input_rows' cannot be null
[2026-07-03 16:30:23] [ERROR] ConsoleController::ServerBridge Fatal: SQLSTATE[23000]: Integrity constraint violation: 1048 Column 'input_rows' cannot be null
[2026-07-03 16:30:27] [DEBUG] --- wwProject System Start ---
[2026-07-03 16:30:27] [DEBUG] Router::Router() /jemini/wwProjectV1.34/Develop/Console/ServerBridgeAction/
[2026-07-03 16:30:27] [DEBUG] Attempting to load: \Develop\Controllers\ConsoleController::ServerBridgeAction
[2026-07-03 16:30:27] [DEBUG] Router: Executing \Develop\Controllers\ConsoleController->ServerBridgeAction
[2026-07-03 16:30:27] [DEBUG] ConsoleController::ServerBridge() start...
[2026-07-03 16:30:27] [DEBUG] ConsoleController::ServerBridge() \Develop\Controllers\ProjectController::projectSelectAction()
[2026-07-03 16:30:27] [DEBUG] ProjectController::projectSelectAction() start...
[2026-07-03 16:30:27] [DEBUG] ProjectController::projectSelectAction() ☆★☆　
[2026-07-03 16:30:27] [DEBUG] Screen::updateAreaB() path: \Develop\Views\AreaB\Area_B.view start...
[2026-07-03 16:30:27] [DEBUG] Screen::getContents() start...
[2026-07-03 16:30:27] [DEBUG] Screen::getContents() finish.
[2026-07-03 16:30:27] [DEBUG] Screen::updateAreaB() finish.
[2026-07-03 16:30:27] [DEBUG] ProjectController::getProjectListHtml() start...
[2026-07-03 16:30:27] [DEBUG] ProjectModel::getProjectList() start...
[2026-07-03 16:30:27] [DEBUG] ProjectModel::getProjectList() finish.
[2026-07-03 16:30:27] [DEBUG] CodeMasterModel：：getCodesByGroup() start...
[2026-07-03 16:30:27] [DEBUG] CodeMasterModel：：getCodesByGroup() finish.
[2026-07-03 16:30:27] [DEBUG] ProjectController::getNaviFooterHtml() start...
[2026-07-03 16:30:27] [DEBUG] ProjectController::getNaviFooterHtml() finish.
[2026-07-03 16:30:27] [DEBUG] Screen::updateAreaC() \Develop\Views\AreaC\Area_C.view start...
[2026-07-03 16:30:27] [DEBUG] Screen::getContents() start...
[2026-07-03 16:30:27] [DEBUG] Screen::getContents() finish.
[2026-07-03 16:30:27] [DEBUG] Screen::updateAreaC() finish.
[2026-07-03 16:30:27] [DEBUG] Screen::updateAreaD() path: \Develop\Views\AreaD\Area_D_clear.view start...
[2026-07-03 16:30:27] [DEBUG] Screen::getContents() start...
[2026-07-03 16:30:27] [DEBUG] Screen::getContents() finish.
[2026-07-03 16:30:27] [DEBUG] Screen::updateAreaD() finish.
[2026-07-03 16:30:27] [DEBUG] Screen::updateAreaE() [iframe起動版] path: \Develop\Views\AreaE\Area_E_clear.view start...
[2026-07-03 16:30:27] [DEBUG] Screen::getContents() start...
[2026-07-03 16:30:27] [DEBUG] Screen::getContents() finish.
[2026-07-03 16:30:27] [DEBUG] Screen::updateAreaE() finish.
[2026-07-03 16:30:27] [DEBUG] ProjectController::projectSelectAction() finish.
[2026-07-03 16:30:27] [DEBUG] Screen::areaView() start...
[2026-07-03 16:30:27] [DEBUG] Screen::areaView() finish.
[2026-07-03 16:30:28] [DEBUG] --- wwProject System Start ---
[2026-07-03 16:30:28] [DEBUG] Router::Router() /jemini/wwProjectV1.34/Develop/Console/ServerBridgeAction/
[2026-07-03 16:30:28] [DEBUG] Attempting to load: \Develop\Controllers\ConsoleController::ServerBridgeAction
[2026-07-03 16:30:28] [DEBUG] Router: Executing \Develop\Controllers\ConsoleController->ServerBridgeAction
[2026-07-03 16:30:28] [DEBUG] ConsoleController::ServerBridge() start...
[2026-07-03 16:30:28] [DEBUG] ConsoleController::ServerBridge() \Develop\Controllers\ProjectController::projectSelectAction()
[2026-07-03 16:30:28] [DEBUG] ProjectController::projectSelectAction() start...
[2026-07-03 16:30:28] [DEBUG] ProjectController::projectSelectAction() ☆★☆　SampleProject１
[2026-07-03 16:30:28] [DEBUG] Screen::updateAreaB() path: \Develop\Views\AreaB\Area_B.view start...
[2026-07-03 16:30:28] [DEBUG] Screen::getContents() start...
[2026-07-03 16:30:28] [DEBUG] Screen::getContents() finish.
[2026-07-03 16:30:28] [DEBUG] Screen::updateAreaB() finish.
[2026-07-03 16:30:28] [DEBUG] ProjectController::projectSelectAction() PRJ-D45FEF : PRJ-D45FEF
[2026-07-03 16:30:28] [DEBUG] ProjectController::getProjectListHtml() start...
[2026-07-03 16:30:28] [DEBUG] ProjectModel::getProjectList() start...
[2026-07-03 16:30:28] [DEBUG] ProjectModel::getProjectList() finish.
[2026-07-03 16:30:28] [DEBUG] CodeMasterModel：：getCodesByGroup() start...
[2026-07-03 16:30:28] [DEBUG] CodeMasterModel：：getCodesByGroup() finish.
[2026-07-03 16:30:28] [DEBUG] ProjectController::getNaviFooterHtml() start...
[2026-07-03 16:30:28] [DEBUG] ProjectController::getNaviFooterHtml() finish.
[2026-07-03 16:30:28] [DEBUG] Screen::updateAreaC() \Develop\Views\AreaC\Area_C.view start...
[2026-07-03 16:30:28] [DEBUG] Screen::getContents() start...
[2026-07-03 16:30:28] [DEBUG] Screen::getContents() finish.
[2026-07-03 16:30:28] [DEBUG] Screen::updateAreaC() finish.
[2026-07-03 16:30:28] [DEBUG] Screen::updateAreaD() path: \Develop\Views\AreaD\Area_D_clear.view start...
[2026-07-03 16:30:28] [DEBUG] Screen::getContents() start...
[2026-07-03 16:30:28] [DEBUG] Screen::getContents() finish.
[2026-07-03 16:30:28] [DEBUG] Screen::updateAreaD() finish.
[2026-07-03 16:30:28] [DEBUG] Screen::updateAreaE() [iframe起動版] path: \Develop\Views\AreaE\Area_E_clear.view start...
[2026-07-03 16:30:28] [DEBUG] Screen::getContents() start...
[2026-07-03 16:30:28] [DEBUG] Screen::getContents() finish.
[2026-07-03 16:30:28] [DEBUG] Screen::updateAreaE() finish.
[2026-07-03 16:30:28] [DEBUG] ProjectController::projectSelectAction() finish.
[2026-07-03 16:30:28] [DEBUG] Screen::areaView() start...
[2026-07-03 16:30:28] [DEBUG] Screen::areaView() finish.
[2026-07-03 16:30:29] [DEBUG] --- wwProject System Start ---
[2026-07-03 16:30:29] [DEBUG] Router::Router() /jemini/wwProjectV1.34/Develop/Console/ServerBridgeAction/
[2026-07-03 16:30:29] [DEBUG] Attempting to load: \Develop\Controllers\ConsoleController::ServerBridgeAction
[2026-07-03 16:30:29] [DEBUG] Router: Executing \Develop\Controllers\ConsoleController->ServerBridgeAction
[2026-07-03 16:30:29] [DEBUG] ConsoleController::ServerBridge() start...
[2026-07-03 16:30:29] [DEBUG] ConsoleController::ServerBridge() \Develop\Controllers\PartsDefinitionController::InitialAction()
[2026-07-03 16:30:29] [DEBUG] DBDefinitionController::initialAction() start...
[2026-07-03 16:30:29] [DEBUG] PartsDefinitionController::initialAction() projectId : PRJ-D45FEF
[2026-07-03 16:30:29] [DEBUG] PartsDefinitionModel::getAllPartsList() start... Project ID: PRJ-D45FEF
[2026-07-03 16:30:29] [DEBUG] Screen::updateAreaD() path: \Develop\Views\AreaD\PartsDefinition\PartsDefinitionList.view start...
[2026-07-03 16:30:29] [DEBUG] Screen::getContents() start...
[2026-07-03 16:30:29] [DEBUG] Screen::getContents() finish.
[2026-07-03 16:30:29] [DEBUG] Screen::updateAreaD() finish.
[2026-07-03 16:30:29] [DEBUG] Screen::updateAreaE() [iframe起動版] path: \Develop\Views\AreaE\Area_E_clear.view start...
[2026-07-03 16:30:29] [DEBUG] Screen::getContents() start...
[2026-07-03 16:30:29] [DEBUG] Screen::getContents() finish.
[2026-07-03 16:30:29] [DEBUG] Screen::updateAreaE() finish.
[2026-07-03 16:30:29] [DEBUG] DBDefinitionController::initialAction() end.
[2026-07-03 16:30:29] [DEBUG] Screen::areaView() start...
[2026-07-03 16:30:29] [DEBUG] Screen::areaView() finish.
[2026-07-03 16:30:38] [DEBUG] --- wwProject System Start ---
[2026-07-03 16:30:38] [DEBUG] Router::Router() /jemini/wwProjectV1.34/Develop/Console/ServerBridgeAction/
[2026-07-03 16:30:38] [DEBUG] Attempting to load: \Develop\Controllers\ConsoleController::ServerBridgeAction
[2026-07-03 16:30:38] [DEBUG] Router: Executing \Develop\Controllers\ConsoleController->ServerBridgeAction
[2026-07-03 16:30:38] [DEBUG] ConsoleController::ServerBridge() start...
[2026-07-03 16:30:38] [DEBUG] ConsoleController::ServerBridge() \Develop\Controllers\PartsDefinitionController::editPartsAction()
[2026-07-03 16:30:38] [DEBUG] PartsDefinitionController::editPartsAction() start...
[2026-07-03 16:30:38] [DEBUG] PartsDefinitionModel::getAllPartsList() start... Project ID: PRJ-D45FEF
[2026-07-03 16:30:38] [DEBUG] PartsDefinitionModel::getColumnsByTableId() start... Input: developers
[2026-07-03 16:30:38] [DEBUG] 逆引き成功: 物理名 developers -> table_id : 6
[2026-07-03 16:30:38] [DEBUG] PartsDefinitionModel::getColumnsByTableId() finish. 件数: 9
[2026-07-03 16:30:38] [DEBUG] PartsDefinitionModel::getTableStructure() start... Project ID: PRJ-D45FEF
[2026-07-03 16:30:38] [DEBUG] Screen::updateAreaE() [iframe起動版] path: \Develop\Views\AreaE\PartsDefinition\RegistParts.view start...
[2026-07-03 16:30:38] [DEBUG] Screen::getContents() start...
[2026-07-03 16:30:38] [DEBUG] Screen::getContents() finish.
[2026-07-03 16:30:38] [DEBUG] Screen::updateAreaE() finish.
[2026-07-03 16:30:38] [DEBUG] PartsDefinitionController::editPartsAction() end.
[2026-07-03 16:30:38] [DEBUG] Screen::areaView() start...
[2026-07-03 16:30:38] [DEBUG] Screen::areaView() finish.
[2026-07-03 16:30:39] [DEBUG] --- wwProject System Start ---
[2026-07-03 16:30:39] [DEBUG] Router::Router() /jemini/wwProjectV1.34/Develop/Console/ServerBridgeAction/
[2026-07-03 16:30:39] [DEBUG] Attempting to load: \Develop\Controllers\ConsoleController::ServerBridgeAction
[2026-07-03 16:30:39] [DEBUG] Router: Executing \Develop\Controllers\ConsoleController->ServerBridgeAction
[2026-07-03 16:30:39] [DEBUG] ConsoleController::ServerBridge() start...
[2026-07-03 16:30:39] [DEBUG] ConsoleController::ServerBridge() \Develop\Controllers\PartsDefinitionController::editPartsAction()
[2026-07-03 16:30:39] [DEBUG] PartsDefinitionController::editPartsAction() start...
[2026-07-03 16:30:39] [DEBUG] PartsDefinitionModel::getAllPartsList() start... Project ID: PRJ-D45FEF
[2026-07-03 16:30:39] [DEBUG] PartsDefinitionModel::getTableStructure() start... Project ID: PRJ-D45FEF
[2026-07-03 16:30:39] [DEBUG] Screen::updateAreaE() [iframe起動版] path: \Develop\Views\AreaE\PartsDefinition\RegistParts.view start...
[2026-07-03 16:30:39] [DEBUG] Screen::getContents() start...
[2026-07-03 16:30:39] [DEBUG] Screen::getContents() finish.
[2026-07-03 16:30:39] [DEBUG] Screen::updateAreaE() finish.
[2026-07-03 16:30:39] [DEBUG] PartsDefinitionController::editPartsAction() end.
[2026-07-03 16:30:39] [DEBUG] Screen::areaView() start...
[2026-07-03 16:30:39] [DEBUG] Screen::areaView() finish.
[2026-07-03 16:30:40] [DEBUG] --- wwProject System Start ---
[2026-07-03 16:30:40] [DEBUG] Router::Router() /jemini/wwProjectV1.34/Develop/Console/ServerBridgeAction/
[2026-07-03 16:30:40] [DEBUG] Attempting to load: \Develop\Controllers\ConsoleController::ServerBridgeAction
[2026-07-03 16:30:40] [DEBUG] Router: Executing \Develop\Controllers\ConsoleController->ServerBridgeAction
[2026-07-03 16:30:40] [DEBUG] ConsoleController::ServerBridge() start...
[2026-07-03 16:30:40] [DEBUG] ConsoleController::ServerBridge() \Develop\Controllers\PartsDefinitionController::editPartsAction()
[2026-07-03 16:30:40] [DEBUG] PartsDefinitionController::editPartsAction() start...
[2026-07-03 16:30:40] [DEBUG] PartsDefinitionModel::getAllPartsList() start... Project ID: PRJ-D45FEF
[2026-07-03 16:30:40] [DEBUG] PartsDefinitionModel::getTableStructure() start... Project ID: PRJ-D45FEF
[2026-07-03 16:30:40] [DEBUG] Screen::updateAreaE() [iframe起動版] path: \Develop\Views\AreaE\PartsDefinition\RegistParts.view start...
[2026-07-03 16:30:40] [DEBUG] Screen::getContents() start...
[2026-07-03 16:30:40] [DEBUG] Screen::getContents() finish.
[2026-07-03 16:30:40] [DEBUG] Screen::updateAreaE() finish.
[2026-07-03 16:30:40] [DEBUG] PartsDefinitionController::editPartsAction() end.
[2026-07-03 16:30:40] [DEBUG] Screen::areaView() start...
[2026-07-03 16:30:40] [DEBUG] Screen::areaView() finish.
[2026-07-03 16:30:42] [DEBUG] --- wwProject System Start ---
[2026-07-03 16:30:42] [DEBUG] Router::Router() /jemini/wwProjectV1.34/Develop/Console/ServerBridgeAction/
[2026-07-03 16:30:42] [DEBUG] Attempting to load: \Develop\Controllers\ConsoleController::ServerBridgeAction
[2026-07-03 16:30:42] [DEBUG] Router: Executing \Develop\Controllers\ConsoleController->ServerBridgeAction
[2026-07-03 16:30:42] [DEBUG] ConsoleController::ServerBridge() start...
[2026-07-03 16:30:42] [DEBUG] ConsoleController::ServerBridge() \Develop\Controllers\PartsDefinitionController::editPartsAction()
[2026-07-03 16:30:42] [DEBUG] PartsDefinitionController::editPartsAction() start...
[2026-07-03 16:30:42] [DEBUG] PartsDefinitionModel::getAllPartsList() start... Project ID: PRJ-D45FEF
[2026-07-03 16:30:42] [DEBUG] PartsDefinitionModel::getColumnsByTableId() start... Input: developers
[2026-07-03 16:30:42] [DEBUG] 逆引き成功: 物理名 developers -> table_id : 6
[2026-07-03 16:30:42] [DEBUG] PartsDefinitionModel::getColumnsByTableId() finish. 件数: 9
[2026-07-03 16:30:42] [DEBUG] PartsDefinitionModel::getTableStructure() start... Project ID: PRJ-D45FEF
[2026-07-03 16:30:42] [DEBUG] Screen::updateAreaE() [iframe起動版] path: \Develop\Views\AreaE\PartsDefinition\RegistParts.view start...
[2026-07-03 16:30:42] [DEBUG] Screen::getContents() start...
[2026-07-03 16:30:42] [DEBUG] Screen::getContents() finish.
[2026-07-03 16:30:42] [DEBUG] Screen::updateAreaE() finish.
[2026-07-03 16:30:42] [DEBUG] PartsDefinitionController::editPartsAction() end.
[2026-07-03 16:30:42] [DEBUG] Screen::areaView() start...
[2026-07-03 16:30:42] [DEBUG] Screen::areaView() finish.
[2026-07-03 16:30:43] [DEBUG] --- wwProject System Start ---
[2026-07-03 16:30:43] [DEBUG] Router::Router() /jemini/wwProjectV1.34/Develop/Console/ServerBridgeAction/
[2026-07-03 16:30:43] [DEBUG] Attempting to load: \Develop\Controllers\ConsoleController::ServerBridgeAction
[2026-07-03 16:30:43] [DEBUG] Router: Executing \Develop\Controllers\ConsoleController->ServerBridgeAction
[2026-07-03 16:30:43] [DEBUG] ConsoleController::ServerBridge() start...
[2026-07-03 16:30:43] [DEBUG] ConsoleController::ServerBridge() \Develop\Controllers\PartsDefinitionController::editPartsAction()
[2026-07-03 16:30:43] [DEBUG] PartsDefinitionController::editPartsAction() start...
[2026-07-03 16:30:43] [DEBUG] PartsDefinitionModel::getAllPartsList() start... Project ID: PRJ-D45FEF
[2026-07-03 16:30:43] [DEBUG] PartsDefinitionModel::getColumnsByTableId() start... Input: developers
[2026-07-03 16:30:43] [DEBUG] 逆引き成功: 物理名 developers -> table_id : 6
[2026-07-03 16:30:43] [DEBUG] PartsDefinitionModel::getColumnsByTableId() finish. 件数: 9
[2026-07-03 16:30:43] [DEBUG] PartsDefinitionModel::getTableStructure() start... Project ID: PRJ-D45FEF
[2026-07-03 16:30:43] [DEBUG] Screen::updateAreaE() [iframe起動版] path: \Develop\Views\AreaE\PartsDefinition\RegistParts.view start...
[2026-07-03 16:30:43] [DEBUG] Screen::getContents() start...
[2026-07-03 16:30:43] [DEBUG] Screen::getContents() finish.
[2026-07-03 16:30:43] [DEBUG] Screen::updateAreaE() finish.
[2026-07-03 16:30:43] [DEBUG] PartsDefinitionController::editPartsAction() end.
[2026-07-03 16:30:43] [DEBUG] Screen::areaView() start...
[2026-07-03 16:30:43] [DEBUG] Screen::areaView() finish.
[2026-07-03 16:30:48] [DEBUG] --- wwProject System Start ---
[2026-07-03 16:30:48] [DEBUG] Router::Router() /jemini/wwProjectV1.34/Develop/Console/ServerBridgeAction/
[2026-07-03 16:30:48] [DEBUG] Attempting to load: \Develop\Controllers\ConsoleController::ServerBridgeAction
[2026-07-03 16:30:48] [DEBUG] Router: Executing \Develop\Controllers\ConsoleController->ServerBridgeAction
[2026-07-03 16:30:48] [DEBUG] ConsoleController::ServerBridge() start...
[2026-07-03 16:30:48] [DEBUG] ConsoleController::ServerBridge() \Develop\Controllers\PartsDefinitionController::editPartsAction()
[2026-07-03 16:30:48] [DEBUG] PartsDefinitionController::editPartsAction() start...
[2026-07-03 16:30:48] [DEBUG] PartsDefinitionModel::getAllPartsList() start... Project ID: PRJ-D45FEF
[2026-07-03 16:30:48] [DEBUG] PartsDefinitionModel::getColumnsByTableId() start... Input: developers
[2026-07-03 16:30:48] [DEBUG] 逆引き成功: 物理名 developers -> table_id : 6
[2026-07-03 16:30:48] [DEBUG] PartsDefinitionModel::getColumnsByTableId() finish. 件数: 9
[2026-07-03 16:30:48] [DEBUG] PartsDefinitionModel::getTableStructure() start... Project ID: PRJ-D45FEF
[2026-07-03 16:30:48] [DEBUG] Screen::updateAreaE() [iframe起動版] path: \Develop\Views\AreaE\PartsDefinition\RegistParts.view start...
[2026-07-03 16:30:48] [DEBUG] Screen::getContents() start...
[2026-07-03 16:30:48] [DEBUG] Screen::getContents() finish.
[2026-07-03 16:30:48] [DEBUG] Screen::updateAreaE() finish.
[2026-07-03 16:30:48] [DEBUG] PartsDefinitionController::editPartsAction() end.
[2026-07-03 16:30:48] [DEBUG] Screen::areaView() start...
[2026-07-03 16:30:48] [DEBUG] Screen::areaView() finish.
[2026-07-03 16:30:52] [DEBUG] --- wwProject System Start ---
[2026-07-03 16:30:52] [DEBUG] Router::Router() /jemini/wwProjectV1.34/Develop/Console/ServerBridgeAction/
[2026-07-03 16:30:52] [DEBUG] Attempting to load: \Develop\Controllers\ConsoleController::ServerBridgeAction
[2026-07-03 16:30:52] [DEBUG] Router: Executing \Develop\Controllers\ConsoleController->ServerBridgeAction
[2026-07-03 16:30:52] [DEBUG] ConsoleController::ServerBridge() start...
[2026-07-03 16:30:52] [DEBUG] ConsoleController::ServerBridge() \Develop\Controllers\PartsDefinitionController::editPartsAction()
[2026-07-03 16:30:52] [DEBUG] PartsDefinitionController::editPartsAction() start...
[2026-07-03 16:30:52] [DEBUG] PartsDefinitionModel::getAllPartsList() start... Project ID: PRJ-D45FEF
[2026-07-03 16:30:52] [DEBUG] PartsDefinitionModel::getColumnsByTableId() start... Input: developers
[2026-07-03 16:30:52] [DEBUG] 逆引き成功: 物理名 developers -> table_id : 6
[2026-07-03 16:30:52] [DEBUG] PartsDefinitionModel::getColumnsByTableId() finish. 件数: 9
[2026-07-03 16:30:52] [DEBUG] PartsDefinitionModel::getTableStructure() start... Project ID: PRJ-D45FEF
[2026-07-03 16:30:52] [DEBUG] Screen::updateAreaE() [iframe起動版] path: \Develop\Views\AreaE\PartsDefinition\RegistParts.view start...
[2026-07-03 16:30:52] [DEBUG] Screen::getContents() start...
[2026-07-03 16:30:52] [DEBUG] Screen::getContents() finish.
[2026-07-03 16:30:52] [DEBUG] Screen::updateAreaE() finish.
[2026-07-03 16:30:52] [DEBUG] PartsDefinitionController::editPartsAction() end.
[2026-07-03 16:30:52] [DEBUG] Screen::areaView() start...
[2026-07-03 16:30:52] [DEBUG] Screen::areaView() finish.
