[2026-06-14 02:38:35] [DEBUG] --- wwProject System Start ---
[2026-06-14 02:38:35] [DEBUG] Router::Router() /jemini/wwProjectV1.14/Develop/Console/ServerBridgeAction/
[2026-06-14 02:38:35] [DEBUG] Attempting to load: \Develop\Controllers\ConsoleController::ServerBridgeAction
[2026-06-14 02:38:35] [DEBUG] Router: Executing \Develop\Controllers\ConsoleController->ServerBridgeAction
[2026-06-14 02:38:35] [DEBUG] ConsoleController::ServerBridge() start...
[2026-06-14 02:38:35] [DEBUG] ConsoleController::ServerBridge() \Develop\Controllers\ProjectController::projectSelectAction()
[2026-06-14 02:38:35] [DEBUG] ProjectController::projectSelectAction() start...
[2026-06-14 02:38:35] [DEBUG] ProjectController::projectSelectAction() ☆★☆　
[2026-06-14 02:38:35] [DEBUG] Screen::updateAreaB() path: \Develop\Views\AreaB\Area_B.view start...
[2026-06-14 02:38:35] [DEBUG] Screen::getContents() start...
[2026-06-14 02:38:35] [DEBUG] Screen::getContents() finish.
[2026-06-14 02:38:35] [DEBUG] Screen::updateAreaB() finish.
[2026-06-14 02:38:35] [DEBUG] ProjectController::getProjectListHtml() start...
[2026-06-14 02:38:35] [DEBUG] ProjectModel::getProjectList() start...
[2026-06-14 02:38:35] [INFO ] ☆☆☆ projectList : Array
(
    [0] => Array
        (
            [project_id] => PRJ-W613KU
            [project_name] => 新規プロジェクト登録２
        )

    [1] => Array
        (
            [project_id] => PRJ-E613KU
            [project_name] => 新規プロジェクト登録テスト
        )

    [2] => Array
        (
            [project_id] => PRJ-741CA7
            [project_name] => SampleProject２
        )

    [3] => Array
        (
            [project_id] => PRJ-D45FEF
            [project_name] => SampleProject１
        )

)

[2026-06-14 02:38:35] [INFO ] ☆☆☆ projectMap : Array
(
    [PRJ-W613KU] => 新規プロジェクト登録２
    [PRJ-E613KU] => 新規プロジェクト登録テスト
    [PRJ-741CA7] => SampleProject２
    [PRJ-D45FEF] => SampleProject１
)

[2026-06-14 02:38:35] [DEBUG] ProjectModel::getProjectList() finish.
[2026-06-14 02:38:35] [DEBUG] CodeMasterModel：：getCodesByGroup() start...
[2026-06-14 02:38:35] [DEBUG] CodeMasterModel：：getCodesByGroup() finish.
[2026-06-14 02:38:35] [DEBUG] ProjectController::getNaviFooterHtml() start...
[2026-06-14 02:38:35] [DEBUG] ProjectController::getNaviFooterHtml() finish.
[2026-06-14 02:38:35] [DEBUG] Screen::updateAreaC() \Develop\Views\AreaC\Area_C.view start...
[2026-06-14 02:38:35] [DEBUG] Screen::getContents() start...
[2026-06-14 02:38:35] [DEBUG] Screen::getContents() finish.
[2026-06-14 02:38:35] [DEBUG] Screen::updateAreaC() finish.
[2026-06-14 02:38:35] [DEBUG] Screen::updateAreaD() path: \Develop\Views\AreaD\Area_D_clear.view start...
[2026-06-14 02:38:35] [DEBUG] Screen::getContents() start...
[2026-06-14 02:38:35] [DEBUG] Screen::getContents() finish.
[2026-06-14 02:38:35] [DEBUG] Screen::updateAreaD() finish.
[2026-06-14 02:38:35] [DEBUG] Screen::updateAreaE() [iframe起動版] path: \Develop\Views\AreaE\Area_E_clear.view start...
[2026-06-14 02:38:35] [DEBUG] Screen::getContents() start...
[2026-06-14 02:38:35] [DEBUG] Screen::getContents() finish.
[2026-06-14 02:38:35] [DEBUG] Screen::updateAreaE() finish.
[2026-06-14 02:38:35] [DEBUG] ProjectController::projectSelectAction() finish.
[2026-06-14 02:38:35] [DEBUG] Screen::areaView() start...
[2026-06-14 02:38:35] [DEBUG] Screen::areaView() finish.
[2026-06-14 02:38:43] [DEBUG] --- wwProject System Start ---
[2026-06-14 02:38:43] [DEBUG] Router::Router() /jemini/wwProjectV1.14/Develop/Console/ServerBridgeAction/
[2026-06-14 02:38:43] [DEBUG] Attempting to load: \Develop\Controllers\ConsoleController::ServerBridgeAction
[2026-06-14 02:38:43] [DEBUG] Router: Executing \Develop\Controllers\ConsoleController->ServerBridgeAction
[2026-06-14 02:38:43] [DEBUG] ConsoleController::ServerBridge() start...
[2026-06-14 02:38:43] [DEBUG] ConsoleController::ServerBridge() \Develop\Controllers\ProjectController::projectSelectAction()
[2026-06-14 02:38:43] [DEBUG] ProjectController::projectSelectAction() start...
[2026-06-14 02:38:43] [DEBUG] ProjectController::projectSelectAction() ☆★☆　SampleProject１
[2026-06-14 02:38:43] [DEBUG] Screen::updateAreaB() path: \Develop\Views\AreaB\Area_B.view start...
[2026-06-14 02:38:43] [DEBUG] Screen::getContents() start...
[2026-06-14 02:38:43] [DEBUG] Screen::getContents() finish.
[2026-06-14 02:38:43] [DEBUG] Screen::updateAreaB() finish.
[2026-06-14 02:38:43] [DEBUG] ProjectController::getProjectListHtml() start...
[2026-06-14 02:38:43] [DEBUG] ProjectModel::getProjectList() start...
[2026-06-14 02:38:43] [INFO ] ☆☆☆ projectList : Array
(
    [0] => Array
        (
            [project_id] => PRJ-W613KU
            [project_name] => 新規プロジェクト登録２
        )

    [1] => Array
        (
            [project_id] => PRJ-E613KU
            [project_name] => 新規プロジェクト登録テスト
        )

    [2] => Array
        (
            [project_id] => PRJ-741CA7
            [project_name] => SampleProject２
        )

    [3] => Array
        (
            [project_id] => PRJ-D45FEF
            [project_name] => SampleProject１
        )

)

[2026-06-14 02:38:43] [INFO ] ☆☆☆ projectMap : Array
(
    [PRJ-W613KU] => 新規プロジェクト登録２
    [PRJ-E613KU] => 新規プロジェクト登録テスト
    [PRJ-741CA7] => SampleProject２
    [PRJ-D45FEF] => SampleProject１
)

[2026-06-14 02:38:43] [DEBUG] ProjectModel::getProjectList() finish.
[2026-06-14 02:38:43] [DEBUG] CodeMasterModel：：getCodesByGroup() start...
[2026-06-14 02:38:43] [DEBUG] CodeMasterModel：：getCodesByGroup() finish.
[2026-06-14 02:38:43] [DEBUG] ProjectController::getNaviFooterHtml() start...
[2026-06-14 02:38:43] [DEBUG] ProjectController::getNaviFooterHtml() finish.
[2026-06-14 02:38:43] [DEBUG] Screen::updateAreaC() \Develop\Views\AreaC\Area_C.view start...
[2026-06-14 02:38:43] [DEBUG] Screen::getContents() start...
[2026-06-14 02:38:43] [DEBUG] Screen::getContents() finish.
[2026-06-14 02:38:43] [DEBUG] Screen::updateAreaC() finish.
[2026-06-14 02:38:43] [DEBUG] Screen::updateAreaD() path: \Develop\Views\AreaD\Area_D_clear.view start...
[2026-06-14 02:38:43] [DEBUG] Screen::getContents() start...
[2026-06-14 02:38:43] [DEBUG] Screen::getContents() finish.
[2026-06-14 02:38:43] [DEBUG] Screen::updateAreaD() finish.
[2026-06-14 02:38:43] [DEBUG] Screen::updateAreaE() [iframe起動版] path: \Develop\Views\AreaE\Area_E_clear.view start...
[2026-06-14 02:38:43] [DEBUG] Screen::getContents() start...
[2026-06-14 02:38:43] [DEBUG] Screen::getContents() finish.
[2026-06-14 02:38:43] [DEBUG] Screen::updateAreaE() finish.
[2026-06-14 02:38:43] [DEBUG] ProjectController::projectSelectAction() finish.
[2026-06-14 02:38:43] [DEBUG] Screen::areaView() start...
[2026-06-14 02:38:43] [DEBUG] Screen::areaView() finish.
[2026-06-14 02:38:50] [DEBUG] --- wwProject System Start ---
[2026-06-14 02:38:50] [DEBUG] Router::Router() /jemini/wwProjectV1.14/Develop/Console/ServerBridgeAction/
[2026-06-14 02:38:50] [DEBUG] Attempting to load: \Develop\Controllers\ConsoleController::ServerBridgeAction
[2026-06-14 02:38:50] [DEBUG] Router: Executing \Develop\Controllers\ConsoleController->ServerBridgeAction
[2026-06-14 02:38:50] [DEBUG] ConsoleController::ServerBridge() start...
[2026-06-14 02:38:50] [DEBUG] ConsoleController::ServerBridge() \Develop\Controllers\ProjectController::projectSelectAction()
[2026-06-14 02:38:50] [DEBUG] ProjectController::projectSelectAction() start...
[2026-06-14 02:38:50] [DEBUG] ProjectController::projectSelectAction() ☆★☆　
[2026-06-14 02:38:50] [DEBUG] Screen::updateAreaB() path: \Develop\Views\AreaB\Area_B.view start...
[2026-06-14 02:38:50] [DEBUG] Screen::getContents() start...
[2026-06-14 02:38:50] [DEBUG] Screen::getContents() finish.
[2026-06-14 02:38:50] [DEBUG] Screen::updateAreaB() finish.
[2026-06-14 02:38:50] [DEBUG] ProjectController::getProjectListHtml() start...
[2026-06-14 02:38:50] [DEBUG] ProjectModel::getProjectList() start...
[2026-06-14 02:38:50] [INFO ] ☆☆☆ projectList : Array
(
    [0] => Array
        (
            [project_id] => PRJ-W613KU
            [project_name] => 新規プロジェクト登録２
        )

    [1] => Array
        (
            [project_id] => PRJ-E613KU
            [project_name] => 新規プロジェクト登録テスト
        )

    [2] => Array
        (
            [project_id] => PRJ-741CA7
            [project_name] => SampleProject２
        )

    [3] => Array
        (
            [project_id] => PRJ-D45FEF
            [project_name] => SampleProject１
        )

)

[2026-06-14 02:38:50] [INFO ] ☆☆☆ projectMap : Array
(
    [PRJ-W613KU] => 新規プロジェクト登録２
    [PRJ-E613KU] => 新規プロジェクト登録テスト
    [PRJ-741CA7] => SampleProject２
    [PRJ-D45FEF] => SampleProject１
)

[2026-06-14 02:38:50] [DEBUG] ProjectModel::getProjectList() finish.
[2026-06-14 02:38:50] [DEBUG] CodeMasterModel：：getCodesByGroup() start...
[2026-06-14 02:38:50] [DEBUG] CodeMasterModel：：getCodesByGroup() finish.
[2026-06-14 02:38:50] [DEBUG] ProjectController::getNaviFooterHtml() start...
[2026-06-14 02:38:50] [DEBUG] ProjectController::getNaviFooterHtml() finish.
[2026-06-14 02:38:50] [DEBUG] Screen::updateAreaC() \Develop\Views\AreaC\Area_C.view start...
[2026-06-14 02:38:50] [DEBUG] Screen::getContents() start...
[2026-06-14 02:38:50] [DEBUG] Screen::getContents() finish.
[2026-06-14 02:38:50] [DEBUG] Screen::updateAreaC() finish.
[2026-06-14 02:38:50] [DEBUG] Screen::updateAreaD() path: \Develop\Views\AreaD\Area_D_clear.view start...
[2026-06-14 02:38:50] [DEBUG] Screen::getContents() start...
[2026-06-14 02:38:50] [DEBUG] Screen::getContents() finish.
[2026-06-14 02:38:50] [DEBUG] Screen::updateAreaD() finish.
[2026-06-14 02:38:50] [DEBUG] Screen::updateAreaE() [iframe起動版] path: \Develop\Views\AreaE\Area_E_clear.view start...
[2026-06-14 02:38:50] [DEBUG] Screen::getContents() start...
[2026-06-14 02:38:50] [DEBUG] Screen::getContents() finish.
[2026-06-14 02:38:50] [DEBUG] Screen::updateAreaE() finish.
[2026-06-14 02:38:50] [DEBUG] ProjectController::projectSelectAction() finish.
[2026-06-14 02:38:50] [DEBUG] Screen::areaView() start...
[2026-06-14 02:38:50] [DEBUG] Screen::areaView() finish.
[2026-06-14 02:38:51] [DEBUG] --- wwProject System Start ---
[2026-06-14 02:38:51] [DEBUG] Router::Router() /jemini/wwProjectV1.14/Develop/Console/ServerBridgeAction/
[2026-06-14 02:38:51] [DEBUG] Attempting to load: \Develop\Controllers\ConsoleController::ServerBridgeAction
[2026-06-14 02:38:51] [DEBUG] Router: Executing \Develop\Controllers\ConsoleController->ServerBridgeAction
[2026-06-14 02:38:51] [DEBUG] ConsoleController::ServerBridge() start...
[2026-06-14 02:38:51] [DEBUG] ConsoleController::ServerBridge() \Develop\Controllers\ProjectController::projectSelectAction()
[2026-06-14 02:38:51] [DEBUG] ProjectController::projectSelectAction() start...
[2026-06-14 02:38:51] [DEBUG] ProjectController::projectSelectAction() ☆★☆　SampleProject１
[2026-06-14 02:38:51] [DEBUG] Screen::updateAreaB() path: \Develop\Views\AreaB\Area_B.view start...
[2026-06-14 02:38:51] [DEBUG] Screen::getContents() start...
[2026-06-14 02:38:51] [DEBUG] Screen::getContents() finish.
[2026-06-14 02:38:51] [DEBUG] Screen::updateAreaB() finish.
[2026-06-14 02:38:51] [DEBUG] ProjectController::getProjectListHtml() start...
[2026-06-14 02:38:51] [DEBUG] ProjectModel::getProjectList() start...
[2026-06-14 02:38:51] [INFO ] ☆☆☆ projectList : Array
(
    [0] => Array
        (
            [project_id] => PRJ-W613KU
            [project_name] => 新規プロジェクト登録２
        )

    [1] => Array
        (
            [project_id] => PRJ-E613KU
            [project_name] => 新規プロジェクト登録テスト
        )

    [2] => Array
        (
            [project_id] => PRJ-741CA7
            [project_name] => SampleProject２
        )

    [3] => Array
        (
            [project_id] => PRJ-D45FEF
            [project_name] => SampleProject１
        )

)

[2026-06-14 02:38:51] [INFO ] ☆☆☆ projectMap : Array
(
    [PRJ-W613KU] => 新規プロジェクト登録２
    [PRJ-E613KU] => 新規プロジェクト登録テスト
    [PRJ-741CA7] => SampleProject２
    [PRJ-D45FEF] => SampleProject１
)

[2026-06-14 02:38:51] [DEBUG] ProjectModel::getProjectList() finish.
[2026-06-14 02:38:51] [DEBUG] CodeMasterModel：：getCodesByGroup() start...
[2026-06-14 02:38:51] [DEBUG] CodeMasterModel：：getCodesByGroup() finish.
[2026-06-14 02:38:51] [DEBUG] ProjectController::getNaviFooterHtml() start...
[2026-06-14 02:38:51] [DEBUG] ProjectController::getNaviFooterHtml() finish.
[2026-06-14 02:38:51] [DEBUG] Screen::updateAreaC() \Develop\Views\AreaC\Area_C.view start...
[2026-06-14 02:38:51] [DEBUG] Screen::getContents() start...
[2026-06-14 02:38:51] [DEBUG] Screen::getContents() finish.
[2026-06-14 02:38:51] [DEBUG] Screen::updateAreaC() finish.
[2026-06-14 02:38:51] [DEBUG] Screen::updateAreaD() path: \Develop\Views\AreaD\Area_D_clear.view start...
[2026-06-14 02:38:51] [DEBUG] Screen::getContents() start...
[2026-06-14 02:38:51] [DEBUG] Screen::getContents() finish.
[2026-06-14 02:38:51] [DEBUG] Screen::updateAreaD() finish.
[2026-06-14 02:38:51] [DEBUG] Screen::updateAreaE() [iframe起動版] path: \Develop\Views\AreaE\Area_E_clear.view start...
[2026-06-14 02:38:51] [DEBUG] Screen::getContents() start...
[2026-06-14 02:38:51] [DEBUG] Screen::getContents() finish.
[2026-06-14 02:38:51] [DEBUG] Screen::updateAreaE() finish.
[2026-06-14 02:38:51] [DEBUG] ProjectController::projectSelectAction() finish.
[2026-06-14 02:38:51] [DEBUG] Screen::areaView() start...
[2026-06-14 02:38:51] [DEBUG] Screen::areaView() finish.
[2026-06-14 02:39:02] [DEBUG] --- wwProject System Start ---
[2026-06-14 02:39:02] [DEBUG] Router::Router() /jemini/wwProjectV1.14/Develop/Console/ServerBridgeAction/
[2026-06-14 02:39:02] [DEBUG] Attempting to load: \Develop\Controllers\ConsoleController::ServerBridgeAction
[2026-06-14 02:39:02] [DEBUG] Router: Executing \Develop\Controllers\ConsoleController->ServerBridgeAction
[2026-06-14 02:39:02] [DEBUG] ConsoleController::ServerBridge() start...
[2026-06-14 02:39:02] [DEBUG] ConsoleController::ServerBridge() \Develop\Controllers\DBDefinitionController::initialAction()
[2026-06-14 02:39:02] [DEBUG] DBDefinitionController::initialAction() start...
[2026-06-14 02:39:02] [DEBUG] DBDefinitionController::initialAction() project_id : PRJ-D45FEF
[2026-06-14 02:39:02] [DEBUG] DBDefinitionModel::getTableList() start...
[2026-06-14 02:39:02] [DEBUG] DBDefinitionModel::getTableList() finish. 取得件数: 3
[2026-06-14 02:39:02] [DEBUG] Screen::updateAreaD() path: \Develop\Views\AreaD\DBDefinition\DBDefinitionList.view start...
[2026-06-14 02:39:02] [DEBUG] Screen::getContents() start...
[2026-06-14 02:39:02] [DEBUG] Screen::getContents() finish.
[2026-06-14 02:39:02] [DEBUG] Screen::updateAreaD() finish.
[2026-06-14 02:39:02] [DEBUG] Screen::updateAreaE() [iframe起動版] path: \Develop\Views\AreaE\Area_E_clear.view start...
[2026-06-14 02:39:02] [DEBUG] Screen::getContents() start...
[2026-06-14 02:39:02] [DEBUG] Screen::getContents() finish.
[2026-06-14 02:39:02] [DEBUG] Screen::updateAreaE() finish.
[2026-06-14 02:39:02] [DEBUG] DBDefinitionController::initialAction() end.
[2026-06-14 02:39:02] [DEBUG] Screen::areaView() start...
[2026-06-14 02:39:02] [DEBUG] Screen::areaView() finish.
[2026-06-14 02:39:37] [DEBUG] --- wwProject System Start ---
[2026-06-14 02:39:37] [DEBUG] Router::Router() /jemini/wwProjectV1.14/Develop/Console/ServerBridgeAction/
[2026-06-14 02:39:37] [DEBUG] Attempting to load: \Develop\Controllers\ConsoleController::ServerBridgeAction
[2026-06-14 02:39:37] [DEBUG] Router: Executing \Develop\Controllers\ConsoleController->ServerBridgeAction
[2026-06-14 02:39:37] [DEBUG] ConsoleController::ServerBridge() start...
[2026-06-14 02:39:37] [DEBUG] ConsoleController::ServerBridge() \Develop\Controllers\ProjectController::projectSelectAction()
[2026-06-14 02:39:37] [DEBUG] ProjectController::projectSelectAction() start...
[2026-06-14 02:39:37] [DEBUG] ProjectController::projectSelectAction() ☆★☆　SampleProject２
[2026-06-14 02:39:37] [DEBUG] Screen::updateAreaB() path: \Develop\Views\AreaB\Area_B.view start...
[2026-06-14 02:39:37] [DEBUG] Screen::getContents() start...
[2026-06-14 02:39:37] [DEBUG] Screen::getContents() finish.
[2026-06-14 02:39:37] [DEBUG] Screen::updateAreaB() finish.
[2026-06-14 02:39:37] [DEBUG] ProjectController::getProjectListHtml() start...
[2026-06-14 02:39:37] [DEBUG] ProjectModel::getProjectList() start...
[2026-06-14 02:39:37] [INFO ] ☆☆☆ projectList : Array
(
    [0] => Array
        (
            [project_id] => PRJ-W613KU
            [project_name] => 新規プロジェクト登録２
        )

    [1] => Array
        (
            [project_id] => PRJ-E613KU
            [project_name] => 新規プロジェクト登録テスト
        )

    [2] => Array
        (
            [project_id] => PRJ-741CA7
            [project_name] => SampleProject２
        )

    [3] => Array
        (
            [project_id] => PRJ-D45FEF
            [project_name] => SampleProject１
        )

)

[2026-06-14 02:39:37] [INFO ] ☆☆☆ projectMap : Array
(
    [PRJ-W613KU] => 新規プロジェクト登録２
    [PRJ-E613KU] => 新規プロジェクト登録テスト
    [PRJ-741CA7] => SampleProject２
    [PRJ-D45FEF] => SampleProject１
)

[2026-06-14 02:39:37] [DEBUG] ProjectModel::getProjectList() finish.
[2026-06-14 02:39:37] [DEBUG] CodeMasterModel：：getCodesByGroup() start...
[2026-06-14 02:39:37] [DEBUG] CodeMasterModel：：getCodesByGroup() finish.
[2026-06-14 02:39:37] [DEBUG] ProjectController::getNaviFooterHtml() start...
[2026-06-14 02:39:37] [DEBUG] ProjectController::getNaviFooterHtml() finish.
[2026-06-14 02:39:37] [DEBUG] Screen::updateAreaC() \Develop\Views\AreaC\Area_C.view start...
[2026-06-14 02:39:37] [DEBUG] Screen::getContents() start...
[2026-06-14 02:39:37] [DEBUG] Screen::getContents() finish.
[2026-06-14 02:39:37] [DEBUG] Screen::updateAreaC() finish.
[2026-06-14 02:39:37] [DEBUG] Screen::updateAreaD() path: \Develop\Views\AreaD\Area_D_clear.view start...
[2026-06-14 02:39:37] [DEBUG] Screen::getContents() start...
[2026-06-14 02:39:37] [DEBUG] Screen::getContents() finish.
[2026-06-14 02:39:37] [DEBUG] Screen::updateAreaD() finish.
[2026-06-14 02:39:37] [DEBUG] Screen::updateAreaE() [iframe起動版] path: \Develop\Views\AreaE\Area_E_clear.view start...
[2026-06-14 02:39:37] [DEBUG] Screen::getContents() start...
[2026-06-14 02:39:37] [DEBUG] Screen::getContents() finish.
[2026-06-14 02:39:37] [DEBUG] Screen::updateAreaE() finish.
[2026-06-14 02:39:37] [DEBUG] ProjectController::projectSelectAction() finish.
[2026-06-14 02:39:37] [DEBUG] Screen::areaView() start...
[2026-06-14 02:39:37] [DEBUG] Screen::areaView() finish.
[2026-06-14 02:39:41] [DEBUG] --- wwProject System Start ---
[2026-06-14 02:39:41] [DEBUG] Router::Router() /jemini/wwProjectV1.14/Develop/Console/ServerBridgeAction/
[2026-06-14 02:39:41] [DEBUG] Attempting to load: \Develop\Controllers\ConsoleController::ServerBridgeAction
[2026-06-14 02:39:41] [DEBUG] Router: Executing \Develop\Controllers\ConsoleController->ServerBridgeAction
[2026-06-14 02:39:41] [DEBUG] ConsoleController::ServerBridge() start...
[2026-06-14 02:39:41] [DEBUG] ConsoleController::ServerBridge() \Develop\Controllers\DBDefinitionController::initialAction()
[2026-06-14 02:39:41] [DEBUG] DBDefinitionController::initialAction() start...
[2026-06-14 02:39:41] [DEBUG] DBDefinitionController::initialAction() project_id : PRJ-741CA7
[2026-06-14 02:39:41] [DEBUG] DBDefinitionModel::getTableList() start...
[2026-06-14 02:39:41] [DEBUG] DBDefinitionModel::getTableList() finish. 取得件数: 0
[2026-06-14 02:39:41] [DEBUG] Screen::updateAreaD() path: \Develop\Views\AreaD\DBDefinition\DBDefinitionList.view start...
[2026-06-14 02:39:41] [DEBUG] Screen::getContents() start...
[2026-06-14 02:39:41] [DEBUG] Screen::getContents() finish.
[2026-06-14 02:39:41] [DEBUG] Screen::updateAreaD() finish.
[2026-06-14 02:39:41] [DEBUG] Screen::updateAreaE() [iframe起動版] path: \Develop\Views\AreaE\Area_E_clear.view start...
[2026-06-14 02:39:41] [DEBUG] Screen::getContents() start...
[2026-06-14 02:39:41] [DEBUG] Screen::getContents() finish.
[2026-06-14 02:39:41] [DEBUG] Screen::updateAreaE() finish.
[2026-06-14 02:39:41] [DEBUG] DBDefinitionController::initialAction() end.
[2026-06-14 02:39:41] [DEBUG] Screen::areaView() start...
[2026-06-14 02:39:41] [DEBUG] Screen::areaView() finish.
[2026-06-14 02:40:02] [DEBUG] --- wwProject System Start ---
[2026-06-14 02:40:02] [DEBUG] Router::Router() /jemini/wwProjectV1.14/Develop/Console/ServerBridgeAction/
[2026-06-14 02:40:02] [DEBUG] Attempting to load: \Develop\Controllers\ConsoleController::ServerBridgeAction
[2026-06-14 02:40:02] [DEBUG] Router: Executing \Develop\Controllers\ConsoleController->ServerBridgeAction
[2026-06-14 02:40:02] [DEBUG] ConsoleController::ServerBridge() start...
[2026-06-14 02:40:02] [DEBUG] ConsoleController::ServerBridge() \Develop\Controllers\ProjectController::projectSelectAction()
[2026-06-14 02:40:02] [DEBUG] ProjectController::projectSelectAction() start...
[2026-06-14 02:40:02] [DEBUG] ProjectController::projectSelectAction() ☆★☆　SampleProject１
[2026-06-14 02:40:02] [DEBUG] Screen::updateAreaB() path: \Develop\Views\AreaB\Area_B.view start...
[2026-06-14 02:40:02] [DEBUG] Screen::getContents() start...
[2026-06-14 02:40:02] [DEBUG] Screen::getContents() finish.
[2026-06-14 02:40:02] [DEBUG] Screen::updateAreaB() finish.
[2026-06-14 02:40:02] [DEBUG] ProjectController::getProjectListHtml() start...
[2026-06-14 02:40:02] [DEBUG] ProjectModel::getProjectList() start...
[2026-06-14 02:40:02] [INFO ] ☆☆☆ projectList : Array
(
    [0] => Array
        (
            [project_id] => PRJ-W613KU
            [project_name] => 新規プロジェクト登録２
        )

    [1] => Array
        (
            [project_id] => PRJ-E613KU
            [project_name] => 新規プロジェクト登録テスト
        )

    [2] => Array
        (
            [project_id] => PRJ-741CA7
            [project_name] => SampleProject２
        )

    [3] => Array
        (
            [project_id] => PRJ-D45FEF
            [project_name] => SampleProject１
        )

)

[2026-06-14 02:40:02] [INFO ] ☆☆☆ projectMap : Array
(
    [PRJ-W613KU] => 新規プロジェクト登録２
    [PRJ-E613KU] => 新規プロジェクト登録テスト
    [PRJ-741CA7] => SampleProject２
    [PRJ-D45FEF] => SampleProject１
)

[2026-06-14 02:40:02] [DEBUG] ProjectModel::getProjectList() finish.
[2026-06-14 02:40:02] [DEBUG] CodeMasterModel：：getCodesByGroup() start...
[2026-06-14 02:40:02] [DEBUG] CodeMasterModel：：getCodesByGroup() finish.
[2026-06-14 02:40:02] [DEBUG] ProjectController::getNaviFooterHtml() start...
[2026-06-14 02:40:02] [DEBUG] ProjectController::getNaviFooterHtml() finish.
[2026-06-14 02:40:02] [DEBUG] Screen::updateAreaC() \Develop\Views\AreaC\Area_C.view start...
[2026-06-14 02:40:02] [DEBUG] Screen::getContents() start...
[2026-06-14 02:40:02] [DEBUG] Screen::getContents() finish.
[2026-06-14 02:40:02] [DEBUG] Screen::updateAreaC() finish.
[2026-06-14 02:40:02] [DEBUG] Screen::updateAreaD() path: \Develop\Views\AreaD\Area_D_clear.view start...
[2026-06-14 02:40:02] [DEBUG] Screen::getContents() start...
[2026-06-14 02:40:02] [DEBUG] Screen::getContents() finish.
[2026-06-14 02:40:02] [DEBUG] Screen::updateAreaD() finish.
[2026-06-14 02:40:02] [DEBUG] Screen::updateAreaE() [iframe起動版] path: \Develop\Views\AreaE\Area_E_clear.view start...
[2026-06-14 02:40:02] [DEBUG] Screen::getContents() start...
[2026-06-14 02:40:02] [DEBUG] Screen::getContents() finish.
[2026-06-14 02:40:02] [DEBUG] Screen::updateAreaE() finish.
[2026-06-14 02:40:02] [DEBUG] ProjectController::projectSelectAction() finish.
[2026-06-14 02:40:02] [DEBUG] Screen::areaView() start...
[2026-06-14 02:40:02] [DEBUG] Screen::areaView() finish.
[2026-06-14 02:40:19] [DEBUG] --- wwProject System Start ---
[2026-06-14 02:40:19] [DEBUG] Router::Router() /jemini/wwProjectV1.14/Develop/Console/ServerBridgeAction/
[2026-06-14 02:40:19] [DEBUG] Attempting to load: \Develop\Controllers\ConsoleController::ServerBridgeAction
[2026-06-14 02:40:19] [DEBUG] Router: Executing \Develop\Controllers\ConsoleController->ServerBridgeAction
[2026-06-14 02:40:19] [DEBUG] ConsoleController::ServerBridge() start...
[2026-06-14 02:40:19] [DEBUG] ConsoleController::ServerBridge() \Develop\Controllers\DBDefinitionController::initialAction()
[2026-06-14 02:40:19] [DEBUG] DBDefinitionController::initialAction() start...
[2026-06-14 02:40:19] [DEBUG] DBDefinitionController::initialAction() project_id : PRJ-D45FEF
[2026-06-14 02:40:19] [DEBUG] DBDefinitionModel::getTableList() start...
[2026-06-14 02:40:19] [DEBUG] DBDefinitionModel::getTableList() finish. 取得件数: 3
[2026-06-14 02:40:19] [DEBUG] Screen::updateAreaD() path: \Develop\Views\AreaD\DBDefinition\DBDefinitionList.view start...
[2026-06-14 02:40:19] [DEBUG] Screen::getContents() start...
[2026-06-14 02:40:19] [DEBUG] Screen::getContents() finish.
[2026-06-14 02:40:19] [DEBUG] Screen::updateAreaD() finish.
[2026-06-14 02:40:19] [DEBUG] Screen::updateAreaE() [iframe起動版] path: \Develop\Views\AreaE\Area_E_clear.view start...
[2026-06-14 02:40:19] [DEBUG] Screen::getContents() start...
[2026-06-14 02:40:19] [DEBUG] Screen::getContents() finish.
[2026-06-14 02:40:19] [DEBUG] Screen::updateAreaE() finish.
[2026-06-14 02:40:19] [DEBUG] DBDefinitionController::initialAction() end.
[2026-06-14 02:40:19] [DEBUG] Screen::areaView() start...
[2026-06-14 02:40:19] [DEBUG] Screen::areaView() finish.
[2026-06-14 02:46:58] [DEBUG] --- wwProject System Start ---
[2026-06-14 02:46:58] [DEBUG] Router::Router() /jemini/wwProjectV1.14/develop/
[2026-06-14 02:46:58] [DEBUG] Attempting to load: \Develop\Controllers\LoginController::initialAction
[2026-06-14 02:46:58] [DEBUG] Router: Executing \Develop\Controllers\LoginController->initialAction
[2026-06-14 02:46:58] [DEBUG] Login::initialAction() start...
[2026-06-14 02:46:58] [DEBUG] Login::initialAction() errorMessage : 
[2026-06-14 02:46:58] [DEBUG] Screen::view() path: \Develop\Views\Login\Login.view start...
[2026-06-14 02:46:58] [DEBUG] Screen::getContents() start...
[2026-06-14 02:46:58] [DEBUG] Screen::getContents() finish.
[2026-06-14 02:46:58] [DEBUG] Screen::view() path: \Develop\Views\Login\Login.view finish.
[2026-06-14 02:46:58] [DEBUG] Login::initialAction() finish.
[2026-06-14 02:47:00] [DEBUG] --- wwProject System Start ---
[2026-06-14 02:47:00] [DEBUG] Router::Router() /jemini/wwProjectV1.14/Develop/Login/authentication/
[2026-06-14 02:47:00] [DEBUG] Attempting to load: \Develop\Controllers\LoginController::authenticationAction
[2026-06-14 02:47:00] [DEBUG] Router: Executing \Develop\Controllers\LoginController->authenticationAction
[2026-06-14 02:47:00] [DEBUG] Login::AuthenticationAction() start...
[2026-06-14 02:47:00] [DEBUG] Login OK - x
[2026-06-14 02:47:00] [DEBUG] Session::start()
[2026-06-14 02:47:00] [DEBUG] Redirect to Console::initialAction()
[2026-06-14 02:47:00] [DEBUG] --- wwProject System Start ---
[2026-06-14 02:47:00] [DEBUG] Router::Router() /jemini/wwProjectV1.14/Develop/Console/initial/
[2026-06-14 02:47:00] [DEBUG] Attempting to load: \Develop\Controllers\ConsoleController::initialAction
[2026-06-14 02:47:00] [DEBUG] Router: Executing \Develop\Controllers\ConsoleController->initialAction
[2026-06-14 02:47:00] [DEBUG] Console::initialAction() start...
[2026-06-14 02:47:00] [DEBUG] Screen::view() path: \Develop\Views\Console\Console.view start...
[2026-06-14 02:47:00] [DEBUG] Screen::getContents() start...
[2026-06-14 02:47:00] [DEBUG] Screen::getContents() finish.
[2026-06-14 02:47:00] [DEBUG] Screen::view() path: \Develop\Views\Console\Console.view finish.
[2026-06-14 02:47:00] [DEBUG] ConsoleController::initialAction() finish.
[2026-06-14 02:47:00] [DEBUG] --- wwProject System Start ---
[2026-06-14 02:47:00] [DEBUG] Router::Router() /jemini/wwProjectV1.14/Develop/Console/ServerBridgeAction/
[2026-06-14 02:47:00] [DEBUG] Attempting to load: \Develop\Controllers\ConsoleController::ServerBridgeAction
[2026-06-14 02:47:00] [DEBUG] Router: Executing \Develop\Controllers\ConsoleController->ServerBridgeAction
[2026-06-14 02:47:00] [DEBUG] ConsoleController::ServerBridge() start...
[2026-06-14 02:47:00] [DEBUG] ConsoleController::ServerBridge() \Develop\Controllers\ConsoleController::areaInitialAction()
[2026-06-14 02:47:00] [DEBUG] ConsoleController::AreaInitialAction() start...
[2026-06-14 02:47:00] [DEBUG] Screen::updateAreaA() path: \Develop\Views\AreaA\Area_A.view start...
[2026-06-14 02:47:00] [DEBUG] Screen::areaView() sending JSON: ["areas"]
[2026-06-14 02:47:00] [DEBUG] Screen::getContents() start...
[2026-06-14 02:47:00] [DEBUG] Screen::getContents() finish.
[2026-06-14 02:47:00] [DEBUG] Screen::updateAreaA() finish.
[2026-06-14 02:47:00] [DEBUG] Screen::updateAreaB() path: \Develop\Views\AreaB\Area_B.view start...
[2026-06-14 02:47:00] [DEBUG] Screen::getContents() start...
[2026-06-14 02:47:00] [DEBUG] Screen::getContents() finish.
[2026-06-14 02:47:00] [DEBUG] Screen::updateAreaB() finish.
[2026-06-14 02:47:00] [DEBUG] Screen::updateAreaD() path: \Develop\Views\AreaD\Area_D_clear.view start...
[2026-06-14 02:47:00] [DEBUG] Screen::getContents() start...
[2026-06-14 02:47:00] [DEBUG] Screen::getContents() finish.
[2026-06-14 02:47:00] [DEBUG] Screen::updateAreaD() finish.
[2026-06-14 02:47:00] [DEBUG] Screen::updateAreaE() [iframe起動版] path: \Develop\Views\AreaE\Area_E_clear.view start...
[2026-06-14 02:47:00] [DEBUG] Screen::getContents() start...
[2026-06-14 02:47:00] [DEBUG] Screen::getContents() finish.
[2026-06-14 02:47:00] [DEBUG] Screen::updateAreaE() finish.
[2026-06-14 02:47:00] [DEBUG] Screen::updateAreaF() path: \Develop\Views\AreaF\Area_F.view start...
[2026-06-14 02:47:00] [DEBUG] Screen::getContents() start...
[2026-06-14 02:47:00] [DEBUG] Screen::getContents() finish.
[2026-06-14 02:47:00] [DEBUG] Screen::updateAreaF() finish.
[2026-06-14 02:47:01] [DEBUG] ProjectController::startProjectNabi() start...
[2026-06-14 02:47:01] [DEBUG] ProjectController::getProjectListHtml() start...
[2026-06-14 02:47:01] [DEBUG] ProjectModel::getProjectList() start...
[2026-06-14 02:47:01] [INFO ] ☆☆☆ projectList : Array
(
    [0] => Array
        (
            [project_id] => PRJ-W613KU
            [project_name] => 新規プロジェクト登録２
        )

    [1] => Array
        (
            [project_id] => PRJ-E613KU
            [project_name] => 新規プロジェクト登録テスト
        )

    [2] => Array
        (
            [project_id] => PRJ-741CA7
            [project_name] => SampleProject２
        )

    [3] => Array
        (
            [project_id] => PRJ-D45FEF
            [project_name] => SampleProject１
        )

)

[2026-06-14 02:47:01] [INFO ] ☆☆☆ projectMap : Array
(
    [PRJ-W613KU] => 新規プロジェクト登録２
    [PRJ-E613KU] => 新規プロジェクト登録テスト
    [PRJ-741CA7] => SampleProject２
    [PRJ-D45FEF] => SampleProject１
)

[2026-06-14 02:47:01] [DEBUG] ProjectModel::getProjectList() finish.
[2026-06-14 02:47:01] [DEBUG] CodeMasterModel：：getCodesByGroup() start...
[2026-06-14 02:47:01] [DEBUG] CodeMasterModel：：getCodesByGroup() finish.
[2026-06-14 02:47:01] [DEBUG] ProjectController::getNaviFooterHtml() start...
[2026-06-14 02:47:01] [DEBUG] ProjectController::getNaviFooterHtml() finish.
[2026-06-14 02:47:01] [DEBUG] ProjectController::startProjectNabi() finish.
[2026-06-14 02:47:01] [DEBUG] Screen::updateAreaC() \Develop\Views\AreaC\Area_C.view start...
[2026-06-14 02:47:01] [DEBUG] Screen::getContents() start...
[2026-06-14 02:47:01] [DEBUG] Screen::getContents() finish.
[2026-06-14 02:47:01] [DEBUG] Screen::updateAreaC() finish.
[2026-06-14 02:47:01] [DEBUG] ConsoleController::AreaInitialAction() finish.
[2026-06-14 02:47:01] [DEBUG] Screen::areaView() start...
[2026-06-14 02:47:01] [DEBUG] Screen::areaView() finish.
[2026-06-14 02:47:02] [DEBUG] --- wwProject System Start ---
[2026-06-14 02:47:02] [DEBUG] Router::Router() /jemini/wwProjectV1.14/Develop/Console/ServerBridgeAction/
[2026-06-14 02:47:02] [DEBUG] Attempting to load: \Develop\Controllers\ConsoleController::ServerBridgeAction
[2026-06-14 02:47:02] [DEBUG] Router: Executing \Develop\Controllers\ConsoleController->ServerBridgeAction
[2026-06-14 02:47:02] [DEBUG] ConsoleController::ServerBridge() start...
[2026-06-14 02:47:02] [DEBUG] ConsoleController::ServerBridge() \Develop\Controllers\ProjectController::projectSelectAction()
[2026-06-14 02:47:02] [DEBUG] ProjectController::projectSelectAction() start...
[2026-06-14 02:47:02] [DEBUG] ProjectController::projectSelectAction() ☆★☆　SampleProject１
[2026-06-14 02:47:02] [DEBUG] Screen::updateAreaB() path: \Develop\Views\AreaB\Area_B.view start...
[2026-06-14 02:47:02] [DEBUG] Screen::getContents() start...
[2026-06-14 02:47:02] [DEBUG] Screen::getContents() finish.
[2026-06-14 02:47:02] [DEBUG] Screen::updateAreaB() finish.
[2026-06-14 02:47:02] [ERROR] ConsoleController::ServerBridge Fatal: Failed opening required 'Config/db_SampleProject１ ( PRJ-D45FEF ).php' (include_path='C:\xampp8\php\PEAR')
[2026-06-14 02:47:04] [DEBUG] --- wwProject System Start ---
[2026-06-14 02:47:04] [DEBUG] Router::Router() /jemini/wwProjectV1.14/Develop/Console/ServerBridgeAction/
[2026-06-14 02:47:04] [DEBUG] Attempting to load: \Develop\Controllers\ConsoleController::ServerBridgeAction
[2026-06-14 02:47:04] [DEBUG] Router: Executing \Develop\Controllers\ConsoleController->ServerBridgeAction
[2026-06-14 02:47:04] [DEBUG] ConsoleController::ServerBridge() start...
[2026-06-14 02:47:04] [DEBUG] ConsoleController::ServerBridge() \Develop\Controllers\ProjectController::projectSelectAction()
[2026-06-14 02:47:04] [DEBUG] ProjectController::projectSelectAction() start...
[2026-06-14 02:47:04] [DEBUG] ProjectController::projectSelectAction() ☆★☆　
[2026-06-14 02:47:04] [DEBUG] Screen::updateAreaB() path: \Develop\Views\AreaB\Area_B.view start...
[2026-06-14 02:47:04] [DEBUG] Screen::getContents() start...
[2026-06-14 02:47:04] [DEBUG] Screen::getContents() finish.
[2026-06-14 02:47:04] [DEBUG] Screen::updateAreaB() finish.
[2026-06-14 02:47:04] [ERROR] ConsoleController::ServerBridge Fatal: Failed opening required 'Config/db_.php' (include_path='C:\xampp8\php\PEAR')
[2026-06-14 02:47:04] [DEBUG] --- wwProject System Start ---
[2026-06-14 02:47:04] [DEBUG] Router::Router() /jemini/wwProjectV1.14/Develop/Console/ServerBridgeAction/
[2026-06-14 02:47:04] [DEBUG] Attempting to load: \Develop\Controllers\ConsoleController::ServerBridgeAction
[2026-06-14 02:47:04] [DEBUG] Router: Executing \Develop\Controllers\ConsoleController->ServerBridgeAction
[2026-06-14 02:47:04] [DEBUG] ConsoleController::ServerBridge() start...
[2026-06-14 02:47:04] [DEBUG] ConsoleController::ServerBridge() \Develop\Controllers\ProjectController::projectSelectAction()
[2026-06-14 02:47:04] [DEBUG] ProjectController::projectSelectAction() start...
[2026-06-14 02:47:04] [DEBUG] ProjectController::projectSelectAction() ☆★☆　SampleProject１
[2026-06-14 02:47:04] [DEBUG] Screen::updateAreaB() path: \Develop\Views\AreaB\Area_B.view start...
[2026-06-14 02:47:04] [DEBUG] Screen::getContents() start...
[2026-06-14 02:47:04] [DEBUG] Screen::getContents() finish.
[2026-06-14 02:47:04] [DEBUG] Screen::updateAreaB() finish.
[2026-06-14 02:47:04] [ERROR] ConsoleController::ServerBridge Fatal: Failed opening required 'Config/db_SampleProject１ ( PRJ-D45FEF ).php' (include_path='C:\xampp8\php\PEAR')
[2026-06-14 02:47:56] [DEBUG] --- wwProject System Start ---
[2026-06-14 02:47:56] [DEBUG] Router::Router() /jemini/wwProjectV1.14/develop/
[2026-06-14 02:47:56] [DEBUG] Attempting to load: \Develop\Controllers\LoginController::initialAction
[2026-06-14 02:47:56] [DEBUG] Router: Executing \Develop\Controllers\LoginController->initialAction
[2026-06-14 02:47:56] [DEBUG] Login::initialAction() start...
[2026-06-14 02:47:56] [DEBUG] Login::initialAction() errorMessage : 
[2026-06-14 02:47:56] [DEBUG] Screen::view() path: \Develop\Views\Login\Login.view start...
[2026-06-14 02:47:56] [DEBUG] Screen::getContents() start...
[2026-06-14 02:47:56] [DEBUG] Screen::getContents() finish.
[2026-06-14 02:47:56] [DEBUG] Screen::view() path: \Develop\Views\Login\Login.view finish.
[2026-06-14 02:47:56] [DEBUG] Login::initialAction() finish.
[2026-06-14 02:47:58] [DEBUG] --- wwProject System Start ---
[2026-06-14 02:47:58] [DEBUG] Router::Router() /jemini/wwProjectV1.14/Develop/Login/authentication/
[2026-06-14 02:47:58] [DEBUG] Attempting to load: \Develop\Controllers\LoginController::authenticationAction
[2026-06-14 02:47:58] [DEBUG] Router: Executing \Develop\Controllers\LoginController->authenticationAction
[2026-06-14 02:47:58] [DEBUG] Login::AuthenticationAction() start...
[2026-06-14 02:47:58] [DEBUG] Login OK - x
[2026-06-14 02:47:58] [DEBUG] Session::start()
[2026-06-14 02:47:58] [DEBUG] Redirect to Console::initialAction()
[2026-06-14 02:47:58] [DEBUG] --- wwProject System Start ---
[2026-06-14 02:47:58] [DEBUG] Router::Router() /jemini/wwProjectV1.14/Develop/Console/initial/
[2026-06-14 02:47:58] [DEBUG] Attempting to load: \Develop\Controllers\ConsoleController::initialAction
[2026-06-14 02:47:58] [DEBUG] Router: Executing \Develop\Controllers\ConsoleController->initialAction
[2026-06-14 02:47:58] [DEBUG] Console::initialAction() start...
[2026-06-14 02:47:58] [DEBUG] Screen::view() path: \Develop\Views\Console\Console.view start...
[2026-06-14 02:47:58] [DEBUG] Screen::getContents() start...
[2026-06-14 02:47:58] [DEBUG] Screen::getContents() finish.
[2026-06-14 02:47:58] [DEBUG] Screen::view() path: \Develop\Views\Console\Console.view finish.
[2026-06-14 02:47:58] [DEBUG] ConsoleController::initialAction() finish.
[2026-06-14 02:47:58] [DEBUG] --- wwProject System Start ---
[2026-06-14 02:47:58] [DEBUG] Router::Router() /jemini/wwProjectV1.14/Develop/Console/ServerBridgeAction/
[2026-06-14 02:47:58] [DEBUG] Attempting to load: \Develop\Controllers\ConsoleController::ServerBridgeAction
[2026-06-14 02:47:58] [DEBUG] Router: Executing \Develop\Controllers\ConsoleController->ServerBridgeAction
[2026-06-14 02:47:58] [DEBUG] ConsoleController::ServerBridge() start...
[2026-06-14 02:47:58] [DEBUG] ConsoleController::ServerBridge() \Develop\Controllers\ConsoleController::areaInitialAction()
[2026-06-14 02:47:58] [DEBUG] ConsoleController::AreaInitialAction() start...
[2026-06-14 02:47:58] [DEBUG] Screen::updateAreaA() path: \Develop\Views\AreaA\Area_A.view start...
[2026-06-14 02:47:58] [DEBUG] Screen::areaView() sending JSON: ["areas"]
[2026-06-14 02:47:58] [DEBUG] Screen::getContents() start...
[2026-06-14 02:47:58] [DEBUG] Screen::getContents() finish.
[2026-06-14 02:47:58] [DEBUG] Screen::updateAreaA() finish.
[2026-06-14 02:47:58] [DEBUG] Screen::updateAreaB() path: \Develop\Views\AreaB\Area_B.view start...
[2026-06-14 02:47:58] [DEBUG] Screen::getContents() start...
[2026-06-14 02:47:58] [DEBUG] Screen::getContents() finish.
[2026-06-14 02:47:58] [DEBUG] Screen::updateAreaB() finish.
[2026-06-14 02:47:58] [DEBUG] Screen::updateAreaD() path: \Develop\Views\AreaD\Area_D_clear.view start...
[2026-06-14 02:47:58] [DEBUG] Screen::getContents() start...
[2026-06-14 02:47:58] [DEBUG] Screen::getContents() finish.
[2026-06-14 02:47:58] [DEBUG] Screen::updateAreaD() finish.
[2026-06-14 02:47:58] [DEBUG] Screen::updateAreaE() [iframe起動版] path: \Develop\Views\AreaE\Area_E_clear.view start...
[2026-06-14 02:47:58] [DEBUG] Screen::getContents() start...
[2026-06-14 02:47:58] [DEBUG] Screen::getContents() finish.
[2026-06-14 02:47:58] [DEBUG] Screen::updateAreaE() finish.
[2026-06-14 02:47:58] [DEBUG] Screen::updateAreaF() path: \Develop\Views\AreaF\Area_F.view start...
[2026-06-14 02:47:58] [DEBUG] Screen::getContents() start...
[2026-06-14 02:47:58] [DEBUG] Screen::getContents() finish.
[2026-06-14 02:47:58] [DEBUG] Screen::updateAreaF() finish.
[2026-06-14 02:47:58] [DEBUG] ProjectController::startProjectNabi() start...
[2026-06-14 02:47:58] [DEBUG] ProjectController::getProjectListHtml() start...
[2026-06-14 02:47:58] [DEBUG] ProjectModel::getProjectList() start...
[2026-06-14 02:47:58] [INFO ] ☆☆☆ projectList : Array
(
    [0] => Array
        (
            [project_id] => PRJ-W613KU
            [project_name] => 新規プロジェクト登録２
        )

    [1] => Array
        (
            [project_id] => PRJ-E613KU
            [project_name] => 新規プロジェクト登録テスト
        )

    [2] => Array
        (
            [project_id] => PRJ-741CA7
            [project_name] => SampleProject２
        )

    [3] => Array
        (
            [project_id] => PRJ-D45FEF
            [project_name] => SampleProject１
        )

)

[2026-06-14 02:47:58] [INFO ] ☆☆☆ projectMap : Array
(
    [PRJ-W613KU] => 新規プロジェクト登録２
    [PRJ-E613KU] => 新規プロジェクト登録テスト
    [PRJ-741CA7] => SampleProject２
    [PRJ-D45FEF] => SampleProject１
)

[2026-06-14 02:47:58] [DEBUG] ProjectModel::getProjectList() finish.
[2026-06-14 02:47:58] [DEBUG] CodeMasterModel：：getCodesByGroup() start...
[2026-06-14 02:47:58] [DEBUG] CodeMasterModel：：getCodesByGroup() finish.
[2026-06-14 02:47:58] [DEBUG] ProjectController::getNaviFooterHtml() start...
[2026-06-14 02:47:58] [DEBUG] ProjectController::getNaviFooterHtml() finish.
[2026-06-14 02:47:58] [DEBUG] ProjectController::startProjectNabi() finish.
[2026-06-14 02:47:58] [DEBUG] Screen::updateAreaC() \Develop\Views\AreaC\Area_C.view start...
[2026-06-14 02:47:58] [DEBUG] Screen::getContents() start...
[2026-06-14 02:47:58] [DEBUG] Screen::getContents() finish.
[2026-06-14 02:47:58] [DEBUG] Screen::updateAreaC() finish.
[2026-06-14 02:47:58] [DEBUG] ConsoleController::AreaInitialAction() finish.
[2026-06-14 02:47:58] [DEBUG] Screen::areaView() start...
[2026-06-14 02:47:58] [DEBUG] Screen::areaView() finish.
[2026-06-14 02:47:59] [DEBUG] --- wwProject System Start ---
[2026-06-14 02:47:59] [DEBUG] Router::Router() /jemini/wwProjectV1.14/Develop/Console/ServerBridgeAction/
[2026-06-14 02:47:59] [DEBUG] Attempting to load: \Develop\Controllers\ConsoleController::ServerBridgeAction
[2026-06-14 02:47:59] [DEBUG] Router: Executing \Develop\Controllers\ConsoleController->ServerBridgeAction
[2026-06-14 02:47:59] [DEBUG] ConsoleController::ServerBridge() start...
[2026-06-14 02:47:59] [DEBUG] ConsoleController::ServerBridge() \Develop\Controllers\ProjectController::projectSelectAction()
[2026-06-14 02:47:59] [DEBUG] ProjectController::projectSelectAction() start...
[2026-06-14 02:47:59] [DEBUG] ProjectController::projectSelectAction() ☆★☆　SampleProject１
[2026-06-14 02:47:59] [DEBUG] Screen::updateAreaB() path: \Develop\Views\AreaB\Area_B.view start...
[2026-06-14 02:47:59] [DEBUG] Screen::getContents() start...
[2026-06-14 02:47:59] [DEBUG] Screen::getContents() finish.
[2026-06-14 02:47:59] [DEBUG] Screen::updateAreaB() finish.
[2026-06-14 02:47:59] [ERROR] ConsoleController::ServerBridge Fatal: Unsupported operand types: string + string
[2026-06-14 02:48:00] [DEBUG] --- wwProject System Start ---
[2026-06-14 02:48:00] [DEBUG] Router::Router() /jemini/wwProjectV1.14/Develop/Console/ServerBridgeAction/
[2026-06-14 02:48:00] [DEBUG] Attempting to load: \Develop\Controllers\ConsoleController::ServerBridgeAction
[2026-06-14 02:48:00] [DEBUG] Router: Executing \Develop\Controllers\ConsoleController->ServerBridgeAction
[2026-06-14 02:48:00] [DEBUG] ConsoleController::ServerBridge() start...
[2026-06-14 02:48:00] [DEBUG] ConsoleController::ServerBridge() \Develop\Controllers\ProjectController::projectSelectAction()
[2026-06-14 02:48:00] [DEBUG] ProjectController::projectSelectAction() start...
[2026-06-14 02:48:00] [DEBUG] ProjectController::projectSelectAction() ☆★☆　
[2026-06-14 02:48:00] [DEBUG] Screen::updateAreaB() path: \Develop\Views\AreaB\Area_B.view start...
[2026-06-14 02:48:00] [DEBUG] Screen::getContents() start...
[2026-06-14 02:48:00] [DEBUG] Screen::getContents() finish.
[2026-06-14 02:48:00] [DEBUG] Screen::updateAreaB() finish.
[2026-06-14 02:48:00] [ERROR] ConsoleController::ServerBridge Fatal: Unsupported operand types: string + string
[2026-06-14 02:48:01] [DEBUG] --- wwProject System Start ---
[2026-06-14 02:48:01] [DEBUG] Router::Router() /jemini/wwProjectV1.14/Develop/Console/ServerBridgeAction/
[2026-06-14 02:48:01] [DEBUG] Attempting to load: \Develop\Controllers\ConsoleController::ServerBridgeAction
[2026-06-14 02:48:01] [DEBUG] Router: Executing \Develop\Controllers\ConsoleController->ServerBridgeAction
[2026-06-14 02:48:01] [DEBUG] ConsoleController::ServerBridge() start...
[2026-06-14 02:48:01] [DEBUG] ConsoleController::ServerBridge() \Develop\Controllers\ProjectController::projectSelectAction()
[2026-06-14 02:48:01] [DEBUG] ProjectController::projectSelectAction() start...
[2026-06-14 02:48:01] [DEBUG] ProjectController::projectSelectAction() ☆★☆　SampleProject１
[2026-06-14 02:48:01] [DEBUG] Screen::updateAreaB() path: \Develop\Views\AreaB\Area_B.view start...
[2026-06-14 02:48:01] [DEBUG] Screen::getContents() start...
[2026-06-14 02:48:01] [DEBUG] Screen::getContents() finish.
[2026-06-14 02:48:01] [DEBUG] Screen::updateAreaB() finish.
[2026-06-14 02:48:01] [ERROR] ConsoleController::ServerBridge Fatal: Unsupported operand types: string + string
[2026-06-14 02:48:58] [DEBUG] --- wwProject System Start ---
[2026-06-14 02:48:58] [DEBUG] Router::Router() /jemini/wwProjectV1.14/develop/
[2026-06-14 02:48:58] [DEBUG] Attempting to load: \Develop\Controllers\LoginController::initialAction
[2026-06-14 02:48:58] [DEBUG] Router: Executing \Develop\Controllers\LoginController->initialAction
[2026-06-14 02:48:58] [DEBUG] Login::initialAction() start...
[2026-06-14 02:48:58] [DEBUG] Login::initialAction() errorMessage : 
[2026-06-14 02:48:58] [DEBUG] Screen::view() path: \Develop\Views\Login\Login.view start...
[2026-06-14 02:48:58] [DEBUG] Screen::getContents() start...
[2026-06-14 02:48:58] [DEBUG] Screen::getContents() finish.
[2026-06-14 02:48:58] [DEBUG] Screen::view() path: \Develop\Views\Login\Login.view finish.
[2026-06-14 02:48:58] [DEBUG] Login::initialAction() finish.
[2026-06-14 02:49:00] [DEBUG] --- wwProject System Start ---
[2026-06-14 02:49:00] [DEBUG] Router::Router() /jemini/wwProjectV1.14/Develop/Login/authentication/
[2026-06-14 02:49:00] [DEBUG] Attempting to load: \Develop\Controllers\LoginController::authenticationAction
[2026-06-14 02:49:00] [DEBUG] Router: Executing \Develop\Controllers\LoginController->authenticationAction
[2026-06-14 02:49:00] [DEBUG] Login::AuthenticationAction() start...
[2026-06-14 02:49:00] [DEBUG] Login OK - x
[2026-06-14 02:49:00] [DEBUG] Session::start()
[2026-06-14 02:49:00] [DEBUG] Redirect to Console::initialAction()
[2026-06-14 02:49:00] [DEBUG] --- wwProject System Start ---
[2026-06-14 02:49:00] [DEBUG] Router::Router() /jemini/wwProjectV1.14/Develop/Console/initial/
[2026-06-14 02:49:00] [DEBUG] Attempting to load: \Develop\Controllers\ConsoleController::initialAction
[2026-06-14 02:49:00] [DEBUG] Router: Executing \Develop\Controllers\ConsoleController->initialAction
[2026-06-14 02:49:00] [DEBUG] Console::initialAction() start...
[2026-06-14 02:49:00] [DEBUG] Screen::view() path: \Develop\Views\Console\Console.view start...
[2026-06-14 02:49:00] [DEBUG] Screen::getContents() start...
[2026-06-14 02:49:00] [DEBUG] Screen::getContents() finish.
[2026-06-14 02:49:00] [DEBUG] Screen::view() path: \Develop\Views\Console\Console.view finish.
[2026-06-14 02:49:00] [DEBUG] ConsoleController::initialAction() finish.
[2026-06-14 02:49:00] [DEBUG] --- wwProject System Start ---
[2026-06-14 02:49:00] [DEBUG] Router::Router() /jemini/wwProjectV1.14/Develop/Console/ServerBridgeAction/
[2026-06-14 02:49:00] [DEBUG] Attempting to load: \Develop\Controllers\ConsoleController::ServerBridgeAction
[2026-06-14 02:49:00] [DEBUG] Router: Executing \Develop\Controllers\ConsoleController->ServerBridgeAction
[2026-06-14 02:49:00] [DEBUG] ConsoleController::ServerBridge() start...
[2026-06-14 02:49:00] [DEBUG] ConsoleController::ServerBridge() \Develop\Controllers\ConsoleController::areaInitialAction()
[2026-06-14 02:49:00] [DEBUG] ConsoleController::AreaInitialAction() start...
[2026-06-14 02:49:00] [DEBUG] Screen::updateAreaA() path: \Develop\Views\AreaA\Area_A.view start...
[2026-06-14 02:49:00] [DEBUG] Screen::areaView() sending JSON: ["areas"]
[2026-06-14 02:49:00] [DEBUG] Screen::getContents() start...
[2026-06-14 02:49:00] [DEBUG] Screen::getContents() finish.
[2026-06-14 02:49:00] [DEBUG] Screen::updateAreaA() finish.
[2026-06-14 02:49:00] [DEBUG] Screen::updateAreaB() path: \Develop\Views\AreaB\Area_B.view start...
[2026-06-14 02:49:00] [DEBUG] Screen::getContents() start...
[2026-06-14 02:49:00] [DEBUG] Screen::getContents() finish.
[2026-06-14 02:49:00] [DEBUG] Screen::updateAreaB() finish.
[2026-06-14 02:49:00] [DEBUG] Screen::updateAreaD() path: \Develop\Views\AreaD\Area_D_clear.view start...
[2026-06-14 02:49:00] [DEBUG] Screen::getContents() start...
[2026-06-14 02:49:00] [DEBUG] Screen::getContents() finish.
[2026-06-14 02:49:00] [DEBUG] Screen::updateAreaD() finish.
[2026-06-14 02:49:00] [DEBUG] Screen::updateAreaE() [iframe起動版] path: \Develop\Views\AreaE\Area_E_clear.view start...
[2026-06-14 02:49:00] [DEBUG] Screen::getContents() start...
[2026-06-14 02:49:00] [DEBUG] Screen::getContents() finish.
[2026-06-14 02:49:00] [DEBUG] Screen::updateAreaE() finish.
[2026-06-14 02:49:00] [DEBUG] Screen::updateAreaF() path: \Develop\Views\AreaF\Area_F.view start...
[2026-06-14 02:49:00] [DEBUG] Screen::getContents() start...
[2026-06-14 02:49:00] [DEBUG] Screen::getContents() finish.
[2026-06-14 02:49:00] [DEBUG] Screen::updateAreaF() finish.
[2026-06-14 02:49:00] [DEBUG] ProjectController::startProjectNabi() start...
[2026-06-14 02:49:00] [DEBUG] ProjectController::getProjectListHtml() start...
[2026-06-14 02:49:00] [DEBUG] ProjectModel::getProjectList() start...
[2026-06-14 02:49:00] [INFO ] ☆☆☆ projectList : Array
(
    [0] => Array
        (
            [project_id] => PRJ-W613KU
            [project_name] => 新規プロジェクト登録２
        )

    [1] => Array
        (
            [project_id] => PRJ-E613KU
            [project_name] => 新規プロジェクト登録テスト
        )

    [2] => Array
        (
            [project_id] => PRJ-741CA7
            [project_name] => SampleProject２
        )

    [3] => Array
        (
            [project_id] => PRJ-D45FEF
            [project_name] => SampleProject１
        )

)

[2026-06-14 02:49:00] [INFO ] ☆☆☆ projectMap : Array
(
    [PRJ-W613KU] => 新規プロジェクト登録２
    [PRJ-E613KU] => 新規プロジェクト登録テスト
    [PRJ-741CA7] => SampleProject２
    [PRJ-D45FEF] => SampleProject１
)

[2026-06-14 02:49:00] [DEBUG] ProjectModel::getProjectList() finish.
[2026-06-14 02:49:00] [DEBUG] CodeMasterModel：：getCodesByGroup() start...
[2026-06-14 02:49:00] [DEBUG] CodeMasterModel：：getCodesByGroup() finish.
[2026-06-14 02:49:00] [DEBUG] ProjectController::getNaviFooterHtml() start...
[2026-06-14 02:49:00] [DEBUG] ProjectController::getNaviFooterHtml() finish.
[2026-06-14 02:49:00] [DEBUG] ProjectController::startProjectNabi() finish.
[2026-06-14 02:49:00] [DEBUG] Screen::updateAreaC() \Develop\Views\AreaC\Area_C.view start...
[2026-06-14 02:49:00] [DEBUG] Screen::getContents() start...
[2026-06-14 02:49:00] [DEBUG] Screen::getContents() finish.
[2026-06-14 02:49:00] [DEBUG] Screen::updateAreaC() finish.
[2026-06-14 02:49:00] [DEBUG] ConsoleController::AreaInitialAction() finish.
[2026-06-14 02:49:00] [DEBUG] Screen::areaView() start...
[2026-06-14 02:49:00] [DEBUG] Screen::areaView() finish.
[2026-06-14 02:49:02] [DEBUG] --- wwProject System Start ---
[2026-06-14 02:49:02] [DEBUG] Router::Router() /jemini/wwProjectV1.14/Develop/Console/ServerBridgeAction/
[2026-06-14 02:49:02] [DEBUG] Attempting to load: \Develop\Controllers\ConsoleController::ServerBridgeAction
[2026-06-14 02:49:02] [DEBUG] Router: Executing \Develop\Controllers\ConsoleController->ServerBridgeAction
[2026-06-14 02:49:02] [DEBUG] ConsoleController::ServerBridge() start...
[2026-06-14 02:49:02] [DEBUG] ConsoleController::ServerBridge() \Develop\Controllers\ProjectController::projectSelectAction()
[2026-06-14 02:49:02] [DEBUG] ProjectController::projectSelectAction() start...
[2026-06-14 02:49:02] [DEBUG] ProjectController::projectSelectAction() ☆★☆　SampleProject１
[2026-06-14 02:49:02] [DEBUG] Screen::updateAreaB() path: \Develop\Views\AreaB\Area_B.view start...
[2026-06-14 02:49:02] [DEBUG] Screen::getContents() start...
[2026-06-14 02:49:02] [DEBUG] Screen::getContents() finish.
[2026-06-14 02:49:02] [DEBUG] Screen::updateAreaB() finish.
[2026-06-14 02:49:02] [ERROR] ConsoleController::ServerBridge Fatal: Failed opening required 'Config/db_SampleProject１.php' (include_path='C:\xampp8\php\PEAR')
[2026-06-14 02:49:03] [DEBUG] --- wwProject System Start ---
[2026-06-14 02:49:03] [DEBUG] Router::Router() /jemini/wwProjectV1.14/Develop/Console/ServerBridgeAction/
[2026-06-14 02:49:03] [DEBUG] Attempting to load: \Develop\Controllers\ConsoleController::ServerBridgeAction
[2026-06-14 02:49:03] [DEBUG] Router: Executing \Develop\Controllers\ConsoleController->ServerBridgeAction
[2026-06-14 02:49:03] [DEBUG] ConsoleController::ServerBridge() start...
[2026-06-14 02:49:03] [DEBUG] ConsoleController::ServerBridge() \Develop\Controllers\ProjectController::projectSelectAction()
[2026-06-14 02:49:03] [DEBUG] ProjectController::projectSelectAction() start...
[2026-06-14 02:49:03] [DEBUG] ProjectController::projectSelectAction() ☆★☆　
[2026-06-14 02:49:03] [DEBUG] Screen::updateAreaB() path: \Develop\Views\AreaB\Area_B.view start...
[2026-06-14 02:49:03] [DEBUG] Screen::getContents() start...
[2026-06-14 02:49:03] [DEBUG] Screen::getContents() finish.
[2026-06-14 02:49:03] [DEBUG] Screen::updateAreaB() finish.
[2026-06-14 02:49:03] [ERROR] ConsoleController::ServerBridge Fatal: Failed opening required 'Config/db_.php' (include_path='C:\xampp8\php\PEAR')
[2026-06-14 02:49:03] [DEBUG] --- wwProject System Start ---
[2026-06-14 02:49:03] [DEBUG] Router::Router() /jemini/wwProjectV1.14/Develop/Console/ServerBridgeAction/
[2026-06-14 02:49:03] [DEBUG] Attempting to load: \Develop\Controllers\ConsoleController::ServerBridgeAction
[2026-06-14 02:49:03] [DEBUG] Router: Executing \Develop\Controllers\ConsoleController->ServerBridgeAction
[2026-06-14 02:49:03] [DEBUG] ConsoleController::ServerBridge() start...
[2026-06-14 02:49:03] [DEBUG] ConsoleController::ServerBridge() \Develop\Controllers\ProjectController::projectSelectAction()
[2026-06-14 02:49:03] [DEBUG] ProjectController::projectSelectAction() start...
[2026-06-14 02:49:03] [DEBUG] ProjectController::projectSelectAction() ☆★☆　SampleProject１
[2026-06-14 02:49:03] [DEBUG] Screen::updateAreaB() path: \Develop\Views\AreaB\Area_B.view start...
[2026-06-14 02:49:03] [DEBUG] Screen::getContents() start...
[2026-06-14 02:49:03] [DEBUG] Screen::getContents() finish.
[2026-06-14 02:49:03] [DEBUG] Screen::updateAreaB() finish.
[2026-06-14 02:49:03] [ERROR] ConsoleController::ServerBridge Fatal: Failed opening required 'Config/db_SampleProject１.php' (include_path='C:\xampp8\php\PEAR')
[2026-06-14 02:50:25] [DEBUG] --- wwProject System Start ---
[2026-06-14 02:50:25] [DEBUG] Router::Router() /jemini/wwProjectV1.14/develop/
[2026-06-14 02:50:25] [DEBUG] Attempting to load: \Develop\Controllers\LoginController::initialAction
[2026-06-14 02:50:25] [DEBUG] Router: Executing \Develop\Controllers\LoginController->initialAction
[2026-06-14 02:50:25] [DEBUG] Login::initialAction() start...
[2026-06-14 02:50:25] [DEBUG] Login::initialAction() errorMessage : 
[2026-06-14 02:50:25] [DEBUG] Screen::view() path: \Develop\Views\Login\Login.view start...
[2026-06-14 02:50:25] [DEBUG] Screen::getContents() start...
[2026-06-14 02:50:25] [DEBUG] Screen::getContents() finish.
[2026-06-14 02:50:25] [DEBUG] Screen::view() path: \Develop\Views\Login\Login.view finish.
[2026-06-14 02:50:25] [DEBUG] Login::initialAction() finish.
[2026-06-14 02:50:28] [DEBUG] --- wwProject System Start ---
[2026-06-14 02:50:28] [DEBUG] Router::Router() /jemini/wwProjectV1.14/Develop/Login/authentication/
[2026-06-14 02:50:28] [DEBUG] Attempting to load: \Develop\Controllers\LoginController::authenticationAction
[2026-06-14 02:50:28] [DEBUG] Router: Executing \Develop\Controllers\LoginController->authenticationAction
[2026-06-14 02:50:28] [DEBUG] Login::AuthenticationAction() start...
[2026-06-14 02:50:28] [DEBUG] Login OK - x
[2026-06-14 02:50:28] [DEBUG] Session::start()
[2026-06-14 02:50:28] [DEBUG] Redirect to Console::initialAction()
[2026-06-14 02:50:28] [DEBUG] --- wwProject System Start ---
[2026-06-14 02:50:28] [DEBUG] Router::Router() /jemini/wwProjectV1.14/Develop/Console/initial/
[2026-06-14 02:50:28] [DEBUG] Attempting to load: \Develop\Controllers\ConsoleController::initialAction
[2026-06-14 02:50:28] [DEBUG] Router: Executing \Develop\Controllers\ConsoleController->initialAction
[2026-06-14 02:50:28] [DEBUG] Console::initialAction() start...
[2026-06-14 02:50:28] [DEBUG] Screen::view() path: \Develop\Views\Console\Console.view start...
[2026-06-14 02:50:28] [DEBUG] Screen::getContents() start...
[2026-06-14 02:50:28] [DEBUG] Screen::getContents() finish.
[2026-06-14 02:50:28] [DEBUG] Screen::view() path: \Develop\Views\Console\Console.view finish.
[2026-06-14 02:50:28] [DEBUG] ConsoleController::initialAction() finish.
[2026-06-14 02:50:28] [DEBUG] --- wwProject System Start ---
[2026-06-14 02:50:28] [DEBUG] Router::Router() /jemini/wwProjectV1.14/Develop/Console/ServerBridgeAction/
[2026-06-14 02:50:28] [DEBUG] Attempting to load: \Develop\Controllers\ConsoleController::ServerBridgeAction
[2026-06-14 02:50:28] [DEBUG] Router: Executing \Develop\Controllers\ConsoleController->ServerBridgeAction
[2026-06-14 02:50:28] [DEBUG] ConsoleController::ServerBridge() start...
[2026-06-14 02:50:28] [DEBUG] ConsoleController::ServerBridge() \Develop\Controllers\ConsoleController::areaInitialAction()
[2026-06-14 02:50:28] [DEBUG] ConsoleController::AreaInitialAction() start...
[2026-06-14 02:50:28] [DEBUG] Screen::updateAreaA() path: \Develop\Views\AreaA\Area_A.view start...
[2026-06-14 02:50:28] [DEBUG] Screen::areaView() sending JSON: ["areas"]
[2026-06-14 02:50:28] [DEBUG] Screen::getContents() start...
[2026-06-14 02:50:28] [DEBUG] Screen::getContents() finish.
[2026-06-14 02:50:28] [DEBUG] Screen::updateAreaA() finish.
[2026-06-14 02:50:28] [DEBUG] Screen::updateAreaB() path: \Develop\Views\AreaB\Area_B.view start...
[2026-06-14 02:50:28] [DEBUG] Screen::getContents() start...
[2026-06-14 02:50:28] [DEBUG] Screen::getContents() finish.
[2026-06-14 02:50:28] [DEBUG] Screen::updateAreaB() finish.
[2026-06-14 02:50:28] [DEBUG] Screen::updateAreaD() path: \Develop\Views\AreaD\Area_D_clear.view start...
[2026-06-14 02:50:28] [DEBUG] Screen::getContents() start...
[2026-06-14 02:50:28] [DEBUG] Screen::getContents() finish.
[2026-06-14 02:50:28] [DEBUG] Screen::updateAreaD() finish.
[2026-06-14 02:50:28] [DEBUG] Screen::updateAreaE() [iframe起動版] path: \Develop\Views\AreaE\Area_E_clear.view start...
[2026-06-14 02:50:28] [DEBUG] Screen::getContents() start...
[2026-06-14 02:50:28] [DEBUG] Screen::getContents() finish.
[2026-06-14 02:50:28] [DEBUG] Screen::updateAreaE() finish.
[2026-06-14 02:50:28] [DEBUG] Screen::updateAreaF() path: \Develop\Views\AreaF\Area_F.view start...
[2026-06-14 02:50:28] [DEBUG] Screen::getContents() start...
[2026-06-14 02:50:28] [DEBUG] Screen::getContents() finish.
[2026-06-14 02:50:28] [DEBUG] Screen::updateAreaF() finish.
[2026-06-14 02:50:28] [DEBUG] ProjectController::startProjectNabi() start...
[2026-06-14 02:50:28] [DEBUG] ProjectController::getProjectListHtml() start...
[2026-06-14 02:50:28] [DEBUG] ProjectModel::getProjectList() start...
[2026-06-14 02:50:28] [INFO ] ☆☆☆ projectList : Array
(
    [0] => Array
        (
            [project_id] => PRJ-W613KU
            [project_name] => 新規プロジェクト登録２
        )

    [1] => Array
        (
            [project_id] => PRJ-E613KU
            [project_name] => 新規プロジェクト登録テスト
        )

    [2] => Array
        (
            [project_id] => PRJ-741CA7
            [project_name] => SampleProject２
        )

    [3] => Array
        (
            [project_id] => PRJ-D45FEF
            [project_name] => SampleProject１
        )

)

[2026-06-14 02:50:28] [INFO ] ☆☆☆ projectMap : Array
(
    [PRJ-W613KU] => 新規プロジェクト登録２
    [PRJ-E613KU] => 新規プロジェクト登録テスト
    [PRJ-741CA7] => SampleProject２
    [PRJ-D45FEF] => SampleProject１
)

[2026-06-14 02:50:28] [DEBUG] ProjectModel::getProjectList() finish.
[2026-06-14 02:50:28] [DEBUG] CodeMasterModel：：getCodesByGroup() start...
[2026-06-14 02:50:28] [DEBUG] CodeMasterModel：：getCodesByGroup() finish.
[2026-06-14 02:50:28] [DEBUG] ProjectController::getNaviFooterHtml() start...
[2026-06-14 02:50:28] [DEBUG] ProjectController::getNaviFooterHtml() finish.
[2026-06-14 02:50:28] [DEBUG] ProjectController::startProjectNabi() finish.
[2026-06-14 02:50:28] [DEBUG] Screen::updateAreaC() \Develop\Views\AreaC\Area_C.view start...
[2026-06-14 02:50:28] [DEBUG] Screen::getContents() start...
[2026-06-14 02:50:28] [DEBUG] Screen::getContents() finish.
[2026-06-14 02:50:28] [DEBUG] Screen::updateAreaC() finish.
[2026-06-14 02:50:28] [DEBUG] ConsoleController::AreaInitialAction() finish.
[2026-06-14 02:50:28] [DEBUG] Screen::areaView() start...
[2026-06-14 02:50:28] [DEBUG] Screen::areaView() finish.
[2026-06-14 02:50:43] [DEBUG] --- wwProject System Start ---
[2026-06-14 02:50:43] [DEBUG] Router::Router() /jemini/wwProjectV1.14/Develop/Console/ServerBridgeAction/
[2026-06-14 02:50:43] [DEBUG] Attempting to load: \Develop\Controllers\ConsoleController::ServerBridgeAction
[2026-06-14 02:50:43] [DEBUG] Router: Executing \Develop\Controllers\ConsoleController->ServerBridgeAction
[2026-06-14 02:50:43] [DEBUG] ConsoleController::ServerBridge() start...
[2026-06-14 02:50:43] [DEBUG] ConsoleController::ServerBridge() \Develop\Controllers\ProjectController::projectSelectAction()
[2026-06-14 02:50:43] [DEBUG] ProjectController::projectSelectAction() start...
[2026-06-14 02:50:43] [DEBUG] ProjectController::projectSelectAction() ☆★☆　SampleProject１
[2026-06-14 02:50:43] [DEBUG] Screen::updateAreaB() path: \Develop\Views\AreaB\Area_B.view start...
[2026-06-14 02:50:43] [DEBUG] Screen::getContents() start...
[2026-06-14 02:50:43] [DEBUG] Screen::getContents() finish.
[2026-06-14 02:50:43] [DEBUG] Screen::updateAreaB() finish.
[2026-06-14 02:50:43] [ERROR] ConsoleController::ServerBridge Fatal: Failed opening required 'Config/db_SampleProject１.php' (include_path='C:\xampp8\php\PEAR')
[2026-06-14 02:50:45] [DEBUG] --- wwProject System Start ---
[2026-06-14 02:50:45] [DEBUG] Router::Router() /jemini/wwProjectV1.14/Develop/Console/ServerBridgeAction/
[2026-06-14 02:50:45] [DEBUG] Attempting to load: \Develop\Controllers\ConsoleController::ServerBridgeAction
[2026-06-14 02:50:45] [DEBUG] Router: Executing \Develop\Controllers\ConsoleController->ServerBridgeAction
[2026-06-14 02:50:45] [DEBUG] ConsoleController::ServerBridge() start...
[2026-06-14 02:50:45] [DEBUG] ConsoleController::ServerBridge() \Develop\Controllers\ProjectController::projectSelectAction()
[2026-06-14 02:50:45] [DEBUG] ProjectController::projectSelectAction() start...
[2026-06-14 02:50:45] [DEBUG] ProjectController::projectSelectAction() ☆★☆　
[2026-06-14 02:50:45] [DEBUG] Screen::updateAreaB() path: \Develop\Views\AreaB\Area_B.view start...
[2026-06-14 02:50:45] [DEBUG] Screen::getContents() start...
[2026-06-14 02:50:45] [DEBUG] Screen::getContents() finish.
[2026-06-14 02:50:45] [DEBUG] Screen::updateAreaB() finish.
[2026-06-14 02:50:45] [ERROR] ConsoleController::ServerBridge Fatal: Failed opening required 'Config/db_.php' (include_path='C:\xampp8\php\PEAR')
[2026-06-14 02:50:45] [DEBUG] --- wwProject System Start ---
[2026-06-14 02:50:45] [DEBUG] Router::Router() /jemini/wwProjectV1.14/Develop/Console/ServerBridgeAction/
[2026-06-14 02:50:45] [DEBUG] Attempting to load: \Develop\Controllers\ConsoleController::ServerBridgeAction
[2026-06-14 02:50:45] [DEBUG] Router: Executing \Develop\Controllers\ConsoleController->ServerBridgeAction
[2026-06-14 02:50:45] [DEBUG] ConsoleController::ServerBridge() start...
[2026-06-14 02:50:45] [DEBUG] ConsoleController::ServerBridge() \Develop\Controllers\ProjectController::projectSelectAction()
[2026-06-14 02:50:45] [DEBUG] ProjectController::projectSelectAction() start...
[2026-06-14 02:50:45] [DEBUG] ProjectController::projectSelectAction() ☆★☆　SampleProject１
[2026-06-14 02:50:45] [DEBUG] Screen::updateAreaB() path: \Develop\Views\AreaB\Area_B.view start...
[2026-06-14 02:50:45] [DEBUG] Screen::getContents() start...
[2026-06-14 02:50:45] [DEBUG] Screen::getContents() finish.
[2026-06-14 02:50:45] [DEBUG] Screen::updateAreaB() finish.
[2026-06-14 02:50:45] [ERROR] ConsoleController::ServerBridge Fatal: Failed opening required 'Config/db_SampleProject１.php' (include_path='C:\xampp8\php\PEAR')
[2026-06-14 02:51:15] [DEBUG] --- wwProject System Start ---
[2026-06-14 02:51:15] [DEBUG] Router::Router() /jemini/wwProjectV1.14/Develop/Console/ServerBridgeAction/
[2026-06-14 02:51:15] [DEBUG] Attempting to load: \Develop\Controllers\ConsoleController::ServerBridgeAction
[2026-06-14 02:51:15] [DEBUG] Router: Executing \Develop\Controllers\ConsoleController->ServerBridgeAction
[2026-06-14 02:51:15] [DEBUG] ConsoleController::ServerBridge() start...
[2026-06-14 02:51:15] [DEBUG] ConsoleController::ServerBridge() \Develop\Controllers\ProjectController::projectSelectAction()
[2026-06-14 02:51:15] [DEBUG] ProjectController::projectSelectAction() start...
[2026-06-14 02:51:15] [DEBUG] ProjectController::projectSelectAction() ☆★☆　
[2026-06-14 02:51:15] [DEBUG] Screen::updateAreaB() path: \Develop\Views\AreaB\Area_B.view start...
[2026-06-14 02:51:15] [DEBUG] Screen::getContents() start...
[2026-06-14 02:51:15] [DEBUG] Screen::getContents() finish.
[2026-06-14 02:51:15] [DEBUG] Screen::updateAreaB() finish.
[2026-06-14 02:51:15] [ERROR] ConsoleController::ServerBridge Fatal: Failed opening required 'Config/db_.php' (include_path='C:\xampp8\php\PEAR')
[2026-06-14 02:51:17] [DEBUG] --- wwProject System Start ---
[2026-06-14 02:51:17] [DEBUG] Router::Router() /jemini/wwProjectV1.14/Develop/Console/ServerBridgeAction/
[2026-06-14 02:51:17] [DEBUG] Attempting to load: \Develop\Controllers\ConsoleController::ServerBridgeAction
[2026-06-14 02:51:17] [DEBUG] Router: Executing \Develop\Controllers\ConsoleController->ServerBridgeAction
[2026-06-14 02:51:17] [DEBUG] ConsoleController::ServerBridge() start...
[2026-06-14 02:51:17] [DEBUG] ConsoleController::ServerBridge() \Develop\Controllers\ProjectController::projectSelectAction()
[2026-06-14 02:51:17] [DEBUG] ProjectController::projectSelectAction() start...
[2026-06-14 02:51:17] [DEBUG] ProjectController::projectSelectAction() ☆★☆　新規プロジェクト登録２
[2026-06-14 02:51:17] [DEBUG] Screen::updateAreaB() path: \Develop\Views\AreaB\Area_B.view start...
[2026-06-14 02:51:17] [DEBUG] Screen::getContents() start...
[2026-06-14 02:51:17] [DEBUG] Screen::getContents() finish.
[2026-06-14 02:51:17] [DEBUG] Screen::updateAreaB() finish.
[2026-06-14 02:51:17] [ERROR] ConsoleController::ServerBridge Fatal: Failed opening required 'Config/db_新規プロジェクト登録２.php' (include_path='C:\xampp8\php\PEAR')
[2026-06-14 02:51:18] [DEBUG] --- wwProject System Start ---
[2026-06-14 02:51:18] [DEBUG] Router::Router() /jemini/wwProjectV1.14/Develop/Console/ServerBridgeAction/
[2026-06-14 02:51:18] [DEBUG] Attempting to load: \Develop\Controllers\ConsoleController::ServerBridgeAction
[2026-06-14 02:51:18] [DEBUG] Router: Executing \Develop\Controllers\ConsoleController->ServerBridgeAction
[2026-06-14 02:51:18] [DEBUG] ConsoleController::ServerBridge() start...
[2026-06-14 02:51:18] [DEBUG] ConsoleController::ServerBridge() \Develop\Controllers\ProjectController::projectSelectAction()
[2026-06-14 02:51:18] [DEBUG] ProjectController::projectSelectAction() start...
[2026-06-14 02:51:18] [DEBUG] ProjectController::projectSelectAction() ☆★☆　SampleProject１
[2026-06-14 02:51:18] [DEBUG] Screen::updateAreaB() path: \Develop\Views\AreaB\Area_B.view start...
[2026-06-14 02:51:18] [DEBUG] Screen::getContents() start...
[2026-06-14 02:51:18] [DEBUG] Screen::getContents() finish.
[2026-06-14 02:51:18] [DEBUG] Screen::updateAreaB() finish.
[2026-06-14 02:51:18] [ERROR] ConsoleController::ServerBridge Fatal: Failed opening required 'Config/db_SampleProject１.php' (include_path='C:\xampp8\php\PEAR')
[2026-06-14 02:51:19] [DEBUG] --- wwProject System Start ---
[2026-06-14 02:51:19] [DEBUG] Router::Router() /jemini/wwProjectV1.14/Develop/Console/ServerBridgeAction/
[2026-06-14 02:51:19] [DEBUG] Attempting to load: \Develop\Controllers\ConsoleController::ServerBridgeAction
[2026-06-14 02:51:19] [DEBUG] Router: Executing \Develop\Controllers\ConsoleController->ServerBridgeAction
[2026-06-14 02:51:19] [DEBUG] ConsoleController::ServerBridge() start...
[2026-06-14 02:51:19] [DEBUG] ConsoleController::ServerBridge() \Develop\Controllers\ProjectController::projectSelectAction()
[2026-06-14 02:51:19] [DEBUG] ProjectController::projectSelectAction() start...
[2026-06-14 02:51:19] [DEBUG] ProjectController::projectSelectAction() ☆★☆　
[2026-06-14 02:51:19] [DEBUG] Screen::updateAreaB() path: \Develop\Views\AreaB\Area_B.view start...
[2026-06-14 02:51:19] [DEBUG] Screen::getContents() start...
[2026-06-14 02:51:19] [DEBUG] Screen::getContents() finish.
[2026-06-14 02:51:19] [DEBUG] Screen::updateAreaB() finish.
[2026-06-14 02:51:19] [ERROR] ConsoleController::ServerBridge Fatal: Failed opening required 'Config/db_.php' (include_path='C:\xampp8\php\PEAR')
[2026-06-14 02:53:22] [DEBUG] --- wwProject System Start ---
[2026-06-14 02:53:22] [DEBUG] Router::Router() /jemini/wwProjectV1.14/develop/
[2026-06-14 02:53:22] [DEBUG] Attempting to load: \Develop\Controllers\LoginController::initialAction
[2026-06-14 02:53:22] [DEBUG] Router: Executing \Develop\Controllers\LoginController->initialAction
[2026-06-14 02:53:22] [DEBUG] Login::initialAction() start...
[2026-06-14 02:53:22] [DEBUG] Login::initialAction() errorMessage : 
[2026-06-14 02:53:22] [DEBUG] Screen::view() path: \Develop\Views\Login\Login.view start...
[2026-06-14 02:53:22] [DEBUG] Screen::getContents() start...
[2026-06-14 02:53:22] [DEBUG] Screen::getContents() finish.
[2026-06-14 02:53:22] [DEBUG] Screen::view() path: \Develop\Views\Login\Login.view finish.
[2026-06-14 02:53:22] [DEBUG] Login::initialAction() finish.
[2026-06-14 02:53:25] [DEBUG] --- wwProject System Start ---
[2026-06-14 02:53:25] [DEBUG] Router::Router() /jemini/wwProjectV1.14/Develop/Login/authentication/
[2026-06-14 02:53:25] [DEBUG] Attempting to load: \Develop\Controllers\LoginController::authenticationAction
[2026-06-14 02:53:25] [DEBUG] Router: Executing \Develop\Controllers\LoginController->authenticationAction
[2026-06-14 02:53:25] [DEBUG] Login::AuthenticationAction() start...
[2026-06-14 02:53:25] [DEBUG] Login OK - x
[2026-06-14 02:53:25] [DEBUG] Session::start()
[2026-06-14 02:53:25] [DEBUG] Redirect to Console::initialAction()
[2026-06-14 02:53:25] [DEBUG] --- wwProject System Start ---
[2026-06-14 02:53:25] [DEBUG] Router::Router() /jemini/wwProjectV1.14/Develop/Console/initial/
[2026-06-14 02:53:25] [DEBUG] Attempting to load: \Develop\Controllers\ConsoleController::initialAction
[2026-06-14 02:53:25] [DEBUG] Router: Executing \Develop\Controllers\ConsoleController->initialAction
[2026-06-14 02:53:25] [DEBUG] Console::initialAction() start...
[2026-06-14 02:53:25] [DEBUG] Screen::view() path: \Develop\Views\Console\Console.view start...
[2026-06-14 02:53:25] [DEBUG] Screen::getContents() start...
[2026-06-14 02:53:25] [DEBUG] Screen::getContents() finish.
[2026-06-14 02:53:25] [DEBUG] Screen::view() path: \Develop\Views\Console\Console.view finish.
[2026-06-14 02:53:25] [DEBUG] ConsoleController::initialAction() finish.
[2026-06-14 02:53:25] [DEBUG] --- wwProject System Start ---
[2026-06-14 02:53:25] [DEBUG] Router::Router() /jemini/wwProjectV1.14/Develop/Console/ServerBridgeAction/
[2026-06-14 02:53:25] [DEBUG] Attempting to load: \Develop\Controllers\ConsoleController::ServerBridgeAction
[2026-06-14 02:53:25] [DEBUG] Router: Executing \Develop\Controllers\ConsoleController->ServerBridgeAction
[2026-06-14 02:53:25] [DEBUG] ConsoleController::ServerBridge() start...
[2026-06-14 02:53:25] [DEBUG] ConsoleController::ServerBridge() \Develop\Controllers\ConsoleController::areaInitialAction()
[2026-06-14 02:53:25] [DEBUG] ConsoleController::AreaInitialAction() start...
[2026-06-14 02:53:25] [DEBUG] Screen::updateAreaA() path: \Develop\Views\AreaA\Area_A.view start...
[2026-06-14 02:53:25] [DEBUG] Screen::areaView() sending JSON: ["areas"]
[2026-06-14 02:53:25] [DEBUG] Screen::getContents() start...
[2026-06-14 02:53:25] [DEBUG] Screen::getContents() finish.
[2026-06-14 02:53:25] [DEBUG] Screen::updateAreaA() finish.
[2026-06-14 02:53:25] [DEBUG] Screen::updateAreaB() path: \Develop\Views\AreaB\Area_B.view start...
[2026-06-14 02:53:25] [DEBUG] Screen::getContents() start...
[2026-06-14 02:53:25] [DEBUG] Screen::getContents() finish.
[2026-06-14 02:53:25] [DEBUG] Screen::updateAreaB() finish.
[2026-06-14 02:53:25] [DEBUG] Screen::updateAreaD() path: \Develop\Views\AreaD\Area_D_clear.view start...
[2026-06-14 02:53:25] [DEBUG] Screen::getContents() start...
[2026-06-14 02:53:25] [DEBUG] Screen::getContents() finish.
[2026-06-14 02:53:25] [DEBUG] Screen::updateAreaD() finish.
[2026-06-14 02:53:25] [DEBUG] Screen::updateAreaE() [iframe起動版] path: \Develop\Views\AreaE\Area_E_clear.view start...
[2026-06-14 02:53:25] [DEBUG] Screen::getContents() start...
[2026-06-14 02:53:25] [DEBUG] Screen::getContents() finish.
[2026-06-14 02:53:25] [DEBUG] Screen::updateAreaE() finish.
[2026-06-14 02:53:25] [DEBUG] Screen::updateAreaF() path: \Develop\Views\AreaF\Area_F.view start...
[2026-06-14 02:53:25] [DEBUG] Screen::getContents() start...
[2026-06-14 02:53:25] [DEBUG] Screen::getContents() finish.
[2026-06-14 02:53:25] [DEBUG] Screen::updateAreaF() finish.
[2026-06-14 02:53:25] [DEBUG] ProjectController::startProjectNabi() start...
[2026-06-14 02:53:25] [DEBUG] ProjectController::getProjectListHtml() start...
[2026-06-14 02:53:25] [DEBUG] ProjectModel::getProjectList() start...
[2026-06-14 02:53:25] [INFO ] ☆☆☆ projectList : Array
(
    [0] => Array
        (
            [project_id] => PRJ-W613KU
            [project_name] => 新規プロジェクト登録２
        )

    [1] => Array
        (
            [project_id] => PRJ-E613KU
            [project_name] => 新規プロジェクト登録テスト
        )

    [2] => Array
        (
            [project_id] => PRJ-741CA7
            [project_name] => SampleProject２
        )

    [3] => Array
        (
            [project_id] => PRJ-D45FEF
            [project_name] => SampleProject１
        )

)

[2026-06-14 02:53:25] [INFO ] ☆☆☆ projectMap : Array
(
    [PRJ-W613KU] => 新規プロジェクト登録２
    [PRJ-E613KU] => 新規プロジェクト登録テスト
    [PRJ-741CA7] => SampleProject２
    [PRJ-D45FEF] => SampleProject１
)

[2026-06-14 02:53:25] [DEBUG] ProjectModel::getProjectList() finish.
[2026-06-14 02:53:25] [DEBUG] CodeMasterModel：：getCodesByGroup() start...
[2026-06-14 02:53:25] [DEBUG] CodeMasterModel：：getCodesByGroup() finish.
[2026-06-14 02:53:25] [DEBUG] ProjectController::getNaviFooterHtml() start...
[2026-06-14 02:53:25] [DEBUG] ProjectController::getNaviFooterHtml() finish.
[2026-06-14 02:53:25] [DEBUG] ProjectController::startProjectNabi() finish.
[2026-06-14 02:53:25] [DEBUG] Screen::updateAreaC() \Develop\Views\AreaC\Area_C.view start...
[2026-06-14 02:53:25] [DEBUG] Screen::getContents() start...
[2026-06-14 02:53:25] [DEBUG] Screen::getContents() finish.
[2026-06-14 02:53:25] [DEBUG] Screen::updateAreaC() finish.
[2026-06-14 02:53:25] [DEBUG] ConsoleController::AreaInitialAction() finish.
[2026-06-14 02:53:25] [DEBUG] Screen::areaView() start...
[2026-06-14 02:53:25] [DEBUG] Screen::areaView() finish.
[2026-06-14 02:53:36] [DEBUG] --- wwProject System Start ---
[2026-06-14 02:53:36] [DEBUG] Router::Router() /jemini/wwProjectV1.14/Develop/Console/ServerBridgeAction/
[2026-06-14 02:53:36] [DEBUG] Attempting to load: \Develop\Controllers\ConsoleController::ServerBridgeAction
[2026-06-14 02:53:36] [DEBUG] Router: Executing \Develop\Controllers\ConsoleController->ServerBridgeAction
[2026-06-14 02:53:36] [DEBUG] ConsoleController::ServerBridge() start...
[2026-06-14 02:53:36] [DEBUG] ConsoleController::ServerBridge() \Develop\Controllers\ProjectController::projectSelectAction()
[2026-06-14 02:53:36] [DEBUG] ProjectController::projectSelectAction() start...
[2026-06-14 02:53:36] [DEBUG] ProjectController::projectSelectAction() ☆★☆　SampleProject１
[2026-06-14 02:53:36] [DEBUG] Screen::updateAreaB() path: \Develop\Views\AreaB\Area_B.view start...
[2026-06-14 02:53:36] [DEBUG] Screen::getContents() start...
[2026-06-14 02:53:36] [DEBUG] Screen::getContents() finish.
[2026-06-14 02:53:36] [DEBUG] Screen::updateAreaB() finish.
[2026-06-14 02:53:36] [ERROR] ConsoleController::ServerBridge Fatal: Failed opening required 'Config/db_SampleProject１.php' (include_path='C:\xampp8\php\PEAR')
[2026-06-14 03:04:38] [DEBUG] --- wwProject System Start ---
[2026-06-14 03:04:38] [DEBUG] Router::Router() /jemini/wwProjectV1.14/develop/
[2026-06-14 03:04:38] [DEBUG] Attempting to load: \Develop\Controllers\LoginController::initialAction
[2026-06-14 03:04:38] [DEBUG] Router: Executing \Develop\Controllers\LoginController->initialAction
[2026-06-14 03:04:38] [DEBUG] Login::initialAction() start...
[2026-06-14 03:04:38] [DEBUG] Login::initialAction() errorMessage : 
[2026-06-14 03:04:38] [DEBUG] Screen::view() path: \Develop\Views\Login\Login.view start...
[2026-06-14 03:04:38] [DEBUG] Screen::getContents() start...
[2026-06-14 03:04:38] [DEBUG] Screen::getContents() finish.
[2026-06-14 03:04:38] [DEBUG] Screen::view() path: \Develop\Views\Login\Login.view finish.
[2026-06-14 03:04:38] [DEBUG] Login::initialAction() finish.
[2026-06-14 03:04:41] [DEBUG] --- wwProject System Start ---
[2026-06-14 03:04:41] [DEBUG] Router::Router() /jemini/wwProjectV1.14/Develop/Login/authentication/
[2026-06-14 03:04:41] [DEBUG] Attempting to load: \Develop\Controllers\LoginController::authenticationAction
[2026-06-14 03:04:41] [DEBUG] Router: Executing \Develop\Controllers\LoginController->authenticationAction
[2026-06-14 03:04:41] [DEBUG] Login::AuthenticationAction() start...
[2026-06-14 03:04:41] [DEBUG] Login OK - x
[2026-06-14 03:04:41] [DEBUG] Session::start()
[2026-06-14 03:04:41] [DEBUG] Redirect to Console::initialAction()
[2026-06-14 03:04:41] [DEBUG] --- wwProject System Start ---
[2026-06-14 03:04:41] [DEBUG] Router::Router() /jemini/wwProjectV1.14/Develop/Console/initial/
[2026-06-14 03:04:41] [DEBUG] Attempting to load: \Develop\Controllers\ConsoleController::initialAction
[2026-06-14 03:04:41] [DEBUG] Router: Executing \Develop\Controllers\ConsoleController->initialAction
[2026-06-14 03:04:41] [DEBUG] Console::initialAction() start...
[2026-06-14 03:04:41] [DEBUG] Screen::view() path: \Develop\Views\Console\Console.view start...
[2026-06-14 03:04:41] [DEBUG] Screen::getContents() start...
[2026-06-14 03:04:41] [DEBUG] Screen::getContents() finish.
[2026-06-14 03:04:41] [DEBUG] Screen::view() path: \Develop\Views\Console\Console.view finish.
[2026-06-14 03:04:41] [DEBUG] ConsoleController::initialAction() finish.
[2026-06-14 03:04:41] [DEBUG] --- wwProject System Start ---
[2026-06-14 03:04:41] [DEBUG] Router::Router() /jemini/wwProjectV1.14/Develop/Console/ServerBridgeAction/
[2026-06-14 03:04:41] [DEBUG] Attempting to load: \Develop\Controllers\ConsoleController::ServerBridgeAction
[2026-06-14 03:04:41] [DEBUG] Router: Executing \Develop\Controllers\ConsoleController->ServerBridgeAction
[2026-06-14 03:04:41] [DEBUG] ConsoleController::ServerBridge() start...
[2026-06-14 03:04:41] [DEBUG] ConsoleController::ServerBridge() \Develop\Controllers\ConsoleController::areaInitialAction()
[2026-06-14 03:04:41] [DEBUG] ConsoleController::AreaInitialAction() start...
[2026-06-14 03:04:41] [DEBUG] Screen::updateAreaA() path: \Develop\Views\AreaA\Area_A.view start...
[2026-06-14 03:04:41] [DEBUG] Screen::areaView() sending JSON: ["areas"]
[2026-06-14 03:04:41] [DEBUG] Screen::getContents() start...
[2026-06-14 03:04:41] [DEBUG] Screen::getContents() finish.
[2026-06-14 03:04:41] [DEBUG] Screen::updateAreaA() finish.
[2026-06-14 03:04:41] [DEBUG] Screen::updateAreaB() path: \Develop\Views\AreaB\Area_B.view start...
[2026-06-14 03:04:41] [DEBUG] Screen::getContents() start...
[2026-06-14 03:04:41] [DEBUG] Screen::getContents() finish.
[2026-06-14 03:04:41] [DEBUG] Screen::updateAreaB() finish.
[2026-06-14 03:04:41] [DEBUG] Screen::updateAreaD() path: \Develop\Views\AreaD\Area_D_clear.view start...
[2026-06-14 03:04:41] [DEBUG] Screen::getContents() start...
[2026-06-14 03:04:41] [DEBUG] Screen::getContents() finish.
[2026-06-14 03:04:41] [DEBUG] Screen::updateAreaD() finish.
[2026-06-14 03:04:41] [DEBUG] Screen::updateAreaE() [iframe起動版] path: \Develop\Views\AreaE\Area_E_clear.view start...
[2026-06-14 03:04:41] [DEBUG] Screen::getContents() start...
[2026-06-14 03:04:41] [DEBUG] Screen::getContents() finish.
[2026-06-14 03:04:41] [DEBUG] Screen::updateAreaE() finish.
[2026-06-14 03:04:41] [DEBUG] Screen::updateAreaF() path: \Develop\Views\AreaF\Area_F.view start...
[2026-06-14 03:04:41] [DEBUG] Screen::getContents() start...
[2026-06-14 03:04:41] [DEBUG] Screen::getContents() finish.
[2026-06-14 03:04:41] [DEBUG] Screen::updateAreaF() finish.
[2026-06-14 03:04:41] [DEBUG] ProjectController::startProjectNabi() start...
[2026-06-14 03:04:41] [DEBUG] ProjectController::getProjectListHtml() start...
[2026-06-14 03:04:41] [DEBUG] ProjectModel::getProjectList() start...
[2026-06-14 03:04:41] [INFO ] ☆☆☆ projectList : Array
(
    [0] => Array
        (
            [project_id] => PRJ-W613KU
            [project_name] => 新規プロジェクト登録２
        )

    [1] => Array
        (
            [project_id] => PRJ-E613KU
            [project_name] => 新規プロジェクト登録テスト
        )

    [2] => Array
        (
            [project_id] => PRJ-741CA7
            [project_name] => SampleProject２
        )

    [3] => Array
        (
            [project_id] => PRJ-D45FEF
            [project_name] => SampleProject１
        )

)

[2026-06-14 03:04:41] [INFO ] ☆☆☆ projectMap : Array
(
    [PRJ-W613KU] => 新規プロジェクト登録２
    [PRJ-E613KU] => 新規プロジェクト登録テスト
    [PRJ-741CA7] => SampleProject２
    [PRJ-D45FEF] => SampleProject１
)

[2026-06-14 03:04:41] [DEBUG] ProjectModel::getProjectList() finish.
[2026-06-14 03:04:41] [DEBUG] CodeMasterModel：：getCodesByGroup() start...
[2026-06-14 03:04:41] [DEBUG] CodeMasterModel：：getCodesByGroup() finish.
[2026-06-14 03:04:41] [DEBUG] ProjectController::getNaviFooterHtml() start...
[2026-06-14 03:04:41] [DEBUG] ProjectController::getNaviFooterHtml() finish.
[2026-06-14 03:04:41] [DEBUG] ProjectController::startProjectNabi() finish.
[2026-06-14 03:04:41] [DEBUG] Screen::updateAreaC() \Develop\Views\AreaC\Area_C.view start...
[2026-06-14 03:04:41] [DEBUG] Screen::getContents() start...
[2026-06-14 03:04:41] [DEBUG] Screen::getContents() finish.
[2026-06-14 03:04:41] [DEBUG] Screen::updateAreaC() finish.
[2026-06-14 03:04:41] [DEBUG] ConsoleController::AreaInitialAction() finish.
[2026-06-14 03:04:41] [DEBUG] Screen::areaView() start...
[2026-06-14 03:04:41] [DEBUG] Screen::areaView() finish.
[2026-06-14 03:04:43] [DEBUG] --- wwProject System Start ---
[2026-06-14 03:04:43] [DEBUG] Router::Router() /jemini/wwProjectV1.14/Develop/Console/ServerBridgeAction/
[2026-06-14 03:04:43] [DEBUG] Attempting to load: \Develop\Controllers\ConsoleController::ServerBridgeAction
[2026-06-14 03:04:43] [DEBUG] Router: Executing \Develop\Controllers\ConsoleController->ServerBridgeAction
[2026-06-14 03:04:43] [DEBUG] ConsoleController::ServerBridge() start...
[2026-06-14 03:04:43] [DEBUG] ConsoleController::ServerBridge() \Develop\Controllers\ProjectController::projectSelectAction()
[2026-06-14 03:04:43] [DEBUG] ProjectController::projectSelectAction() start...
[2026-06-14 03:04:43] [DEBUG] ProjectController::projectSelectAction() ☆★☆　SampleProject１
[2026-06-14 03:04:43] [DEBUG] Screen::updateAreaB() path: \Develop\Views\AreaB\Area_B.view start...
[2026-06-14 03:04:43] [DEBUG] Screen::getContents() start...
[2026-06-14 03:04:43] [DEBUG] Screen::getContents() finish.
[2026-06-14 03:04:43] [DEBUG] Screen::updateAreaB() finish.
[2026-06-14 03:04:43] [ERROR] ConsoleController::ServerBridge Fatal: Failed opening required 'Config/db_PRJ-D45FEF.php' (include_path='C:\xampp8\php\PEAR')
[2026-06-14 03:04:44] [DEBUG] --- wwProject System Start ---
[2026-06-14 03:04:44] [DEBUG] Router::Router() /jemini/wwProjectV1.14/Develop/Console/ServerBridgeAction/
[2026-06-14 03:04:44] [DEBUG] Attempting to load: \Develop\Controllers\ConsoleController::ServerBridgeAction
[2026-06-14 03:04:44] [DEBUG] Router: Executing \Develop\Controllers\ConsoleController->ServerBridgeAction
[2026-06-14 03:04:44] [DEBUG] ConsoleController::ServerBridge() start...
[2026-06-14 03:04:44] [DEBUG] ConsoleController::ServerBridge() \Develop\Controllers\ProjectController::projectSelectAction()
[2026-06-14 03:04:44] [DEBUG] ProjectController::projectSelectAction() start...
[2026-06-14 03:04:44] [DEBUG] ProjectController::projectSelectAction() ☆★☆　
[2026-06-14 03:04:44] [DEBUG] Screen::updateAreaB() path: \Develop\Views\AreaB\Area_B.view start...
[2026-06-14 03:04:44] [DEBUG] Screen::getContents() start...
[2026-06-14 03:04:44] [DEBUG] Screen::getContents() finish.
[2026-06-14 03:04:44] [DEBUG] Screen::updateAreaB() finish.
[2026-06-14 03:04:44] [DEBUG] ProjectController::getProjectListHtml() start...
[2026-06-14 03:04:44] [DEBUG] ProjectModel::getProjectList() start...
[2026-06-14 03:04:44] [INFO ] ☆☆☆ projectList : Array
(
    [0] => Array
        (
            [project_id] => PRJ-W613KU
            [project_name] => 新規プロジェクト登録２
        )

    [1] => Array
        (
            [project_id] => PRJ-E613KU
            [project_name] => 新規プロジェクト登録テスト
        )

    [2] => Array
        (
            [project_id] => PRJ-741CA7
            [project_name] => SampleProject２
        )

    [3] => Array
        (
            [project_id] => PRJ-D45FEF
            [project_name] => SampleProject１
        )

)

[2026-06-14 03:04:44] [INFO ] ☆☆☆ projectMap : Array
(
    [PRJ-W613KU] => 新規プロジェクト登録２
    [PRJ-E613KU] => 新規プロジェクト登録テスト
    [PRJ-741CA7] => SampleProject２
    [PRJ-D45FEF] => SampleProject１
)

[2026-06-14 03:04:44] [DEBUG] ProjectModel::getProjectList() finish.
[2026-06-14 03:04:44] [DEBUG] CodeMasterModel：：getCodesByGroup() start...
[2026-06-14 03:04:44] [DEBUG] CodeMasterModel：：getCodesByGroup() finish.
[2026-06-14 03:04:44] [DEBUG] ProjectController::getNaviFooterHtml() start...
[2026-06-14 03:04:44] [DEBUG] ProjectController::getNaviFooterHtml() finish.
[2026-06-14 03:04:44] [DEBUG] Screen::updateAreaC() \Develop\Views\AreaC\Area_C.view start...
[2026-06-14 03:04:44] [DEBUG] Screen::getContents() start...
[2026-06-14 03:04:44] [DEBUG] Screen::getContents() finish.
[2026-06-14 03:04:44] [DEBUG] Screen::updateAreaC() finish.
[2026-06-14 03:04:44] [DEBUG] Screen::updateAreaD() path: \Develop\Views\AreaD\Area_D_clear.view start...
[2026-06-14 03:04:44] [DEBUG] Screen::getContents() start...
[2026-06-14 03:04:44] [DEBUG] Screen::getContents() finish.
[2026-06-14 03:04:44] [DEBUG] Screen::updateAreaD() finish.
[2026-06-14 03:04:44] [DEBUG] Screen::updateAreaE() [iframe起動版] path: \Develop\Views\AreaE\Area_E_clear.view start...
[2026-06-14 03:04:44] [DEBUG] Screen::getContents() start...
[2026-06-14 03:04:44] [DEBUG] Screen::getContents() finish.
[2026-06-14 03:04:44] [DEBUG] Screen::updateAreaE() finish.
[2026-06-14 03:04:44] [DEBUG] ProjectController::projectSelectAction() finish.
[2026-06-14 03:04:44] [DEBUG] Screen::areaView() start...
[2026-06-14 03:04:44] [DEBUG] Screen::areaView() finish.
[2026-06-14 03:05:09] [DEBUG] --- wwProject System Start ---
[2026-06-14 03:05:09] [DEBUG] Router::Router() /jemini/wwProjectV1.14/Develop/Console/ServerBridgeAction/
[2026-06-14 03:05:09] [DEBUG] Attempting to load: \Develop\Controllers\ConsoleController::ServerBridgeAction
[2026-06-14 03:05:09] [DEBUG] Router: Executing \Develop\Controllers\ConsoleController->ServerBridgeAction
[2026-06-14 03:05:09] [DEBUG] ConsoleController::ServerBridge() start...
[2026-06-14 03:05:09] [DEBUG] ConsoleController::ServerBridge() \Develop\Controllers\ProjectController::projectSelectAction()
[2026-06-14 03:05:09] [DEBUG] ProjectController::projectSelectAction() start...
[2026-06-14 03:05:09] [DEBUG] ProjectController::projectSelectAction() ☆★☆　新規プロジェクト登録テスト
[2026-06-14 03:05:09] [DEBUG] Screen::updateAreaB() path: \Develop\Views\AreaB\Area_B.view start...
[2026-06-14 03:05:09] [DEBUG] Screen::getContents() start...
[2026-06-14 03:05:09] [DEBUG] Screen::getContents() finish.
[2026-06-14 03:05:09] [DEBUG] Screen::updateAreaB() finish.
[2026-06-14 03:05:09] [ERROR] ConsoleController::ServerBridge Fatal: Failed opening required 'Config/db_PRJ-E613KU.php' (include_path='C:\xampp8\php\PEAR')
[2026-06-14 03:05:47] [DEBUG] --- wwProject System Start ---
[2026-06-14 03:05:47] [DEBUG] Router::Router() /jemini/wwProjectV1.14/Develop/Console/ServerBridgeAction/
[2026-06-14 03:05:47] [DEBUG] Attempting to load: \Develop\Controllers\ConsoleController::ServerBridgeAction
[2026-06-14 03:05:47] [DEBUG] Router: Executing \Develop\Controllers\ConsoleController->ServerBridgeAction
[2026-06-14 03:05:47] [DEBUG] ConsoleController::ServerBridge() start...
[2026-06-14 03:05:47] [DEBUG] ConsoleController::ServerBridge() \Develop\Controllers\ProjectController::projectSelectAction()
[2026-06-14 03:05:47] [DEBUG] ProjectController::projectSelectAction() start...
[2026-06-14 03:05:47] [DEBUG] ProjectController::projectSelectAction() ☆★☆　SampleProject１
[2026-06-14 03:05:47] [DEBUG] Screen::updateAreaB() path: \Develop\Views\AreaB\Area_B.view start...
[2026-06-14 03:05:47] [DEBUG] Screen::getContents() start...
[2026-06-14 03:05:47] [DEBUG] Screen::getContents() finish.
[2026-06-14 03:05:47] [DEBUG] Screen::updateAreaB() finish.
[2026-06-14 03:05:47] [ERROR] ConsoleController::ServerBridge Fatal: Failed opening required 'Config/db_PRJ-D45FEF.php' (include_path='C:\xampp8\php\PEAR')
[2026-06-14 03:10:07] [DEBUG] --- wwProject System Start ---
[2026-06-14 03:10:07] [DEBUG] Router::Router() /jemini/wwProjectV1.14/develop/
[2026-06-14 03:10:07] [DEBUG] Attempting to load: \Develop\Controllers\LoginController::initialAction
[2026-06-14 03:10:07] [DEBUG] Router: Executing \Develop\Controllers\LoginController->initialAction
[2026-06-14 03:10:07] [DEBUG] Login::initialAction() start...
[2026-06-14 03:10:07] [DEBUG] Login::initialAction() errorMessage : 
[2026-06-14 03:10:07] [DEBUG] Screen::view() path: \Develop\Views\Login\Login.view start...
[2026-06-14 03:10:07] [DEBUG] Screen::getContents() start...
[2026-06-14 03:10:07] [DEBUG] Screen::getContents() finish.
[2026-06-14 03:10:07] [DEBUG] Screen::view() path: \Develop\Views\Login\Login.view finish.
[2026-06-14 03:10:07] [DEBUG] Login::initialAction() finish.
[2026-06-14 03:10:09] [DEBUG] --- wwProject System Start ---
[2026-06-14 03:10:09] [DEBUG] Router::Router() /jemini/wwProjectV1.14/Develop/Login/authentication/
[2026-06-14 03:10:09] [DEBUG] Attempting to load: \Develop\Controllers\LoginController::authenticationAction
[2026-06-14 03:10:09] [DEBUG] Router: Executing \Develop\Controllers\LoginController->authenticationAction
[2026-06-14 03:10:09] [DEBUG] Login::AuthenticationAction() start...
[2026-06-14 03:10:09] [DEBUG] Login OK - x
[2026-06-14 03:10:09] [DEBUG] Session::start()
[2026-06-14 03:10:09] [DEBUG] Redirect to Console::initialAction()
[2026-06-14 03:10:09] [DEBUG] --- wwProject System Start ---
[2026-06-14 03:10:09] [DEBUG] Router::Router() /jemini/wwProjectV1.14/Develop/Console/initial/
[2026-06-14 03:10:09] [DEBUG] Attempting to load: \Develop\Controllers\ConsoleController::initialAction
[2026-06-14 03:10:09] [DEBUG] Router: Executing \Develop\Controllers\ConsoleController->initialAction
[2026-06-14 03:10:09] [DEBUG] Console::initialAction() start...
[2026-06-14 03:10:09] [DEBUG] Screen::view() path: \Develop\Views\Console\Console.view start...
[2026-06-14 03:10:09] [DEBUG] Screen::getContents() start...
[2026-06-14 03:10:09] [DEBUG] Screen::getContents() finish.
[2026-06-14 03:10:09] [DEBUG] Screen::view() path: \Develop\Views\Console\Console.view finish.
[2026-06-14 03:10:09] [DEBUG] ConsoleController::initialAction() finish.
[2026-06-14 03:10:09] [DEBUG] --- wwProject System Start ---
[2026-06-14 03:10:09] [DEBUG] Router::Router() /jemini/wwProjectV1.14/Develop/Console/ServerBridgeAction/
[2026-06-14 03:10:09] [DEBUG] Attempting to load: \Develop\Controllers\ConsoleController::ServerBridgeAction
[2026-06-14 03:10:09] [DEBUG] Router: Executing \Develop\Controllers\ConsoleController->ServerBridgeAction
[2026-06-14 03:10:09] [DEBUG] ConsoleController::ServerBridge() start...
[2026-06-14 03:10:09] [DEBUG] ConsoleController::ServerBridge() \Develop\Controllers\ConsoleController::areaInitialAction()
[2026-06-14 03:10:09] [DEBUG] ConsoleController::AreaInitialAction() start...
[2026-06-14 03:10:09] [DEBUG] Screen::updateAreaA() path: \Develop\Views\AreaA\Area_A.view start...
[2026-06-14 03:10:09] [DEBUG] Screen::areaView() sending JSON: ["areas"]
[2026-06-14 03:10:09] [DEBUG] Screen::getContents() start...
[2026-06-14 03:10:09] [DEBUG] Screen::getContents() finish.
[2026-06-14 03:10:09] [DEBUG] Screen::updateAreaA() finish.
[2026-06-14 03:10:09] [DEBUG] Screen::updateAreaB() path: \Develop\Views\AreaB\Area_B.view start...
[2026-06-14 03:10:09] [DEBUG] Screen::getContents() start...
[2026-06-14 03:10:09] [DEBUG] Screen::getContents() finish.
[2026-06-14 03:10:09] [DEBUG] Screen::updateAreaB() finish.
[2026-06-14 03:10:09] [DEBUG] Screen::updateAreaD() path: \Develop\Views\AreaD\Area_D_clear.view start...
[2026-06-14 03:10:09] [DEBUG] Screen::getContents() start...
[2026-06-14 03:10:09] [DEBUG] Screen::getContents() finish.
[2026-06-14 03:10:09] [DEBUG] Screen::updateAreaD() finish.
[2026-06-14 03:10:09] [DEBUG] Screen::updateAreaE() [iframe起動版] path: \Develop\Views\AreaE\Area_E_clear.view start...
[2026-06-14 03:10:09] [DEBUG] Screen::getContents() start...
[2026-06-14 03:10:09] [DEBUG] Screen::getContents() finish.
[2026-06-14 03:10:09] [DEBUG] Screen::updateAreaE() finish.
[2026-06-14 03:10:09] [DEBUG] Screen::updateAreaF() path: \Develop\Views\AreaF\Area_F.view start...
[2026-06-14 03:10:09] [DEBUG] Screen::getContents() start...
[2026-06-14 03:10:09] [DEBUG] Screen::getContents() finish.
[2026-06-14 03:10:09] [DEBUG] Screen::updateAreaF() finish.
[2026-06-14 03:10:09] [DEBUG] ProjectController::startProjectNabi() start...
[2026-06-14 03:10:09] [DEBUG] ProjectController::getProjectListHtml() start...
[2026-06-14 03:10:09] [DEBUG] ProjectModel::getProjectList() start...
[2026-06-14 03:10:09] [INFO ] ☆☆☆ projectList : Array
(
    [0] => Array
        (
            [project_id] => PRJ-W613KU
            [project_name] => 新規プロジェクト登録２
        )

    [1] => Array
        (
            [project_id] => PRJ-E613KU
            [project_name] => 新規プロジェクト登録テスト
        )

    [2] => Array
        (
            [project_id] => PRJ-741CA7
            [project_name] => SampleProject２
        )

    [3] => Array
        (
            [project_id] => PRJ-D45FEF
            [project_name] => SampleProject１
        )

)

[2026-06-14 03:10:09] [INFO ] ☆☆☆ projectMap : Array
(
    [PRJ-W613KU] => 新規プロジェクト登録２
    [PRJ-E613KU] => 新規プロジェクト登録テスト
    [PRJ-741CA7] => SampleProject２
    [PRJ-D45FEF] => SampleProject１
)

[2026-06-14 03:10:09] [DEBUG] ProjectModel::getProjectList() finish.
[2026-06-14 03:10:09] [DEBUG] CodeMasterModel：：getCodesByGroup() start...
[2026-06-14 03:10:09] [DEBUG] CodeMasterModel：：getCodesByGroup() finish.
[2026-06-14 03:10:09] [DEBUG] ProjectController::getNaviFooterHtml() start...
[2026-06-14 03:10:09] [DEBUG] ProjectController::getNaviFooterHtml() finish.
[2026-06-14 03:10:09] [DEBUG] ProjectController::startProjectNabi() finish.
[2026-06-14 03:10:09] [DEBUG] Screen::updateAreaC() \Develop\Views\AreaC\Area_C.view start...
[2026-06-14 03:10:09] [DEBUG] Screen::getContents() start...
[2026-06-14 03:10:09] [DEBUG] Screen::getContents() finish.
[2026-06-14 03:10:09] [DEBUG] Screen::updateAreaC() finish.
[2026-06-14 03:10:09] [DEBUG] ConsoleController::AreaInitialAction() finish.
[2026-06-14 03:10:09] [DEBUG] Screen::areaView() start...
[2026-06-14 03:10:09] [DEBUG] Screen::areaView() finish.
[2026-06-14 03:10:11] [DEBUG] --- wwProject System Start ---
[2026-06-14 03:10:11] [DEBUG] Router::Router() /jemini/wwProjectV1.14/Develop/Console/ServerBridgeAction/
[2026-06-14 03:10:11] [DEBUG] Attempting to load: \Develop\Controllers\ConsoleController::ServerBridgeAction
[2026-06-14 03:10:11] [DEBUG] Router: Executing \Develop\Controllers\ConsoleController->ServerBridgeAction
[2026-06-14 03:10:11] [DEBUG] ConsoleController::ServerBridge() start...
[2026-06-14 03:10:11] [DEBUG] ConsoleController::ServerBridge() \Develop\Controllers\ProjectController::projectSelectAction()
[2026-06-14 03:10:11] [DEBUG] ProjectController::projectSelectAction() start...
[2026-06-14 03:10:11] [DEBUG] ProjectController::projectSelectAction() ☆★☆　SampleProject１
[2026-06-14 03:10:11] [DEBUG] Screen::updateAreaB() path: \Develop\Views\AreaB\Area_B.view start...
[2026-06-14 03:10:11] [DEBUG] Screen::getContents() start...
[2026-06-14 03:10:11] [DEBUG] Screen::getContents() finish.
[2026-06-14 03:10:11] [DEBUG] Screen::updateAreaB() finish.
[2026-06-14 03:10:11] [DEBUG] ProjectController::projectSelectAction() PRJ-D45FEF : PRJ-D45FEF
[2026-06-14 03:10:11] [DEBUG] ProjectController::getProjectListHtml() start...
[2026-06-14 03:10:11] [DEBUG] ProjectModel::getProjectList() start...
[2026-06-14 03:10:11] [INFO ] ☆☆☆ projectList : Array
(
    [0] => Array
        (
            [project_id] => PRJ-W613KU
            [project_name] => 新規プロジェクト登録２
        )

    [1] => Array
        (
            [project_id] => PRJ-E613KU
            [project_name] => 新規プロジェクト登録テスト
        )

    [2] => Array
        (
            [project_id] => PRJ-741CA7
            [project_name] => SampleProject２
        )

    [3] => Array
        (
            [project_id] => PRJ-D45FEF
            [project_name] => SampleProject１
        )

)

[2026-06-14 03:10:11] [INFO ] ☆☆☆ projectMap : Array
(
    [PRJ-W613KU] => 新規プロジェクト登録２
    [PRJ-E613KU] => 新規プロジェクト登録テスト
    [PRJ-741CA7] => SampleProject２
    [PRJ-D45FEF] => SampleProject１
)

[2026-06-14 03:10:11] [DEBUG] ProjectModel::getProjectList() finish.
[2026-06-14 03:10:11] [DEBUG] CodeMasterModel：：getCodesByGroup() start...
[2026-06-14 03:10:11] [DEBUG] CodeMasterModel：：getCodesByGroup() finish.
[2026-06-14 03:10:11] [DEBUG] ProjectController::getNaviFooterHtml() start...
[2026-06-14 03:10:11] [DEBUG] ProjectController::getNaviFooterHtml() finish.
[2026-06-14 03:10:11] [DEBUG] Screen::updateAreaC() \Develop\Views\AreaC\Area_C.view start...
[2026-06-14 03:10:11] [DEBUG] Screen::getContents() start...
[2026-06-14 03:10:11] [DEBUG] Screen::getContents() finish.
[2026-06-14 03:10:11] [DEBUG] Screen::updateAreaC() finish.
[2026-06-14 03:10:11] [DEBUG] Screen::updateAreaD() path: \Develop\Views\AreaD\Area_D_clear.view start...
[2026-06-14 03:10:11] [DEBUG] Screen::getContents() start...
[2026-06-14 03:10:11] [DEBUG] Screen::getContents() finish.
[2026-06-14 03:10:11] [DEBUG] Screen::updateAreaD() finish.
[2026-06-14 03:10:11] [DEBUG] Screen::updateAreaE() [iframe起動版] path: \Develop\Views\AreaE\Area_E_clear.view start...
[2026-06-14 03:10:11] [DEBUG] Screen::getContents() start...
[2026-06-14 03:10:11] [DEBUG] Screen::getContents() finish.
[2026-06-14 03:10:11] [DEBUG] Screen::updateAreaE() finish.
[2026-06-14 03:10:11] [DEBUG] ProjectController::projectSelectAction() finish.
[2026-06-14 03:10:11] [DEBUG] Screen::areaView() start...
[2026-06-14 03:10:11] [DEBUG] Screen::areaView() finish.
[2026-06-14 03:10:13] [DEBUG] --- wwProject System Start ---
[2026-06-14 03:10:13] [DEBUG] Router::Router() /jemini/wwProjectV1.14/Develop/Console/ServerBridgeAction/
[2026-06-14 03:10:13] [DEBUG] Attempting to load: \Develop\Controllers\ConsoleController::ServerBridgeAction
[2026-06-14 03:10:13] [DEBUG] Router: Executing \Develop\Controllers\ConsoleController->ServerBridgeAction
[2026-06-14 03:10:13] [DEBUG] ConsoleController::ServerBridge() start...
[2026-06-14 03:10:13] [DEBUG] ConsoleController::ServerBridge() \Develop\Controllers\DBDefinitionController::initialAction()
[2026-06-14 03:10:13] [DEBUG] DBDefinitionController::initialAction() start...
[2026-06-14 03:10:13] [DEBUG] DBDefinitionController::initialAction() project_id : PRJ-D45FEF
[2026-06-14 03:10:13] [DEBUG] DBDefinitionModel::getTableList() start...
[2026-06-14 03:10:13] [DEBUG] DBDefinitionModel::getTableList() finish. 取得件数: 3
[2026-06-14 03:10:13] [DEBUG] Screen::updateAreaD() path: \Develop\Views\AreaD\DBDefinition\DBDefinitionList.view start...
[2026-06-14 03:10:13] [DEBUG] Screen::getContents() start...
[2026-06-14 03:10:13] [DEBUG] Screen::getContents() finish.
[2026-06-14 03:10:13] [DEBUG] Screen::updateAreaD() finish.
[2026-06-14 03:10:13] [DEBUG] Screen::updateAreaE() [iframe起動版] path: \Develop\Views\AreaE\Area_E_clear.view start...
[2026-06-14 03:10:13] [DEBUG] Screen::getContents() start...
[2026-06-14 03:10:13] [DEBUG] Screen::getContents() finish.
[2026-06-14 03:10:13] [DEBUG] Screen::updateAreaE() finish.
[2026-06-14 03:10:13] [DEBUG] DBDefinitionController::initialAction() end.
[2026-06-14 03:10:13] [DEBUG] Screen::areaView() start...
[2026-06-14 03:10:13] [DEBUG] Screen::areaView() finish.
[2026-06-14 03:10:15] [DEBUG] --- wwProject System Start ---
[2026-06-14 03:10:15] [DEBUG] Router::Router() /jemini/wwProjectV1.14/Develop/Console/ServerBridgeAction/
[2026-06-14 03:10:15] [DEBUG] Attempting to load: \Develop\Controllers\ConsoleController::ServerBridgeAction
[2026-06-14 03:10:15] [DEBUG] Router: Executing \Develop\Controllers\ConsoleController->ServerBridgeAction
[2026-06-14 03:10:15] [DEBUG] ConsoleController::ServerBridge() start...
[2026-06-14 03:10:15] [DEBUG] ConsoleController::ServerBridge() \Develop\Controllers\ScreenDefinitionController::InitialAction()
[2026-06-14 03:10:15] [DEBUG] DBDefinitionController::initialAction() start...
[2026-06-14 03:10:15] [DEBUG] Screen::updateAreaD() path: \Develop\Views\AreaD\ScreenDefinition\ScreenDefinitionList.view start...
[2026-06-14 03:10:15] [DEBUG] Screen::getContents() start...
[2026-06-14 03:10:15] [DEBUG] Screen::getContents() finish.
[2026-06-14 03:10:15] [DEBUG] Screen::updateAreaD() finish.
[2026-06-14 03:10:15] [DEBUG] DBDefinitionController::initialAction() end.
[2026-06-14 03:10:15] [DEBUG] Screen::areaView() start...
[2026-06-14 03:10:15] [DEBUG] Screen::areaView() finish.
[2026-06-14 03:10:17] [DEBUG] --- wwProject System Start ---
[2026-06-14 03:10:17] [DEBUG] Router::Router() /jemini/wwProjectV1.14/Develop/Console/ServerBridgeAction/
[2026-06-14 03:10:17] [DEBUG] Attempting to load: \Develop\Controllers\ConsoleController::ServerBridgeAction
[2026-06-14 03:10:17] [DEBUG] Router: Executing \Develop\Controllers\ConsoleController->ServerBridgeAction
[2026-06-14 03:10:17] [DEBUG] ConsoleController::ServerBridge() start...
[2026-06-14 03:10:17] [DEBUG] ConsoleController::ServerBridge() \Develop\Controllers\PartsDefinitionController::initialAction()
[2026-06-14 03:10:17] [DEBUG] PartsDefinitionController::initialAction() start...
[2026-06-14 03:10:17] [DEBUG] SESSION_DATA: Array
(
    [id] => 2
    [user_name] => 渡部 浩
    [login_id] => x
    [password] => x
    [is_hash] => 0
    [role] => user
    [created_at] => 2026-04-17 07:17:17
    [updated_at] => 2026-04-22 22:38:31
    [LAYOUT_MODE] => separate
    [ENVIRONMENT] => development
    [Footer_Message] => consode start...
    [active_function] => 
    [project_map] => Array
        (
            [PRJ-W613KU] => 新規プロジェクト登録２
            [PRJ-E613KU] => 新規プロジェクト登録テスト
            [PRJ-741CA7] => SampleProject２
            [PRJ-D45FEF] => SampleProject１
        )

    [project_id] => PRJ-D45FEF
    [project_name] => SampleProject１
)

[2026-06-14 03:10:17] [DEBUG] PartsDefinitionController::initialAction() projectId : PRJ-D45FEF
[2026-06-14 03:10:17] [DEBUG] PartsDefinitionModel::getAllPartsList() start... Project ID: PRJ-D45FEF
[2026-06-14 03:10:17] [DEBUG] PartsDefinitionModel::getAllPartsList() １
[2026-06-14 03:10:17] [DEBUG] PartsDefinitionModel::getAllPartsList() ２
[2026-06-14 03:10:17] [DEBUG] PartsDefinitionModel::getAllPartsList() ３
[2026-06-14 03:10:17] [DEBUG] PartsDefinitionModel::getAllPartsList() finish. 件数: 3
[2026-06-14 03:10:17] [DEBUG] Screen::updateAreaD() path: \Develop\Views\AreaD\PartsDefinition\PartsDefinitionList.view start...
[2026-06-14 03:10:17] [DEBUG] Screen::getContents() start...
[2026-06-14 03:10:17] [DEBUG] Screen::getContents() finish.
[2026-06-14 03:10:17] [DEBUG] Screen::updateAreaD() finish.
[2026-06-14 03:10:17] [DEBUG] Screen::updateAreaE() [iframe起動版] path: \Develop\Views\AreaE\Area_E_clear.view start...
[2026-06-14 03:10:17] [DEBUG] Screen::getContents() start...
[2026-06-14 03:10:17] [DEBUG] Screen::getContents() finish.
[2026-06-14 03:10:17] [DEBUG] Screen::updateAreaE() finish.
[2026-06-14 03:10:17] [DEBUG] PartsDefinitionController::initialAction() end.
[2026-06-14 03:10:17] [DEBUG] Screen::areaView() start...
[2026-06-14 03:10:17] [DEBUG] Screen::areaView() finish.
[2026-06-14 03:10:18] [DEBUG] --- wwProject System Start ---
[2026-06-14 03:10:18] [DEBUG] Router::Router() /jemini/wwProjectV1.14/Develop/Console/ServerBridgeAction/
[2026-06-14 03:10:18] [DEBUG] Attempting to load: \Develop\Controllers\ConsoleController::ServerBridgeAction
[2026-06-14 03:10:18] [DEBUG] Router: Executing \Develop\Controllers\ConsoleController->ServerBridgeAction
[2026-06-14 03:10:18] [DEBUG] ConsoleController::ServerBridge() start...
[2026-06-14 03:10:18] [DEBUG] ConsoleController::ServerBridge() \Develop\Controllers\DBDefinitionController::initialAction()
[2026-06-14 03:10:18] [DEBUG] DBDefinitionController::initialAction() start...
[2026-06-14 03:10:18] [DEBUG] DBDefinitionController::initialAction() project_id : PRJ-D45FEF
[2026-06-14 03:10:18] [DEBUG] DBDefinitionModel::getTableList() start...
[2026-06-14 03:10:18] [DEBUG] DBDefinitionModel::getTableList() finish. 取得件数: 3
[2026-06-14 03:10:18] [DEBUG] Screen::updateAreaD() path: \Develop\Views\AreaD\DBDefinition\DBDefinitionList.view start...
[2026-06-14 03:10:18] [DEBUG] Screen::getContents() start...
[2026-06-14 03:10:18] [DEBUG] Screen::getContents() finish.
[2026-06-14 03:10:18] [DEBUG] Screen::updateAreaD() finish.
[2026-06-14 03:10:18] [DEBUG] Screen::updateAreaE() [iframe起動版] path: \Develop\Views\AreaE\Area_E_clear.view start...
[2026-06-14 03:10:18] [DEBUG] Screen::getContents() start...
[2026-06-14 03:10:18] [DEBUG] Screen::getContents() finish.
[2026-06-14 03:10:18] [DEBUG] Screen::updateAreaE() finish.
[2026-06-14 03:10:18] [DEBUG] DBDefinitionController::initialAction() end.
[2026-06-14 03:10:18] [DEBUG] Screen::areaView() start...
[2026-06-14 03:10:18] [DEBUG] Screen::areaView() finish.
[2026-06-14 03:10:20] [DEBUG] --- wwProject System Start ---
[2026-06-14 03:10:20] [DEBUG] Router::Router() /jemini/wwProjectV1.14/Develop/Console/ServerBridgeAction/
[2026-06-14 03:10:20] [DEBUG] Attempting to load: \Develop\Controllers\ConsoleController::ServerBridgeAction
[2026-06-14 03:10:20] [DEBUG] Router: Executing \Develop\Controllers\ConsoleController->ServerBridgeAction
[2026-06-14 03:10:20] [DEBUG] ConsoleController::ServerBridge() start...
[2026-06-14 03:10:20] [DEBUG] ConsoleController::ServerBridge() \Develop\Controllers\ProjectController::projectSelectAction()
[2026-06-14 03:10:20] [DEBUG] ProjectController::projectSelectAction() start...
[2026-06-14 03:10:20] [DEBUG] ProjectController::projectSelectAction() ☆★☆　SampleProject２
[2026-06-14 03:10:20] [DEBUG] Screen::updateAreaB() path: \Develop\Views\AreaB\Area_B.view start...
[2026-06-14 03:10:20] [DEBUG] Screen::getContents() start...
[2026-06-14 03:10:20] [DEBUG] Screen::getContents() finish.
[2026-06-14 03:10:20] [DEBUG] Screen::updateAreaB() finish.
[2026-06-14 03:10:20] [DEBUG] ProjectController::projectSelectAction() PRJ-741CA7 : PRJ-741CA7
[2026-06-14 03:10:20] [DEBUG] ProjectController::getProjectListHtml() start...
[2026-06-14 03:10:20] [DEBUG] ProjectModel::getProjectList() start...
[2026-06-14 03:10:20] [INFO ] ☆☆☆ projectList : Array
(
    [0] => Array
        (
            [project_id] => PRJ-W613KU
            [project_name] => 新規プロジェクト登録２
        )

    [1] => Array
        (
            [project_id] => PRJ-E613KU
            [project_name] => 新規プロジェクト登録テスト
        )

    [2] => Array
        (
            [project_id] => PRJ-741CA7
            [project_name] => SampleProject２
        )

    [3] => Array
        (
            [project_id] => PRJ-D45FEF
            [project_name] => SampleProject１
        )

)

[2026-06-14 03:10:20] [INFO ] ☆☆☆ projectMap : Array
(
    [PRJ-W613KU] => 新規プロジェクト登録２
    [PRJ-E613KU] => 新規プロジェクト登録テスト
    [PRJ-741CA7] => SampleProject２
    [PRJ-D45FEF] => SampleProject１
)

[2026-06-14 03:10:20] [DEBUG] ProjectModel::getProjectList() finish.
[2026-06-14 03:10:20] [DEBUG] CodeMasterModel：：getCodesByGroup() start...
[2026-06-14 03:10:20] [DEBUG] CodeMasterModel：：getCodesByGroup() finish.
[2026-06-14 03:10:20] [DEBUG] ProjectController::getNaviFooterHtml() start...
[2026-06-14 03:10:20] [DEBUG] ProjectController::getNaviFooterHtml() finish.
[2026-06-14 03:10:20] [DEBUG] Screen::updateAreaC() \Develop\Views\AreaC\Area_C.view start...
[2026-06-14 03:10:20] [DEBUG] Screen::getContents() start...
[2026-06-14 03:10:20] [DEBUG] Screen::getContents() finish.
[2026-06-14 03:10:20] [DEBUG] Screen::updateAreaC() finish.
[2026-06-14 03:10:20] [DEBUG] Screen::updateAreaD() path: \Develop\Views\AreaD\Area_D_clear.view start...
[2026-06-14 03:10:20] [DEBUG] Screen::getContents() start...
[2026-06-14 03:10:20] [DEBUG] Screen::getContents() finish.
[2026-06-14 03:10:20] [DEBUG] Screen::updateAreaD() finish.
[2026-06-14 03:10:20] [DEBUG] Screen::updateAreaE() [iframe起動版] path: \Develop\Views\AreaE\Area_E_clear.view start...
[2026-06-14 03:10:20] [DEBUG] Screen::getContents() start...
[2026-06-14 03:10:20] [DEBUG] Screen::getContents() finish.
[2026-06-14 03:10:20] [DEBUG] Screen::updateAreaE() finish.
[2026-06-14 03:10:20] [DEBUG] ProjectController::projectSelectAction() finish.
[2026-06-14 03:10:20] [DEBUG] Screen::areaView() start...
[2026-06-14 03:10:20] [DEBUG] Screen::areaView() finish.
[2026-06-14 03:10:22] [DEBUG] --- wwProject System Start ---
[2026-06-14 03:10:22] [DEBUG] Router::Router() /jemini/wwProjectV1.14/Develop/Console/ServerBridgeAction/
[2026-06-14 03:10:22] [DEBUG] Attempting to load: \Develop\Controllers\ConsoleController::ServerBridgeAction
[2026-06-14 03:10:22] [DEBUG] Router: Executing \Develop\Controllers\ConsoleController->ServerBridgeAction
[2026-06-14 03:10:22] [DEBUG] ConsoleController::ServerBridge() start...
[2026-06-14 03:10:22] [DEBUG] ConsoleController::ServerBridge() \Develop\Controllers\DBDefinitionController::initialAction()
[2026-06-14 03:10:22] [DEBUG] DBDefinitionController::initialAction() start...
[2026-06-14 03:10:22] [DEBUG] DBDefinitionController::initialAction() project_id : PRJ-741CA7
[2026-06-14 03:10:22] [DEBUG] DBDefinitionModel::getTableList() start...
[2026-06-14 03:10:22] [DEBUG] DBDefinitionModel::getTableList() finish. 取得件数: 0
[2026-06-14 03:10:22] [DEBUG] Screen::updateAreaD() path: \Develop\Views\AreaD\DBDefinition\DBDefinitionList.view start...
[2026-06-14 03:10:22] [DEBUG] Screen::getContents() start...
[2026-06-14 03:10:22] [DEBUG] Screen::getContents() finish.
[2026-06-14 03:10:22] [DEBUG] Screen::updateAreaD() finish.
[2026-06-14 03:10:22] [DEBUG] Screen::updateAreaE() [iframe起動版] path: \Develop\Views\AreaE\Area_E_clear.view start...
[2026-06-14 03:10:22] [DEBUG] Screen::getContents() start...
[2026-06-14 03:10:22] [DEBUG] Screen::getContents() finish.
[2026-06-14 03:10:22] [DEBUG] Screen::updateAreaE() finish.
[2026-06-14 03:10:22] [DEBUG] DBDefinitionController::initialAction() end.
[2026-06-14 03:10:22] [DEBUG] Screen::areaView() start...
[2026-06-14 03:10:22] [DEBUG] Screen::areaView() finish.
[2026-06-14 03:10:24] [DEBUG] --- wwProject System Start ---
[2026-06-14 03:10:24] [DEBUG] Router::Router() /jemini/wwProjectV1.14/Develop/Console/ServerBridgeAction/
[2026-06-14 03:10:24] [DEBUG] Attempting to load: \Develop\Controllers\ConsoleController::ServerBridgeAction
[2026-06-14 03:10:24] [DEBUG] Router: Executing \Develop\Controllers\ConsoleController->ServerBridgeAction
[2026-06-14 03:10:24] [DEBUG] ConsoleController::ServerBridge() start...
[2026-06-14 03:10:24] [DEBUG] ConsoleController::ServerBridge() \Develop\Controllers\PartsDefinitionController::initialAction()
[2026-06-14 03:10:24] [DEBUG] PartsDefinitionController::initialAction() start...
[2026-06-14 03:10:24] [DEBUG] SESSION_DATA: Array
(
    [id] => 2
    [user_name] => 渡部 浩
    [login_id] => x
    [password] => x
    [is_hash] => 0
    [role] => user
    [created_at] => 2026-04-17 07:17:17
    [updated_at] => 2026-04-22 22:38:31
    [LAYOUT_MODE] => separate
    [ENVIRONMENT] => development
    [Footer_Message] => consode start...
    [active_function] => 
    [project_map] => Array
        (
            [PRJ-W613KU] => 新規プロジェクト登録２
            [PRJ-E613KU] => 新規プロジェクト登録テスト
            [PRJ-741CA7] => SampleProject２
            [PRJ-D45FEF] => SampleProject１
        )

    [project_id] => PRJ-741CA7
    [project_name] => SampleProject２
)

[2026-06-14 03:10:24] [DEBUG] PartsDefinitionController::initialAction() projectId : PRJ-741CA7
[2026-06-14 03:10:24] [DEBUG] PartsDefinitionModel::getAllPartsList() start... Project ID: PRJ-741CA7
[2026-06-14 03:10:24] [DEBUG] PartsDefinitionModel::getAllPartsList() １
[2026-06-14 03:10:24] [DEBUG] PartsDefinitionModel::getAllPartsList() ２
[2026-06-14 03:10:24] [DEBUG] PartsDefinitionModel::getAllPartsList() ３
[2026-06-14 03:10:24] [DEBUG] PartsDefinitionModel::getAllPartsList() finish. 件数: 0
[2026-06-14 03:10:24] [DEBUG] Screen::updateAreaD() path: \Develop\Views\AreaD\PartsDefinition\PartsDefinitionList.view start...
[2026-06-14 03:10:24] [DEBUG] Screen::getContents() start...
[2026-06-14 03:10:24] [DEBUG] Screen::getContents() finish.
[2026-06-14 03:10:24] [DEBUG] Screen::updateAreaD() finish.
[2026-06-14 03:10:24] [DEBUG] Screen::updateAreaE() [iframe起動版] path: \Develop\Views\AreaE\Area_E_clear.view start...
[2026-06-14 03:10:24] [DEBUG] Screen::getContents() start...
[2026-06-14 03:10:24] [DEBUG] Screen::getContents() finish.
[2026-06-14 03:10:24] [DEBUG] Screen::updateAreaE() finish.
[2026-06-14 03:10:24] [DEBUG] PartsDefinitionController::initialAction() end.
[2026-06-14 03:10:24] [DEBUG] Screen::areaView() start...
[2026-06-14 03:10:24] [DEBUG] Screen::areaView() finish.
[2026-06-14 03:10:26] [DEBUG] --- wwProject System Start ---
[2026-06-14 03:10:26] [DEBUG] Router::Router() /jemini/wwProjectV1.14/Develop/Console/ServerBridgeAction/
[2026-06-14 03:10:26] [DEBUG] Attempting to load: \Develop\Controllers\ConsoleController::ServerBridgeAction
[2026-06-14 03:10:26] [DEBUG] Router: Executing \Develop\Controllers\ConsoleController->ServerBridgeAction
[2026-06-14 03:10:26] [DEBUG] ConsoleController::ServerBridge() start...
[2026-06-14 03:10:26] [DEBUG] ConsoleController::ServerBridge() \Develop\Controllers\ProjectController::projectSelectAction()
[2026-06-14 03:10:26] [DEBUG] ProjectController::projectSelectAction() start...
[2026-06-14 03:10:26] [DEBUG] ProjectController::projectSelectAction() ☆★☆　新規プロジェクト登録２
[2026-06-14 03:10:26] [DEBUG] Screen::updateAreaB() path: \Develop\Views\AreaB\Area_B.view start...
[2026-06-14 03:10:26] [DEBUG] Screen::getContents() start...
[2026-06-14 03:10:26] [DEBUG] Screen::getContents() finish.
[2026-06-14 03:10:26] [DEBUG] Screen::updateAreaB() finish.
[2026-06-14 03:10:26] [DEBUG] ProjectController::projectSelectAction() PRJ-W613KU : PRJ-W613KU
[2026-06-14 03:10:26] [DEBUG] ProjectController::getProjectListHtml() start...
[2026-06-14 03:10:26] [DEBUG] ProjectModel::getProjectList() start...
[2026-06-14 03:10:26] [INFO ] ☆☆☆ projectList : Array
(
    [0] => Array
        (
            [project_id] => PRJ-W613KU
            [project_name] => 新規プロジェクト登録２
        )

    [1] => Array
        (
            [project_id] => PRJ-E613KU
            [project_name] => 新規プロジェクト登録テスト
        )

    [2] => Array
        (
            [project_id] => PRJ-741CA7
            [project_name] => SampleProject２
        )

    [3] => Array
        (
            [project_id] => PRJ-D45FEF
            [project_name] => SampleProject１
        )

)

[2026-06-14 03:10:26] [INFO ] ☆☆☆ projectMap : Array
(
    [PRJ-W613KU] => 新規プロジェクト登録２
    [PRJ-E613KU] => 新規プロジェクト登録テスト
    [PRJ-741CA7] => SampleProject２
    [PRJ-D45FEF] => SampleProject１
)

[2026-06-14 03:10:26] [DEBUG] ProjectModel::getProjectList() finish.
[2026-06-14 03:10:26] [DEBUG] CodeMasterModel：：getCodesByGroup() start...
[2026-06-14 03:10:26] [DEBUG] CodeMasterModel：：getCodesByGroup() finish.
[2026-06-14 03:10:26] [DEBUG] ProjectController::getNaviFooterHtml() start...
[2026-06-14 03:10:26] [DEBUG] ProjectController::getNaviFooterHtml() finish.
[2026-06-14 03:10:26] [DEBUG] Screen::updateAreaC() \Develop\Views\AreaC\Area_C.view start...
[2026-06-14 03:10:26] [DEBUG] Screen::getContents() start...
[2026-06-14 03:10:26] [DEBUG] Screen::getContents() finish.
[2026-06-14 03:10:26] [DEBUG] Screen::updateAreaC() finish.
[2026-06-14 03:10:26] [DEBUG] Screen::updateAreaD() path: \Develop\Views\AreaD\Area_D_clear.view start...
[2026-06-14 03:10:26] [DEBUG] Screen::getContents() start...
[2026-06-14 03:10:26] [DEBUG] Screen::getContents() finish.
[2026-06-14 03:10:26] [DEBUG] Screen::updateAreaD() finish.
[2026-06-14 03:10:26] [DEBUG] Screen::updateAreaE() [iframe起動版] path: \Develop\Views\AreaE\Area_E_clear.view start...
[2026-06-14 03:10:26] [DEBUG] Screen::getContents() start...
[2026-06-14 03:10:26] [DEBUG] Screen::getContents() finish.
[2026-06-14 03:10:26] [DEBUG] Screen::updateAreaE() finish.
[2026-06-14 03:10:26] [DEBUG] ProjectController::projectSelectAction() finish.
[2026-06-14 03:10:26] [DEBUG] Screen::areaView() start...
[2026-06-14 03:10:26] [DEBUG] Screen::areaView() finish.
[2026-06-14 03:10:27] [DEBUG] --- wwProject System Start ---
[2026-06-14 03:10:27] [DEBUG] Router::Router() /jemini/wwProjectV1.14/Develop/Console/ServerBridgeAction/
[2026-06-14 03:10:27] [DEBUG] Attempting to load: \Develop\Controllers\ConsoleController::ServerBridgeAction
[2026-06-14 03:10:27] [DEBUG] Router: Executing \Develop\Controllers\ConsoleController->ServerBridgeAction
[2026-06-14 03:10:27] [DEBUG] ConsoleController::ServerBridge() start...
[2026-06-14 03:10:27] [DEBUG] ConsoleController::ServerBridge() \Develop\Controllers\DBDefinitionController::initialAction()
[2026-06-14 03:10:27] [DEBUG] DBDefinitionController::initialAction() start...
[2026-06-14 03:10:27] [DEBUG] DBDefinitionController::initialAction() project_id : PRJ-W613KU
[2026-06-14 03:10:27] [DEBUG] DBDefinitionModel::getTableList() start...
[2026-06-14 03:10:27] [DEBUG] DBDefinitionModel::getTableList() finish. 取得件数: 0
[2026-06-14 03:10:27] [DEBUG] Screen::updateAreaD() path: \Develop\Views\AreaD\DBDefinition\DBDefinitionList.view start...
[2026-06-14 03:10:27] [DEBUG] Screen::getContents() start...
[2026-06-14 03:10:27] [DEBUG] Screen::getContents() finish.
[2026-06-14 03:10:27] [DEBUG] Screen::updateAreaD() finish.
[2026-06-14 03:10:27] [DEBUG] Screen::updateAreaE() [iframe起動版] path: \Develop\Views\AreaE\Area_E_clear.view start...
[2026-06-14 03:10:27] [DEBUG] Screen::getContents() start...
[2026-06-14 03:10:27] [DEBUG] Screen::getContents() finish.
[2026-06-14 03:10:27] [DEBUG] Screen::updateAreaE() finish.
[2026-06-14 03:10:27] [DEBUG] DBDefinitionController::initialAction() end.
[2026-06-14 03:10:27] [DEBUG] Screen::areaView() start...
[2026-06-14 03:10:27] [DEBUG] Screen::areaView() finish.
[2026-06-14 03:10:28] [DEBUG] --- wwProject System Start ---
[2026-06-14 03:10:28] [DEBUG] Router::Router() /jemini/wwProjectV1.14/Develop/Console/ServerBridgeAction/
[2026-06-14 03:10:28] [DEBUG] Attempting to load: \Develop\Controllers\ConsoleController::ServerBridgeAction
[2026-06-14 03:10:28] [DEBUG] Router: Executing \Develop\Controllers\ConsoleController->ServerBridgeAction
[2026-06-14 03:10:28] [DEBUG] ConsoleController::ServerBridge() start...
[2026-06-14 03:10:28] [DEBUG] ConsoleController::ServerBridge() \Develop\Controllers\PartsDefinitionController::initialAction()
[2026-06-14 03:10:28] [DEBUG] PartsDefinitionController::initialAction() start...
[2026-06-14 03:10:28] [DEBUG] SESSION_DATA: Array
(
    [id] => 2
    [user_name] => 渡部 浩
    [login_id] => x
    [password] => x
    [is_hash] => 0
    [role] => user
    [created_at] => 2026-04-17 07:17:17
    [updated_at] => 2026-04-22 22:38:31
    [LAYOUT_MODE] => separate
    [ENVIRONMENT] => development
    [Footer_Message] => consode start...
    [active_function] => 
    [project_map] => Array
        (
            [PRJ-W613KU] => 新規プロジェクト登録２
            [PRJ-E613KU] => 新規プロジェクト登録テスト
            [PRJ-741CA7] => SampleProject２
            [PRJ-D45FEF] => SampleProject１
        )

    [project_id] => PRJ-W613KU
    [project_name] => 新規プロジェクト登録２
)

[2026-06-14 03:10:28] [DEBUG] PartsDefinitionController::initialAction() projectId : PRJ-W613KU
[2026-06-14 03:10:28] [DEBUG] PartsDefinitionModel::getAllPartsList() start... Project ID: PRJ-W613KU
[2026-06-14 03:10:28] [DEBUG] PartsDefinitionModel::getAllPartsList() １
[2026-06-14 03:10:28] [DEBUG] PartsDefinitionModel::getAllPartsList() ２
[2026-06-14 03:10:28] [DEBUG] PartsDefinitionModel::getAllPartsList() ３
[2026-06-14 03:10:28] [DEBUG] PartsDefinitionModel::getAllPartsList() finish. 件数: 0
[2026-06-14 03:10:28] [DEBUG] Screen::updateAreaD() path: \Develop\Views\AreaD\PartsDefinition\PartsDefinitionList.view start...
[2026-06-14 03:10:28] [DEBUG] Screen::getContents() start...
[2026-06-14 03:10:28] [DEBUG] Screen::getContents() finish.
[2026-06-14 03:10:28] [DEBUG] Screen::updateAreaD() finish.
[2026-06-14 03:10:28] [DEBUG] Screen::updateAreaE() [iframe起動版] path: \Develop\Views\AreaE\Area_E_clear.view start...
[2026-06-14 03:10:28] [DEBUG] Screen::getContents() start...
[2026-06-14 03:10:28] [DEBUG] Screen::getContents() finish.
[2026-06-14 03:10:28] [DEBUG] Screen::updateAreaE() finish.
[2026-06-14 03:10:28] [DEBUG] PartsDefinitionController::initialAction() end.
[2026-06-14 03:10:28] [DEBUG] Screen::areaView() start...
[2026-06-14 03:10:28] [DEBUG] Screen::areaView() finish.
[2026-06-14 03:10:31] [DEBUG] --- wwProject System Start ---
[2026-06-14 03:10:31] [DEBUG] Router::Router() /jemini/wwProjectV1.14/Develop/Console/ServerBridgeAction/
[2026-06-14 03:10:31] [DEBUG] Attempting to load: \Develop\Controllers\ConsoleController::ServerBridgeAction
[2026-06-14 03:10:31] [DEBUG] Router: Executing \Develop\Controllers\ConsoleController->ServerBridgeAction
[2026-06-14 03:10:31] [DEBUG] ConsoleController::ServerBridge() start...
[2026-06-14 03:10:31] [DEBUG] ConsoleController::ServerBridge() \Develop\Controllers\ProjectController::projectSelectAction()
[2026-06-14 03:10:31] [DEBUG] ProjectController::projectSelectAction() start...
[2026-06-14 03:10:31] [DEBUG] ProjectController::projectSelectAction() ☆★☆　SampleProject１
[2026-06-14 03:10:31] [DEBUG] Screen::updateAreaB() path: \Develop\Views\AreaB\Area_B.view start...
[2026-06-14 03:10:31] [DEBUG] Screen::getContents() start...
[2026-06-14 03:10:31] [DEBUG] Screen::getContents() finish.
[2026-06-14 03:10:31] [DEBUG] Screen::updateAreaB() finish.
[2026-06-14 03:10:31] [DEBUG] ProjectController::projectSelectAction() PRJ-D45FEF : PRJ-D45FEF
[2026-06-14 03:10:31] [DEBUG] ProjectController::getProjectListHtml() start...
[2026-06-14 03:10:31] [DEBUG] ProjectModel::getProjectList() start...
[2026-06-14 03:10:31] [INFO ] ☆☆☆ projectList : Array
(
    [0] => Array
        (
            [project_id] => PRJ-W613KU
            [project_name] => 新規プロジェクト登録２
        )

    [1] => Array
        (
            [project_id] => PRJ-E613KU
            [project_name] => 新規プロジェクト登録テスト
        )

    [2] => Array
        (
            [project_id] => PRJ-741CA7
            [project_name] => SampleProject２
        )

    [3] => Array
        (
            [project_id] => PRJ-D45FEF
            [project_name] => SampleProject１
        )

)

[2026-06-14 03:10:31] [INFO ] ☆☆☆ projectMap : Array
(
    [PRJ-W613KU] => 新規プロジェクト登録２
    [PRJ-E613KU] => 新規プロジェクト登録テスト
    [PRJ-741CA7] => SampleProject２
    [PRJ-D45FEF] => SampleProject１
)

[2026-06-14 03:10:31] [DEBUG] ProjectModel::getProjectList() finish.
[2026-06-14 03:10:31] [DEBUG] CodeMasterModel：：getCodesByGroup() start...
[2026-06-14 03:10:31] [DEBUG] CodeMasterModel：：getCodesByGroup() finish.
[2026-06-14 03:10:31] [DEBUG] ProjectController::getNaviFooterHtml() start...
[2026-06-14 03:10:31] [DEBUG] ProjectController::getNaviFooterHtml() finish.
[2026-06-14 03:10:31] [DEBUG] Screen::updateAreaC() \Develop\Views\AreaC\Area_C.view start...
[2026-06-14 03:10:31] [DEBUG] Screen::getContents() start...
[2026-06-14 03:10:31] [DEBUG] Screen::getContents() finish.
[2026-06-14 03:10:31] [DEBUG] Screen::updateAreaC() finish.
[2026-06-14 03:10:31] [DEBUG] Screen::updateAreaD() path: \Develop\Views\AreaD\Area_D_clear.view start...
[2026-06-14 03:10:31] [DEBUG] Screen::getContents() start...
[2026-06-14 03:10:31] [DEBUG] Screen::getContents() finish.
[2026-06-14 03:10:31] [DEBUG] Screen::updateAreaD() finish.
[2026-06-14 03:10:31] [DEBUG] Screen::updateAreaE() [iframe起動版] path: \Develop\Views\AreaE\Area_E_clear.view start...
[2026-06-14 03:10:31] [DEBUG] Screen::getContents() start...
[2026-06-14 03:10:31] [DEBUG] Screen::getContents() finish.
[2026-06-14 03:10:31] [DEBUG] Screen::updateAreaE() finish.
[2026-06-14 03:10:31] [DEBUG] ProjectController::projectSelectAction() finish.
[2026-06-14 03:10:31] [DEBUG] Screen::areaView() start...
[2026-06-14 03:10:31] [DEBUG] Screen::areaView() finish.
[2026-06-14 03:10:33] [DEBUG] --- wwProject System Start ---
[2026-06-14 03:10:33] [DEBUG] Router::Router() /jemini/wwProjectV1.14/Develop/Console/ServerBridgeAction/
[2026-06-14 03:10:33] [DEBUG] Attempting to load: \Develop\Controllers\ConsoleController::ServerBridgeAction
[2026-06-14 03:10:33] [DEBUG] Router: Executing \Develop\Controllers\ConsoleController->ServerBridgeAction
[2026-06-14 03:10:33] [DEBUG] ConsoleController::ServerBridge() start...
[2026-06-14 03:10:33] [DEBUG] ConsoleController::ServerBridge() \Develop\Controllers\ScreenDefinitionController::InitialAction()
[2026-06-14 03:10:33] [DEBUG] DBDefinitionController::initialAction() start...
[2026-06-14 03:10:33] [DEBUG] Screen::updateAreaD() path: \Develop\Views\AreaD\ScreenDefinition\ScreenDefinitionList.view start...
[2026-06-14 03:10:33] [DEBUG] Screen::getContents() start...
[2026-06-14 03:10:33] [DEBUG] Screen::getContents() finish.
[2026-06-14 03:10:33] [DEBUG] Screen::updateAreaD() finish.
[2026-06-14 03:10:33] [DEBUG] DBDefinitionController::initialAction() end.
[2026-06-14 03:10:33] [DEBUG] Screen::areaView() start...
[2026-06-14 03:10:33] [DEBUG] Screen::areaView() finish.
[2026-06-14 03:10:34] [DEBUG] --- wwProject System Start ---
[2026-06-14 03:10:34] [DEBUG] Router::Router() /jemini/wwProjectV1.14/Develop/Console/ServerBridgeAction/
[2026-06-14 03:10:34] [DEBUG] Attempting to load: \Develop\Controllers\ConsoleController::ServerBridgeAction
[2026-06-14 03:10:34] [DEBUG] Router: Executing \Develop\Controllers\ConsoleController->ServerBridgeAction
[2026-06-14 03:10:34] [DEBUG] ConsoleController::ServerBridge() start...
[2026-06-14 03:10:34] [DEBUG] ConsoleController::ServerBridge() \Develop\Controllers\PartsDefinitionController::initialAction()
[2026-06-14 03:10:34] [DEBUG] PartsDefinitionController::initialAction() start...
[2026-06-14 03:10:34] [DEBUG] SESSION_DATA: Array
(
    [id] => 2
    [user_name] => 渡部 浩
    [login_id] => x
    [password] => x
    [is_hash] => 0
    [role] => user
    [created_at] => 2026-04-17 07:17:17
    [updated_at] => 2026-04-22 22:38:31
    [LAYOUT_MODE] => separate
    [ENVIRONMENT] => development
    [Footer_Message] => consode start...
    [active_function] => 
    [project_map] => Array
        (
            [PRJ-W613KU] => 新規プロジェクト登録２
            [PRJ-E613KU] => 新規プロジェクト登録テスト
            [PRJ-741CA7] => SampleProject２
            [PRJ-D45FEF] => SampleProject１
        )

    [project_id] => PRJ-D45FEF
    [project_name] => SampleProject１
)

[2026-06-14 03:10:34] [DEBUG] PartsDefinitionController::initialAction() projectId : PRJ-D45FEF
[2026-06-14 03:10:34] [DEBUG] PartsDefinitionModel::getAllPartsList() start... Project ID: PRJ-D45FEF
[2026-06-14 03:10:34] [DEBUG] PartsDefinitionModel::getAllPartsList() １
[2026-06-14 03:10:34] [DEBUG] PartsDefinitionModel::getAllPartsList() ２
[2026-06-14 03:10:34] [DEBUG] PartsDefinitionModel::getAllPartsList() ３
[2026-06-14 03:10:34] [DEBUG] PartsDefinitionModel::getAllPartsList() finish. 件数: 3
[2026-06-14 03:10:34] [DEBUG] Screen::updateAreaD() path: \Develop\Views\AreaD\PartsDefinition\PartsDefinitionList.view start...
[2026-06-14 03:10:34] [DEBUG] Screen::getContents() start...
[2026-06-14 03:10:34] [DEBUG] Screen::getContents() finish.
[2026-06-14 03:10:34] [DEBUG] Screen::updateAreaD() finish.
[2026-06-14 03:10:34] [DEBUG] Screen::updateAreaE() [iframe起動版] path: \Develop\Views\AreaE\Area_E_clear.view start...
[2026-06-14 03:10:34] [DEBUG] Screen::getContents() start...
[2026-06-14 03:10:34] [DEBUG] Screen::getContents() finish.
[2026-06-14 03:10:34] [DEBUG] Screen::updateAreaE() finish.
[2026-06-14 03:10:34] [DEBUG] PartsDefinitionController::initialAction() end.
[2026-06-14 03:10:34] [DEBUG] Screen::areaView() start...
[2026-06-14 03:10:34] [DEBUG] Screen::areaView() finish.
[2026-06-14 03:10:35] [DEBUG] --- wwProject System Start ---
[2026-06-14 03:10:35] [DEBUG] Router::Router() /jemini/wwProjectV1.14/Develop/Console/ServerBridgeAction/
[2026-06-14 03:10:35] [DEBUG] Attempting to load: \Develop\Controllers\ConsoleController::ServerBridgeAction
[2026-06-14 03:10:35] [DEBUG] Router: Executing \Develop\Controllers\ConsoleController->ServerBridgeAction
[2026-06-14 03:10:35] [DEBUG] ConsoleController::ServerBridge() start...
[2026-06-14 03:10:35] [DEBUG] ConsoleController::ServerBridge() \Develop\Controllers\DBDefinitionController::initialAction()
[2026-06-14 03:10:35] [DEBUG] DBDefinitionController::initialAction() start...
[2026-06-14 03:10:35] [DEBUG] DBDefinitionController::initialAction() project_id : PRJ-D45FEF
[2026-06-14 03:10:35] [DEBUG] DBDefinitionModel::getTableList() start...
[2026-06-14 03:10:35] [DEBUG] DBDefinitionModel::getTableList() finish. 取得件数: 3
[2026-06-14 03:10:35] [DEBUG] Screen::updateAreaD() path: \Develop\Views\AreaD\DBDefinition\DBDefinitionList.view start...
[2026-06-14 03:10:35] [DEBUG] Screen::getContents() start...
[2026-06-14 03:10:35] [DEBUG] Screen::getContents() finish.
[2026-06-14 03:10:35] [DEBUG] Screen::updateAreaD() finish.
[2026-06-14 03:10:35] [DEBUG] Screen::updateAreaE() [iframe起動版] path: \Develop\Views\AreaE\Area_E_clear.view start...
[2026-06-14 03:10:35] [DEBUG] Screen::getContents() start...
[2026-06-14 03:10:35] [DEBUG] Screen::getContents() finish.
[2026-06-14 03:10:35] [DEBUG] Screen::updateAreaE() finish.
[2026-06-14 03:10:35] [DEBUG] DBDefinitionController::initialAction() end.
[2026-06-14 03:10:35] [DEBUG] Screen::areaView() start...
[2026-06-14 03:10:35] [DEBUG] Screen::areaView() finish.
[2026-06-14 03:17:44] [DEBUG] --- wwProject System Start ---
[2026-06-14 03:17:44] [DEBUG] Router::Router() /jemini/wwProjectV1.15/develop/
[2026-06-14 03:17:44] [DEBUG] Attempting to load: \Develop\Controllers\LoginController::initialAction
[2026-06-14 03:17:44] [DEBUG] Router: Executing \Develop\Controllers\LoginController->initialAction
[2026-06-14 03:17:44] [DEBUG] Login::initialAction() start...
[2026-06-14 03:17:44] [DEBUG] Login::initialAction() errorMessage : 
[2026-06-14 03:17:44] [DEBUG] Screen::view() path: \Develop\Views\Login\Login.view start...
[2026-06-14 03:17:44] [DEBUG] Screen::getContents() start...
[2026-06-14 03:17:44] [DEBUG] Screen::getContents() finish.
[2026-06-14 03:17:44] [DEBUG] Screen::view() path: \Develop\Views\Login\Login.view finish.
[2026-06-14 03:17:44] [DEBUG] Login::initialAction() finish.
[2026-06-14 03:17:48] [DEBUG] --- wwProject System Start ---
[2026-06-14 03:17:48] [DEBUG] Router::Router() /jemini/wwProjectV1.15/Develop/Login/authentication/
[2026-06-14 03:17:48] [DEBUG] Attempting to load: \Develop\Controllers\LoginController::authenticationAction
[2026-06-14 03:17:48] [DEBUG] Router: Executing \Develop\Controllers\LoginController->authenticationAction
[2026-06-14 03:17:48] [DEBUG] Login::AuthenticationAction() start...
[2026-06-14 03:17:48] [DEBUG] Login OK - x
[2026-06-14 03:17:48] [DEBUG] Session::start()
[2026-06-14 03:17:48] [DEBUG] Redirect to Console::initialAction()
[2026-06-14 03:17:48] [DEBUG] --- wwProject System Start ---
[2026-06-14 03:17:48] [DEBUG] Router::Router() /jemini/wwProjectV1.15/Develop/Console/initial/
[2026-06-14 03:17:48] [DEBUG] Attempting to load: \Develop\Controllers\ConsoleController::initialAction
[2026-06-14 03:17:48] [DEBUG] Router: Executing \Develop\Controllers\ConsoleController->initialAction
[2026-06-14 03:17:48] [DEBUG] Console::initialAction() start...
[2026-06-14 03:17:48] [DEBUG] Screen::view() path: \Develop\Views\Console\Console.view start...
[2026-06-14 03:17:48] [DEBUG] Screen::getContents() start...
[2026-06-14 03:17:48] [DEBUG] Screen::getContents() finish.
[2026-06-14 03:17:48] [DEBUG] Screen::view() path: \Develop\Views\Console\Console.view finish.
[2026-06-14 03:17:48] [DEBUG] ConsoleController::initialAction() finish.
[2026-06-14 03:17:48] [DEBUG] --- wwProject System Start ---
[2026-06-14 03:17:48] [DEBUG] Router::Router() /jemini/wwProjectV1.15/Develop/Console/ServerBridgeAction/
[2026-06-14 03:17:48] [DEBUG] Attempting to load: \Develop\Controllers\ConsoleController::ServerBridgeAction
[2026-06-14 03:17:48] [DEBUG] Router: Executing \Develop\Controllers\ConsoleController->ServerBridgeAction
[2026-06-14 03:17:48] [DEBUG] ConsoleController::ServerBridge() start...
[2026-06-14 03:17:48] [DEBUG] ConsoleController::ServerBridge() \Develop\Controllers\ConsoleController::areaInitialAction()
[2026-06-14 03:17:48] [DEBUG] ConsoleController::AreaInitialAction() start...
[2026-06-14 03:17:48] [DEBUG] Screen::updateAreaA() path: \Develop\Views\AreaA\Area_A.view start...
[2026-06-14 03:17:48] [DEBUG] Screen::areaView() sending JSON: ["areas"]
[2026-06-14 03:17:48] [DEBUG] Screen::getContents() start...
[2026-06-14 03:17:48] [DEBUG] Screen::getContents() finish.
[2026-06-14 03:17:48] [DEBUG] Screen::updateAreaA() finish.
[2026-06-14 03:17:48] [DEBUG] Screen::updateAreaB() path: \Develop\Views\AreaB\Area_B.view start...
[2026-06-14 03:17:48] [DEBUG] Screen::getContents() start...
[2026-06-14 03:17:48] [DEBUG] Screen::getContents() finish.
[2026-06-14 03:17:48] [DEBUG] Screen::updateAreaB() finish.
[2026-06-14 03:17:48] [DEBUG] Screen::updateAreaD() path: \Develop\Views\AreaD\Area_D_clear.view start...
[2026-06-14 03:17:48] [DEBUG] Screen::getContents() start...
[2026-06-14 03:17:48] [DEBUG] Screen::getContents() finish.
[2026-06-14 03:17:48] [DEBUG] Screen::updateAreaD() finish.
[2026-06-14 03:17:48] [DEBUG] Screen::updateAreaE() [iframe起動版] path: \Develop\Views\AreaE\Area_E_clear.view start...
[2026-06-14 03:17:48] [DEBUG] Screen::getContents() start...
[2026-06-14 03:17:48] [DEBUG] Screen::getContents() finish.
[2026-06-14 03:17:48] [DEBUG] Screen::updateAreaE() finish.
[2026-06-14 03:17:48] [DEBUG] Screen::updateAreaF() path: \Develop\Views\AreaF\Area_F.view start...
[2026-06-14 03:17:48] [DEBUG] Screen::getContents() start...
[2026-06-14 03:17:48] [DEBUG] Screen::getContents() finish.
[2026-06-14 03:17:48] [DEBUG] Screen::updateAreaF() finish.
[2026-06-14 03:17:48] [DEBUG] ProjectController::startProjectNabi() start...
[2026-06-14 03:17:48] [DEBUG] ProjectController::getProjectListHtml() start...
[2026-06-14 03:17:48] [DEBUG] ProjectModel::getProjectList() start...
[2026-06-14 03:17:48] [INFO ] ☆☆☆ projectList : Array
(
    [0] => Array
        (
            [project_id] => PRJ-W613KU
            [project_name] => 新規プロジェクト登録２
        )

    [1] => Array
        (
            [project_id] => PRJ-E613KU
            [project_name] => 新規プロジェクト登録テスト
        )

    [2] => Array
        (
            [project_id] => PRJ-741CA7
            [project_name] => SampleProject２
        )

    [3] => Array
        (
            [project_id] => PRJ-D45FEF
            [project_name] => SampleProject１
        )

)

[2026-06-14 03:17:48] [INFO ] ☆☆☆ projectMap : Array
(
    [PRJ-W613KU] => 新規プロジェクト登録２
    [PRJ-E613KU] => 新規プロジェクト登録テスト
    [PRJ-741CA7] => SampleProject２
    [PRJ-D45FEF] => SampleProject１
)

[2026-06-14 03:17:48] [DEBUG] ProjectModel::getProjectList() finish.
[2026-06-14 03:17:48] [DEBUG] CodeMasterModel：：getCodesByGroup() start...
[2026-06-14 03:17:48] [DEBUG] CodeMasterModel：：getCodesByGroup() finish.
[2026-06-14 03:17:48] [DEBUG] ProjectController::getNaviFooterHtml() start...
[2026-06-14 03:17:48] [DEBUG] ProjectController::getNaviFooterHtml() finish.
[2026-06-14 03:17:48] [DEBUG] ProjectController::startProjectNabi() finish.
[2026-06-14 03:17:48] [DEBUG] Screen::updateAreaC() \Develop\Views\AreaC\Area_C.view start...
[2026-06-14 03:17:48] [DEBUG] Screen::getContents() start...
[2026-06-14 03:17:48] [DEBUG] Screen::getContents() finish.
[2026-06-14 03:17:48] [DEBUG] Screen::updateAreaC() finish.
[2026-06-14 03:17:48] [DEBUG] ConsoleController::AreaInitialAction() finish.
[2026-06-14 03:17:48] [DEBUG] Screen::areaView() start...
[2026-06-14 03:17:48] [DEBUG] Screen::areaView() finish.
[2026-06-14 03:17:49] [DEBUG] --- wwProject System Start ---
[2026-06-14 03:17:49] [DEBUG] Router::Router() /jemini/wwProjectV1.15/Develop/Console/ServerBridgeAction/
[2026-06-14 03:17:49] [DEBUG] Attempting to load: \Develop\Controllers\ConsoleController::ServerBridgeAction
[2026-06-14 03:17:49] [DEBUG] Router: Executing \Develop\Controllers\ConsoleController->ServerBridgeAction
[2026-06-14 03:17:49] [DEBUG] ConsoleController::ServerBridge() start...
[2026-06-14 03:17:49] [DEBUG] ConsoleController::ServerBridge() \Develop\Controllers\ProjectController::projectSelectAction()
[2026-06-14 03:17:49] [DEBUG] ProjectController::projectSelectAction() start...
[2026-06-14 03:17:49] [DEBUG] ProjectController::projectSelectAction() ☆★☆　SampleProject１
[2026-06-14 03:17:49] [DEBUG] Screen::updateAreaB() path: \Develop\Views\AreaB\Area_B.view start...
[2026-06-14 03:17:49] [DEBUG] Screen::getContents() start...
[2026-06-14 03:17:49] [DEBUG] Screen::getContents() finish.
[2026-06-14 03:17:49] [DEBUG] Screen::updateAreaB() finish.
[2026-06-14 03:17:49] [DEBUG] ProjectController::projectSelectAction() PRJ-D45FEF : PRJ-D45FEF
[2026-06-14 03:17:49] [DEBUG] ProjectController::getProjectListHtml() start...
[2026-06-14 03:17:49] [DEBUG] ProjectModel::getProjectList() start...
[2026-06-14 03:17:49] [INFO ] ☆☆☆ projectList : Array
(
    [0] => Array
        (
            [project_id] => PRJ-W613KU
            [project_name] => 新規プロジェクト登録２
        )

    [1] => Array
        (
            [project_id] => PRJ-E613KU
            [project_name] => 新規プロジェクト登録テスト
        )

    [2] => Array
        (
            [project_id] => PRJ-741CA7
            [project_name] => SampleProject２
        )

    [3] => Array
        (
            [project_id] => PRJ-D45FEF
            [project_name] => SampleProject１
        )

)

[2026-06-14 03:17:49] [INFO ] ☆☆☆ projectMap : Array
(
    [PRJ-W613KU] => 新規プロジェクト登録２
    [PRJ-E613KU] => 新規プロジェクト登録テスト
    [PRJ-741CA7] => SampleProject２
    [PRJ-D45FEF] => SampleProject１
)

[2026-06-14 03:17:49] [DEBUG] ProjectModel::getProjectList() finish.
[2026-06-14 03:17:49] [DEBUG] CodeMasterModel：：getCodesByGroup() start...
[2026-06-14 03:17:49] [DEBUG] CodeMasterModel：：getCodesByGroup() finish.
[2026-06-14 03:17:49] [DEBUG] ProjectController::getNaviFooterHtml() start...
[2026-06-14 03:17:49] [DEBUG] ProjectController::getNaviFooterHtml() finish.
[2026-06-14 03:17:49] [DEBUG] Screen::updateAreaC() \Develop\Views\AreaC\Area_C.view start...
[2026-06-14 03:17:49] [DEBUG] Screen::getContents() start...
[2026-06-14 03:17:49] [DEBUG] Screen::getContents() finish.
[2026-06-14 03:17:49] [DEBUG] Screen::updateAreaC() finish.
[2026-06-14 03:17:49] [DEBUG] Screen::updateAreaD() path: \Develop\Views\AreaD\Area_D_clear.view start...
[2026-06-14 03:17:49] [DEBUG] Screen::getContents() start...
[2026-06-14 03:17:49] [DEBUG] Screen::getContents() finish.
[2026-06-14 03:17:49] [DEBUG] Screen::updateAreaD() finish.
[2026-06-14 03:17:49] [DEBUG] Screen::updateAreaE() [iframe起動版] path: \Develop\Views\AreaE\Area_E_clear.view start...
[2026-06-14 03:17:49] [DEBUG] Screen::getContents() start...
[2026-06-14 03:17:49] [DEBUG] Screen::getContents() finish.
[2026-06-14 03:17:49] [DEBUG] Screen::updateAreaE() finish.
[2026-06-14 03:17:49] [DEBUG] ProjectController::projectSelectAction() finish.
[2026-06-14 03:17:49] [DEBUG] Screen::areaView() start...
[2026-06-14 03:17:49] [DEBUG] Screen::areaView() finish.
[2026-06-14 03:17:51] [DEBUG] --- wwProject System Start ---
[2026-06-14 03:17:51] [DEBUG] Router::Router() /jemini/wwProjectV1.15/Develop/Console/ServerBridgeAction/
[2026-06-14 03:17:51] [DEBUG] Attempting to load: \Develop\Controllers\ConsoleController::ServerBridgeAction
[2026-06-14 03:17:51] [DEBUG] Router: Executing \Develop\Controllers\ConsoleController->ServerBridgeAction
[2026-06-14 03:17:51] [DEBUG] ConsoleController::ServerBridge() start...
[2026-06-14 03:17:51] [DEBUG] ConsoleController::ServerBridge() \Develop\Controllers\DBDefinitionController::initialAction()
[2026-06-14 03:17:51] [DEBUG] DBDefinitionController::initialAction() start...
[2026-06-14 03:17:51] [DEBUG] DBDefinitionController::initialAction() project_id : PRJ-D45FEF
[2026-06-14 03:17:51] [DEBUG] DBDefinitionModel::getTableList() start...
[2026-06-14 03:17:51] [DEBUG] DBDefinitionModel::getTableList() finish. 取得件数: 3
[2026-06-14 03:17:51] [DEBUG] Screen::updateAreaD() path: \Develop\Views\AreaD\DBDefinition\DBDefinitionList.view start...
[2026-06-14 03:17:51] [DEBUG] Screen::getContents() start...
[2026-06-14 03:17:51] [DEBUG] Screen::getContents() finish.
[2026-06-14 03:17:51] [DEBUG] Screen::updateAreaD() finish.
[2026-06-14 03:17:51] [DEBUG] Screen::updateAreaE() [iframe起動版] path: \Develop\Views\AreaE\Area_E_clear.view start...
[2026-06-14 03:17:51] [DEBUG] Screen::getContents() start...
[2026-06-14 03:17:51] [DEBUG] Screen::getContents() finish.
[2026-06-14 03:17:51] [DEBUG] Screen::updateAreaE() finish.
[2026-06-14 03:17:51] [DEBUG] DBDefinitionController::initialAction() end.
[2026-06-14 03:17:51] [DEBUG] Screen::areaView() start...
[2026-06-14 03:17:51] [DEBUG] Screen::areaView() finish.
[2026-06-14 03:17:54] [DEBUG] --- wwProject System Start ---
[2026-06-14 03:17:54] [DEBUG] Router::Router() /jemini/wwProjectV1.15/Develop/Console/ServerBridgeAction/
[2026-06-14 03:17:54] [DEBUG] Attempting to load: \Develop\Controllers\ConsoleController::ServerBridgeAction
[2026-06-14 03:17:54] [DEBUG] Router: Executing \Develop\Controllers\ConsoleController->ServerBridgeAction
[2026-06-14 03:17:54] [DEBUG] ConsoleController::ServerBridge() start...
[2026-06-14 03:17:54] [DEBUG] ConsoleController::ServerBridge() \Develop\Controllers\ScreenDefinitionController::InitialAction()
[2026-06-14 03:17:54] [DEBUG] DBDefinitionController::initialAction() start...
[2026-06-14 03:17:54] [DEBUG] Screen::updateAreaD() path: \Develop\Views\AreaD\ScreenDefinition\ScreenDefinitionList.view start...
[2026-06-14 03:17:54] [DEBUG] Screen::getContents() start...
[2026-06-14 03:17:54] [DEBUG] Screen::getContents() finish.
[2026-06-14 03:17:54] [DEBUG] Screen::updateAreaD() finish.
[2026-06-14 03:17:54] [DEBUG] DBDefinitionController::initialAction() end.
[2026-06-14 03:17:54] [DEBUG] Screen::areaView() start...
[2026-06-14 03:17:54] [DEBUG] Screen::areaView() finish.
[2026-06-14 03:17:56] [DEBUG] --- wwProject System Start ---
[2026-06-14 03:17:56] [DEBUG] Router::Router() /jemini/wwProjectV1.15/Develop/Console/ServerBridgeAction/
[2026-06-14 03:17:56] [DEBUG] Attempting to load: \Develop\Controllers\ConsoleController::ServerBridgeAction
[2026-06-14 03:17:56] [DEBUG] Router: Executing \Develop\Controllers\ConsoleController->ServerBridgeAction
[2026-06-14 03:17:56] [DEBUG] ConsoleController::ServerBridge() start...
[2026-06-14 03:17:56] [DEBUG] ConsoleController::ServerBridge() \Develop\Controllers\PartsDefinitionController::initialAction()
[2026-06-14 03:17:56] [DEBUG] PartsDefinitionController::initialAction() start...
[2026-06-14 03:17:56] [DEBUG] SESSION_DATA: Array
(
    [id] => 2
    [user_name] => 渡部 浩
    [login_id] => x
    [password] => x
    [is_hash] => 0
    [role] => user
    [created_at] => 2026-04-17 07:17:17
    [updated_at] => 2026-04-22 22:38:31
    [LAYOUT_MODE] => separate
    [ENVIRONMENT] => development
    [Footer_Message] => consode start...
    [active_function] => 
    [project_map] => Array
        (
            [PRJ-W613KU] => 新規プロジェクト登録２
            [PRJ-E613KU] => 新規プロジェクト登録テスト
            [PRJ-741CA7] => SampleProject２
            [PRJ-D45FEF] => SampleProject１
        )

    [project_id] => PRJ-D45FEF
    [project_name] => SampleProject１
)

[2026-06-14 03:17:56] [DEBUG] PartsDefinitionController::initialAction() projectId : PRJ-D45FEF
[2026-06-14 03:17:56] [DEBUG] PartsDefinitionModel::getAllPartsList() start... Project ID: PRJ-D45FEF
[2026-06-14 03:17:56] [DEBUG] PartsDefinitionModel::getAllPartsList() １
[2026-06-14 03:17:56] [DEBUG] PartsDefinitionModel::getAllPartsList() ２
[2026-06-14 03:17:56] [DEBUG] PartsDefinitionModel::getAllPartsList() ３
[2026-06-14 03:17:56] [DEBUG] PartsDefinitionModel::getAllPartsList() finish. 件数: 3
[2026-06-14 03:17:56] [DEBUG] Screen::updateAreaD() path: \Develop\Views\AreaD\PartsDefinition\PartsDefinitionList.view start...
[2026-06-14 03:17:56] [DEBUG] Screen::getContents() start...
[2026-06-14 03:17:56] [DEBUG] Screen::getContents() finish.
[2026-06-14 03:17:56] [DEBUG] Screen::updateAreaD() finish.
[2026-06-14 03:17:56] [DEBUG] Screen::updateAreaE() [iframe起動版] path: \Develop\Views\AreaE\Area_E_clear.view start...
[2026-06-14 03:17:56] [DEBUG] Screen::getContents() start...
[2026-06-14 03:17:56] [DEBUG] Screen::getContents() finish.
[2026-06-14 03:17:56] [DEBUG] Screen::updateAreaE() finish.
[2026-06-14 03:17:56] [DEBUG] PartsDefinitionController::initialAction() end.
[2026-06-14 03:17:56] [DEBUG] Screen::areaView() start...
[2026-06-14 03:17:56] [DEBUG] Screen::areaView() finish.
[2026-06-14 03:17:57] [DEBUG] --- wwProject System Start ---
[2026-06-14 03:17:57] [DEBUG] Router::Router() /jemini/wwProjectV1.15/Develop/Console/ServerBridgeAction/
[2026-06-14 03:17:57] [DEBUG] Attempting to load: \Develop\Controllers\ConsoleController::ServerBridgeAction
[2026-06-14 03:17:57] [DEBUG] Router: Executing \Develop\Controllers\ConsoleController->ServerBridgeAction
[2026-06-14 03:17:57] [DEBUG] ConsoleController::ServerBridge() start...
[2026-06-14 03:17:57] [DEBUG] ConsoleController::ServerBridge() \Develop\Controllers\PartsDefinitionController::editPartsAction()
[2026-06-14 03:17:57] [DEBUG] PartsDefinitionController::editParts() start...
[2026-06-14 03:17:57] [DEBUG] PartsDefinitionModel::getPartsById() start... Parts ID: 8 Project ID: PRJ-D45FEF
[2026-06-14 03:17:57] [DEBUG] PartsDefinitionModel::getPartsById() finish.
[2026-06-14 03:17:57] [DEBUG] PartsDefinitionModel::getPartsInfoByPartsId() start...
[2026-06-14 03:17:57] [DEBUG] PartsDefinitionModel::getPartsInfoByPartsId() finish.
[2026-06-14 03:17:57] [DEBUG] Screen::updateAreaE() [iframe起動版] path: \Develop\Views\AreaE\PartsDefinition\RegistParts.view start...
[2026-06-14 03:17:57] [DEBUG] Screen::getContents() start...
[2026-06-14 03:17:58] [DEBUG] Screen::getContents() finish.
[2026-06-14 03:17:58] [DEBUG] Screen::updateAreaE() finish.
[2026-06-14 03:17:58] [DEBUG] PartsDefinitionController::editParts() finish.
[2026-06-14 03:17:58] [DEBUG] Screen::areaView() start...
[2026-06-14 03:17:58] [DEBUG] Screen::areaView() finish.
[2026-06-14 03:18:00] [DEBUG] --- wwProject System Start ---
[2026-06-14 03:18:00] [DEBUG] Router::Router() /jemini/wwProjectV1.15/Develop/Console/ServerBridgeAction/
[2026-06-14 03:18:00] [DEBUG] Attempting to load: \Develop\Controllers\ConsoleController::ServerBridgeAction
[2026-06-14 03:18:00] [DEBUG] Router: Executing \Develop\Controllers\ConsoleController->ServerBridgeAction
[2026-06-14 03:18:00] [DEBUG] ConsoleController::ServerBridge() start...
[2026-06-14 03:18:00] [DEBUG] ConsoleController::ServerBridge() \Develop\Controllers\PartsDefinitionController::screenBiggerAction()
[2026-06-14 03:18:00] [DEBUG] PartsDefinitionController::screenBiggerAction() start...
[2026-06-14 03:18:00] [DEBUG] PartsDefinitionModel::getTableStructure() start... Project ID: PRJ-D45FEF
[2026-06-14 03:18:00] [DEBUG] screenBiggerAction 取得テーブル件数: 3
[2026-06-14 03:18:00] [DEBUG] PartsDefinitionModel::getColumnsByTable() start for Table ID: 6
[2026-06-14 03:18:00] [INFO ] PartsDefinitionModel::getColumnsByTable() １１
[2026-06-14 03:18:00] [INFO ] PartsDefinitionModel::getColumnsByTable() １２
[2026-06-14 03:18:00] [INFO ] PartsDefinitionModel::getColumnsByTable() SQL: SELECT physical_name AS col_name, logical_name FROM db_develop.m_columns WHERE table_id = ? ORDER BY column_id ASC
[2026-06-14 03:18:00] [INFO ] PartsDefinitionModel::getColumnsByTable() １３
[2026-06-14 03:18:00] [INFO ] PartsDefinitionModel::getColumnsByTable() １４
[2026-06-14 03:18:00] [INFO ] PartsDefinitionModel::getColumnsByTable() １５
[2026-06-14 03:18:00] [INFO ] PartsDefinitionModel::getColumnsByTable() １６
[2026-06-14 03:18:00] [INFO ] PartsDefinitionModel::getColumnsByTable() １７
[2026-06-14 03:18:00] [INFO ] PartsDefinitionModel::getColumnsByTable() １６
[2026-06-14 03:18:00] [INFO ] PartsDefinitionModel::getColumnsByTable() １７
[2026-06-14 03:18:00] [INFO ] PartsDefinitionModel::getColumnsByTable() １６
[2026-06-14 03:18:00] [INFO ] PartsDefinitionModel::getColumnsByTable() １７
[2026-06-14 03:18:00] [INFO ] PartsDefinitionModel::getColumnsByTable() １６
[2026-06-14 03:18:00] [INFO ] PartsDefinitionModel::getColumnsByTable() １７
[2026-06-14 03:18:00] [INFO ] PartsDefinitionModel::getColumnsByTable() １６
[2026-06-14 03:18:00] [INFO ] PartsDefinitionModel::getColumnsByTable() １７
[2026-06-14 03:18:00] [INFO ] PartsDefinitionModel::getColumnsByTable() １６
[2026-06-14 03:18:00] [INFO ] PartsDefinitionModel::getColumnsByTable() １７
[2026-06-14 03:18:00] [INFO ] PartsDefinitionModel::getColumnsByTable() １６
[2026-06-14 03:18:00] [INFO ] PartsDefinitionModel::getColumnsByTable() １７
[2026-06-14 03:18:00] [INFO ] PartsDefinitionModel::getColumnsByTable() １６
[2026-06-14 03:18:00] [INFO ] PartsDefinitionModel::getColumnsByTable() １７
[2026-06-14 03:18:00] [INFO ] PartsDefinitionModel::getColumnsByTable() １６
[2026-06-14 03:18:00] [INFO ] PartsDefinitionModel::getColumnsByTable() １７
[2026-06-14 03:18:00] [DEBUG] PartsDefinitionModel::getColumnsByTable() finish. カラム数: 9
[2026-06-14 03:18:00] [DEBUG] 詳細画面遷移ログ: 遷移先=\Develop\Views\AreaE\PartsDefinition\P_SingleRecordInput.view, parts_id=8, is_edit=true
[2026-06-14 03:18:00] [DEBUG] Screen::updateAreaE() [iframe起動版] path: \Develop\Views\AreaE\PartsDefinition\P_SingleRecordInput.view start...
[2026-06-14 03:18:00] [DEBUG] Screen::getContents() start...
[2026-06-14 03:18:00] [DEBUG] Screen::getContents() finish.
[2026-06-14 03:18:00] [DEBUG] Screen::updateAreaE() finish.
[2026-06-14 03:18:00] [DEBUG] Screen::areaView() start...
[2026-06-14 03:18:00] [DEBUG] Screen::areaView() finish.
[2026-06-14 03:18:03] [DEBUG] --- wwProject System Start ---
[2026-06-14 03:18:03] [DEBUG] Router::Router() /jemini/wwProjectV1.15/Develop/Console/ServerBridgeAction/
[2026-06-14 03:18:03] [DEBUG] Attempting to load: \Develop\Controllers\ConsoleController::ServerBridgeAction
[2026-06-14 03:18:03] [DEBUG] Router: Executing \Develop\Controllers\ConsoleController->ServerBridgeAction
[2026-06-14 03:18:03] [DEBUG] ConsoleController::ServerBridge() start...
[2026-06-14 03:18:03] [DEBUG] ConsoleController::ServerBridge() \Develop\Controllers\DBDefinitionController::initialAction()
[2026-06-14 03:18:03] [DEBUG] DBDefinitionController::initialAction() start...
[2026-06-14 03:18:03] [DEBUG] DBDefinitionController::initialAction() project_id : PRJ-D45FEF
[2026-06-14 03:18:03] [DEBUG] DBDefinitionModel::getTableList() start...
[2026-06-14 03:18:03] [DEBUG] DBDefinitionModel::getTableList() finish. 取得件数: 3
[2026-06-14 03:18:03] [DEBUG] Screen::updateAreaD() path: \Develop\Views\AreaD\DBDefinition\DBDefinitionList.view start...
[2026-06-14 03:18:03] [DEBUG] Screen::getContents() start...
[2026-06-14 03:18:03] [DEBUG] Screen::getContents() finish.
[2026-06-14 03:18:03] [DEBUG] Screen::updateAreaD() finish.
[2026-06-14 03:18:03] [DEBUG] Screen::updateAreaE() [iframe起動版] path: \Develop\Views\AreaE\Area_E_clear.view start...
[2026-06-14 03:18:03] [DEBUG] Screen::getContents() start...
[2026-06-14 03:18:03] [DEBUG] Screen::getContents() finish.
[2026-06-14 03:18:03] [DEBUG] Screen::updateAreaE() finish.
[2026-06-14 03:18:03] [DEBUG] DBDefinitionController::initialAction() end.
[2026-06-14 03:18:03] [DEBUG] Screen::areaView() start...
[2026-06-14 03:18:03] [DEBUG] Screen::areaView() finish.
[2026-06-14 03:18:04] [DEBUG] --- wwProject System Start ---
[2026-06-14 03:18:04] [DEBUG] Router::Router() /jemini/wwProjectV1.15/Develop/Console/ServerBridgeAction/
[2026-06-14 03:18:04] [DEBUG] Attempting to load: \Develop\Controllers\ConsoleController::ServerBridgeAction
[2026-06-14 03:18:04] [DEBUG] Router: Executing \Develop\Controllers\ConsoleController->ServerBridgeAction
[2026-06-14 03:18:04] [DEBUG] ConsoleController::ServerBridge() start...
[2026-06-14 03:18:04] [DEBUG] ConsoleController::ServerBridge() \Develop\Controllers\DBDefinitionController::editTableAction()
[2026-06-14 03:18:04] [DEBUG] DBDefinitionController::editTableAction() start...
[2026-06-14 03:18:04] [DEBUG] DBDefinitionModel::getTableInfo() start... [Table: developers]
[2026-06-14 03:18:04] [DEBUG] DBDefinitionModel::getSavedColumns() start... [TableID: 6]
[2026-06-14 03:18:04] [DEBUG] Screen::updateAreaE() [iframe起動版] path: \Develop\Views\AreaE\DBDefinition\RegistTable.view start...
[2026-06-14 03:18:04] [DEBUG] Screen::getContents() start...
[2026-06-14 03:18:05] [DEBUG] Screen::getContents() finish.
[2026-06-14 03:18:05] [DEBUG] Screen::updateAreaE() finish.
[2026-06-14 03:18:05] [DEBUG] DBDefinitionController::editTableAction() finish.
[2026-06-14 03:18:05] [DEBUG] Screen::areaView() start...
[2026-06-14 03:18:05] [DEBUG] Screen::areaView() finish.
[2026-06-14 03:18:12] [DEBUG] --- wwProject System Start ---
[2026-06-14 03:18:12] [DEBUG] Router::Router() /jemini/wwProjectV1.15/Develop/Console/ServerBridgeAction/
[2026-06-14 03:18:12] [DEBUG] Attempting to load: \Develop\Controllers\ConsoleController::ServerBridgeAction
[2026-06-14 03:18:12] [DEBUG] Router: Executing \Develop\Controllers\ConsoleController->ServerBridgeAction
[2026-06-14 03:18:12] [DEBUG] ConsoleController::ServerBridge() start...
[2026-06-14 03:18:12] [DEBUG] ConsoleController::ServerBridge() \Develop\Controllers\DBDefinitionController::newTableAction()
[2026-06-14 03:18:12] [DEBUG] DBDefinitionController::newTableAction() start...
[2026-06-14 03:18:12] [DEBUG] Screen::updateAreaE() [iframe起動版] path: \Develop\Views\AreaE\DBDefinition\RegistTable.view start...
[2026-06-14 03:18:12] [DEBUG] Screen::getContents() start...
[2026-06-14 03:18:12] [DEBUG] Screen::getContents() finish.
[2026-06-14 03:18:12] [DEBUG] Screen::updateAreaE() finish.
[2026-06-14 03:18:12] [DEBUG] DBDefinitionController::newTableAction() end.
[2026-06-14 03:18:12] [DEBUG] Screen::areaView() start...
[2026-06-14 03:18:12] [DEBUG] Screen::areaView() finish.
[2026-06-14 03:18:20] [DEBUG] --- wwProject System Start ---
[2026-06-14 03:18:20] [DEBUG] Router::Router() /jemini/wwProjectV1.15/Develop/Console/ServerBridgeAction/
[2026-06-14 03:18:20] [DEBUG] Attempting to load: \Develop\Controllers\ConsoleController::ServerBridgeAction
[2026-06-14 03:18:20] [DEBUG] Router: Executing \Develop\Controllers\ConsoleController->ServerBridgeAction
[2026-06-14 03:18:20] [DEBUG] ConsoleController::ServerBridge() start...
[2026-06-14 03:18:20] [DEBUG] ConsoleController::ServerBridge() \Develop\Controllers\PartsDefinitionController::initialAction()
[2026-06-14 03:18:20] [DEBUG] PartsDefinitionController::initialAction() start...
[2026-06-14 03:18:20] [DEBUG] SESSION_DATA: Array
(
    [id] => 2
    [user_name] => 渡部 浩
    [login_id] => x
    [password] => x
    [is_hash] => 0
    [role] => user
    [created_at] => 2026-04-17 07:17:17
    [updated_at] => 2026-04-22 22:38:31
    [LAYOUT_MODE] => separate
    [ENVIRONMENT] => development
    [Footer_Message] => consode start...
    [active_function] => 
    [project_map] => Array
        (
            [PRJ-W613KU] => 新規プロジェクト登録２
            [PRJ-E613KU] => 新規プロジェクト登録テスト
            [PRJ-741CA7] => SampleProject２
            [PRJ-D45FEF] => SampleProject１
        )

    [project_id] => PRJ-D45FEF
    [project_name] => SampleProject１
    [wwProject_main_form_backup] => {"project_id":"PRJ-D45FEF","parts_id":"8","parts_name":"これは新規登録テストです","parts_description":"登録テスト","rows":1,"cols":2,"grids_config":{"[1,1]":{"layout_type":"Single Record 入力","table_id":6,"table_name_text":"developers 管理者氏名","preview_title":"９９９９９９９","display_label":"logical","column_filter":"selected","checked_map":{"id":true,"user_name":true,"login_id":true,"password":true,"is_hash":true,"role":true,"created_at":false,"updated_at":false,"xyz":false}},"[1,2]":{"layout_type":""}}}
)

[2026-06-14 03:18:20] [DEBUG] PartsDefinitionController::initialAction() projectId : PRJ-D45FEF
[2026-06-14 03:18:20] [DEBUG] PartsDefinitionModel::getAllPartsList() start... Project ID: PRJ-D45FEF
[2026-06-14 03:18:20] [DEBUG] PartsDefinitionModel::getAllPartsList() １
[2026-06-14 03:18:20] [DEBUG] PartsDefinitionModel::getAllPartsList() ２
[2026-06-14 03:18:20] [DEBUG] PartsDefinitionModel::getAllPartsList() ３
[2026-06-14 03:18:20] [DEBUG] PartsDefinitionModel::getAllPartsList() finish. 件数: 3
[2026-06-14 03:18:20] [DEBUG] Screen::updateAreaD() path: \Develop\Views\AreaD\PartsDefinition\PartsDefinitionList.view start...
[2026-06-14 03:18:20] [DEBUG] Screen::getContents() start...
[2026-06-14 03:18:20] [DEBUG] Screen::getContents() finish.
[2026-06-14 03:18:20] [DEBUG] Screen::updateAreaD() finish.
[2026-06-14 03:18:20] [DEBUG] Screen::updateAreaE() [iframe起動版] path: \Develop\Views\AreaE\Area_E_clear.view start...
[2026-06-14 03:18:20] [DEBUG] Screen::getContents() start...
[2026-06-14 03:18:20] [DEBUG] Screen::getContents() finish.
[2026-06-14 03:18:20] [DEBUG] Screen::updateAreaE() finish.
[2026-06-14 03:18:20] [DEBUG] PartsDefinitionController::initialAction() end.
[2026-06-14 03:18:20] [DEBUG] Screen::areaView() start...
[2026-06-14 03:18:20] [DEBUG] Screen::areaView() finish.
[2026-06-14 03:18:21] [DEBUG] --- wwProject System Start ---
[2026-06-14 03:18:21] [DEBUG] Router::Router() /jemini/wwProjectV1.15/Develop/Console/ServerBridgeAction/
[2026-06-14 03:18:21] [DEBUG] Attempting to load: \Develop\Controllers\ConsoleController::ServerBridgeAction
[2026-06-14 03:18:21] [DEBUG] Router: Executing \Develop\Controllers\ConsoleController->ServerBridgeAction
[2026-06-14 03:18:21] [DEBUG] ConsoleController::ServerBridge() start...
[2026-06-14 03:18:21] [DEBUG] ConsoleController::ServerBridge() \Develop\Controllers\PartsDefinitionController::newPartsAction()
[2026-06-14 03:18:21] [DEBUG] PartsDefinitionController::newPartsAction() start...
[2026-06-14 03:18:21] [DEBUG] Screen::updateAreaE() [iframe起動版] path: \Develop\Views\AreaE\PartsDefinition\RegistParts.view start...
[2026-06-14 03:18:21] [DEBUG] Screen::getContents() start...
[2026-06-14 03:18:21] [DEBUG] Screen::getContents() finish.
[2026-06-14 03:18:21] [DEBUG] Screen::updateAreaE() finish.
[2026-06-14 03:18:21] [DEBUG] PartsDefinitionController::newPartsAction() end.
[2026-06-14 03:18:21] [DEBUG] Screen::areaView() start...
[2026-06-14 03:18:21] [DEBUG] Screen::areaView() finish.
[2026-06-14 03:18:27] [DEBUG] --- wwProject System Start ---
[2026-06-14 03:18:27] [DEBUG] Router::Router() /jemini/wwProjectV1.15/Develop/Console/ServerBridgeAction/
[2026-06-14 03:18:27] [DEBUG] Attempting to load: \Develop\Controllers\ConsoleController::ServerBridgeAction
[2026-06-14 03:18:27] [DEBUG] Router: Executing \Develop\Controllers\ConsoleController->ServerBridgeAction
[2026-06-14 03:18:27] [DEBUG] ConsoleController::ServerBridge() start...
[2026-06-14 03:18:27] [DEBUG] ConsoleController::ServerBridge() \Develop\Controllers\ProjectDefinitionController::initialAction()
[2026-06-14 03:18:27] [DEBUG] DBDefinitionController::initialAction() start...
[2026-06-14 03:18:27] [DEBUG] Screen::updateAreaD() path: \Develop\Views\AreaD\ProjectDefinition\ProjectDefinitionList.view start...
[2026-06-14 03:18:27] [DEBUG] Screen::getContents() start...
[2026-06-14 03:18:27] [DEBUG] Screen::getContents() finish.
[2026-06-14 03:18:27] [DEBUG] Screen::updateAreaD() finish.
[2026-06-14 03:18:27] [DEBUG] DBDefinitionController::initialAction() end.
[2026-06-14 03:18:27] [DEBUG] Screen::areaView() start...
[2026-06-14 03:18:27] [DEBUG] Screen::areaView() finish.
[2026-06-14 03:18:29] [DEBUG] --- wwProject System Start ---
[2026-06-14 03:18:29] [DEBUG] Router::Router() /jemini/wwProjectV1.15/Develop/Console/ServerBridgeAction/
[2026-06-14 03:18:29] [DEBUG] Attempting to load: \Develop\Controllers\ConsoleController::ServerBridgeAction
[2026-06-14 03:18:29] [DEBUG] Router: Executing \Develop\Controllers\ConsoleController->ServerBridgeAction
[2026-06-14 03:18:29] [DEBUG] ConsoleController::ServerBridge() start...
[2026-06-14 03:18:29] [DEBUG] ConsoleController::ServerBridge() \Develop\Controllers\DBDefinitionController::initialAction()
[2026-06-14 03:18:29] [DEBUG] DBDefinitionController::initialAction() start...
[2026-06-14 03:18:29] [DEBUG] DBDefinitionController::initialAction() project_id : PRJ-D45FEF
[2026-06-14 03:18:29] [DEBUG] DBDefinitionModel::getTableList() start...
[2026-06-14 03:18:29] [DEBUG] DBDefinitionModel::getTableList() finish. 取得件数: 3
[2026-06-14 03:18:29] [DEBUG] Screen::updateAreaD() path: \Develop\Views\AreaD\DBDefinition\DBDefinitionList.view start...
[2026-06-14 03:18:29] [DEBUG] Screen::getContents() start...
[2026-06-14 03:18:29] [DEBUG] Screen::getContents() finish.
[2026-06-14 03:18:29] [DEBUG] Screen::updateAreaD() finish.
[2026-06-14 03:18:29] [DEBUG] Screen::updateAreaE() [iframe起動版] path: \Develop\Views\AreaE\Area_E_clear.view start...
[2026-06-14 03:18:29] [DEBUG] Screen::getContents() start...
[2026-06-14 03:18:29] [DEBUG] Screen::getContents() finish.
[2026-06-14 03:18:29] [DEBUG] Screen::updateAreaE() finish.
[2026-06-14 03:18:29] [DEBUG] DBDefinitionController::initialAction() end.
[2026-06-14 03:18:29] [DEBUG] Screen::areaView() start...
[2026-06-14 03:18:29] [DEBUG] Screen::areaView() finish.
[2026-06-14 03:18:31] [DEBUG] --- wwProject System Start ---
[2026-06-14 03:18:31] [DEBUG] Router::Router() /jemini/wwProjectV1.15/Develop/Console/ServerBridgeAction/
[2026-06-14 03:18:31] [DEBUG] Attempting to load: \Develop\Controllers\ConsoleController::ServerBridgeAction
[2026-06-14 03:18:31] [DEBUG] Router: Executing \Develop\Controllers\ConsoleController->ServerBridgeAction
[2026-06-14 03:18:31] [DEBUG] ConsoleController::ServerBridge() start...
[2026-06-14 03:18:31] [DEBUG] ConsoleController::ServerBridge() \Develop\Controllers\ProjectDefinitionController::initialAction()
[2026-06-14 03:18:31] [DEBUG] DBDefinitionController::initialAction() start...
[2026-06-14 03:18:31] [DEBUG] Screen::updateAreaD() path: \Develop\Views\AreaD\ProjectDefinition\ProjectDefinitionList.view start...
[2026-06-14 03:18:31] [DEBUG] Screen::getContents() start...
[2026-06-14 03:18:31] [DEBUG] Screen::getContents() finish.
[2026-06-14 03:18:31] [DEBUG] Screen::updateAreaD() finish.
[2026-06-14 03:18:31] [DEBUG] DBDefinitionController::initialAction() end.
[2026-06-14 03:18:31] [DEBUG] Screen::areaView() start...
[2026-06-14 03:18:31] [DEBUG] Screen::areaView() finish.
[2026-06-14 03:18:34] [DEBUG] --- wwProject System Start ---
[2026-06-14 03:18:34] [DEBUG] Router::Router() /jemini/wwProjectV1.15/Develop/Console/ServerBridgeAction/
[2026-06-14 03:18:34] [DEBUG] Attempting to load: \Develop\Controllers\ConsoleController::ServerBridgeAction
[2026-06-14 03:18:34] [DEBUG] Router: Executing \Develop\Controllers\ConsoleController->ServerBridgeAction
[2026-06-14 03:18:34] [DEBUG] ConsoleController::ServerBridge() start...
[2026-06-14 03:18:34] [DEBUG] ConsoleController::ServerBridge() \Develop\Controllers\PartsDefinitionController::initialAction()
[2026-06-14 03:18:34] [DEBUG] PartsDefinitionController::initialAction() start...
[2026-06-14 03:18:34] [DEBUG] SESSION_DATA: Array
(
    [id] => 2
    [user_name] => 渡部 浩
    [login_id] => x
    [password] => x
    [is_hash] => 0
    [role] => user
    [created_at] => 2026-04-17 07:17:17
    [updated_at] => 2026-04-22 22:38:31
    [LAYOUT_MODE] => separate
    [ENVIRONMENT] => development
    [Footer_Message] => consode start...
    [active_function] => 
    [project_map] => Array
        (
            [PRJ-W613KU] => 新規プロジェクト登録２
            [PRJ-E613KU] => 新規プロジェクト登録テスト
            [PRJ-741CA7] => SampleProject２
            [PRJ-D45FEF] => SampleProject１
        )

    [project_id] => PRJ-D45FEF
    [project_name] => SampleProject１
)

[2026-06-14 03:18:34] [DEBUG] PartsDefinitionController::initialAction() projectId : PRJ-D45FEF
[2026-06-14 03:18:34] [DEBUG] PartsDefinitionModel::getAllPartsList() start... Project ID: PRJ-D45FEF
[2026-06-14 03:18:34] [DEBUG] PartsDefinitionModel::getAllPartsList() １
[2026-06-14 03:18:34] [DEBUG] PartsDefinitionModel::getAllPartsList() ２
[2026-06-14 03:18:34] [DEBUG] PartsDefinitionModel::getAllPartsList() ３
[2026-06-14 03:18:34] [DEBUG] PartsDefinitionModel::getAllPartsList() finish. 件数: 3
[2026-06-14 03:18:34] [DEBUG] Screen::updateAreaD() path: \Develop\Views\AreaD\PartsDefinition\PartsDefinitionList.view start...
[2026-06-14 03:18:34] [DEBUG] Screen::getContents() start...
[2026-06-14 03:18:34] [DEBUG] Screen::getContents() finish.
[2026-06-14 03:18:34] [DEBUG] Screen::updateAreaD() finish.
[2026-06-14 03:18:34] [DEBUG] Screen::updateAreaE() [iframe起動版] path: \Develop\Views\AreaE\Area_E_clear.view start...
[2026-06-14 03:18:34] [DEBUG] Screen::getContents() start...
[2026-06-14 03:18:34] [DEBUG] Screen::getContents() finish.
[2026-06-14 03:18:34] [DEBUG] Screen::updateAreaE() finish.
[2026-06-14 03:18:34] [DEBUG] PartsDefinitionController::initialAction() end.
[2026-06-14 03:18:34] [DEBUG] Screen::areaView() start...
[2026-06-14 03:18:34] [DEBUG] Screen::areaView() finish.
[2026-06-14 03:19:13] [DEBUG] --- wwProject System Start ---
[2026-06-14 03:19:13] [DEBUG] Router::Router() /jemini/wwProjectV1.15/Develop/Console/ServerBridgeAction/
[2026-06-14 03:19:13] [DEBUG] Attempting to load: \Develop\Controllers\ConsoleController::ServerBridgeAction
[2026-06-14 03:19:13] [DEBUG] Router: Executing \Develop\Controllers\ConsoleController->ServerBridgeAction
[2026-06-14 03:19:13] [DEBUG] ConsoleController::ServerBridge() start...
[2026-06-14 03:19:13] [DEBUG] ConsoleController::ServerBridge() \Develop\Controllers\ProjectController::projectSelectAction()
[2026-06-14 03:19:13] [DEBUG] ProjectController::projectSelectAction() start...
[2026-06-14 03:19:13] [DEBUG] ProjectController::projectSelectAction() ☆★☆　SampleProject２
[2026-06-14 03:19:13] [DEBUG] Screen::updateAreaB() path: \Develop\Views\AreaB\Area_B.view start...
[2026-06-14 03:19:13] [DEBUG] Screen::getContents() start...
[2026-06-14 03:19:13] [DEBUG] Screen::getContents() finish.
[2026-06-14 03:19:13] [DEBUG] Screen::updateAreaB() finish.
[2026-06-14 03:19:13] [DEBUG] ProjectController::projectSelectAction() PRJ-741CA7 : PRJ-741CA7
[2026-06-14 03:19:13] [DEBUG] ProjectController::getProjectListHtml() start...
[2026-06-14 03:19:13] [DEBUG] ProjectModel::getProjectList() start...
[2026-06-14 03:19:13] [INFO ] ☆☆☆ projectList : Array
(
    [0] => Array
        (
            [project_id] => PRJ-W613KU
            [project_name] => 新規プロジェクト登録２
        )

    [1] => Array
        (
            [project_id] => PRJ-E613KU
            [project_name] => 新規プロジェクト登録テスト
        )

    [2] => Array
        (
            [project_id] => PRJ-741CA7
            [project_name] => SampleProject２
        )

    [3] => Array
        (
            [project_id] => PRJ-D45FEF
            [project_name] => SampleProject１
        )

)

[2026-06-14 03:19:13] [INFO ] ☆☆☆ projectMap : Array
(
    [PRJ-W613KU] => 新規プロジェクト登録２
    [PRJ-E613KU] => 新規プロジェクト登録テスト
    [PRJ-741CA7] => SampleProject２
    [PRJ-D45FEF] => SampleProject１
)

[2026-06-14 03:19:13] [DEBUG] ProjectModel::getProjectList() finish.
[2026-06-14 03:19:13] [DEBUG] CodeMasterModel：：getCodesByGroup() start...
[2026-06-14 03:19:13] [DEBUG] CodeMasterModel：：getCodesByGroup() finish.
[2026-06-14 03:19:13] [DEBUG] ProjectController::getNaviFooterHtml() start...
[2026-06-14 03:19:13] [DEBUG] ProjectController::getNaviFooterHtml() finish.
[2026-06-14 03:19:13] [DEBUG] Screen::updateAreaC() \Develop\Views\AreaC\Area_C.view start...
[2026-06-14 03:19:13] [DEBUG] Screen::getContents() start...
[2026-06-14 03:19:13] [DEBUG] Screen::getContents() finish.
[2026-06-14 03:19:13] [DEBUG] Screen::updateAreaC() finish.
[2026-06-14 03:19:13] [DEBUG] Screen::updateAreaD() path: \Develop\Views\AreaD\Area_D_clear.view start...
[2026-06-14 03:19:13] [DEBUG] Screen::getContents() start...
[2026-06-14 03:19:13] [DEBUG] Screen::getContents() finish.
[2026-06-14 03:19:13] [DEBUG] Screen::updateAreaD() finish.
[2026-06-14 03:19:13] [DEBUG] Screen::updateAreaE() [iframe起動版] path: \Develop\Views\AreaE\Area_E_clear.view start...
[2026-06-14 03:19:13] [DEBUG] Screen::getContents() start...
[2026-06-14 03:19:13] [DEBUG] Screen::getContents() finish.
[2026-06-14 03:19:13] [DEBUG] Screen::updateAreaE() finish.
[2026-06-14 03:19:13] [DEBUG] ProjectController::projectSelectAction() finish.
[2026-06-14 03:19:13] [DEBUG] Screen::areaView() start...
[2026-06-14 03:19:13] [DEBUG] Screen::areaView() finish.
[2026-06-14 03:19:20] [DEBUG] --- wwProject System Start ---
[2026-06-14 03:19:20] [DEBUG] Router::Router() /jemini/wwProjectV1.15/Develop/Console/ServerBridgeAction/
[2026-06-14 03:19:20] [DEBUG] Attempting to load: \Develop\Controllers\ConsoleController::ServerBridgeAction
[2026-06-14 03:19:20] [DEBUG] Router: Executing \Develop\Controllers\ConsoleController->ServerBridgeAction
[2026-06-14 03:19:20] [DEBUG] ConsoleController::ServerBridge() start...
[2026-06-14 03:19:20] [DEBUG] ConsoleController::ServerBridge() \Develop\Controllers\DBDefinitionController::initialAction()
[2026-06-14 03:19:20] [DEBUG] DBDefinitionController::initialAction() start...
[2026-06-14 03:19:20] [DEBUG] DBDefinitionController::initialAction() project_id : PRJ-741CA7
[2026-06-14 03:19:20] [DEBUG] DBDefinitionModel::getTableList() start...
[2026-06-14 03:19:20] [DEBUG] DBDefinitionModel::getTableList() finish. 取得件数: 0
[2026-06-14 03:19:20] [DEBUG] Screen::updateAreaD() path: \Develop\Views\AreaD\DBDefinition\DBDefinitionList.view start...
[2026-06-14 03:19:20] [DEBUG] Screen::getContents() start...
[2026-06-14 03:19:20] [DEBUG] Screen::getContents() finish.
[2026-06-14 03:19:20] [DEBUG] Screen::updateAreaD() finish.
[2026-06-14 03:19:20] [DEBUG] Screen::updateAreaE() [iframe起動版] path: \Develop\Views\AreaE\Area_E_clear.view start...
[2026-06-14 03:19:20] [DEBUG] Screen::getContents() start...
[2026-06-14 03:19:20] [DEBUG] Screen::getContents() finish.
[2026-06-14 03:19:20] [DEBUG] Screen::updateAreaE() finish.
[2026-06-14 03:19:20] [DEBUG] DBDefinitionController::initialAction() end.
[2026-06-14 03:19:20] [DEBUG] Screen::areaView() start...
[2026-06-14 03:19:20] [DEBUG] Screen::areaView() finish.
[2026-06-14 03:19:46] [DEBUG] --- wwProject System Start ---
[2026-06-14 03:19:46] [DEBUG] Router::Router() /jemini/wwProjectV1.15/Develop/Console/ServerBridgeAction/
[2026-06-14 03:19:46] [DEBUG] Attempting to load: \Develop\Controllers\ConsoleController::ServerBridgeAction
[2026-06-14 03:19:46] [DEBUG] Router: Executing \Develop\Controllers\ConsoleController->ServerBridgeAction
[2026-06-14 03:19:46] [DEBUG] ConsoleController::ServerBridge() start...
[2026-06-14 03:19:46] [DEBUG] ConsoleController::ServerBridge() \Develop\Controllers\ProjectDefinitionController::initialAction()
[2026-06-14 03:19:46] [DEBUG] DBDefinitionController::initialAction() start...
[2026-06-14 03:19:46] [DEBUG] Screen::updateAreaD() path: \Develop\Views\AreaD\ProjectDefinition\ProjectDefinitionList.view start...
[2026-06-14 03:19:46] [DEBUG] Screen::getContents() start...
[2026-06-14 03:19:46] [DEBUG] Screen::getContents() finish.
[2026-06-14 03:19:46] [DEBUG] Screen::updateAreaD() finish.
[2026-06-14 03:19:46] [DEBUG] DBDefinitionController::initialAction() end.
[2026-06-14 03:19:46] [DEBUG] Screen::areaView() start...
[2026-06-14 03:19:46] [DEBUG] Screen::areaView() finish.
[2026-06-14 08:43:51] [DEBUG] --- wwProject System Start ---
[2026-06-14 08:43:51] [DEBUG] Router::Router() /jemini/wwProjectV1.15/Develop/Console/ServerBridgeAction/
[2026-06-14 08:43:51] [DEBUG] Attempting to load: \Develop\Controllers\ConsoleController::ServerBridgeAction
[2026-06-14 08:43:51] [DEBUG] Router: Executing \Develop\Controllers\ConsoleController->ServerBridgeAction
[2026-06-14 08:43:51] [DEBUG] ConsoleController::ServerBridge() start...
[2026-06-14 08:43:51] [DEBUG] ConsoleController::ServerBridge() \Develop\Controllers\ProjectController::projectSelectAction()
[2026-06-14 08:43:51] [DEBUG] ProjectController::projectSelectAction() start...
[2026-06-14 08:43:51] [DEBUG] ProjectController::projectSelectAction() ☆★☆　
[2026-06-14 08:43:51] [DEBUG] Screen::updateAreaB() path: \Develop\Views\AreaB\Area_B.view start...
[2026-06-14 08:43:51] [DEBUG] Screen::getContents() start...
[2026-06-14 08:43:51] [DEBUG] Screen::getContents() finish.
[2026-06-14 08:43:51] [DEBUG] Screen::updateAreaB() finish.
[2026-06-14 08:43:51] [DEBUG] ProjectController::getProjectListHtml() start...
[2026-06-14 08:43:51] [DEBUG] ProjectModel::getProjectList() start...
[2026-06-14 08:43:52] [INFO ] ☆☆☆ projectList : Array
(
    [0] => Array
        (
            [project_id] => PRJ-W613KU
            [project_name] => 新規プロジェクト登録２
        )

    [1] => Array
        (
            [project_id] => PRJ-E613KU
            [project_name] => 新規プロジェクト登録テスト
        )

    [2] => Array
        (
            [project_id] => PRJ-741CA7
            [project_name] => SampleProject２
        )

    [3] => Array
        (
            [project_id] => PRJ-D45FEF
            [project_name] => SampleProject１
        )

)

[2026-06-14 08:43:52] [INFO ] ☆☆☆ projectMap : Array
(
    [PRJ-W613KU] => 新規プロジェクト登録２
    [PRJ-E613KU] => 新規プロジェクト登録テスト
    [PRJ-741CA7] => SampleProject２
    [PRJ-D45FEF] => SampleProject１
)

[2026-06-14 08:43:52] [DEBUG] ProjectModel::getProjectList() finish.
[2026-06-14 08:43:52] [DEBUG] CodeMasterModel：：getCodesByGroup() start...
[2026-06-14 08:43:52] [DEBUG] CodeMasterModel：：getCodesByGroup() finish.
[2026-06-14 08:43:52] [DEBUG] ProjectController::getNaviFooterHtml() start...
[2026-06-14 08:43:52] [DEBUG] ProjectController::getNaviFooterHtml() finish.
[2026-06-14 08:43:52] [DEBUG] Screen::updateAreaC() \Develop\Views\AreaC\Area_C.view start...
[2026-06-14 08:43:52] [DEBUG] Screen::getContents() start...
[2026-06-14 08:43:52] [DEBUG] Screen::getContents() finish.
[2026-06-14 08:43:52] [DEBUG] Screen::updateAreaC() finish.
[2026-06-14 08:43:52] [DEBUG] Screen::updateAreaD() path: \Develop\Views\AreaD\Area_D_clear.view start...
[2026-06-14 08:43:52] [DEBUG] Screen::getContents() start...
[2026-06-14 08:43:52] [DEBUG] Screen::getContents() finish.
[2026-06-14 08:43:52] [DEBUG] Screen::updateAreaD() finish.
[2026-06-14 08:43:52] [DEBUG] Screen::updateAreaE() [iframe起動版] path: \Develop\Views\AreaE\Area_E_clear.view start...
[2026-06-14 08:43:52] [DEBUG] Screen::getContents() start...
[2026-06-14 08:43:52] [DEBUG] Screen::getContents() finish.
[2026-06-14 08:43:52] [DEBUG] Screen::updateAreaE() finish.
[2026-06-14 08:43:52] [DEBUG] ProjectController::projectSelectAction() finish.
[2026-06-14 08:43:52] [DEBUG] Screen::areaView() start...
[2026-06-14 08:43:52] [DEBUG] Screen::areaView() finish.
[2026-06-14 08:59:55] [DEBUG] --- wwProject System Start ---
[2026-06-14 08:59:55] [DEBUG] Router::Router() /jemini/wwProjectV1.15/Develop/Console/ServerBridgeAction/
[2026-06-14 08:59:55] [DEBUG] Attempting to load: \Develop\Controllers\ConsoleController::ServerBridgeAction
[2026-06-14 08:59:55] [DEBUG] Router: Executing \Develop\Controllers\ConsoleController->ServerBridgeAction
[2026-06-14 08:59:55] [DEBUG] ConsoleController::ServerBridge() start...
[2026-06-14 08:59:55] [DEBUG] ConsoleController::ServerBridge() \Develop\Controllers\ProjectController::projectSelectAction()
[2026-06-14 08:59:55] [DEBUG] ProjectController::projectSelectAction() start...
[2026-06-14 08:59:55] [DEBUG] ProjectController::projectSelectAction() ☆★☆　SampleProject１
[2026-06-14 08:59:55] [DEBUG] Screen::updateAreaB() path: \Develop\Views\AreaB\Area_B.view start...
[2026-06-14 08:59:55] [DEBUG] Screen::getContents() start...
[2026-06-14 08:59:55] [DEBUG] Screen::getContents() finish.
[2026-06-14 08:59:55] [DEBUG] Screen::updateAreaB() finish.
[2026-06-14 08:59:55] [DEBUG] ProjectController::projectSelectAction() PRJ-D45FEF : PRJ-D45FEF
[2026-06-14 08:59:55] [DEBUG] ProjectController::getProjectListHtml() start...
[2026-06-14 08:59:55] [DEBUG] ProjectModel::getProjectList() start...
[2026-06-14 08:59:55] [INFO ] ☆☆☆ projectList : Array
(
    [0] => Array
        (
            [project_id] => PRJ-W613KU
            [project_name] => 新規プロジェクト登録２
        )

    [1] => Array
        (
            [project_id] => PRJ-E613KU
            [project_name] => 新規プロジェクト登録テスト
        )

    [2] => Array
        (
            [project_id] => PRJ-741CA7
            [project_name] => SampleProject２
        )

    [3] => Array
        (
            [project_id] => PRJ-D45FEF
            [project_name] => SampleProject１
        )

)

[2026-06-14 08:59:55] [INFO ] ☆☆☆ projectMap : Array
(
    [PRJ-W613KU] => 新規プロジェクト登録２
    [PRJ-E613KU] => 新規プロジェクト登録テスト
    [PRJ-741CA7] => SampleProject２
    [PRJ-D45FEF] => SampleProject１
)

[2026-06-14 08:59:55] [DEBUG] ProjectModel::getProjectList() finish.
[2026-06-14 08:59:55] [DEBUG] CodeMasterModel：：getCodesByGroup() start...
[2026-06-14 08:59:55] [DEBUG] CodeMasterModel：：getCodesByGroup() finish.
[2026-06-14 08:59:55] [DEBUG] ProjectController::getNaviFooterHtml() start...
[2026-06-14 08:59:55] [DEBUG] ProjectController::getNaviFooterHtml() finish.
[2026-06-14 08:59:55] [DEBUG] Screen::updateAreaC() \Develop\Views\AreaC\Area_C.view start...
[2026-06-14 08:59:55] [DEBUG] Screen::getContents() start...
[2026-06-14 08:59:55] [DEBUG] Screen::getContents() finish.
[2026-06-14 08:59:55] [DEBUG] Screen::updateAreaC() finish.
[2026-06-14 08:59:55] [DEBUG] Screen::updateAreaD() path: \Develop\Views\AreaD\Area_D_clear.view start...
[2026-06-14 08:59:55] [DEBUG] Screen::getContents() start...
[2026-06-14 08:59:55] [DEBUG] Screen::getContents() finish.
[2026-06-14 08:59:55] [DEBUG] Screen::updateAreaD() finish.
[2026-06-14 08:59:55] [DEBUG] Screen::updateAreaE() [iframe起動版] path: \Develop\Views\AreaE\Area_E_clear.view start...
[2026-06-14 08:59:55] [DEBUG] Screen::getContents() start...
[2026-06-14 08:59:55] [DEBUG] Screen::getContents() finish.
[2026-06-14 08:59:55] [DEBUG] Screen::updateAreaE() finish.
[2026-06-14 08:59:55] [DEBUG] ProjectController::projectSelectAction() finish.
[2026-06-14 08:59:55] [DEBUG] Screen::areaView() start...
[2026-06-14 08:59:55] [DEBUG] Screen::areaView() finish.
[2026-06-14 08:59:57] [DEBUG] --- wwProject System Start ---
[2026-06-14 08:59:57] [DEBUG] Router::Router() /jemini/wwProjectV1.15/Develop/Console/ServerBridgeAction/
[2026-06-14 08:59:57] [DEBUG] Attempting to load: \Develop\Controllers\ConsoleController::ServerBridgeAction
[2026-06-14 08:59:57] [DEBUG] Router: Executing \Develop\Controllers\ConsoleController->ServerBridgeAction
[2026-06-14 08:59:57] [DEBUG] ConsoleController::ServerBridge() start...
[2026-06-14 08:59:57] [DEBUG] ConsoleController::ServerBridge() \Develop\Controllers\ProjectDefinitionController::initialAction()
[2026-06-14 08:59:57] [DEBUG] DBDefinitionController::initialAction() start...
[2026-06-14 08:59:57] [DEBUG] Screen::updateAreaD() path: \Develop\Views\AreaD\ProjectDefinition\ProjectDefinitionList.view start...
[2026-06-14 08:59:57] [DEBUG] Screen::getContents() start...
[2026-06-14 08:59:57] [DEBUG] Screen::getContents() finish.
[2026-06-14 08:59:57] [DEBUG] Screen::updateAreaD() finish.
[2026-06-14 08:59:57] [DEBUG] DBDefinitionController::initialAction() end.
[2026-06-14 08:59:57] [DEBUG] Screen::areaView() start...
[2026-06-14 08:59:57] [DEBUG] Screen::areaView() finish.
[2026-06-14 09:00:40] [DEBUG] --- wwProject System Start ---
[2026-06-14 09:00:40] [DEBUG] Router::Router() /jemini/wwProjectV1.15/Develop/Console/ServerBridgeAction/
[2026-06-14 09:00:40] [DEBUG] Attempting to load: \Develop\Controllers\ConsoleController::ServerBridgeAction
[2026-06-14 09:00:40] [DEBUG] Router: Executing \Develop\Controllers\ConsoleController->ServerBridgeAction
[2026-06-14 09:00:40] [DEBUG] ConsoleController::ServerBridge() start...
[2026-06-14 09:00:40] [DEBUG] ConsoleController::ServerBridge() \Develop\Controllers\ProjectController::registProjectAction()
[2026-06-14 09:00:40] [DEBUG] ProjectController::registProjectAction() start...
[2026-06-14 09:00:40] [DEBUG] ProjectController::startProjectNabi() start...
[2026-06-14 09:00:40] [DEBUG] ProjectController::getProjectListHtml() start...
[2026-06-14 09:00:40] [DEBUG] ProjectModel::getProjectList() start...
[2026-06-14 09:00:40] [INFO ] ☆☆☆ projectList : Array
(
    [0] => Array
        (
            [project_id] => PRJ-W613KU
            [project_name] => 新規プロジェクト登録２
        )

    [1] => Array
        (
            [project_id] => PRJ-E613KU
            [project_name] => 新規プロジェクト登録テスト
        )

    [2] => Array
        (
            [project_id] => PRJ-741CA7
            [project_name] => SampleProject２
        )

    [3] => Array
        (
            [project_id] => PRJ-D45FEF
            [project_name] => SampleProject１
        )

)

[2026-06-14 09:00:40] [INFO ] ☆☆☆ projectMap : Array
(
    [PRJ-W613KU] => 新規プロジェクト登録２
    [PRJ-E613KU] => 新規プロジェクト登録テスト
    [PRJ-741CA7] => SampleProject２
    [PRJ-D45FEF] => SampleProject１
)

[2026-06-14 09:00:40] [DEBUG] ProjectModel::getProjectList() finish.
[2026-06-14 09:00:40] [DEBUG] CodeMasterModel：：getCodesByGroup() start...
[2026-06-14 09:00:40] [DEBUG] CodeMasterModel：：getCodesByGroup() finish.
[2026-06-14 09:00:40] [DEBUG] ProjectController::getNaviFooterHtml() start...
[2026-06-14 09:00:40] [DEBUG] ProjectController::getNaviFooterHtml() finish.
[2026-06-14 09:00:40] [DEBUG] ProjectController::startProjectNabi() finish.
[2026-06-14 09:00:40] [DEBUG] Screen::updateAreaC() \Develop\Views\AreaC\Area_C.view start...
[2026-06-14 09:00:40] [DEBUG] Screen::getContents() start...
[2026-06-14 09:00:40] [DEBUG] Screen::getContents() finish.
[2026-06-14 09:00:40] [DEBUG] Screen::updateAreaC() finish.
[2026-06-14 09:00:40] [DEBUG] Screen::updateAreaD() path: \Develop\Views\AreaDE\Area_DE_Form.view start...
[2026-06-14 09:00:40] [DEBUG] Screen::getContents() start...
[2026-06-14 09:00:41] [DEBUG] Screen::getContents() finish.
[2026-06-14 09:00:41] [DEBUG] Screen::updateAreaD() finish.
[2026-06-14 09:00:41] [DEBUG] ProjectController::updateAreaF() start...
[2026-06-14 09:00:41] [DEBUG] Screen::updateAreaF() path: \Develop\Views\AreaF\Area_F.view start...
[2026-06-14 09:00:41] [DEBUG] Screen::getContents() start...
[2026-06-14 09:00:41] [DEBUG] Screen::getContents() finish.
[2026-06-14 09:00:41] [DEBUG] Screen::updateAreaF() finish.
[2026-06-14 09:00:41] [DEBUG] ProjectController::updateAreaF() finish.
[2026-06-14 09:00:41] [DEBUG] ProjectController::registProjectAction() finish.
[2026-06-14 09:00:41] [DEBUG] Screen::areaView() start...
[2026-06-14 09:00:41] [DEBUG] Screen::areaView() finish.
[2026-06-14 09:00:52] [DEBUG] --- wwProject System Start ---
[2026-06-14 09:00:52] [DEBUG] Router::Router() /jemini/wwProjectV1.15/Develop/Console/ServerBridgeAction/
[2026-06-14 09:00:52] [DEBUG] Attempting to load: \Develop\Controllers\ConsoleController::ServerBridgeAction
[2026-06-14 09:00:52] [DEBUG] Router: Executing \Develop\Controllers\ConsoleController->ServerBridgeAction
[2026-06-14 09:00:52] [DEBUG] ConsoleController::ServerBridge() start...
[2026-06-14 09:00:52] [DEBUG] ConsoleController::ServerBridge() \Develop\Controllers\ProjectController::cancelProjectAction()
[2026-06-14 09:00:52] [DEBUG] ProjectController::cancelProjectAction() start...
[2026-06-14 09:00:52] [DEBUG] Screen::updateAreaD() path: \Develop\Views\AreaD\Area_D_clear.view start...
[2026-06-14 09:00:52] [DEBUG] Screen::getContents() start...
[2026-06-14 09:00:52] [DEBUG] Screen::getContents() finish.
[2026-06-14 09:00:52] [DEBUG] Screen::updateAreaD() finish.
[2026-06-14 09:00:52] [DEBUG] Screen::updateAreaE() [iframe起動版] path: \Develop\Views\AreaE\Area_E_clear.view start...
[2026-06-14 09:00:52] [DEBUG] Screen::getContents() start...
[2026-06-14 09:00:52] [DEBUG] Screen::getContents() finish.
[2026-06-14 09:00:52] [DEBUG] Screen::updateAreaE() finish.
[2026-06-14 09:00:52] [DEBUG] ProjectController::updateAreaF() start...
[2026-06-14 09:00:52] [DEBUG] Screen::updateAreaF() path: \Develop\Views\AreaF\Area_F.view start...
[2026-06-14 09:00:52] [DEBUG] Screen::getContents() start...
[2026-06-14 09:00:52] [DEBUG] Screen::getContents() finish.
[2026-06-14 09:00:52] [DEBUG] Screen::updateAreaF() finish.
[2026-06-14 09:00:52] [DEBUG] ProjectController::updateAreaF() finish.
[2026-06-14 09:00:52] [DEBUG] ProjectController::startProjectNabi() start...
[2026-06-14 09:00:52] [DEBUG] ProjectController::getProjectListHtml() start...
[2026-06-14 09:00:52] [DEBUG] ProjectModel::getProjectList() start...
[2026-06-14 09:00:52] [INFO ] ☆☆☆ projectList : Array
(
    [0] => Array
        (
            [project_id] => PRJ-W613KU
            [project_name] => 新規プロジェクト登録２
        )

    [1] => Array
        (
            [project_id] => PRJ-E613KU
            [project_name] => 新規プロジェクト登録テスト
        )

    [2] => Array
        (
            [project_id] => PRJ-741CA7
            [project_name] => SampleProject２
        )

    [3] => Array
        (
            [project_id] => PRJ-D45FEF
            [project_name] => SampleProject１
        )

)

[2026-06-14 09:00:52] [INFO ] ☆☆☆ projectMap : Array
(
    [PRJ-W613KU] => 新規プロジェクト登録２
    [PRJ-E613KU] => 新規プロジェクト登録テスト
    [PRJ-741CA7] => SampleProject２
    [PRJ-D45FEF] => SampleProject１
)

[2026-06-14 09:00:52] [DEBUG] ProjectModel::getProjectList() finish.
[2026-06-14 09:00:52] [DEBUG] CodeMasterModel：：getCodesByGroup() start...
[2026-06-14 09:00:52] [DEBUG] CodeMasterModel：：getCodesByGroup() finish.
[2026-06-14 09:00:52] [DEBUG] ProjectController::getNaviFooterHtml() start...
[2026-06-14 09:00:52] [DEBUG] ProjectController::getNaviFooterHtml() finish.
[2026-06-14 09:00:52] [DEBUG] ProjectController::startProjectNabi() finish.
[2026-06-14 09:00:52] [DEBUG] Screen::updateAreaC() \Develop\Views\AreaC\Area_C.view start...
[2026-06-14 09:00:52] [DEBUG] Screen::getContents() start...
[2026-06-14 09:00:52] [DEBUG] Screen::getContents() finish.
[2026-06-14 09:00:52] [DEBUG] Screen::updateAreaC() finish.
[2026-06-14 09:00:52] [DEBUG] ProjectController::cancelProjectAction() finish.
[2026-06-14 09:00:52] [DEBUG] Screen::areaView() start...
[2026-06-14 09:00:52] [DEBUG] Screen::areaView() finish.
[2026-06-14 12:55:54] [DEBUG] --- wwProject System Start ---
[2026-06-14 12:55:54] [DEBUG] Router::Router() /jemini/wwProjectV1.15/Develop/Console/ServerBridgeAction/
[2026-06-14 12:55:54] [DEBUG] Attempting to load: \Develop\Controllers\ConsoleController::ServerBridgeAction
[2026-06-14 12:55:54] [DEBUG] Router: Executing \Develop\Controllers\ConsoleController->ServerBridgeAction
[2026-06-14 12:55:54] [DEBUG] ConsoleController::ServerBridge() start...
[2026-06-14 12:55:54] [DEBUG] ConsoleController::ServerBridge() \Develop\Controllers\ProjectDefinitionController::initialAction()
[2026-06-14 12:55:54] [DEBUG] DBDefinitionController::initialAction() start...
[2026-06-14 12:55:54] [DEBUG] Screen::updateAreaD() path: \Develop\Views\AreaD\ProjectDefinition\ProjectDefinitionList.view start...
[2026-06-14 12:55:54] [DEBUG] Screen::getContents() start...
[2026-06-14 12:55:54] [DEBUG] Screen::getContents() finish.
[2026-06-14 12:55:54] [DEBUG] Screen::updateAreaD() finish.
[2026-06-14 12:55:54] [DEBUG] DBDefinitionController::initialAction() end.
[2026-06-14 12:55:54] [DEBUG] Screen::areaView() start...
[2026-06-14 12:55:54] [DEBUG] Screen::areaView() finish.
[2026-06-14 14:41:41] [DEBUG] --- wwProject System Start ---
[2026-06-14 14:41:41] [DEBUG] Router::Router() /jemini/wwProjectV1.15/develop/
[2026-06-14 14:41:41] [DEBUG] Attempting to load: \Develop\Controllers\LoginController::initialAction
[2026-06-14 14:41:41] [DEBUG] Router: Executing \Develop\Controllers\LoginController->initialAction
[2026-06-14 14:41:41] [DEBUG] Login::initialAction() start...
[2026-06-14 14:41:41] [DEBUG] Login::initialAction() errorMessage : 
[2026-06-14 14:41:41] [DEBUG] Screen::view() path: \Develop\Views\Login\Login.view start...
[2026-06-14 14:41:41] [DEBUG] Screen::getContents() start...
[2026-06-14 14:41:41] [DEBUG] Screen::getContents() finish.
[2026-06-14 14:41:41] [DEBUG] Screen::view() path: \Develop\Views\Login\Login.view finish.
[2026-06-14 14:41:41] [DEBUG] Login::initialAction() finish.
[2026-06-14 14:41:44] [DEBUG] --- wwProject System Start ---
[2026-06-14 14:41:44] [DEBUG] Router::Router() /jemini/wwProjectV1.15/Develop/Login/authentication/
[2026-06-14 14:41:44] [DEBUG] Attempting to load: \Develop\Controllers\LoginController::authenticationAction
[2026-06-14 14:41:44] [DEBUG] Router: Executing \Develop\Controllers\LoginController->authenticationAction
[2026-06-14 14:41:44] [DEBUG] Login::AuthenticationAction() start...
[2026-06-14 14:41:44] [DEBUG] Login OK - x
[2026-06-14 14:41:44] [DEBUG] Session::start()
[2026-06-14 14:41:44] [DEBUG] Redirect to Console::initialAction()
[2026-06-14 14:41:44] [DEBUG] --- wwProject System Start ---
[2026-06-14 14:41:44] [DEBUG] Router::Router() /jemini/wwProjectV1.15/Develop/Console/initial/
[2026-06-14 14:41:44] [DEBUG] Attempting to load: \Develop\Controllers\ConsoleController::initialAction
[2026-06-14 14:41:44] [DEBUG] Router: Executing \Develop\Controllers\ConsoleController->initialAction
[2026-06-14 14:41:44] [DEBUG] Console::initialAction() start...
[2026-06-14 14:41:44] [DEBUG] Screen::view() path: \Develop\Views\Console\Console.view start...
[2026-06-14 14:41:44] [DEBUG] Screen::getContents() start...
[2026-06-14 14:41:44] [DEBUG] Screen::getContents() finish.
[2026-06-14 14:41:44] [DEBUG] Screen::view() path: \Develop\Views\Console\Console.view finish.
[2026-06-14 14:41:44] [DEBUG] ConsoleController::initialAction() finish.
[2026-06-14 14:41:45] [DEBUG] --- wwProject System Start ---
[2026-06-14 14:41:45] [DEBUG] Router::Router() /jemini/wwProjectV1.15/Develop/Console/ServerBridgeAction/
[2026-06-14 14:41:45] [DEBUG] Attempting to load: \Develop\Controllers\ConsoleController::ServerBridgeAction
[2026-06-14 14:41:45] [DEBUG] Router: Executing \Develop\Controllers\ConsoleController->ServerBridgeAction
[2026-06-14 14:41:45] [DEBUG] ConsoleController::ServerBridge() start...
[2026-06-14 14:41:45] [DEBUG] ConsoleController::ServerBridge() \Develop\Controllers\ConsoleController::areaInitialAction()
[2026-06-14 14:41:45] [DEBUG] ConsoleController::AreaInitialAction() start...
[2026-06-14 14:41:45] [DEBUG] Screen::updateAreaA() path: \Develop\Views\AreaA\Area_A.view start...
[2026-06-14 14:41:45] [DEBUG] Screen::areaView() sending JSON: ["areas"]
[2026-06-14 14:41:45] [DEBUG] Screen::getContents() start...
[2026-06-14 14:41:45] [DEBUG] Screen::getContents() finish.
[2026-06-14 14:41:45] [DEBUG] Screen::updateAreaA() finish.
[2026-06-14 14:41:45] [DEBUG] Screen::updateAreaB() path: \Develop\Views\AreaB\Area_B.view start...
[2026-06-14 14:41:45] [DEBUG] Screen::getContents() start...
[2026-06-14 14:41:45] [DEBUG] Screen::getContents() finish.
[2026-06-14 14:41:45] [DEBUG] Screen::updateAreaB() finish.
[2026-06-14 14:41:45] [DEBUG] Screen::updateAreaD() path: \Develop\Views\AreaD\Area_D_clear.view start...
[2026-06-14 14:41:45] [DEBUG] Screen::getContents() start...
[2026-06-14 14:41:45] [DEBUG] Screen::getContents() finish.
[2026-06-14 14:41:45] [DEBUG] Screen::updateAreaD() finish.
[2026-06-14 14:41:45] [DEBUG] Screen::updateAreaE() [iframe起動版] path: \Develop\Views\AreaE\Area_E_clear.view start...
[2026-06-14 14:41:45] [DEBUG] Screen::getContents() start...
[2026-06-14 14:41:45] [DEBUG] Screen::getContents() finish.
[2026-06-14 14:41:45] [DEBUG] Screen::updateAreaE() finish.
[2026-06-14 14:41:45] [DEBUG] Screen::updateAreaF() path: \Develop\Views\AreaF\Area_F.view start...
[2026-06-14 14:41:45] [DEBUG] Screen::getContents() start...
[2026-06-14 14:41:45] [DEBUG] Screen::getContents() finish.
[2026-06-14 14:41:45] [DEBUG] Screen::updateAreaF() finish.
[2026-06-14 14:41:45] [DEBUG] ProjectController::startProjectNabi() start...
[2026-06-14 14:41:45] [DEBUG] ProjectController::getProjectListHtml() start...
[2026-06-14 14:41:45] [DEBUG] ProjectModel::getProjectList() start...
[2026-06-14 14:41:45] [INFO ] ☆☆☆ projectList : Array
(
    [0] => Array
        (
            [project_id] => PRJ-W613KU
            [project_name] => 新規プロジェクト登録２
        )

    [1] => Array
        (
            [project_id] => PRJ-E613KU
            [project_name] => 新規プロジェクト登録テスト
        )

    [2] => Array
        (
            [project_id] => PRJ-741CA7
            [project_name] => SampleProject２
        )

    [3] => Array
        (
            [project_id] => PRJ-D45FEF
            [project_name] => SampleProject１
        )

)

[2026-06-14 14:41:45] [INFO ] ☆☆☆ projectMap : Array
(
    [PRJ-W613KU] => 新規プロジェクト登録２
    [PRJ-E613KU] => 新規プロジェクト登録テスト
    [PRJ-741CA7] => SampleProject２
    [PRJ-D45FEF] => SampleProject１
)

[2026-06-14 14:41:45] [DEBUG] ProjectModel::getProjectList() finish.
[2026-06-14 14:41:45] [DEBUG] CodeMasterModel：：getCodesByGroup() start...
[2026-06-14 14:41:45] [DEBUG] CodeMasterModel：：getCodesByGroup() finish.
[2026-06-14 14:41:45] [DEBUG] ProjectController::getNaviFooterHtml() start...
[2026-06-14 14:41:45] [DEBUG] ProjectController::getNaviFooterHtml() finish.
[2026-06-14 14:41:45] [DEBUG] ProjectController::startProjectNabi() finish.
[2026-06-14 14:41:45] [DEBUG] Screen::updateAreaC() \Develop\Views\AreaC\Area_C.view start...
[2026-06-14 14:41:45] [DEBUG] Screen::getContents() start...
[2026-06-14 14:41:45] [DEBUG] Screen::getContents() finish.
[2026-06-14 14:41:45] [DEBUG] Screen::updateAreaC() finish.
[2026-06-14 14:41:45] [DEBUG] ConsoleController::AreaInitialAction() finish.
[2026-06-14 14:41:45] [DEBUG] Screen::areaView() start...
[2026-06-14 14:41:45] [DEBUG] Screen::areaView() finish.
[2026-06-14 14:41:46] [DEBUG] --- wwProject System Start ---
[2026-06-14 14:41:47] [DEBUG] Router::Router() /jemini/wwProjectV1.15/Develop/Console/ServerBridgeAction/
[2026-06-14 14:41:47] [DEBUG] Attempting to load: \Develop\Controllers\ConsoleController::ServerBridgeAction
[2026-06-14 14:41:47] [DEBUG] Router: Executing \Develop\Controllers\ConsoleController->ServerBridgeAction
[2026-06-14 14:41:47] [DEBUG] ConsoleController::ServerBridge() start...
[2026-06-14 14:41:47] [DEBUG] ConsoleController::ServerBridge() \Develop\Controllers\ProjectController::projectSelectAction()
[2026-06-14 14:41:47] [DEBUG] ProjectController::projectSelectAction() start...
[2026-06-14 14:41:47] [DEBUG] ProjectController::projectSelectAction() ☆★☆　SampleProject１
[2026-06-14 14:41:47] [DEBUG] Screen::updateAreaB() path: \Develop\Views\AreaB\Area_B.view start...
[2026-06-14 14:41:47] [DEBUG] Screen::getContents() start...
[2026-06-14 14:41:47] [DEBUG] Screen::getContents() finish.
[2026-06-14 14:41:47] [DEBUG] Screen::updateAreaB() finish.
[2026-06-14 14:41:47] [DEBUG] ProjectController::projectSelectAction() PRJ-D45FEF : PRJ-D45FEF
[2026-06-14 14:41:47] [DEBUG] ProjectController::getProjectListHtml() start...
[2026-06-14 14:41:47] [DEBUG] ProjectModel::getProjectList() start...
[2026-06-14 14:41:47] [INFO ] ☆☆☆ projectList : Array
(
    [0] => Array
        (
            [project_id] => PRJ-W613KU
            [project_name] => 新規プロジェクト登録２
        )

    [1] => Array
        (
            [project_id] => PRJ-E613KU
            [project_name] => 新規プロジェクト登録テスト
        )

    [2] => Array
        (
            [project_id] => PRJ-741CA7
            [project_name] => SampleProject２
        )

    [3] => Array
        (
            [project_id] => PRJ-D45FEF
            [project_name] => SampleProject１
        )

)

[2026-06-14 14:41:47] [INFO ] ☆☆☆ projectMap : Array
(
    [PRJ-W613KU] => 新規プロジェクト登録２
    [PRJ-E613KU] => 新規プロジェクト登録テスト
    [PRJ-741CA7] => SampleProject２
    [PRJ-D45FEF] => SampleProject１
)

[2026-06-14 14:41:47] [DEBUG] ProjectModel::getProjectList() finish.
[2026-06-14 14:41:47] [DEBUG] CodeMasterModel：：getCodesByGroup() start...
[2026-06-14 14:41:47] [DEBUG] CodeMasterModel：：getCodesByGroup() finish.
[2026-06-14 14:41:47] [DEBUG] ProjectController::getNaviFooterHtml() start...
[2026-06-14 14:41:47] [DEBUG] ProjectController::getNaviFooterHtml() finish.
[2026-06-14 14:41:47] [DEBUG] Screen::updateAreaC() \Develop\Views\AreaC\Area_C.view start...
[2026-06-14 14:41:47] [DEBUG] Screen::getContents() start...
[2026-06-14 14:41:47] [DEBUG] Screen::getContents() finish.
[2026-06-14 14:41:47] [DEBUG] Screen::updateAreaC() finish.
[2026-06-14 14:41:47] [DEBUG] Screen::updateAreaD() path: \Develop\Views\AreaD\Area_D_clear.view start...
[2026-06-14 14:41:47] [DEBUG] Screen::getContents() start...
[2026-06-14 14:41:47] [DEBUG] Screen::getContents() finish.
[2026-06-14 14:41:47] [DEBUG] Screen::updateAreaD() finish.
[2026-06-14 14:41:47] [DEBUG] Screen::updateAreaE() [iframe起動版] path: \Develop\Views\AreaE\Area_E_clear.view start...
[2026-06-14 14:41:47] [DEBUG] Screen::getContents() start...
[2026-06-14 14:41:47] [DEBUG] Screen::getContents() finish.
[2026-06-14 14:41:47] [DEBUG] Screen::updateAreaE() finish.
[2026-06-14 14:41:47] [DEBUG] ProjectController::projectSelectAction() finish.
[2026-06-14 14:41:47] [DEBUG] Screen::areaView() start...
[2026-06-14 14:41:47] [DEBUG] Screen::areaView() finish.
[2026-06-14 14:41:48] [DEBUG] --- wwProject System Start ---
[2026-06-14 14:41:48] [DEBUG] Router::Router() /jemini/wwProjectV1.15/Develop/Console/ServerBridgeAction/
[2026-06-14 14:41:48] [DEBUG] Attempting to load: \Develop\Controllers\ConsoleController::ServerBridgeAction
[2026-06-14 14:41:48] [DEBUG] Router: Executing \Develop\Controllers\ConsoleController->ServerBridgeAction
[2026-06-14 14:41:48] [DEBUG] ConsoleController::ServerBridge() start...
[2026-06-14 14:41:48] [DEBUG] ConsoleController::ServerBridge() \Develop\Controllers\ProjectDefinitionController::initialAction()
[2026-06-14 14:41:48] [DEBUG] ProjectDefinitionController::initialAction() start...
[2026-06-14 14:41:48] [DEBUG] ProjectModel::getProjectList() start...
[2026-06-14 14:41:48] [INFO ] ☆☆☆ projectList : Array
(
    [0] => Array
        (
            [project_id] => PRJ-W613KU
            [project_name] => 新規プロジェクト登録２
        )

    [1] => Array
        (
            [project_id] => PRJ-E613KU
            [project_name] => 新規プロジェクト登録テスト
        )

    [2] => Array
        (
            [project_id] => PRJ-741CA7
            [project_name] => SampleProject２
        )

    [3] => Array
        (
            [project_id] => PRJ-D45FEF
            [project_name] => SampleProject１
        )

)

[2026-06-14 14:41:48] [INFO ] ☆☆☆ projectMap : Array
(
    [PRJ-W613KU] => 新規プロジェクト登録２
    [PRJ-E613KU] => 新規プロジェクト登録テスト
    [PRJ-741CA7] => SampleProject２
    [PRJ-D45FEF] => SampleProject１
)

[2026-06-14 14:41:48] [DEBUG] ProjectModel::getProjectList() finish.
[2026-06-14 14:41:48] [DEBUG] Screen::updateAreaD() path: \Develop\Views\AreaD\ProjectDefinition\ProjectDefinitionList.view start...
[2026-06-14 14:41:48] [DEBUG] Screen::getContents() start...
[2026-06-14 14:41:48] [DEBUG] Screen::getContents() finish.
[2026-06-14 14:41:48] [DEBUG] Screen::updateAreaD() finish.
[2026-06-14 14:41:48] [DEBUG] ProjectDefinitionController::initialAction() end.
[2026-06-14 14:41:48] [DEBUG] Screen::areaView() start...
[2026-06-14 14:41:48] [DEBUG] Screen::areaView() finish.
[2026-06-14 14:41:54] [DEBUG] --- wwProject System Start ---
[2026-06-14 14:41:54] [DEBUG] Router::Router() /jemini/wwProjectV1.15/Develop/Console/ServerBridgeAction/
[2026-06-14 14:41:54] [DEBUG] Attempting to load: \Develop\Controllers\ConsoleController::ServerBridgeAction
[2026-06-14 14:41:54] [DEBUG] Router: Executing \Develop\Controllers\ConsoleController->ServerBridgeAction
[2026-06-14 14:41:54] [DEBUG] ConsoleController::ServerBridge() start...
[2026-06-14 14:41:54] [DEBUG] ConsoleController::ServerBridge() \Develop\Controllers\ProjectDefinitionController::projectDetailAction()
[2026-06-14 14:41:54] [ERROR] ConsoleController::ServerBridge Fatal: App Method Not Found: \Develop\Controllers\ProjectDefinitionController::projectDetailAction
[2026-06-14 14:41:55] [DEBUG] --- wwProject System Start ---
[2026-06-14 14:41:56] [DEBUG] Router::Router() /jemini/wwProjectV1.15/Develop/Console/ServerBridgeAction/
[2026-06-14 14:41:56] [DEBUG] Attempting to load: \Develop\Controllers\ConsoleController::ServerBridgeAction
[2026-06-14 14:41:56] [DEBUG] Router: Executing \Develop\Controllers\ConsoleController->ServerBridgeAction
[2026-06-14 14:41:56] [DEBUG] ConsoleController::ServerBridge() start...
[2026-06-14 14:41:56] [DEBUG] ConsoleController::ServerBridge() \Develop\Controllers\ProjectDefinitionController::projectDetailAction()
[2026-06-14 14:41:56] [ERROR] ConsoleController::ServerBridge Fatal: App Method Not Found: \Develop\Controllers\ProjectDefinitionController::projectDetailAction
[2026-06-14 14:41:56] [DEBUG] --- wwProject System Start ---
[2026-06-14 14:41:56] [DEBUG] Router::Router() /jemini/wwProjectV1.15/Develop/Console/ServerBridgeAction/
[2026-06-14 14:41:56] [DEBUG] Attempting to load: \Develop\Controllers\ConsoleController::ServerBridgeAction
[2026-06-14 14:41:56] [DEBUG] Router: Executing \Develop\Controllers\ConsoleController->ServerBridgeAction
[2026-06-14 14:41:56] [DEBUG] ConsoleController::ServerBridge() start...
[2026-06-14 14:41:56] [DEBUG] ConsoleController::ServerBridge() \Develop\Controllers\ProjectDefinitionController::projectDetailAction()
[2026-06-14 14:41:56] [ERROR] ConsoleController::ServerBridge Fatal: App Method Not Found: \Develop\Controllers\ProjectDefinitionController::projectDetailAction
[2026-06-14 14:41:57] [DEBUG] --- wwProject System Start ---
[2026-06-14 14:41:57] [DEBUG] Router::Router() /jemini/wwProjectV1.15/Develop/Console/ServerBridgeAction/
[2026-06-14 14:41:57] [DEBUG] Attempting to load: \Develop\Controllers\ConsoleController::ServerBridgeAction
[2026-06-14 14:41:57] [DEBUG] Router: Executing \Develop\Controllers\ConsoleController->ServerBridgeAction
[2026-06-14 14:41:57] [DEBUG] ConsoleController::ServerBridge() start...
[2026-06-14 14:41:57] [DEBUG] ConsoleController::ServerBridge() \Develop\Controllers\ProjectDefinitionController::projectDetailAction()
[2026-06-14 14:41:57] [ERROR] ConsoleController::ServerBridge Fatal: App Method Not Found: \Develop\Controllers\ProjectDefinitionController::projectDetailAction
[2026-06-14 15:02:51] [DEBUG] --- wwProject System Start ---
[2026-06-14 15:02:51] [DEBUG] Router::Router() /jemini/wwProjectV1.15/Develop/Console/ServerBridgeAction/
[2026-06-14 15:02:51] [DEBUG] Attempting to load: \Develop\Controllers\ConsoleController::ServerBridgeAction
[2026-06-14 15:02:51] [DEBUG] Router: Executing \Develop\Controllers\ConsoleController->ServerBridgeAction
[2026-06-14 15:02:51] [DEBUG] ConsoleController::ServerBridge() start...
[2026-06-14 15:02:51] [DEBUG] ConsoleController::ServerBridge() \Develop\Controllers\ProjectDefinitionController::projectDetailAction()
[2026-06-14 15:02:51] [ERROR] ConsoleController::ServerBridge Fatal: App Method Not Found: \Develop\Controllers\ProjectDefinitionController::projectDetailAction
[2026-06-14 15:02:52] [DEBUG] --- wwProject System Start ---
[2026-06-14 15:02:52] [DEBUG] Router::Router() /jemini/wwProjectV1.15/Develop/Console/ServerBridgeAction/
[2026-06-14 15:02:52] [DEBUG] Attempting to load: \Develop\Controllers\ConsoleController::ServerBridgeAction
[2026-06-14 15:02:52] [DEBUG] Router: Executing \Develop\Controllers\ConsoleController->ServerBridgeAction
[2026-06-14 15:02:52] [DEBUG] ConsoleController::ServerBridge() start...
[2026-06-14 15:02:52] [DEBUG] ConsoleController::ServerBridge() \Develop\Controllers\ProjectDefinitionController::projectDetailAction()
[2026-06-14 15:02:52] [ERROR] ConsoleController::ServerBridge Fatal: App Method Not Found: \Develop\Controllers\ProjectDefinitionController::projectDetailAction
[2026-06-14 15:19:09] [DEBUG] --- wwProject System Start ---
[2026-06-14 15:19:09] [DEBUG] Router::Router() /jemini/wwProjectV1.15/develop/
[2026-06-14 15:19:09] [DEBUG] Attempting to load: \Develop\Controllers\LoginController::initialAction
[2026-06-14 15:19:09] [DEBUG] Router: Executing \Develop\Controllers\LoginController->initialAction
[2026-06-14 15:19:09] [DEBUG] Login::initialAction() start...
[2026-06-14 15:19:09] [DEBUG] Login::initialAction() errorMessage : 
[2026-06-14 15:19:09] [DEBUG] Screen::view() path: \Develop\Views\Login\Login.view start...
[2026-06-14 15:19:09] [DEBUG] Screen::getContents() start...
[2026-06-14 15:19:09] [DEBUG] Screen::getContents() finish.
[2026-06-14 15:19:09] [DEBUG] Screen::view() path: \Develop\Views\Login\Login.view finish.
[2026-06-14 15:19:09] [DEBUG] Login::initialAction() finish.
[2026-06-14 15:19:12] [DEBUG] --- wwProject System Start ---
[2026-06-14 15:19:12] [DEBUG] Router::Router() /jemini/wwProjectV1.15/Develop/Login/authentication/
[2026-06-14 15:19:12] [DEBUG] Attempting to load: \Develop\Controllers\LoginController::authenticationAction
[2026-06-14 15:19:12] [DEBUG] Router: Executing \Develop\Controllers\LoginController->authenticationAction
[2026-06-14 15:19:12] [DEBUG] Login::AuthenticationAction() start...
[2026-06-14 15:19:12] [DEBUG] Login OK - x
[2026-06-14 15:19:12] [DEBUG] Session::start()
[2026-06-14 15:19:12] [DEBUG] Redirect to Console::initialAction()
[2026-06-14 15:19:12] [DEBUG] --- wwProject System Start ---
[2026-06-14 15:19:12] [DEBUG] Router::Router() /jemini/wwProjectV1.15/Develop/Console/initial/
[2026-06-14 15:19:12] [DEBUG] Attempting to load: \Develop\Controllers\ConsoleController::initialAction
[2026-06-14 15:19:12] [DEBUG] Router: Executing \Develop\Controllers\ConsoleController->initialAction
[2026-06-14 15:19:12] [DEBUG] Console::initialAction() start...
[2026-06-14 15:19:12] [DEBUG] Screen::view() path: \Develop\Views\Console\Console.view start...
[2026-06-14 15:19:12] [DEBUG] Screen::getContents() start...
[2026-06-14 15:19:12] [DEBUG] Screen::getContents() finish.
[2026-06-14 15:19:12] [DEBUG] Screen::view() path: \Develop\Views\Console\Console.view finish.
[2026-06-14 15:19:12] [DEBUG] ConsoleController::initialAction() finish.
[2026-06-14 15:19:12] [DEBUG] --- wwProject System Start ---
[2026-06-14 15:19:12] [DEBUG] Router::Router() /jemini/wwProjectV1.15/Develop/Console/ServerBridgeAction/
[2026-06-14 15:19:12] [DEBUG] Attempting to load: \Develop\Controllers\ConsoleController::ServerBridgeAction
[2026-06-14 15:19:12] [DEBUG] Router: Executing \Develop\Controllers\ConsoleController->ServerBridgeAction
[2026-06-14 15:19:12] [DEBUG] ConsoleController::ServerBridge() start...
[2026-06-14 15:19:12] [DEBUG] ConsoleController::ServerBridge() \Develop\Controllers\ConsoleController::areaInitialAction()
[2026-06-14 15:19:12] [DEBUG] ConsoleController::AreaInitialAction() start...
[2026-06-14 15:19:12] [DEBUG] Screen::updateAreaA() path: \Develop\Views\AreaA\Area_A.view start...
[2026-06-14 15:19:12] [DEBUG] Screen::areaView() sending JSON: ["areas"]
[2026-06-14 15:19:12] [DEBUG] Screen::getContents() start...
[2026-06-14 15:19:12] [DEBUG] Screen::getContents() finish.
[2026-06-14 15:19:12] [DEBUG] Screen::updateAreaA() finish.
[2026-06-14 15:19:12] [DEBUG] Screen::updateAreaB() path: \Develop\Views\AreaB\Area_B.view start...
[2026-06-14 15:19:12] [DEBUG] Screen::getContents() start...
[2026-06-14 15:19:12] [DEBUG] Screen::getContents() finish.
[2026-06-14 15:19:12] [DEBUG] Screen::updateAreaB() finish.
[2026-06-14 15:19:12] [DEBUG] Screen::updateAreaD() path: \Develop\Views\AreaD\Area_D_clear.view start...
[2026-06-14 15:19:12] [DEBUG] Screen::getContents() start...
[2026-06-14 15:19:12] [DEBUG] Screen::getContents() finish.
[2026-06-14 15:19:12] [DEBUG] Screen::updateAreaD() finish.
[2026-06-14 15:19:12] [DEBUG] Screen::updateAreaE() [iframe起動版] path: \Develop\Views\AreaE\Area_E_clear.view start...
[2026-06-14 15:19:12] [DEBUG] Screen::getContents() start...
[2026-06-14 15:19:12] [DEBUG] Screen::getContents() finish.
[2026-06-14 15:19:12] [DEBUG] Screen::updateAreaE() finish.
[2026-06-14 15:19:12] [DEBUG] Screen::updateAreaF() path: \Develop\Views\AreaF\Area_F.view start...
[2026-06-14 15:19:12] [DEBUG] Screen::getContents() start...
[2026-06-14 15:19:12] [DEBUG] Screen::getContents() finish.
[2026-06-14 15:19:12] [DEBUG] Screen::updateAreaF() finish.
[2026-06-14 15:19:12] [DEBUG] ProjectController::startProjectNabi() start...
[2026-06-14 15:19:12] [DEBUG] ProjectController::getProjectListHtml() start...
[2026-06-14 15:19:12] [DEBUG] ProjectModel::getProjectList() start...
[2026-06-14 15:19:12] [INFO ] ☆☆☆ projectList : Array
(
    [0] => Array
        (
            [project_id] => PRJ-W613KU
            [project_name] => 新規プロジェクト登録２
        )

    [1] => Array
        (
            [project_id] => PRJ-E613KU
            [project_name] => 新規プロジェクト登録テスト
        )

    [2] => Array
        (
            [project_id] => PRJ-741CA7
            [project_name] => SampleProject２
        )

    [3] => Array
        (
            [project_id] => PRJ-D45FEF
            [project_name] => SampleProject１
        )

)

[2026-06-14 15:19:12] [INFO ] ☆☆☆ projectMap : Array
(
    [PRJ-W613KU] => 新規プロジェクト登録２
    [PRJ-E613KU] => 新規プロジェクト登録テスト
    [PRJ-741CA7] => SampleProject２
    [PRJ-D45FEF] => SampleProject１
)

[2026-06-14 15:19:12] [DEBUG] ProjectModel::getProjectList() finish.
[2026-06-14 15:19:12] [DEBUG] CodeMasterModel：：getCodesByGroup() start...
[2026-06-14 15:19:12] [DEBUG] CodeMasterModel：：getCodesByGroup() finish.
[2026-06-14 15:19:12] [DEBUG] ProjectController::getNaviFooterHtml() start...
[2026-06-14 15:19:12] [DEBUG] ProjectController::getNaviFooterHtml() finish.
[2026-06-14 15:19:12] [DEBUG] ProjectController::startProjectNabi() finish.
[2026-06-14 15:19:12] [DEBUG] Screen::updateAreaC() \Develop\Views\AreaC\Area_C.view start...
[2026-06-14 15:19:12] [DEBUG] Screen::getContents() start...
[2026-06-14 15:19:12] [DEBUG] Screen::getContents() finish.
[2026-06-14 15:19:12] [DEBUG] Screen::updateAreaC() finish.
[2026-06-14 15:19:12] [DEBUG] ConsoleController::AreaInitialAction() finish.
[2026-06-14 15:19:12] [DEBUG] Screen::areaView() start...
[2026-06-14 15:19:12] [DEBUG] Screen::areaView() finish.
[2026-06-14 15:19:15] [DEBUG] --- wwProject System Start ---
[2026-06-14 15:19:15] [DEBUG] Router::Router() /jemini/wwProjectV1.15/Develop/Console/ServerBridgeAction/
[2026-06-14 15:19:15] [DEBUG] Attempting to load: \Develop\Controllers\ConsoleController::ServerBridgeAction
[2026-06-14 15:19:15] [DEBUG] Router: Executing \Develop\Controllers\ConsoleController->ServerBridgeAction
[2026-06-14 15:19:15] [DEBUG] ConsoleController::ServerBridge() start...
[2026-06-14 15:19:15] [DEBUG] ConsoleController::ServerBridge() \Develop\Controllers\ProjectController::projectSelectAction()
[2026-06-14 15:19:15] [DEBUG] ProjectController::projectSelectAction() start...
[2026-06-14 15:19:15] [DEBUG] ProjectController::projectSelectAction() ☆★☆　SampleProject１
[2026-06-14 15:19:15] [DEBUG] Screen::updateAreaB() path: \Develop\Views\AreaB\Area_B.view start...
[2026-06-14 15:19:15] [DEBUG] Screen::getContents() start...
[2026-06-14 15:19:15] [DEBUG] Screen::getContents() finish.
[2026-06-14 15:19:15] [DEBUG] Screen::updateAreaB() finish.
[2026-06-14 15:19:15] [DEBUG] ProjectController::projectSelectAction() PRJ-D45FEF : PRJ-D45FEF
[2026-06-14 15:19:15] [DEBUG] ProjectController::getProjectListHtml() start...
[2026-06-14 15:19:15] [DEBUG] ProjectModel::getProjectList() start...
[2026-06-14 15:19:15] [INFO ] ☆☆☆ projectList : Array
(
    [0] => Array
        (
            [project_id] => PRJ-W613KU
            [project_name] => 新規プロジェクト登録２
        )

    [1] => Array
        (
            [project_id] => PRJ-E613KU
            [project_name] => 新規プロジェクト登録テスト
        )

    [2] => Array
        (
            [project_id] => PRJ-741CA7
            [project_name] => SampleProject２
        )

    [3] => Array
        (
            [project_id] => PRJ-D45FEF
            [project_name] => SampleProject１
        )

)

[2026-06-14 15:19:15] [INFO ] ☆☆☆ projectMap : Array
(
    [PRJ-W613KU] => 新規プロジェクト登録２
    [PRJ-E613KU] => 新規プロジェクト登録テスト
    [PRJ-741CA7] => SampleProject２
    [PRJ-D45FEF] => SampleProject１
)

[2026-06-14 15:19:15] [DEBUG] ProjectModel::getProjectList() finish.
[2026-06-14 15:19:15] [DEBUG] CodeMasterModel：：getCodesByGroup() start...
[2026-06-14 15:19:15] [DEBUG] CodeMasterModel：：getCodesByGroup() finish.
[2026-06-14 15:19:15] [DEBUG] ProjectController::getNaviFooterHtml() start...
[2026-06-14 15:19:15] [DEBUG] ProjectController::getNaviFooterHtml() finish.
[2026-06-14 15:19:15] [DEBUG] Screen::updateAreaC() \Develop\Views\AreaC\Area_C.view start...
[2026-06-14 15:19:15] [DEBUG] Screen::getContents() start...
[2026-06-14 15:19:15] [DEBUG] Screen::getContents() finish.
[2026-06-14 15:19:15] [DEBUG] Screen::updateAreaC() finish.
[2026-06-14 15:19:15] [DEBUG] Screen::updateAreaD() path: \Develop\Views\AreaD\Area_D_clear.view start...
[2026-06-14 15:19:15] [DEBUG] Screen::getContents() start...
[2026-06-14 15:19:15] [DEBUG] Screen::getContents() finish.
[2026-06-14 15:19:15] [DEBUG] Screen::updateAreaD() finish.
[2026-06-14 15:19:15] [DEBUG] Screen::updateAreaE() [iframe起動版] path: \Develop\Views\AreaE\Area_E_clear.view start...
[2026-06-14 15:19:15] [DEBUG] Screen::getContents() start...
[2026-06-14 15:19:15] [DEBUG] Screen::getContents() finish.
[2026-06-14 15:19:15] [DEBUG] Screen::updateAreaE() finish.
[2026-06-14 15:19:15] [DEBUG] ProjectController::projectSelectAction() finish.
[2026-06-14 15:19:15] [DEBUG] Screen::areaView() start...
[2026-06-14 15:19:15] [DEBUG] Screen::areaView() finish.
[2026-06-14 15:19:16] [DEBUG] --- wwProject System Start ---
[2026-06-14 15:19:16] [DEBUG] Router::Router() /jemini/wwProjectV1.15/Develop/Console/ServerBridgeAction/
[2026-06-14 15:19:16] [DEBUG] Attempting to load: \Develop\Controllers\ConsoleController::ServerBridgeAction
[2026-06-14 15:19:16] [DEBUG] Router: Executing \Develop\Controllers\ConsoleController->ServerBridgeAction
[2026-06-14 15:19:16] [DEBUG] ConsoleController::ServerBridge() start...
[2026-06-14 15:19:16] [DEBUG] ConsoleController::ServerBridge() \Develop\Controllers\ProjectDefinitionController::initialAction()
[2026-06-14 15:19:16] [DEBUG] ProjectDefinitionController::initialAction() start...
[2026-06-14 15:19:16] [DEBUG] ProjectModel::getProjectList() start...
[2026-06-14 15:19:16] [INFO ] ☆☆☆ projectList : Array
(
    [0] => Array
        (
            [project_id] => PRJ-W613KU
            [project_name] => 新規プロジェクト登録２
        )

    [1] => Array
        (
            [project_id] => PRJ-E613KU
            [project_name] => 新規プロジェクト登録テスト
        )

    [2] => Array
        (
            [project_id] => PRJ-741CA7
            [project_name] => SampleProject２
        )

    [3] => Array
        (
            [project_id] => PRJ-D45FEF
            [project_name] => SampleProject１
        )

)

[2026-06-14 15:19:16] [INFO ] ☆☆☆ projectMap : Array
(
    [PRJ-W613KU] => 新規プロジェクト登録２
    [PRJ-E613KU] => 新規プロジェクト登録テスト
    [PRJ-741CA7] => SampleProject２
    [PRJ-D45FEF] => SampleProject１
)

[2026-06-14 15:19:16] [DEBUG] ProjectModel::getProjectList() finish.
[2026-06-14 15:19:16] [DEBUG] Screen::updateAreaD() path: \Develop\Views\AreaD\ProjectDefinition\ProjectDefinitionList.view start...
[2026-06-14 15:19:16] [DEBUG] Screen::getContents() start...
[2026-06-14 15:19:16] [DEBUG] Screen::getContents() finish.
[2026-06-14 15:19:16] [DEBUG] Screen::updateAreaD() finish.
[2026-06-14 15:19:16] [DEBUG] ProjectDefinitionController::initialAction() end.
[2026-06-14 15:19:16] [DEBUG] Screen::areaView() start...
[2026-06-14 15:19:16] [DEBUG] Screen::areaView() finish.
[2026-06-14 15:19:21] [DEBUG] --- wwProject System Start ---
[2026-06-14 15:19:21] [DEBUG] Router::Router() /jemini/wwProjectV1.15/Develop/Console/ServerBridgeAction/
[2026-06-14 15:19:21] [DEBUG] Attempting to load: \Develop\Controllers\ConsoleController::ServerBridgeAction
[2026-06-14 15:19:21] [DEBUG] Router: Executing \Develop\Controllers\ConsoleController->ServerBridgeAction
[2026-06-14 15:19:21] [DEBUG] ConsoleController::ServerBridge() start...
[2026-06-14 15:19:21] [DEBUG] ConsoleController::ServerBridge() \Develop\Controllers\ProjectDefinitionController::projectDetailAction()
[2026-06-14 15:19:21] [ERROR] ConsoleController::ServerBridge Fatal: Call to undefined method Develop\Models\ProjectModel::getProjectById()
[2026-06-14 15:19:22] [DEBUG] --- wwProject System Start ---
[2026-06-14 15:19:22] [DEBUG] Router::Router() /jemini/wwProjectV1.15/Develop/Console/ServerBridgeAction/
[2026-06-14 15:19:22] [DEBUG] Attempting to load: \Develop\Controllers\ConsoleController::ServerBridgeAction
[2026-06-14 15:19:22] [DEBUG] Router: Executing \Develop\Controllers\ConsoleController->ServerBridgeAction
[2026-06-14 15:19:22] [DEBUG] ConsoleController::ServerBridge() start...
[2026-06-14 15:19:22] [DEBUG] ConsoleController::ServerBridge() \Develop\Controllers\ProjectDefinitionController::projectDetailAction()
[2026-06-14 15:19:22] [ERROR] ConsoleController::ServerBridge Fatal: Call to undefined method Develop\Models\ProjectModel::getProjectById()
[2026-06-14 15:19:23] [DEBUG] --- wwProject System Start ---
[2026-06-14 15:19:23] [DEBUG] Router::Router() /jemini/wwProjectV1.15/Develop/Console/ServerBridgeAction/
[2026-06-14 15:19:23] [DEBUG] Attempting to load: \Develop\Controllers\ConsoleController::ServerBridgeAction
[2026-06-14 15:19:23] [DEBUG] Router: Executing \Develop\Controllers\ConsoleController->ServerBridgeAction
[2026-06-14 15:19:23] [DEBUG] ConsoleController::ServerBridge() start...
[2026-06-14 15:19:23] [DEBUG] ConsoleController::ServerBridge() \Develop\Controllers\ProjectDefinitionController::projectDetailAction()
[2026-06-14 15:19:23] [ERROR] ConsoleController::ServerBridge Fatal: Call to undefined method Develop\Models\ProjectModel::getProjectById()
[2026-06-14 15:19:25] [DEBUG] --- wwProject System Start ---
[2026-06-14 15:19:25] [DEBUG] Router::Router() /jemini/wwProjectV1.15/Develop/Console/ServerBridgeAction/
[2026-06-14 15:19:25] [DEBUG] Attempting to load: \Develop\Controllers\ConsoleController::ServerBridgeAction
[2026-06-14 15:19:25] [DEBUG] Router: Executing \Develop\Controllers\ConsoleController->ServerBridgeAction
[2026-06-14 15:19:25] [DEBUG] ConsoleController::ServerBridge() start...
[2026-06-14 15:19:25] [DEBUG] ConsoleController::ServerBridge() \Develop\Controllers\ProjectDefinitionController::projectDetailAction()
[2026-06-14 15:19:25] [ERROR] ConsoleController::ServerBridge Fatal: Call to undefined method Develop\Models\ProjectModel::getProjectById()
[2026-06-14 15:19:25] [DEBUG] --- wwProject System Start ---
[2026-06-14 15:19:25] [DEBUG] Router::Router() /jemini/wwProjectV1.15/Develop/Console/ServerBridgeAction/
[2026-06-14 15:19:25] [DEBUG] Attempting to load: \Develop\Controllers\ConsoleController::ServerBridgeAction
[2026-06-14 15:19:25] [DEBUG] Router: Executing \Develop\Controllers\ConsoleController->ServerBridgeAction
[2026-06-14 15:19:25] [DEBUG] ConsoleController::ServerBridge() start...
[2026-06-14 15:19:25] [DEBUG] ConsoleController::ServerBridge() \Develop\Controllers\ProjectDefinitionController::projectDetailAction()
[2026-06-14 15:19:25] [ERROR] ConsoleController::ServerBridge Fatal: Call to undefined method Develop\Models\ProjectModel::getProjectById()
[2026-06-14 15:19:26] [DEBUG] --- wwProject System Start ---
[2026-06-14 15:19:26] [DEBUG] Router::Router() /jemini/wwProjectV1.15/Develop/Console/ServerBridgeAction/
[2026-06-14 15:19:26] [DEBUG] Attempting to load: \Develop\Controllers\ConsoleController::ServerBridgeAction
[2026-06-14 15:19:26] [DEBUG] Router: Executing \Develop\Controllers\ConsoleController->ServerBridgeAction
[2026-06-14 15:19:26] [DEBUG] ConsoleController::ServerBridge() start...
[2026-06-14 15:19:26] [DEBUG] ConsoleController::ServerBridge() \Develop\Controllers\ProjectDefinitionController::projectDetailAction()
[2026-06-14 15:19:26] [ERROR] ConsoleController::ServerBridge Fatal: Call to undefined method Develop\Models\ProjectModel::getProjectById()
[2026-06-14 15:19:27] [DEBUG] --- wwProject System Start ---
[2026-06-14 15:19:27] [DEBUG] Router::Router() /jemini/wwProjectV1.15/Develop/Console/ServerBridgeAction/
[2026-06-14 15:19:27] [DEBUG] Attempting to load: \Develop\Controllers\ConsoleController::ServerBridgeAction
[2026-06-14 15:19:27] [DEBUG] Router: Executing \Develop\Controllers\ConsoleController->ServerBridgeAction
[2026-06-14 15:19:27] [DEBUG] ConsoleController::ServerBridge() start...
[2026-06-14 15:19:27] [DEBUG] ConsoleController::ServerBridge() \Develop\Controllers\ProjectDefinitionController::projectDetailAction()
[2026-06-14 15:19:27] [ERROR] ConsoleController::ServerBridge Fatal: Call to undefined method Develop\Models\ProjectModel::getProjectById()
[2026-06-14 15:19:30] [DEBUG] --- wwProject System Start ---
[2026-06-14 15:19:30] [DEBUG] Router::Router() /jemini/wwProjectV1.15/Develop/Console/ServerBridgeAction/
[2026-06-14 15:19:30] [DEBUG] Attempting to load: \Develop\Controllers\ConsoleController::ServerBridgeAction
[2026-06-14 15:19:30] [DEBUG] Router: Executing \Develop\Controllers\ConsoleController->ServerBridgeAction
[2026-06-14 15:19:30] [DEBUG] ConsoleController::ServerBridge() start...
[2026-06-14 15:19:30] [DEBUG] ConsoleController::ServerBridge() \Develop\Controllers\ProjectDefinitionController::projectDetailAction()
[2026-06-14 15:19:30] [ERROR] ConsoleController::ServerBridge Fatal: Call to undefined method Develop\Models\ProjectModel::getProjectById()
[2026-06-14 15:19:31] [DEBUG] --- wwProject System Start ---
[2026-06-14 15:19:31] [DEBUG] Router::Router() /jemini/wwProjectV1.15/Develop/Console/ServerBridgeAction/
[2026-06-14 15:19:31] [DEBUG] Attempting to load: \Develop\Controllers\ConsoleController::ServerBridgeAction
[2026-06-14 15:19:31] [DEBUG] Router: Executing \Develop\Controllers\ConsoleController->ServerBridgeAction
[2026-06-14 15:19:31] [DEBUG] ConsoleController::ServerBridge() start...
[2026-06-14 15:19:31] [DEBUG] ConsoleController::ServerBridge() \Develop\Controllers\ProjectDefinitionController::projectDetailAction()
[2026-06-14 15:19:31] [ERROR] ConsoleController::ServerBridge Fatal: Call to undefined method Develop\Models\ProjectModel::getProjectById()
[2026-06-14 15:19:32] [DEBUG] --- wwProject System Start ---
[2026-06-14 15:19:32] [DEBUG] Router::Router() /jemini/wwProjectV1.15/Develop/Console/ServerBridgeAction/
[2026-06-14 15:19:32] [DEBUG] Attempting to load: \Develop\Controllers\ConsoleController::ServerBridgeAction
[2026-06-14 15:19:32] [DEBUG] Router: Executing \Develop\Controllers\ConsoleController->ServerBridgeAction
[2026-06-14 15:19:32] [DEBUG] ConsoleController::ServerBridge() start...
[2026-06-14 15:19:32] [DEBUG] ConsoleController::ServerBridge() \Develop\Controllers\ProjectDefinitionController::projectDetailAction()
[2026-06-14 15:19:32] [ERROR] ConsoleController::ServerBridge Fatal: Call to undefined method Develop\Models\ProjectModel::getProjectById()
[2026-06-14 15:20:11] [DEBUG] --- wwProject System Start ---
[2026-06-14 15:20:11] [DEBUG] Router::Router() /jemini/wwProjectV1.15/Develop/Console/ServerBridgeAction/
[2026-06-14 15:20:11] [DEBUG] Attempting to load: \Develop\Controllers\ConsoleController::ServerBridgeAction
[2026-06-14 15:20:11] [DEBUG] Router: Executing \Develop\Controllers\ConsoleController->ServerBridgeAction
[2026-06-14 15:20:11] [DEBUG] ConsoleController::ServerBridge() start...
[2026-06-14 15:20:11] [DEBUG] ConsoleController::ServerBridge() \Develop\Controllers\ProjectDefinitionController::projectDetailAction()
[2026-06-14 15:20:11] [ERROR] ConsoleController::ServerBridge Fatal: Call to undefined method Develop\Models\ProjectModel::getProjectById()
[2026-06-14 15:22:39] [DEBUG] --- wwProject System Start ---
[2026-06-14 15:22:39] [DEBUG] Router::Router() /jemini/wwProjectV1.15/develop/
[2026-06-14 15:22:39] [DEBUG] Attempting to load: \Develop\Controllers\LoginController::initialAction
[2026-06-14 15:22:39] [DEBUG] Router: Executing \Develop\Controllers\LoginController->initialAction
[2026-06-14 15:22:39] [DEBUG] Login::initialAction() start...
[2026-06-14 15:22:39] [DEBUG] Login::initialAction() errorMessage : 
[2026-06-14 15:22:39] [DEBUG] Screen::view() path: \Develop\Views\Login\Login.view start...
[2026-06-14 15:22:39] [DEBUG] Screen::getContents() start...
[2026-06-14 15:22:39] [DEBUG] Screen::getContents() finish.
[2026-06-14 15:22:39] [DEBUG] Screen::view() path: \Develop\Views\Login\Login.view finish.
[2026-06-14 15:22:39] [DEBUG] Login::initialAction() finish.
[2026-06-14 15:22:42] [DEBUG] --- wwProject System Start ---
[2026-06-14 15:22:42] [DEBUG] Router::Router() /jemini/wwProjectV1.15/Develop/Login/authentication/
[2026-06-14 15:22:42] [DEBUG] Attempting to load: \Develop\Controllers\LoginController::authenticationAction
[2026-06-14 15:22:42] [DEBUG] Router: Executing \Develop\Controllers\LoginController->authenticationAction
[2026-06-14 15:22:42] [DEBUG] Login::AuthenticationAction() start...
[2026-06-14 15:22:42] [DEBUG] Login OK - x
[2026-06-14 15:22:42] [DEBUG] Session::start()
[2026-06-14 15:22:42] [DEBUG] Redirect to Console::initialAction()
[2026-06-14 15:22:42] [DEBUG] --- wwProject System Start ---
[2026-06-14 15:22:42] [DEBUG] Router::Router() /jemini/wwProjectV1.15/Develop/Console/initial/
[2026-06-14 15:22:42] [DEBUG] Attempting to load: \Develop\Controllers\ConsoleController::initialAction
[2026-06-14 15:22:42] [DEBUG] Router: Executing \Develop\Controllers\ConsoleController->initialAction
[2026-06-14 15:22:42] [DEBUG] Console::initialAction() start...
[2026-06-14 15:22:42] [DEBUG] Screen::view() path: \Develop\Views\Console\Console.view start...
[2026-06-14 15:22:42] [DEBUG] Screen::getContents() start...
[2026-06-14 15:22:42] [DEBUG] Screen::getContents() finish.
[2026-06-14 15:22:42] [DEBUG] Screen::view() path: \Develop\Views\Console\Console.view finish.
[2026-06-14 15:22:42] [DEBUG] ConsoleController::initialAction() finish.
[2026-06-14 15:22:42] [DEBUG] --- wwProject System Start ---
[2026-06-14 15:22:42] [DEBUG] Router::Router() /jemini/wwProjectV1.15/Develop/Console/ServerBridgeAction/
[2026-06-14 15:22:42] [DEBUG] Attempting to load: \Develop\Controllers\ConsoleController::ServerBridgeAction
[2026-06-14 15:22:42] [DEBUG] Router: Executing \Develop\Controllers\ConsoleController->ServerBridgeAction
[2026-06-14 15:22:42] [DEBUG] ConsoleController::ServerBridge() start...
[2026-06-14 15:22:42] [DEBUG] ConsoleController::ServerBridge() \Develop\Controllers\ConsoleController::areaInitialAction()
[2026-06-14 15:22:42] [DEBUG] ConsoleController::AreaInitialAction() start...
[2026-06-14 15:22:42] [DEBUG] Screen::updateAreaA() path: \Develop\Views\AreaA\Area_A.view start...
[2026-06-14 15:22:42] [DEBUG] Screen::areaView() sending JSON: ["areas"]
[2026-06-14 15:22:42] [DEBUG] Screen::getContents() start...
[2026-06-14 15:22:42] [DEBUG] Screen::getContents() finish.
[2026-06-14 15:22:42] [DEBUG] Screen::updateAreaA() finish.
[2026-06-14 15:22:42] [DEBUG] Screen::updateAreaB() path: \Develop\Views\AreaB\Area_B.view start...
[2026-06-14 15:22:42] [DEBUG] Screen::getContents() start...
[2026-06-14 15:22:42] [DEBUG] Screen::getContents() finish.
[2026-06-14 15:22:42] [DEBUG] Screen::updateAreaB() finish.
[2026-06-14 15:22:42] [DEBUG] Screen::updateAreaD() path: \Develop\Views\AreaD\Area_D_clear.view start...
[2026-06-14 15:22:42] [DEBUG] Screen::getContents() start...
[2026-06-14 15:22:42] [DEBUG] Screen::getContents() finish.
[2026-06-14 15:22:42] [DEBUG] Screen::updateAreaD() finish.
[2026-06-14 15:22:42] [DEBUG] Screen::updateAreaE() [iframe起動版] path: \Develop\Views\AreaE\Area_E_clear.view start...
[2026-06-14 15:22:42] [DEBUG] Screen::getContents() start...
[2026-06-14 15:22:42] [DEBUG] Screen::getContents() finish.
[2026-06-14 15:22:42] [DEBUG] Screen::updateAreaE() finish.
[2026-06-14 15:22:42] [DEBUG] Screen::updateAreaF() path: \Develop\Views\AreaF\Area_F.view start...
[2026-06-14 15:22:42] [DEBUG] Screen::getContents() start...
[2026-06-14 15:22:42] [DEBUG] Screen::getContents() finish.
[2026-06-14 15:22:42] [DEBUG] Screen::updateAreaF() finish.
[2026-06-14 15:22:42] [DEBUG] ProjectController::startProjectNabi() start...
[2026-06-14 15:22:42] [DEBUG] ProjectController::getProjectListHtml() start...
[2026-06-14 15:22:42] [DEBUG] ProjectModel::getProjectList() start...
[2026-06-14 15:22:42] [INFO ] ☆☆☆ projectList : Array
(
    [0] => Array
        (
            [project_id] => PRJ-W613KU
            [project_name] => 新規プロジェクト登録２
        )

    [1] => Array
        (
            [project_id] => PRJ-E613KU
            [project_name] => 新規プロジェクト登録テスト
        )

    [2] => Array
        (
            [project_id] => PRJ-741CA7
            [project_name] => SampleProject２
        )

    [3] => Array
        (
            [project_id] => PRJ-D45FEF
            [project_name] => SampleProject１
        )

)

[2026-06-14 15:22:42] [INFO ] ☆☆☆ projectMap : Array
(
    [PRJ-W613KU] => 新規プロジェクト登録２
    [PRJ-E613KU] => 新規プロジェクト登録テスト
    [PRJ-741CA7] => SampleProject２
    [PRJ-D45FEF] => SampleProject１
)

[2026-06-14 15:22:42] [DEBUG] ProjectModel::getProjectList() finish.
[2026-06-14 15:22:42] [DEBUG] CodeMasterModel：：getCodesByGroup() start...
[2026-06-14 15:22:42] [DEBUG] CodeMasterModel：：getCodesByGroup() finish.
[2026-06-14 15:22:42] [DEBUG] ProjectController::getNaviFooterHtml() start...
[2026-06-14 15:22:42] [DEBUG] ProjectController::getNaviFooterHtml() finish.
[2026-06-14 15:22:42] [DEBUG] ProjectController::startProjectNabi() finish.
[2026-06-14 15:22:42] [DEBUG] Screen::updateAreaC() \Develop\Views\AreaC\Area_C.view start...
[2026-06-14 15:22:42] [DEBUG] Screen::getContents() start...
[2026-06-14 15:22:42] [DEBUG] Screen::getContents() finish.
[2026-06-14 15:22:42] [DEBUG] Screen::updateAreaC() finish.
[2026-06-14 15:22:42] [DEBUG] ConsoleController::AreaInitialAction() finish.
[2026-06-14 15:22:42] [DEBUG] Screen::areaView() start...
[2026-06-14 15:22:42] [DEBUG] Screen::areaView() finish.
[2026-06-14 15:22:43] [DEBUG] --- wwProject System Start ---
[2026-06-14 15:22:43] [DEBUG] Router::Router() /jemini/wwProjectV1.15/Develop/Console/ServerBridgeAction/
[2026-06-14 15:22:43] [DEBUG] Attempting to load: \Develop\Controllers\ConsoleController::ServerBridgeAction
[2026-06-14 15:22:43] [DEBUG] Router: Executing \Develop\Controllers\ConsoleController->ServerBridgeAction
[2026-06-14 15:22:43] [DEBUG] ConsoleController::ServerBridge() start...
[2026-06-14 15:22:43] [DEBUG] ConsoleController::ServerBridge() \Develop\Controllers\ProjectController::projectSelectAction()
[2026-06-14 15:22:43] [DEBUG] ProjectController::projectSelectAction() start...
[2026-06-14 15:22:43] [DEBUG] ProjectController::projectSelectAction() ☆★☆　SampleProject１
[2026-06-14 15:22:43] [DEBUG] Screen::updateAreaB() path: \Develop\Views\AreaB\Area_B.view start...
[2026-06-14 15:22:43] [DEBUG] Screen::getContents() start...
[2026-06-14 15:22:43] [DEBUG] Screen::getContents() finish.
[2026-06-14 15:22:43] [DEBUG] Screen::updateAreaB() finish.
[2026-06-14 15:22:43] [DEBUG] ProjectController::projectSelectAction() PRJ-D45FEF : PRJ-D45FEF
[2026-06-14 15:22:43] [DEBUG] ProjectController::getProjectListHtml() start...
[2026-06-14 15:22:43] [DEBUG] ProjectModel::getProjectList() start...
[2026-06-14 15:22:43] [INFO ] ☆☆☆ projectList : Array
(
    [0] => Array
        (
            [project_id] => PRJ-W613KU
            [project_name] => 新規プロジェクト登録２
        )

    [1] => Array
        (
            [project_id] => PRJ-E613KU
            [project_name] => 新規プロジェクト登録テスト
        )

    [2] => Array
        (
            [project_id] => PRJ-741CA7
            [project_name] => SampleProject２
        )

    [3] => Array
        (
            [project_id] => PRJ-D45FEF
            [project_name] => SampleProject１
        )

)

[2026-06-14 15:22:43] [INFO ] ☆☆☆ projectMap : Array
(
    [PRJ-W613KU] => 新規プロジェクト登録２
    [PRJ-E613KU] => 新規プロジェクト登録テスト
    [PRJ-741CA7] => SampleProject２
    [PRJ-D45FEF] => SampleProject１
)

[2026-06-14 15:22:43] [DEBUG] ProjectModel::getProjectList() finish.
[2026-06-14 15:22:43] [DEBUG] CodeMasterModel：：getCodesByGroup() start...
[2026-06-14 15:22:43] [DEBUG] CodeMasterModel：：getCodesByGroup() finish.
[2026-06-14 15:22:43] [DEBUG] ProjectController::getNaviFooterHtml() start...
[2026-06-14 15:22:43] [DEBUG] ProjectController::getNaviFooterHtml() finish.
[2026-06-14 15:22:43] [DEBUG] Screen::updateAreaC() \Develop\Views\AreaC\Area_C.view start...
[2026-06-14 15:22:43] [DEBUG] Screen::getContents() start...
[2026-06-14 15:22:43] [DEBUG] Screen::getContents() finish.
[2026-06-14 15:22:43] [DEBUG] Screen::updateAreaC() finish.
[2026-06-14 15:22:43] [DEBUG] Screen::updateAreaD() path: \Develop\Views\AreaD\Area_D_clear.view start...
[2026-06-14 15:22:43] [DEBUG] Screen::getContents() start...
[2026-06-14 15:22:43] [DEBUG] Screen::getContents() finish.
[2026-06-14 15:22:43] [DEBUG] Screen::updateAreaD() finish.
[2026-06-14 15:22:43] [DEBUG] Screen::updateAreaE() [iframe起動版] path: \Develop\Views\AreaE\Area_E_clear.view start...
[2026-06-14 15:22:43] [DEBUG] Screen::getContents() start...
[2026-06-14 15:22:43] [DEBUG] Screen::getContents() finish.
[2026-06-14 15:22:43] [DEBUG] Screen::updateAreaE() finish.
[2026-06-14 15:22:43] [DEBUG] ProjectController::projectSelectAction() finish.
[2026-06-14 15:22:43] [DEBUG] Screen::areaView() start...
[2026-06-14 15:22:43] [DEBUG] Screen::areaView() finish.
[2026-06-14 15:22:44] [DEBUG] --- wwProject System Start ---
[2026-06-14 15:22:44] [DEBUG] Router::Router() /jemini/wwProjectV1.15/Develop/Console/ServerBridgeAction/
[2026-06-14 15:22:44] [DEBUG] Attempting to load: \Develop\Controllers\ConsoleController::ServerBridgeAction
[2026-06-14 15:22:44] [DEBUG] Router: Executing \Develop\Controllers\ConsoleController->ServerBridgeAction
[2026-06-14 15:22:44] [DEBUG] ConsoleController::ServerBridge() start...
[2026-06-14 15:22:44] [DEBUG] ConsoleController::ServerBridge() \Develop\Controllers\ProjectDefinitionController::initialAction()
[2026-06-14 15:22:44] [DEBUG] ProjectDefinitionController::initialAction() start...
[2026-06-14 15:22:44] [DEBUG] ProjectModel::getProjectList() start...
[2026-06-14 15:22:44] [INFO ] ☆☆☆ projectList : Array
(
    [0] => Array
        (
            [project_id] => PRJ-W613KU
            [project_name] => 新規プロジェクト登録２
        )

    [1] => Array
        (
            [project_id] => PRJ-E613KU
            [project_name] => 新規プロジェクト登録テスト
        )

    [2] => Array
        (
            [project_id] => PRJ-741CA7
            [project_name] => SampleProject２
        )

    [3] => Array
        (
            [project_id] => PRJ-D45FEF
            [project_name] => SampleProject１
        )

)

[2026-06-14 15:22:44] [INFO ] ☆☆☆ projectMap : Array
(
    [PRJ-W613KU] => 新規プロジェクト登録２
    [PRJ-E613KU] => 新規プロジェクト登録テスト
    [PRJ-741CA7] => SampleProject２
    [PRJ-D45FEF] => SampleProject１
)

[2026-06-14 15:22:44] [DEBUG] ProjectModel::getProjectList() finish.
[2026-06-14 15:22:44] [DEBUG] Screen::updateAreaD() path: \Develop\Views\AreaD\ProjectDefinition\ProjectDefinitionList.view start...
[2026-06-14 15:22:44] [DEBUG] Screen::getContents() start...
[2026-06-14 15:22:44] [DEBUG] Screen::getContents() finish.
[2026-06-14 15:22:44] [DEBUG] Screen::updateAreaD() finish.
[2026-06-14 15:22:44] [DEBUG] ProjectDefinitionController::initialAction() end.
[2026-06-14 15:22:44] [DEBUG] Screen::areaView() start...
[2026-06-14 15:22:44] [DEBUG] Screen::areaView() finish.
[2026-06-14 15:22:45] [DEBUG] --- wwProject System Start ---
[2026-06-14 15:22:45] [DEBUG] Router::Router() /jemini/wwProjectV1.15/Develop/Console/ServerBridgeAction/
[2026-06-14 15:22:45] [DEBUG] Attempting to load: \Develop\Controllers\ConsoleController::ServerBridgeAction
[2026-06-14 15:22:45] [DEBUG] Router: Executing \Develop\Controllers\ConsoleController->ServerBridgeAction
[2026-06-14 15:22:45] [DEBUG] ConsoleController::ServerBridge() start...
[2026-06-14 15:22:45] [DEBUG] ConsoleController::ServerBridge() \Develop\Controllers\ProjectDefinitionController::projectDetailAction()
[2026-06-14 15:22:45] [DEBUG] ProjectModel::getProjectById() start... ProjectID: PRJ-W613KU
[2026-06-14 15:22:45] [DEBUG] Screen::updateAreaE() [iframe起動版] path: \Develop\Views\AreaE\ProjectDefinition\ProjectDefinitionEdit.view start...
[2026-06-14 15:22:45] [DEBUG] Screen::getContents() start...
[2026-06-14 15:22:45] [DEBUG] Screen::getContents() finish.
[2026-06-14 15:22:45] [DEBUG] Screen::updateAreaE() finish.
[2026-06-14 15:22:45] [DEBUG] Screen::areaView() start...
[2026-06-14 15:22:45] [DEBUG] Screen::areaView() finish.
[2026-06-14 15:22:52] [DEBUG] --- wwProject System Start ---
[2026-06-14 15:22:52] [DEBUG] Router::Router() /jemini/wwProjectV1.15/Develop/Console/ServerBridgeAction/
[2026-06-14 15:22:52] [DEBUG] Attempting to load: \Develop\Controllers\ConsoleController::ServerBridgeAction
[2026-06-14 15:22:52] [DEBUG] Router: Executing \Develop\Controllers\ConsoleController->ServerBridgeAction
[2026-06-14 15:22:52] [DEBUG] ConsoleController::ServerBridge() start...
[2026-06-14 15:22:52] [DEBUG] ConsoleController::ServerBridge() \Develop\Controllers\ProjectDefinitionController::projectDetailAction()
[2026-06-14 15:22:52] [DEBUG] ProjectModel::getProjectById() start... ProjectID: PRJ-D45FEF
[2026-06-14 15:22:52] [DEBUG] Screen::updateAreaE() [iframe起動版] path: \Develop\Views\AreaE\ProjectDefinition\ProjectDefinitionEdit.view start...
[2026-06-14 15:22:52] [DEBUG] Screen::getContents() start...
[2026-06-14 15:22:52] [DEBUG] Screen::getContents() finish.
[2026-06-14 15:22:52] [DEBUG] Screen::updateAreaE() finish.
[2026-06-14 15:22:52] [DEBUG] Screen::areaView() start...
[2026-06-14 15:22:52] [DEBUG] Screen::areaView() finish.
[2026-06-14 15:22:54] [DEBUG] --- wwProject System Start ---
[2026-06-14 15:22:54] [DEBUG] Router::Router() /jemini/wwProjectV1.15/Develop/Console/ServerBridgeAction/
[2026-06-14 15:22:54] [DEBUG] Attempting to load: \Develop\Controllers\ConsoleController::ServerBridgeAction
[2026-06-14 15:22:54] [DEBUG] Router: Executing \Develop\Controllers\ConsoleController->ServerBridgeAction
[2026-06-14 15:22:54] [DEBUG] ConsoleController::ServerBridge() start...
[2026-06-14 15:22:54] [DEBUG] ConsoleController::ServerBridge() \Develop\Controllers\ProjectDefinitionController::projectDetailAction()
[2026-06-14 15:22:54] [DEBUG] ProjectModel::getProjectById() start... ProjectID: PRJ-W613KU
[2026-06-14 15:22:54] [DEBUG] Screen::updateAreaE() [iframe起動版] path: \Develop\Views\AreaE\ProjectDefinition\ProjectDefinitionEdit.view start...
[2026-06-14 15:22:54] [DEBUG] Screen::getContents() start...
[2026-06-14 15:22:54] [DEBUG] Screen::getContents() finish.
[2026-06-14 15:22:54] [DEBUG] Screen::updateAreaE() finish.
[2026-06-14 15:22:54] [DEBUG] Screen::areaView() start...
[2026-06-14 15:22:54] [DEBUG] Screen::areaView() finish.
[2026-06-14 15:23:19] [DEBUG] --- wwProject System Start ---
[2026-06-14 15:23:19] [DEBUG] Router::Router() /jemini/wwProjectV1.15/Develop/Console/ServerBridgeAction/
[2026-06-14 15:23:19] [DEBUG] Attempting to load: \Develop\Controllers\ConsoleController::ServerBridgeAction
[2026-06-14 15:23:19] [DEBUG] Router: Executing \Develop\Controllers\ConsoleController->ServerBridgeAction
[2026-06-14 15:23:19] [DEBUG] ConsoleController::ServerBridge() start...
[2026-06-14 15:23:19] [DEBUG] ConsoleController::ServerBridge() \Develop\Controllers\ProjectDefinitionController::projectDetailAction()
[2026-06-14 15:23:19] [DEBUG] ProjectModel::getProjectById() start... ProjectID: PRJ-D45FEF
[2026-06-14 15:23:19] [DEBUG] Screen::updateAreaE() [iframe起動版] path: \Develop\Views\AreaE\ProjectDefinition\ProjectDefinitionEdit.view start...
[2026-06-14 15:23:19] [DEBUG] Screen::getContents() start...
[2026-06-14 15:23:19] [DEBUG] Screen::getContents() finish.
[2026-06-14 15:23:19] [DEBUG] Screen::updateAreaE() finish.
[2026-06-14 15:23:19] [DEBUG] Screen::areaView() start...
[2026-06-14 15:23:19] [DEBUG] Screen::areaView() finish.
[2026-06-14 15:32:22] [DEBUG] --- wwProject System Start ---
[2026-06-14 15:32:22] [DEBUG] Router::Router() /jemini/wwProjectV1.15/Develop/Console/ServerBridgeAction/
[2026-06-14 15:32:22] [DEBUG] Attempting to load: \Develop\Controllers\ConsoleController::ServerBridgeAction
[2026-06-14 15:32:22] [DEBUG] Router: Executing \Develop\Controllers\ConsoleController->ServerBridgeAction
[2026-06-14 15:32:22] [DEBUG] ConsoleController::ServerBridge() start...
[2026-06-14 15:32:22] [DEBUG] ConsoleController::ServerBridge() \Develop\Controllers\ProjectDefinitionController::projectDetailAction()
[2026-06-14 15:32:24] [DEBUG] --- wwProject System Start ---
[2026-06-14 15:32:24] [DEBUG] Router::Router() /jemini/wwProjectV1.15/Develop/Console/ServerBridgeAction/
[2026-06-14 15:32:24] [DEBUG] Attempting to load: \Develop\Controllers\ConsoleController::ServerBridgeAction
[2026-06-14 15:32:24] [DEBUG] Router: Executing \Develop\Controllers\ConsoleController->ServerBridgeAction
[2026-06-14 15:32:24] [DEBUG] ConsoleController::ServerBridge() start...
[2026-06-14 15:32:24] [DEBUG] ConsoleController::ServerBridge() \Develop\Controllers\ProjectDefinitionController::projectDetailAction()
[2026-06-14 15:32:27] [DEBUG] --- wwProject System Start ---
[2026-06-14 15:32:27] [DEBUG] Router::Router() /jemini/wwProjectV1.15/Develop/Console/ServerBridgeAction/
[2026-06-14 15:32:27] [DEBUG] Attempting to load: \Develop\Controllers\ConsoleController::ServerBridgeAction
[2026-06-14 15:32:27] [DEBUG] Router: Executing \Develop\Controllers\ConsoleController->ServerBridgeAction
[2026-06-14 15:32:27] [DEBUG] ConsoleController::ServerBridge() start...
[2026-06-14 15:32:27] [DEBUG] ConsoleController::ServerBridge() \Develop\Controllers\ProjectDefinitionController::projectDetailAction()
[2026-06-14 15:32:28] [DEBUG] --- wwProject System Start ---
[2026-06-14 15:32:28] [DEBUG] Router::Router() /jemini/wwProjectV1.15/Develop/Console/ServerBridgeAction/
[2026-06-14 15:32:28] [DEBUG] Attempting to load: \Develop\Controllers\ConsoleController::ServerBridgeAction
[2026-06-14 15:32:28] [DEBUG] Router: Executing \Develop\Controllers\ConsoleController->ServerBridgeAction
[2026-06-14 15:32:28] [DEBUG] ConsoleController::ServerBridge() start...
[2026-06-14 15:32:28] [DEBUG] ConsoleController::ServerBridge() \Develop\Controllers\ProjectDefinitionController::projectDetailAction()
[2026-06-14 15:32:34] [DEBUG] --- wwProject System Start ---
[2026-06-14 15:32:34] [DEBUG] Router::Router() /jemini/wwProjectV1.15/Develop/Console/ServerBridgeAction/
[2026-06-14 15:32:34] [DEBUG] Attempting to load: \Develop\Controllers\ConsoleController::ServerBridgeAction
[2026-06-14 15:32:34] [DEBUG] Router: Executing \Develop\Controllers\ConsoleController->ServerBridgeAction
[2026-06-14 15:32:34] [DEBUG] ConsoleController::ServerBridge() start...
[2026-06-14 15:32:34] [DEBUG] ConsoleController::ServerBridge() \Develop\Controllers\ProjectDefinitionController::projectDetailAction()
[2026-06-14 15:32:37] [DEBUG] --- wwProject System Start ---
[2026-06-14 15:32:37] [DEBUG] Router::Router() /jemini/wwProjectV1.15/develop/
[2026-06-14 15:32:37] [DEBUG] Attempting to load: \Develop\Controllers\LoginController::initialAction
[2026-06-14 15:32:37] [DEBUG] Router: Executing \Develop\Controllers\LoginController->initialAction
[2026-06-14 15:32:37] [DEBUG] Login::initialAction() start...
[2026-06-14 15:32:37] [DEBUG] Login::initialAction() errorMessage : 
[2026-06-14 15:32:37] [DEBUG] Screen::view() path: \Develop\Views\Login\Login.view start...
[2026-06-14 15:32:37] [DEBUG] Screen::getContents() start...
[2026-06-14 15:32:37] [DEBUG] Screen::getContents() finish.
[2026-06-14 15:32:37] [DEBUG] Screen::view() path: \Develop\Views\Login\Login.view finish.
[2026-06-14 15:32:37] [DEBUG] Login::initialAction() finish.
[2026-06-14 15:32:41] [DEBUG] --- wwProject System Start ---
[2026-06-14 15:32:41] [DEBUG] Router::Router() /jemini/wwProjectV1.15/Develop/Login/authentication/
[2026-06-14 15:32:41] [DEBUG] Attempting to load: \Develop\Controllers\LoginController::authenticationAction
[2026-06-14 15:32:41] [DEBUG] Router: Executing \Develop\Controllers\LoginController->authenticationAction
[2026-06-14 15:32:41] [DEBUG] Login::AuthenticationAction() start...
[2026-06-14 15:32:41] [DEBUG] Login OK - x
[2026-06-14 15:32:41] [DEBUG] Session::start()
[2026-06-14 15:32:41] [DEBUG] Redirect to Console::initialAction()
[2026-06-14 15:32:41] [DEBUG] --- wwProject System Start ---
[2026-06-14 15:32:41] [DEBUG] Router::Router() /jemini/wwProjectV1.15/Develop/Console/initial/
[2026-06-14 15:32:41] [DEBUG] Attempting to load: \Develop\Controllers\ConsoleController::initialAction
[2026-06-14 15:32:41] [DEBUG] Router: Executing \Develop\Controllers\ConsoleController->initialAction
[2026-06-14 15:32:41] [DEBUG] Console::initialAction() start...
[2026-06-14 15:32:41] [DEBUG] Screen::view() path: \Develop\Views\Console\Console.view start...
[2026-06-14 15:32:41] [DEBUG] Screen::getContents() start...
[2026-06-14 15:32:41] [DEBUG] Screen::getContents() finish.
[2026-06-14 15:32:41] [DEBUG] Screen::view() path: \Develop\Views\Console\Console.view finish.
[2026-06-14 15:32:41] [DEBUG] ConsoleController::initialAction() finish.
[2026-06-14 15:32:41] [DEBUG] --- wwProject System Start ---
[2026-06-14 15:32:41] [DEBUG] Router::Router() /jemini/wwProjectV1.15/Develop/Console/ServerBridgeAction/
[2026-06-14 15:32:41] [DEBUG] Attempting to load: \Develop\Controllers\ConsoleController::ServerBridgeAction
[2026-06-14 15:32:41] [DEBUG] Router: Executing \Develop\Controllers\ConsoleController->ServerBridgeAction
[2026-06-14 15:32:41] [DEBUG] ConsoleController::ServerBridge() start...
[2026-06-14 15:32:41] [DEBUG] ConsoleController::ServerBridge() \Develop\Controllers\ConsoleController::areaInitialAction()
[2026-06-14 15:32:41] [DEBUG] ConsoleController::AreaInitialAction() start...
[2026-06-14 15:32:41] [DEBUG] Screen::updateAreaA() path: \Develop\Views\AreaA\Area_A.view start...
[2026-06-14 15:32:41] [DEBUG] Screen::areaView() sending JSON: ["areas"]
[2026-06-14 15:32:41] [DEBUG] Screen::getContents() start...
[2026-06-14 15:32:41] [DEBUG] Screen::getContents() finish.
[2026-06-14 15:32:41] [DEBUG] Screen::updateAreaA() finish.
[2026-06-14 15:32:41] [DEBUG] Screen::updateAreaB() path: \Develop\Views\AreaB\Area_B.view start...
[2026-06-14 15:32:41] [DEBUG] Screen::getContents() start...
[2026-06-14 15:32:41] [DEBUG] Screen::getContents() finish.
[2026-06-14 15:32:41] [DEBUG] Screen::updateAreaB() finish.
[2026-06-14 15:32:41] [DEBUG] Screen::updateAreaD() path: \Develop\Views\AreaD\Area_D_clear.view start...
[2026-06-14 15:32:41] [DEBUG] Screen::getContents() start...
[2026-06-14 15:32:41] [DEBUG] Screen::getContents() finish.
[2026-06-14 15:32:41] [DEBUG] Screen::updateAreaD() finish.
[2026-06-14 15:32:41] [DEBUG] Screen::updateAreaE() [iframe起動版] path: \Develop\Views\AreaE\Area_E_clear.view start...
[2026-06-14 15:32:41] [DEBUG] Screen::getContents() start...
[2026-06-14 15:32:41] [DEBUG] Screen::getContents() finish.
[2026-06-14 15:32:41] [DEBUG] Screen::updateAreaE() finish.
[2026-06-14 15:32:41] [DEBUG] Screen::updateAreaF() path: \Develop\Views\AreaF\Area_F.view start...
[2026-06-14 15:32:41] [DEBUG] Screen::getContents() start...
[2026-06-14 15:32:41] [DEBUG] Screen::getContents() finish.
[2026-06-14 15:32:41] [DEBUG] Screen::updateAreaF() finish.
[2026-06-14 15:32:41] [DEBUG] ProjectController::startProjectNabi() start...
[2026-06-14 15:32:41] [DEBUG] ProjectController::getProjectListHtml() start...
[2026-06-14 15:32:41] [DEBUG] ProjectModel::getProjectList() start...
[2026-06-14 15:32:41] [INFO ] ☆☆☆ projectList : Array
(
    [0] => Array
        (
            [project_id] => PRJ-W613KU
            [project_name] => 新規プロジェクト登録２
        )

    [1] => Array
        (
            [project_id] => PRJ-E613KU
            [project_name] => 新規プロジェクト登録テスト
        )

    [2] => Array
        (
            [project_id] => PRJ-741CA7
            [project_name] => SampleProject２
        )

    [3] => Array
        (
            [project_id] => PRJ-D45FEF
            [project_name] => SampleProject１
        )

)

[2026-06-14 15:32:41] [INFO ] ☆☆☆ projectMap : Array
(
    [PRJ-W613KU] => 新規プロジェクト登録２
    [PRJ-E613KU] => 新規プロジェクト登録テスト
    [PRJ-741CA7] => SampleProject２
    [PRJ-D45FEF] => SampleProject１
)

[2026-06-14 15:32:41] [DEBUG] ProjectModel::getProjectList() finish.
[2026-06-14 15:32:41] [DEBUG] CodeMasterModel：：getCodesByGroup() start...
[2026-06-14 15:32:41] [DEBUG] CodeMasterModel：：getCodesByGroup() finish.
[2026-06-14 15:32:41] [DEBUG] ProjectController::getNaviFooterHtml() start...
[2026-06-14 15:32:41] [DEBUG] ProjectController::getNaviFooterHtml() finish.
[2026-06-14 15:32:41] [DEBUG] ProjectController::startProjectNabi() finish.
[2026-06-14 15:32:41] [DEBUG] Screen::updateAreaC() \Develop\Views\AreaC\Area_C.view start...
[2026-06-14 15:32:41] [DEBUG] Screen::getContents() start...
[2026-06-14 15:32:41] [DEBUG] Screen::getContents() finish.
[2026-06-14 15:32:41] [DEBUG] Screen::updateAreaC() finish.
[2026-06-14 15:32:41] [DEBUG] ConsoleController::AreaInitialAction() finish.
[2026-06-14 15:32:41] [DEBUG] Screen::areaView() start...
[2026-06-14 15:32:41] [DEBUG] Screen::areaView() finish.
[2026-06-14 15:32:42] [DEBUG] --- wwProject System Start ---
[2026-06-14 15:32:42] [DEBUG] Router::Router() /jemini/wwProjectV1.15/Develop/Console/ServerBridgeAction/
[2026-06-14 15:32:42] [DEBUG] Attempting to load: \Develop\Controllers\ConsoleController::ServerBridgeAction
[2026-06-14 15:32:42] [DEBUG] Router: Executing \Develop\Controllers\ConsoleController->ServerBridgeAction
[2026-06-14 15:32:42] [DEBUG] ConsoleController::ServerBridge() start...
[2026-06-14 15:32:42] [DEBUG] ConsoleController::ServerBridge() \Develop\Controllers\ProjectController::projectSelectAction()
[2026-06-14 15:32:42] [DEBUG] ProjectController::projectSelectAction() start...
[2026-06-14 15:32:42] [DEBUG] ProjectController::projectSelectAction() ☆★☆　SampleProject１
[2026-06-14 15:32:42] [DEBUG] Screen::updateAreaB() path: \Develop\Views\AreaB\Area_B.view start...
[2026-06-14 15:32:42] [DEBUG] Screen::getContents() start...
[2026-06-14 15:32:42] [DEBUG] Screen::getContents() finish.
[2026-06-14 15:32:42] [DEBUG] Screen::updateAreaB() finish.
[2026-06-14 15:32:42] [DEBUG] ProjectController::projectSelectAction() PRJ-D45FEF : PRJ-D45FEF
[2026-06-14 15:32:42] [DEBUG] ProjectController::getProjectListHtml() start...
[2026-06-14 15:32:42] [DEBUG] ProjectModel::getProjectList() start...
[2026-06-14 15:32:42] [INFO ] ☆☆☆ projectList : Array
(
    [0] => Array
        (
            [project_id] => PRJ-W613KU
            [project_name] => 新規プロジェクト登録２
        )

    [1] => Array
        (
            [project_id] => PRJ-E613KU
            [project_name] => 新規プロジェクト登録テスト
        )

    [2] => Array
        (
            [project_id] => PRJ-741CA7
            [project_name] => SampleProject２
        )

    [3] => Array
        (
            [project_id] => PRJ-D45FEF
            [project_name] => SampleProject１
        )

)

[2026-06-14 15:32:42] [INFO ] ☆☆☆ projectMap : Array
(
    [PRJ-W613KU] => 新規プロジェクト登録２
    [PRJ-E613KU] => 新規プロジェクト登録テスト
    [PRJ-741CA7] => SampleProject２
    [PRJ-D45FEF] => SampleProject１
)

[2026-06-14 15:32:42] [DEBUG] ProjectModel::getProjectList() finish.
[2026-06-14 15:32:42] [DEBUG] CodeMasterModel：：getCodesByGroup() start...
[2026-06-14 15:32:42] [DEBUG] CodeMasterModel：：getCodesByGroup() finish.
[2026-06-14 15:32:42] [DEBUG] ProjectController::getNaviFooterHtml() start...
[2026-06-14 15:32:42] [DEBUG] ProjectController::getNaviFooterHtml() finish.
[2026-06-14 15:32:42] [DEBUG] Screen::updateAreaC() \Develop\Views\AreaC\Area_C.view start...
[2026-06-14 15:32:42] [DEBUG] Screen::getContents() start...
[2026-06-14 15:32:42] [DEBUG] Screen::getContents() finish.
[2026-06-14 15:32:42] [DEBUG] Screen::updateAreaC() finish.
[2026-06-14 15:32:42] [DEBUG] Screen::updateAreaD() path: \Develop\Views\AreaD\Area_D_clear.view start...
[2026-06-14 15:32:42] [DEBUG] Screen::getContents() start...
[2026-06-14 15:32:42] [DEBUG] Screen::getContents() finish.
[2026-06-14 15:32:42] [DEBUG] Screen::updateAreaD() finish.
[2026-06-14 15:32:42] [DEBUG] Screen::updateAreaE() [iframe起動版] path: \Develop\Views\AreaE\Area_E_clear.view start...
[2026-06-14 15:32:42] [DEBUG] Screen::getContents() start...
[2026-06-14 15:32:42] [DEBUG] Screen::getContents() finish.
[2026-06-14 15:32:42] [DEBUG] Screen::updateAreaE() finish.
[2026-06-14 15:32:42] [DEBUG] ProjectController::projectSelectAction() finish.
[2026-06-14 15:32:42] [DEBUG] Screen::areaView() start...
[2026-06-14 15:32:42] [DEBUG] Screen::areaView() finish.
[2026-06-14 15:32:44] [DEBUG] --- wwProject System Start ---
[2026-06-14 15:32:44] [DEBUG] Router::Router() /jemini/wwProjectV1.15/Develop/Console/ServerBridgeAction/
[2026-06-14 15:32:44] [DEBUG] Attempting to load: \Develop\Controllers\ConsoleController::ServerBridgeAction
[2026-06-14 15:32:44] [DEBUG] Router: Executing \Develop\Controllers\ConsoleController->ServerBridgeAction
[2026-06-14 15:32:44] [DEBUG] ConsoleController::ServerBridge() start...
[2026-06-14 15:32:44] [DEBUG] ConsoleController::ServerBridge() \Develop\Controllers\ProjectDefinitionController::initialAction()
[2026-06-14 15:32:45] [DEBUG] --- wwProject System Start ---
[2026-06-14 15:32:45] [DEBUG] Router::Router() /jemini/wwProjectV1.15/Develop/Console/ServerBridgeAction/
[2026-06-14 15:32:45] [DEBUG] Attempting to load: \Develop\Controllers\ConsoleController::ServerBridgeAction
[2026-06-14 15:32:45] [DEBUG] Router: Executing \Develop\Controllers\ConsoleController->ServerBridgeAction
[2026-06-14 15:32:45] [DEBUG] ConsoleController::ServerBridge() start...
[2026-06-14 15:32:45] [DEBUG] ConsoleController::ServerBridge() \Develop\Controllers\ProjectDefinitionController::initialAction()
[2026-06-14 15:32:46] [DEBUG] --- wwProject System Start ---
[2026-06-14 15:32:46] [DEBUG] Router::Router() /jemini/wwProjectV1.15/Develop/Console/ServerBridgeAction/
[2026-06-14 15:32:46] [DEBUG] Attempting to load: \Develop\Controllers\ConsoleController::ServerBridgeAction
[2026-06-14 15:32:46] [DEBUG] Router: Executing \Develop\Controllers\ConsoleController->ServerBridgeAction
[2026-06-14 15:32:46] [DEBUG] ConsoleController::ServerBridge() start...
[2026-06-14 15:32:46] [DEBUG] ConsoleController::ServerBridge() \Develop\Controllers\ProjectDefinitionController::initialAction()
[2026-06-14 15:33:01] [DEBUG] --- wwProject System Start ---
[2026-06-14 15:33:01] [DEBUG] Router::Router() /jemini/wwProjectV1.15/Develop/Console/ServerBridgeAction/
[2026-06-14 15:33:01] [DEBUG] Attempting to load: \Develop\Controllers\ConsoleController::ServerBridgeAction
[2026-06-14 15:33:01] [DEBUG] Router: Executing \Develop\Controllers\ConsoleController->ServerBridgeAction
[2026-06-14 15:33:01] [DEBUG] ConsoleController::ServerBridge() start...
[2026-06-14 15:33:01] [DEBUG] ConsoleController::ServerBridge() \Develop\Controllers\ProjectController::projectSelectAction()
[2026-06-14 15:33:01] [DEBUG] ProjectController::projectSelectAction() start...
[2026-06-14 15:33:01] [DEBUG] ProjectController::projectSelectAction() ☆★☆　新規プロジェクト登録テスト
[2026-06-14 15:33:01] [DEBUG] Screen::updateAreaB() path: \Develop\Views\AreaB\Area_B.view start...
[2026-06-14 15:33:01] [DEBUG] Screen::getContents() start...
[2026-06-14 15:33:01] [DEBUG] Screen::getContents() finish.
[2026-06-14 15:33:01] [DEBUG] Screen::updateAreaB() finish.
[2026-06-14 15:33:01] [DEBUG] ProjectController::projectSelectAction() PRJ-E613KU : PRJ-E613KU
[2026-06-14 15:33:01] [DEBUG] ProjectController::getProjectListHtml() start...
[2026-06-14 15:33:01] [DEBUG] ProjectModel::getProjectList() start...
[2026-06-14 15:33:01] [INFO ] ☆☆☆ projectList : Array
(
    [0] => Array
        (
            [project_id] => PRJ-W613KU
            [project_name] => 新規プロジェクト登録２
        )

    [1] => Array
        (
            [project_id] => PRJ-E613KU
            [project_name] => 新規プロジェクト登録テスト
        )

    [2] => Array
        (
            [project_id] => PRJ-741CA7
            [project_name] => SampleProject２
        )

    [3] => Array
        (
            [project_id] => PRJ-D45FEF
            [project_name] => SampleProject１
        )

)

[2026-06-14 15:33:01] [INFO ] ☆☆☆ projectMap : Array
(
    [PRJ-W613KU] => 新規プロジェクト登録２
    [PRJ-E613KU] => 新規プロジェクト登録テスト
    [PRJ-741CA7] => SampleProject２
    [PRJ-D45FEF] => SampleProject１
)

[2026-06-14 15:33:01] [DEBUG] ProjectModel::getProjectList() finish.
[2026-06-14 15:33:01] [DEBUG] CodeMasterModel：：getCodesByGroup() start...
[2026-06-14 15:33:01] [DEBUG] CodeMasterModel：：getCodesByGroup() finish.
[2026-06-14 15:33:01] [DEBUG] ProjectController::getNaviFooterHtml() start...
[2026-06-14 15:33:01] [DEBUG] ProjectController::getNaviFooterHtml() finish.
[2026-06-14 15:33:01] [DEBUG] Screen::updateAreaC() \Develop\Views\AreaC\Area_C.view start...
[2026-06-14 15:33:01] [DEBUG] Screen::getContents() start...
[2026-06-14 15:33:01] [DEBUG] Screen::getContents() finish.
[2026-06-14 15:33:01] [DEBUG] Screen::updateAreaC() finish.
[2026-06-14 15:33:01] [DEBUG] Screen::updateAreaD() path: \Develop\Views\AreaD\Area_D_clear.view start...
[2026-06-14 15:33:01] [DEBUG] Screen::getContents() start...
[2026-06-14 15:33:01] [DEBUG] Screen::getContents() finish.
[2026-06-14 15:33:01] [DEBUG] Screen::updateAreaD() finish.
[2026-06-14 15:33:01] [DEBUG] Screen::updateAreaE() [iframe起動版] path: \Develop\Views\AreaE\Area_E_clear.view start...
[2026-06-14 15:33:01] [DEBUG] Screen::getContents() start...
[2026-06-14 15:33:01] [DEBUG] Screen::getContents() finish.
[2026-06-14 15:33:01] [DEBUG] Screen::updateAreaE() finish.
[2026-06-14 15:33:01] [DEBUG] ProjectController::projectSelectAction() finish.
[2026-06-14 15:33:01] [DEBUG] Screen::areaView() start...
[2026-06-14 15:33:01] [DEBUG] Screen::areaView() finish.
[2026-06-14 15:33:03] [DEBUG] --- wwProject System Start ---
[2026-06-14 15:33:03] [DEBUG] Router::Router() /jemini/wwProjectV1.15/Develop/Console/ServerBridgeAction/
[2026-06-14 15:33:03] [DEBUG] Attempting to load: \Develop\Controllers\ConsoleController::ServerBridgeAction
[2026-06-14 15:33:03] [DEBUG] Router: Executing \Develop\Controllers\ConsoleController->ServerBridgeAction
[2026-06-14 15:33:03] [DEBUG] ConsoleController::ServerBridge() start...
[2026-06-14 15:33:03] [DEBUG] ConsoleController::ServerBridge() \Develop\Controllers\DBDefinitionController::initialAction()
[2026-06-14 15:33:03] [DEBUG] DBDefinitionController::initialAction() start...
[2026-06-14 15:33:03] [DEBUG] DBDefinitionController::initialAction() project_id : PRJ-E613KU
[2026-06-14 15:33:03] [DEBUG] DBDefinitionModel::getTableList() start...
[2026-06-14 15:33:03] [DEBUG] DBDefinitionModel::getTableList() finish. 取得件数: 0
[2026-06-14 15:33:03] [DEBUG] Screen::updateAreaD() path: \Develop\Views\AreaD\DBDefinition\DBDefinitionList.view start...
[2026-06-14 15:33:03] [DEBUG] Screen::getContents() start...
[2026-06-14 15:33:03] [DEBUG] Screen::getContents() finish.
[2026-06-14 15:33:03] [DEBUG] Screen::updateAreaD() finish.
[2026-06-14 15:33:03] [DEBUG] Screen::updateAreaE() [iframe起動版] path: \Develop\Views\AreaE\Area_E_clear.view start...
[2026-06-14 15:33:03] [DEBUG] Screen::getContents() start...
[2026-06-14 15:33:03] [DEBUG] Screen::getContents() finish.
[2026-06-14 15:33:03] [DEBUG] Screen::updateAreaE() finish.
[2026-06-14 15:33:03] [DEBUG] DBDefinitionController::initialAction() end.
[2026-06-14 15:33:03] [DEBUG] Screen::areaView() start...
[2026-06-14 15:33:03] [DEBUG] Screen::areaView() finish.
[2026-06-14 15:33:05] [DEBUG] --- wwProject System Start ---
[2026-06-14 15:33:05] [DEBUG] Router::Router() /jemini/wwProjectV1.15/Develop/Console/ServerBridgeAction/
[2026-06-14 15:33:05] [DEBUG] Attempting to load: \Develop\Controllers\ConsoleController::ServerBridgeAction
[2026-06-14 15:33:05] [DEBUG] Router: Executing \Develop\Controllers\ConsoleController->ServerBridgeAction
[2026-06-14 15:33:05] [DEBUG] ConsoleController::ServerBridge() start...
[2026-06-14 15:33:05] [DEBUG] ConsoleController::ServerBridge() \Develop\Controllers\ProjectController::projectSelectAction()
[2026-06-14 15:33:05] [DEBUG] ProjectController::projectSelectAction() start...
[2026-06-14 15:33:05] [DEBUG] ProjectController::projectSelectAction() ☆★☆　SampleProject１
[2026-06-14 15:33:05] [DEBUG] Screen::updateAreaB() path: \Develop\Views\AreaB\Area_B.view start...
[2026-06-14 15:33:05] [DEBUG] Screen::getContents() start...
[2026-06-14 15:33:05] [DEBUG] Screen::getContents() finish.
[2026-06-14 15:33:05] [DEBUG] Screen::updateAreaB() finish.
[2026-06-14 15:33:05] [DEBUG] ProjectController::projectSelectAction() PRJ-D45FEF : PRJ-D45FEF
[2026-06-14 15:33:05] [DEBUG] ProjectController::getProjectListHtml() start...
[2026-06-14 15:33:05] [DEBUG] ProjectModel::getProjectList() start...
[2026-06-14 15:33:05] [INFO ] ☆☆☆ projectList : Array
(
    [0] => Array
        (
            [project_id] => PRJ-W613KU
            [project_name] => 新規プロジェクト登録２
        )

    [1] => Array
        (
            [project_id] => PRJ-E613KU
            [project_name] => 新規プロジェクト登録テスト
        )

    [2] => Array
        (
            [project_id] => PRJ-741CA7
            [project_name] => SampleProject２
        )

    [3] => Array
        (
            [project_id] => PRJ-D45FEF
            [project_name] => SampleProject１
        )

)

[2026-06-14 15:33:05] [INFO ] ☆☆☆ projectMap : Array
(
    [PRJ-W613KU] => 新規プロジェクト登録２
    [PRJ-E613KU] => 新規プロジェクト登録テスト
    [PRJ-741CA7] => SampleProject２
    [PRJ-D45FEF] => SampleProject１
)

[2026-06-14 15:33:05] [DEBUG] ProjectModel::getProjectList() finish.
[2026-06-14 15:33:05] [DEBUG] CodeMasterModel：：getCodesByGroup() start...
[2026-06-14 15:33:05] [DEBUG] CodeMasterModel：：getCodesByGroup() finish.
[2026-06-14 15:33:05] [DEBUG] ProjectController::getNaviFooterHtml() start...
[2026-06-14 15:33:05] [DEBUG] ProjectController::getNaviFooterHtml() finish.
[2026-06-14 15:33:05] [DEBUG] Screen::updateAreaC() \Develop\Views\AreaC\Area_C.view start...
[2026-06-14 15:33:05] [DEBUG] Screen::getContents() start...
[2026-06-14 15:33:05] [DEBUG] Screen::getContents() finish.
[2026-06-14 15:33:05] [DEBUG] Screen::updateAreaC() finish.
[2026-06-14 15:33:05] [DEBUG] Screen::updateAreaD() path: \Develop\Views\AreaD\Area_D_clear.view start...
[2026-06-14 15:33:05] [DEBUG] Screen::getContents() start...
[2026-06-14 15:33:05] [DEBUG] Screen::getContents() finish.
[2026-06-14 15:33:05] [DEBUG] Screen::updateAreaD() finish.
[2026-06-14 15:33:05] [DEBUG] Screen::updateAreaE() [iframe起動版] path: \Develop\Views\AreaE\Area_E_clear.view start...
[2026-06-14 15:33:05] [DEBUG] Screen::getContents() start...
[2026-06-14 15:33:05] [DEBUG] Screen::getContents() finish.
[2026-06-14 15:33:05] [DEBUG] Screen::updateAreaE() finish.
[2026-06-14 15:33:05] [DEBUG] ProjectController::projectSelectAction() finish.
[2026-06-14 15:33:05] [DEBUG] Screen::areaView() start...
[2026-06-14 15:33:05] [DEBUG] Screen::areaView() finish.
[2026-06-14 15:33:07] [DEBUG] --- wwProject System Start ---
[2026-06-14 15:33:07] [DEBUG] Router::Router() /jemini/wwProjectV1.15/Develop/Console/ServerBridgeAction/
[2026-06-14 15:33:07] [DEBUG] Attempting to load: \Develop\Controllers\ConsoleController::ServerBridgeAction
[2026-06-14 15:33:07] [DEBUG] Router: Executing \Develop\Controllers\ConsoleController->ServerBridgeAction
[2026-06-14 15:33:07] [DEBUG] ConsoleController::ServerBridge() start...
[2026-06-14 15:33:07] [DEBUG] ConsoleController::ServerBridge() \Develop\Controllers\DBDefinitionController::initialAction()
[2026-06-14 15:33:07] [DEBUG] DBDefinitionController::initialAction() start...
[2026-06-14 15:33:07] [DEBUG] DBDefinitionController::initialAction() project_id : PRJ-D45FEF
[2026-06-14 15:33:07] [DEBUG] DBDefinitionModel::getTableList() start...
[2026-06-14 15:33:07] [DEBUG] DBDefinitionModel::getTableList() finish. 取得件数: 3
[2026-06-14 15:33:07] [DEBUG] Screen::updateAreaD() path: \Develop\Views\AreaD\DBDefinition\DBDefinitionList.view start...
[2026-06-14 15:33:07] [DEBUG] Screen::getContents() start...
[2026-06-14 15:33:07] [DEBUG] Screen::getContents() finish.
[2026-06-14 15:33:07] [DEBUG] Screen::updateAreaD() finish.
[2026-06-14 15:33:07] [DEBUG] Screen::updateAreaE() [iframe起動版] path: \Develop\Views\AreaE\Area_E_clear.view start...
[2026-06-14 15:33:07] [DEBUG] Screen::getContents() start...
[2026-06-14 15:33:07] [DEBUG] Screen::getContents() finish.
[2026-06-14 15:33:07] [DEBUG] Screen::updateAreaE() finish.
[2026-06-14 15:33:07] [DEBUG] DBDefinitionController::initialAction() end.
[2026-06-14 15:33:07] [DEBUG] Screen::areaView() start...
[2026-06-14 15:33:07] [DEBUG] Screen::areaView() finish.
[2026-06-14 15:33:08] [DEBUG] --- wwProject System Start ---
[2026-06-14 15:33:08] [DEBUG] Router::Router() /jemini/wwProjectV1.15/Develop/Console/ServerBridgeAction/
[2026-06-14 15:33:08] [DEBUG] Attempting to load: \Develop\Controllers\ConsoleController::ServerBridgeAction
[2026-06-14 15:33:08] [DEBUG] Router: Executing \Develop\Controllers\ConsoleController->ServerBridgeAction
[2026-06-14 15:33:08] [DEBUG] ConsoleController::ServerBridge() start...
[2026-06-14 15:33:08] [DEBUG] ConsoleController::ServerBridge() \Develop\Controllers\PartsDefinitionController::initialAction()
[2026-06-14 15:33:08] [DEBUG] PartsDefinitionController::initialAction() start...
[2026-06-14 15:33:08] [DEBUG] SESSION_DATA: Array
(
    [id] => 2
    [user_name] => 渡部 浩
    [login_id] => x
    [password] => x
    [is_hash] => 0
    [role] => user
    [created_at] => 2026-04-17 07:17:17
    [updated_at] => 2026-04-22 22:38:31
    [LAYOUT_MODE] => separate
    [ENVIRONMENT] => development
    [Footer_Message] => consode start...
    [active_function] => 
    [project_map] => Array
        (
            [PRJ-W613KU] => 新規プロジェクト登録２
            [PRJ-E613KU] => 新規プロジェクト登録テスト
            [PRJ-741CA7] => SampleProject２
            [PRJ-D45FEF] => SampleProject１
        )

    [project_id] => PRJ-D45FEF
    [project_name] => SampleProject１
)

[2026-06-14 15:33:08] [DEBUG] PartsDefinitionController::initialAction() projectId : PRJ-D45FEF
[2026-06-14 15:33:08] [DEBUG] PartsDefinitionModel::getAllPartsList() start... Project ID: PRJ-D45FEF
[2026-06-14 15:33:08] [DEBUG] PartsDefinitionModel::getAllPartsList() １
[2026-06-14 15:33:08] [DEBUG] PartsDefinitionModel::getAllPartsList() ２
[2026-06-14 15:33:08] [DEBUG] PartsDefinitionModel::getAllPartsList() ３
[2026-06-14 15:33:08] [DEBUG] PartsDefinitionModel::getAllPartsList() finish. 件数: 3
[2026-06-14 15:33:08] [DEBUG] Screen::updateAreaD() path: \Develop\Views\AreaD\PartsDefinition\PartsDefinitionList.view start...
[2026-06-14 15:33:08] [DEBUG] Screen::getContents() start...
[2026-06-14 15:33:08] [DEBUG] Screen::getContents() finish.
[2026-06-14 15:33:08] [DEBUG] Screen::updateAreaD() finish.
[2026-06-14 15:33:08] [DEBUG] Screen::updateAreaE() [iframe起動版] path: \Develop\Views\AreaE\Area_E_clear.view start...
[2026-06-14 15:33:08] [DEBUG] Screen::getContents() start...
[2026-06-14 15:33:08] [DEBUG] Screen::getContents() finish.
[2026-06-14 15:33:08] [DEBUG] Screen::updateAreaE() finish.
[2026-06-14 15:33:08] [DEBUG] PartsDefinitionController::initialAction() end.
[2026-06-14 15:33:08] [DEBUG] Screen::areaView() start...
[2026-06-14 15:33:08] [DEBUG] Screen::areaView() finish.
[2026-06-14 15:33:10] [DEBUG] --- wwProject System Start ---
[2026-06-14 15:33:10] [DEBUG] Router::Router() /jemini/wwProjectV1.15/Develop/Console/ServerBridgeAction/
[2026-06-14 15:33:10] [DEBUG] Attempting to load: \Develop\Controllers\ConsoleController::ServerBridgeAction
[2026-06-14 15:33:10] [DEBUG] Router: Executing \Develop\Controllers\ConsoleController->ServerBridgeAction
[2026-06-14 15:33:10] [DEBUG] ConsoleController::ServerBridge() start...
[2026-06-14 15:33:10] [DEBUG] ConsoleController::ServerBridge() \Develop\Controllers\ProjectDefinitionController::initialAction()
[2026-06-14 15:33:11] [DEBUG] --- wwProject System Start ---
[2026-06-14 15:33:11] [DEBUG] Router::Router() /jemini/wwProjectV1.15/Develop/Console/ServerBridgeAction/
[2026-06-14 15:33:11] [DEBUG] Attempting to load: \Develop\Controllers\ConsoleController::ServerBridgeAction
[2026-06-14 15:33:11] [DEBUG] Router: Executing \Develop\Controllers\ConsoleController->ServerBridgeAction
[2026-06-14 15:33:11] [DEBUG] ConsoleController::ServerBridge() start...
[2026-06-14 15:33:11] [DEBUG] ConsoleController::ServerBridge() \Develop\Controllers\ProjectDefinitionController::initialAction()
[2026-06-14 15:33:12] [DEBUG] --- wwProject System Start ---
[2026-06-14 15:33:12] [DEBUG] Router::Router() /jemini/wwProjectV1.15/Develop/Console/ServerBridgeAction/
[2026-06-14 15:33:12] [DEBUG] Attempting to load: \Develop\Controllers\ConsoleController::ServerBridgeAction
[2026-06-14 15:33:12] [DEBUG] Router: Executing \Develop\Controllers\ConsoleController->ServerBridgeAction
[2026-06-14 15:33:12] [DEBUG] ConsoleController::ServerBridge() start...
[2026-06-14 15:33:12] [DEBUG] ConsoleController::ServerBridge() \Develop\Controllers\ProjectDefinitionController::initialAction()
[2026-06-14 15:33:14] [DEBUG] --- wwProject System Start ---
[2026-06-14 15:33:14] [DEBUG] Router::Router() /jemini/wwProjectV1.15/Develop/Console/ServerBridgeAction/
[2026-06-14 15:33:14] [DEBUG] Attempting to load: \Develop\Controllers\ConsoleController::ServerBridgeAction
[2026-06-14 15:33:14] [DEBUG] Router: Executing \Develop\Controllers\ConsoleController->ServerBridgeAction
[2026-06-14 15:33:14] [DEBUG] ConsoleController::ServerBridge() start...
[2026-06-14 15:33:14] [DEBUG] ConsoleController::ServerBridge() \Develop\Controllers\ProjectController::projectSelectAction()
[2026-06-14 15:33:14] [DEBUG] ProjectController::projectSelectAction() start...
[2026-06-14 15:33:14] [DEBUG] ProjectController::projectSelectAction() ☆★☆　
[2026-06-14 15:33:14] [DEBUG] Screen::updateAreaB() path: \Develop\Views\AreaB\Area_B.view start...
[2026-06-14 15:33:14] [DEBUG] Screen::getContents() start...
[2026-06-14 15:33:14] [DEBUG] Screen::getContents() finish.
[2026-06-14 15:33:14] [DEBUG] Screen::updateAreaB() finish.
[2026-06-14 15:33:14] [DEBUG] ProjectController::getProjectListHtml() start...
[2026-06-14 15:33:14] [DEBUG] ProjectModel::getProjectList() start...
[2026-06-14 15:33:14] [INFO ] ☆☆☆ projectList : Array
(
    [0] => Array
        (
            [project_id] => PRJ-W613KU
            [project_name] => 新規プロジェクト登録２
        )

    [1] => Array
        (
            [project_id] => PRJ-E613KU
            [project_name] => 新規プロジェクト登録テスト
        )

    [2] => Array
        (
            [project_id] => PRJ-741CA7
            [project_name] => SampleProject２
        )

    [3] => Array
        (
            [project_id] => PRJ-D45FEF
            [project_name] => SampleProject１
        )

)

[2026-06-14 15:33:14] [INFO ] ☆☆☆ projectMap : Array
(
    [PRJ-W613KU] => 新規プロジェクト登録２
    [PRJ-E613KU] => 新規プロジェクト登録テスト
    [PRJ-741CA7] => SampleProject２
    [PRJ-D45FEF] => SampleProject１
)

[2026-06-14 15:33:14] [DEBUG] ProjectModel::getProjectList() finish.
[2026-06-14 15:33:14] [DEBUG] CodeMasterModel：：getCodesByGroup() start...
[2026-06-14 15:33:14] [DEBUG] CodeMasterModel：：getCodesByGroup() finish.
[2026-06-14 15:33:14] [DEBUG] ProjectController::getNaviFooterHtml() start...
[2026-06-14 15:33:14] [DEBUG] ProjectController::getNaviFooterHtml() finish.
[2026-06-14 15:33:14] [DEBUG] Screen::updateAreaC() \Develop\Views\AreaC\Area_C.view start...
[2026-06-14 15:33:14] [DEBUG] Screen::getContents() start...
[2026-06-14 15:33:14] [DEBUG] Screen::getContents() finish.
[2026-06-14 15:33:14] [DEBUG] Screen::updateAreaC() finish.
[2026-06-14 15:33:14] [DEBUG] Screen::updateAreaD() path: \Develop\Views\AreaD\Area_D_clear.view start...
[2026-06-14 15:33:14] [DEBUG] Screen::getContents() start...
[2026-06-14 15:33:14] [DEBUG] Screen::getContents() finish.
[2026-06-14 15:33:14] [DEBUG] Screen::updateAreaD() finish.
[2026-06-14 15:33:14] [DEBUG] Screen::updateAreaE() [iframe起動版] path: \Develop\Views\AreaE\Area_E_clear.view start...
[2026-06-14 15:33:14] [DEBUG] Screen::getContents() start...
[2026-06-14 15:33:14] [DEBUG] Screen::getContents() finish.
[2026-06-14 15:33:14] [DEBUG] Screen::updateAreaE() finish.
[2026-06-14 15:33:14] [DEBUG] ProjectController::projectSelectAction() finish.
[2026-06-14 15:33:14] [DEBUG] Screen::areaView() start...
[2026-06-14 15:33:14] [DEBUG] Screen::areaView() finish.
[2026-06-14 15:41:35] [DEBUG] --- wwProject System Start ---
[2026-06-14 15:41:35] [DEBUG] Router::Router() /jemini/wwProjectV1.15/develop/
[2026-06-14 15:41:35] [DEBUG] Attempting to load: \Develop\Controllers\LoginController::initialAction
[2026-06-14 15:41:35] [DEBUG] Router: Executing \Develop\Controllers\LoginController->initialAction
[2026-06-14 15:41:35] [DEBUG] Login::initialAction() start...
[2026-06-14 15:41:35] [DEBUG] Login::initialAction() errorMessage : 
[2026-06-14 15:41:35] [DEBUG] Screen::view() path: \Develop\Views\Login\Login.view start...
[2026-06-14 15:41:35] [DEBUG] Screen::getContents() start...
[2026-06-14 15:41:35] [DEBUG] Screen::getContents() finish.
[2026-06-14 15:41:35] [DEBUG] Screen::view() path: \Develop\Views\Login\Login.view finish.
[2026-06-14 15:41:35] [DEBUG] Login::initialAction() finish.
[2026-06-14 15:41:37] [DEBUG] --- wwProject System Start ---
[2026-06-14 15:41:37] [DEBUG] Router::Router() /jemini/wwProjectV1.15/Develop/Login/authentication/
[2026-06-14 15:41:37] [DEBUG] Attempting to load: \Develop\Controllers\LoginController::authenticationAction
[2026-06-14 15:41:37] [DEBUG] Router: Executing \Develop\Controllers\LoginController->authenticationAction
[2026-06-14 15:41:37] [DEBUG] Login::AuthenticationAction() start...
[2026-06-14 15:41:37] [DEBUG] Login OK - x
[2026-06-14 15:41:37] [DEBUG] Session::start()
[2026-06-14 15:41:37] [DEBUG] Redirect to Console::initialAction()
[2026-06-14 15:41:37] [DEBUG] --- wwProject System Start ---
[2026-06-14 15:41:37] [DEBUG] Router::Router() /jemini/wwProjectV1.15/Develop/Console/initial/
[2026-06-14 15:41:37] [DEBUG] Attempting to load: \Develop\Controllers\ConsoleController::initialAction
[2026-06-14 15:41:37] [DEBUG] Router: Executing \Develop\Controllers\ConsoleController->initialAction
[2026-06-14 15:41:37] [DEBUG] Console::initialAction() start...
[2026-06-14 15:41:37] [DEBUG] Screen::view() path: \Develop\Views\Console\Console.view start...
[2026-06-14 15:41:37] [DEBUG] Screen::getContents() start...
[2026-06-14 15:41:37] [DEBUG] Screen::getContents() finish.
[2026-06-14 15:41:37] [DEBUG] Screen::view() path: \Develop\Views\Console\Console.view finish.
[2026-06-14 15:41:37] [DEBUG] ConsoleController::initialAction() finish.
[2026-06-14 15:41:37] [DEBUG] --- wwProject System Start ---
[2026-06-14 15:41:37] [DEBUG] Router::Router() /jemini/wwProjectV1.15/Develop/Console/ServerBridgeAction/
[2026-06-14 15:41:37] [DEBUG] Attempting to load: \Develop\Controllers\ConsoleController::ServerBridgeAction
[2026-06-14 15:41:37] [DEBUG] Router: Executing \Develop\Controllers\ConsoleController->ServerBridgeAction
[2026-06-14 15:41:37] [DEBUG] ConsoleController::ServerBridge() start...
[2026-06-14 15:41:37] [DEBUG] ConsoleController::ServerBridge() \Develop\Controllers\ConsoleController::areaInitialAction()
[2026-06-14 15:41:37] [DEBUG] ConsoleController::AreaInitialAction() start...
[2026-06-14 15:41:37] [DEBUG] Screen::updateAreaA() path: \Develop\Views\AreaA\Area_A.view start...
[2026-06-14 15:41:37] [DEBUG] Screen::areaView() sending JSON: ["areas"]
[2026-06-14 15:41:37] [DEBUG] Screen::getContents() start...
[2026-06-14 15:41:37] [DEBUG] Screen::getContents() finish.
[2026-06-14 15:41:37] [DEBUG] Screen::updateAreaA() finish.
[2026-06-14 15:41:37] [DEBUG] Screen::updateAreaB() path: \Develop\Views\AreaB\Area_B.view start...
[2026-06-14 15:41:37] [DEBUG] Screen::getContents() start...
[2026-06-14 15:41:37] [DEBUG] Screen::getContents() finish.
[2026-06-14 15:41:37] [DEBUG] Screen::updateAreaB() finish.
[2026-06-14 15:41:37] [DEBUG] Screen::updateAreaD() path: \Develop\Views\AreaD\Area_D_clear.view start...
[2026-06-14 15:41:37] [DEBUG] Screen::getContents() start...
[2026-06-14 15:41:37] [DEBUG] Screen::getContents() finish.
[2026-06-14 15:41:37] [DEBUG] Screen::updateAreaD() finish.
[2026-06-14 15:41:37] [DEBUG] Screen::updateAreaE() [iframe起動版] path: \Develop\Views\AreaE\Area_E_clear.view start...
[2026-06-14 15:41:37] [DEBUG] Screen::getContents() start...
[2026-06-14 15:41:37] [DEBUG] Screen::getContents() finish.
[2026-06-14 15:41:37] [DEBUG] Screen::updateAreaE() finish.
[2026-06-14 15:41:37] [DEBUG] Screen::updateAreaF() path: \Develop\Views\AreaF\Area_F.view start...
[2026-06-14 15:41:37] [DEBUG] Screen::getContents() start...
[2026-06-14 15:41:37] [DEBUG] Screen::getContents() finish.
[2026-06-14 15:41:37] [DEBUG] Screen::updateAreaF() finish.
[2026-06-14 15:41:37] [DEBUG] ProjectController::startProjectNabi() start...
[2026-06-14 15:41:37] [DEBUG] ProjectController::getProjectListHtml() start...
[2026-06-14 15:41:37] [DEBUG] ProjectModel::getProjectList() start...
[2026-06-14 15:41:37] [INFO ] ☆☆☆ projectList : Array
(
    [0] => Array
        (
            [project_id] => PRJ-W613KU
            [project_name] => 新規プロジェクト登録２
        )

    [1] => Array
        (
            [project_id] => PRJ-E613KU
            [project_name] => 新規プロジェクト登録テスト
        )

    [2] => Array
        (
            [project_id] => PRJ-741CA7
            [project_name] => SampleProject２
        )

    [3] => Array
        (
            [project_id] => PRJ-D45FEF
            [project_name] => SampleProject１
        )

)

[2026-06-14 15:41:37] [INFO ] ☆☆☆ projectMap : Array
(
    [PRJ-W613KU] => 新規プロジェクト登録２
    [PRJ-E613KU] => 新規プロジェクト登録テスト
    [PRJ-741CA7] => SampleProject２
    [PRJ-D45FEF] => SampleProject１
)

[2026-06-14 15:41:37] [DEBUG] ProjectModel::getProjectList() finish.
[2026-06-14 15:41:37] [DEBUG] CodeMasterModel：：getCodesByGroup() start...
[2026-06-14 15:41:37] [DEBUG] CodeMasterModel：：getCodesByGroup() finish.
[2026-06-14 15:41:37] [DEBUG] ProjectController::getNaviFooterHtml() start...
[2026-06-14 15:41:37] [DEBUG] ProjectController::getNaviFooterHtml() finish.
[2026-06-14 15:41:37] [DEBUG] ProjectController::startProjectNabi() finish.
[2026-06-14 15:41:37] [DEBUG] Screen::updateAreaC() \Develop\Views\AreaC\Area_C.view start...
[2026-06-14 15:41:37] [DEBUG] Screen::getContents() start...
[2026-06-14 15:41:37] [DEBUG] Screen::getContents() finish.
[2026-06-14 15:41:37] [DEBUG] Screen::updateAreaC() finish.
[2026-06-14 15:41:37] [DEBUG] ConsoleController::AreaInitialAction() finish.
[2026-06-14 15:41:37] [DEBUG] Screen::areaView() start...
[2026-06-14 15:41:37] [DEBUG] Screen::areaView() finish.
[2026-06-14 15:41:48] [DEBUG] --- wwProject System Start ---
[2026-06-14 15:41:48] [DEBUG] Router::Router() /jemini/wwProjectV1.15/Develop/Console/ServerBridgeAction/
[2026-06-14 15:41:48] [DEBUG] Attempting to load: \Develop\Controllers\ConsoleController::ServerBridgeAction
[2026-06-14 15:41:48] [DEBUG] Router: Executing \Develop\Controllers\ConsoleController->ServerBridgeAction
[2026-06-14 15:41:48] [DEBUG] ConsoleController::ServerBridge() start...
[2026-06-14 15:41:48] [DEBUG] ConsoleController::ServerBridge() \Develop\Controllers\ProjectController::projectSelectAction()
[2026-06-14 15:41:48] [DEBUG] ProjectController::projectSelectAction() start...
[2026-06-14 15:41:48] [DEBUG] ProjectController::projectSelectAction() ☆★☆　SampleProject１
[2026-06-14 15:41:48] [DEBUG] Screen::updateAreaB() path: \Develop\Views\AreaB\Area_B.view start...
[2026-06-14 15:41:48] [DEBUG] Screen::getContents() start...
[2026-06-14 15:41:48] [DEBUG] Screen::getContents() finish.
[2026-06-14 15:41:48] [DEBUG] Screen::updateAreaB() finish.
[2026-06-14 15:41:48] [DEBUG] ProjectController::projectSelectAction() PRJ-D45FEF : PRJ-D45FEF
[2026-06-14 15:41:48] [DEBUG] ProjectController::getProjectListHtml() start...
[2026-06-14 15:41:48] [DEBUG] ProjectModel::getProjectList() start...
[2026-06-14 15:41:48] [INFO ] ☆☆☆ projectList : Array
(
    [0] => Array
        (
            [project_id] => PRJ-W613KU
            [project_name] => 新規プロジェクト登録２
        )

    [1] => Array
        (
            [project_id] => PRJ-E613KU
            [project_name] => 新規プロジェクト登録テスト
        )

    [2] => Array
        (
            [project_id] => PRJ-741CA7
            [project_name] => SampleProject２
        )

    [3] => Array
        (
            [project_id] => PRJ-D45FEF
            [project_name] => SampleProject１
        )

)

[2026-06-14 15:41:48] [INFO ] ☆☆☆ projectMap : Array
(
    [PRJ-W613KU] => 新規プロジェクト登録２
    [PRJ-E613KU] => 新規プロジェクト登録テスト
    [PRJ-741CA7] => SampleProject２
    [PRJ-D45FEF] => SampleProject１
)

[2026-06-14 15:41:48] [DEBUG] ProjectModel::getProjectList() finish.
[2026-06-14 15:41:48] [DEBUG] CodeMasterModel：：getCodesByGroup() start...
[2026-06-14 15:41:48] [DEBUG] CodeMasterModel：：getCodesByGroup() finish.
[2026-06-14 15:41:48] [DEBUG] ProjectController::getNaviFooterHtml() start...
[2026-06-14 15:41:48] [DEBUG] ProjectController::getNaviFooterHtml() finish.
[2026-06-14 15:41:48] [DEBUG] Screen::updateAreaC() \Develop\Views\AreaC\Area_C.view start...
[2026-06-14 15:41:48] [DEBUG] Screen::getContents() start...
[2026-06-14 15:41:48] [DEBUG] Screen::getContents() finish.
[2026-06-14 15:41:48] [DEBUG] Screen::updateAreaC() finish.
[2026-06-14 15:41:48] [DEBUG] Screen::updateAreaD() path: \Develop\Views\AreaD\Area_D_clear.view start...
[2026-06-14 15:41:48] [DEBUG] Screen::getContents() start...
[2026-06-14 15:41:48] [DEBUG] Screen::getContents() finish.
[2026-06-14 15:41:48] [DEBUG] Screen::updateAreaD() finish.
[2026-06-14 15:41:48] [DEBUG] Screen::updateAreaE() [iframe起動版] path: \Develop\Views\AreaE\Area_E_clear.view start...
[2026-06-14 15:41:48] [DEBUG] Screen::getContents() start...
[2026-06-14 15:41:48] [DEBUG] Screen::getContents() finish.
[2026-06-14 15:41:48] [DEBUG] Screen::updateAreaE() finish.
[2026-06-14 15:41:48] [DEBUG] ProjectController::projectSelectAction() finish.
[2026-06-14 15:41:48] [DEBUG] Screen::areaView() start...
[2026-06-14 15:41:48] [DEBUG] Screen::areaView() finish.
[2026-06-14 15:43:55] [DEBUG] --- wwProject System Start ---
[2026-06-14 15:43:55] [DEBUG] Router::Router() /jemini/wwProjectV1.15/develop/
[2026-06-14 15:43:55] [DEBUG] Attempting to load: \Develop\Controllers\LoginController::initialAction
[2026-06-14 15:43:55] [DEBUG] Router: Executing \Develop\Controllers\LoginController->initialAction
[2026-06-14 15:43:55] [DEBUG] Login::initialAction() start...
[2026-06-14 15:43:55] [DEBUG] Login::initialAction() errorMessage : 
[2026-06-14 15:43:55] [DEBUG] Screen::view() path: \Develop\Views\Login\Login.view start...
[2026-06-14 15:43:55] [DEBUG] Screen::getContents() start...
[2026-06-14 15:43:55] [DEBUG] Screen::getContents() finish.
[2026-06-14 15:43:55] [DEBUG] Screen::view() path: \Develop\Views\Login\Login.view finish.
[2026-06-14 15:43:55] [DEBUG] Login::initialAction() finish.
[2026-06-14 15:43:57] [DEBUG] --- wwProject System Start ---
[2026-06-14 15:43:57] [DEBUG] Router::Router() /jemini/wwProjectV1.15/Develop/Login/authentication/
[2026-06-14 15:43:57] [DEBUG] Attempting to load: \Develop\Controllers\LoginController::authenticationAction
[2026-06-14 15:43:57] [DEBUG] Router: Executing \Develop\Controllers\LoginController->authenticationAction
[2026-06-14 15:43:58] [DEBUG] Login::AuthenticationAction() start...
[2026-06-14 15:43:58] [DEBUG] Login OK - x
[2026-06-14 15:43:58] [DEBUG] Session::start()
[2026-06-14 15:43:58] [DEBUG] Redirect to Console::initialAction()
[2026-06-14 15:43:58] [DEBUG] --- wwProject System Start ---
[2026-06-14 15:43:58] [DEBUG] Router::Router() /jemini/wwProjectV1.15/Develop/Console/initial/
[2026-06-14 15:43:58] [DEBUG] Attempting to load: \Develop\Controllers\ConsoleController::initialAction
[2026-06-14 15:43:58] [DEBUG] Router: Executing \Develop\Controllers\ConsoleController->initialAction
[2026-06-14 15:43:58] [DEBUG] Console::initialAction() start...
[2026-06-14 15:43:58] [DEBUG] Screen::view() path: \Develop\Views\Console\Console.view start...
[2026-06-14 15:43:58] [DEBUG] Screen::getContents() start...
[2026-06-14 15:43:58] [DEBUG] Screen::getContents() finish.
[2026-06-14 15:43:58] [DEBUG] Screen::view() path: \Develop\Views\Console\Console.view finish.
[2026-06-14 15:43:58] [DEBUG] ConsoleController::initialAction() finish.
[2026-06-14 15:43:58] [DEBUG] --- wwProject System Start ---
[2026-06-14 15:43:58] [DEBUG] Router::Router() /jemini/wwProjectV1.15/Develop/Console/ServerBridgeAction/
[2026-06-14 15:43:58] [DEBUG] Attempting to load: \Develop\Controllers\ConsoleController::ServerBridgeAction
[2026-06-14 15:43:58] [DEBUG] Router: Executing \Develop\Controllers\ConsoleController->ServerBridgeAction
[2026-06-14 15:43:58] [DEBUG] ConsoleController::ServerBridge() start...
[2026-06-14 15:43:58] [DEBUG] ConsoleController::ServerBridge() \Develop\Controllers\ConsoleController::areaInitialAction()
[2026-06-14 15:43:58] [DEBUG] ConsoleController::AreaInitialAction() start...
[2026-06-14 15:43:58] [DEBUG] Screen::updateAreaA() path: \Develop\Views\AreaA\Area_A.view start...
[2026-06-14 15:43:58] [DEBUG] Screen::areaView() sending JSON: ["areas"]
[2026-06-14 15:43:58] [DEBUG] Screen::getContents() start...
[2026-06-14 15:43:58] [DEBUG] Screen::getContents() finish.
[2026-06-14 15:43:58] [DEBUG] Screen::updateAreaA() finish.
[2026-06-14 15:43:58] [DEBUG] Screen::updateAreaB() path: \Develop\Views\AreaB\Area_B.view start...
[2026-06-14 15:43:58] [DEBUG] Screen::getContents() start...
[2026-06-14 15:43:58] [DEBUG] Screen::getContents() finish.
[2026-06-14 15:43:58] [DEBUG] Screen::updateAreaB() finish.
[2026-06-14 15:43:58] [DEBUG] Screen::updateAreaD() path: \Develop\Views\AreaD\Area_D_clear.view start...
[2026-06-14 15:43:58] [DEBUG] Screen::getContents() start...
[2026-06-14 15:43:58] [DEBUG] Screen::getContents() finish.
[2026-06-14 15:43:58] [DEBUG] Screen::updateAreaD() finish.
[2026-06-14 15:43:58] [DEBUG] Screen::updateAreaE() [iframe起動版] path: \Develop\Views\AreaE\Area_E_clear.view start...
[2026-06-14 15:43:58] [DEBUG] Screen::getContents() start...
[2026-06-14 15:43:58] [DEBUG] Screen::getContents() finish.
[2026-06-14 15:43:58] [DEBUG] Screen::updateAreaE() finish.
[2026-06-14 15:43:58] [DEBUG] Screen::updateAreaF() path: \Develop\Views\AreaF\Area_F.view start...
[2026-06-14 15:43:58] [DEBUG] Screen::getContents() start...
[2026-06-14 15:43:58] [DEBUG] Screen::getContents() finish.
[2026-06-14 15:43:58] [DEBUG] Screen::updateAreaF() finish.
[2026-06-14 15:43:58] [DEBUG] ProjectController::startProjectNabi() start...
[2026-06-14 15:43:58] [DEBUG] ProjectController::getProjectListHtml() start...
[2026-06-14 15:43:58] [DEBUG] ProjectModel::getProjectList() start...
[2026-06-14 15:43:58] [DEBUG] ProjectModel::getProjectList() finish.
[2026-06-14 15:43:58] [DEBUG] CodeMasterModel：：getCodesByGroup() start...
[2026-06-14 15:43:58] [DEBUG] CodeMasterModel：：getCodesByGroup() finish.
[2026-06-14 15:43:58] [DEBUG] ProjectController::getNaviFooterHtml() start...
[2026-06-14 15:43:58] [DEBUG] ProjectController::getNaviFooterHtml() finish.
[2026-06-14 15:43:58] [DEBUG] ProjectController::startProjectNabi() finish.
[2026-06-14 15:43:58] [DEBUG] Screen::updateAreaC() \Develop\Views\AreaC\Area_C.view start...
[2026-06-14 15:43:58] [DEBUG] Screen::getContents() start...
[2026-06-14 15:43:58] [DEBUG] Screen::getContents() finish.
[2026-06-14 15:43:58] [DEBUG] Screen::updateAreaC() finish.
[2026-06-14 15:43:58] [DEBUG] ConsoleController::AreaInitialAction() finish.
[2026-06-14 15:43:58] [DEBUG] Screen::areaView() start...
[2026-06-14 15:43:58] [DEBUG] Screen::areaView() finish.
[2026-06-14 15:43:59] [DEBUG] --- wwProject System Start ---
[2026-06-14 15:43:59] [DEBUG] Router::Router() /jemini/wwProjectV1.15/Develop/Console/ServerBridgeAction/
[2026-06-14 15:43:59] [DEBUG] Attempting to load: \Develop\Controllers\ConsoleController::ServerBridgeAction
[2026-06-14 15:43:59] [DEBUG] Router: Executing \Develop\Controllers\ConsoleController->ServerBridgeAction
[2026-06-14 15:43:59] [DEBUG] ConsoleController::ServerBridge() start...
[2026-06-14 15:43:59] [DEBUG] ConsoleController::ServerBridge() \Develop\Controllers\ProjectController::projectSelectAction()
[2026-06-14 15:43:59] [DEBUG] ProjectController::projectSelectAction() start...
[2026-06-14 15:43:59] [DEBUG] ProjectController::projectSelectAction() ☆★☆　SampleProject１
[2026-06-14 15:43:59] [DEBUG] Screen::updateAreaB() path: \Develop\Views\AreaB\Area_B.view start...
[2026-06-14 15:43:59] [DEBUG] Screen::getContents() start...
[2026-06-14 15:43:59] [DEBUG] Screen::getContents() finish.
[2026-06-14 15:43:59] [DEBUG] Screen::updateAreaB() finish.
[2026-06-14 15:43:59] [DEBUG] ProjectController::projectSelectAction() PRJ-D45FEF : PRJ-D45FEF
[2026-06-14 15:43:59] [DEBUG] ProjectController::getProjectListHtml() start...
[2026-06-14 15:43:59] [DEBUG] ProjectModel::getProjectList() start...
[2026-06-14 15:43:59] [DEBUG] ProjectModel::getProjectList() finish.
[2026-06-14 15:43:59] [DEBUG] CodeMasterModel：：getCodesByGroup() start...
[2026-06-14 15:43:59] [DEBUG] CodeMasterModel：：getCodesByGroup() finish.
[2026-06-14 15:43:59] [DEBUG] ProjectController::getNaviFooterHtml() start...
[2026-06-14 15:43:59] [DEBUG] ProjectController::getNaviFooterHtml() finish.
[2026-06-14 15:43:59] [DEBUG] Screen::updateAreaC() \Develop\Views\AreaC\Area_C.view start...
[2026-06-14 15:43:59] [DEBUG] Screen::getContents() start...
[2026-06-14 15:43:59] [DEBUG] Screen::getContents() finish.
[2026-06-14 15:43:59] [DEBUG] Screen::updateAreaC() finish.
[2026-06-14 15:43:59] [DEBUG] Screen::updateAreaD() path: \Develop\Views\AreaD\Area_D_clear.view start...
[2026-06-14 15:43:59] [DEBUG] Screen::getContents() start...
[2026-06-14 15:43:59] [DEBUG] Screen::getContents() finish.
[2026-06-14 15:43:59] [DEBUG] Screen::updateAreaD() finish.
[2026-06-14 15:43:59] [DEBUG] Screen::updateAreaE() [iframe起動版] path: \Develop\Views\AreaE\Area_E_clear.view start...
[2026-06-14 15:43:59] [DEBUG] Screen::getContents() start...
[2026-06-14 15:43:59] [DEBUG] Screen::getContents() finish.
[2026-06-14 15:43:59] [DEBUG] Screen::updateAreaE() finish.
[2026-06-14 15:43:59] [DEBUG] ProjectController::projectSelectAction() finish.
[2026-06-14 15:43:59] [DEBUG] Screen::areaView() start...
[2026-06-14 15:43:59] [DEBUG] Screen::areaView() finish.
[2026-06-14 15:44:09] [DEBUG] --- wwProject System Start ---
[2026-06-14 15:44:09] [DEBUG] Router::Router() /jemini/wwProjectV1.15/Develop/Console/ServerBridgeAction/
[2026-06-14 15:44:09] [DEBUG] Attempting to load: \Develop\Controllers\ConsoleController::ServerBridgeAction
[2026-06-14 15:44:09] [DEBUG] Router: Executing \Develop\Controllers\ConsoleController->ServerBridgeAction
[2026-06-14 15:44:09] [DEBUG] ConsoleController::ServerBridge() start...
[2026-06-14 15:44:09] [DEBUG] ConsoleController::ServerBridge() \Develop\Controllers\ProjectDefinitionController::initialAction()
[2026-06-14 15:44:54] [DEBUG] --- wwProject System Start ---
[2026-06-14 15:44:54] [DEBUG] Router::Router() /jemini/wwProjectV1.15/develop/
[2026-06-14 15:44:54] [DEBUG] Attempting to load: \Develop\Controllers\LoginController::initialAction
[2026-06-14 15:44:54] [DEBUG] Router: Executing \Develop\Controllers\LoginController->initialAction
[2026-06-14 15:44:54] [DEBUG] Login::initialAction() start...
[2026-06-14 15:44:54] [DEBUG] Login::initialAction() errorMessage : 
[2026-06-14 15:44:54] [DEBUG] Screen::view() path: \Develop\Views\Login\Login.view start...
[2026-06-14 15:44:54] [DEBUG] Screen::getContents() start...
[2026-06-14 15:44:54] [DEBUG] Screen::getContents() finish.
[2026-06-14 15:44:54] [DEBUG] Screen::view() path: \Develop\Views\Login\Login.view finish.
[2026-06-14 15:44:54] [DEBUG] Login::initialAction() finish.
[2026-06-14 15:44:56] [DEBUG] --- wwProject System Start ---
[2026-06-14 15:44:56] [DEBUG] Router::Router() /jemini/wwProjectV1.15/Develop/Login/authentication/
[2026-06-14 15:44:56] [DEBUG] Attempting to load: \Develop\Controllers\LoginController::authenticationAction
[2026-06-14 15:44:56] [DEBUG] Router: Executing \Develop\Controllers\LoginController->authenticationAction
[2026-06-14 15:44:56] [DEBUG] Login::AuthenticationAction() start...
[2026-06-14 15:44:56] [DEBUG] Login OK - x
[2026-06-14 15:44:56] [DEBUG] Session::start()
[2026-06-14 15:44:56] [DEBUG] Redirect to Console::initialAction()
[2026-06-14 15:44:56] [DEBUG] --- wwProject System Start ---
[2026-06-14 15:44:57] [DEBUG] Router::Router() /jemini/wwProjectV1.15/Develop/Console/initial/
[2026-06-14 15:44:57] [DEBUG] Attempting to load: \Develop\Controllers\ConsoleController::initialAction
[2026-06-14 15:44:57] [DEBUG] Router: Executing \Develop\Controllers\ConsoleController->initialAction
[2026-06-14 15:44:57] [DEBUG] Console::initialAction() start...
[2026-06-14 15:44:57] [DEBUG] Screen::view() path: \Develop\Views\Console\Console.view start...
[2026-06-14 15:44:57] [DEBUG] Screen::getContents() start...
[2026-06-14 15:44:57] [DEBUG] Screen::getContents() finish.
[2026-06-14 15:44:57] [DEBUG] Screen::view() path: \Develop\Views\Console\Console.view finish.
[2026-06-14 15:44:57] [DEBUG] ConsoleController::initialAction() finish.
[2026-06-14 15:44:57] [DEBUG] --- wwProject System Start ---
[2026-06-14 15:44:57] [DEBUG] Router::Router() /jemini/wwProjectV1.15/Develop/Console/ServerBridgeAction/
[2026-06-14 15:44:57] [DEBUG] Attempting to load: \Develop\Controllers\ConsoleController::ServerBridgeAction
[2026-06-14 15:44:57] [DEBUG] Router: Executing \Develop\Controllers\ConsoleController->ServerBridgeAction
[2026-06-14 15:44:57] [DEBUG] ConsoleController::ServerBridge() start...
[2026-06-14 15:44:57] [DEBUG] ConsoleController::ServerBridge() \Develop\Controllers\ConsoleController::areaInitialAction()
[2026-06-14 15:44:57] [DEBUG] ConsoleController::AreaInitialAction() start...
[2026-06-14 15:44:57] [DEBUG] Screen::updateAreaA() path: \Develop\Views\AreaA\Area_A.view start...
[2026-06-14 15:44:57] [DEBUG] Screen::areaView() sending JSON: ["areas"]
[2026-06-14 15:44:57] [DEBUG] Screen::getContents() start...
[2026-06-14 15:44:57] [DEBUG] Screen::getContents() finish.
[2026-06-14 15:44:57] [DEBUG] Screen::updateAreaA() finish.
[2026-06-14 15:44:57] [DEBUG] Screen::updateAreaB() path: \Develop\Views\AreaB\Area_B.view start...
[2026-06-14 15:44:57] [DEBUG] Screen::getContents() start...
[2026-06-14 15:44:57] [DEBUG] Screen::getContents() finish.
[2026-06-14 15:44:57] [DEBUG] Screen::updateAreaB() finish.
[2026-06-14 15:44:57] [DEBUG] Screen::updateAreaD() path: \Develop\Views\AreaD\Area_D_clear.view start...
[2026-06-14 15:44:57] [DEBUG] Screen::getContents() start...
[2026-06-14 15:44:57] [DEBUG] Screen::getContents() finish.
[2026-06-14 15:44:57] [DEBUG] Screen::updateAreaD() finish.
[2026-06-14 15:44:57] [DEBUG] Screen::updateAreaE() [iframe起動版] path: \Develop\Views\AreaE\Area_E_clear.view start...
[2026-06-14 15:44:57] [DEBUG] Screen::getContents() start...
[2026-06-14 15:44:57] [DEBUG] Screen::getContents() finish.
[2026-06-14 15:44:57] [DEBUG] Screen::updateAreaE() finish.
[2026-06-14 15:44:57] [DEBUG] Screen::updateAreaF() path: \Develop\Views\AreaF\Area_F.view start...
[2026-06-14 15:44:57] [DEBUG] Screen::getContents() start...
[2026-06-14 15:44:57] [DEBUG] Screen::getContents() finish.
[2026-06-14 15:44:57] [DEBUG] Screen::updateAreaF() finish.
[2026-06-14 15:44:57] [DEBUG] ProjectController::startProjectNabi() start...
[2026-06-14 15:44:57] [DEBUG] ProjectController::getProjectListHtml() start...
[2026-06-14 15:44:57] [DEBUG] ProjectModel::getProjectList() start...
[2026-06-14 15:44:57] [DEBUG] ProjectModel::getProjectList() finish.
[2026-06-14 15:44:57] [DEBUG] CodeMasterModel：：getCodesByGroup() start...
[2026-06-14 15:44:57] [DEBUG] CodeMasterModel：：getCodesByGroup() finish.
[2026-06-14 15:44:57] [DEBUG] ProjectController::getNaviFooterHtml() start...
[2026-06-14 15:44:57] [DEBUG] ProjectController::getNaviFooterHtml() finish.
[2026-06-14 15:44:57] [DEBUG] ProjectController::startProjectNabi() finish.
[2026-06-14 15:44:57] [DEBUG] Screen::updateAreaC() \Develop\Views\AreaC\Area_C.view start...
[2026-06-14 15:44:57] [DEBUG] Screen::getContents() start...
[2026-06-14 15:44:57] [DEBUG] Screen::getContents() finish.
[2026-06-14 15:44:57] [DEBUG] Screen::updateAreaC() finish.
[2026-06-14 15:44:57] [DEBUG] ConsoleController::AreaInitialAction() finish.
[2026-06-14 15:44:57] [DEBUG] Screen::areaView() start...
[2026-06-14 15:44:57] [DEBUG] Screen::areaView() finish.
[2026-06-14 15:44:58] [DEBUG] --- wwProject System Start ---
[2026-06-14 15:44:58] [DEBUG] Router::Router() /jemini/wwProjectV1.15/Develop/Console/ServerBridgeAction/
[2026-06-14 15:44:58] [DEBUG] Attempting to load: \Develop\Controllers\ConsoleController::ServerBridgeAction
[2026-06-14 15:44:58] [DEBUG] Router: Executing \Develop\Controllers\ConsoleController->ServerBridgeAction
[2026-06-14 15:44:58] [DEBUG] ConsoleController::ServerBridge() start...
[2026-06-14 15:44:58] [DEBUG] ConsoleController::ServerBridge() \Develop\Controllers\ProjectController::projectSelectAction()
[2026-06-14 15:44:58] [DEBUG] ProjectController::projectSelectAction() start...
[2026-06-14 15:44:58] [DEBUG] ProjectController::projectSelectAction() ☆★☆　SampleProject１
[2026-06-14 15:44:58] [DEBUG] Screen::updateAreaB() path: \Develop\Views\AreaB\Area_B.view start...
[2026-06-14 15:44:58] [DEBUG] Screen::getContents() start...
[2026-06-14 15:44:58] [DEBUG] Screen::getContents() finish.
[2026-06-14 15:44:58] [DEBUG] Screen::updateAreaB() finish.
[2026-06-14 15:44:58] [DEBUG] ProjectController::projectSelectAction() PRJ-D45FEF : PRJ-D45FEF
[2026-06-14 15:44:58] [DEBUG] ProjectController::getProjectListHtml() start...
[2026-06-14 15:44:58] [DEBUG] ProjectModel::getProjectList() start...
[2026-06-14 15:44:58] [DEBUG] ProjectModel::getProjectList() finish.
[2026-06-14 15:44:58] [DEBUG] CodeMasterModel：：getCodesByGroup() start...
[2026-06-14 15:44:58] [DEBUG] CodeMasterModel：：getCodesByGroup() finish.
[2026-06-14 15:44:58] [DEBUG] ProjectController::getNaviFooterHtml() start...
[2026-06-14 15:44:58] [DEBUG] ProjectController::getNaviFooterHtml() finish.
[2026-06-14 15:44:58] [DEBUG] Screen::updateAreaC() \Develop\Views\AreaC\Area_C.view start...
[2026-06-14 15:44:58] [DEBUG] Screen::getContents() start...
[2026-06-14 15:44:58] [DEBUG] Screen::getContents() finish.
[2026-06-14 15:44:58] [DEBUG] Screen::updateAreaC() finish.
[2026-06-14 15:44:58] [DEBUG] Screen::updateAreaD() path: \Develop\Views\AreaD\Area_D_clear.view start...
[2026-06-14 15:44:58] [DEBUG] Screen::getContents() start...
[2026-06-14 15:44:58] [DEBUG] Screen::getContents() finish.
[2026-06-14 15:44:58] [DEBUG] Screen::updateAreaD() finish.
[2026-06-14 15:44:58] [DEBUG] Screen::updateAreaE() [iframe起動版] path: \Develop\Views\AreaE\Area_E_clear.view start...
[2026-06-14 15:44:58] [DEBUG] Screen::getContents() start...
[2026-06-14 15:44:58] [DEBUG] Screen::getContents() finish.
[2026-06-14 15:44:58] [DEBUG] Screen::updateAreaE() finish.
[2026-06-14 15:44:58] [DEBUG] ProjectController::projectSelectAction() finish.
[2026-06-14 15:44:58] [DEBUG] Screen::areaView() start...
[2026-06-14 15:44:58] [DEBUG] Screen::areaView() finish.
[2026-06-14 15:44:59] [DEBUG] --- wwProject System Start ---
[2026-06-14 15:44:59] [DEBUG] Router::Router() /jemini/wwProjectV1.15/Develop/Console/ServerBridgeAction/
[2026-06-14 15:44:59] [DEBUG] Attempting to load: \Develop\Controllers\ConsoleController::ServerBridgeAction
[2026-06-14 15:44:59] [DEBUG] Router: Executing \Develop\Controllers\ConsoleController->ServerBridgeAction
[2026-06-14 15:44:59] [DEBUG] ConsoleController::ServerBridge() start...
[2026-06-14 15:44:59] [DEBUG] ConsoleController::ServerBridge() \Develop\Controllers\ProjectDefinitionController::initialAction()
[2026-06-14 15:44:59] [DEBUG] ProjectDefinitionController::initialAction() start...
[2026-06-14 15:44:59] [DEBUG] ProjectModel::getProjectList() start...
[2026-06-14 15:44:59] [DEBUG] ProjectModel::getProjectList() finish.
[2026-06-14 15:44:59] [DEBUG] Screen::updateAreaD() path: \Develop\Views\AreaD\ProjectDefinition\ProjectDefinitionList.view start...
[2026-06-14 15:44:59] [DEBUG] Screen::getContents() start...
[2026-06-14 15:44:59] [DEBUG] Screen::getContents() finish.
[2026-06-14 15:44:59] [DEBUG] Screen::updateAreaD() finish.
[2026-06-14 15:44:59] [DEBUG] ProjectDefinitionController::initialAction() end.
[2026-06-14 15:44:59] [DEBUG] Screen::areaView() start...
[2026-06-14 15:44:59] [DEBUG] Screen::areaView() finish.
[2026-06-14 15:45:00] [DEBUG] --- wwProject System Start ---
[2026-06-14 15:45:00] [DEBUG] Router::Router() /jemini/wwProjectV1.15/Develop/Console/ServerBridgeAction/
[2026-06-14 15:45:00] [DEBUG] Attempting to load: \Develop\Controllers\ConsoleController::ServerBridgeAction
[2026-06-14 15:45:00] [DEBUG] Router: Executing \Develop\Controllers\ConsoleController->ServerBridgeAction
[2026-06-14 15:45:00] [DEBUG] ConsoleController::ServerBridge() start...
[2026-06-14 15:45:00] [DEBUG] ConsoleController::ServerBridge() \Develop\Controllers\ProjectDefinitionController::projectDetailAction()
[2026-06-14 15:45:00] [DEBUG] ProjectModel::getProjectById() start... ProjectID: PRJ-W613KU
[2026-06-14 15:45:00] [DEBUG] Screen::updateAreaE() [iframe起動版] path: \Develop\Views\AreaE\ProjectDefinition\ProjectDefinitionEdit.view start...
[2026-06-14 15:45:00] [DEBUG] Screen::getContents() start...
[2026-06-14 15:45:00] [DEBUG] Screen::getContents() finish.
[2026-06-14 15:45:00] [DEBUG] Screen::updateAreaE() finish.
[2026-06-14 15:45:00] [DEBUG] Screen::areaView() start...
[2026-06-14 15:45:00] [DEBUG] Screen::areaView() finish.
[2026-06-14 15:47:52] [DEBUG] --- wwProject System Start ---
[2026-06-14 15:47:52] [DEBUG] Router::Router() /jemini/wwProjectV1.15/develop/
[2026-06-14 15:47:52] [DEBUG] Attempting to load: \Develop\Controllers\LoginController::initialAction
[2026-06-14 15:47:52] [DEBUG] Router: Executing \Develop\Controllers\LoginController->initialAction
[2026-06-14 15:47:52] [DEBUG] Login::initialAction() start...
[2026-06-14 15:47:52] [DEBUG] Login::initialAction() errorMessage : 
[2026-06-14 15:47:52] [DEBUG] Screen::view() path: \Develop\Views\Login\Login.view start...
[2026-06-14 15:47:52] [DEBUG] Screen::getContents() start...
[2026-06-14 15:47:52] [DEBUG] Screen::getContents() finish.
[2026-06-14 15:47:52] [DEBUG] Screen::view() path: \Develop\Views\Login\Login.view finish.
[2026-06-14 15:47:52] [DEBUG] Login::initialAction() finish.
[2026-06-14 15:48:02] [DEBUG] --- wwProject System Start ---
[2026-06-14 15:48:02] [DEBUG] Router::Router() /jemini/wwProjectV1.15/Develop/Login/authentication/
[2026-06-14 15:48:02] [DEBUG] Attempting to load: \Develop\Controllers\LoginController::authenticationAction
[2026-06-14 15:48:02] [DEBUG] Router: Executing \Develop\Controllers\LoginController->authenticationAction
[2026-06-14 15:48:02] [DEBUG] Login::AuthenticationAction() start...
[2026-06-14 15:48:02] [DEBUG] Login OK - x
[2026-06-14 15:48:02] [DEBUG] Session::start()
[2026-06-14 15:48:02] [DEBUG] Redirect to Console::initialAction()
[2026-06-14 15:48:02] [DEBUG] --- wwProject System Start ---
[2026-06-14 15:48:02] [DEBUG] Router::Router() /jemini/wwProjectV1.15/Develop/Console/initial/
[2026-06-14 15:48:02] [DEBUG] Attempting to load: \Develop\Controllers\ConsoleController::initialAction
[2026-06-14 15:48:02] [DEBUG] Router: Executing \Develop\Controllers\ConsoleController->initialAction
[2026-06-14 15:48:02] [DEBUG] Console::initialAction() start...
[2026-06-14 15:48:02] [DEBUG] Screen::view() path: \Develop\Views\Console\Console.view start...
[2026-06-14 15:48:02] [DEBUG] Screen::getContents() start...
[2026-06-14 15:48:02] [DEBUG] Screen::getContents() finish.
[2026-06-14 15:48:02] [DEBUG] Screen::view() path: \Develop\Views\Console\Console.view finish.
[2026-06-14 15:48:02] [DEBUG] ConsoleController::initialAction() finish.
[2026-06-14 15:48:02] [DEBUG] --- wwProject System Start ---
[2026-06-14 15:48:02] [DEBUG] Router::Router() /jemini/wwProjectV1.15/Develop/Console/ServerBridgeAction/
[2026-06-14 15:48:02] [DEBUG] Attempting to load: \Develop\Controllers\ConsoleController::ServerBridgeAction
[2026-06-14 15:48:02] [DEBUG] Router: Executing \Develop\Controllers\ConsoleController->ServerBridgeAction
[2026-06-14 15:48:02] [DEBUG] ConsoleController::ServerBridge() start...
[2026-06-14 15:48:02] [DEBUG] ConsoleController::ServerBridge() \Develop\Controllers\ConsoleController::areaInitialAction()
[2026-06-14 15:48:02] [DEBUG] ConsoleController::AreaInitialAction() start...
[2026-06-14 15:48:02] [DEBUG] Screen::updateAreaA() path: \Develop\Views\AreaA\Area_A.view start...
[2026-06-14 15:48:02] [DEBUG] Screen::areaView() sending JSON: ["areas"]
[2026-06-14 15:48:02] [DEBUG] Screen::getContents() start...
[2026-06-14 15:48:02] [DEBUG] Screen::getContents() finish.
[2026-06-14 15:48:02] [DEBUG] Screen::updateAreaA() finish.
[2026-06-14 15:48:02] [DEBUG] Screen::updateAreaB() path: \Develop\Views\AreaB\Area_B.view start...
[2026-06-14 15:48:02] [DEBUG] Screen::getContents() start...
[2026-06-14 15:48:02] [DEBUG] Screen::getContents() finish.
[2026-06-14 15:48:02] [DEBUG] Screen::updateAreaB() finish.
[2026-06-14 15:48:02] [DEBUG] Screen::updateAreaD() path: \Develop\Views\AreaD\Area_D_clear.view start...
[2026-06-14 15:48:02] [DEBUG] Screen::getContents() start...
[2026-06-14 15:48:02] [DEBUG] Screen::getContents() finish.
[2026-06-14 15:48:02] [DEBUG] Screen::updateAreaD() finish.
[2026-06-14 15:48:02] [DEBUG] Screen::updateAreaE() [iframe起動版] path: \Develop\Views\AreaE\Area_E_clear.view start...
[2026-06-14 15:48:02] [DEBUG] Screen::getContents() start...
[2026-06-14 15:48:02] [DEBUG] Screen::getContents() finish.
[2026-06-14 15:48:02] [DEBUG] Screen::updateAreaE() finish.
[2026-06-14 15:48:02] [DEBUG] Screen::updateAreaF() path: \Develop\Views\AreaF\Area_F.view start...
[2026-06-14 15:48:02] [DEBUG] Screen::getContents() start...
[2026-06-14 15:48:02] [DEBUG] Screen::getContents() finish.
[2026-06-14 15:48:02] [DEBUG] Screen::updateAreaF() finish.
[2026-06-14 15:48:02] [DEBUG] ProjectController::startProjectNabi() start...
[2026-06-14 15:48:02] [DEBUG] ProjectController::getProjectListHtml() start...
[2026-06-14 15:48:02] [DEBUG] ProjectModel::getProjectList() start...
[2026-06-14 15:48:02] [DEBUG] ProjectModel::getProjectList() finish.
[2026-06-14 15:48:02] [DEBUG] CodeMasterModel：：getCodesByGroup() start...
[2026-06-14 15:48:02] [DEBUG] CodeMasterModel：：getCodesByGroup() finish.
[2026-06-14 15:48:02] [DEBUG] ProjectController::getNaviFooterHtml() start...
[2026-06-14 15:48:02] [DEBUG] ProjectController::getNaviFooterHtml() finish.
[2026-06-14 15:48:02] [DEBUG] ProjectController::startProjectNabi() finish.
[2026-06-14 15:48:02] [DEBUG] Screen::updateAreaC() \Develop\Views\AreaC\Area_C.view start...
[2026-06-14 15:48:02] [DEBUG] Screen::getContents() start...
[2026-06-14 15:48:02] [DEBUG] Screen::getContents() finish.
[2026-06-14 15:48:02] [DEBUG] Screen::updateAreaC() finish.
[2026-06-14 15:48:02] [DEBUG] ConsoleController::AreaInitialAction() finish.
[2026-06-14 15:48:02] [DEBUG] Screen::areaView() start...
[2026-06-14 15:48:02] [DEBUG] Screen::areaView() finish.
[2026-06-14 15:48:08] [DEBUG] --- wwProject System Start ---
[2026-06-14 15:48:08] [DEBUG] Router::Router() /jemini/wwProjectV1.15/Develop/Console/ServerBridgeAction/
[2026-06-14 15:48:08] [DEBUG] Attempting to load: \Develop\Controllers\ConsoleController::ServerBridgeAction
[2026-06-14 15:48:08] [DEBUG] Router: Executing \Develop\Controllers\ConsoleController->ServerBridgeAction
[2026-06-14 15:48:08] [DEBUG] ConsoleController::ServerBridge() start...
[2026-06-14 15:48:08] [DEBUG] ConsoleController::ServerBridge() \Develop\Controllers\ProjectController::projectSelectAction()
[2026-06-14 15:48:08] [DEBUG] ProjectController::projectSelectAction() start...
[2026-06-14 15:48:08] [DEBUG] ProjectController::projectSelectAction() ☆★☆　SampleProject１
[2026-06-14 15:48:08] [DEBUG] Screen::updateAreaB() path: \Develop\Views\AreaB\Area_B.view start...
[2026-06-14 15:48:08] [DEBUG] Screen::getContents() start...
[2026-06-14 15:48:08] [DEBUG] Screen::getContents() finish.
[2026-06-14 15:48:08] [DEBUG] Screen::updateAreaB() finish.
[2026-06-14 15:48:08] [DEBUG] ProjectController::projectSelectAction() PRJ-D45FEF : PRJ-D45FEF
[2026-06-14 15:48:08] [DEBUG] ProjectController::getProjectListHtml() start...
[2026-06-14 15:48:08] [DEBUG] ProjectModel::getProjectList() start...
[2026-06-14 15:48:08] [DEBUG] ProjectModel::getProjectList() finish.
[2026-06-14 15:48:08] [DEBUG] CodeMasterModel：：getCodesByGroup() start...
[2026-06-14 15:48:08] [DEBUG] CodeMasterModel：：getCodesByGroup() finish.
[2026-06-14 15:48:08] [DEBUG] ProjectController::getNaviFooterHtml() start...
[2026-06-14 15:48:08] [DEBUG] ProjectController::getNaviFooterHtml() finish.
[2026-06-14 15:48:08] [DEBUG] Screen::updateAreaC() \Develop\Views\AreaC\Area_C.view start...
[2026-06-14 15:48:08] [DEBUG] Screen::getContents() start...
[2026-06-14 15:48:08] [DEBUG] Screen::getContents() finish.
[2026-06-14 15:48:08] [DEBUG] Screen::updateAreaC() finish.
[2026-06-14 15:48:08] [DEBUG] Screen::updateAreaD() path: \Develop\Views\AreaD\Area_D_clear.view start...
[2026-06-14 15:48:08] [DEBUG] Screen::getContents() start...
[2026-06-14 15:48:08] [DEBUG] Screen::getContents() finish.
[2026-06-14 15:48:08] [DEBUG] Screen::updateAreaD() finish.
[2026-06-14 15:48:08] [DEBUG] Screen::updateAreaE() [iframe起動版] path: \Develop\Views\AreaE\Area_E_clear.view start...
[2026-06-14 15:48:08] [DEBUG] Screen::getContents() start...
[2026-06-14 15:48:08] [DEBUG] Screen::getContents() finish.
[2026-06-14 15:48:08] [DEBUG] Screen::updateAreaE() finish.
[2026-06-14 15:48:08] [DEBUG] ProjectController::projectSelectAction() finish.
[2026-06-14 15:48:08] [DEBUG] Screen::areaView() start...
[2026-06-14 15:48:08] [DEBUG] Screen::areaView() finish.
[2026-06-14 15:48:09] [DEBUG] --- wwProject System Start ---
[2026-06-14 15:48:09] [DEBUG] Router::Router() /jemini/wwProjectV1.15/Develop/Console/ServerBridgeAction/
[2026-06-14 15:48:09] [DEBUG] Attempting to load: \Develop\Controllers\ConsoleController::ServerBridgeAction
[2026-06-14 15:48:09] [DEBUG] Router: Executing \Develop\Controllers\ConsoleController->ServerBridgeAction
[2026-06-14 15:48:09] [DEBUG] ConsoleController::ServerBridge() start...
[2026-06-14 15:48:09] [DEBUG] ConsoleController::ServerBridge() \Develop\Controllers\ProjectDefinitionController::initialAction()
[2026-06-14 15:48:09] [DEBUG] ProjectDefinitionController::initialAction() start...
[2026-06-14 15:48:09] [DEBUG] ProjectModel::getProjectList() start...
[2026-06-14 15:48:09] [DEBUG] ProjectModel::getProjectList() finish.
[2026-06-14 15:48:09] [DEBUG] Screen::updateAreaD() path: \Develop\Views\AreaD\ProjectDefinition\ProjectDefinitionList.view start...
[2026-06-14 15:48:09] [DEBUG] Screen::getContents() start...
[2026-06-14 15:48:09] [DEBUG] Screen::getContents() finish.
[2026-06-14 15:48:09] [DEBUG] Screen::updateAreaD() finish.
[2026-06-14 15:48:09] [DEBUG] ProjectDefinitionController::initialAction() end.
[2026-06-14 15:48:09] [DEBUG] Screen::areaView() start...
[2026-06-14 15:48:09] [DEBUG] Screen::areaView() finish.
[2026-06-14 15:48:18] [DEBUG] --- wwProject System Start ---
[2026-06-14 15:48:18] [DEBUG] Router::Router() /jemini/wwProjectV1.15/Develop/Console/ServerBridgeAction/
[2026-06-14 15:48:18] [DEBUG] Attempting to load: \Develop\Controllers\ConsoleController::ServerBridgeAction
[2026-06-14 15:48:18] [DEBUG] Router: Executing \Develop\Controllers\ConsoleController->ServerBridgeAction
[2026-06-14 15:48:18] [DEBUG] ConsoleController::ServerBridge() start...
[2026-06-14 15:48:18] [DEBUG] ConsoleController::ServerBridge() \Develop\Controllers\ProjectDefinitionController::projectDetailAction()
[2026-06-14 15:48:18] [DEBUG] ProjectModel::getProjectById() start... ProjectID: PRJ-W613KU
[2026-06-14 15:48:18] [DEBUG] ProjectModel::getProjectById() ①
[2026-06-14 15:48:18] [DEBUG] ProjectModel::getProjectById() ③　SELECT
                        project_id,
                        project_name,
                        dsn,
                        username,
                        password,
                        options
                    FROM db_projects
                    WHERE project_id = ?
[2026-06-14 15:48:18] [DEBUG] ProjectModel::getProjectById() ③
[2026-06-14 15:48:18] [DEBUG] ProjectModel::getProjectById() ④
[2026-06-14 15:48:18] [DEBUG] ProjectModel::getProjectById() ⑤
[2026-06-14 15:48:18] [DEBUG] Screen::updateAreaE() [iframe起動版] path: \Develop\Views\AreaE\ProjectDefinition\ProjectDefinitionEdit.view start...
[2026-06-14 15:48:18] [DEBUG] Screen::getContents() start...
[2026-06-14 15:48:18] [DEBUG] Screen::getContents() finish.
[2026-06-14 15:48:18] [DEBUG] Screen::updateAreaE() finish.
[2026-06-14 15:48:18] [DEBUG] Screen::areaView() start...
[2026-06-14 15:48:18] [DEBUG] Screen::areaView() finish.
[2026-06-14 15:53:09] [DEBUG] --- wwProject System Start ---
[2026-06-14 15:53:09] [DEBUG] Router::Router() /jemini/wwProjectV1.15/develop/
[2026-06-14 15:53:09] [DEBUG] Attempting to load: \Develop\Controllers\LoginController::initialAction
[2026-06-14 15:53:09] [DEBUG] Router: Executing \Develop\Controllers\LoginController->initialAction
[2026-06-14 15:53:09] [DEBUG] Login::initialAction() start...
[2026-06-14 15:53:09] [DEBUG] Login::initialAction() errorMessage : 
[2026-06-14 15:53:09] [DEBUG] Screen::view() path: \Develop\Views\Login\Login.view start...
[2026-06-14 15:53:09] [DEBUG] Screen::getContents() start...
[2026-06-14 15:53:09] [DEBUG] Screen::getContents() finish.
[2026-06-14 15:53:09] [DEBUG] Screen::view() path: \Develop\Views\Login\Login.view finish.
[2026-06-14 15:53:09] [DEBUG] Login::initialAction() finish.
[2026-06-14 15:53:11] [DEBUG] --- wwProject System Start ---
[2026-06-14 15:53:11] [DEBUG] Router::Router() /jemini/wwProjectV1.15/Develop/Login/authentication/
[2026-06-14 15:53:11] [DEBUG] Attempting to load: \Develop\Controllers\LoginController::authenticationAction
[2026-06-14 15:53:11] [DEBUG] Router: Executing \Develop\Controllers\LoginController->authenticationAction
[2026-06-14 15:53:11] [DEBUG] Login::AuthenticationAction() start...
[2026-06-14 15:53:11] [DEBUG] Login OK - x
[2026-06-14 15:53:11] [DEBUG] Session::start()
[2026-06-14 15:53:11] [DEBUG] Redirect to Console::initialAction()
[2026-06-14 15:53:11] [DEBUG] --- wwProject System Start ---
[2026-06-14 15:53:11] [DEBUG] Router::Router() /jemini/wwProjectV1.15/Develop/Console/initial/
[2026-06-14 15:53:11] [DEBUG] Attempting to load: \Develop\Controllers\ConsoleController::initialAction
[2026-06-14 15:53:11] [DEBUG] Router: Executing \Develop\Controllers\ConsoleController->initialAction
[2026-06-14 15:53:11] [DEBUG] Console::initialAction() start...
[2026-06-14 15:53:11] [DEBUG] Screen::view() path: \Develop\Views\Console\Console.view start...
[2026-06-14 15:53:11] [DEBUG] Screen::getContents() start...
[2026-06-14 15:53:11] [DEBUG] Screen::getContents() finish.
[2026-06-14 15:53:11] [DEBUG] Screen::view() path: \Develop\Views\Console\Console.view finish.
[2026-06-14 15:53:11] [DEBUG] ConsoleController::initialAction() finish.
[2026-06-14 15:53:11] [DEBUG] --- wwProject System Start ---
[2026-06-14 15:53:11] [DEBUG] Router::Router() /jemini/wwProjectV1.15/Develop/Console/ServerBridgeAction/
[2026-06-14 15:53:11] [DEBUG] Attempting to load: \Develop\Controllers\ConsoleController::ServerBridgeAction
[2026-06-14 15:53:11] [DEBUG] Router: Executing \Develop\Controllers\ConsoleController->ServerBridgeAction
[2026-06-14 15:53:11] [DEBUG] ConsoleController::ServerBridge() start...
[2026-06-14 15:53:11] [DEBUG] ConsoleController::ServerBridge() \Develop\Controllers\ConsoleController::areaInitialAction()
[2026-06-14 15:53:11] [DEBUG] ConsoleController::AreaInitialAction() start...
[2026-06-14 15:53:11] [DEBUG] Screen::updateAreaA() path: \Develop\Views\AreaA\Area_A.view start...
[2026-06-14 15:53:11] [DEBUG] Screen::areaView() sending JSON: ["areas"]
[2026-06-14 15:53:11] [DEBUG] Screen::getContents() start...
[2026-06-14 15:53:11] [DEBUG] Screen::getContents() finish.
[2026-06-14 15:53:11] [DEBUG] Screen::updateAreaA() finish.
[2026-06-14 15:53:11] [DEBUG] Screen::updateAreaB() path: \Develop\Views\AreaB\Area_B.view start...
[2026-06-14 15:53:11] [DEBUG] Screen::getContents() start...
[2026-06-14 15:53:11] [DEBUG] Screen::getContents() finish.
[2026-06-14 15:53:11] [DEBUG] Screen::updateAreaB() finish.
[2026-06-14 15:53:11] [DEBUG] Screen::updateAreaD() path: \Develop\Views\AreaD\Area_D_clear.view start...
[2026-06-14 15:53:11] [DEBUG] Screen::getContents() start...
[2026-06-14 15:53:11] [DEBUG] Screen::getContents() finish.
[2026-06-14 15:53:11] [DEBUG] Screen::updateAreaD() finish.
[2026-06-14 15:53:11] [DEBUG] Screen::updateAreaE() [iframe起動版] path: \Develop\Views\AreaE\Area_E_clear.view start...
[2026-06-14 15:53:11] [DEBUG] Screen::getContents() start...
[2026-06-14 15:53:11] [DEBUG] Screen::getContents() finish.
[2026-06-14 15:53:11] [DEBUG] Screen::updateAreaE() finish.
[2026-06-14 15:53:11] [DEBUG] Screen::updateAreaF() path: \Develop\Views\AreaF\Area_F.view start...
[2026-06-14 15:53:11] [DEBUG] Screen::getContents() start...
[2026-06-14 15:53:11] [DEBUG] Screen::getContents() finish.
[2026-06-14 15:53:11] [DEBUG] Screen::updateAreaF() finish.
[2026-06-14 15:53:11] [DEBUG] ProjectController::startProjectNabi() start...
[2026-06-14 15:53:11] [DEBUG] ProjectController::getProjectListHtml() start...
[2026-06-14 15:53:11] [DEBUG] ProjectModel::getProjectList() start...
[2026-06-14 15:53:11] [DEBUG] ProjectModel::getProjectList() finish.
[2026-06-14 15:53:11] [DEBUG] CodeMasterModel：：getCodesByGroup() start...
[2026-06-14 15:53:11] [DEBUG] CodeMasterModel：：getCodesByGroup() finish.
[2026-06-14 15:53:11] [DEBUG] ProjectController::getNaviFooterHtml() start...
[2026-06-14 15:53:11] [DEBUG] ProjectController::getNaviFooterHtml() finish.
[2026-06-14 15:53:11] [DEBUG] ProjectController::startProjectNabi() finish.
[2026-06-14 15:53:11] [DEBUG] Screen::updateAreaC() \Develop\Views\AreaC\Area_C.view start...
[2026-06-14 15:53:11] [DEBUG] Screen::getContents() start...
[2026-06-14 15:53:11] [DEBUG] Screen::getContents() finish.
[2026-06-14 15:53:11] [DEBUG] Screen::updateAreaC() finish.
[2026-06-14 15:53:11] [DEBUG] ConsoleController::AreaInitialAction() finish.
[2026-06-14 15:53:11] [DEBUG] Screen::areaView() start...
[2026-06-14 15:53:11] [DEBUG] Screen::areaView() finish.
[2026-06-14 15:53:12] [DEBUG] --- wwProject System Start ---
[2026-06-14 15:53:12] [DEBUG] Router::Router() /jemini/wwProjectV1.15/Develop/Console/ServerBridgeAction/
[2026-06-14 15:53:12] [DEBUG] Attempting to load: \Develop\Controllers\ConsoleController::ServerBridgeAction
[2026-06-14 15:53:12] [DEBUG] Router: Executing \Develop\Controllers\ConsoleController->ServerBridgeAction
[2026-06-14 15:53:12] [DEBUG] ConsoleController::ServerBridge() start...
[2026-06-14 15:53:12] [DEBUG] ConsoleController::ServerBridge() \Develop\Controllers\ProjectController::projectSelectAction()
[2026-06-14 15:53:12] [DEBUG] ProjectController::projectSelectAction() start...
[2026-06-14 15:53:12] [DEBUG] ProjectController::projectSelectAction() ☆★☆　SampleProject１
[2026-06-14 15:53:12] [DEBUG] Screen::updateAreaB() path: \Develop\Views\AreaB\Area_B.view start...
[2026-06-14 15:53:12] [DEBUG] Screen::getContents() start...
[2026-06-14 15:53:12] [DEBUG] Screen::getContents() finish.
[2026-06-14 15:53:12] [DEBUG] Screen::updateAreaB() finish.
[2026-06-14 15:53:12] [DEBUG] ProjectController::projectSelectAction() PRJ-D45FEF : PRJ-D45FEF
[2026-06-14 15:53:12] [DEBUG] ProjectController::getProjectListHtml() start...
[2026-06-14 15:53:12] [DEBUG] ProjectModel::getProjectList() start...
[2026-06-14 15:53:12] [DEBUG] ProjectModel::getProjectList() finish.
[2026-06-14 15:53:12] [DEBUG] CodeMasterModel：：getCodesByGroup() start...
[2026-06-14 15:53:12] [DEBUG] CodeMasterModel：：getCodesByGroup() finish.
[2026-06-14 15:53:12] [DEBUG] ProjectController::getNaviFooterHtml() start...
[2026-06-14 15:53:12] [DEBUG] ProjectController::getNaviFooterHtml() finish.
[2026-06-14 15:53:12] [DEBUG] Screen::updateAreaC() \Develop\Views\AreaC\Area_C.view start...
[2026-06-14 15:53:12] [DEBUG] Screen::getContents() start...
[2026-06-14 15:53:12] [DEBUG] Screen::getContents() finish.
[2026-06-14 15:53:12] [DEBUG] Screen::updateAreaC() finish.
[2026-06-14 15:53:12] [DEBUG] Screen::updateAreaD() path: \Develop\Views\AreaD\Area_D_clear.view start...
[2026-06-14 15:53:12] [DEBUG] Screen::getContents() start...
[2026-06-14 15:53:12] [DEBUG] Screen::getContents() finish.
[2026-06-14 15:53:12] [DEBUG] Screen::updateAreaD() finish.
[2026-06-14 15:53:12] [DEBUG] Screen::updateAreaE() [iframe起動版] path: \Develop\Views\AreaE\Area_E_clear.view start...
[2026-06-14 15:53:12] [DEBUG] Screen::getContents() start...
[2026-06-14 15:53:12] [DEBUG] Screen::getContents() finish.
[2026-06-14 15:53:12] [DEBUG] Screen::updateAreaE() finish.
[2026-06-14 15:53:12] [DEBUG] ProjectController::projectSelectAction() finish.
[2026-06-14 15:53:12] [DEBUG] Screen::areaView() start...
[2026-06-14 15:53:12] [DEBUG] Screen::areaView() finish.
[2026-06-14 15:53:13] [DEBUG] --- wwProject System Start ---
[2026-06-14 15:53:13] [DEBUG] Router::Router() /jemini/wwProjectV1.15/Develop/Console/ServerBridgeAction/
[2026-06-14 15:53:13] [DEBUG] Attempting to load: \Develop\Controllers\ConsoleController::ServerBridgeAction
[2026-06-14 15:53:13] [DEBUG] Router: Executing \Develop\Controllers\ConsoleController->ServerBridgeAction
[2026-06-14 15:53:13] [DEBUG] ConsoleController::ServerBridge() start...
[2026-06-14 15:53:13] [DEBUG] ConsoleController::ServerBridge() \Develop\Controllers\ProjectDefinitionController::initialAction()
[2026-06-14 15:53:13] [DEBUG] ProjectDefinitionController::initialAction() start...
[2026-06-14 15:53:13] [DEBUG] ProjectModel::getProjectList() start...
[2026-06-14 15:53:13] [DEBUG] ProjectModel::getProjectList() finish.
[2026-06-14 15:53:13] [DEBUG] Screen::updateAreaD() path: \Develop\Views\AreaD\ProjectDefinition\ProjectDefinitionList.view start...
[2026-06-14 15:53:13] [DEBUG] Screen::getContents() start...
[2026-06-14 15:53:13] [DEBUG] Screen::getContents() finish.
[2026-06-14 15:53:13] [DEBUG] Screen::updateAreaD() finish.
[2026-06-14 15:53:13] [DEBUG] ProjectDefinitionController::initialAction() finish.
[2026-06-14 15:53:13] [DEBUG] Screen::areaView() start...
[2026-06-14 15:53:13] [DEBUG] Screen::areaView() finish.
[2026-06-14 15:53:16] [DEBUG] --- wwProject System Start ---
[2026-06-14 15:53:16] [DEBUG] Router::Router() /jemini/wwProjectV1.15/Develop/Console/ServerBridgeAction/
[2026-06-14 15:53:16] [DEBUG] Attempting to load: \Develop\Controllers\ConsoleController::ServerBridgeAction
[2026-06-14 15:53:16] [DEBUG] Router: Executing \Develop\Controllers\ConsoleController->ServerBridgeAction
[2026-06-14 15:53:16] [DEBUG] ConsoleController::ServerBridge() start...
[2026-06-14 15:53:16] [DEBUG] ConsoleController::ServerBridge() \Develop\Controllers\ProjectDefinitionController::projectDetailAction()
[2026-06-14 15:53:16] [DEBUG] ProjectDefinitionController::projectDetailAction() start...
[2026-06-14 15:53:16] [DEBUG] ProjectModel::getProjectById() start... ProjectID: PRJ-W613KU
[2026-06-14 15:53:16] [DEBUG] Screen::updateAreaE() [iframe起動版] path: \Develop\Views\AreaE\ProjectDefinition\ProjectDefinitionEdit.view start...
[2026-06-14 15:53:16] [DEBUG] Screen::getContents() start...
[2026-06-14 15:53:16] [DEBUG] Screen::getContents() finish.
[2026-06-14 15:53:16] [DEBUG] Screen::updateAreaE() finish.
[2026-06-14 15:53:16] [DEBUG] ProjectDefinitionController::projectDetailAction() finish.
[2026-06-14 15:53:16] [DEBUG] Screen::areaView() start...
[2026-06-14 15:53:16] [DEBUG] Screen::areaView() finish.
[2026-06-14 15:55:28] [DEBUG] --- wwProject System Start ---
[2026-06-14 15:55:28] [DEBUG] Router::Router() /jemini/wwProjectV1.15/develop/
[2026-06-14 15:55:28] [DEBUG] Attempting to load: \Develop\Controllers\LoginController::initialAction
[2026-06-14 15:55:28] [DEBUG] Router: Executing \Develop\Controllers\LoginController->initialAction
[2026-06-14 15:55:28] [DEBUG] Login::initialAction() start...
[2026-06-14 15:55:28] [DEBUG] Login::initialAction() errorMessage : 
[2026-06-14 15:55:28] [DEBUG] Screen::view() path: \Develop\Views\Login\Login.view start...
[2026-06-14 15:55:28] [DEBUG] Screen::getContents() start...
[2026-06-14 15:55:28] [DEBUG] Screen::getContents() finish.
[2026-06-14 15:55:28] [DEBUG] Screen::view() path: \Develop\Views\Login\Login.view finish.
[2026-06-14 15:55:28] [DEBUG] Login::initialAction() finish.
[2026-06-14 15:55:31] [DEBUG] --- wwProject System Start ---
[2026-06-14 15:55:31] [DEBUG] Router::Router() /jemini/wwProjectV1.15/Develop/Login/authentication/
[2026-06-14 15:55:31] [DEBUG] Attempting to load: \Develop\Controllers\LoginController::authenticationAction
[2026-06-14 15:55:31] [DEBUG] Router: Executing \Develop\Controllers\LoginController->authenticationAction
[2026-06-14 15:55:31] [DEBUG] Login::AuthenticationAction() start...
[2026-06-14 15:55:31] [DEBUG] Login OK - x
[2026-06-14 15:55:31] [DEBUG] Session::start()
[2026-06-14 15:55:31] [DEBUG] Redirect to Console::initialAction()
[2026-06-14 15:55:31] [DEBUG] --- wwProject System Start ---
[2026-06-14 15:55:31] [DEBUG] Router::Router() /jemini/wwProjectV1.15/Develop/Console/initial/
[2026-06-14 15:55:31] [DEBUG] Attempting to load: \Develop\Controllers\ConsoleController::initialAction
[2026-06-14 15:55:31] [DEBUG] Router: Executing \Develop\Controllers\ConsoleController->initialAction
[2026-06-14 15:55:31] [DEBUG] Console::initialAction() start...
[2026-06-14 15:55:31] [DEBUG] Screen::view() path: \Develop\Views\Console\Console.view start...
[2026-06-14 15:55:31] [DEBUG] Screen::getContents() start...
[2026-06-14 15:55:31] [DEBUG] Screen::getContents() finish.
[2026-06-14 15:55:31] [DEBUG] Screen::view() path: \Develop\Views\Console\Console.view finish.
[2026-06-14 15:55:31] [DEBUG] ConsoleController::initialAction() finish.
[2026-06-14 15:55:31] [DEBUG] --- wwProject System Start ---
[2026-06-14 15:55:31] [DEBUG] Router::Router() /jemini/wwProjectV1.15/Develop/Console/ServerBridgeAction/
[2026-06-14 15:55:31] [DEBUG] Attempting to load: \Develop\Controllers\ConsoleController::ServerBridgeAction
[2026-06-14 15:55:31] [DEBUG] Router: Executing \Develop\Controllers\ConsoleController->ServerBridgeAction
[2026-06-14 15:55:31] [DEBUG] ConsoleController::ServerBridge() start...
[2026-06-14 15:55:31] [DEBUG] ConsoleController::ServerBridge() \Develop\Controllers\ConsoleController::areaInitialAction()
[2026-06-14 15:55:31] [DEBUG] ConsoleController::AreaInitialAction() start...
[2026-06-14 15:55:31] [DEBUG] Screen::updateAreaA() path: \Develop\Views\AreaA\Area_A.view start...
[2026-06-14 15:55:31] [DEBUG] Screen::areaView() sending JSON: ["areas"]
[2026-06-14 15:55:31] [DEBUG] Screen::getContents() start...
[2026-06-14 15:55:31] [DEBUG] Screen::getContents() finish.
[2026-06-14 15:55:31] [DEBUG] Screen::updateAreaA() finish.
[2026-06-14 15:55:31] [DEBUG] Screen::updateAreaB() path: \Develop\Views\AreaB\Area_B.view start...
[2026-06-14 15:55:31] [DEBUG] Screen::getContents() start...
[2026-06-14 15:55:31] [DEBUG] Screen::getContents() finish.
[2026-06-14 15:55:31] [DEBUG] Screen::updateAreaB() finish.
[2026-06-14 15:55:31] [DEBUG] Screen::updateAreaD() path: \Develop\Views\AreaD\Area_D_clear.view start...
[2026-06-14 15:55:31] [DEBUG] Screen::getContents() start...
[2026-06-14 15:55:31] [DEBUG] Screen::getContents() finish.
[2026-06-14 15:55:31] [DEBUG] Screen::updateAreaD() finish.
[2026-06-14 15:55:31] [DEBUG] Screen::updateAreaE() [iframe起動版] path: \Develop\Views\AreaE\Area_E_clear.view start...
[2026-06-14 15:55:31] [DEBUG] Screen::getContents() start...
[2026-06-14 15:55:31] [DEBUG] Screen::getContents() finish.
[2026-06-14 15:55:31] [DEBUG] Screen::updateAreaE() finish.
[2026-06-14 15:55:31] [DEBUG] Screen::updateAreaF() path: \Develop\Views\AreaF\Area_F.view start...
[2026-06-14 15:55:31] [DEBUG] Screen::getContents() start...
[2026-06-14 15:55:31] [DEBUG] Screen::getContents() finish.
[2026-06-14 15:55:31] [DEBUG] Screen::updateAreaF() finish.
[2026-06-14 15:55:31] [DEBUG] ProjectController::startProjectNabi() start...
[2026-06-14 15:55:31] [DEBUG] ProjectController::getProjectListHtml() start...
[2026-06-14 15:55:31] [DEBUG] ProjectModel::getProjectList() start...
[2026-06-14 15:55:31] [DEBUG] ProjectModel::getProjectList() finish.
[2026-06-14 15:55:31] [DEBUG] CodeMasterModel：：getCodesByGroup() start...
[2026-06-14 15:55:31] [DEBUG] CodeMasterModel：：getCodesByGroup() finish.
[2026-06-14 15:55:31] [DEBUG] ProjectController::getNaviFooterHtml() start...
[2026-06-14 15:55:31] [DEBUG] ProjectController::getNaviFooterHtml() finish.
[2026-06-14 15:55:31] [DEBUG] ProjectController::startProjectNabi() finish.
[2026-06-14 15:55:31] [DEBUG] Screen::updateAreaC() \Develop\Views\AreaC\Area_C.view start...
[2026-06-14 15:55:31] [DEBUG] Screen::getContents() start...
[2026-06-14 15:55:31] [DEBUG] Screen::getContents() finish.
[2026-06-14 15:55:31] [DEBUG] Screen::updateAreaC() finish.
[2026-06-14 15:55:31] [DEBUG] ConsoleController::AreaInitialAction() finish.
[2026-06-14 15:55:31] [DEBUG] Screen::areaView() start...
[2026-06-14 15:55:31] [DEBUG] Screen::areaView() finish.
[2026-06-14 15:55:32] [DEBUG] --- wwProject System Start ---
[2026-06-14 15:55:32] [DEBUG] Router::Router() /jemini/wwProjectV1.15/Develop/Console/ServerBridgeAction/
[2026-06-14 15:55:32] [DEBUG] Attempting to load: \Develop\Controllers\ConsoleController::ServerBridgeAction
[2026-06-14 15:55:32] [DEBUG] Router: Executing \Develop\Controllers\ConsoleController->ServerBridgeAction
[2026-06-14 15:55:32] [DEBUG] ConsoleController::ServerBridge() start...
[2026-06-14 15:55:32] [DEBUG] ConsoleController::ServerBridge() \Develop\Controllers\ProjectController::projectSelectAction()
[2026-06-14 15:55:32] [DEBUG] ProjectController::projectSelectAction() start...
[2026-06-14 15:55:32] [DEBUG] ProjectController::projectSelectAction() ☆★☆　SampleProject１
[2026-06-14 15:55:32] [DEBUG] Screen::updateAreaB() path: \Develop\Views\AreaB\Area_B.view start...
[2026-06-14 15:55:32] [DEBUG] Screen::getContents() start...
[2026-06-14 15:55:32] [DEBUG] Screen::getContents() finish.
[2026-06-14 15:55:32] [DEBUG] Screen::updateAreaB() finish.
[2026-06-14 15:55:32] [DEBUG] ProjectController::projectSelectAction() PRJ-D45FEF : PRJ-D45FEF
[2026-06-14 15:55:32] [DEBUG] ProjectController::getProjectListHtml() start...
[2026-06-14 15:55:32] [DEBUG] ProjectModel::getProjectList() start...
[2026-06-14 15:55:32] [DEBUG] ProjectModel::getProjectList() finish.
[2026-06-14 15:55:32] [DEBUG] CodeMasterModel：：getCodesByGroup() start...
[2026-06-14 15:55:32] [DEBUG] CodeMasterModel：：getCodesByGroup() finish.
[2026-06-14 15:55:32] [DEBUG] ProjectController::getNaviFooterHtml() start...
[2026-06-14 15:55:32] [DEBUG] ProjectController::getNaviFooterHtml() finish.
[2026-06-14 15:55:32] [DEBUG] Screen::updateAreaC() \Develop\Views\AreaC\Area_C.view start...
[2026-06-14 15:55:32] [DEBUG] Screen::getContents() start...
[2026-06-14 15:55:32] [DEBUG] Screen::getContents() finish.
[2026-06-14 15:55:32] [DEBUG] Screen::updateAreaC() finish.
[2026-06-14 15:55:32] [DEBUG] Screen::updateAreaD() path: \Develop\Views\AreaD\Area_D_clear.view start...
[2026-06-14 15:55:32] [DEBUG] Screen::getContents() start...
[2026-06-14 15:55:32] [DEBUG] Screen::getContents() finish.
[2026-06-14 15:55:32] [DEBUG] Screen::updateAreaD() finish.
[2026-06-14 15:55:32] [DEBUG] Screen::updateAreaE() [iframe起動版] path: \Develop\Views\AreaE\Area_E_clear.view start...
[2026-06-14 15:55:32] [DEBUG] Screen::getContents() start...
[2026-06-14 15:55:32] [DEBUG] Screen::getContents() finish.
[2026-06-14 15:55:32] [DEBUG] Screen::updateAreaE() finish.
[2026-06-14 15:55:32] [DEBUG] ProjectController::projectSelectAction() finish.
[2026-06-14 15:55:32] [DEBUG] Screen::areaView() start...
[2026-06-14 15:55:32] [DEBUG] Screen::areaView() finish.
[2026-06-14 15:55:34] [DEBUG] --- wwProject System Start ---
[2026-06-14 15:55:34] [DEBUG] Router::Router() /jemini/wwProjectV1.15/Develop/Console/ServerBridgeAction/
[2026-06-14 15:55:34] [DEBUG] Attempting to load: \Develop\Controllers\ConsoleController::ServerBridgeAction
[2026-06-14 15:55:34] [DEBUG] Router: Executing \Develop\Controllers\ConsoleController->ServerBridgeAction
[2026-06-14 15:55:34] [DEBUG] ConsoleController::ServerBridge() start...
[2026-06-14 15:55:34] [DEBUG] ConsoleController::ServerBridge() \Develop\Controllers\ProjectDefinitionController::initialAction()
[2026-06-14 15:55:34] [DEBUG] ProjectDefinitionController::initialAction() start...
[2026-06-14 15:55:34] [DEBUG] ProjectModel::getProjectList() start...
[2026-06-14 15:55:34] [DEBUG] ProjectModel::getProjectList() finish.
[2026-06-14 15:55:34] [DEBUG] Screen::updateAreaD() path: \Develop\Views\AreaD\ProjectDefinition\ProjectDefinitionList.view start...
[2026-06-14 15:55:34] [DEBUG] Screen::getContents() start...
[2026-06-14 15:55:34] [DEBUG] Screen::getContents() finish.
[2026-06-14 15:55:34] [DEBUG] Screen::updateAreaD() finish.
[2026-06-14 15:55:34] [DEBUG] ProjectDefinitionController::initialAction() finish.
[2026-06-14 15:55:34] [DEBUG] Screen::areaView() start...
[2026-06-14 15:55:34] [DEBUG] Screen::areaView() finish.
[2026-06-14 15:55:44] [DEBUG] --- wwProject System Start ---
[2026-06-14 15:55:44] [DEBUG] Router::Router() /jemini/wwProjectV1.15/Develop/Console/ServerBridgeAction/
[2026-06-14 15:55:44] [DEBUG] Attempting to load: \Develop\Controllers\ConsoleController::ServerBridgeAction
[2026-06-14 15:55:44] [DEBUG] Router: Executing \Develop\Controllers\ConsoleController->ServerBridgeAction
[2026-06-14 15:55:44] [DEBUG] ConsoleController::ServerBridge() start...
[2026-06-14 15:55:44] [DEBUG] ConsoleController::ServerBridge() \Develop\Controllers\ProjectDefinitionController::projectDetailAction()
[2026-06-14 15:55:44] [DEBUG] ProjectDefinitionController::projectDetailAction() start...
[2026-06-14 15:55:44] [DEBUG] ProjectModel::getProjectById() start... ProjectID: PRJ-E613KU
[2026-06-14 15:55:44] [DEBUG] Screen::updateAreaE() [iframe起動版] path: \Develop\Views\AreaE\ProjectDefinition\ProjectDefinitionEdit.view start...
[2026-06-14 15:55:44] [DEBUG] Screen::getContents() start...
[2026-06-14 15:55:44] [DEBUG] Screen::getContents() finish.
[2026-06-14 15:55:44] [DEBUG] Screen::updateAreaE() finish.
[2026-06-14 15:55:44] [DEBUG] ProjectDefinitionController::projectDetailAction() finish.
[2026-06-14 15:55:44] [DEBUG] Screen::areaView() start...
[2026-06-14 15:55:44] [DEBUG] Screen::areaView() finish.
[2026-06-14 16:17:28] [DEBUG] --- wwProject System Start ---
[2026-06-14 16:17:28] [DEBUG] Router::Router() /jemini/wwProjectV1.15/develop/
[2026-06-14 16:17:28] [DEBUG] Attempting to load: \Develop\Controllers\LoginController::initialAction
[2026-06-14 16:17:28] [DEBUG] Router: Executing \Develop\Controllers\LoginController->initialAction
[2026-06-14 16:17:28] [DEBUG] Login::initialAction() start...
[2026-06-14 16:17:28] [DEBUG] Login::initialAction() errorMessage : 
[2026-06-14 16:17:28] [DEBUG] Screen::view() path: \Develop\Views\Login\Login.view start...
[2026-06-14 16:17:28] [DEBUG] Screen::getContents() start...
[2026-06-14 16:17:28] [DEBUG] Screen::getContents() finish.
[2026-06-14 16:17:28] [DEBUG] Screen::view() path: \Develop\Views\Login\Login.view finish.
[2026-06-14 16:17:28] [DEBUG] Login::initialAction() finish.
[2026-06-14 16:17:31] [DEBUG] --- wwProject System Start ---
[2026-06-14 16:17:31] [DEBUG] Router::Router() /jemini/wwProjectV1.15/Develop/Login/authentication/
[2026-06-14 16:17:31] [DEBUG] Attempting to load: \Develop\Controllers\LoginController::authenticationAction
[2026-06-14 16:17:31] [DEBUG] Router: Executing \Develop\Controllers\LoginController->authenticationAction
[2026-06-14 16:17:31] [DEBUG] Login::AuthenticationAction() start...
[2026-06-14 16:17:31] [DEBUG] Login OK - x
[2026-06-14 16:17:31] [DEBUG] Session::start()
[2026-06-14 16:17:31] [DEBUG] Redirect to Console::initialAction()
[2026-06-14 16:17:31] [DEBUG] --- wwProject System Start ---
[2026-06-14 16:17:31] [DEBUG] Router::Router() /jemini/wwProjectV1.15/Develop/Console/initial/
[2026-06-14 16:17:31] [DEBUG] Attempting to load: \Develop\Controllers\ConsoleController::initialAction
[2026-06-14 16:17:31] [DEBUG] Router: Executing \Develop\Controllers\ConsoleController->initialAction
[2026-06-14 16:17:31] [DEBUG] Console::initialAction() start...
[2026-06-14 16:17:31] [DEBUG] Screen::view() path: \Develop\Views\Console\Console.view start...
[2026-06-14 16:17:31] [DEBUG] Screen::getContents() start...
[2026-06-14 16:17:31] [DEBUG] Screen::getContents() finish.
[2026-06-14 16:17:31] [DEBUG] Screen::view() path: \Develop\Views\Console\Console.view finish.
[2026-06-14 16:17:31] [DEBUG] ConsoleController::initialAction() finish.
[2026-06-14 16:17:31] [DEBUG] --- wwProject System Start ---
[2026-06-14 16:17:31] [DEBUG] Router::Router() /jemini/wwProjectV1.15/Develop/Console/ServerBridgeAction/
[2026-06-14 16:17:31] [DEBUG] Attempting to load: \Develop\Controllers\ConsoleController::ServerBridgeAction
[2026-06-14 16:17:31] [DEBUG] Router: Executing \Develop\Controllers\ConsoleController->ServerBridgeAction
[2026-06-14 16:17:31] [DEBUG] ConsoleController::ServerBridge() start...
[2026-06-14 16:17:31] [DEBUG] ConsoleController::ServerBridge() \Develop\Controllers\ConsoleController::areaInitialAction()
[2026-06-14 16:17:31] [DEBUG] ConsoleController::AreaInitialAction() start...
[2026-06-14 16:17:31] [DEBUG] Screen::updateAreaA() path: \Develop\Views\AreaA\Area_A.view start...
[2026-06-14 16:17:31] [DEBUG] Screen::areaView() sending JSON: ["areas"]
[2026-06-14 16:17:31] [DEBUG] Screen::getContents() start...
[2026-06-14 16:17:31] [DEBUG] Screen::getContents() finish.
[2026-06-14 16:17:31] [DEBUG] Screen::updateAreaA() finish.
[2026-06-14 16:17:31] [DEBUG] Screen::updateAreaB() path: \Develop\Views\AreaB\Area_B.view start...
[2026-06-14 16:17:31] [DEBUG] Screen::getContents() start...
[2026-06-14 16:17:31] [DEBUG] Screen::getContents() finish.
[2026-06-14 16:17:31] [DEBUG] Screen::updateAreaB() finish.
[2026-06-14 16:17:31] [DEBUG] Screen::updateAreaD() path: \Develop\Views\AreaD\Area_D_clear.view start...
[2026-06-14 16:17:31] [DEBUG] Screen::getContents() start...
[2026-06-14 16:17:31] [DEBUG] Screen::getContents() finish.
[2026-06-14 16:17:31] [DEBUG] Screen::updateAreaD() finish.
[2026-06-14 16:17:31] [DEBUG] Screen::updateAreaE() [iframe起動版] path: \Develop\Views\AreaE\Area_E_clear.view start...
[2026-06-14 16:17:31] [DEBUG] Screen::getContents() start...
[2026-06-14 16:17:31] [DEBUG] Screen::getContents() finish.
[2026-06-14 16:17:31] [DEBUG] Screen::updateAreaE() finish.
[2026-06-14 16:17:31] [DEBUG] Screen::updateAreaF() path: \Develop\Views\AreaF\Area_F.view start...
[2026-06-14 16:17:31] [DEBUG] Screen::getContents() start...
[2026-06-14 16:17:31] [DEBUG] Screen::getContents() finish.
[2026-06-14 16:17:31] [DEBUG] Screen::updateAreaF() finish.
[2026-06-14 16:17:31] [DEBUG] ProjectController::startProjectNabi() start...
[2026-06-14 16:17:31] [DEBUG] ProjectController::getProjectListHtml() start...
[2026-06-14 16:17:31] [DEBUG] ProjectModel::getProjectList() start...
[2026-06-14 16:17:31] [DEBUG] ProjectModel::getProjectList() finish.
[2026-06-14 16:17:31] [DEBUG] CodeMasterModel：：getCodesByGroup() start...
[2026-06-14 16:17:31] [DEBUG] CodeMasterModel：：getCodesByGroup() finish.
[2026-06-14 16:17:31] [DEBUG] ProjectController::getNaviFooterHtml() start...
[2026-06-14 16:17:31] [DEBUG] ProjectController::getNaviFooterHtml() finish.
[2026-06-14 16:17:31] [DEBUG] ProjectController::startProjectNabi() finish.
[2026-06-14 16:17:31] [DEBUG] Screen::updateAreaC() \Develop\Views\AreaC\Area_C.view start...
[2026-06-14 16:17:31] [DEBUG] Screen::getContents() start...
[2026-06-14 16:17:31] [DEBUG] Screen::getContents() finish.
[2026-06-14 16:17:31] [DEBUG] Screen::updateAreaC() finish.
[2026-06-14 16:17:31] [DEBUG] ConsoleController::AreaInitialAction() finish.
[2026-06-14 16:17:31] [DEBUG] Screen::areaView() start...
[2026-06-14 16:17:31] [DEBUG] Screen::areaView() finish.
[2026-06-14 16:17:32] [DEBUG] --- wwProject System Start ---
[2026-06-14 16:17:32] [DEBUG] Router::Router() /jemini/wwProjectV1.15/Develop/Console/ServerBridgeAction/
[2026-06-14 16:17:32] [DEBUG] Attempting to load: \Develop\Controllers\ConsoleController::ServerBridgeAction
[2026-06-14 16:17:32] [DEBUG] Router: Executing \Develop\Controllers\ConsoleController->ServerBridgeAction
[2026-06-14 16:17:32] [DEBUG] ConsoleController::ServerBridge() start...
[2026-06-14 16:17:32] [DEBUG] ConsoleController::ServerBridge() \Develop\Controllers\ProjectController::projectSelectAction()
[2026-06-14 16:17:32] [DEBUG] ProjectController::projectSelectAction() start...
[2026-06-14 16:17:32] [DEBUG] ProjectController::projectSelectAction() ☆★☆　SampleProject１
[2026-06-14 16:17:32] [DEBUG] Screen::updateAreaB() path: \Develop\Views\AreaB\Area_B.view start...
[2026-06-14 16:17:32] [DEBUG] Screen::getContents() start...
[2026-06-14 16:17:32] [DEBUG] Screen::getContents() finish.
[2026-06-14 16:17:32] [DEBUG] Screen::updateAreaB() finish.
[2026-06-14 16:17:32] [DEBUG] ProjectController::projectSelectAction() PRJ-D45FEF : PRJ-D45FEF
[2026-06-14 16:17:32] [DEBUG] ProjectController::getProjectListHtml() start...
[2026-06-14 16:17:32] [DEBUG] ProjectModel::getProjectList() start...
[2026-06-14 16:17:32] [DEBUG] ProjectModel::getProjectList() finish.
[2026-06-14 16:17:32] [DEBUG] CodeMasterModel：：getCodesByGroup() start...
[2026-06-14 16:17:32] [DEBUG] CodeMasterModel：：getCodesByGroup() finish.
[2026-06-14 16:17:32] [DEBUG] ProjectController::getNaviFooterHtml() start...
[2026-06-14 16:17:32] [DEBUG] ProjectController::getNaviFooterHtml() finish.
[2026-06-14 16:17:32] [DEBUG] Screen::updateAreaC() \Develop\Views\AreaC\Area_C.view start...
[2026-06-14 16:17:32] [DEBUG] Screen::getContents() start...
[2026-06-14 16:17:32] [DEBUG] Screen::getContents() finish.
[2026-06-14 16:17:32] [DEBUG] Screen::updateAreaC() finish.
[2026-06-14 16:17:32] [DEBUG] Screen::updateAreaD() path: \Develop\Views\AreaD\Area_D_clear.view start...
[2026-06-14 16:17:32] [DEBUG] Screen::getContents() start...
[2026-06-14 16:17:32] [DEBUG] Screen::getContents() finish.
[2026-06-14 16:17:32] [DEBUG] Screen::updateAreaD() finish.
[2026-06-14 16:17:32] [DEBUG] Screen::updateAreaE() [iframe起動版] path: \Develop\Views\AreaE\Area_E_clear.view start...
[2026-06-14 16:17:32] [DEBUG] Screen::getContents() start...
[2026-06-14 16:17:32] [DEBUG] Screen::getContents() finish.
[2026-06-14 16:17:32] [DEBUG] Screen::updateAreaE() finish.
[2026-06-14 16:17:32] [DEBUG] ProjectController::projectSelectAction() finish.
[2026-06-14 16:17:32] [DEBUG] Screen::areaView() start...
[2026-06-14 16:17:32] [DEBUG] Screen::areaView() finish.
[2026-06-14 16:17:33] [DEBUG] --- wwProject System Start ---
[2026-06-14 16:17:33] [DEBUG] Router::Router() /jemini/wwProjectV1.15/Develop/Console/ServerBridgeAction/
[2026-06-14 16:17:33] [DEBUG] Attempting to load: \Develop\Controllers\ConsoleController::ServerBridgeAction
[2026-06-14 16:17:33] [DEBUG] Router: Executing \Develop\Controllers\ConsoleController->ServerBridgeAction
[2026-06-14 16:17:33] [DEBUG] ConsoleController::ServerBridge() start...
[2026-06-14 16:17:33] [DEBUG] ConsoleController::ServerBridge() \Develop\Controllers\ProjectDefinitionController::initialAction()
[2026-06-14 16:17:33] [DEBUG] ProjectDefinitionController::initialAction() start...
[2026-06-14 16:17:33] [DEBUG] ProjectModel::getProjectList() start...
[2026-06-14 16:17:33] [DEBUG] ProjectModel::getProjectList() finish.
[2026-06-14 16:17:33] [DEBUG] Screen::updateAreaD() path: \Develop\Views\AreaD\ProjectDefinition\ProjectDefinitionList.view start...
[2026-06-14 16:17:33] [DEBUG] Screen::getContents() start...
[2026-06-14 16:17:33] [DEBUG] Screen::getContents() finish.
[2026-06-14 16:17:33] [DEBUG] Screen::updateAreaD() finish.
[2026-06-14 16:17:33] [DEBUG] ProjectDefinitionController::initialAction() finish.
[2026-06-14 16:17:33] [DEBUG] Screen::areaView() start...
[2026-06-14 16:17:33] [DEBUG] Screen::areaView() finish.
[2026-06-14 16:17:35] [DEBUG] --- wwProject System Start ---
[2026-06-14 16:17:35] [DEBUG] Router::Router() /jemini/wwProjectV1.15/Develop/Console/ServerBridgeAction/
[2026-06-14 16:17:35] [DEBUG] Attempting to load: \Develop\Controllers\ConsoleController::ServerBridgeAction
[2026-06-14 16:17:35] [DEBUG] Router: Executing \Develop\Controllers\ConsoleController->ServerBridgeAction
[2026-06-14 16:17:35] [DEBUG] ConsoleController::ServerBridge() start...
[2026-06-14 16:17:35] [DEBUG] ConsoleController::ServerBridge() \Develop\Controllers\ProjectDefinitionController::projectDetailAction()
[2026-06-14 16:17:35] [DEBUG] ProjectDefinitionController::projectDetailAction() start...
[2026-06-14 16:17:35] [DEBUG] ProjectModel::getProjectById() start... ProjectID: PRJ-W613KU
[2026-06-14 16:17:35] [DEBUG] Screen::updateAreaE() [iframe起動版] path: \Develop\Views\AreaE\ProjectDefinition\ProjectDefinitionEdit.view start...
[2026-06-14 16:17:35] [DEBUG] Screen::getContents() start...
[2026-06-14 16:17:35] [DEBUG] Screen::getContents() finish.
[2026-06-14 16:17:35] [DEBUG] Screen::updateAreaE() finish.
[2026-06-14 16:17:35] [DEBUG] ProjectDefinitionController::projectDetailAction() finish.
[2026-06-14 16:17:35] [DEBUG] Screen::areaView() start...
[2026-06-14 16:17:35] [DEBUG] Screen::areaView() finish.
[2026-06-14 16:20:49] [DEBUG] --- wwProject System Start ---
[2026-06-14 16:20:49] [DEBUG] Router::Router() /jemini/wwProjectV1.15/develop/
[2026-06-14 16:20:49] [DEBUG] Attempting to load: \Develop\Controllers\LoginController::initialAction
[2026-06-14 16:20:49] [DEBUG] Router: Executing \Develop\Controllers\LoginController->initialAction
[2026-06-14 16:20:49] [DEBUG] Login::initialAction() start...
[2026-06-14 16:20:49] [DEBUG] Login::initialAction() errorMessage : 
[2026-06-14 16:20:49] [DEBUG] Screen::view() path: \Develop\Views\Login\Login.view start...
[2026-06-14 16:20:49] [DEBUG] Screen::getContents() start...
[2026-06-14 16:20:49] [DEBUG] Screen::getContents() finish.
[2026-06-14 16:20:49] [DEBUG] Screen::view() path: \Develop\Views\Login\Login.view finish.
[2026-06-14 16:20:49] [DEBUG] Login::initialAction() finish.
[2026-06-14 16:20:54] [DEBUG] --- wwProject System Start ---
[2026-06-14 16:20:54] [DEBUG] Router::Router() /jemini/wwProjectV1.15/Develop/Login/authentication/
[2026-06-14 16:20:54] [DEBUG] Attempting to load: \Develop\Controllers\LoginController::authenticationAction
[2026-06-14 16:20:54] [DEBUG] Router: Executing \Develop\Controllers\LoginController->authenticationAction
[2026-06-14 16:20:54] [DEBUG] Login::AuthenticationAction() start...
[2026-06-14 16:20:54] [DEBUG] Login OK - x
[2026-06-14 16:20:54] [DEBUG] Session::start()
[2026-06-14 16:20:54] [DEBUG] Redirect to Console::initialAction()
[2026-06-14 16:20:54] [DEBUG] --- wwProject System Start ---
[2026-06-14 16:20:54] [DEBUG] Router::Router() /jemini/wwProjectV1.15/Develop/Console/initial/
[2026-06-14 16:20:54] [DEBUG] Attempting to load: \Develop\Controllers\ConsoleController::initialAction
[2026-06-14 16:20:54] [DEBUG] Router: Executing \Develop\Controllers\ConsoleController->initialAction
[2026-06-14 16:20:54] [DEBUG] Console::initialAction() start...
[2026-06-14 16:20:54] [DEBUG] Screen::view() path: \Develop\Views\Console\Console.view start...
[2026-06-14 16:20:54] [DEBUG] Screen::getContents() start...
[2026-06-14 16:20:54] [DEBUG] Screen::getContents() finish.
[2026-06-14 16:20:54] [DEBUG] Screen::view() path: \Develop\Views\Console\Console.view finish.
[2026-06-14 16:20:54] [DEBUG] ConsoleController::initialAction() finish.
[2026-06-14 16:20:54] [DEBUG] --- wwProject System Start ---
[2026-06-14 16:20:54] [DEBUG] Router::Router() /jemini/wwProjectV1.15/Develop/Console/ServerBridgeAction/
[2026-06-14 16:20:54] [DEBUG] Attempting to load: \Develop\Controllers\ConsoleController::ServerBridgeAction
[2026-06-14 16:20:54] [DEBUG] Router: Executing \Develop\Controllers\ConsoleController->ServerBridgeAction
[2026-06-14 16:20:54] [DEBUG] ConsoleController::ServerBridge() start...
[2026-06-14 16:20:54] [DEBUG] ConsoleController::ServerBridge() \Develop\Controllers\ConsoleController::areaInitialAction()
[2026-06-14 16:20:54] [DEBUG] ConsoleController::AreaInitialAction() start...
[2026-06-14 16:20:54] [DEBUG] Screen::updateAreaA() path: \Develop\Views\AreaA\Area_A.view start...
[2026-06-14 16:20:54] [DEBUG] Screen::areaView() sending JSON: ["areas"]
[2026-06-14 16:20:54] [DEBUG] Screen::getContents() start...
[2026-06-14 16:20:54] [DEBUG] Screen::getContents() finish.
[2026-06-14 16:20:54] [DEBUG] Screen::updateAreaA() finish.
[2026-06-14 16:20:54] [DEBUG] Screen::updateAreaB() path: \Develop\Views\AreaB\Area_B.view start...
[2026-06-14 16:20:54] [DEBUG] Screen::getContents() start...
[2026-06-14 16:20:54] [DEBUG] Screen::getContents() finish.
[2026-06-14 16:20:54] [DEBUG] Screen::updateAreaB() finish.
[2026-06-14 16:20:54] [DEBUG] Screen::updateAreaD() path: \Develop\Views\AreaD\Area_D_clear.view start...
[2026-06-14 16:20:54] [DEBUG] Screen::getContents() start...
[2026-06-14 16:20:54] [DEBUG] Screen::getContents() finish.
[2026-06-14 16:20:54] [DEBUG] Screen::updateAreaD() finish.
[2026-06-14 16:20:54] [DEBUG] Screen::updateAreaE() [iframe起動版] path: \Develop\Views\AreaE\Area_E_clear.view start...
[2026-06-14 16:20:54] [DEBUG] Screen::getContents() start...
[2026-06-14 16:20:54] [DEBUG] Screen::getContents() finish.
[2026-06-14 16:20:54] [DEBUG] Screen::updateAreaE() finish.
[2026-06-14 16:20:54] [DEBUG] Screen::updateAreaF() path: \Develop\Views\AreaF\Area_F.view start...
[2026-06-14 16:20:54] [DEBUG] Screen::getContents() start...
[2026-06-14 16:20:54] [DEBUG] Screen::getContents() finish.
[2026-06-14 16:20:54] [DEBUG] Screen::updateAreaF() finish.
[2026-06-14 16:20:54] [DEBUG] ProjectController::startProjectNabi() start...
[2026-06-14 16:20:54] [DEBUG] ProjectController::getProjectListHtml() start...
[2026-06-14 16:20:54] [DEBUG] ProjectModel::getProjectList() start...
[2026-06-14 16:20:54] [DEBUG] ProjectModel::getProjectList() finish.
[2026-06-14 16:20:54] [DEBUG] CodeMasterModel：：getCodesByGroup() start...
[2026-06-14 16:20:54] [DEBUG] CodeMasterModel：：getCodesByGroup() finish.
[2026-06-14 16:20:54] [DEBUG] ProjectController::getNaviFooterHtml() start...
[2026-06-14 16:20:54] [DEBUG] ProjectController::getNaviFooterHtml() finish.
[2026-06-14 16:20:54] [DEBUG] ProjectController::startProjectNabi() finish.
[2026-06-14 16:20:54] [DEBUG] Screen::updateAreaC() \Develop\Views\AreaC\Area_C.view start...
[2026-06-14 16:20:54] [DEBUG] Screen::getContents() start...
[2026-06-14 16:20:54] [DEBUG] Screen::getContents() finish.
[2026-06-14 16:20:54] [DEBUG] Screen::updateAreaC() finish.
[2026-06-14 16:20:54] [DEBUG] ConsoleController::AreaInitialAction() finish.
[2026-06-14 16:20:54] [DEBUG] Screen::areaView() start...
[2026-06-14 16:20:54] [DEBUG] Screen::areaView() finish.
[2026-06-14 16:20:55] [DEBUG] --- wwProject System Start ---
[2026-06-14 16:20:55] [DEBUG] Router::Router() /jemini/wwProjectV1.15/Develop/Console/ServerBridgeAction/
[2026-06-14 16:20:55] [DEBUG] Attempting to load: \Develop\Controllers\ConsoleController::ServerBridgeAction
[2026-06-14 16:20:55] [DEBUG] Router: Executing \Develop\Controllers\ConsoleController->ServerBridgeAction
[2026-06-14 16:20:55] [DEBUG] ConsoleController::ServerBridge() start...
[2026-06-14 16:20:55] [DEBUG] ConsoleController::ServerBridge() \Develop\Controllers\ProjectController::projectSelectAction()
[2026-06-14 16:20:55] [DEBUG] ProjectController::projectSelectAction() start...
[2026-06-14 16:20:55] [DEBUG] ProjectController::projectSelectAction() ☆★☆　SampleProject１
[2026-06-14 16:20:55] [DEBUG] Screen::updateAreaB() path: \Develop\Views\AreaB\Area_B.view start...
[2026-06-14 16:20:55] [DEBUG] Screen::getContents() start...
[2026-06-14 16:20:55] [DEBUG] Screen::getContents() finish.
[2026-06-14 16:20:55] [DEBUG] Screen::updateAreaB() finish.
[2026-06-14 16:20:55] [DEBUG] ProjectController::projectSelectAction() PRJ-D45FEF : PRJ-D45FEF
[2026-06-14 16:20:55] [DEBUG] ProjectController::getProjectListHtml() start...
[2026-06-14 16:20:55] [DEBUG] ProjectModel::getProjectList() start...
[2026-06-14 16:20:55] [DEBUG] ProjectModel::getProjectList() finish.
[2026-06-14 16:20:55] [DEBUG] CodeMasterModel：：getCodesByGroup() start...
[2026-06-14 16:20:55] [DEBUG] CodeMasterModel：：getCodesByGroup() finish.
[2026-06-14 16:20:55] [DEBUG] ProjectController::getNaviFooterHtml() start...
[2026-06-14 16:20:55] [DEBUG] ProjectController::getNaviFooterHtml() finish.
[2026-06-14 16:20:55] [DEBUG] Screen::updateAreaC() \Develop\Views\AreaC\Area_C.view start...
[2026-06-14 16:20:55] [DEBUG] Screen::getContents() start...
[2026-06-14 16:20:55] [DEBUG] Screen::getContents() finish.
[2026-06-14 16:20:55] [DEBUG] Screen::updateAreaC() finish.
[2026-06-14 16:20:55] [DEBUG] Screen::updateAreaD() path: \Develop\Views\AreaD\Area_D_clear.view start...
[2026-06-14 16:20:55] [DEBUG] Screen::getContents() start...
[2026-06-14 16:20:55] [DEBUG] Screen::getContents() finish.
[2026-06-14 16:20:55] [DEBUG] Screen::updateAreaD() finish.
[2026-06-14 16:20:55] [DEBUG] Screen::updateAreaE() [iframe起動版] path: \Develop\Views\AreaE\Area_E_clear.view start...
[2026-06-14 16:20:55] [DEBUG] Screen::getContents() start...
[2026-06-14 16:20:55] [DEBUG] Screen::getContents() finish.
[2026-06-14 16:20:55] [DEBUG] Screen::updateAreaE() finish.
[2026-06-14 16:20:55] [DEBUG] ProjectController::projectSelectAction() finish.
[2026-06-14 16:20:55] [DEBUG] Screen::areaView() start...
[2026-06-14 16:20:55] [DEBUG] Screen::areaView() finish.
[2026-06-14 16:20:56] [DEBUG] --- wwProject System Start ---
[2026-06-14 16:20:56] [DEBUG] Router::Router() /jemini/wwProjectV1.15/Develop/Console/ServerBridgeAction/
[2026-06-14 16:20:56] [DEBUG] Attempting to load: \Develop\Controllers\ConsoleController::ServerBridgeAction
[2026-06-14 16:20:56] [DEBUG] Router: Executing \Develop\Controllers\ConsoleController->ServerBridgeAction
[2026-06-14 16:20:56] [DEBUG] ConsoleController::ServerBridge() start...
[2026-06-14 16:20:56] [DEBUG] ConsoleController::ServerBridge() \Develop\Controllers\ProjectDefinitionController::initialAction()
[2026-06-14 16:20:56] [DEBUG] ProjectDefinitionController::initialAction() start...
[2026-06-14 16:20:56] [DEBUG] ProjectModel::getProjectList() start...
[2026-06-14 16:20:56] [DEBUG] ProjectModel::getProjectList() finish.
[2026-06-14 16:20:56] [DEBUG] Screen::updateAreaD() path: \Develop\Views\AreaD\ProjectDefinition\ProjectDefinitionList.view start...
[2026-06-14 16:20:56] [DEBUG] Screen::getContents() start...
[2026-06-14 16:20:56] [DEBUG] Screen::getContents() finish.
[2026-06-14 16:20:56] [DEBUG] Screen::updateAreaD() finish.
[2026-06-14 16:20:56] [DEBUG] ProjectDefinitionController::initialAction() finish.
[2026-06-14 16:20:56] [DEBUG] Screen::areaView() start...
[2026-06-14 16:20:56] [DEBUG] Screen::areaView() finish.
[2026-06-14 16:20:57] [DEBUG] --- wwProject System Start ---
[2026-06-14 16:20:57] [DEBUG] Router::Router() /jemini/wwProjectV1.15/Develop/Console/ServerBridgeAction/
[2026-06-14 16:20:57] [DEBUG] Attempting to load: \Develop\Controllers\ConsoleController::ServerBridgeAction
[2026-06-14 16:20:57] [DEBUG] Router: Executing \Develop\Controllers\ConsoleController->ServerBridgeAction
[2026-06-14 16:20:57] [DEBUG] ConsoleController::ServerBridge() start...
[2026-06-14 16:20:57] [DEBUG] ConsoleController::ServerBridge() \Develop\Controllers\ProjectDefinitionController::projectDetailAction()
[2026-06-14 16:20:57] [DEBUG] ProjectDefinitionController::projectDetailAction() start...
[2026-06-14 16:20:57] [DEBUG] ProjectModel::getProjectById() start... ProjectID: PRJ-W613KU
[2026-06-14 16:20:57] [DEBUG] Screen::updateAreaE() [iframe起動版] path: \Develop\Views\AreaE\ProjectDefinition\ProjectDefinitionEdit.view start...
[2026-06-14 16:20:57] [DEBUG] Screen::getContents() start...
[2026-06-14 16:20:58] [DEBUG] Screen::getContents() finish.
[2026-06-14 16:20:58] [DEBUG] Screen::updateAreaE() finish.
[2026-06-14 16:20:58] [DEBUG] ProjectDefinitionController::projectDetailAction() finish.
[2026-06-14 16:20:58] [DEBUG] Screen::areaView() start...
[2026-06-14 16:20:58] [DEBUG] Screen::areaView() finish.
[2026-06-14 16:21:19] [DEBUG] --- wwProject System Start ---
[2026-06-14 16:21:19] [DEBUG] Router::Router() /jemini/wwProjectV1.15/Develop/Console/ServerBridgeAction/
[2026-06-14 16:21:19] [DEBUG] Attempting to load: \Develop\Controllers\ConsoleController::ServerBridgeAction
[2026-06-14 16:21:19] [DEBUG] Router: Executing \Develop\Controllers\ConsoleController->ServerBridgeAction
[2026-06-14 16:21:19] [DEBUG] ConsoleController::ServerBridge() start...
[2026-06-14 16:21:19] [DEBUG] ConsoleController::ServerBridge() \Develop\Controllers\ProjectDefinitionController::projectDetailAction()
[2026-06-14 16:21:19] [DEBUG] ProjectDefinitionController::projectDetailAction() start...
[2026-06-14 16:21:19] [DEBUG] ProjectModel::getProjectById() start... ProjectID: PRJ-E613KU
[2026-06-14 16:21:19] [DEBUG] Screen::updateAreaE() [iframe起動版] path: \Develop\Views\AreaE\ProjectDefinition\ProjectDefinitionEdit.view start...
[2026-06-14 16:21:19] [DEBUG] Screen::getContents() start...
[2026-06-14 16:21:19] [DEBUG] Screen::getContents() finish.
[2026-06-14 16:21:19] [DEBUG] Screen::updateAreaE() finish.
[2026-06-14 16:21:19] [DEBUG] ProjectDefinitionController::projectDetailAction() finish.
[2026-06-14 16:21:19] [DEBUG] Screen::areaView() start...
[2026-06-14 16:21:19] [DEBUG] Screen::areaView() finish.
[2026-06-14 16:23:10] [DEBUG] --- wwProject System Start ---
[2026-06-14 16:23:10] [DEBUG] Router::Router() /jemini/wwProjectV1.15/develop/
[2026-06-14 16:23:10] [DEBUG] Attempting to load: \Develop\Controllers\LoginController::initialAction
[2026-06-14 16:23:10] [DEBUG] Router: Executing \Develop\Controllers\LoginController->initialAction
[2026-06-14 16:23:10] [DEBUG] Login::initialAction() start...
[2026-06-14 16:23:10] [DEBUG] Login::initialAction() errorMessage : 
[2026-06-14 16:23:10] [DEBUG] Screen::view() path: \Develop\Views\Login\Login.view start...
[2026-06-14 16:23:10] [DEBUG] Screen::getContents() start...
[2026-06-14 16:23:10] [DEBUG] Screen::getContents() finish.
[2026-06-14 16:23:10] [DEBUG] Screen::view() path: \Develop\Views\Login\Login.view finish.
[2026-06-14 16:23:10] [DEBUG] Login::initialAction() finish.
[2026-06-14 16:23:18] [DEBUG] --- wwProject System Start ---
[2026-06-14 16:23:18] [DEBUG] Router::Router() /jemini/wwProjectV1.15/Develop/Login/authentication/
[2026-06-14 16:23:18] [DEBUG] Attempting to load: \Develop\Controllers\LoginController::authenticationAction
[2026-06-14 16:23:18] [DEBUG] Router: Executing \Develop\Controllers\LoginController->authenticationAction
[2026-06-14 16:23:18] [DEBUG] Login::AuthenticationAction() start...
[2026-06-14 16:23:18] [DEBUG] Login OK - x
[2026-06-14 16:23:18] [DEBUG] Session::start()
[2026-06-14 16:23:18] [DEBUG] Redirect to Console::initialAction()
[2026-06-14 16:23:18] [DEBUG] --- wwProject System Start ---
[2026-06-14 16:23:18] [DEBUG] Router::Router() /jemini/wwProjectV1.15/Develop/Console/initial/
[2026-06-14 16:23:18] [DEBUG] Attempting to load: \Develop\Controllers\ConsoleController::initialAction
[2026-06-14 16:23:18] [DEBUG] Router: Executing \Develop\Controllers\ConsoleController->initialAction
[2026-06-14 16:23:18] [DEBUG] Console::initialAction() start...
[2026-06-14 16:23:18] [DEBUG] Screen::view() path: \Develop\Views\Console\Console.view start...
[2026-06-14 16:23:18] [DEBUG] Screen::getContents() start...
[2026-06-14 16:23:18] [DEBUG] Screen::getContents() finish.
[2026-06-14 16:23:18] [DEBUG] Screen::view() path: \Develop\Views\Console\Console.view finish.
[2026-06-14 16:23:18] [DEBUG] ConsoleController::initialAction() finish.
[2026-06-14 16:23:18] [DEBUG] --- wwProject System Start ---
[2026-06-14 16:23:18] [DEBUG] Router::Router() /jemini/wwProjectV1.15/Develop/Console/ServerBridgeAction/
[2026-06-14 16:23:18] [DEBUG] Attempting to load: \Develop\Controllers\ConsoleController::ServerBridgeAction
[2026-06-14 16:23:18] [DEBUG] Router: Executing \Develop\Controllers\ConsoleController->ServerBridgeAction
[2026-06-14 16:23:18] [DEBUG] ConsoleController::ServerBridge() start...
[2026-06-14 16:23:18] [DEBUG] ConsoleController::ServerBridge() \Develop\Controllers\ConsoleController::areaInitialAction()
[2026-06-14 16:23:18] [DEBUG] ConsoleController::AreaInitialAction() start...
[2026-06-14 16:23:18] [DEBUG] Screen::updateAreaA() path: \Develop\Views\AreaA\Area_A.view start...
[2026-06-14 16:23:18] [DEBUG] Screen::areaView() sending JSON: ["areas"]
[2026-06-14 16:23:18] [DEBUG] Screen::getContents() start...
[2026-06-14 16:23:18] [DEBUG] Screen::getContents() finish.
[2026-06-14 16:23:18] [DEBUG] Screen::updateAreaA() finish.
[2026-06-14 16:23:18] [DEBUG] Screen::updateAreaB() path: \Develop\Views\AreaB\Area_B.view start...
[2026-06-14 16:23:18] [DEBUG] Screen::getContents() start...
[2026-06-14 16:23:18] [DEBUG] Screen::getContents() finish.
[2026-06-14 16:23:18] [DEBUG] Screen::updateAreaB() finish.
[2026-06-14 16:23:18] [DEBUG] Screen::updateAreaD() path: \Develop\Views\AreaD\Area_D_clear.view start...
[2026-06-14 16:23:18] [DEBUG] Screen::getContents() start...
[2026-06-14 16:23:18] [DEBUG] Screen::getContents() finish.
[2026-06-14 16:23:18] [DEBUG] Screen::updateAreaD() finish.
[2026-06-14 16:23:18] [DEBUG] Screen::updateAreaE() [iframe起動版] path: \Develop\Views\AreaE\Area_E_clear.view start...
[2026-06-14 16:23:18] [DEBUG] Screen::getContents() start...
[2026-06-14 16:23:18] [DEBUG] Screen::getContents() finish.
[2026-06-14 16:23:18] [DEBUG] Screen::updateAreaE() finish.
[2026-06-14 16:23:18] [DEBUG] Screen::updateAreaF() path: \Develop\Views\AreaF\Area_F.view start...
[2026-06-14 16:23:18] [DEBUG] Screen::getContents() start...
[2026-06-14 16:23:18] [DEBUG] Screen::getContents() finish.
[2026-06-14 16:23:18] [DEBUG] Screen::updateAreaF() finish.
[2026-06-14 16:23:18] [DEBUG] ProjectController::startProjectNabi() start...
[2026-06-14 16:23:18] [DEBUG] ProjectController::getProjectListHtml() start...
[2026-06-14 16:23:18] [DEBUG] ProjectModel::getProjectList() start...
[2026-06-14 16:23:18] [DEBUG] ProjectModel::getProjectList() finish.
[2026-06-14 16:23:18] [DEBUG] CodeMasterModel：：getCodesByGroup() start...
[2026-06-14 16:23:18] [DEBUG] CodeMasterModel：：getCodesByGroup() finish.
[2026-06-14 16:23:18] [DEBUG] ProjectController::getNaviFooterHtml() start...
[2026-06-14 16:23:18] [DEBUG] ProjectController::getNaviFooterHtml() finish.
[2026-06-14 16:23:18] [DEBUG] ProjectController::startProjectNabi() finish.
[2026-06-14 16:23:18] [DEBUG] Screen::updateAreaC() \Develop\Views\AreaC\Area_C.view start...
[2026-06-14 16:23:18] [DEBUG] Screen::getContents() start...
[2026-06-14 16:23:18] [DEBUG] Screen::getContents() finish.
[2026-06-14 16:23:18] [DEBUG] Screen::updateAreaC() finish.
[2026-06-14 16:23:18] [DEBUG] ConsoleController::AreaInitialAction() finish.
[2026-06-14 16:23:18] [DEBUG] Screen::areaView() start...
[2026-06-14 16:23:18] [DEBUG] Screen::areaView() finish.
[2026-06-14 16:23:20] [DEBUG] --- wwProject System Start ---
[2026-06-14 16:23:20] [DEBUG] Router::Router() /jemini/wwProjectV1.15/Develop/Console/ServerBridgeAction/
[2026-06-14 16:23:20] [DEBUG] Attempting to load: \Develop\Controllers\ConsoleController::ServerBridgeAction
[2026-06-14 16:23:20] [DEBUG] Router: Executing \Develop\Controllers\ConsoleController->ServerBridgeAction
[2026-06-14 16:23:20] [DEBUG] ConsoleController::ServerBridge() start...
[2026-06-14 16:23:20] [DEBUG] ConsoleController::ServerBridge() \Develop\Controllers\ProjectController::projectSelectAction()
[2026-06-14 16:23:20] [DEBUG] ProjectController::projectSelectAction() start...
[2026-06-14 16:23:20] [DEBUG] ProjectController::projectSelectAction() ☆★☆　SampleProject１
[2026-06-14 16:23:20] [DEBUG] Screen::updateAreaB() path: \Develop\Views\AreaB\Area_B.view start...
[2026-06-14 16:23:20] [DEBUG] Screen::getContents() start...
[2026-06-14 16:23:20] [DEBUG] Screen::getContents() finish.
[2026-06-14 16:23:20] [DEBUG] Screen::updateAreaB() finish.
[2026-06-14 16:23:20] [DEBUG] ProjectController::projectSelectAction() PRJ-D45FEF : PRJ-D45FEF
[2026-06-14 16:23:20] [DEBUG] ProjectController::getProjectListHtml() start...
[2026-06-14 16:23:20] [DEBUG] ProjectModel::getProjectList() start...
[2026-06-14 16:23:20] [DEBUG] ProjectModel::getProjectList() finish.
[2026-06-14 16:23:20] [DEBUG] CodeMasterModel：：getCodesByGroup() start...
[2026-06-14 16:23:20] [DEBUG] CodeMasterModel：：getCodesByGroup() finish.
[2026-06-14 16:23:20] [DEBUG] ProjectController::getNaviFooterHtml() start...
[2026-06-14 16:23:20] [DEBUG] ProjectController::getNaviFooterHtml() finish.
[2026-06-14 16:23:20] [DEBUG] Screen::updateAreaC() \Develop\Views\AreaC\Area_C.view start...
[2026-06-14 16:23:20] [DEBUG] Screen::getContents() start...
[2026-06-14 16:23:20] [DEBUG] Screen::getContents() finish.
[2026-06-14 16:23:20] [DEBUG] Screen::updateAreaC() finish.
[2026-06-14 16:23:20] [DEBUG] Screen::updateAreaD() path: \Develop\Views\AreaD\Area_D_clear.view start...
[2026-06-14 16:23:20] [DEBUG] Screen::getContents() start...
[2026-06-14 16:23:20] [DEBUG] Screen::getContents() finish.
[2026-06-14 16:23:20] [DEBUG] Screen::updateAreaD() finish.
[2026-06-14 16:23:20] [DEBUG] Screen::updateAreaE() [iframe起動版] path: \Develop\Views\AreaE\Area_E_clear.view start...
[2026-06-14 16:23:20] [DEBUG] Screen::getContents() start...
[2026-06-14 16:23:20] [DEBUG] Screen::getContents() finish.
[2026-06-14 16:23:20] [DEBUG] Screen::updateAreaE() finish.
[2026-06-14 16:23:20] [DEBUG] ProjectController::projectSelectAction() finish.
[2026-06-14 16:23:20] [DEBUG] Screen::areaView() start...
[2026-06-14 16:23:20] [DEBUG] Screen::areaView() finish.
[2026-06-14 16:23:21] [DEBUG] --- wwProject System Start ---
[2026-06-14 16:23:21] [DEBUG] Router::Router() /jemini/wwProjectV1.15/Develop/Console/ServerBridgeAction/
[2026-06-14 16:23:21] [DEBUG] Attempting to load: \Develop\Controllers\ConsoleController::ServerBridgeAction
[2026-06-14 16:23:21] [DEBUG] Router: Executing \Develop\Controllers\ConsoleController->ServerBridgeAction
[2026-06-14 16:23:21] [DEBUG] ConsoleController::ServerBridge() start...
[2026-06-14 16:23:21] [DEBUG] ConsoleController::ServerBridge() \Develop\Controllers\ProjectDefinitionController::initialAction()
[2026-06-14 16:23:21] [DEBUG] ProjectDefinitionController::initialAction() start...
[2026-06-14 16:23:21] [DEBUG] ProjectModel::getProjectList() start...
[2026-06-14 16:23:21] [DEBUG] ProjectModel::getProjectList() finish.
[2026-06-14 16:23:21] [DEBUG] Screen::updateAreaD() path: \Develop\Views\AreaD\ProjectDefinition\ProjectDefinitionList.view start...
[2026-06-14 16:23:21] [DEBUG] Screen::getContents() start...
[2026-06-14 16:23:21] [DEBUG] Screen::getContents() finish.
[2026-06-14 16:23:21] [DEBUG] Screen::updateAreaD() finish.
[2026-06-14 16:23:21] [DEBUG] ProjectDefinitionController::initialAction() finish.
[2026-06-14 16:23:21] [DEBUG] Screen::areaView() start...
[2026-06-14 16:23:21] [DEBUG] Screen::areaView() finish.
[2026-06-14 16:23:22] [DEBUG] --- wwProject System Start ---
[2026-06-14 16:23:22] [DEBUG] Router::Router() /jemini/wwProjectV1.15/Develop/Console/ServerBridgeAction/
[2026-06-14 16:23:22] [DEBUG] Attempting to load: \Develop\Controllers\ConsoleController::ServerBridgeAction
[2026-06-14 16:23:22] [DEBUG] Router: Executing \Develop\Controllers\ConsoleController->ServerBridgeAction
[2026-06-14 16:23:22] [DEBUG] ConsoleController::ServerBridge() start...
[2026-06-14 16:23:22] [DEBUG] ConsoleController::ServerBridge() \Develop\Controllers\ProjectDefinitionController::projectDetailAction()
[2026-06-14 16:23:22] [DEBUG] ProjectDefinitionController::projectDetailAction() start...
[2026-06-14 16:23:22] [DEBUG] ProjectModel::getProjectById() start... ProjectID: PRJ-W613KU
[2026-06-14 16:23:22] [DEBUG] Screen::updateAreaE() [iframe起動版] path: \Develop\Views\AreaE\ProjectDefinition\ProjectDefinitionEdit.view start...
[2026-06-14 16:23:22] [DEBUG] Screen::getContents() start...
[2026-06-14 16:23:22] [DEBUG] Screen::getContents() finish.
[2026-06-14 16:23:22] [DEBUG] Screen::updateAreaE() finish.
[2026-06-14 16:23:22] [DEBUG] ProjectDefinitionController::projectDetailAction() finish.
[2026-06-14 16:23:22] [DEBUG] Screen::areaView() start...
[2026-06-14 16:23:22] [DEBUG] Screen::areaView() finish.
[2026-06-14 16:23:34] [DEBUG] --- wwProject System Start ---
[2026-06-14 16:23:34] [DEBUG] Router::Router() /jemini/wwProjectV1.15/Develop/Console/ServerBridgeAction/
[2026-06-14 16:23:34] [DEBUG] Attempting to load: \Develop\Controllers\ConsoleController::ServerBridgeAction
[2026-06-14 16:23:34] [DEBUG] Router: Executing \Develop\Controllers\ConsoleController->ServerBridgeAction
[2026-06-14 16:23:34] [DEBUG] ConsoleController::ServerBridge() start...
[2026-06-14 16:23:34] [DEBUG] ConsoleController::ServerBridge() \Develop\Controllers\ProjectDefinitionController::cancelEditAction()
[2026-06-14 16:23:34] [DEBUG] ProjectDefinitionController::cancelEdit() start...
[2026-06-14 16:23:34] [DEBUG] Screen::updateAreaE() [iframe起動版] path: \Develop\Views\AreaE\Area_E_clear.view start...
[2026-06-14 16:23:34] [DEBUG] Screen::getContents() start...
[2026-06-14 16:23:34] [DEBUG] Screen::getContents() finish.
[2026-06-14 16:23:34] [DEBUG] Screen::updateAreaE() finish.
[2026-06-14 16:23:34] [DEBUG] ProjectDefinitionController::cancelEdit() finish.
[2026-06-14 16:23:34] [DEBUG] Screen::areaView() start...
[2026-06-14 16:23:34] [DEBUG] Screen::areaView() finish.
[2026-06-14 16:23:36] [DEBUG] --- wwProject System Start ---
[2026-06-14 16:23:36] [DEBUG] Router::Router() /jemini/wwProjectV1.15/Develop/Console/ServerBridgeAction/
[2026-06-14 16:23:36] [DEBUG] Attempting to load: \Develop\Controllers\ConsoleController::ServerBridgeAction
[2026-06-14 16:23:36] [DEBUG] Router: Executing \Develop\Controllers\ConsoleController->ServerBridgeAction
[2026-06-14 16:23:36] [DEBUG] ConsoleController::ServerBridge() start...
[2026-06-14 16:23:36] [DEBUG] ConsoleController::ServerBridge() \Develop\Controllers\ProjectDefinitionController::projectDetailAction()
[2026-06-14 16:23:36] [DEBUG] ProjectDefinitionController::projectDetailAction() start...
[2026-06-14 16:23:36] [DEBUG] ProjectModel::getProjectById() start... ProjectID: PRJ-E613KU
[2026-06-14 16:23:36] [DEBUG] Screen::updateAreaE() [iframe起動版] path: \Develop\Views\AreaE\ProjectDefinition\ProjectDefinitionEdit.view start...
[2026-06-14 16:23:36] [DEBUG] Screen::getContents() start...
[2026-06-14 16:23:36] [DEBUG] Screen::getContents() finish.
[2026-06-14 16:23:36] [DEBUG] Screen::updateAreaE() finish.
[2026-06-14 16:23:36] [DEBUG] ProjectDefinitionController::projectDetailAction() finish.
[2026-06-14 16:23:36] [DEBUG] Screen::areaView() start...
[2026-06-14 16:23:36] [DEBUG] Screen::areaView() finish.
[2026-06-14 16:24:14] [DEBUG] --- wwProject System Start ---
[2026-06-14 16:24:14] [DEBUG] Router::Router() /jemini/wwProjectV1.15/Develop/Console/ServerBridgeAction/
[2026-06-14 16:24:14] [DEBUG] Attempting to load: \Develop\Controllers\ConsoleController::ServerBridgeAction
[2026-06-14 16:24:14] [DEBUG] Router: Executing \Develop\Controllers\ConsoleController->ServerBridgeAction
[2026-06-14 16:24:14] [DEBUG] ConsoleController::ServerBridge() start...
[2026-06-14 16:24:14] [DEBUG] ConsoleController::ServerBridge() \Develop\Controllers\ProjectDefinitionController::initialAction()
[2026-06-14 16:24:14] [DEBUG] ProjectDefinitionController::initialAction() start...
[2026-06-14 16:24:14] [DEBUG] ProjectModel::getProjectList() start...
[2026-06-14 16:24:14] [DEBUG] ProjectModel::getProjectList() finish.
[2026-06-14 16:24:14] [DEBUG] Screen::updateAreaD() path: \Develop\Views\AreaD\ProjectDefinition\ProjectDefinitionList.view start...
[2026-06-14 16:24:14] [DEBUG] Screen::getContents() start...
[2026-06-14 16:24:14] [DEBUG] Screen::getContents() finish.
[2026-06-14 16:24:14] [DEBUG] Screen::updateAreaD() finish.
[2026-06-14 16:24:14] [DEBUG] ProjectDefinitionController::initialAction() finish.
[2026-06-14 16:24:14] [DEBUG] Screen::areaView() start...
[2026-06-14 16:24:14] [DEBUG] Screen::areaView() finish.
[2026-06-14 16:24:16] [DEBUG] --- wwProject System Start ---
[2026-06-14 16:24:16] [DEBUG] Router::Router() /jemini/wwProjectV1.15/develop/
[2026-06-14 16:24:16] [DEBUG] Attempting to load: \Develop\Controllers\LoginController::initialAction
[2026-06-14 16:24:16] [DEBUG] Router: Executing \Develop\Controllers\LoginController->initialAction
[2026-06-14 16:24:16] [DEBUG] Login::initialAction() start...
[2026-06-14 16:24:16] [DEBUG] Login::initialAction() errorMessage : 
[2026-06-14 16:24:16] [DEBUG] Screen::view() path: \Develop\Views\Login\Login.view start...
[2026-06-14 16:24:16] [DEBUG] Screen::getContents() start...
[2026-06-14 16:24:16] [DEBUG] Screen::getContents() finish.
[2026-06-14 16:24:16] [DEBUG] Screen::view() path: \Develop\Views\Login\Login.view finish.
[2026-06-14 16:24:16] [DEBUG] Login::initialAction() finish.
[2026-06-14 16:24:18] [DEBUG] --- wwProject System Start ---
[2026-06-14 16:24:18] [DEBUG] Router::Router() /jemini/wwProjectV1.15/Develop/Login/authentication/
[2026-06-14 16:24:18] [DEBUG] Attempting to load: \Develop\Controllers\LoginController::authenticationAction
[2026-06-14 16:24:18] [DEBUG] Router: Executing \Develop\Controllers\LoginController->authenticationAction
[2026-06-14 16:24:18] [DEBUG] Login::AuthenticationAction() start...
[2026-06-14 16:24:18] [DEBUG] Login OK - x
[2026-06-14 16:24:18] [DEBUG] Session::start()
[2026-06-14 16:24:18] [DEBUG] Redirect to Console::initialAction()
[2026-06-14 16:24:18] [DEBUG] --- wwProject System Start ---
[2026-06-14 16:24:18] [DEBUG] Router::Router() /jemini/wwProjectV1.15/Develop/Console/initial/
[2026-06-14 16:24:18] [DEBUG] Attempting to load: \Develop\Controllers\ConsoleController::initialAction
[2026-06-14 16:24:18] [DEBUG] Router: Executing \Develop\Controllers\ConsoleController->initialAction
[2026-06-14 16:24:18] [DEBUG] Console::initialAction() start...
[2026-06-14 16:24:18] [DEBUG] Screen::view() path: \Develop\Views\Console\Console.view start...
[2026-06-14 16:24:18] [DEBUG] Screen::getContents() start...
[2026-06-14 16:24:18] [DEBUG] Screen::getContents() finish.
[2026-06-14 16:24:18] [DEBUG] Screen::view() path: \Develop\Views\Console\Console.view finish.
[2026-06-14 16:24:18] [DEBUG] ConsoleController::initialAction() finish.
[2026-06-14 16:24:18] [DEBUG] --- wwProject System Start ---
[2026-06-14 16:24:18] [DEBUG] Router::Router() /jemini/wwProjectV1.15/Develop/Console/ServerBridgeAction/
[2026-06-14 16:24:18] [DEBUG] Attempting to load: \Develop\Controllers\ConsoleController::ServerBridgeAction
[2026-06-14 16:24:18] [DEBUG] Router: Executing \Develop\Controllers\ConsoleController->ServerBridgeAction
[2026-06-14 16:24:18] [DEBUG] ConsoleController::ServerBridge() start...
[2026-06-14 16:24:18] [DEBUG] ConsoleController::ServerBridge() \Develop\Controllers\ConsoleController::areaInitialAction()
[2026-06-14 16:24:18] [DEBUG] ConsoleController::AreaInitialAction() start...
[2026-06-14 16:24:18] [DEBUG] Screen::updateAreaA() path: \Develop\Views\AreaA\Area_A.view start...
[2026-06-14 16:24:18] [DEBUG] Screen::areaView() sending JSON: ["areas"]
[2026-06-14 16:24:18] [DEBUG] Screen::getContents() start...
[2026-06-14 16:24:18] [DEBUG] Screen::getContents() finish.
[2026-06-14 16:24:18] [DEBUG] Screen::updateAreaA() finish.
[2026-06-14 16:24:18] [DEBUG] Screen::updateAreaB() path: \Develop\Views\AreaB\Area_B.view start...
[2026-06-14 16:24:18] [DEBUG] Screen::getContents() start...
[2026-06-14 16:24:18] [DEBUG] Screen::getContents() finish.
[2026-06-14 16:24:18] [DEBUG] Screen::updateAreaB() finish.
[2026-06-14 16:24:18] [DEBUG] Screen::updateAreaD() path: \Develop\Views\AreaD\Area_D_clear.view start...
[2026-06-14 16:24:18] [DEBUG] Screen::getContents() start...
[2026-06-14 16:24:18] [DEBUG] Screen::getContents() finish.
[2026-06-14 16:24:18] [DEBUG] Screen::updateAreaD() finish.
[2026-06-14 16:24:18] [DEBUG] Screen::updateAreaE() [iframe起動版] path: \Develop\Views\AreaE\Area_E_clear.view start...
[2026-06-14 16:24:18] [DEBUG] Screen::getContents() start...
[2026-06-14 16:24:18] [DEBUG] Screen::getContents() finish.
[2026-06-14 16:24:18] [DEBUG] Screen::updateAreaE() finish.
[2026-06-14 16:24:18] [DEBUG] Screen::updateAreaF() path: \Develop\Views\AreaF\Area_F.view start...
[2026-06-14 16:24:18] [DEBUG] Screen::getContents() start...
[2026-06-14 16:24:18] [DEBUG] Screen::getContents() finish.
[2026-06-14 16:24:18] [DEBUG] Screen::updateAreaF() finish.
[2026-06-14 16:24:18] [DEBUG] ProjectController::startProjectNabi() start...
[2026-06-14 16:24:18] [DEBUG] ProjectController::getProjectListHtml() start...
[2026-06-14 16:24:18] [DEBUG] ProjectModel::getProjectList() start...
[2026-06-14 16:24:18] [DEBUG] ProjectModel::getProjectList() finish.
[2026-06-14 16:24:18] [DEBUG] CodeMasterModel：：getCodesByGroup() start...
[2026-06-14 16:24:18] [DEBUG] CodeMasterModel：：getCodesByGroup() finish.
[2026-06-14 16:24:18] [DEBUG] ProjectController::getNaviFooterHtml() start...
[2026-06-14 16:24:18] [DEBUG] ProjectController::getNaviFooterHtml() finish.
[2026-06-14 16:24:18] [DEBUG] ProjectController::startProjectNabi() finish.
[2026-06-14 16:24:18] [DEBUG] Screen::updateAreaC() \Develop\Views\AreaC\Area_C.view start...
[2026-06-14 16:24:18] [DEBUG] Screen::getContents() start...
[2026-06-14 16:24:18] [DEBUG] Screen::getContents() finish.
[2026-06-14 16:24:18] [DEBUG] Screen::updateAreaC() finish.
[2026-06-14 16:24:18] [DEBUG] ConsoleController::AreaInitialAction() finish.
[2026-06-14 16:24:18] [DEBUG] Screen::areaView() start...
[2026-06-14 16:24:18] [DEBUG] Screen::areaView() finish.
[2026-06-14 16:24:19] [DEBUG] --- wwProject System Start ---
[2026-06-14 16:24:19] [DEBUG] Router::Router() /jemini/wwProjectV1.15/Develop/Console/ServerBridgeAction/
[2026-06-14 16:24:19] [DEBUG] Attempting to load: \Develop\Controllers\ConsoleController::ServerBridgeAction
[2026-06-14 16:24:19] [DEBUG] Router: Executing \Develop\Controllers\ConsoleController->ServerBridgeAction
[2026-06-14 16:24:19] [DEBUG] ConsoleController::ServerBridge() start...
[2026-06-14 16:24:19] [DEBUG] ConsoleController::ServerBridge() \Develop\Controllers\ProjectController::projectSelectAction()
[2026-06-14 16:24:19] [DEBUG] ProjectController::projectSelectAction() start...
[2026-06-14 16:24:19] [DEBUG] ProjectController::projectSelectAction() ☆★☆　SampleProject１
[2026-06-14 16:24:19] [DEBUG] Screen::updateAreaB() path: \Develop\Views\AreaB\Area_B.view start...
[2026-06-14 16:24:19] [DEBUG] Screen::getContents() start...
[2026-06-14 16:24:19] [DEBUG] Screen::getContents() finish.
[2026-06-14 16:24:19] [DEBUG] Screen::updateAreaB() finish.
[2026-06-14 16:24:19] [DEBUG] ProjectController::projectSelectAction() PRJ-D45FEF : PRJ-D45FEF
[2026-06-14 16:24:19] [DEBUG] ProjectController::getProjectListHtml() start...
[2026-06-14 16:24:19] [DEBUG] ProjectModel::getProjectList() start...
[2026-06-14 16:24:19] [DEBUG] ProjectModel::getProjectList() finish.
[2026-06-14 16:24:19] [DEBUG] CodeMasterModel：：getCodesByGroup() start...
[2026-06-14 16:24:19] [DEBUG] CodeMasterModel：：getCodesByGroup() finish.
[2026-06-14 16:24:19] [DEBUG] ProjectController::getNaviFooterHtml() start...
[2026-06-14 16:24:19] [DEBUG] ProjectController::getNaviFooterHtml() finish.
[2026-06-14 16:24:19] [DEBUG] Screen::updateAreaC() \Develop\Views\AreaC\Area_C.view start...
[2026-06-14 16:24:19] [DEBUG] Screen::getContents() start...
[2026-06-14 16:24:19] [DEBUG] Screen::getContents() finish.
[2026-06-14 16:24:19] [DEBUG] Screen::updateAreaC() finish.
[2026-06-14 16:24:19] [DEBUG] Screen::updateAreaD() path: \Develop\Views\AreaD\Area_D_clear.view start...
[2026-06-14 16:24:19] [DEBUG] Screen::getContents() start...
[2026-06-14 16:24:19] [DEBUG] Screen::getContents() finish.
[2026-06-14 16:24:19] [DEBUG] Screen::updateAreaD() finish.
[2026-06-14 16:24:19] [DEBUG] Screen::updateAreaE() [iframe起動版] path: \Develop\Views\AreaE\Area_E_clear.view start...
[2026-06-14 16:24:19] [DEBUG] Screen::getContents() start...
[2026-06-14 16:24:19] [DEBUG] Screen::getContents() finish.
[2026-06-14 16:24:19] [DEBUG] Screen::updateAreaE() finish.
[2026-06-14 16:24:19] [DEBUG] ProjectController::projectSelectAction() finish.
[2026-06-14 16:24:19] [DEBUG] Screen::areaView() start...
[2026-06-14 16:24:19] [DEBUG] Screen::areaView() finish.
[2026-06-14 16:24:20] [DEBUG] --- wwProject System Start ---
[2026-06-14 16:24:20] [DEBUG] Router::Router() /jemini/wwProjectV1.15/Develop/Console/ServerBridgeAction/
[2026-06-14 16:24:20] [DEBUG] Attempting to load: \Develop\Controllers\ConsoleController::ServerBridgeAction
[2026-06-14 16:24:20] [DEBUG] Router: Executing \Develop\Controllers\ConsoleController->ServerBridgeAction
[2026-06-14 16:24:20] [DEBUG] ConsoleController::ServerBridge() start...
[2026-06-14 16:24:20] [DEBUG] ConsoleController::ServerBridge() \Develop\Controllers\ProjectDefinitionController::initialAction()
[2026-06-14 16:24:20] [DEBUG] ProjectDefinitionController::initialAction() start...
[2026-06-14 16:24:20] [DEBUG] ProjectModel::getProjectList() start...
[2026-06-14 16:24:20] [DEBUG] ProjectModel::getProjectList() finish.
[2026-06-14 16:24:20] [DEBUG] Screen::updateAreaD() path: \Develop\Views\AreaD\ProjectDefinition\ProjectDefinitionList.view start...
[2026-06-14 16:24:20] [DEBUG] Screen::getContents() start...
[2026-06-14 16:24:20] [DEBUG] Screen::getContents() finish.
[2026-06-14 16:24:20] [DEBUG] Screen::updateAreaD() finish.
[2026-06-14 16:24:20] [DEBUG] ProjectDefinitionController::initialAction() finish.
[2026-06-14 16:24:20] [DEBUG] Screen::areaView() start...
[2026-06-14 16:24:20] [DEBUG] Screen::areaView() finish.
[2026-06-14 16:24:22] [DEBUG] --- wwProject System Start ---
[2026-06-14 16:24:22] [DEBUG] Router::Router() /jemini/wwProjectV1.15/Develop/Console/ServerBridgeAction/
[2026-06-14 16:24:22] [DEBUG] Attempting to load: \Develop\Controllers\ConsoleController::ServerBridgeAction
[2026-06-14 16:24:22] [DEBUG] Router: Executing \Develop\Controllers\ConsoleController->ServerBridgeAction
[2026-06-14 16:24:22] [DEBUG] ConsoleController::ServerBridge() start...
[2026-06-14 16:24:22] [DEBUG] ConsoleController::ServerBridge() \Develop\Controllers\ProjectDefinitionController::projectDetailAction()
[2026-06-14 16:24:22] [DEBUG] ProjectDefinitionController::projectDetailAction() start...
[2026-06-14 16:24:22] [DEBUG] ProjectModel::getProjectById() start... ProjectID: PRJ-W613KU
[2026-06-14 16:24:22] [DEBUG] Screen::updateAreaE() [iframe起動版] path: \Develop\Views\AreaE\ProjectDefinition\ProjectDefinitionEdit.view start...
[2026-06-14 16:24:22] [DEBUG] Screen::getContents() start...
[2026-06-14 16:24:22] [DEBUG] Screen::getContents() finish.
[2026-06-14 16:24:22] [DEBUG] Screen::updateAreaE() finish.
[2026-06-14 16:24:22] [DEBUG] ProjectDefinitionController::projectDetailAction() finish.
[2026-06-14 16:24:22] [DEBUG] Screen::areaView() start...
[2026-06-14 16:24:22] [DEBUG] Screen::areaView() finish.
[2026-06-14 16:24:26] [DEBUG] --- wwProject System Start ---
[2026-06-14 16:24:26] [DEBUG] Router::Router() /jemini/wwProjectV1.15/Develop/Console/ServerBridgeAction/
[2026-06-14 16:24:26] [DEBUG] Attempting to load: \Develop\Controllers\ConsoleController::ServerBridgeAction
[2026-06-14 16:24:26] [DEBUG] Router: Executing \Develop\Controllers\ConsoleController->ServerBridgeAction
[2026-06-14 16:24:26] [DEBUG] ConsoleController::ServerBridge() start...
[2026-06-14 16:24:26] [DEBUG] ConsoleController::ServerBridge() \Develop\Controllers\ProjectDefinitionController::updateProjectAction()
[2026-06-14 16:24:26] [DEBUG] ProjectDefinitionController::updateProjectAction() start...
[2026-06-14 16:24:26] [DEBUG] Screen::updateAreaE() [iframe起動版] path: \Develop\Views\AreaE\Area_E_clear.view start...
[2026-06-14 16:24:26] [DEBUG] Screen::getContents() start...
[2026-06-14 16:24:26] [DEBUG] Screen::getContents() finish.
[2026-06-14 16:24:26] [DEBUG] Screen::updateAreaE() finish.
[2026-06-14 16:24:26] [DEBUG] ProjectDefinitionController::updateProjectAction() finish.
[2026-06-14 16:24:26] [DEBUG] Screen::areaView() start...
[2026-06-14 16:24:26] [DEBUG] Screen::areaView() finish.
[2026-06-14 16:46:26] [DEBUG] --- wwProject System Start ---
[2026-06-14 16:46:26] [DEBUG] Router::Router() /jemini/wwProjectV1.15/develop/
[2026-06-14 16:46:26] [DEBUG] Attempting to load: \Develop\Controllers\LoginController::initialAction
[2026-06-14 16:46:26] [DEBUG] Router: Executing \Develop\Controllers\LoginController->initialAction
[2026-06-14 16:46:26] [DEBUG] Login::initialAction() start...
[2026-06-14 16:46:26] [DEBUG] Login::initialAction() errorMessage : 
[2026-06-14 16:46:26] [DEBUG] Screen::view() path: \Develop\Views\Login\Login.view start...
[2026-06-14 16:46:26] [DEBUG] Screen::getContents() start...
[2026-06-14 16:46:26] [DEBUG] Screen::getContents() finish.
[2026-06-14 16:46:26] [DEBUG] Screen::view() path: \Develop\Views\Login\Login.view finish.
[2026-06-14 16:46:26] [DEBUG] Login::initialAction() finish.
[2026-06-14 16:46:28] [DEBUG] --- wwProject System Start ---
[2026-06-14 16:46:28] [DEBUG] Router::Router() /jemini/wwProjectV1.15/Develop/Login/authentication/
[2026-06-14 16:46:28] [DEBUG] Attempting to load: \Develop\Controllers\LoginController::authenticationAction
[2026-06-14 16:46:28] [DEBUG] Router: Executing \Develop\Controllers\LoginController->authenticationAction
[2026-06-14 16:46:28] [DEBUG] Login::AuthenticationAction() start...
[2026-06-14 16:46:28] [DEBUG] Login OK - x
[2026-06-14 16:46:28] [DEBUG] Session::start()
[2026-06-14 16:46:28] [DEBUG] Redirect to Console::initialAction()
[2026-06-14 16:46:28] [DEBUG] --- wwProject System Start ---
[2026-06-14 16:46:28] [DEBUG] Router::Router() /jemini/wwProjectV1.15/Develop/Console/initial/
[2026-06-14 16:46:28] [DEBUG] Attempting to load: \Develop\Controllers\ConsoleController::initialAction
[2026-06-14 16:46:28] [DEBUG] Router: Executing \Develop\Controllers\ConsoleController->initialAction
[2026-06-14 16:46:28] [DEBUG] Console::initialAction() start...
[2026-06-14 16:46:28] [DEBUG] Screen::view() path: \Develop\Views\Console\Console.view start...
[2026-06-14 16:46:28] [DEBUG] Screen::getContents() start...
[2026-06-14 16:46:28] [DEBUG] Screen::getContents() finish.
[2026-06-14 16:46:28] [DEBUG] Screen::view() path: \Develop\Views\Console\Console.view finish.
[2026-06-14 16:46:28] [DEBUG] ConsoleController::initialAction() finish.
[2026-06-14 16:46:28] [DEBUG] --- wwProject System Start ---
[2026-06-14 16:46:28] [DEBUG] Router::Router() /jemini/wwProjectV1.15/Develop/Console/ServerBridgeAction/
[2026-06-14 16:46:28] [DEBUG] Attempting to load: \Develop\Controllers\ConsoleController::ServerBridgeAction
[2026-06-14 16:46:28] [DEBUG] Router: Executing \Develop\Controllers\ConsoleController->ServerBridgeAction
[2026-06-14 16:46:28] [DEBUG] ConsoleController::ServerBridge() start...
[2026-06-14 16:46:28] [DEBUG] ConsoleController::ServerBridge() \Develop\Controllers\ConsoleController::areaInitialAction()
[2026-06-14 16:46:28] [DEBUG] ConsoleController::AreaInitialAction() start...
[2026-06-14 16:46:28] [DEBUG] Screen::updateAreaA() path: \Develop\Views\AreaA\Area_A.view start...
[2026-06-14 16:46:28] [DEBUG] Screen::areaView() sending JSON: ["areas"]
[2026-06-14 16:46:28] [DEBUG] Screen::getContents() start...
[2026-06-14 16:46:28] [DEBUG] Screen::getContents() finish.
[2026-06-14 16:46:28] [DEBUG] Screen::updateAreaA() finish.
[2026-06-14 16:46:28] [DEBUG] Screen::updateAreaB() path: \Develop\Views\AreaB\Area_B.view start...
[2026-06-14 16:46:28] [DEBUG] Screen::getContents() start...
[2026-06-14 16:46:28] [DEBUG] Screen::getContents() finish.
[2026-06-14 16:46:28] [DEBUG] Screen::updateAreaB() finish.
[2026-06-14 16:46:28] [DEBUG] Screen::updateAreaD() path: \Develop\Views\AreaD\Area_D_clear.view start...
[2026-06-14 16:46:28] [DEBUG] Screen::getContents() start...
[2026-06-14 16:46:28] [DEBUG] Screen::getContents() finish.
[2026-06-14 16:46:28] [DEBUG] Screen::updateAreaD() finish.
[2026-06-14 16:46:28] [DEBUG] Screen::updateAreaE() [iframe起動版] path: \Develop\Views\AreaE\Area_E_clear.view start...
[2026-06-14 16:46:28] [DEBUG] Screen::getContents() start...
[2026-06-14 16:46:28] [DEBUG] Screen::getContents() finish.
[2026-06-14 16:46:28] [DEBUG] Screen::updateAreaE() finish.
[2026-06-14 16:46:28] [DEBUG] Screen::updateAreaF() path: \Develop\Views\AreaF\Area_F.view start...
[2026-06-14 16:46:28] [DEBUG] Screen::getContents() start...
[2026-06-14 16:46:28] [DEBUG] Screen::getContents() finish.
[2026-06-14 16:46:28] [DEBUG] Screen::updateAreaF() finish.
[2026-06-14 16:46:28] [DEBUG] ProjectController::startProjectNabi() start...
[2026-06-14 16:46:28] [DEBUG] ProjectController::getProjectListHtml() start...
[2026-06-14 16:46:29] [DEBUG] ProjectModel::getProjectList() start...
[2026-06-14 16:46:29] [DEBUG] ProjectModel::getProjectList() finish.
[2026-06-14 16:46:29] [DEBUG] CodeMasterModel：：getCodesByGroup() start...
[2026-06-14 16:46:29] [DEBUG] CodeMasterModel：：getCodesByGroup() finish.
[2026-06-14 16:46:29] [DEBUG] ProjectController::getNaviFooterHtml() start...
[2026-06-14 16:46:29] [DEBUG] ProjectController::getNaviFooterHtml() finish.
[2026-06-14 16:46:29] [DEBUG] ProjectController::startProjectNabi() finish.
[2026-06-14 16:46:29] [DEBUG] Screen::updateAreaC() \Develop\Views\AreaC\Area_C.view start...
[2026-06-14 16:46:29] [DEBUG] Screen::getContents() start...
[2026-06-14 16:46:29] [DEBUG] Screen::getContents() finish.
[2026-06-14 16:46:29] [DEBUG] Screen::updateAreaC() finish.
[2026-06-14 16:46:29] [DEBUG] ConsoleController::AreaInitialAction() finish.
[2026-06-14 16:46:29] [DEBUG] Screen::areaView() start...
[2026-06-14 16:46:29] [DEBUG] Screen::areaView() finish.
[2026-06-14 16:46:30] [DEBUG] --- wwProject System Start ---
[2026-06-14 16:46:30] [DEBUG] Router::Router() /jemini/wwProjectV1.15/Develop/Console/ServerBridgeAction/
[2026-06-14 16:46:30] [DEBUG] Attempting to load: \Develop\Controllers\ConsoleController::ServerBridgeAction
[2026-06-14 16:46:30] [DEBUG] Router: Executing \Develop\Controllers\ConsoleController->ServerBridgeAction
[2026-06-14 16:46:30] [DEBUG] ConsoleController::ServerBridge() start...
[2026-06-14 16:46:30] [DEBUG] ConsoleController::ServerBridge() \Develop\Controllers\ProjectController::projectSelectAction()
[2026-06-14 16:46:30] [DEBUG] ProjectController::projectSelectAction() start...
[2026-06-14 16:46:30] [DEBUG] ProjectController::projectSelectAction() ☆★☆　SampleProject１
[2026-06-14 16:46:30] [DEBUG] Screen::updateAreaB() path: \Develop\Views\AreaB\Area_B.view start...
[2026-06-14 16:46:30] [DEBUG] Screen::getContents() start...
[2026-06-14 16:46:30] [DEBUG] Screen::getContents() finish.
[2026-06-14 16:46:30] [DEBUG] Screen::updateAreaB() finish.
[2026-06-14 16:46:30] [DEBUG] ProjectController::projectSelectAction() PRJ-D45FEF : PRJ-D45FEF
[2026-06-14 16:46:30] [DEBUG] ProjectController::getProjectListHtml() start...
[2026-06-14 16:46:30] [DEBUG] ProjectModel::getProjectList() start...
[2026-06-14 16:46:30] [DEBUG] ProjectModel::getProjectList() finish.
[2026-06-14 16:46:30] [DEBUG] CodeMasterModel：：getCodesByGroup() start...
[2026-06-14 16:46:30] [DEBUG] CodeMasterModel：：getCodesByGroup() finish.
[2026-06-14 16:46:30] [DEBUG] ProjectController::getNaviFooterHtml() start...
[2026-06-14 16:46:30] [DEBUG] ProjectController::getNaviFooterHtml() finish.
[2026-06-14 16:46:30] [DEBUG] Screen::updateAreaC() \Develop\Views\AreaC\Area_C.view start...
[2026-06-14 16:46:30] [DEBUG] Screen::getContents() start...
[2026-06-14 16:46:30] [DEBUG] Screen::getContents() finish.
[2026-06-14 16:46:30] [DEBUG] Screen::updateAreaC() finish.
[2026-06-14 16:46:30] [DEBUG] Screen::updateAreaD() path: \Develop\Views\AreaD\Area_D_clear.view start...
[2026-06-14 16:46:30] [DEBUG] Screen::getContents() start...
[2026-06-14 16:46:30] [DEBUG] Screen::getContents() finish.
[2026-06-14 16:46:30] [DEBUG] Screen::updateAreaD() finish.
[2026-06-14 16:46:30] [DEBUG] Screen::updateAreaE() [iframe起動版] path: \Develop\Views\AreaE\Area_E_clear.view start...
[2026-06-14 16:46:30] [DEBUG] Screen::getContents() start...
[2026-06-14 16:46:30] [DEBUG] Screen::getContents() finish.
[2026-06-14 16:46:30] [DEBUG] Screen::updateAreaE() finish.
[2026-06-14 16:46:30] [DEBUG] ProjectController::projectSelectAction() finish.
[2026-06-14 16:46:30] [DEBUG] Screen::areaView() start...
[2026-06-14 16:46:30] [DEBUG] Screen::areaView() finish.
[2026-06-14 16:46:35] [DEBUG] --- wwProject System Start ---
[2026-06-14 16:46:35] [DEBUG] Router::Router() /jemini/wwProjectV1.15/Develop/Console/ServerBridgeAction/
[2026-06-14 16:46:35] [DEBUG] Attempting to load: \Develop\Controllers\ConsoleController::ServerBridgeAction
[2026-06-14 16:46:35] [DEBUG] Router: Executing \Develop\Controllers\ConsoleController->ServerBridgeAction
[2026-06-14 16:46:35] [DEBUG] ConsoleController::ServerBridge() start...
[2026-06-14 16:46:35] [DEBUG] ConsoleController::ServerBridge() \Develop\Controllers\ProjectDefinitionController::initialAction()
[2026-06-14 16:46:35] [DEBUG] ProjectDefinitionController::initialAction() start...
[2026-06-14 16:46:35] [DEBUG] ProjectModel::getProjectList() start...
[2026-06-14 16:46:35] [DEBUG] ProjectModel::getProjectList() finish.
[2026-06-14 16:46:35] [DEBUG] Screen::updateAreaD() path: \Develop\Views\AreaD\ProjectDefinition\ProjectDefinitionList.view start...
[2026-06-14 16:46:35] [DEBUG] Screen::getContents() start...
[2026-06-14 16:46:35] [DEBUG] Screen::getContents() finish.
[2026-06-14 16:46:35] [DEBUG] Screen::updateAreaD() finish.
[2026-06-14 16:46:35] [DEBUG] ProjectDefinitionController::initialAction() finish.
[2026-06-14 16:46:35] [DEBUG] Screen::areaView() start...
[2026-06-14 16:46:35] [DEBUG] Screen::areaView() finish.
[2026-06-14 16:46:36] [DEBUG] --- wwProject System Start ---
[2026-06-14 16:46:36] [DEBUG] Router::Router() /jemini/wwProjectV1.15/Develop/Console/ServerBridgeAction/
[2026-06-14 16:46:36] [DEBUG] Attempting to load: \Develop\Controllers\ConsoleController::ServerBridgeAction
[2026-06-14 16:46:36] [DEBUG] Router: Executing \Develop\Controllers\ConsoleController->ServerBridgeAction
[2026-06-14 16:46:36] [DEBUG] ConsoleController::ServerBridge() start...
[2026-06-14 16:46:36] [DEBUG] ConsoleController::ServerBridge() \Develop\Controllers\ProjectDefinitionController::projectDetailAction()
[2026-06-14 16:46:36] [DEBUG] ProjectDefinitionController::projectDetailAction() start...
[2026-06-14 16:46:36] [DEBUG] ProjectModel::getProjectById() start... ProjectID: PRJ-W613KU
[2026-06-14 16:46:36] [DEBUG] Screen::updateAreaE() [iframe起動版] path: \Develop\Views\AreaE\ProjectDefinition\ProjectDefinitionEdit.view start...
[2026-06-14 16:46:36] [DEBUG] Screen::getContents() start...
[2026-06-14 16:46:36] [DEBUG] Screen::getContents() finish.
[2026-06-14 16:46:36] [DEBUG] Screen::updateAreaE() finish.
[2026-06-14 16:46:36] [DEBUG] ProjectDefinitionController::projectDetailAction() finish.
[2026-06-14 16:46:36] [DEBUG] Screen::areaView() start...
[2026-06-14 16:46:36] [DEBUG] Screen::areaView() finish.
[2026-06-14 16:46:42] [DEBUG] --- wwProject System Start ---
[2026-06-14 16:46:42] [DEBUG] Router::Router() /jemini/wwProjectV1.15/Develop/Console/ServerBridgeAction/
[2026-06-14 16:46:42] [DEBUG] Attempting to load: \Develop\Controllers\ConsoleController::ServerBridgeAction
[2026-06-14 16:46:42] [DEBUG] Router: Executing \Develop\Controllers\ConsoleController->ServerBridgeAction
[2026-06-14 16:46:42] [DEBUG] ConsoleController::ServerBridge() start...
[2026-06-14 16:46:42] [DEBUG] ConsoleController::ServerBridge() \Develop\Controllers\ProjectDefinitionController::updateProjectAction()
[2026-06-14 16:46:42] [DEBUG] ProjectDefinitionController::updateProjectAction() start...
[2026-06-14 16:46:42] [DEBUG] ProjectModel::updateProject() start... ProjectID: PRJ-W613KU
[2026-06-14 16:46:42] [DEBUG] ProjectModel::updateProject() DBレコード更新完了
[2026-06-14 16:46:42] [DEBUG] ProjectModel::createDSN() start... ProjectID: PRJ-W613KU
[2026-06-14 16:46:42] [DEBUG] ProjectModel::createDSN() ファイル生成成功: C:\xampp8\htdocs\jemini\wwProjectV1.15\Develop\Models/../../config/db_PRJ-W613KU.php
[2026-06-14 16:46:42] [DEBUG] Screen::updateAreaE() [iframe起動版] path: \Develop\Views\AreaE\Area_E_clear.view start...
[2026-06-14 16:46:42] [DEBUG] Screen::getContents() start...
[2026-06-14 16:46:42] [DEBUG] Screen::getContents() finish.
[2026-06-14 16:46:42] [DEBUG] Screen::updateAreaE() finish.
[2026-06-14 16:46:42] [DEBUG] ProjectModel::getProjectList() start...
[2026-06-14 16:46:42] [DEBUG] ProjectModel::getProjectList() finish.
[2026-06-14 16:46:42] [DEBUG] Screen::updateAreaD() path: \Develop\Views\AreaD\ProjectDefinition\ProjectDefinitionList.view start...
[2026-06-14 16:46:42] [DEBUG] Screen::getContents() start...
[2026-06-14 16:46:42] [DEBUG] Screen::getContents() finish.
[2026-06-14 16:46:42] [DEBUG] Screen::updateAreaD() finish.
[2026-06-14 16:46:42] [ERROR] ConsoleController::ServerBridge Fatal: Call to undefined method Develop\Controllers\ProjectDefinitionController::updateAreaF()
[2026-06-14 16:49:34] [DEBUG] --- wwProject System Start ---
[2026-06-14 16:49:34] [DEBUG] Router::Router() /jemini/wwProjectV1.15/develop/
[2026-06-14 16:49:34] [DEBUG] Attempting to load: \Develop\Controllers\LoginController::initialAction
[2026-06-14 16:49:34] [DEBUG] Router: Executing \Develop\Controllers\LoginController->initialAction
[2026-06-14 16:49:34] [DEBUG] Login::initialAction() start...
[2026-06-14 16:49:34] [DEBUG] Login::initialAction() errorMessage : 
[2026-06-14 16:49:34] [DEBUG] Screen::view() path: \Develop\Views\Login\Login.view start...
[2026-06-14 16:49:34] [DEBUG] Screen::getContents() start...
[2026-06-14 16:49:34] [DEBUG] Screen::getContents() finish.
[2026-06-14 16:49:34] [DEBUG] Screen::view() path: \Develop\Views\Login\Login.view finish.
[2026-06-14 16:49:34] [DEBUG] Login::initialAction() finish.
[2026-06-14 16:49:36] [DEBUG] --- wwProject System Start ---
[2026-06-14 16:49:36] [DEBUG] Router::Router() /jemini/wwProjectV1.15/Develop/Login/authentication/
[2026-06-14 16:49:36] [DEBUG] Attempting to load: \Develop\Controllers\LoginController::authenticationAction
[2026-06-14 16:49:36] [DEBUG] Router: Executing \Develop\Controllers\LoginController->authenticationAction
[2026-06-14 16:49:36] [DEBUG] Login::AuthenticationAction() start...
[2026-06-14 16:49:36] [DEBUG] Login OK - x
[2026-06-14 16:49:36] [DEBUG] Session::start()
[2026-06-14 16:49:36] [DEBUG] Redirect to Console::initialAction()
[2026-06-14 16:49:36] [DEBUG] --- wwProject System Start ---
[2026-06-14 16:49:36] [DEBUG] Router::Router() /jemini/wwProjectV1.15/Develop/Console/initial/
[2026-06-14 16:49:36] [DEBUG] Attempting to load: \Develop\Controllers\ConsoleController::initialAction
[2026-06-14 16:49:36] [DEBUG] Router: Executing \Develop\Controllers\ConsoleController->initialAction
[2026-06-14 16:49:36] [DEBUG] Console::initialAction() start...
[2026-06-14 16:49:36] [DEBUG] Screen::view() path: \Develop\Views\Console\Console.view start...
[2026-06-14 16:49:36] [DEBUG] Screen::getContents() start...
[2026-06-14 16:49:36] [DEBUG] Screen::getContents() finish.
[2026-06-14 16:49:36] [DEBUG] Screen::view() path: \Develop\Views\Console\Console.view finish.
[2026-06-14 16:49:36] [DEBUG] ConsoleController::initialAction() finish.
[2026-06-14 16:49:36] [DEBUG] --- wwProject System Start ---
[2026-06-14 16:49:36] [DEBUG] Router::Router() /jemini/wwProjectV1.15/Develop/Console/ServerBridgeAction/
[2026-06-14 16:49:36] [DEBUG] Attempting to load: \Develop\Controllers\ConsoleController::ServerBridgeAction
[2026-06-14 16:49:36] [DEBUG] Router: Executing \Develop\Controllers\ConsoleController->ServerBridgeAction
[2026-06-14 16:49:36] [DEBUG] ConsoleController::ServerBridge() start...
[2026-06-14 16:49:36] [DEBUG] ConsoleController::ServerBridge() \Develop\Controllers\ConsoleController::areaInitialAction()
[2026-06-14 16:49:36] [DEBUG] ConsoleController::AreaInitialAction() start...
[2026-06-14 16:49:36] [DEBUG] Screen::updateAreaA() path: \Develop\Views\AreaA\Area_A.view start...
[2026-06-14 16:49:36] [DEBUG] Screen::areaView() sending JSON: ["areas"]
[2026-06-14 16:49:36] [DEBUG] Screen::getContents() start...
[2026-06-14 16:49:36] [DEBUG] Screen::getContents() finish.
[2026-06-14 16:49:36] [DEBUG] Screen::updateAreaA() finish.
[2026-06-14 16:49:36] [DEBUG] Screen::updateAreaB() path: \Develop\Views\AreaB\Area_B.view start...
[2026-06-14 16:49:36] [DEBUG] Screen::getContents() start...
[2026-06-14 16:49:36] [DEBUG] Screen::getContents() finish.
[2026-06-14 16:49:36] [DEBUG] Screen::updateAreaB() finish.
[2026-06-14 16:49:36] [DEBUG] Screen::updateAreaD() path: \Develop\Views\AreaD\Area_D_clear.view start...
[2026-06-14 16:49:36] [DEBUG] Screen::getContents() start...
[2026-06-14 16:49:36] [DEBUG] Screen::getContents() finish.
[2026-06-14 16:49:36] [DEBUG] Screen::updateAreaD() finish.
[2026-06-14 16:49:36] [DEBUG] Screen::updateAreaE() [iframe起動版] path: \Develop\Views\AreaE\Area_E_clear.view start...
[2026-06-14 16:49:36] [DEBUG] Screen::getContents() start...
[2026-06-14 16:49:36] [DEBUG] Screen::getContents() finish.
[2026-06-14 16:49:36] [DEBUG] Screen::updateAreaE() finish.
[2026-06-14 16:49:36] [DEBUG] Screen::updateAreaF() path: \Develop\Views\AreaF\Area_F.view start...
[2026-06-14 16:49:36] [DEBUG] Screen::getContents() start...
[2026-06-14 16:49:36] [DEBUG] Screen::getContents() finish.
[2026-06-14 16:49:36] [DEBUG] Screen::updateAreaF() finish.
[2026-06-14 16:49:36] [DEBUG] ProjectController::startProjectNabi() start...
[2026-06-14 16:49:36] [DEBUG] ProjectController::getProjectListHtml() start...
[2026-06-14 16:49:36] [DEBUG] ProjectModel::getProjectList() start...
[2026-06-14 16:49:37] [DEBUG] ProjectModel::getProjectList() finish.
[2026-06-14 16:49:37] [DEBUG] CodeMasterModel：：getCodesByGroup() start...
[2026-06-14 16:49:37] [DEBUG] CodeMasterModel：：getCodesByGroup() finish.
[2026-06-14 16:49:37] [DEBUG] ProjectController::getNaviFooterHtml() start...
[2026-06-14 16:49:37] [DEBUG] ProjectController::getNaviFooterHtml() finish.
[2026-06-14 16:49:37] [DEBUG] ProjectController::startProjectNabi() finish.
[2026-06-14 16:49:37] [DEBUG] Screen::updateAreaC() \Develop\Views\AreaC\Area_C.view start...
[2026-06-14 16:49:37] [DEBUG] Screen::getContents() start...
[2026-06-14 16:49:37] [DEBUG] Screen::getContents() finish.
[2026-06-14 16:49:37] [DEBUG] Screen::updateAreaC() finish.
[2026-06-14 16:49:37] [DEBUG] ConsoleController::AreaInitialAction() finish.
[2026-06-14 16:49:37] [DEBUG] Screen::areaView() start...
[2026-06-14 16:49:37] [DEBUG] Screen::areaView() finish.
[2026-06-14 16:49:38] [DEBUG] --- wwProject System Start ---
[2026-06-14 16:49:38] [DEBUG] Router::Router() /jemini/wwProjectV1.15/Develop/Console/ServerBridgeAction/
[2026-06-14 16:49:38] [DEBUG] Attempting to load: \Develop\Controllers\ConsoleController::ServerBridgeAction
[2026-06-14 16:49:38] [DEBUG] Router: Executing \Develop\Controllers\ConsoleController->ServerBridgeAction
[2026-06-14 16:49:38] [DEBUG] ConsoleController::ServerBridge() start...
[2026-06-14 16:49:38] [DEBUG] ConsoleController::ServerBridge() \Develop\Controllers\ProjectController::projectSelectAction()
[2026-06-14 16:49:38] [DEBUG] ProjectController::projectSelectAction() start...
[2026-06-14 16:49:38] [DEBUG] ProjectController::projectSelectAction() ☆★☆　SampleProject１
[2026-06-14 16:49:38] [DEBUG] Screen::updateAreaB() path: \Develop\Views\AreaB\Area_B.view start...
[2026-06-14 16:49:38] [DEBUG] Screen::getContents() start...
[2026-06-14 16:49:38] [DEBUG] Screen::getContents() finish.
[2026-06-14 16:49:38] [DEBUG] Screen::updateAreaB() finish.
[2026-06-14 16:49:38] [DEBUG] ProjectController::projectSelectAction() PRJ-D45FEF : PRJ-D45FEF
[2026-06-14 16:49:38] [DEBUG] ProjectController::getProjectListHtml() start...
[2026-06-14 16:49:38] [DEBUG] ProjectModel::getProjectList() start...
[2026-06-14 16:49:38] [DEBUG] ProjectModel::getProjectList() finish.
[2026-06-14 16:49:38] [DEBUG] CodeMasterModel：：getCodesByGroup() start...
[2026-06-14 16:49:38] [DEBUG] CodeMasterModel：：getCodesByGroup() finish.
[2026-06-14 16:49:38] [DEBUG] ProjectController::getNaviFooterHtml() start...
[2026-06-14 16:49:38] [DEBUG] ProjectController::getNaviFooterHtml() finish.
[2026-06-14 16:49:38] [DEBUG] Screen::updateAreaC() \Develop\Views\AreaC\Area_C.view start...
[2026-06-14 16:49:38] [DEBUG] Screen::getContents() start...
[2026-06-14 16:49:38] [DEBUG] Screen::getContents() finish.
[2026-06-14 16:49:38] [DEBUG] Screen::updateAreaC() finish.
[2026-06-14 16:49:38] [DEBUG] Screen::updateAreaD() path: \Develop\Views\AreaD\Area_D_clear.view start...
[2026-06-14 16:49:38] [DEBUG] Screen::getContents() start...
[2026-06-14 16:49:38] [DEBUG] Screen::getContents() finish.
[2026-06-14 16:49:38] [DEBUG] Screen::updateAreaD() finish.
[2026-06-14 16:49:38] [DEBUG] Screen::updateAreaE() [iframe起動版] path: \Develop\Views\AreaE\Area_E_clear.view start...
[2026-06-14 16:49:38] [DEBUG] Screen::getContents() start...
[2026-06-14 16:49:38] [DEBUG] Screen::getContents() finish.
[2026-06-14 16:49:38] [DEBUG] Screen::updateAreaE() finish.
[2026-06-14 16:49:38] [DEBUG] ProjectController::projectSelectAction() finish.
[2026-06-14 16:49:38] [DEBUG] Screen::areaView() start...
[2026-06-14 16:49:38] [DEBUG] Screen::areaView() finish.
[2026-06-14 16:49:39] [DEBUG] --- wwProject System Start ---
[2026-06-14 16:49:39] [DEBUG] Router::Router() /jemini/wwProjectV1.15/Develop/Console/ServerBridgeAction/
[2026-06-14 16:49:39] [DEBUG] Attempting to load: \Develop\Controllers\ConsoleController::ServerBridgeAction
[2026-06-14 16:49:39] [DEBUG] Router: Executing \Develop\Controllers\ConsoleController->ServerBridgeAction
[2026-06-14 16:49:39] [DEBUG] ConsoleController::ServerBridge() start...
[2026-06-14 16:49:39] [DEBUG] ConsoleController::ServerBridge() \Develop\Controllers\ProjectDefinitionController::initialAction()
[2026-06-14 16:49:39] [DEBUG] ProjectDefinitionController::initialAction() start...
[2026-06-14 16:49:39] [DEBUG] ProjectModel::getProjectList() start...
[2026-06-14 16:49:39] [DEBUG] ProjectModel::getProjectList() finish.
[2026-06-14 16:49:39] [DEBUG] Screen::updateAreaD() path: \Develop\Views\AreaD\ProjectDefinition\ProjectDefinitionList.view start...
[2026-06-14 16:49:39] [DEBUG] Screen::getContents() start...
[2026-06-14 16:49:39] [DEBUG] Screen::getContents() finish.
[2026-06-14 16:49:39] [DEBUG] Screen::updateAreaD() finish.
[2026-06-14 16:49:39] [DEBUG] ProjectDefinitionController::initialAction() finish.
[2026-06-14 16:49:39] [DEBUG] Screen::areaView() start...
[2026-06-14 16:49:39] [DEBUG] Screen::areaView() finish.
[2026-06-14 16:49:40] [DEBUG] --- wwProject System Start ---
[2026-06-14 16:49:40] [DEBUG] Router::Router() /jemini/wwProjectV1.15/Develop/Console/ServerBridgeAction/
[2026-06-14 16:49:40] [DEBUG] Attempting to load: \Develop\Controllers\ConsoleController::ServerBridgeAction
[2026-06-14 16:49:40] [DEBUG] Router: Executing \Develop\Controllers\ConsoleController->ServerBridgeAction
[2026-06-14 16:49:40] [DEBUG] ConsoleController::ServerBridge() start...
[2026-06-14 16:49:40] [DEBUG] ConsoleController::ServerBridge() \Develop\Controllers\ProjectDefinitionController::projectDetailAction()
[2026-06-14 16:49:40] [DEBUG] ProjectDefinitionController::projectDetailAction() start...
[2026-06-14 16:49:40] [DEBUG] ProjectModel::getProjectById() start... ProjectID: PRJ-W613KU
[2026-06-14 16:49:40] [DEBUG] Screen::updateAreaE() [iframe起動版] path: \Develop\Views\AreaE\ProjectDefinition\ProjectDefinitionEdit.view start...
[2026-06-14 16:49:40] [DEBUG] Screen::getContents() start...
[2026-06-14 16:49:40] [DEBUG] Screen::getContents() finish.
[2026-06-14 16:49:40] [DEBUG] Screen::updateAreaE() finish.
[2026-06-14 16:49:40] [DEBUG] ProjectDefinitionController::projectDetailAction() finish.
[2026-06-14 16:49:40] [DEBUG] Screen::areaView() start...
[2026-06-14 16:49:40] [DEBUG] Screen::areaView() finish.
[2026-06-14 16:50:34] [DEBUG] --- wwProject System Start ---
[2026-06-14 16:50:34] [DEBUG] Router::Router() /jemini/wwProjectV1.15/Develop/Console/ServerBridgeAction/
[2026-06-14 16:50:34] [DEBUG] Attempting to load: \Develop\Controllers\ConsoleController::ServerBridgeAction
[2026-06-14 16:50:34] [DEBUG] Router: Executing \Develop\Controllers\ConsoleController->ServerBridgeAction
[2026-06-14 16:50:34] [DEBUG] ConsoleController::ServerBridge() start...
[2026-06-14 16:50:34] [DEBUG] ConsoleController::ServerBridge() \Develop\Controllers\ProjectDefinitionController::cancelEditAction()
[2026-06-14 16:50:34] [DEBUG] ProjectDefinitionController::cancelEdit() start...
[2026-06-14 16:50:34] [DEBUG] Screen::updateAreaE() [iframe起動版] path: \Develop\Views\AreaE\Area_E_clear.view start...
[2026-06-14 16:50:34] [DEBUG] Screen::getContents() start...
[2026-06-14 16:50:34] [DEBUG] Screen::getContents() finish.
[2026-06-14 16:50:34] [DEBUG] Screen::updateAreaE() finish.
[2026-06-14 16:50:34] [DEBUG] ProjectDefinitionController::cancelEdit() finish.
[2026-06-14 16:50:34] [DEBUG] Screen::areaView() start...
[2026-06-14 16:50:34] [DEBUG] Screen::areaView() finish.
[2026-06-14 16:50:37] [DEBUG] --- wwProject System Start ---
[2026-06-14 16:50:37] [DEBUG] Router::Router() /jemini/wwProjectV1.15/develop/
[2026-06-14 16:50:37] [DEBUG] Attempting to load: \Develop\Controllers\LoginController::initialAction
[2026-06-14 16:50:37] [DEBUG] Router: Executing \Develop\Controllers\LoginController->initialAction
[2026-06-14 16:50:37] [DEBUG] Login::initialAction() start...
[2026-06-14 16:50:37] [DEBUG] Login::initialAction() errorMessage : 
[2026-06-14 16:50:37] [DEBUG] Screen::view() path: \Develop\Views\Login\Login.view start...
[2026-06-14 16:50:37] [DEBUG] Screen::getContents() start...
[2026-06-14 16:50:37] [DEBUG] Screen::getContents() finish.
[2026-06-14 16:50:37] [DEBUG] Screen::view() path: \Develop\Views\Login\Login.view finish.
[2026-06-14 16:50:37] [DEBUG] Login::initialAction() finish.
[2026-06-14 16:50:40] [DEBUG] --- wwProject System Start ---
[2026-06-14 16:50:40] [DEBUG] Router::Router() /jemini/wwProjectV1.15/Develop/Login/authentication/
[2026-06-14 16:50:40] [DEBUG] Attempting to load: \Develop\Controllers\LoginController::authenticationAction
[2026-06-14 16:50:40] [DEBUG] Router: Executing \Develop\Controllers\LoginController->authenticationAction
[2026-06-14 16:50:40] [DEBUG] Login::AuthenticationAction() start...
[2026-06-14 16:50:40] [DEBUG] Login OK - x
[2026-06-14 16:50:40] [DEBUG] Session::start()
[2026-06-14 16:50:40] [DEBUG] Redirect to Console::initialAction()
[2026-06-14 16:50:40] [DEBUG] --- wwProject System Start ---
[2026-06-14 16:50:40] [DEBUG] Router::Router() /jemini/wwProjectV1.15/Develop/Console/initial/
[2026-06-14 16:50:40] [DEBUG] Attempting to load: \Develop\Controllers\ConsoleController::initialAction
[2026-06-14 16:50:40] [DEBUG] Router: Executing \Develop\Controllers\ConsoleController->initialAction
[2026-06-14 16:50:40] [DEBUG] Console::initialAction() start...
[2026-06-14 16:50:40] [DEBUG] Screen::view() path: \Develop\Views\Console\Console.view start...
[2026-06-14 16:50:40] [DEBUG] Screen::getContents() start...
[2026-06-14 16:50:40] [DEBUG] Screen::getContents() finish.
[2026-06-14 16:50:40] [DEBUG] Screen::view() path: \Develop\Views\Console\Console.view finish.
[2026-06-14 16:50:40] [DEBUG] ConsoleController::initialAction() finish.
[2026-06-14 16:50:40] [DEBUG] --- wwProject System Start ---
[2026-06-14 16:50:40] [DEBUG] Router::Router() /jemini/wwProjectV1.15/Develop/Console/ServerBridgeAction/
[2026-06-14 16:50:40] [DEBUG] Attempting to load: \Develop\Controllers\ConsoleController::ServerBridgeAction
[2026-06-14 16:50:40] [DEBUG] Router: Executing \Develop\Controllers\ConsoleController->ServerBridgeAction
[2026-06-14 16:50:40] [DEBUG] ConsoleController::ServerBridge() start...
[2026-06-14 16:50:40] [DEBUG] ConsoleController::ServerBridge() \Develop\Controllers\ConsoleController::areaInitialAction()
[2026-06-14 16:50:40] [DEBUG] ConsoleController::AreaInitialAction() start...
[2026-06-14 16:50:40] [DEBUG] Screen::updateAreaA() path: \Develop\Views\AreaA\Area_A.view start...
[2026-06-14 16:50:40] [DEBUG] Screen::areaView() sending JSON: ["areas"]
[2026-06-14 16:50:40] [DEBUG] Screen::getContents() start...
[2026-06-14 16:50:40] [DEBUG] Screen::getContents() finish.
[2026-06-14 16:50:40] [DEBUG] Screen::updateAreaA() finish.
[2026-06-14 16:50:40] [DEBUG] Screen::updateAreaB() path: \Develop\Views\AreaB\Area_B.view start...
[2026-06-14 16:50:40] [DEBUG] Screen::getContents() start...
[2026-06-14 16:50:40] [DEBUG] Screen::getContents() finish.
[2026-06-14 16:50:40] [DEBUG] Screen::updateAreaB() finish.
[2026-06-14 16:50:40] [DEBUG] Screen::updateAreaD() path: \Develop\Views\AreaD\Area_D_clear.view start...
[2026-06-14 16:50:40] [DEBUG] Screen::getContents() start...
[2026-06-14 16:50:40] [DEBUG] Screen::getContents() finish.
[2026-06-14 16:50:40] [DEBUG] Screen::updateAreaD() finish.
[2026-06-14 16:50:40] [DEBUG] Screen::updateAreaE() [iframe起動版] path: \Develop\Views\AreaE\Area_E_clear.view start...
[2026-06-14 16:50:40] [DEBUG] Screen::getContents() start...
[2026-06-14 16:50:40] [DEBUG] Screen::getContents() finish.
[2026-06-14 16:50:40] [DEBUG] Screen::updateAreaE() finish.
[2026-06-14 16:50:40] [DEBUG] Screen::updateAreaF() path: \Develop\Views\AreaF\Area_F.view start...
[2026-06-14 16:50:40] [DEBUG] Screen::getContents() start...
[2026-06-14 16:50:40] [DEBUG] Screen::getContents() finish.
[2026-06-14 16:50:40] [DEBUG] Screen::updateAreaF() finish.
[2026-06-14 16:50:40] [DEBUG] ProjectController::startProjectNabi() start...
[2026-06-14 16:50:40] [DEBUG] ProjectController::getProjectListHtml() start...
[2026-06-14 16:50:40] [DEBUG] ProjectModel::getProjectList() start...
[2026-06-14 16:50:40] [DEBUG] ProjectModel::getProjectList() finish.
[2026-06-14 16:50:40] [DEBUG] CodeMasterModel：：getCodesByGroup() start...
[2026-06-14 16:50:40] [DEBUG] CodeMasterModel：：getCodesByGroup() finish.
[2026-06-14 16:50:40] [DEBUG] ProjectController::getNaviFooterHtml() start...
[2026-06-14 16:50:40] [DEBUG] ProjectController::getNaviFooterHtml() finish.
[2026-06-14 16:50:40] [DEBUG] ProjectController::startProjectNabi() finish.
[2026-06-14 16:50:40] [DEBUG] Screen::updateAreaC() \Develop\Views\AreaC\Area_C.view start...
[2026-06-14 16:50:40] [DEBUG] Screen::getContents() start...
[2026-06-14 16:50:40] [DEBUG] Screen::getContents() finish.
[2026-06-14 16:50:40] [DEBUG] Screen::updateAreaC() finish.
[2026-06-14 16:50:40] [DEBUG] ConsoleController::AreaInitialAction() finish.
[2026-06-14 16:50:40] [DEBUG] Screen::areaView() start...
[2026-06-14 16:50:40] [DEBUG] Screen::areaView() finish.
[2026-06-14 16:50:41] [DEBUG] --- wwProject System Start ---
[2026-06-14 16:50:41] [DEBUG] Router::Router() /jemini/wwProjectV1.15/Develop/Console/ServerBridgeAction/
[2026-06-14 16:50:41] [DEBUG] Attempting to load: \Develop\Controllers\ConsoleController::ServerBridgeAction
[2026-06-14 16:50:41] [DEBUG] Router: Executing \Develop\Controllers\ConsoleController->ServerBridgeAction
[2026-06-14 16:50:41] [DEBUG] ConsoleController::ServerBridge() start...
[2026-06-14 16:50:41] [DEBUG] ConsoleController::ServerBridge() \Develop\Controllers\ProjectController::projectSelectAction()
[2026-06-14 16:50:41] [DEBUG] ProjectController::projectSelectAction() start...
[2026-06-14 16:50:41] [DEBUG] ProjectController::projectSelectAction() ☆★☆　SampleProject１
[2026-06-14 16:50:41] [DEBUG] Screen::updateAreaB() path: \Develop\Views\AreaB\Area_B.view start...
[2026-06-14 16:50:41] [DEBUG] Screen::getContents() start...
[2026-06-14 16:50:41] [DEBUG] Screen::getContents() finish.
[2026-06-14 16:50:41] [DEBUG] Screen::updateAreaB() finish.
[2026-06-14 16:50:41] [DEBUG] ProjectController::projectSelectAction() PRJ-D45FEF : PRJ-D45FEF
[2026-06-14 16:50:41] [DEBUG] ProjectController::getProjectListHtml() start...
[2026-06-14 16:50:41] [DEBUG] ProjectModel::getProjectList() start...
[2026-06-14 16:50:41] [DEBUG] ProjectModel::getProjectList() finish.
[2026-06-14 16:50:41] [DEBUG] CodeMasterModel：：getCodesByGroup() start...
[2026-06-14 16:50:41] [DEBUG] CodeMasterModel：：getCodesByGroup() finish.
[2026-06-14 16:50:41] [DEBUG] ProjectController::getNaviFooterHtml() start...
[2026-06-14 16:50:41] [DEBUG] ProjectController::getNaviFooterHtml() finish.
[2026-06-14 16:50:41] [DEBUG] Screen::updateAreaC() \Develop\Views\AreaC\Area_C.view start...
[2026-06-14 16:50:41] [DEBUG] Screen::getContents() start...
[2026-06-14 16:50:41] [DEBUG] Screen::getContents() finish.
[2026-06-14 16:50:41] [DEBUG] Screen::updateAreaC() finish.
[2026-06-14 16:50:41] [DEBUG] Screen::updateAreaD() path: \Develop\Views\AreaD\Area_D_clear.view start...
[2026-06-14 16:50:41] [DEBUG] Screen::getContents() start...
[2026-06-14 16:50:41] [DEBUG] Screen::getContents() finish.
[2026-06-14 16:50:41] [DEBUG] Screen::updateAreaD() finish.
[2026-06-14 16:50:41] [DEBUG] Screen::updateAreaE() [iframe起動版] path: \Develop\Views\AreaE\Area_E_clear.view start...
[2026-06-14 16:50:41] [DEBUG] Screen::getContents() start...
[2026-06-14 16:50:41] [DEBUG] Screen::getContents() finish.
[2026-06-14 16:50:41] [DEBUG] Screen::updateAreaE() finish.
[2026-06-14 16:50:41] [DEBUG] ProjectController::projectSelectAction() finish.
[2026-06-14 16:50:41] [DEBUG] Screen::areaView() start...
[2026-06-14 16:50:41] [DEBUG] Screen::areaView() finish.
[2026-06-14 16:50:42] [DEBUG] --- wwProject System Start ---
[2026-06-14 16:50:42] [DEBUG] Router::Router() /jemini/wwProjectV1.15/Develop/Console/ServerBridgeAction/
[2026-06-14 16:50:42] [DEBUG] Attempting to load: \Develop\Controllers\ConsoleController::ServerBridgeAction
[2026-06-14 16:50:42] [DEBUG] Router: Executing \Develop\Controllers\ConsoleController->ServerBridgeAction
[2026-06-14 16:50:42] [DEBUG] ConsoleController::ServerBridge() start...
[2026-06-14 16:50:42] [DEBUG] ConsoleController::ServerBridge() \Develop\Controllers\ProjectDefinitionController::initialAction()
[2026-06-14 16:50:42] [DEBUG] ProjectDefinitionController::initialAction() start...
[2026-06-14 16:50:42] [DEBUG] ProjectModel::getProjectList() start...
[2026-06-14 16:50:42] [DEBUG] ProjectModel::getProjectList() finish.
[2026-06-14 16:50:42] [DEBUG] Screen::updateAreaD() path: \Develop\Views\AreaD\ProjectDefinition\ProjectDefinitionList.view start...
[2026-06-14 16:50:42] [DEBUG] Screen::getContents() start...
[2026-06-14 16:50:42] [DEBUG] Screen::getContents() finish.
[2026-06-14 16:50:42] [DEBUG] Screen::updateAreaD() finish.
[2026-06-14 16:50:42] [DEBUG] ProjectDefinitionController::initialAction() finish.
[2026-06-14 16:50:42] [DEBUG] Screen::areaView() start...
[2026-06-14 16:50:42] [DEBUG] Screen::areaView() finish.
[2026-06-14 16:50:43] [DEBUG] --- wwProject System Start ---
[2026-06-14 16:50:43] [DEBUG] Router::Router() /jemini/wwProjectV1.15/Develop/Console/ServerBridgeAction/
[2026-06-14 16:50:43] [DEBUG] Attempting to load: \Develop\Controllers\ConsoleController::ServerBridgeAction
[2026-06-14 16:50:43] [DEBUG] Router: Executing \Develop\Controllers\ConsoleController->ServerBridgeAction
[2026-06-14 16:50:43] [DEBUG] ConsoleController::ServerBridge() start...
[2026-06-14 16:50:43] [DEBUG] ConsoleController::ServerBridge() \Develop\Controllers\ProjectDefinitionController::projectDetailAction()
[2026-06-14 16:50:43] [DEBUG] ProjectDefinitionController::projectDetailAction() start...
[2026-06-14 16:50:43] [DEBUG] ProjectModel::getProjectById() start... ProjectID: PRJ-W613KU
[2026-06-14 16:50:43] [DEBUG] Screen::updateAreaE() [iframe起動版] path: \Develop\Views\AreaE\ProjectDefinition\ProjectDefinitionEdit.view start...
[2026-06-14 16:50:43] [DEBUG] Screen::getContents() start...
[2026-06-14 16:50:43] [DEBUG] Screen::getContents() finish.
[2026-06-14 16:50:43] [DEBUG] Screen::updateAreaE() finish.
[2026-06-14 16:50:43] [DEBUG] ProjectDefinitionController::projectDetailAction() finish.
[2026-06-14 16:50:43] [DEBUG] Screen::areaView() start...
[2026-06-14 16:50:43] [DEBUG] Screen::areaView() finish.
[2026-06-14 16:50:48] [DEBUG] --- wwProject System Start ---
[2026-06-14 16:50:48] [DEBUG] Router::Router() /jemini/wwProjectV1.15/Develop/Console/ServerBridgeAction/
[2026-06-14 16:50:48] [DEBUG] Attempting to load: \Develop\Controllers\ConsoleController::ServerBridgeAction
[2026-06-14 16:50:48] [DEBUG] Router: Executing \Develop\Controllers\ConsoleController->ServerBridgeAction
[2026-06-14 16:50:48] [DEBUG] ConsoleController::ServerBridge() start...
[2026-06-14 16:50:48] [DEBUG] ConsoleController::ServerBridge() \Develop\Controllers\ProjectDefinitionController::cancelEditAction()
[2026-06-14 16:50:48] [DEBUG] ProjectDefinitionController::cancelEdit() start...
[2026-06-14 16:50:48] [DEBUG] Screen::updateAreaE() [iframe起動版] path: \Develop\Views\AreaE\Area_E_clear.view start...
[2026-06-14 16:50:48] [DEBUG] Screen::getContents() start...
[2026-06-14 16:50:48] [DEBUG] Screen::getContents() finish.
[2026-06-14 16:50:48] [DEBUG] Screen::updateAreaE() finish.
[2026-06-14 16:50:48] [DEBUG] ProjectDefinitionController::cancelEdit() finish.
[2026-06-14 16:50:48] [DEBUG] Screen::areaView() start...
[2026-06-14 16:50:48] [DEBUG] Screen::areaView() finish.
[2026-06-14 16:50:55] [DEBUG] --- wwProject System Start ---
[2026-06-14 16:50:55] [DEBUG] Router::Router() /jemini/wwProjectV1.15/Develop/Console/ServerBridgeAction/
[2026-06-14 16:50:55] [DEBUG] Attempting to load: \Develop\Controllers\ConsoleController::ServerBridgeAction
[2026-06-14 16:50:55] [DEBUG] Router: Executing \Develop\Controllers\ConsoleController->ServerBridgeAction
[2026-06-14 16:50:55] [DEBUG] ConsoleController::ServerBridge() start...
[2026-06-14 16:50:55] [DEBUG] ConsoleController::ServerBridge() \Develop\Controllers\ProjectDefinitionController::projectDetailAction()
[2026-06-14 16:50:55] [DEBUG] ProjectDefinitionController::projectDetailAction() start...
[2026-06-14 16:50:55] [DEBUG] ProjectModel::getProjectById() start... ProjectID: PRJ-W613KU
[2026-06-14 16:50:55] [DEBUG] Screen::updateAreaE() [iframe起動版] path: \Develop\Views\AreaE\ProjectDefinition\ProjectDefinitionEdit.view start...
[2026-06-14 16:50:55] [DEBUG] Screen::getContents() start...
[2026-06-14 16:50:55] [DEBUG] Screen::getContents() finish.
[2026-06-14 16:50:55] [DEBUG] Screen::updateAreaE() finish.
[2026-06-14 16:50:55] [DEBUG] ProjectDefinitionController::projectDetailAction() finish.
[2026-06-14 16:50:55] [DEBUG] Screen::areaView() start...
[2026-06-14 16:50:55] [DEBUG] Screen::areaView() finish.
[2026-06-14 16:51:25] [DEBUG] --- wwProject System Start ---
[2026-06-14 16:51:25] [DEBUG] Router::Router() /jemini/wwProjectV1.15/Develop/Console/ServerBridgeAction/
[2026-06-14 16:51:25] [DEBUG] Attempting to load: \Develop\Controllers\ConsoleController::ServerBridgeAction
[2026-06-14 16:51:25] [DEBUG] Router: Executing \Develop\Controllers\ConsoleController->ServerBridgeAction
[2026-06-14 16:51:25] [DEBUG] ConsoleController::ServerBridge() start...
[2026-06-14 16:51:25] [DEBUG] ConsoleController::ServerBridge() \Develop\Controllers\ProjectDefinitionController::cancelEditAction()
[2026-06-14 16:51:25] [DEBUG] ProjectDefinitionController::cancelEdit() start...
[2026-06-14 16:51:25] [DEBUG] Screen::updateAreaE() [iframe起動版] path: \Develop\Views\AreaE\Area_E_clear.view start...
[2026-06-14 16:51:25] [DEBUG] Screen::getContents() start...
[2026-06-14 16:51:25] [DEBUG] Screen::getContents() finish.
[2026-06-14 16:51:25] [DEBUG] Screen::updateAreaE() finish.
[2026-06-14 16:51:25] [DEBUG] ProjectDefinitionController::cancelEdit() finish.
[2026-06-14 16:51:25] [DEBUG] Screen::areaView() start...
[2026-06-14 16:51:25] [DEBUG] Screen::areaView() finish.
[2026-06-14 16:52:15] [DEBUG] --- wwProject System Start ---
[2026-06-14 16:52:15] [DEBUG] Router::Router() /jemini/wwProjectV1.15/develop/
[2026-06-14 16:52:15] [DEBUG] Attempting to load: \Develop\Controllers\LoginController::initialAction
[2026-06-14 16:52:15] [DEBUG] Router: Executing \Develop\Controllers\LoginController->initialAction
[2026-06-14 16:52:15] [DEBUG] Login::initialAction() start...
[2026-06-14 16:52:15] [DEBUG] Login::initialAction() errorMessage : 
[2026-06-14 16:52:15] [DEBUG] Screen::view() path: \Develop\Views\Login\Login.view start...
[2026-06-14 16:52:15] [DEBUG] Screen::getContents() start...
[2026-06-14 16:52:15] [DEBUG] Screen::getContents() finish.
[2026-06-14 16:52:15] [DEBUG] Screen::view() path: \Develop\Views\Login\Login.view finish.
[2026-06-14 16:52:15] [DEBUG] Login::initialAction() finish.
[2026-06-14 16:52:18] [DEBUG] --- wwProject System Start ---
[2026-06-14 16:52:18] [DEBUG] Router::Router() /jemini/wwProjectV1.15/Develop/Login/authentication/
[2026-06-14 16:52:18] [DEBUG] Attempting to load: \Develop\Controllers\LoginController::authenticationAction
[2026-06-14 16:52:18] [DEBUG] Router: Executing \Develop\Controllers\LoginController->authenticationAction
[2026-06-14 16:52:18] [DEBUG] Login::AuthenticationAction() start...
[2026-06-14 16:52:18] [DEBUG] Login OK - x
[2026-06-14 16:52:18] [DEBUG] Session::start()
[2026-06-14 16:52:18] [DEBUG] Redirect to Console::initialAction()
[2026-06-14 16:52:18] [DEBUG] --- wwProject System Start ---
[2026-06-14 16:52:18] [DEBUG] Router::Router() /jemini/wwProjectV1.15/Develop/Console/initial/
[2026-06-14 16:52:18] [DEBUG] Attempting to load: \Develop\Controllers\ConsoleController::initialAction
[2026-06-14 16:52:18] [DEBUG] Router: Executing \Develop\Controllers\ConsoleController->initialAction
[2026-06-14 16:52:18] [DEBUG] Console::initialAction() start...
[2026-06-14 16:52:18] [DEBUG] Screen::view() path: \Develop\Views\Console\Console.view start...
[2026-06-14 16:52:18] [DEBUG] Screen::getContents() start...
[2026-06-14 16:52:18] [DEBUG] Screen::getContents() finish.
[2026-06-14 16:52:18] [DEBUG] Screen::view() path: \Develop\Views\Console\Console.view finish.
[2026-06-14 16:52:18] [DEBUG] ConsoleController::initialAction() finish.
[2026-06-14 16:52:18] [DEBUG] --- wwProject System Start ---
[2026-06-14 16:52:18] [DEBUG] Router::Router() /jemini/wwProjectV1.15/Develop/Console/ServerBridgeAction/
[2026-06-14 16:52:18] [DEBUG] Attempting to load: \Develop\Controllers\ConsoleController::ServerBridgeAction
[2026-06-14 16:52:18] [DEBUG] Router: Executing \Develop\Controllers\ConsoleController->ServerBridgeAction
[2026-06-14 16:52:18] [DEBUG] ConsoleController::ServerBridge() start...
[2026-06-14 16:52:18] [DEBUG] ConsoleController::ServerBridge() \Develop\Controllers\ConsoleController::areaInitialAction()
[2026-06-14 16:52:18] [DEBUG] ConsoleController::AreaInitialAction() start...
[2026-06-14 16:52:18] [DEBUG] Screen::updateAreaA() path: \Develop\Views\AreaA\Area_A.view start...
[2026-06-14 16:52:18] [DEBUG] Screen::areaView() sending JSON: ["areas"]
[2026-06-14 16:52:18] [DEBUG] Screen::getContents() start...
[2026-06-14 16:52:18] [DEBUG] Screen::getContents() finish.
[2026-06-14 16:52:18] [DEBUG] Screen::updateAreaA() finish.
[2026-06-14 16:52:18] [DEBUG] Screen::updateAreaB() path: \Develop\Views\AreaB\Area_B.view start...
[2026-06-14 16:52:18] [DEBUG] Screen::getContents() start...
[2026-06-14 16:52:18] [DEBUG] Screen::getContents() finish.
[2026-06-14 16:52:18] [DEBUG] Screen::updateAreaB() finish.
[2026-06-14 16:52:18] [DEBUG] Screen::updateAreaD() path: \Develop\Views\AreaD\Area_D_clear.view start...
[2026-06-14 16:52:18] [DEBUG] Screen::getContents() start...
[2026-06-14 16:52:18] [DEBUG] Screen::getContents() finish.
[2026-06-14 16:52:18] [DEBUG] Screen::updateAreaD() finish.
[2026-06-14 16:52:18] [DEBUG] Screen::updateAreaE() [iframe起動版] path: \Develop\Views\AreaE\Area_E_clear.view start...
[2026-06-14 16:52:18] [DEBUG] Screen::getContents() start...
[2026-06-14 16:52:18] [DEBUG] Screen::getContents() finish.
[2026-06-14 16:52:18] [DEBUG] Screen::updateAreaE() finish.
[2026-06-14 16:52:18] [DEBUG] Screen::updateAreaF() path: \Develop\Views\AreaF\Area_F.view start...
[2026-06-14 16:52:18] [DEBUG] Screen::getContents() start...
[2026-06-14 16:52:18] [DEBUG] Screen::getContents() finish.
[2026-06-14 16:52:18] [DEBUG] Screen::updateAreaF() finish.
[2026-06-14 16:52:18] [DEBUG] ProjectController::startProjectNabi() start...
[2026-06-14 16:52:18] [DEBUG] ProjectController::getProjectListHtml() start...
[2026-06-14 16:52:18] [DEBUG] ProjectModel::getProjectList() start...
[2026-06-14 16:52:18] [DEBUG] ProjectModel::getProjectList() finish.
[2026-06-14 16:52:18] [DEBUG] CodeMasterModel：：getCodesByGroup() start...
[2026-06-14 16:52:18] [DEBUG] CodeMasterModel：：getCodesByGroup() finish.
[2026-06-14 16:52:18] [DEBUG] ProjectController::getNaviFooterHtml() start...
[2026-06-14 16:52:18] [DEBUG] ProjectController::getNaviFooterHtml() finish.
[2026-06-14 16:52:18] [DEBUG] ProjectController::startProjectNabi() finish.
[2026-06-14 16:52:18] [DEBUG] Screen::updateAreaC() \Develop\Views\AreaC\Area_C.view start...
[2026-06-14 16:52:18] [DEBUG] Screen::getContents() start...
[2026-06-14 16:52:18] [DEBUG] Screen::getContents() finish.
[2026-06-14 16:52:18] [DEBUG] Screen::updateAreaC() finish.
[2026-06-14 16:52:18] [DEBUG] ConsoleController::AreaInitialAction() finish.
[2026-06-14 16:52:18] [DEBUG] Screen::areaView() start...
[2026-06-14 16:52:18] [DEBUG] Screen::areaView() finish.
[2026-06-14 16:52:19] [DEBUG] --- wwProject System Start ---
[2026-06-14 16:52:19] [DEBUG] Router::Router() /jemini/wwProjectV1.15/Develop/Console/ServerBridgeAction/
[2026-06-14 16:52:19] [DEBUG] Attempting to load: \Develop\Controllers\ConsoleController::ServerBridgeAction
[2026-06-14 16:52:19] [DEBUG] Router: Executing \Develop\Controllers\ConsoleController->ServerBridgeAction
[2026-06-14 16:52:19] [DEBUG] ConsoleController::ServerBridge() start...
[2026-06-14 16:52:19] [DEBUG] ConsoleController::ServerBridge() \Develop\Controllers\ProjectController::projectSelectAction()
[2026-06-14 16:52:19] [DEBUG] ProjectController::projectSelectAction() start...
[2026-06-14 16:52:19] [DEBUG] ProjectController::projectSelectAction() ☆★☆　SampleProject１
[2026-06-14 16:52:19] [DEBUG] Screen::updateAreaB() path: \Develop\Views\AreaB\Area_B.view start...
[2026-06-14 16:52:19] [DEBUG] Screen::getContents() start...
[2026-06-14 16:52:19] [DEBUG] Screen::getContents() finish.
[2026-06-14 16:52:19] [DEBUG] Screen::updateAreaB() finish.
[2026-06-14 16:52:19] [DEBUG] ProjectController::projectSelectAction() PRJ-D45FEF : PRJ-D45FEF
[2026-06-14 16:52:19] [DEBUG] ProjectController::getProjectListHtml() start...
[2026-06-14 16:52:19] [DEBUG] ProjectModel::getProjectList() start...
[2026-06-14 16:52:19] [DEBUG] ProjectModel::getProjectList() finish.
[2026-06-14 16:52:19] [DEBUG] CodeMasterModel：：getCodesByGroup() start...
[2026-06-14 16:52:19] [DEBUG] CodeMasterModel：：getCodesByGroup() finish.
[2026-06-14 16:52:19] [DEBUG] ProjectController::getNaviFooterHtml() start...
[2026-06-14 16:52:19] [DEBUG] ProjectController::getNaviFooterHtml() finish.
[2026-06-14 16:52:19] [DEBUG] Screen::updateAreaC() \Develop\Views\AreaC\Area_C.view start...
[2026-06-14 16:52:19] [DEBUG] Screen::getContents() start...
[2026-06-14 16:52:19] [DEBUG] Screen::getContents() finish.
[2026-06-14 16:52:19] [DEBUG] Screen::updateAreaC() finish.
[2026-06-14 16:52:19] [DEBUG] Screen::updateAreaD() path: \Develop\Views\AreaD\Area_D_clear.view start...
[2026-06-14 16:52:19] [DEBUG] Screen::getContents() start...
[2026-06-14 16:52:19] [DEBUG] Screen::getContents() finish.
[2026-06-14 16:52:19] [DEBUG] Screen::updateAreaD() finish.
[2026-06-14 16:52:19] [DEBUG] Screen::updateAreaE() [iframe起動版] path: \Develop\Views\AreaE\Area_E_clear.view start...
[2026-06-14 16:52:19] [DEBUG] Screen::getContents() start...
[2026-06-14 16:52:19] [DEBUG] Screen::getContents() finish.
[2026-06-14 16:52:19] [DEBUG] Screen::updateAreaE() finish.
[2026-06-14 16:52:19] [DEBUG] ProjectController::projectSelectAction() finish.
[2026-06-14 16:52:19] [DEBUG] Screen::areaView() start...
[2026-06-14 16:52:19] [DEBUG] Screen::areaView() finish.
[2026-06-14 16:52:21] [DEBUG] --- wwProject System Start ---
[2026-06-14 16:52:21] [DEBUG] Router::Router() /jemini/wwProjectV1.15/Develop/Console/ServerBridgeAction/
[2026-06-14 16:52:21] [DEBUG] Attempting to load: \Develop\Controllers\ConsoleController::ServerBridgeAction
[2026-06-14 16:52:21] [DEBUG] Router: Executing \Develop\Controllers\ConsoleController->ServerBridgeAction
[2026-06-14 16:52:21] [DEBUG] ConsoleController::ServerBridge() start...
[2026-06-14 16:52:21] [DEBUG] ConsoleController::ServerBridge() \Develop\Controllers\ProjectDefinitionController::initialAction()
[2026-06-14 16:52:21] [DEBUG] ProjectDefinitionController::initialAction() start...
[2026-06-14 16:52:21] [DEBUG] ProjectModel::getProjectList() start...
[2026-06-14 16:52:21] [DEBUG] ProjectModel::getProjectList() finish.
[2026-06-14 16:52:21] [DEBUG] Screen::updateAreaD() path: \Develop\Views\AreaD\ProjectDefinition\ProjectDefinitionList.view start...
[2026-06-14 16:52:21] [DEBUG] Screen::getContents() start...
[2026-06-14 16:52:21] [DEBUG] Screen::getContents() finish.
[2026-06-14 16:52:21] [DEBUG] Screen::updateAreaD() finish.
[2026-06-14 16:52:21] [DEBUG] ProjectDefinitionController::initialAction() finish.
[2026-06-14 16:52:21] [DEBUG] Screen::areaView() start...
[2026-06-14 16:52:21] [DEBUG] Screen::areaView() finish.
[2026-06-14 16:52:22] [DEBUG] --- wwProject System Start ---
[2026-06-14 16:52:22] [DEBUG] Router::Router() /jemini/wwProjectV1.15/Develop/Console/ServerBridgeAction/
[2026-06-14 16:52:22] [DEBUG] Attempting to load: \Develop\Controllers\ConsoleController::ServerBridgeAction
[2026-06-14 16:52:22] [DEBUG] Router: Executing \Develop\Controllers\ConsoleController->ServerBridgeAction
[2026-06-14 16:52:22] [DEBUG] ConsoleController::ServerBridge() start...
[2026-06-14 16:52:22] [DEBUG] ConsoleController::ServerBridge() \Develop\Controllers\ProjectDefinitionController::projectDetailAction()
[2026-06-14 16:52:22] [DEBUG] ProjectDefinitionController::projectDetailAction() start...
[2026-06-14 16:52:22] [DEBUG] ProjectModel::getProjectById() start... ProjectID: PRJ-W613KU
[2026-06-14 16:52:22] [DEBUG] Screen::updateAreaE() [iframe起動版] path: \Develop\Views\AreaE\ProjectDefinition\ProjectDefinitionEdit.view start...
[2026-06-14 16:52:22] [DEBUG] Screen::getContents() start...
[2026-06-14 16:52:22] [DEBUG] Screen::getContents() finish.
[2026-06-14 16:52:22] [DEBUG] Screen::updateAreaE() finish.
[2026-06-14 16:52:22] [DEBUG] ProjectDefinitionController::projectDetailAction() finish.
[2026-06-14 16:52:22] [DEBUG] Screen::areaView() start...
[2026-06-14 16:52:22] [DEBUG] Screen::areaView() finish.
[2026-06-14 16:52:26] [DEBUG] --- wwProject System Start ---
[2026-06-14 16:52:26] [DEBUG] Router::Router() /jemini/wwProjectV1.15/Develop/Console/ServerBridgeAction/
[2026-06-14 16:52:26] [DEBUG] Attempting to load: \Develop\Controllers\ConsoleController::ServerBridgeAction
[2026-06-14 16:52:26] [DEBUG] Router: Executing \Develop\Controllers\ConsoleController->ServerBridgeAction
[2026-06-14 16:52:26] [DEBUG] ConsoleController::ServerBridge() start...
[2026-06-14 16:52:26] [DEBUG] ConsoleController::ServerBridge() \Develop\Controllers\ProjectDefinitionController::cancelEditAction()
[2026-06-14 16:52:26] [DEBUG] ProjectDefinitionController::cancelEdit() start...
[2026-06-14 16:52:26] [DEBUG] Screen::updateAreaE() [iframe起動版] path: \Develop\Views\AreaE\Area_E_clear.view start...
[2026-06-14 16:52:26] [DEBUG] Screen::getContents() start...
[2026-06-14 16:52:26] [DEBUG] Screen::getContents() finish.
[2026-06-14 16:52:26] [DEBUG] Screen::updateAreaE() finish.
[2026-06-14 16:52:26] [ERROR] ConsoleController::ServerBridge Fatal: Call to undefined method Develop\Controllers\ProjectDefinitionController::updateAreaF()
[2026-06-14 16:54:41] [DEBUG] --- wwProject System Start ---
[2026-06-14 16:54:41] [DEBUG] Router::Router() /jemini/wwProjectV1.15/Develop/Console/ServerBridgeAction/
[2026-06-14 16:54:41] [DEBUG] Attempting to load: \Develop\Controllers\ConsoleController::ServerBridgeAction
[2026-06-14 16:54:41] [DEBUG] Router: Executing \Develop\Controllers\ConsoleController->ServerBridgeAction
[2026-06-14 16:54:41] [DEBUG] ConsoleController::ServerBridge() start...
[2026-06-14 16:54:41] [DEBUG] ConsoleController::ServerBridge() \Develop\Controllers\ProjectDefinitionController::cancelEditAction()
[2026-06-14 16:54:41] [DEBUG] ProjectDefinitionController::cancelEdit() start...
[2026-06-14 16:54:41] [DEBUG] Screen::updateAreaE() [iframe起動版] path: \Develop\Views\AreaE\Area_E_clear.view start...
[2026-06-14 16:54:41] [DEBUG] Screen::getContents() start...
[2026-06-14 16:54:41] [DEBUG] Screen::getContents() finish.
[2026-06-14 16:54:41] [DEBUG] Screen::updateAreaE() finish.
[2026-06-14 16:54:41] [DEBUG] ProjectDefinitionController::cancelEdit() finish.
[2026-06-14 16:54:41] [DEBUG] Screen::areaView() start...
[2026-06-14 16:54:41] [DEBUG] Screen::areaView() finish.
[2026-06-14 16:54:45] [DEBUG] --- wwProject System Start ---
[2026-06-14 16:54:45] [DEBUG] Router::Router() /jemini/wwProjectV1.15/develop/
[2026-06-14 16:54:45] [DEBUG] Attempting to load: \Develop\Controllers\LoginController::initialAction
[2026-06-14 16:54:45] [DEBUG] Router: Executing \Develop\Controllers\LoginController->initialAction
[2026-06-14 16:54:45] [DEBUG] Login::initialAction() start...
[2026-06-14 16:54:45] [DEBUG] Login::initialAction() errorMessage : 
[2026-06-14 16:54:45] [DEBUG] Screen::view() path: \Develop\Views\Login\Login.view start...
[2026-06-14 16:54:45] [DEBUG] Screen::getContents() start...
[2026-06-14 16:54:45] [DEBUG] Screen::getContents() finish.
[2026-06-14 16:54:45] [DEBUG] Screen::view() path: \Develop\Views\Login\Login.view finish.
[2026-06-14 16:54:45] [DEBUG] Login::initialAction() finish.
[2026-06-14 16:54:49] [DEBUG] --- wwProject System Start ---
[2026-06-14 16:54:49] [DEBUG] Router::Router() /jemini/wwProjectV1.15/Develop/Login/authentication/
[2026-06-14 16:54:49] [DEBUG] Attempting to load: \Develop\Controllers\LoginController::authenticationAction
[2026-06-14 16:54:49] [DEBUG] Router: Executing \Develop\Controllers\LoginController->authenticationAction
[2026-06-14 16:54:49] [DEBUG] Login::AuthenticationAction() start...
[2026-06-14 16:54:49] [DEBUG] Login OK - x
[2026-06-14 16:54:49] [DEBUG] Session::start()
[2026-06-14 16:54:49] [DEBUG] Redirect to Console::initialAction()
[2026-06-14 16:54:49] [DEBUG] --- wwProject System Start ---
[2026-06-14 16:54:49] [DEBUG] Router::Router() /jemini/wwProjectV1.15/Develop/Console/initial/
[2026-06-14 16:54:49] [DEBUG] Attempting to load: \Develop\Controllers\ConsoleController::initialAction
[2026-06-14 16:54:49] [DEBUG] Router: Executing \Develop\Controllers\ConsoleController->initialAction
[2026-06-14 16:54:49] [DEBUG] Console::initialAction() start...
[2026-06-14 16:54:49] [DEBUG] Screen::view() path: \Develop\Views\Console\Console.view start...
[2026-06-14 16:54:49] [DEBUG] Screen::getContents() start...
[2026-06-14 16:54:49] [DEBUG] Screen::getContents() finish.
[2026-06-14 16:54:49] [DEBUG] Screen::view() path: \Develop\Views\Console\Console.view finish.
[2026-06-14 16:54:49] [DEBUG] ConsoleController::initialAction() finish.
[2026-06-14 16:54:49] [DEBUG] --- wwProject System Start ---
[2026-06-14 16:54:49] [DEBUG] Router::Router() /jemini/wwProjectV1.15/Develop/Console/ServerBridgeAction/
[2026-06-14 16:54:49] [DEBUG] Attempting to load: \Develop\Controllers\ConsoleController::ServerBridgeAction
[2026-06-14 16:54:49] [DEBUG] Router: Executing \Develop\Controllers\ConsoleController->ServerBridgeAction
[2026-06-14 16:54:49] [DEBUG] ConsoleController::ServerBridge() start...
[2026-06-14 16:54:49] [DEBUG] ConsoleController::ServerBridge() \Develop\Controllers\ConsoleController::areaInitialAction()
[2026-06-14 16:54:49] [DEBUG] ConsoleController::AreaInitialAction() start...
[2026-06-14 16:54:49] [DEBUG] Screen::updateAreaA() path: \Develop\Views\AreaA\Area_A.view start...
[2026-06-14 16:54:49] [DEBUG] Screen::areaView() sending JSON: ["areas"]
[2026-06-14 16:54:49] [DEBUG] Screen::getContents() start...
[2026-06-14 16:54:49] [DEBUG] Screen::getContents() finish.
[2026-06-14 16:54:49] [DEBUG] Screen::updateAreaA() finish.
[2026-06-14 16:54:49] [DEBUG] Screen::updateAreaB() path: \Develop\Views\AreaB\Area_B.view start...
[2026-06-14 16:54:49] [DEBUG] Screen::getContents() start...
[2026-06-14 16:54:49] [DEBUG] Screen::getContents() finish.
[2026-06-14 16:54:49] [DEBUG] Screen::updateAreaB() finish.
[2026-06-14 16:54:49] [DEBUG] Screen::updateAreaD() path: \Develop\Views\AreaD\Area_D_clear.view start...
[2026-06-14 16:54:49] [DEBUG] Screen::getContents() start...
[2026-06-14 16:54:49] [DEBUG] Screen::getContents() finish.
[2026-06-14 16:54:49] [DEBUG] Screen::updateAreaD() finish.
[2026-06-14 16:54:49] [DEBUG] Screen::updateAreaE() [iframe起動版] path: \Develop\Views\AreaE\Area_E_clear.view start...
[2026-06-14 16:54:49] [DEBUG] Screen::getContents() start...
[2026-06-14 16:54:49] [DEBUG] Screen::getContents() finish.
[2026-06-14 16:54:49] [DEBUG] Screen::updateAreaE() finish.
[2026-06-14 16:54:49] [DEBUG] Screen::updateAreaF() path: \Develop\Views\AreaF\Area_F.view start...
[2026-06-14 16:54:49] [DEBUG] Screen::getContents() start...
[2026-06-14 16:54:49] [DEBUG] Screen::getContents() finish.
[2026-06-14 16:54:49] [DEBUG] Screen::updateAreaF() finish.
[2026-06-14 16:54:49] [DEBUG] ProjectController::startProjectNabi() start...
[2026-06-14 16:54:49] [DEBUG] ProjectController::getProjectListHtml() start...
[2026-06-14 16:54:49] [DEBUG] ProjectModel::getProjectList() start...
[2026-06-14 16:54:49] [DEBUG] ProjectModel::getProjectList() finish.
[2026-06-14 16:54:49] [DEBUG] CodeMasterModel：：getCodesByGroup() start...
[2026-06-14 16:54:49] [DEBUG] CodeMasterModel：：getCodesByGroup() finish.
[2026-06-14 16:54:49] [DEBUG] ProjectController::getNaviFooterHtml() start...
[2026-06-14 16:54:49] [DEBUG] ProjectController::getNaviFooterHtml() finish.
[2026-06-14 16:54:49] [DEBUG] ProjectController::startProjectNabi() finish.
[2026-06-14 16:54:49] [DEBUG] Screen::updateAreaC() \Develop\Views\AreaC\Area_C.view start...
[2026-06-14 16:54:49] [DEBUG] Screen::getContents() start...
[2026-06-14 16:54:49] [DEBUG] Screen::getContents() finish.
[2026-06-14 16:54:49] [DEBUG] Screen::updateAreaC() finish.
[2026-06-14 16:54:49] [DEBUG] ConsoleController::AreaInitialAction() finish.
[2026-06-14 16:54:49] [DEBUG] Screen::areaView() start...
[2026-06-14 16:54:49] [DEBUG] Screen::areaView() finish.
[2026-06-14 16:54:50] [DEBUG] --- wwProject System Start ---
[2026-06-14 16:54:50] [DEBUG] Router::Router() /jemini/wwProjectV1.15/Develop/Console/ServerBridgeAction/
[2026-06-14 16:54:50] [DEBUG] Attempting to load: \Develop\Controllers\ConsoleController::ServerBridgeAction
[2026-06-14 16:54:50] [DEBUG] Router: Executing \Develop\Controllers\ConsoleController->ServerBridgeAction
[2026-06-14 16:54:50] [DEBUG] ConsoleController::ServerBridge() start...
[2026-06-14 16:54:50] [DEBUG] ConsoleController::ServerBridge() \Develop\Controllers\ProjectController::projectSelectAction()
[2026-06-14 16:54:50] [DEBUG] ProjectController::projectSelectAction() start...
[2026-06-14 16:54:50] [DEBUG] ProjectController::projectSelectAction() ☆★☆　SampleProject１
[2026-06-14 16:54:50] [DEBUG] Screen::updateAreaB() path: \Develop\Views\AreaB\Area_B.view start...
[2026-06-14 16:54:50] [DEBUG] Screen::getContents() start...
[2026-06-14 16:54:50] [DEBUG] Screen::getContents() finish.
[2026-06-14 16:54:50] [DEBUG] Screen::updateAreaB() finish.
[2026-06-14 16:54:50] [DEBUG] ProjectController::projectSelectAction() PRJ-D45FEF : PRJ-D45FEF
[2026-06-14 16:54:50] [DEBUG] ProjectController::getProjectListHtml() start...
[2026-06-14 16:54:50] [DEBUG] ProjectModel::getProjectList() start...
[2026-06-14 16:54:50] [DEBUG] ProjectModel::getProjectList() finish.
[2026-06-14 16:54:50] [DEBUG] CodeMasterModel：：getCodesByGroup() start...
[2026-06-14 16:54:50] [DEBUG] CodeMasterModel：：getCodesByGroup() finish.
[2026-06-14 16:54:50] [DEBUG] ProjectController::getNaviFooterHtml() start...
[2026-06-14 16:54:50] [DEBUG] ProjectController::getNaviFooterHtml() finish.
[2026-06-14 16:54:50] [DEBUG] Screen::updateAreaC() \Develop\Views\AreaC\Area_C.view start...
[2026-06-14 16:54:50] [DEBUG] Screen::getContents() start...
[2026-06-14 16:54:50] [DEBUG] Screen::getContents() finish.
[2026-06-14 16:54:50] [DEBUG] Screen::updateAreaC() finish.
[2026-06-14 16:54:50] [DEBUG] Screen::updateAreaD() path: \Develop\Views\AreaD\Area_D_clear.view start...
[2026-06-14 16:54:50] [DEBUG] Screen::getContents() start...
[2026-06-14 16:54:50] [DEBUG] Screen::getContents() finish.
[2026-06-14 16:54:50] [DEBUG] Screen::updateAreaD() finish.
[2026-06-14 16:54:50] [DEBUG] Screen::updateAreaE() [iframe起動版] path: \Develop\Views\AreaE\Area_E_clear.view start...
[2026-06-14 16:54:50] [DEBUG] Screen::getContents() start...
[2026-06-14 16:54:50] [DEBUG] Screen::getContents() finish.
[2026-06-14 16:54:50] [DEBUG] Screen::updateAreaE() finish.
[2026-06-14 16:54:50] [DEBUG] ProjectController::projectSelectAction() finish.
[2026-06-14 16:54:50] [DEBUG] Screen::areaView() start...
[2026-06-14 16:54:50] [DEBUG] Screen::areaView() finish.
[2026-06-14 16:54:51] [DEBUG] --- wwProject System Start ---
[2026-06-14 16:54:51] [DEBUG] Router::Router() /jemini/wwProjectV1.15/Develop/Console/ServerBridgeAction/
[2026-06-14 16:54:51] [DEBUG] Attempting to load: \Develop\Controllers\ConsoleController::ServerBridgeAction
[2026-06-14 16:54:51] [DEBUG] Router: Executing \Develop\Controllers\ConsoleController->ServerBridgeAction
[2026-06-14 16:54:51] [DEBUG] ConsoleController::ServerBridge() start...
[2026-06-14 16:54:51] [DEBUG] ConsoleController::ServerBridge() \Develop\Controllers\ProjectDefinitionController::initialAction()
[2026-06-14 16:54:51] [DEBUG] ProjectDefinitionController::initialAction() start...
[2026-06-14 16:54:51] [DEBUG] ProjectModel::getProjectList() start...
[2026-06-14 16:54:51] [DEBUG] ProjectModel::getProjectList() finish.
[2026-06-14 16:54:51] [DEBUG] Screen::updateAreaD() path: \Develop\Views\AreaD\ProjectDefinition\ProjectDefinitionList.view start...
[2026-06-14 16:54:51] [DEBUG] Screen::getContents() start...
[2026-06-14 16:54:51] [DEBUG] Screen::getContents() finish.
[2026-06-14 16:54:51] [DEBUG] Screen::updateAreaD() finish.
[2026-06-14 16:54:51] [DEBUG] ProjectDefinitionController::initialAction() finish.
[2026-06-14 16:54:51] [DEBUG] Screen::areaView() start...
[2026-06-14 16:54:51] [DEBUG] Screen::areaView() finish.
[2026-06-14 16:54:52] [DEBUG] --- wwProject System Start ---
[2026-06-14 16:54:52] [DEBUG] Router::Router() /jemini/wwProjectV1.15/Develop/Console/ServerBridgeAction/
[2026-06-14 16:54:52] [DEBUG] Attempting to load: \Develop\Controllers\ConsoleController::ServerBridgeAction
[2026-06-14 16:54:52] [DEBUG] Router: Executing \Develop\Controllers\ConsoleController->ServerBridgeAction
[2026-06-14 16:54:52] [DEBUG] ConsoleController::ServerBridge() start...
[2026-06-14 16:54:52] [DEBUG] ConsoleController::ServerBridge() \Develop\Controllers\ProjectDefinitionController::projectDetailAction()
[2026-06-14 16:54:52] [DEBUG] ProjectDefinitionController::projectDetailAction() start...
[2026-06-14 16:54:52] [DEBUG] ProjectModel::getProjectById() start... ProjectID: PRJ-W613KU
[2026-06-14 16:54:52] [DEBUG] Screen::updateAreaE() [iframe起動版] path: \Develop\Views\AreaE\ProjectDefinition\ProjectDefinitionEdit.view start...
[2026-06-14 16:54:52] [DEBUG] Screen::getContents() start...
[2026-06-14 16:54:52] [DEBUG] Screen::getContents() finish.
[2026-06-14 16:54:52] [DEBUG] Screen::updateAreaE() finish.
[2026-06-14 16:54:52] [DEBUG] ProjectDefinitionController::projectDetailAction() finish.
[2026-06-14 16:54:52] [DEBUG] Screen::areaView() start...
[2026-06-14 16:54:52] [DEBUG] Screen::areaView() finish.
[2026-06-14 16:55:02] [DEBUG] --- wwProject System Start ---
[2026-06-14 16:55:02] [DEBUG] Router::Router() /jemini/wwProjectV1.15/Develop/Console/ServerBridgeAction/
[2026-06-14 16:55:02] [DEBUG] Attempting to load: \Develop\Controllers\ConsoleController::ServerBridgeAction
[2026-06-14 16:55:02] [DEBUG] Router: Executing \Develop\Controllers\ConsoleController->ServerBridgeAction
[2026-06-14 16:55:02] [DEBUG] ConsoleController::ServerBridge() start...
[2026-06-14 16:55:02] [DEBUG] ConsoleController::ServerBridge() \Develop\Controllers\ProjectDefinitionController::updateProjectAction()
[2026-06-14 16:55:02] [DEBUG] ProjectDefinitionController::updateProjectAction() start...
[2026-06-14 16:55:02] [DEBUG] ProjectModel::updateProject() start... ProjectID: PRJ-W613KU
[2026-06-14 16:55:02] [DEBUG] ProjectModel::updateProject() DBレコード更新完了
[2026-06-14 16:55:02] [DEBUG] ProjectModel::createDSN() start... ProjectID: PRJ-W613KU
[2026-06-14 16:55:02] [DEBUG] ProjectModel::createDSN() ファイル生成成功: C:\xampp8\htdocs\jemini\wwProjectV1.15\Develop\Models/../../config/db_PRJ-W613KU.php
[2026-06-14 16:55:02] [DEBUG] Screen::updateAreaE() [iframe起動版] path: \Develop\Views\AreaE\Area_E_clear.view start...
[2026-06-14 16:55:02] [DEBUG] Screen::getContents() start...
[2026-06-14 16:55:02] [DEBUG] Screen::getContents() finish.
[2026-06-14 16:55:02] [DEBUG] Screen::updateAreaE() finish.
[2026-06-14 16:55:02] [DEBUG] ProjectModel::getProjectList() start...
[2026-06-14 16:55:02] [DEBUG] ProjectModel::getProjectList() finish.
[2026-06-14 16:55:02] [DEBUG] Screen::updateAreaD() path: \Develop\Views\AreaD\ProjectDefinition\ProjectDefinitionList.view start...
[2026-06-14 16:55:02] [DEBUG] Screen::getContents() start...
[2026-06-14 16:55:02] [DEBUG] Screen::getContents() finish.
[2026-06-14 16:55:02] [DEBUG] Screen::updateAreaD() finish.
[2026-06-14 16:55:02] [DEBUG] ProjectDefinitionController::updateProjectAction() finish.
[2026-06-14 16:55:02] [DEBUG] Screen::areaView() start...
[2026-06-14 16:55:02] [DEBUG] Screen::areaView() finish.
[2026-06-14 16:56:03] [DEBUG] --- wwProject System Start ---
[2026-06-14 16:56:03] [DEBUG] Router::Router() /jemini/wwProjectV1.15/Develop/Console/ServerBridgeAction/
[2026-06-14 16:56:03] [DEBUG] Attempting to load: \Develop\Controllers\ConsoleController::ServerBridgeAction
[2026-06-14 16:56:03] [DEBUG] Router: Executing \Develop\Controllers\ConsoleController->ServerBridgeAction
[2026-06-14 16:56:03] [DEBUG] ConsoleController::ServerBridge() start...
[2026-06-14 16:56:03] [DEBUG] ConsoleController::ServerBridge() \Develop\Controllers\ProjectDefinitionController::initialAction()
[2026-06-14 16:56:03] [DEBUG] ProjectDefinitionController::initialAction() start...
[2026-06-14 16:56:03] [DEBUG] ProjectModel::getProjectList() start...
[2026-06-14 16:56:03] [DEBUG] ProjectModel::getProjectList() finish.
[2026-06-14 16:56:03] [DEBUG] Screen::updateAreaD() path: \Develop\Views\AreaD\ProjectDefinition\ProjectDefinitionList.view start...
[2026-06-14 16:56:03] [DEBUG] Screen::getContents() start...
[2026-06-14 16:56:03] [DEBUG] Screen::getContents() finish.
[2026-06-14 16:56:03] [DEBUG] Screen::updateAreaD() finish.
[2026-06-14 16:56:03] [DEBUG] ProjectDefinitionController::initialAction() finish.
[2026-06-14 16:56:03] [DEBUG] Screen::areaView() start...
[2026-06-14 16:56:03] [DEBUG] Screen::areaView() finish.
[2026-06-14 16:56:04] [DEBUG] --- wwProject System Start ---
[2026-06-14 16:56:04] [DEBUG] Router::Router() /jemini/wwProjectV1.15/Develop/Console/ServerBridgeAction/
[2026-06-14 16:56:04] [DEBUG] Attempting to load: \Develop\Controllers\ConsoleController::ServerBridgeAction
[2026-06-14 16:56:04] [DEBUG] Router: Executing \Develop\Controllers\ConsoleController->ServerBridgeAction
[2026-06-14 16:56:04] [DEBUG] ConsoleController::ServerBridge() start...
[2026-06-14 16:56:04] [DEBUG] ConsoleController::ServerBridge() \Develop\Controllers\ProjectDefinitionController::projectDetailAction()
[2026-06-14 16:56:04] [DEBUG] ProjectDefinitionController::projectDetailAction() start...
[2026-06-14 16:56:04] [DEBUG] ProjectModel::getProjectById() start... ProjectID: PRJ-W613KU
[2026-06-14 16:56:04] [DEBUG] Screen::updateAreaE() [iframe起動版] path: \Develop\Views\AreaE\ProjectDefinition\ProjectDefinitionEdit.view start...
[2026-06-14 16:56:04] [DEBUG] Screen::getContents() start...
[2026-06-14 16:56:04] [DEBUG] Screen::getContents() finish.
[2026-06-14 16:56:04] [DEBUG] Screen::updateAreaE() finish.
[2026-06-14 16:56:04] [DEBUG] ProjectDefinitionController::projectDetailAction() finish.
[2026-06-14 16:56:04] [DEBUG] Screen::areaView() start...
[2026-06-14 16:56:04] [DEBUG] Screen::areaView() finish.
[2026-06-14 17:02:03] [DEBUG] --- wwProject System Start ---
[2026-06-14 17:02:03] [DEBUG] Router::Router() /jemini/wwProjectV1.15/develop/
[2026-06-14 17:02:03] [DEBUG] Attempting to load: \Develop\Controllers\LoginController::initialAction
[2026-06-14 17:02:03] [DEBUG] Router: Executing \Develop\Controllers\LoginController->initialAction
[2026-06-14 17:02:03] [DEBUG] Login::initialAction() start...
[2026-06-14 17:02:03] [DEBUG] Login::initialAction() errorMessage : 
[2026-06-14 17:02:03] [DEBUG] Screen::view() path: \Develop\Views\Login\Login.view start...
[2026-06-14 17:02:03] [DEBUG] Screen::getContents() start...
[2026-06-14 17:02:03] [DEBUG] Screen::getContents() finish.
[2026-06-14 17:02:03] [DEBUG] Screen::view() path: \Develop\Views\Login\Login.view finish.
[2026-06-14 17:02:03] [DEBUG] Login::initialAction() finish.
[2026-06-14 17:02:06] [DEBUG] --- wwProject System Start ---
[2026-06-14 17:02:06] [DEBUG] Router::Router() /jemini/wwProjectV1.15/Develop/Login/authentication/
[2026-06-14 17:02:06] [DEBUG] Attempting to load: \Develop\Controllers\LoginController::authenticationAction
[2026-06-14 17:02:06] [DEBUG] Router: Executing \Develop\Controllers\LoginController->authenticationAction
[2026-06-14 17:02:06] [DEBUG] Login::AuthenticationAction() start...
[2026-06-14 17:02:06] [DEBUG] Login OK - x
[2026-06-14 17:02:06] [DEBUG] Session::start()
[2026-06-14 17:02:06] [DEBUG] Redirect to Console::initialAction()
[2026-06-14 17:02:06] [DEBUG] --- wwProject System Start ---
[2026-06-14 17:02:06] [DEBUG] Router::Router() /jemini/wwProjectV1.15/Develop/Console/initial/
[2026-06-14 17:02:06] [DEBUG] Attempting to load: \Develop\Controllers\ConsoleController::initialAction
[2026-06-14 17:02:06] [DEBUG] Router: Executing \Develop\Controllers\ConsoleController->initialAction
[2026-06-14 17:02:06] [DEBUG] Console::initialAction() start...
[2026-06-14 17:02:06] [DEBUG] Screen::view() path: \Develop\Views\Console\Console.view start...
[2026-06-14 17:02:06] [DEBUG] Screen::getContents() start...
[2026-06-14 17:02:06] [DEBUG] Screen::getContents() finish.
[2026-06-14 17:02:06] [DEBUG] Screen::view() path: \Develop\Views\Console\Console.view finish.
[2026-06-14 17:02:06] [DEBUG] ConsoleController::initialAction() finish.
[2026-06-14 17:02:06] [DEBUG] --- wwProject System Start ---
[2026-06-14 17:02:06] [DEBUG] Router::Router() /jemini/wwProjectV1.15/Develop/Console/ServerBridgeAction/
[2026-06-14 17:02:06] [DEBUG] Attempting to load: \Develop\Controllers\ConsoleController::ServerBridgeAction
[2026-06-14 17:02:06] [DEBUG] Router: Executing \Develop\Controllers\ConsoleController->ServerBridgeAction
[2026-06-14 17:02:06] [DEBUG] ConsoleController::ServerBridge() start...
[2026-06-14 17:02:06] [DEBUG] ConsoleController::ServerBridge() \Develop\Controllers\ConsoleController::areaInitialAction()
[2026-06-14 17:02:06] [DEBUG] ConsoleController::AreaInitialAction() start...
[2026-06-14 17:02:06] [DEBUG] Screen::updateAreaA() path: \Develop\Views\AreaA\Area_A.view start...
[2026-06-14 17:02:06] [DEBUG] Screen::areaView() sending JSON: ["areas"]
[2026-06-14 17:02:06] [DEBUG] Screen::getContents() start...
[2026-06-14 17:02:06] [DEBUG] Screen::getContents() finish.
[2026-06-14 17:02:06] [DEBUG] Screen::updateAreaA() finish.
[2026-06-14 17:02:06] [DEBUG] Screen::updateAreaB() path: \Develop\Views\AreaB\Area_B.view start...
[2026-06-14 17:02:06] [DEBUG] Screen::getContents() start...
[2026-06-14 17:02:06] [DEBUG] Screen::getContents() finish.
[2026-06-14 17:02:06] [DEBUG] Screen::updateAreaB() finish.
[2026-06-14 17:02:06] [DEBUG] Screen::updateAreaD() path: \Develop\Views\AreaD\Area_D_clear.view start...
[2026-06-14 17:02:06] [DEBUG] Screen::getContents() start...
[2026-06-14 17:02:06] [DEBUG] Screen::getContents() finish.
[2026-06-14 17:02:06] [DEBUG] Screen::updateAreaD() finish.
[2026-06-14 17:02:06] [DEBUG] Screen::updateAreaE() [iframe起動版] path: \Develop\Views\AreaE\Area_E_clear.view start...
[2026-06-14 17:02:06] [DEBUG] Screen::getContents() start...
[2026-06-14 17:02:06] [DEBUG] Screen::getContents() finish.
[2026-06-14 17:02:06] [DEBUG] Screen::updateAreaE() finish.
[2026-06-14 17:02:06] [DEBUG] Screen::updateAreaF() path: \Develop\Views\AreaF\Area_F.view start...
[2026-06-14 17:02:06] [DEBUG] Screen::getContents() start...
[2026-06-14 17:02:06] [DEBUG] Screen::getContents() finish.
[2026-06-14 17:02:06] [DEBUG] Screen::updateAreaF() finish.
[2026-06-14 17:02:06] [DEBUG] ProjectController::startProjectNabi() start...
[2026-06-14 17:02:06] [DEBUG] ProjectController::getProjectListHtml() start...
[2026-06-14 17:02:06] [DEBUG] ProjectModel::getProjectList() start...
[2026-06-14 17:02:06] [DEBUG] ProjectModel::getProjectList() finish.
[2026-06-14 17:02:06] [DEBUG] CodeMasterModel：：getCodesByGroup() start...
[2026-06-14 17:02:06] [DEBUG] CodeMasterModel：：getCodesByGroup() finish.
[2026-06-14 17:02:06] [DEBUG] ProjectController::getNaviFooterHtml() start...
[2026-06-14 17:02:06] [DEBUG] ProjectController::getNaviFooterHtml() finish.
[2026-06-14 17:02:06] [DEBUG] ProjectController::startProjectNabi() finish.
[2026-06-14 17:02:06] [DEBUG] Screen::updateAreaC() \Develop\Views\AreaC\Area_C.view start...
[2026-06-14 17:02:06] [DEBUG] Screen::getContents() start...
[2026-06-14 17:02:06] [DEBUG] Screen::getContents() finish.
[2026-06-14 17:02:06] [DEBUG] Screen::updateAreaC() finish.
[2026-06-14 17:02:06] [DEBUG] ConsoleController::AreaInitialAction() finish.
[2026-06-14 17:02:06] [DEBUG] Screen::areaView() start...
[2026-06-14 17:02:06] [DEBUG] Screen::areaView() finish.
[2026-06-14 17:02:07] [DEBUG] --- wwProject System Start ---
[2026-06-14 17:02:07] [DEBUG] Router::Router() /jemini/wwProjectV1.15/Develop/Console/ServerBridgeAction/
[2026-06-14 17:02:07] [DEBUG] Attempting to load: \Develop\Controllers\ConsoleController::ServerBridgeAction
[2026-06-14 17:02:07] [DEBUG] Router: Executing \Develop\Controllers\ConsoleController->ServerBridgeAction
[2026-06-14 17:02:07] [DEBUG] ConsoleController::ServerBridge() start...
[2026-06-14 17:02:07] [DEBUG] ConsoleController::ServerBridge() \Develop\Controllers\ProjectController::projectSelectAction()
[2026-06-14 17:02:07] [DEBUG] ProjectController::projectSelectAction() start...
[2026-06-14 17:02:07] [DEBUG] ProjectController::projectSelectAction() ☆★☆　SampleProject１
[2026-06-14 17:02:07] [DEBUG] Screen::updateAreaB() path: \Develop\Views\AreaB\Area_B.view start...
[2026-06-14 17:02:07] [DEBUG] Screen::getContents() start...
[2026-06-14 17:02:07] [DEBUG] Screen::getContents() finish.
[2026-06-14 17:02:07] [DEBUG] Screen::updateAreaB() finish.
[2026-06-14 17:02:07] [DEBUG] ProjectController::projectSelectAction() PRJ-D45FEF : PRJ-D45FEF
[2026-06-14 17:02:07] [DEBUG] ProjectController::getProjectListHtml() start...
[2026-06-14 17:02:07] [DEBUG] ProjectModel::getProjectList() start...
[2026-06-14 17:02:07] [DEBUG] ProjectModel::getProjectList() finish.
[2026-06-14 17:02:07] [DEBUG] CodeMasterModel：：getCodesByGroup() start...
[2026-06-14 17:02:07] [DEBUG] CodeMasterModel：：getCodesByGroup() finish.
[2026-06-14 17:02:07] [DEBUG] ProjectController::getNaviFooterHtml() start...
[2026-06-14 17:02:07] [DEBUG] ProjectController::getNaviFooterHtml() finish.
[2026-06-14 17:02:07] [DEBUG] Screen::updateAreaC() \Develop\Views\AreaC\Area_C.view start...
[2026-06-14 17:02:07] [DEBUG] Screen::getContents() start...
[2026-06-14 17:02:07] [DEBUG] Screen::getContents() finish.
[2026-06-14 17:02:07] [DEBUG] Screen::updateAreaC() finish.
[2026-06-14 17:02:07] [DEBUG] Screen::updateAreaD() path: \Develop\Views\AreaD\Area_D_clear.view start...
[2026-06-14 17:02:07] [DEBUG] Screen::getContents() start...
[2026-06-14 17:02:07] [DEBUG] Screen::getContents() finish.
[2026-06-14 17:02:07] [DEBUG] Screen::updateAreaD() finish.
[2026-06-14 17:02:07] [DEBUG] Screen::updateAreaE() [iframe起動版] path: \Develop\Views\AreaE\Area_E_clear.view start...
[2026-06-14 17:02:07] [DEBUG] Screen::getContents() start...
[2026-06-14 17:02:07] [DEBUG] Screen::getContents() finish.
[2026-06-14 17:02:07] [DEBUG] Screen::updateAreaE() finish.
[2026-06-14 17:02:07] [DEBUG] ProjectController::projectSelectAction() finish.
[2026-06-14 17:02:07] [DEBUG] Screen::areaView() start...
[2026-06-14 17:02:07] [DEBUG] Screen::areaView() finish.
[2026-06-14 17:02:08] [DEBUG] --- wwProject System Start ---
[2026-06-14 17:02:08] [DEBUG] Router::Router() /jemini/wwProjectV1.15/Develop/Console/ServerBridgeAction/
[2026-06-14 17:02:08] [DEBUG] Attempting to load: \Develop\Controllers\ConsoleController::ServerBridgeAction
[2026-06-14 17:02:08] [DEBUG] Router: Executing \Develop\Controllers\ConsoleController->ServerBridgeAction
[2026-06-14 17:02:08] [DEBUG] ConsoleController::ServerBridge() start...
[2026-06-14 17:02:08] [DEBUG] ConsoleController::ServerBridge() \Develop\Controllers\ProjectDefinitionController::initialAction()
[2026-06-14 17:02:08] [DEBUG] ProjectDefinitionController::initialAction() start...
[2026-06-14 17:02:08] [DEBUG] ProjectModel::getProjectList() start...
[2026-06-14 17:02:08] [DEBUG] ProjectModel::getProjectList() finish.
[2026-06-14 17:02:08] [DEBUG] Screen::updateAreaD() path: \Develop\Views\AreaD\ProjectDefinition\ProjectDefinitionList.view start...
[2026-06-14 17:02:08] [DEBUG] Screen::getContents() start...
[2026-06-14 17:02:08] [DEBUG] Screen::getContents() finish.
[2026-06-14 17:02:08] [DEBUG] Screen::updateAreaD() finish.
[2026-06-14 17:02:08] [DEBUG] ProjectDefinitionController::initialAction() finish.
[2026-06-14 17:02:08] [DEBUG] Screen::areaView() start...
[2026-06-14 17:02:08] [DEBUG] Screen::areaView() finish.
[2026-06-14 17:02:09] [DEBUG] --- wwProject System Start ---
[2026-06-14 17:02:09] [DEBUG] Router::Router() /jemini/wwProjectV1.15/Develop/Console/ServerBridgeAction/
[2026-06-14 17:02:09] [DEBUG] Attempting to load: \Develop\Controllers\ConsoleController::ServerBridgeAction
[2026-06-14 17:02:09] [DEBUG] Router: Executing \Develop\Controllers\ConsoleController->ServerBridgeAction
[2026-06-14 17:02:09] [DEBUG] ConsoleController::ServerBridge() start...
[2026-06-14 17:02:09] [DEBUG] ConsoleController::ServerBridge() \Develop\Controllers\ProjectDefinitionController::projectDetailAction()
[2026-06-14 17:02:09] [DEBUG] ProjectDefinitionController::projectDetailAction() start...
[2026-06-14 17:02:09] [DEBUG] ProjectModel::getProjectById() start... ProjectID: PRJ-W613KU
[2026-06-14 17:02:09] [DEBUG] Screen::updateAreaE() [iframe起動版] path: \Develop\Views\AreaE\ProjectDefinition\ProjectDefinitionEdit.view start...
[2026-06-14 17:02:09] [DEBUG] Screen::getContents() start...
[2026-06-14 17:02:09] [DEBUG] Screen::getContents() finish.
[2026-06-14 17:02:09] [DEBUG] Screen::updateAreaE() finish.
[2026-06-14 17:02:09] [DEBUG] ProjectDefinitionController::projectDetailAction() finish.
[2026-06-14 17:02:09] [DEBUG] Screen::areaView() start...
[2026-06-14 17:02:09] [DEBUG] Screen::areaView() finish.
[2026-06-14 17:02:13] [DEBUG] --- wwProject System Start ---
[2026-06-14 17:02:13] [DEBUG] Router::Router() /jemini/wwProjectV1.15/Develop/Console/ServerBridgeAction/
[2026-06-14 17:02:13] [DEBUG] Attempting to load: \Develop\Controllers\ConsoleController::ServerBridgeAction
[2026-06-14 17:02:13] [DEBUG] Router: Executing \Develop\Controllers\ConsoleController->ServerBridgeAction
[2026-06-14 17:02:13] [DEBUG] ConsoleController::ServerBridge() start...
[2026-06-14 17:02:13] [DEBUG] ConsoleController::ServerBridge() \Develop\Controllers\ProjectDefinitionController::cancelEditAction()
[2026-06-14 17:02:13] [DEBUG] ProjectDefinitionController::cancelEdit() start...
[2026-06-14 17:02:13] [DEBUG] Screen::updateAreaE() [iframe起動版] path: \Develop\Views\AreaE\Area_E_clear.view start...
[2026-06-14 17:02:13] [DEBUG] Screen::getContents() start...
[2026-06-14 17:02:13] [DEBUG] Screen::getContents() finish.
[2026-06-14 17:02:13] [DEBUG] Screen::updateAreaE() finish.
[2026-06-14 17:02:13] [DEBUG] Screen::updateAreaF() path: プロジェクトの修正をキャンセルしました start...
[2026-06-14 17:02:13] [DEBUG] Screen::getContents() start...
[2026-06-14 17:02:13] [ERROR] Screen::getContents() Viewファイル欠損: C:/xampp8/htdocs/jemini/wwProjectV1.15プロジェクトの修正をキャンセルしました
[2026-06-14 17:02:13] [ERROR] ProjectDefinitionController::cancelEditAction() Error: Viewファイルが見つかりません。
[2026-06-14 17:02:13] [DEBUG] ProjectDefinitionController::cancelEdit() finish.
[2026-06-14 17:02:13] [DEBUG] Screen::areaView() start...
[2026-06-14 17:02:13] [DEBUG] Screen::areaView() finish.
[2026-06-14 17:02:28] [DEBUG] --- wwProject System Start ---
[2026-06-14 17:02:28] [DEBUG] Router::Router() /jemini/wwProjectV1.15/develop/
[2026-06-14 17:02:28] [DEBUG] Attempting to load: \Develop\Controllers\LoginController::initialAction
[2026-06-14 17:02:28] [DEBUG] Router: Executing \Develop\Controllers\LoginController->initialAction
[2026-06-14 17:02:28] [DEBUG] Login::initialAction() start...
[2026-06-14 17:02:28] [DEBUG] Login::initialAction() errorMessage : 
[2026-06-14 17:02:28] [DEBUG] Screen::view() path: \Develop\Views\Login\Login.view start...
[2026-06-14 17:02:28] [DEBUG] Screen::getContents() start...
[2026-06-14 17:02:28] [DEBUG] Screen::getContents() finish.
[2026-06-14 17:02:28] [DEBUG] Screen::view() path: \Develop\Views\Login\Login.view finish.
[2026-06-14 17:02:28] [DEBUG] Login::initialAction() finish.
[2026-06-14 17:02:30] [DEBUG] --- wwProject System Start ---
[2026-06-14 17:02:30] [DEBUG] Router::Router() /jemini/wwProjectV1.15/Develop/Login/authentication/
[2026-06-14 17:02:30] [DEBUG] Attempting to load: \Develop\Controllers\LoginController::authenticationAction
[2026-06-14 17:02:30] [DEBUG] Router: Executing \Develop\Controllers\LoginController->authenticationAction
[2026-06-14 17:02:30] [DEBUG] Login::AuthenticationAction() start...
[2026-06-14 17:02:30] [DEBUG] Login OK - x
[2026-06-14 17:02:30] [DEBUG] Session::start()
[2026-06-14 17:02:30] [DEBUG] Redirect to Console::initialAction()
[2026-06-14 17:02:30] [DEBUG] --- wwProject System Start ---
[2026-06-14 17:02:30] [DEBUG] Router::Router() /jemini/wwProjectV1.15/Develop/Console/initial/
[2026-06-14 17:02:30] [DEBUG] Attempting to load: \Develop\Controllers\ConsoleController::initialAction
[2026-06-14 17:02:30] [DEBUG] Router: Executing \Develop\Controllers\ConsoleController->initialAction
[2026-06-14 17:02:30] [DEBUG] Console::initialAction() start...
[2026-06-14 17:02:30] [DEBUG] Screen::view() path: \Develop\Views\Console\Console.view start...
[2026-06-14 17:02:30] [DEBUG] Screen::getContents() start...
[2026-06-14 17:02:30] [DEBUG] Screen::getContents() finish.
[2026-06-14 17:02:30] [DEBUG] Screen::view() path: \Develop\Views\Console\Console.view finish.
[2026-06-14 17:02:30] [DEBUG] ConsoleController::initialAction() finish.
[2026-06-14 17:02:30] [DEBUG] --- wwProject System Start ---
[2026-06-14 17:02:30] [DEBUG] Router::Router() /jemini/wwProjectV1.15/Develop/Console/ServerBridgeAction/
[2026-06-14 17:02:30] [DEBUG] Attempting to load: \Develop\Controllers\ConsoleController::ServerBridgeAction
[2026-06-14 17:02:30] [DEBUG] Router: Executing \Develop\Controllers\ConsoleController->ServerBridgeAction
[2026-06-14 17:02:30] [DEBUG] ConsoleController::ServerBridge() start...
[2026-06-14 17:02:30] [DEBUG] ConsoleController::ServerBridge() \Develop\Controllers\ConsoleController::areaInitialAction()
[2026-06-14 17:02:30] [DEBUG] ConsoleController::AreaInitialAction() start...
[2026-06-14 17:02:30] [DEBUG] Screen::updateAreaA() path: \Develop\Views\AreaA\Area_A.view start...
[2026-06-14 17:02:30] [DEBUG] Screen::areaView() sending JSON: ["areas"]
[2026-06-14 17:02:30] [DEBUG] Screen::getContents() start...
[2026-06-14 17:02:30] [DEBUG] Screen::getContents() finish.
[2026-06-14 17:02:30] [DEBUG] Screen::updateAreaA() finish.
[2026-06-14 17:02:30] [DEBUG] Screen::updateAreaB() path: \Develop\Views\AreaB\Area_B.view start...
[2026-06-14 17:02:30] [DEBUG] Screen::getContents() start...
[2026-06-14 17:02:30] [DEBUG] Screen::getContents() finish.
[2026-06-14 17:02:30] [DEBUG] Screen::updateAreaB() finish.
[2026-06-14 17:02:30] [DEBUG] Screen::updateAreaD() path: \Develop\Views\AreaD\Area_D_clear.view start...
[2026-06-14 17:02:30] [DEBUG] Screen::getContents() start...
[2026-06-14 17:02:30] [DEBUG] Screen::getContents() finish.
[2026-06-14 17:02:30] [DEBUG] Screen::updateAreaD() finish.
[2026-06-14 17:02:30] [DEBUG] Screen::updateAreaE() [iframe起動版] path: \Develop\Views\AreaE\Area_E_clear.view start...
[2026-06-14 17:02:30] [DEBUG] Screen::getContents() start...
[2026-06-14 17:02:30] [DEBUG] Screen::getContents() finish.
[2026-06-14 17:02:30] [DEBUG] Screen::updateAreaE() finish.
[2026-06-14 17:02:30] [DEBUG] Screen::updateAreaF() path: \Develop\Views\AreaF\Area_F.view start...
[2026-06-14 17:02:30] [DEBUG] Screen::getContents() start...
[2026-06-14 17:02:30] [DEBUG] Screen::getContents() finish.
[2026-06-14 17:02:30] [DEBUG] Screen::updateAreaF() finish.
[2026-06-14 17:02:30] [DEBUG] ProjectController::startProjectNabi() start...
[2026-06-14 17:02:30] [DEBUG] ProjectController::getProjectListHtml() start...
[2026-06-14 17:02:30] [DEBUG] ProjectModel::getProjectList() start...
[2026-06-14 17:02:30] [DEBUG] ProjectModel::getProjectList() finish.
[2026-06-14 17:02:30] [DEBUG] CodeMasterModel：：getCodesByGroup() start...
[2026-06-14 17:02:30] [DEBUG] CodeMasterModel：：getCodesByGroup() finish.
[2026-06-14 17:02:30] [DEBUG] ProjectController::getNaviFooterHtml() start...
[2026-06-14 17:02:30] [DEBUG] ProjectController::getNaviFooterHtml() finish.
[2026-06-14 17:02:30] [DEBUG] ProjectController::startProjectNabi() finish.
[2026-06-14 17:02:30] [DEBUG] Screen::updateAreaC() \Develop\Views\AreaC\Area_C.view start...
[2026-06-14 17:02:30] [DEBUG] Screen::getContents() start...
[2026-06-14 17:02:30] [DEBUG] Screen::getContents() finish.
[2026-06-14 17:02:30] [DEBUG] Screen::updateAreaC() finish.
[2026-06-14 17:02:30] [DEBUG] ConsoleController::AreaInitialAction() finish.
[2026-06-14 17:02:30] [DEBUG] Screen::areaView() start...
[2026-06-14 17:02:30] [DEBUG] Screen::areaView() finish.
[2026-06-14 17:02:33] [DEBUG] --- wwProject System Start ---
[2026-06-14 17:02:33] [DEBUG] Router::Router() /jemini/wwProjectV1.15/Develop/Console/ServerBridgeAction/
[2026-06-14 17:02:33] [DEBUG] Attempting to load: \Develop\Controllers\ConsoleController::ServerBridgeAction
[2026-06-14 17:02:33] [DEBUG] Router: Executing \Develop\Controllers\ConsoleController->ServerBridgeAction
[2026-06-14 17:02:33] [DEBUG] ConsoleController::ServerBridge() start...
[2026-06-14 17:02:33] [DEBUG] ConsoleController::ServerBridge() \Develop\Controllers\ProjectController::projectSelectAction()
[2026-06-14 17:02:33] [DEBUG] ProjectController::projectSelectAction() start...
[2026-06-14 17:02:33] [DEBUG] ProjectController::projectSelectAction() ☆★☆　SampleProject１
[2026-06-14 17:02:33] [DEBUG] Screen::updateAreaB() path: \Develop\Views\AreaB\Area_B.view start...
[2026-06-14 17:02:33] [DEBUG] Screen::getContents() start...
[2026-06-14 17:02:33] [DEBUG] Screen::getContents() finish.
[2026-06-14 17:02:33] [DEBUG] Screen::updateAreaB() finish.
[2026-06-14 17:02:33] [DEBUG] ProjectController::projectSelectAction() PRJ-D45FEF : PRJ-D45FEF
[2026-06-14 17:02:33] [DEBUG] ProjectController::getProjectListHtml() start...
[2026-06-14 17:02:33] [DEBUG] ProjectModel::getProjectList() start...
[2026-06-14 17:02:33] [DEBUG] ProjectModel::getProjectList() finish.
[2026-06-14 17:02:33] [DEBUG] CodeMasterModel：：getCodesByGroup() start...
[2026-06-14 17:02:33] [DEBUG] CodeMasterModel：：getCodesByGroup() finish.
[2026-06-14 17:02:33] [DEBUG] ProjectController::getNaviFooterHtml() start...
[2026-06-14 17:02:33] [DEBUG] ProjectController::getNaviFooterHtml() finish.
[2026-06-14 17:02:33] [DEBUG] Screen::updateAreaC() \Develop\Views\AreaC\Area_C.view start...
[2026-06-14 17:02:33] [DEBUG] Screen::getContents() start...
[2026-06-14 17:02:33] [DEBUG] Screen::getContents() finish.
[2026-06-14 17:02:33] [DEBUG] Screen::updateAreaC() finish.
[2026-06-14 17:02:33] [DEBUG] Screen::updateAreaD() path: \Develop\Views\AreaD\Area_D_clear.view start...
[2026-06-14 17:02:33] [DEBUG] Screen::getContents() start...
[2026-06-14 17:02:33] [DEBUG] Screen::getContents() finish.
[2026-06-14 17:02:33] [DEBUG] Screen::updateAreaD() finish.
[2026-06-14 17:02:33] [DEBUG] Screen::updateAreaE() [iframe起動版] path: \Develop\Views\AreaE\Area_E_clear.view start...
[2026-06-14 17:02:33] [DEBUG] Screen::getContents() start...
[2026-06-14 17:02:33] [DEBUG] Screen::getContents() finish.
[2026-06-14 17:02:33] [DEBUG] Screen::updateAreaE() finish.
[2026-06-14 17:02:33] [DEBUG] ProjectController::projectSelectAction() finish.
[2026-06-14 17:02:33] [DEBUG] Screen::areaView() start...
[2026-06-14 17:02:33] [DEBUG] Screen::areaView() finish.
[2026-06-14 17:02:34] [DEBUG] --- wwProject System Start ---
[2026-06-14 17:02:34] [DEBUG] Router::Router() /jemini/wwProjectV1.15/Develop/Console/ServerBridgeAction/
[2026-06-14 17:02:34] [DEBUG] Attempting to load: \Develop\Controllers\ConsoleController::ServerBridgeAction
[2026-06-14 17:02:34] [DEBUG] Router: Executing \Develop\Controllers\ConsoleController->ServerBridgeAction
[2026-06-14 17:02:34] [DEBUG] ConsoleController::ServerBridge() start...
[2026-06-14 17:02:34] [DEBUG] ConsoleController::ServerBridge() \Develop\Controllers\ProjectDefinitionController::initialAction()
[2026-06-14 17:02:34] [DEBUG] ProjectDefinitionController::initialAction() start...
[2026-06-14 17:02:34] [DEBUG] ProjectModel::getProjectList() start...
[2026-06-14 17:02:34] [DEBUG] ProjectModel::getProjectList() finish.
[2026-06-14 17:02:34] [DEBUG] Screen::updateAreaD() path: \Develop\Views\AreaD\ProjectDefinition\ProjectDefinitionList.view start...
[2026-06-14 17:02:34] [DEBUG] Screen::getContents() start...
[2026-06-14 17:02:34] [DEBUG] Screen::getContents() finish.
[2026-06-14 17:02:34] [DEBUG] Screen::updateAreaD() finish.
[2026-06-14 17:02:34] [DEBUG] ProjectDefinitionController::initialAction() finish.
[2026-06-14 17:02:34] [DEBUG] Screen::areaView() start...
[2026-06-14 17:02:34] [DEBUG] Screen::areaView() finish.
[2026-06-14 17:02:41] [DEBUG] --- wwProject System Start ---
[2026-06-14 17:02:41] [DEBUG] Router::Router() /jemini/wwProjectV1.15/Develop/Console/ServerBridgeAction/
[2026-06-14 17:02:41] [DEBUG] Attempting to load: \Develop\Controllers\ConsoleController::ServerBridgeAction
[2026-06-14 17:02:41] [DEBUG] Router: Executing \Develop\Controllers\ConsoleController->ServerBridgeAction
[2026-06-14 17:02:41] [DEBUG] ConsoleController::ServerBridge() start...
[2026-06-14 17:02:41] [DEBUG] ConsoleController::ServerBridge() \Develop\Controllers\ProjectDefinitionController::projectDetailAction()
[2026-06-14 17:02:41] [DEBUG] ProjectDefinitionController::projectDetailAction() start...
[2026-06-14 17:02:41] [DEBUG] ProjectModel::getProjectById() start... ProjectID: PRJ-W613KU
[2026-06-14 17:02:41] [DEBUG] Screen::updateAreaE() [iframe起動版] path: \Develop\Views\AreaE\ProjectDefinition\ProjectDefinitionEdit.view start...
[2026-06-14 17:02:41] [DEBUG] Screen::getContents() start...
[2026-06-14 17:02:41] [DEBUG] Screen::getContents() finish.
[2026-06-14 17:02:41] [DEBUG] Screen::updateAreaE() finish.
[2026-06-14 17:02:41] [DEBUG] ProjectDefinitionController::projectDetailAction() finish.
[2026-06-14 17:02:41] [DEBUG] Screen::areaView() start...
[2026-06-14 17:02:41] [DEBUG] Screen::areaView() finish.
[2026-06-14 17:03:16] [DEBUG] --- wwProject System Start ---
[2026-06-14 17:03:16] [DEBUG] Router::Router() /jemini/wwProjectV1.15/Develop/Console/ServerBridgeAction/
[2026-06-14 17:03:16] [DEBUG] Attempting to load: \Develop\Controllers\ConsoleController::ServerBridgeAction
[2026-06-14 17:03:16] [DEBUG] Router: Executing \Develop\Controllers\ConsoleController->ServerBridgeAction
[2026-06-14 17:03:16] [DEBUG] ConsoleController::ServerBridge() start...
[2026-06-14 17:03:16] [DEBUG] ConsoleController::ServerBridge() \Develop\Controllers\ProjectDefinitionController::updateProjectAction()
[2026-06-14 17:03:16] [DEBUG] ProjectDefinitionController::updateProjectAction() start...
[2026-06-14 17:03:16] [DEBUG] ProjectModel::updateProject() start... ProjectID: PRJ-W613KU
[2026-06-14 17:03:16] [DEBUG] ProjectModel::updateProject() DBレコード更新完了
[2026-06-14 17:03:16] [DEBUG] ProjectModel::createDSN() start... ProjectID: PRJ-W613KU
[2026-06-14 17:03:16] [DEBUG] ProjectModel::createDSN() ファイル生成成功: C:\xampp8\htdocs\jemini\wwProjectV1.15\Develop\Models/../../config/db_PRJ-W613KU.php
[2026-06-14 17:03:16] [DEBUG] Screen::updateAreaE() [iframe起動版] path: \Develop\Views\AreaE\Area_E_clear.view start...
[2026-06-14 17:03:16] [DEBUG] Screen::getContents() start...
[2026-06-14 17:03:16] [DEBUG] Screen::getContents() finish.
[2026-06-14 17:03:16] [DEBUG] Screen::updateAreaE() finish.
[2026-06-14 17:03:16] [DEBUG] ProjectModel::getProjectList() start...
[2026-06-14 17:03:16] [DEBUG] ProjectModel::getProjectList() finish.
[2026-06-14 17:03:16] [DEBUG] Screen::updateAreaD() path: \Develop\Views\AreaD\ProjectDefinition\ProjectDefinitionList.view start...
[2026-06-14 17:03:16] [DEBUG] Screen::getContents() start...
[2026-06-14 17:03:16] [DEBUG] Screen::getContents() finish.
[2026-06-14 17:03:16] [DEBUG] Screen::updateAreaD() finish.
[2026-06-14 17:03:16] [DEBUG] Screen::updateAreaF() path: プロジェクト [新規プロジェクト登録２] の定義を更新しました start...
[2026-06-14 17:03:16] [DEBUG] Screen::getContents() start...
[2026-06-14 17:03:16] [ERROR] Screen::getContents() Viewファイル欠損: C:/xampp8/htdocs/jemini/wwProjectV1.15プロジェクト [新規プロジェクト登録２] の定義を更新しました
[2026-06-14 17:03:16] [ERROR] ProjectDefinitionController::updateProjectAction() エラー: Viewファイルが見つかりません。
[2026-06-14 17:03:16] [DEBUG] ProjectDefinitionController::updateProjectAction() finish.
[2026-06-14 17:03:16] [DEBUG] Screen::areaView() start...
[2026-06-14 17:03:16] [DEBUG] Screen::areaView() finish.
[2026-06-14 17:03:49] [DEBUG] --- wwProject System Start ---
[2026-06-14 17:03:49] [DEBUG] Router::Router() /jemini/wwProjectV1.15/Develop/Console/ServerBridgeAction/
[2026-06-14 17:03:49] [DEBUG] Attempting to load: \Develop\Controllers\ConsoleController::ServerBridgeAction
[2026-06-14 17:03:49] [DEBUG] Router: Executing \Develop\Controllers\ConsoleController->ServerBridgeAction
[2026-06-14 17:03:49] [DEBUG] ConsoleController::ServerBridge() start...
[2026-06-14 17:03:49] [DEBUG] ConsoleController::ServerBridge() \Develop\Controllers\ProjectDefinitionController::projectDetailAction()
[2026-06-14 17:03:49] [DEBUG] ProjectDefinitionController::projectDetailAction() start...
[2026-06-14 17:03:49] [DEBUG] ProjectModel::getProjectById() start... ProjectID: PRJ-W613KU
[2026-06-14 17:03:49] [DEBUG] Screen::updateAreaE() [iframe起動版] path: \Develop\Views\AreaE\ProjectDefinition\ProjectDefinitionEdit.view start...
[2026-06-14 17:03:49] [DEBUG] Screen::getContents() start...
[2026-06-14 17:03:49] [DEBUG] Screen::getContents() finish.
[2026-06-14 17:03:49] [DEBUG] Screen::updateAreaE() finish.
[2026-06-14 17:03:49] [DEBUG] ProjectDefinitionController::projectDetailAction() finish.
[2026-06-14 17:03:49] [DEBUG] Screen::areaView() start...
[2026-06-14 17:03:49] [DEBUG] Screen::areaView() finish.
[2026-06-14 17:05:22] [DEBUG] --- wwProject System Start ---
[2026-06-14 17:05:22] [DEBUG] Router::Router() /jemini/wwProjectV1.15/Develop/Console/ServerBridgeAction/
[2026-06-14 17:05:22] [DEBUG] Attempting to load: \Develop\Controllers\ConsoleController::ServerBridgeAction
[2026-06-14 17:05:22] [DEBUG] Router: Executing \Develop\Controllers\ConsoleController->ServerBridgeAction
[2026-06-14 17:05:22] [DEBUG] ConsoleController::ServerBridge() start...
[2026-06-14 17:05:22] [DEBUG] ConsoleController::ServerBridge() \Develop\Controllers\ProjectDefinitionController::projectDetailAction()
[2026-06-14 17:05:22] [DEBUG] ProjectDefinitionController::projectDetailAction() start...
[2026-06-14 17:05:22] [DEBUG] ProjectModel::getProjectById() start... ProjectID: PRJ-W613KU
[2026-06-14 17:05:22] [DEBUG] Screen::updateAreaE() [iframe起動版] path: \Develop\Views\AreaE\ProjectDefinition\ProjectDefinitionEdit.view start...
[2026-06-14 17:05:22] [DEBUG] Screen::getContents() start...
[2026-06-14 17:05:22] [DEBUG] Screen::getContents() finish.
[2026-06-14 17:05:22] [DEBUG] Screen::updateAreaE() finish.
[2026-06-14 17:05:22] [DEBUG] ProjectDefinitionController::projectDetailAction() finish.
[2026-06-14 17:05:22] [DEBUG] Screen::areaView() start...
[2026-06-14 17:05:22] [DEBUG] Screen::areaView() finish.
[2026-06-14 17:07:15] [DEBUG] --- wwProject System Start ---
[2026-06-14 17:07:15] [DEBUG] Router::Router() /jemini/wwProjectV1.15/Develop/Console/ServerBridgeAction/
[2026-06-14 17:07:15] [DEBUG] Attempting to load: \Develop\Controllers\ConsoleController::ServerBridgeAction
[2026-06-14 17:07:15] [DEBUG] Router: Executing \Develop\Controllers\ConsoleController->ServerBridgeAction
[2026-06-14 17:07:15] [DEBUG] ConsoleController::ServerBridge() start...
[2026-06-14 17:07:15] [DEBUG] ConsoleController::ServerBridge() \Develop\Controllers\ProjectDefinitionController::projectDetailAction()
[2026-06-14 17:07:15] [DEBUG] ProjectDefinitionController::projectDetailAction() start...
[2026-06-14 17:07:15] [DEBUG] ProjectModel::getProjectById() start... ProjectID: PRJ-W613KU
[2026-06-14 17:07:15] [DEBUG] Screen::updateAreaE() [iframe起動版] path: \Develop\Views\AreaE\ProjectDefinition\ProjectDefinitionEdit.view start...
[2026-06-14 17:07:15] [DEBUG] Screen::getContents() start...
[2026-06-14 17:07:15] [DEBUG] Screen::getContents() finish.
[2026-06-14 17:07:15] [DEBUG] Screen::updateAreaE() finish.
[2026-06-14 17:07:15] [DEBUG] ProjectDefinitionController::projectDetailAction() finish.
[2026-06-14 17:07:15] [DEBUG] Screen::areaView() start...
[2026-06-14 17:07:15] [DEBUG] Screen::areaView() finish.
[2026-06-14 17:07:18] [DEBUG] --- wwProject System Start ---
[2026-06-14 17:07:18] [DEBUG] Router::Router() /jemini/wwProjectV1.15/Develop/Console/ServerBridgeAction/
[2026-06-14 17:07:18] [DEBUG] Attempting to load: \Develop\Controllers\ConsoleController::ServerBridgeAction
[2026-06-14 17:07:18] [DEBUG] Router: Executing \Develop\Controllers\ConsoleController->ServerBridgeAction
[2026-06-14 17:07:18] [DEBUG] ConsoleController::ServerBridge() start...
[2026-06-14 17:07:18] [DEBUG] ConsoleController::ServerBridge() \Develop\Controllers\ProjectDefinitionController::initialAction()
[2026-06-14 17:07:18] [DEBUG] ProjectDefinitionController::initialAction() start...
[2026-06-14 17:07:18] [DEBUG] ProjectModel::getProjectList() start...
[2026-06-14 17:07:18] [DEBUG] ProjectModel::getProjectList() finish.
[2026-06-14 17:07:18] [DEBUG] Screen::updateAreaD() path: \Develop\Views\AreaD\ProjectDefinition\ProjectDefinitionList.view start...
[2026-06-14 17:07:18] [DEBUG] Screen::getContents() start...
[2026-06-14 17:07:18] [DEBUG] Screen::getContents() finish.
[2026-06-14 17:07:18] [DEBUG] Screen::updateAreaD() finish.
[2026-06-14 17:07:18] [DEBUG] ProjectDefinitionController::initialAction() finish.
[2026-06-14 17:07:18] [DEBUG] Screen::areaView() start...
[2026-06-14 17:07:18] [DEBUG] Screen::areaView() finish.
[2026-06-14 17:07:20] [DEBUG] --- wwProject System Start ---
[2026-06-14 17:07:20] [DEBUG] Router::Router() /jemini/wwProjectV1.15/develop/
[2026-06-14 17:07:20] [DEBUG] Attempting to load: \Develop\Controllers\LoginController::initialAction
[2026-06-14 17:07:20] [DEBUG] Router: Executing \Develop\Controllers\LoginController->initialAction
[2026-06-14 17:07:20] [DEBUG] Login::initialAction() start...
[2026-06-14 17:07:20] [DEBUG] Login::initialAction() errorMessage : 
[2026-06-14 17:07:20] [DEBUG] Screen::view() path: \Develop\Views\Login\Login.view start...
[2026-06-14 17:07:20] [DEBUG] Screen::getContents() start...
[2026-06-14 17:07:20] [DEBUG] Screen::getContents() finish.
[2026-06-14 17:07:20] [DEBUG] Screen::view() path: \Develop\Views\Login\Login.view finish.
[2026-06-14 17:07:20] [DEBUG] Login::initialAction() finish.
[2026-06-14 17:07:22] [DEBUG] --- wwProject System Start ---
[2026-06-14 17:07:22] [DEBUG] Router::Router() /jemini/wwProjectV1.15/Develop/Login/authentication/
[2026-06-14 17:07:22] [DEBUG] Attempting to load: \Develop\Controllers\LoginController::authenticationAction
[2026-06-14 17:07:22] [DEBUG] Router: Executing \Develop\Controllers\LoginController->authenticationAction
[2026-06-14 17:07:22] [DEBUG] Login::AuthenticationAction() start...
[2026-06-14 17:07:22] [DEBUG] Login OK - x
[2026-06-14 17:07:22] [DEBUG] Session::start()
[2026-06-14 17:07:22] [DEBUG] Redirect to Console::initialAction()
[2026-06-14 17:07:22] [DEBUG] --- wwProject System Start ---
[2026-06-14 17:07:22] [DEBUG] Router::Router() /jemini/wwProjectV1.15/Develop/Console/initial/
[2026-06-14 17:07:22] [DEBUG] Attempting to load: \Develop\Controllers\ConsoleController::initialAction
[2026-06-14 17:07:22] [DEBUG] Router: Executing \Develop\Controllers\ConsoleController->initialAction
[2026-06-14 17:07:22] [DEBUG] Console::initialAction() start...
[2026-06-14 17:07:22] [DEBUG] Screen::view() path: \Develop\Views\Console\Console.view start...
[2026-06-14 17:07:22] [DEBUG] Screen::getContents() start...
[2026-06-14 17:07:22] [DEBUG] Screen::getContents() finish.
[2026-06-14 17:07:22] [DEBUG] Screen::view() path: \Develop\Views\Console\Console.view finish.
[2026-06-14 17:07:22] [DEBUG] ConsoleController::initialAction() finish.
[2026-06-14 17:07:23] [DEBUG] --- wwProject System Start ---
[2026-06-14 17:07:23] [DEBUG] Router::Router() /jemini/wwProjectV1.15/Develop/Console/ServerBridgeAction/
[2026-06-14 17:07:23] [DEBUG] Attempting to load: \Develop\Controllers\ConsoleController::ServerBridgeAction
[2026-06-14 17:07:23] [DEBUG] Router: Executing \Develop\Controllers\ConsoleController->ServerBridgeAction
[2026-06-14 17:07:23] [DEBUG] ConsoleController::ServerBridge() start...
[2026-06-14 17:07:23] [DEBUG] ConsoleController::ServerBridge() \Develop\Controllers\ConsoleController::areaInitialAction()
[2026-06-14 17:07:23] [DEBUG] ConsoleController::AreaInitialAction() start...
[2026-06-14 17:07:23] [DEBUG] Screen::updateAreaA() path: \Develop\Views\AreaA\Area_A.view start...
[2026-06-14 17:07:23] [DEBUG] Screen::areaView() sending JSON: ["areas"]
[2026-06-14 17:07:23] [DEBUG] Screen::getContents() start...
[2026-06-14 17:07:23] [DEBUG] Screen::getContents() finish.
[2026-06-14 17:07:23] [DEBUG] Screen::updateAreaA() finish.
[2026-06-14 17:07:23] [DEBUG] Screen::updateAreaB() path: \Develop\Views\AreaB\Area_B.view start...
[2026-06-14 17:07:23] [DEBUG] Screen::getContents() start...
[2026-06-14 17:07:23] [DEBUG] Screen::getContents() finish.
[2026-06-14 17:07:23] [DEBUG] Screen::updateAreaB() finish.
[2026-06-14 17:07:23] [DEBUG] Screen::updateAreaD() path: \Develop\Views\AreaD\Area_D_clear.view start...
[2026-06-14 17:07:23] [DEBUG] Screen::getContents() start...
[2026-06-14 17:07:23] [DEBUG] Screen::getContents() finish.
[2026-06-14 17:07:23] [DEBUG] Screen::updateAreaD() finish.
[2026-06-14 17:07:23] [DEBUG] Screen::updateAreaE() [iframe起動版] path: \Develop\Views\AreaE\Area_E_clear.view start...
[2026-06-14 17:07:23] [DEBUG] Screen::getContents() start...
[2026-06-14 17:07:23] [DEBUG] Screen::getContents() finish.
[2026-06-14 17:07:23] [DEBUG] Screen::updateAreaE() finish.
[2026-06-14 17:07:23] [DEBUG] Screen::updateAreaF() path: \Develop\Views\AreaF\Area_F.view start...
[2026-06-14 17:07:23] [DEBUG] Screen::getContents() start...
[2026-06-14 17:07:23] [DEBUG] Screen::getContents() finish.
[2026-06-14 17:07:23] [DEBUG] Screen::updateAreaF() finish.
[2026-06-14 17:07:23] [DEBUG] ProjectController::startProjectNabi() start...
[2026-06-14 17:07:23] [DEBUG] ProjectController::getProjectListHtml() start...
[2026-06-14 17:07:23] [DEBUG] ProjectModel::getProjectList() start...
[2026-06-14 17:07:23] [DEBUG] ProjectModel::getProjectList() finish.
[2026-06-14 17:07:23] [DEBUG] CodeMasterModel：：getCodesByGroup() start...
[2026-06-14 17:07:23] [DEBUG] CodeMasterModel：：getCodesByGroup() finish.
[2026-06-14 17:07:23] [DEBUG] ProjectController::getNaviFooterHtml() start...
[2026-06-14 17:07:23] [DEBUG] ProjectController::getNaviFooterHtml() finish.
[2026-06-14 17:07:23] [DEBUG] ProjectController::startProjectNabi() finish.
[2026-06-14 17:07:23] [DEBUG] Screen::updateAreaC() \Develop\Views\AreaC\Area_C.view start...
[2026-06-14 17:07:23] [DEBUG] Screen::getContents() start...
[2026-06-14 17:07:23] [DEBUG] Screen::getContents() finish.
[2026-06-14 17:07:23] [DEBUG] Screen::updateAreaC() finish.
[2026-06-14 17:07:23] [DEBUG] ConsoleController::AreaInitialAction() finish.
[2026-06-14 17:07:23] [DEBUG] Screen::areaView() start...
[2026-06-14 17:07:23] [DEBUG] Screen::areaView() finish.
[2026-06-14 17:07:24] [DEBUG] --- wwProject System Start ---
[2026-06-14 17:07:24] [DEBUG] Router::Router() /jemini/wwProjectV1.15/Develop/Console/ServerBridgeAction/
[2026-06-14 17:07:24] [DEBUG] Attempting to load: \Develop\Controllers\ConsoleController::ServerBridgeAction
[2026-06-14 17:07:24] [DEBUG] Router: Executing \Develop\Controllers\ConsoleController->ServerBridgeAction
[2026-06-14 17:07:24] [DEBUG] ConsoleController::ServerBridge() start...
[2026-06-14 17:07:24] [DEBUG] ConsoleController::ServerBridge() \Develop\Controllers\ProjectController::projectSelectAction()
[2026-06-14 17:07:24] [DEBUG] ProjectController::projectSelectAction() start...
[2026-06-14 17:07:24] [DEBUG] ProjectController::projectSelectAction() ☆★☆　SampleProject１
[2026-06-14 17:07:24] [DEBUG] Screen::updateAreaB() path: \Develop\Views\AreaB\Area_B.view start...
[2026-06-14 17:07:24] [DEBUG] Screen::getContents() start...
[2026-06-14 17:07:24] [DEBUG] Screen::getContents() finish.
[2026-06-14 17:07:24] [DEBUG] Screen::updateAreaB() finish.
[2026-06-14 17:07:24] [DEBUG] ProjectController::projectSelectAction() PRJ-D45FEF : PRJ-D45FEF
[2026-06-14 17:07:24] [DEBUG] ProjectController::getProjectListHtml() start...
[2026-06-14 17:07:24] [DEBUG] ProjectModel::getProjectList() start...
[2026-06-14 17:07:24] [DEBUG] ProjectModel::getProjectList() finish.
[2026-06-14 17:07:24] [DEBUG] CodeMasterModel：：getCodesByGroup() start...
[2026-06-14 17:07:24] [DEBUG] CodeMasterModel：：getCodesByGroup() finish.
[2026-06-14 17:07:24] [DEBUG] ProjectController::getNaviFooterHtml() start...
[2026-06-14 17:07:24] [DEBUG] ProjectController::getNaviFooterHtml() finish.
[2026-06-14 17:07:24] [DEBUG] Screen::updateAreaC() \Develop\Views\AreaC\Area_C.view start...
[2026-06-14 17:07:24] [DEBUG] Screen::getContents() start...
[2026-06-14 17:07:24] [DEBUG] Screen::getContents() finish.
[2026-06-14 17:07:24] [DEBUG] Screen::updateAreaC() finish.
[2026-06-14 17:07:24] [DEBUG] Screen::updateAreaD() path: \Develop\Views\AreaD\Area_D_clear.view start...
[2026-06-14 17:07:24] [DEBUG] Screen::getContents() start...
[2026-06-14 17:07:24] [DEBUG] Screen::getContents() finish.
[2026-06-14 17:07:24] [DEBUG] Screen::updateAreaD() finish.
[2026-06-14 17:07:24] [DEBUG] Screen::updateAreaE() [iframe起動版] path: \Develop\Views\AreaE\Area_E_clear.view start...
[2026-06-14 17:07:24] [DEBUG] Screen::getContents() start...
[2026-06-14 17:07:24] [DEBUG] Screen::getContents() finish.
[2026-06-14 17:07:24] [DEBUG] Screen::updateAreaE() finish.
[2026-06-14 17:07:24] [DEBUG] ProjectController::projectSelectAction() finish.
[2026-06-14 17:07:24] [DEBUG] Screen::areaView() start...
[2026-06-14 17:07:24] [DEBUG] Screen::areaView() finish.
[2026-06-14 17:07:25] [DEBUG] --- wwProject System Start ---
[2026-06-14 17:07:25] [DEBUG] Router::Router() /jemini/wwProjectV1.15/Develop/Console/ServerBridgeAction/
[2026-06-14 17:07:25] [DEBUG] Attempting to load: \Develop\Controllers\ConsoleController::ServerBridgeAction
[2026-06-14 17:07:25] [DEBUG] Router: Executing \Develop\Controllers\ConsoleController->ServerBridgeAction
[2026-06-14 17:07:25] [DEBUG] ConsoleController::ServerBridge() start...
[2026-06-14 17:07:25] [DEBUG] ConsoleController::ServerBridge() \Develop\Controllers\ProjectDefinitionController::initialAction()
[2026-06-14 17:07:25] [DEBUG] ProjectDefinitionController::initialAction() start...
[2026-06-14 17:07:25] [DEBUG] ProjectModel::getProjectList() start...
[2026-06-14 17:07:25] [DEBUG] ProjectModel::getProjectList() finish.
[2026-06-14 17:07:25] [DEBUG] Screen::updateAreaD() path: \Develop\Views\AreaD\ProjectDefinition\ProjectDefinitionList.view start...
[2026-06-14 17:07:25] [DEBUG] Screen::getContents() start...
[2026-06-14 17:07:25] [DEBUG] Screen::getContents() finish.
[2026-06-14 17:07:25] [DEBUG] Screen::updateAreaD() finish.
[2026-06-14 17:07:25] [DEBUG] ProjectDefinitionController::initialAction() finish.
[2026-06-14 17:07:25] [DEBUG] Screen::areaView() start...
[2026-06-14 17:07:25] [DEBUG] Screen::areaView() finish.
[2026-06-14 17:07:27] [DEBUG] --- wwProject System Start ---
[2026-06-14 17:07:27] [DEBUG] Router::Router() /jemini/wwProjectV1.15/Develop/Console/ServerBridgeAction/
[2026-06-14 17:07:27] [DEBUG] Attempting to load: \Develop\Controllers\ConsoleController::ServerBridgeAction
[2026-06-14 17:07:27] [DEBUG] Router: Executing \Develop\Controllers\ConsoleController->ServerBridgeAction
[2026-06-14 17:07:27] [DEBUG] ConsoleController::ServerBridge() start...
[2026-06-14 17:07:27] [DEBUG] ConsoleController::ServerBridge() \Develop\Controllers\ProjectDefinitionController::projectDetailAction()
[2026-06-14 17:07:27] [DEBUG] ProjectDefinitionController::projectDetailAction() start...
[2026-06-14 17:07:27] [DEBUG] ProjectModel::getProjectById() start... ProjectID: PRJ-W613KU
[2026-06-14 17:07:27] [DEBUG] Screen::updateAreaE() [iframe起動版] path: \Develop\Views\AreaE\ProjectDefinition\ProjectDefinitionEdit.view start...
[2026-06-14 17:07:27] [DEBUG] Screen::getContents() start...
[2026-06-14 17:07:27] [DEBUG] Screen::getContents() finish.
[2026-06-14 17:07:27] [DEBUG] Screen::updateAreaE() finish.
[2026-06-14 17:07:27] [DEBUG] ProjectDefinitionController::projectDetailAction() finish.
[2026-06-14 17:07:27] [DEBUG] Screen::areaView() start...
[2026-06-14 17:07:27] [DEBUG] Screen::areaView() finish.
[2026-06-14 17:07:29] [DEBUG] --- wwProject System Start ---
[2026-06-14 17:07:29] [DEBUG] Router::Router() /jemini/wwProjectV1.15/Develop/Console/ServerBridgeAction/
[2026-06-14 17:07:29] [DEBUG] Attempting to load: \Develop\Controllers\ConsoleController::ServerBridgeAction
[2026-06-14 17:07:29] [DEBUG] Router: Executing \Develop\Controllers\ConsoleController->ServerBridgeAction
[2026-06-14 17:07:29] [DEBUG] ConsoleController::ServerBridge() start...
[2026-06-14 17:07:29] [DEBUG] ConsoleController::ServerBridge() \Develop\Controllers\PartsDefinitionController::initialAction()
[2026-06-14 17:07:29] [DEBUG] PartsDefinitionController::initialAction() start...
[2026-06-14 17:07:29] [DEBUG] PartsDefinitionController::initialAction() projectId : PRJ-D45FEF
[2026-06-14 17:07:29] [DEBUG] PartsDefinitionModel::getAllPartsList() start... Project ID: PRJ-D45FEF
[2026-06-14 17:07:29] [DEBUG] PartsDefinitionModel::getAllPartsList() １
[2026-06-14 17:07:29] [DEBUG] PartsDefinitionModel::getAllPartsList() ２
[2026-06-14 17:07:29] [DEBUG] PartsDefinitionModel::getAllPartsList() ３
[2026-06-14 17:07:29] [DEBUG] PartsDefinitionModel::getAllPartsList() finish. 件数: 3
[2026-06-14 17:07:29] [DEBUG] Screen::updateAreaD() path: \Develop\Views\AreaD\PartsDefinition\PartsDefinitionList.view start...
[2026-06-14 17:07:29] [DEBUG] Screen::getContents() start...
[2026-06-14 17:07:29] [DEBUG] Screen::getContents() finish.
[2026-06-14 17:07:29] [DEBUG] Screen::updateAreaD() finish.
[2026-06-14 17:07:29] [DEBUG] Screen::updateAreaE() [iframe起動版] path: \Develop\Views\AreaE\Area_E_clear.view start...
[2026-06-14 17:07:29] [DEBUG] Screen::getContents() start...
[2026-06-14 17:07:29] [DEBUG] Screen::getContents() finish.
[2026-06-14 17:07:29] [DEBUG] Screen::updateAreaE() finish.
[2026-06-14 17:07:29] [DEBUG] PartsDefinitionController::initialAction() end.
[2026-06-14 17:07:29] [DEBUG] Screen::areaView() start...
[2026-06-14 17:07:29] [DEBUG] Screen::areaView() finish.
[2026-06-14 17:07:30] [DEBUG] --- wwProject System Start ---
[2026-06-14 17:07:30] [DEBUG] Router::Router() /jemini/wwProjectV1.15/Develop/Console/ServerBridgeAction/
[2026-06-14 17:07:30] [DEBUG] Attempting to load: \Develop\Controllers\ConsoleController::ServerBridgeAction
[2026-06-14 17:07:30] [DEBUG] Router: Executing \Develop\Controllers\ConsoleController->ServerBridgeAction
[2026-06-14 17:07:30] [DEBUG] ConsoleController::ServerBridge() start...
[2026-06-14 17:07:30] [DEBUG] ConsoleController::ServerBridge() \Develop\Controllers\DBDefinitionController::initialAction()
[2026-06-14 17:07:30] [DEBUG] DBDefinitionController::initialAction() start...
[2026-06-14 17:07:30] [DEBUG] DBDefinitionController::initialAction() project_id : PRJ-D45FEF
[2026-06-14 17:07:30] [DEBUG] DBDefinitionModel::getTableList() start...
[2026-06-14 17:07:30] [DEBUG] DBDefinitionModel::getTableList() finish. 取得件数: 3
[2026-06-14 17:07:30] [DEBUG] Screen::updateAreaD() path: \Develop\Views\AreaD\DBDefinition\DBDefinitionList.view start...
[2026-06-14 17:07:30] [DEBUG] Screen::getContents() start...
[2026-06-14 17:07:30] [DEBUG] Screen::getContents() finish.
[2026-06-14 17:07:30] [DEBUG] Screen::updateAreaD() finish.
[2026-06-14 17:07:30] [DEBUG] Screen::updateAreaE() [iframe起動版] path: \Develop\Views\AreaE\Area_E_clear.view start...
[2026-06-14 17:07:30] [DEBUG] Screen::getContents() start...
[2026-06-14 17:07:30] [DEBUG] Screen::getContents() finish.
[2026-06-14 17:07:30] [DEBUG] Screen::updateAreaE() finish.
[2026-06-14 17:07:30] [DEBUG] DBDefinitionController::initialAction() end.
[2026-06-14 17:07:30] [DEBUG] Screen::areaView() start...
[2026-06-14 17:07:30] [DEBUG] Screen::areaView() finish.
[2026-06-14 17:07:31] [DEBUG] --- wwProject System Start ---
[2026-06-14 17:07:31] [DEBUG] Router::Router() /jemini/wwProjectV1.15/Develop/Console/ServerBridgeAction/
[2026-06-14 17:07:31] [DEBUG] Attempting to load: \Develop\Controllers\ConsoleController::ServerBridgeAction
[2026-06-14 17:07:31] [DEBUG] Router: Executing \Develop\Controllers\ConsoleController->ServerBridgeAction
[2026-06-14 17:07:31] [DEBUG] ConsoleController::ServerBridge() start...
[2026-06-14 17:07:31] [DEBUG] ConsoleController::ServerBridge() \Develop\Controllers\ProjectDefinitionController::initialAction()
[2026-06-14 17:07:31] [DEBUG] ProjectDefinitionController::initialAction() start...
[2026-06-14 17:07:31] [DEBUG] ProjectModel::getProjectList() start...
[2026-06-14 17:07:31] [DEBUG] ProjectModel::getProjectList() finish.
[2026-06-14 17:07:31] [DEBUG] Screen::updateAreaD() path: \Develop\Views\AreaD\ProjectDefinition\ProjectDefinitionList.view start...
[2026-06-14 17:07:31] [DEBUG] Screen::getContents() start...
[2026-06-14 17:07:31] [DEBUG] Screen::getContents() finish.
[2026-06-14 17:07:31] [DEBUG] Screen::updateAreaD() finish.
[2026-06-14 17:07:31] [DEBUG] ProjectDefinitionController::initialAction() finish.
[2026-06-14 17:07:31] [DEBUG] Screen::areaView() start...
[2026-06-14 17:07:31] [DEBUG] Screen::areaView() finish.
[2026-06-14 17:07:32] [DEBUG] --- wwProject System Start ---
[2026-06-14 17:07:32] [DEBUG] Router::Router() /jemini/wwProjectV1.15/Develop/Console/ServerBridgeAction/
[2026-06-14 17:07:32] [DEBUG] Attempting to load: \Develop\Controllers\ConsoleController::ServerBridgeAction
[2026-06-14 17:07:32] [DEBUG] Router: Executing \Develop\Controllers\ConsoleController->ServerBridgeAction
[2026-06-14 17:07:32] [DEBUG] ConsoleController::ServerBridge() start...
[2026-06-14 17:07:32] [DEBUG] ConsoleController::ServerBridge() \Develop\Controllers\ProjectDefinitionController::projectDetailAction()
[2026-06-14 17:07:32] [DEBUG] ProjectDefinitionController::projectDetailAction() start...
[2026-06-14 17:07:32] [DEBUG] ProjectModel::getProjectById() start... ProjectID: PRJ-W613KU
[2026-06-14 17:07:32] [DEBUG] Screen::updateAreaE() [iframe起動版] path: \Develop\Views\AreaE\ProjectDefinition\ProjectDefinitionEdit.view start...
[2026-06-14 17:07:32] [DEBUG] Screen::getContents() start...
[2026-06-14 17:07:32] [DEBUG] Screen::getContents() finish.
[2026-06-14 17:07:32] [DEBUG] Screen::updateAreaE() finish.
[2026-06-14 17:07:32] [DEBUG] ProjectDefinitionController::projectDetailAction() finish.
[2026-06-14 17:07:32] [DEBUG] Screen::areaView() start...
[2026-06-14 17:07:32] [DEBUG] Screen::areaView() finish.
[2026-06-14 17:08:22] [DEBUG] --- wwProject System Start ---
[2026-06-14 17:08:22] [DEBUG] Router::Router() /jemini/wwProjectV1.15/develop/
[2026-06-14 17:08:22] [DEBUG] Attempting to load: \Develop\Controllers\LoginController::initialAction
[2026-06-14 17:08:22] [DEBUG] Router: Executing \Develop\Controllers\LoginController->initialAction
[2026-06-14 17:08:22] [DEBUG] Login::initialAction() start...
[2026-06-14 17:08:22] [DEBUG] Login::initialAction() errorMessage : 
[2026-06-14 17:08:22] [DEBUG] Screen::view() path: \Develop\Views\Login\Login.view start...
[2026-06-14 17:08:22] [DEBUG] Screen::getContents() start...
[2026-06-14 17:08:22] [DEBUG] Screen::getContents() finish.
[2026-06-14 17:08:22] [DEBUG] Screen::view() path: \Develop\Views\Login\Login.view finish.
[2026-06-14 17:08:22] [DEBUG] Login::initialAction() finish.
[2026-06-14 17:08:25] [DEBUG] --- wwProject System Start ---
[2026-06-14 17:08:25] [DEBUG] Router::Router() /jemini/wwProjectV1.15/Develop/Login/authentication/
[2026-06-14 17:08:25] [DEBUG] Attempting to load: \Develop\Controllers\LoginController::authenticationAction
[2026-06-14 17:08:25] [DEBUG] Router: Executing \Develop\Controllers\LoginController->authenticationAction
[2026-06-14 17:08:25] [DEBUG] Login::AuthenticationAction() start...
[2026-06-14 17:08:25] [DEBUG] Login OK - x
[2026-06-14 17:08:25] [DEBUG] Session::start()
[2026-06-14 17:08:25] [DEBUG] Redirect to Console::initialAction()
[2026-06-14 17:08:25] [DEBUG] --- wwProject System Start ---
[2026-06-14 17:08:25] [DEBUG] Router::Router() /jemini/wwProjectV1.15/Develop/Console/initial/
[2026-06-14 17:08:25] [DEBUG] Attempting to load: \Develop\Controllers\ConsoleController::initialAction
[2026-06-14 17:08:25] [DEBUG] Router: Executing \Develop\Controllers\ConsoleController->initialAction
[2026-06-14 17:08:25] [DEBUG] Console::initialAction() start...
[2026-06-14 17:08:25] [DEBUG] Screen::view() path: \Develop\Views\Console\Console.view start...
[2026-06-14 17:08:25] [DEBUG] Screen::getContents() start...
[2026-06-14 17:08:25] [DEBUG] Screen::getContents() finish.
[2026-06-14 17:08:25] [DEBUG] Screen::view() path: \Develop\Views\Console\Console.view finish.
[2026-06-14 17:08:25] [DEBUG] ConsoleController::initialAction() finish.
[2026-06-14 17:08:25] [DEBUG] --- wwProject System Start ---
[2026-06-14 17:08:25] [DEBUG] Router::Router() /jemini/wwProjectV1.15/Develop/Console/ServerBridgeAction/
[2026-06-14 17:08:25] [DEBUG] Attempting to load: \Develop\Controllers\ConsoleController::ServerBridgeAction
[2026-06-14 17:08:25] [DEBUG] Router: Executing \Develop\Controllers\ConsoleController->ServerBridgeAction
[2026-06-14 17:08:25] [DEBUG] ConsoleController::ServerBridge() start...
[2026-06-14 17:08:25] [DEBUG] ConsoleController::ServerBridge() \Develop\Controllers\ConsoleController::areaInitialAction()
[2026-06-14 17:08:25] [DEBUG] ConsoleController::AreaInitialAction() start...
[2026-06-14 17:08:25] [DEBUG] Screen::updateAreaA() path: \Develop\Views\AreaA\Area_A.view start...
[2026-06-14 17:08:25] [DEBUG] Screen::areaView() sending JSON: ["areas"]
[2026-06-14 17:08:25] [DEBUG] Screen::getContents() start...
[2026-06-14 17:08:25] [DEBUG] Screen::getContents() finish.
[2026-06-14 17:08:25] [DEBUG] Screen::updateAreaA() finish.
[2026-06-14 17:08:25] [DEBUG] Screen::updateAreaB() path: \Develop\Views\AreaB\Area_B.view start...
[2026-06-14 17:08:25] [DEBUG] Screen::getContents() start...
[2026-06-14 17:08:25] [DEBUG] Screen::getContents() finish.
[2026-06-14 17:08:25] [DEBUG] Screen::updateAreaB() finish.
[2026-06-14 17:08:25] [DEBUG] Screen::updateAreaD() path: \Develop\Views\AreaD\Area_D_clear.view start...
[2026-06-14 17:08:25] [DEBUG] Screen::getContents() start...
[2026-06-14 17:08:25] [DEBUG] Screen::getContents() finish.
[2026-06-14 17:08:25] [DEBUG] Screen::updateAreaD() finish.
[2026-06-14 17:08:25] [DEBUG] Screen::updateAreaE() [iframe起動版] path: \Develop\Views\AreaE\Area_E_clear.view start...
[2026-06-14 17:08:25] [DEBUG] Screen::getContents() start...
[2026-06-14 17:08:25] [DEBUG] Screen::getContents() finish.
[2026-06-14 17:08:25] [DEBUG] Screen::updateAreaE() finish.
[2026-06-14 17:08:25] [DEBUG] Screen::updateAreaF() path: \Develop\Views\AreaF\Area_F.view start...
[2026-06-14 17:08:25] [DEBUG] Screen::getContents() start...
[2026-06-14 17:08:25] [DEBUG] Screen::getContents() finish.
[2026-06-14 17:08:25] [DEBUG] Screen::updateAreaF() finish.
[2026-06-14 17:08:25] [DEBUG] ProjectController::startProjectNabi() start...
[2026-06-14 17:08:25] [DEBUG] ProjectController::getProjectListHtml() start...
[2026-06-14 17:08:25] [DEBUG] ProjectModel::getProjectList() start...
[2026-06-14 17:08:25] [DEBUG] ProjectModel::getProjectList() finish.
[2026-06-14 17:08:25] [DEBUG] CodeMasterModel：：getCodesByGroup() start...
[2026-06-14 17:08:25] [DEBUG] CodeMasterModel：：getCodesByGroup() finish.
[2026-06-14 17:08:25] [DEBUG] ProjectController::getNaviFooterHtml() start...
[2026-06-14 17:08:25] [DEBUG] ProjectController::getNaviFooterHtml() finish.
[2026-06-14 17:08:25] [DEBUG] ProjectController::startProjectNabi() finish.
[2026-06-14 17:08:25] [DEBUG] Screen::updateAreaC() \Develop\Views\AreaC\Area_C.view start...
[2026-06-14 17:08:25] [DEBUG] Screen::getContents() start...
[2026-06-14 17:08:25] [DEBUG] Screen::getContents() finish.
[2026-06-14 17:08:25] [DEBUG] Screen::updateAreaC() finish.
[2026-06-14 17:08:25] [DEBUG] ConsoleController::AreaInitialAction() finish.
[2026-06-14 17:08:25] [DEBUG] Screen::areaView() start...
[2026-06-14 17:08:25] [DEBUG] Screen::areaView() finish.
[2026-06-14 17:08:27] [DEBUG] --- wwProject System Start ---
[2026-06-14 17:08:27] [DEBUG] Router::Router() /jemini/wwProjectV1.15/Develop/Console/ServerBridgeAction/
[2026-06-14 17:08:27] [DEBUG] Attempting to load: \Develop\Controllers\ConsoleController::ServerBridgeAction
[2026-06-14 17:08:27] [DEBUG] Router: Executing \Develop\Controllers\ConsoleController->ServerBridgeAction
[2026-06-14 17:08:27] [DEBUG] ConsoleController::ServerBridge() start...
[2026-06-14 17:08:27] [DEBUG] ConsoleController::ServerBridge() \Develop\Controllers\ProjectController::projectSelectAction()
[2026-06-14 17:08:27] [DEBUG] ProjectController::projectSelectAction() start...
[2026-06-14 17:08:27] [DEBUG] ProjectController::projectSelectAction() ☆★☆　SampleProject１
[2026-06-14 17:08:27] [DEBUG] Screen::updateAreaB() path: \Develop\Views\AreaB\Area_B.view start...
[2026-06-14 17:08:27] [DEBUG] Screen::getContents() start...
[2026-06-14 17:08:27] [DEBUG] Screen::getContents() finish.
[2026-06-14 17:08:27] [DEBUG] Screen::updateAreaB() finish.
[2026-06-14 17:08:27] [DEBUG] ProjectController::projectSelectAction() PRJ-D45FEF : PRJ-D45FEF
[2026-06-14 17:08:27] [DEBUG] ProjectController::getProjectListHtml() start...
[2026-06-14 17:08:27] [DEBUG] ProjectModel::getProjectList() start...
[2026-06-14 17:08:27] [DEBUG] ProjectModel::getProjectList() finish.
[2026-06-14 17:08:27] [DEBUG] CodeMasterModel：：getCodesByGroup() start...
[2026-06-14 17:08:27] [DEBUG] CodeMasterModel：：getCodesByGroup() finish.
[2026-06-14 17:08:27] [DEBUG] ProjectController::getNaviFooterHtml() start...
[2026-06-14 17:08:27] [DEBUG] ProjectController::getNaviFooterHtml() finish.
[2026-06-14 17:08:27] [DEBUG] Screen::updateAreaC() \Develop\Views\AreaC\Area_C.view start...
[2026-06-14 17:08:27] [DEBUG] Screen::getContents() start...
[2026-06-14 17:08:27] [DEBUG] Screen::getContents() finish.
[2026-06-14 17:08:27] [DEBUG] Screen::updateAreaC() finish.
[2026-06-14 17:08:27] [DEBUG] Screen::updateAreaD() path: \Develop\Views\AreaD\Area_D_clear.view start...
[2026-06-14 17:08:27] [DEBUG] Screen::getContents() start...
[2026-06-14 17:08:27] [DEBUG] Screen::getContents() finish.
[2026-06-14 17:08:27] [DEBUG] Screen::updateAreaD() finish.
[2026-06-14 17:08:27] [DEBUG] Screen::updateAreaE() [iframe起動版] path: \Develop\Views\AreaE\Area_E_clear.view start...
[2026-06-14 17:08:27] [DEBUG] Screen::getContents() start...
[2026-06-14 17:08:27] [DEBUG] Screen::getContents() finish.
[2026-06-14 17:08:27] [DEBUG] Screen::updateAreaE() finish.
[2026-06-14 17:08:27] [DEBUG] ProjectController::projectSelectAction() finish.
[2026-06-14 17:08:27] [DEBUG] Screen::areaView() start...
[2026-06-14 17:08:27] [DEBUG] Screen::areaView() finish.
[2026-06-14 17:08:28] [DEBUG] --- wwProject System Start ---
[2026-06-14 17:08:28] [DEBUG] Router::Router() /jemini/wwProjectV1.15/Develop/Console/ServerBridgeAction/
[2026-06-14 17:08:28] [DEBUG] Attempting to load: \Develop\Controllers\ConsoleController::ServerBridgeAction
[2026-06-14 17:08:28] [DEBUG] Router: Executing \Develop\Controllers\ConsoleController->ServerBridgeAction
[2026-06-14 17:08:28] [DEBUG] ConsoleController::ServerBridge() start...
[2026-06-14 17:08:28] [DEBUG] ConsoleController::ServerBridge() \Develop\Controllers\ProjectDefinitionController::initialAction()
[2026-06-14 17:08:28] [DEBUG] ProjectDefinitionController::initialAction() start...
[2026-06-14 17:08:28] [DEBUG] ProjectModel::getProjectList() start...
[2026-06-14 17:08:28] [DEBUG] ProjectModel::getProjectList() finish.
[2026-06-14 17:08:28] [DEBUG] Screen::updateAreaD() path: \Develop\Views\AreaD\ProjectDefinition\ProjectDefinitionList.view start...
[2026-06-14 17:08:28] [DEBUG] Screen::getContents() start...
[2026-06-14 17:08:28] [DEBUG] Screen::getContents() finish.
[2026-06-14 17:08:28] [DEBUG] Screen::updateAreaD() finish.
[2026-06-14 17:08:28] [DEBUG] ProjectDefinitionController::initialAction() finish.
[2026-06-14 17:08:28] [DEBUG] Screen::areaView() start...
[2026-06-14 17:08:28] [DEBUG] Screen::areaView() finish.
[2026-06-14 17:08:30] [DEBUG] --- wwProject System Start ---
[2026-06-14 17:08:30] [DEBUG] Router::Router() /jemini/wwProjectV1.15/Develop/Console/ServerBridgeAction/
[2026-06-14 17:08:30] [DEBUG] Attempting to load: \Develop\Controllers\ConsoleController::ServerBridgeAction
[2026-06-14 17:08:30] [DEBUG] Router: Executing \Develop\Controllers\ConsoleController->ServerBridgeAction
[2026-06-14 17:08:30] [DEBUG] ConsoleController::ServerBridge() start...
[2026-06-14 17:08:30] [DEBUG] ConsoleController::ServerBridge() \Develop\Controllers\ProjectDefinitionController::projectDetailAction()
[2026-06-14 17:08:30] [DEBUG] ProjectDefinitionController::projectDetailAction() start...
[2026-06-14 17:08:30] [DEBUG] ProjectModel::getProjectById() start... ProjectID: PRJ-W613KU
[2026-06-14 17:08:30] [DEBUG] Screen::updateAreaE() [iframe起動版] path: \Develop\Views\AreaE\ProjectDefinition\ProjectDefinitionEdit.view start...
[2026-06-14 17:08:30] [DEBUG] Screen::getContents() start...
[2026-06-14 17:08:30] [DEBUG] Screen::getContents() finish.
[2026-06-14 17:08:30] [DEBUG] Screen::updateAreaE() finish.
[2026-06-14 17:08:30] [DEBUG] ProjectDefinitionController::projectDetailAction() finish.
[2026-06-14 17:08:30] [DEBUG] Screen::areaView() start...
[2026-06-14 17:08:30] [DEBUG] Screen::areaView() finish.
[2026-06-14 17:08:39] [DEBUG] --- wwProject System Start ---
[2026-06-14 17:08:39] [DEBUG] Router::Router() /jemini/wwProjectV1.15/Develop/Console/ServerBridgeAction/
[2026-06-14 17:08:39] [DEBUG] Attempting to load: \Develop\Controllers\ConsoleController::ServerBridgeAction
[2026-06-14 17:08:39] [DEBUG] Router: Executing \Develop\Controllers\ConsoleController->ServerBridgeAction
[2026-06-14 17:08:39] [DEBUG] ConsoleController::ServerBridge() start...
[2026-06-14 17:08:39] [DEBUG] ConsoleController::ServerBridge() \Develop\Controllers\ProjectDefinitionController::updateProjectAction()
[2026-06-14 17:08:39] [DEBUG] ProjectDefinitionController::updateProjectAction() start...
[2026-06-14 17:08:39] [DEBUG] ProjectModel::updateProject() start... ProjectID: PRJ-W613KU
[2026-06-14 17:08:39] [DEBUG] ProjectModel::updateProject() DBレコード更新完了
[2026-06-14 17:08:39] [DEBUG] ProjectModel::createDSN() start... ProjectID: PRJ-W613KU
[2026-06-14 17:08:39] [DEBUG] ProjectModel::createDSN() ファイル生成成功: C:\xampp8\htdocs\jemini\wwProjectV1.15\Develop\Models/../../config/db_PRJ-W613KU.php
[2026-06-14 17:08:39] [DEBUG] Screen::updateAreaE() [iframe起動版] path: \Develop\Views\AreaE\Area_E_clear.view start...
[2026-06-14 17:08:39] [DEBUG] Screen::getContents() start...
[2026-06-14 17:08:39] [DEBUG] Screen::getContents() finish.
[2026-06-14 17:08:39] [DEBUG] Screen::updateAreaE() finish.
[2026-06-14 17:08:39] [DEBUG] ProjectModel::getProjectList() start...
[2026-06-14 17:08:39] [DEBUG] ProjectModel::getProjectList() finish.
[2026-06-14 17:08:39] [DEBUG] Screen::updateAreaD() path: \Develop\Views\AreaD\ProjectDefinition\ProjectDefinitionList.view start...
[2026-06-14 17:08:39] [DEBUG] Screen::getContents() start...
[2026-06-14 17:08:39] [DEBUG] Screen::getContents() finish.
[2026-06-14 17:08:39] [DEBUG] Screen::updateAreaD() finish.
[2026-06-14 17:08:39] [DEBUG] Screen::updateAreaF() path: プロジェクト [新規プロジェクト登録２２] の定義を更新しました start...
[2026-06-14 17:08:39] [DEBUG] Screen::getContents() start...
[2026-06-14 17:08:39] [ERROR] Screen::getContents() Viewファイル欠損: C:/xampp8/htdocs/jemini/wwProjectV1.15プロジェクト [新規プロジェクト登録２２] の定義を更新しました
[2026-06-14 17:08:39] [ERROR] ProjectDefinitionController::updateProjectAction() エラー: Viewファイルが見つかりません。
[2026-06-14 17:08:39] [DEBUG] ProjectDefinitionController::updateProjectAction() finish.
[2026-06-14 17:08:39] [DEBUG] Screen::areaView() start...
[2026-06-14 17:08:39] [DEBUG] Screen::areaView() finish.
[2026-06-14 17:09:09] [DEBUG] --- wwProject System Start ---
[2026-06-14 17:09:09] [DEBUG] Router::Router() /jemini/wwProjectV1.15/Develop/Console/ServerBridgeAction/
[2026-06-14 17:09:09] [DEBUG] Attempting to load: \Develop\Controllers\ConsoleController::ServerBridgeAction
[2026-06-14 17:09:09] [DEBUG] Router: Executing \Develop\Controllers\ConsoleController->ServerBridgeAction
[2026-06-14 17:09:09] [DEBUG] ConsoleController::ServerBridge() start...
[2026-06-14 17:09:09] [DEBUG] ConsoleController::ServerBridge() \Develop\Controllers\ProjectDefinitionController::projectDetailAction()
[2026-06-14 17:09:09] [DEBUG] ProjectDefinitionController::projectDetailAction() start...
[2026-06-14 17:09:09] [DEBUG] ProjectModel::getProjectById() start... ProjectID: PRJ-W613KU
[2026-06-14 17:09:09] [DEBUG] Screen::updateAreaE() [iframe起動版] path: \Develop\Views\AreaE\ProjectDefinition\ProjectDefinitionEdit.view start...
[2026-06-14 17:09:09] [DEBUG] Screen::getContents() start...
[2026-06-14 17:09:09] [DEBUG] Screen::getContents() finish.
[2026-06-14 17:09:09] [DEBUG] Screen::updateAreaE() finish.
[2026-06-14 17:09:09] [DEBUG] ProjectDefinitionController::projectDetailAction() finish.
[2026-06-14 17:09:09] [DEBUG] Screen::areaView() start...
[2026-06-14 17:09:09] [DEBUG] Screen::areaView() finish.
[2026-06-14 17:09:13] [DEBUG] --- wwProject System Start ---
[2026-06-14 17:09:13] [DEBUG] Router::Router() /jemini/wwProjectV1.15/Develop/Console/ServerBridgeAction/
[2026-06-14 17:09:13] [DEBUG] Attempting to load: \Develop\Controllers\ConsoleController::ServerBridgeAction
[2026-06-14 17:09:13] [DEBUG] Router: Executing \Develop\Controllers\ConsoleController->ServerBridgeAction
[2026-06-14 17:09:13] [DEBUG] ConsoleController::ServerBridge() start...
[2026-06-14 17:09:13] [DEBUG] ConsoleController::ServerBridge() \Develop\Controllers\ProjectDefinitionController::initialAction()
[2026-06-14 17:09:13] [DEBUG] ProjectDefinitionController::initialAction() start...
[2026-06-14 17:09:13] [DEBUG] ProjectModel::getProjectList() start...
[2026-06-14 17:09:13] [DEBUG] ProjectModel::getProjectList() finish.
[2026-06-14 17:09:13] [DEBUG] Screen::updateAreaD() path: \Develop\Views\AreaD\ProjectDefinition\ProjectDefinitionList.view start...
[2026-06-14 17:09:13] [DEBUG] Screen::getContents() start...
[2026-06-14 17:09:13] [DEBUG] Screen::getContents() finish.
[2026-06-14 17:09:13] [DEBUG] Screen::updateAreaD() finish.
[2026-06-14 17:09:13] [DEBUG] ProjectDefinitionController::initialAction() finish.
[2026-06-14 17:09:13] [DEBUG] Screen::areaView() start...
[2026-06-14 17:09:13] [DEBUG] Screen::areaView() finish.
[2026-06-14 17:09:14] [DEBUG] --- wwProject System Start ---
[2026-06-14 17:09:14] [DEBUG] Router::Router() /jemini/wwProjectV1.15/Develop/Console/ServerBridgeAction/
[2026-06-14 17:09:14] [DEBUG] Attempting to load: \Develop\Controllers\ConsoleController::ServerBridgeAction
[2026-06-14 17:09:14] [DEBUG] Router: Executing \Develop\Controllers\ConsoleController->ServerBridgeAction
[2026-06-14 17:09:14] [DEBUG] ConsoleController::ServerBridge() start...
[2026-06-14 17:09:14] [DEBUG] ConsoleController::ServerBridge() \Develop\Controllers\ProjectDefinitionController::initialAction()
[2026-06-14 17:09:14] [DEBUG] ProjectDefinitionController::initialAction() start...
[2026-06-14 17:09:14] [DEBUG] ProjectModel::getProjectList() start...
[2026-06-14 17:09:14] [DEBUG] ProjectModel::getProjectList() finish.
[2026-06-14 17:09:14] [DEBUG] Screen::updateAreaD() path: \Develop\Views\AreaD\ProjectDefinition\ProjectDefinitionList.view start...
[2026-06-14 17:09:14] [DEBUG] Screen::getContents() start...
[2026-06-14 17:09:14] [DEBUG] Screen::getContents() finish.
[2026-06-14 17:09:14] [DEBUG] Screen::updateAreaD() finish.
[2026-06-14 17:09:14] [DEBUG] ProjectDefinitionController::initialAction() finish.
[2026-06-14 17:09:14] [DEBUG] Screen::areaView() start...
[2026-06-14 17:09:14] [DEBUG] Screen::areaView() finish.
[2026-06-14 17:09:15] [DEBUG] --- wwProject System Start ---
[2026-06-14 17:09:15] [DEBUG] Router::Router() /jemini/wwProjectV1.15/Develop/Console/ServerBridgeAction/
[2026-06-14 17:09:15] [DEBUG] Attempting to load: \Develop\Controllers\ConsoleController::ServerBridgeAction
[2026-06-14 17:09:15] [DEBUG] Router: Executing \Develop\Controllers\ConsoleController->ServerBridgeAction
[2026-06-14 17:09:15] [DEBUG] ConsoleController::ServerBridge() start...
[2026-06-14 17:09:15] [DEBUG] ConsoleController::ServerBridge() \Develop\Controllers\DBDefinitionController::initialAction()
[2026-06-14 17:09:15] [DEBUG] DBDefinitionController::initialAction() start...
[2026-06-14 17:09:15] [DEBUG] DBDefinitionController::initialAction() project_id : PRJ-D45FEF
[2026-06-14 17:09:15] [DEBUG] DBDefinitionModel::getTableList() start...
[2026-06-14 17:09:15] [DEBUG] DBDefinitionModel::getTableList() finish. 取得件数: 3
[2026-06-14 17:09:15] [DEBUG] Screen::updateAreaD() path: \Develop\Views\AreaD\DBDefinition\DBDefinitionList.view start...
[2026-06-14 17:09:15] [DEBUG] Screen::getContents() start...
[2026-06-14 17:09:15] [DEBUG] Screen::getContents() finish.
[2026-06-14 17:09:15] [DEBUG] Screen::updateAreaD() finish.
[2026-06-14 17:09:15] [DEBUG] Screen::updateAreaE() [iframe起動版] path: \Develop\Views\AreaE\Area_E_clear.view start...
[2026-06-14 17:09:15] [DEBUG] Screen::getContents() start...
[2026-06-14 17:09:15] [DEBUG] Screen::getContents() finish.
[2026-06-14 17:09:15] [DEBUG] Screen::updateAreaE() finish.
[2026-06-14 17:09:15] [DEBUG] DBDefinitionController::initialAction() end.
[2026-06-14 17:09:15] [DEBUG] Screen::areaView() start...
[2026-06-14 17:09:15] [DEBUG] Screen::areaView() finish.
[2026-06-14 17:09:16] [DEBUG] --- wwProject System Start ---
[2026-06-14 17:09:16] [DEBUG] Router::Router() /jemini/wwProjectV1.15/Develop/Console/ServerBridgeAction/
[2026-06-14 17:09:16] [DEBUG] Attempting to load: \Develop\Controllers\ConsoleController::ServerBridgeAction
[2026-06-14 17:09:16] [DEBUG] Router: Executing \Develop\Controllers\ConsoleController->ServerBridgeAction
[2026-06-14 17:09:16] [DEBUG] ConsoleController::ServerBridge() start...
[2026-06-14 17:09:16] [DEBUG] ConsoleController::ServerBridge() \Develop\Controllers\PartsDefinitionController::initialAction()
[2026-06-14 17:09:16] [DEBUG] PartsDefinitionController::initialAction() start...
[2026-06-14 17:09:16] [DEBUG] PartsDefinitionController::initialAction() projectId : PRJ-D45FEF
[2026-06-14 17:09:16] [DEBUG] PartsDefinitionModel::getAllPartsList() start... Project ID: PRJ-D45FEF
[2026-06-14 17:09:16] [DEBUG] PartsDefinitionModel::getAllPartsList() １
[2026-06-14 17:09:16] [DEBUG] PartsDefinitionModel::getAllPartsList() ２
[2026-06-14 17:09:16] [DEBUG] PartsDefinitionModel::getAllPartsList() ３
[2026-06-14 17:09:16] [DEBUG] PartsDefinitionModel::getAllPartsList() finish. 件数: 3
[2026-06-14 17:09:16] [DEBUG] Screen::updateAreaD() path: \Develop\Views\AreaD\PartsDefinition\PartsDefinitionList.view start...
[2026-06-14 17:09:16] [DEBUG] Screen::getContents() start...
[2026-06-14 17:09:16] [DEBUG] Screen::getContents() finish.
[2026-06-14 17:09:16] [DEBUG] Screen::updateAreaD() finish.
[2026-06-14 17:09:16] [DEBUG] Screen::updateAreaE() [iframe起動版] path: \Develop\Views\AreaE\Area_E_clear.view start...
[2026-06-14 17:09:16] [DEBUG] Screen::getContents() start...
[2026-06-14 17:09:16] [DEBUG] Screen::getContents() finish.
[2026-06-14 17:09:16] [DEBUG] Screen::updateAreaE() finish.
[2026-06-14 17:09:16] [DEBUG] PartsDefinitionController::initialAction() end.
[2026-06-14 17:09:16] [DEBUG] Screen::areaView() start...
[2026-06-14 17:09:16] [DEBUG] Screen::areaView() finish.
[2026-06-14 17:09:18] [DEBUG] --- wwProject System Start ---
[2026-06-14 17:09:18] [DEBUG] Router::Router() /jemini/wwProjectV1.15/Develop/Console/ServerBridgeAction/
[2026-06-14 17:09:18] [DEBUG] Attempting to load: \Develop\Controllers\ConsoleController::ServerBridgeAction
[2026-06-14 17:09:18] [DEBUG] Router: Executing \Develop\Controllers\ConsoleController->ServerBridgeAction
[2026-06-14 17:09:18] [DEBUG] ConsoleController::ServerBridge() start...
[2026-06-14 17:09:18] [DEBUG] ConsoleController::ServerBridge() \Develop\Controllers\ScreenDefinitionController::InitialAction()
[2026-06-14 17:09:18] [DEBUG] DBDefinitionController::initialAction() start...
[2026-06-14 17:09:18] [DEBUG] Screen::updateAreaD() path: \Develop\Views\AreaD\ScreenDefinition\ScreenDefinitionList.view start...
[2026-06-14 17:09:18] [DEBUG] Screen::getContents() start...
[2026-06-14 17:09:18] [DEBUG] Screen::getContents() finish.
[2026-06-14 17:09:18] [DEBUG] Screen::updateAreaD() finish.
[2026-06-14 17:09:18] [DEBUG] DBDefinitionController::initialAction() end.
[2026-06-14 17:09:18] [DEBUG] Screen::areaView() start...
[2026-06-14 17:09:18] [DEBUG] Screen::areaView() finish.
[2026-06-14 17:10:57] [DEBUG] --- wwProject System Start ---
[2026-06-14 17:10:57] [DEBUG] Router::Router() /jemini/wwProjectV1.15/Develop/Console/ServerBridgeAction/
[2026-06-14 17:10:57] [DEBUG] Attempting to load: \Develop\Controllers\ConsoleController::ServerBridgeAction
[2026-06-14 17:10:57] [DEBUG] Router: Executing \Develop\Controllers\ConsoleController->ServerBridgeAction
[2026-06-14 17:10:57] [DEBUG] ConsoleController::ServerBridge() start...
[2026-06-14 17:10:57] [DEBUG] ConsoleController::ServerBridge() \Develop\Controllers\ProjectController::projectSelectAction()
[2026-06-14 17:10:57] [DEBUG] ProjectController::projectSelectAction() start...
[2026-06-14 17:10:57] [DEBUG] ProjectController::projectSelectAction() ☆★☆　新規プロジェクト登録２２
[2026-06-14 17:10:57] [DEBUG] Screen::updateAreaB() path: \Develop\Views\AreaB\Area_B.view start...
[2026-06-14 17:10:57] [DEBUG] Screen::getContents() start...
[2026-06-14 17:10:57] [DEBUG] Screen::getContents() finish.
[2026-06-14 17:10:57] [DEBUG] Screen::updateAreaB() finish.
[2026-06-14 17:10:57] [DEBUG] ProjectController::projectSelectAction() PRJ-W613KU : PRJ-W613KU
[2026-06-14 17:10:57] [DEBUG] ProjectController::getProjectListHtml() start...
[2026-06-14 17:10:57] [DEBUG] ProjectModel::getProjectList() start...
[2026-06-14 17:10:57] [DEBUG] ProjectModel::getProjectList() finish.
[2026-06-14 17:10:57] [DEBUG] CodeMasterModel：：getCodesByGroup() start...
[2026-06-14 17:10:57] [DEBUG] CodeMasterModel：：getCodesByGroup() finish.
[2026-06-14 17:10:57] [DEBUG] ProjectController::getNaviFooterHtml() start...
[2026-06-14 17:10:57] [DEBUG] ProjectController::getNaviFooterHtml() finish.
[2026-06-14 17:10:57] [DEBUG] Screen::updateAreaC() \Develop\Views\AreaC\Area_C.view start...
[2026-06-14 17:10:57] [DEBUG] Screen::getContents() start...
[2026-06-14 17:10:57] [DEBUG] Screen::getContents() finish.
[2026-06-14 17:10:57] [DEBUG] Screen::updateAreaC() finish.
[2026-06-14 17:10:57] [DEBUG] Screen::updateAreaD() path: \Develop\Views\AreaD\Area_D_clear.view start...
[2026-06-14 17:10:57] [DEBUG] Screen::getContents() start...
[2026-06-14 17:10:57] [DEBUG] Screen::getContents() finish.
[2026-06-14 17:10:57] [DEBUG] Screen::updateAreaD() finish.
[2026-06-14 17:10:57] [DEBUG] Screen::updateAreaE() [iframe起動版] path: \Develop\Views\AreaE\Area_E_clear.view start...
[2026-06-14 17:10:57] [DEBUG] Screen::getContents() start...
[2026-06-14 17:10:57] [DEBUG] Screen::getContents() finish.
[2026-06-14 17:10:57] [DEBUG] Screen::updateAreaE() finish.
[2026-06-14 17:10:57] [DEBUG] ProjectController::projectSelectAction() finish.
[2026-06-14 17:10:57] [DEBUG] Screen::areaView() start...
[2026-06-14 17:10:57] [DEBUG] Screen::areaView() finish.
[2026-06-14 17:11:06] [DEBUG] --- wwProject System Start ---
[2026-06-14 17:11:06] [DEBUG] Router::Router() /jemini/wwProjectV1.15/Develop/Console/ServerBridgeAction/
[2026-06-14 17:11:06] [DEBUG] Attempting to load: \Develop\Controllers\ConsoleController::ServerBridgeAction
[2026-06-14 17:11:06] [DEBUG] Router: Executing \Develop\Controllers\ConsoleController->ServerBridgeAction
[2026-06-14 17:11:06] [DEBUG] ConsoleController::ServerBridge() start...
[2026-06-14 17:11:06] [DEBUG] ConsoleController::ServerBridge() \Develop\Controllers\ProjectController::projectSelectAction()
[2026-06-14 17:11:06] [DEBUG] ProjectController::projectSelectAction() start...
[2026-06-14 17:11:06] [DEBUG] ProjectController::projectSelectAction() ☆★☆　SampleProject１
[2026-06-14 17:11:06] [DEBUG] Screen::updateAreaB() path: \Develop\Views\AreaB\Area_B.view start...
[2026-06-14 17:11:06] [DEBUG] Screen::getContents() start...
[2026-06-14 17:11:06] [DEBUG] Screen::getContents() finish.
[2026-06-14 17:11:06] [DEBUG] Screen::updateAreaB() finish.
[2026-06-14 17:11:06] [DEBUG] ProjectController::projectSelectAction() PRJ-D45FEF : PRJ-D45FEF
[2026-06-14 17:11:06] [DEBUG] ProjectController::getProjectListHtml() start...
[2026-06-14 17:11:06] [DEBUG] ProjectModel::getProjectList() start...
[2026-06-14 17:11:06] [DEBUG] ProjectModel::getProjectList() finish.
[2026-06-14 17:11:06] [DEBUG] CodeMasterModel：：getCodesByGroup() start...
[2026-06-14 17:11:06] [DEBUG] CodeMasterModel：：getCodesByGroup() finish.
[2026-06-14 17:11:06] [DEBUG] ProjectController::getNaviFooterHtml() start...
[2026-06-14 17:11:06] [DEBUG] ProjectController::getNaviFooterHtml() finish.
[2026-06-14 17:11:06] [DEBUG] Screen::updateAreaC() \Develop\Views\AreaC\Area_C.view start...
[2026-06-14 17:11:06] [DEBUG] Screen::getContents() start...
[2026-06-14 17:11:06] [DEBUG] Screen::getContents() finish.
[2026-06-14 17:11:06] [DEBUG] Screen::updateAreaC() finish.
[2026-06-14 17:11:06] [DEBUG] Screen::updateAreaD() path: \Develop\Views\AreaD\Area_D_clear.view start...
[2026-06-14 17:11:06] [DEBUG] Screen::getContents() start...
[2026-06-14 17:11:06] [DEBUG] Screen::getContents() finish.
[2026-06-14 17:11:06] [DEBUG] Screen::updateAreaD() finish.
[2026-06-14 17:11:06] [DEBUG] Screen::updateAreaE() [iframe起動版] path: \Develop\Views\AreaE\Area_E_clear.view start...
[2026-06-14 17:11:06] [DEBUG] Screen::getContents() start...
[2026-06-14 17:11:06] [DEBUG] Screen::getContents() finish.
[2026-06-14 17:11:06] [DEBUG] Screen::updateAreaE() finish.
[2026-06-14 17:11:06] [DEBUG] ProjectController::projectSelectAction() finish.
[2026-06-14 17:11:06] [DEBUG] Screen::areaView() start...
[2026-06-14 17:11:06] [DEBUG] Screen::areaView() finish.
[2026-06-14 17:11:07] [DEBUG] --- wwProject System Start ---
[2026-06-14 17:11:07] [DEBUG] Router::Router() /jemini/wwProjectV1.15/Develop/Console/ServerBridgeAction/
[2026-06-14 17:11:07] [DEBUG] Attempting to load: \Develop\Controllers\ConsoleController::ServerBridgeAction
[2026-06-14 17:11:07] [DEBUG] Router: Executing \Develop\Controllers\ConsoleController->ServerBridgeAction
[2026-06-14 17:11:07] [DEBUG] ConsoleController::ServerBridge() start...
[2026-06-14 17:11:07] [DEBUG] ConsoleController::ServerBridge() \Develop\Controllers\ProjectDefinitionController::initialAction()
[2026-06-14 17:11:07] [DEBUG] ProjectDefinitionController::initialAction() start...
[2026-06-14 17:11:07] [DEBUG] ProjectModel::getProjectList() start...
[2026-06-14 17:11:07] [DEBUG] ProjectModel::getProjectList() finish.
[2026-06-14 17:11:07] [DEBUG] Screen::updateAreaD() path: \Develop\Views\AreaD\ProjectDefinition\ProjectDefinitionList.view start...
[2026-06-14 17:11:07] [DEBUG] Screen::getContents() start...
[2026-06-14 17:11:07] [DEBUG] Screen::getContents() finish.
[2026-06-14 17:11:07] [DEBUG] Screen::updateAreaD() finish.
[2026-06-14 17:11:07] [DEBUG] ProjectDefinitionController::initialAction() finish.
[2026-06-14 17:11:07] [DEBUG] Screen::areaView() start...
[2026-06-14 17:11:07] [DEBUG] Screen::areaView() finish.
[2026-06-14 17:11:08] [DEBUG] --- wwProject System Start ---
[2026-06-14 17:11:08] [DEBUG] Router::Router() /jemini/wwProjectV1.15/Develop/Console/ServerBridgeAction/
[2026-06-14 17:11:08] [DEBUG] Attempting to load: \Develop\Controllers\ConsoleController::ServerBridgeAction
[2026-06-14 17:11:08] [DEBUG] Router: Executing \Develop\Controllers\ConsoleController->ServerBridgeAction
[2026-06-14 17:11:08] [DEBUG] ConsoleController::ServerBridge() start...
[2026-06-14 17:11:08] [DEBUG] ConsoleController::ServerBridge() \Develop\Controllers\ProjectDefinitionController::projectDetailAction()
[2026-06-14 17:11:08] [DEBUG] ProjectDefinitionController::projectDetailAction() start...
[2026-06-14 17:11:08] [DEBUG] ProjectModel::getProjectById() start... ProjectID: PRJ-W613KU
[2026-06-14 17:11:08] [DEBUG] Screen::updateAreaE() [iframe起動版] path: \Develop\Views\AreaE\ProjectDefinition\ProjectDefinitionEdit.view start...
[2026-06-14 17:11:08] [DEBUG] Screen::getContents() start...
[2026-06-14 17:11:08] [DEBUG] Screen::getContents() finish.
[2026-06-14 17:11:08] [DEBUG] Screen::updateAreaE() finish.
[2026-06-14 17:11:08] [DEBUG] ProjectDefinitionController::projectDetailAction() finish.
[2026-06-14 17:11:08] [DEBUG] Screen::areaView() start...
[2026-06-14 17:11:08] [DEBUG] Screen::areaView() finish.
[2026-06-14 17:11:12] [DEBUG] --- wwProject System Start ---
[2026-06-14 17:11:12] [DEBUG] Router::Router() /jemini/wwProjectV1.15/Develop/Console/ServerBridgeAction/
[2026-06-14 17:11:12] [DEBUG] Attempting to load: \Develop\Controllers\ConsoleController::ServerBridgeAction
[2026-06-14 17:11:12] [DEBUG] Router: Executing \Develop\Controllers\ConsoleController->ServerBridgeAction
[2026-06-14 17:11:12] [DEBUG] ConsoleController::ServerBridge() start...
[2026-06-14 17:11:12] [DEBUG] ConsoleController::ServerBridge() \Develop\Controllers\ProjectDefinitionController::cancelEditAction()
[2026-06-14 17:11:12] [DEBUG] ProjectDefinitionController::cancelEdit() start...
[2026-06-14 17:11:12] [DEBUG] Screen::updateAreaE() [iframe起動版] path: \Develop\Views\AreaE\Area_E_clear.view start...
[2026-06-14 17:11:12] [DEBUG] Screen::getContents() start...
[2026-06-14 17:11:12] [DEBUG] Screen::getContents() finish.
[2026-06-14 17:11:12] [DEBUG] Screen::updateAreaE() finish.
[2026-06-14 17:11:12] [DEBUG] Screen::updateAreaF() path: プロジェクトの修正をキャンセルしました start...
[2026-06-14 17:11:12] [DEBUG] Screen::getContents() start...
[2026-06-14 17:11:12] [ERROR] Screen::getContents() Viewファイル欠損: C:/xampp8/htdocs/jemini/wwProjectV1.15プロジェクトの修正をキャンセルしました
[2026-06-14 17:11:12] [ERROR] ProjectDefinitionController::cancelEditAction() Error: Viewファイルが見つかりません。
[2026-06-14 17:11:12] [DEBUG] ProjectDefinitionController::cancelEdit() finish.
[2026-06-14 17:11:12] [DEBUG] Screen::areaView() start...
[2026-06-14 17:11:12] [DEBUG] Screen::areaView() finish.
[2026-06-14 17:19:04] [DEBUG] --- wwProject System Start ---
[2026-06-14 17:19:04] [DEBUG] Router::Router() /jemini/wwProjectV1.15/Develop/Console/ServerBridgeAction/
[2026-06-14 17:19:04] [DEBUG] Attempting to load: \Develop\Controllers\ConsoleController::ServerBridgeAction
[2026-06-14 17:19:04] [DEBUG] Router: Executing \Develop\Controllers\ConsoleController->ServerBridgeAction
[2026-06-14 17:19:04] [DEBUG] ConsoleController::ServerBridge() start...
[2026-06-14 17:19:04] [DEBUG] ConsoleController::ServerBridge() \Develop\Controllers\ProjectDefinitionController::projectDetailAction()
[2026-06-14 17:19:04] [DEBUG] ProjectDefinitionController::projectDetailAction() start...
[2026-06-14 17:19:04] [DEBUG] ProjectModel::getProjectById() start... ProjectID: PRJ-W613KU
[2026-06-14 17:19:05] [DEBUG] Screen::updateAreaE() [iframe起動版] path: \Develop\Views\AreaE\ProjectDefinition\ProjectDefinitionEdit.view start...
[2026-06-14 17:19:05] [DEBUG] Screen::getContents() start...
[2026-06-14 17:19:05] [DEBUG] Screen::getContents() finish.
[2026-06-14 17:19:05] [DEBUG] Screen::updateAreaE() finish.
[2026-06-14 17:19:05] [DEBUG] ProjectDefinitionController::projectDetailAction() finish.
[2026-06-14 17:19:05] [DEBUG] Screen::areaView() start...
[2026-06-14 17:19:05] [DEBUG] Screen::areaView() finish.
[2026-06-14 17:19:08] [DEBUG] --- wwProject System Start ---
[2026-06-14 17:19:08] [DEBUG] Router::Router() /jemini/wwProjectV1.15/Develop/Console/ServerBridgeAction/
[2026-06-14 17:19:08] [DEBUG] Attempting to load: \Develop\Controllers\ConsoleController::ServerBridgeAction
[2026-06-14 17:19:08] [DEBUG] Router: Executing \Develop\Controllers\ConsoleController->ServerBridgeAction
[2026-06-14 17:19:08] [DEBUG] ConsoleController::ServerBridge() start...
[2026-06-14 17:19:08] [DEBUG] ConsoleController::ServerBridge() \Develop\Controllers\ProjectDefinitionController::initialAction()
[2026-06-14 17:19:08] [DEBUG] ProjectDefinitionController::initialAction() start...
[2026-06-14 17:19:08] [DEBUG] ProjectModel::getProjectList() start...
[2026-06-14 17:19:08] [DEBUG] ProjectModel::getProjectList() finish.
[2026-06-14 17:19:08] [DEBUG] Screen::updateAreaD() path: \Develop\Views\AreaD\ProjectDefinition\ProjectDefinitionList.view start...
[2026-06-14 17:19:08] [DEBUG] Screen::getContents() start...
[2026-06-14 17:19:08] [DEBUG] Screen::getContents() finish.
[2026-06-14 17:19:08] [DEBUG] Screen::updateAreaD() finish.
[2026-06-14 17:19:08] [DEBUG] ProjectDefinitionController::initialAction() finish.
[2026-06-14 17:19:08] [DEBUG] Screen::areaView() start...
[2026-06-14 17:19:08] [DEBUG] Screen::areaView() finish.
[2026-06-14 17:19:09] [DEBUG] --- wwProject System Start ---
[2026-06-14 17:19:09] [DEBUG] Router::Router() /jemini/wwProjectV1.15/Develop/Console/ServerBridgeAction/
[2026-06-14 17:19:09] [DEBUG] Attempting to load: \Develop\Controllers\ConsoleController::ServerBridgeAction
[2026-06-14 17:19:09] [DEBUG] Router: Executing \Develop\Controllers\ConsoleController->ServerBridgeAction
[2026-06-14 17:19:09] [DEBUG] ConsoleController::ServerBridge() start...
[2026-06-14 17:19:09] [DEBUG] ConsoleController::ServerBridge() \Develop\Controllers\DBDefinitionController::initialAction()
[2026-06-14 17:19:09] [DEBUG] DBDefinitionController::initialAction() start...
[2026-06-14 17:19:09] [DEBUG] DBDefinitionController::initialAction() project_id : PRJ-D45FEF
[2026-06-14 17:19:09] [DEBUG] DBDefinitionModel::getTableList() start...
[2026-06-14 17:19:09] [DEBUG] DBDefinitionModel::getTableList() finish. 取得件数: 3
[2026-06-14 17:19:09] [DEBUG] Screen::updateAreaD() path: \Develop\Views\AreaD\DBDefinition\DBDefinitionList.view start...
[2026-06-14 17:19:09] [DEBUG] Screen::getContents() start...
[2026-06-14 17:19:09] [DEBUG] Screen::getContents() finish.
[2026-06-14 17:19:09] [DEBUG] Screen::updateAreaD() finish.
[2026-06-14 17:19:09] [DEBUG] Screen::updateAreaE() [iframe起動版] path: \Develop\Views\AreaE\Area_E_clear.view start...
[2026-06-14 17:19:09] [DEBUG] Screen::getContents() start...
[2026-06-14 17:19:09] [DEBUG] Screen::getContents() finish.
[2026-06-14 17:19:09] [DEBUG] Screen::updateAreaE() finish.
[2026-06-14 17:19:09] [DEBUG] DBDefinitionController::initialAction() end.
[2026-06-14 17:19:09] [DEBUG] Screen::areaView() start...
[2026-06-14 17:19:09] [DEBUG] Screen::areaView() finish.
[2026-06-14 17:19:10] [DEBUG] --- wwProject System Start ---
[2026-06-14 17:19:10] [DEBUG] Router::Router() /jemini/wwProjectV1.15/Develop/Console/ServerBridgeAction/
[2026-06-14 17:19:10] [DEBUG] Attempting to load: \Develop\Controllers\ConsoleController::ServerBridgeAction
[2026-06-14 17:19:10] [DEBUG] Router: Executing \Develop\Controllers\ConsoleController->ServerBridgeAction
[2026-06-14 17:19:10] [DEBUG] ConsoleController::ServerBridge() start...
[2026-06-14 17:19:10] [DEBUG] ConsoleController::ServerBridge() \Develop\Controllers\DBDefinitionController::editTableAction()
[2026-06-14 17:19:10] [DEBUG] DBDefinitionController::editTableAction() start...
[2026-06-14 17:19:10] [DEBUG] DBDefinitionModel::getTableInfo() start... [Table: developers]
[2026-06-14 17:19:10] [DEBUG] DBDefinitionModel::getSavedColumns() start... [TableID: 6]
[2026-06-14 17:19:10] [DEBUG] Screen::updateAreaE() [iframe起動版] path: \Develop\Views\AreaE\DBDefinition\RegistTable.view start...
[2026-06-14 17:19:10] [DEBUG] Screen::getContents() start...
[2026-06-14 17:19:11] [DEBUG] Screen::getContents() finish.
[2026-06-14 17:19:11] [DEBUG] Screen::updateAreaE() finish.
[2026-06-14 17:19:11] [DEBUG] DBDefinitionController::editTableAction() finish.
[2026-06-14 17:19:11] [DEBUG] Screen::areaView() start...
[2026-06-14 17:19:11] [DEBUG] Screen::areaView() finish.
[2026-06-14 17:19:14] [DEBUG] --- wwProject System Start ---
[2026-06-14 17:19:14] [DEBUG] Router::Router() /jemini/wwProjectV1.15/Develop/Console/ServerBridgeAction/
[2026-06-14 17:19:14] [DEBUG] Attempting to load: \Develop\Controllers\ConsoleController::ServerBridgeAction
[2026-06-14 17:19:14] [DEBUG] Router: Executing \Develop\Controllers\ConsoleController->ServerBridgeAction
[2026-06-14 17:19:14] [DEBUG] ConsoleController::ServerBridge() start...
[2026-06-14 17:19:14] [DEBUG] ConsoleController::ServerBridge() \Develop\Controllers\PartsDefinitionController::initialAction()
[2026-06-14 17:19:14] [DEBUG] PartsDefinitionController::initialAction() start...
[2026-06-14 17:19:14] [DEBUG] PartsDefinitionController::initialAction() projectId : PRJ-D45FEF
[2026-06-14 17:19:14] [DEBUG] PartsDefinitionModel::getAllPartsList() start... Project ID: PRJ-D45FEF
[2026-06-14 17:19:14] [DEBUG] PartsDefinitionModel::getAllPartsList() １
[2026-06-14 17:19:14] [DEBUG] PartsDefinitionModel::getAllPartsList() ２
[2026-06-14 17:19:14] [DEBUG] PartsDefinitionModel::getAllPartsList() ３
[2026-06-14 17:19:14] [DEBUG] PartsDefinitionModel::getAllPartsList() finish. 件数: 3
[2026-06-14 17:19:14] [DEBUG] Screen::updateAreaD() path: \Develop\Views\AreaD\PartsDefinition\PartsDefinitionList.view start...
[2026-06-14 17:19:14] [DEBUG] Screen::getContents() start...
[2026-06-14 17:19:14] [DEBUG] Screen::getContents() finish.
[2026-06-14 17:19:14] [DEBUG] Screen::updateAreaD() finish.
[2026-06-14 17:19:14] [DEBUG] Screen::updateAreaE() [iframe起動版] path: \Develop\Views\AreaE\Area_E_clear.view start...
[2026-06-14 17:19:14] [DEBUG] Screen::getContents() start...
[2026-06-14 17:19:14] [DEBUG] Screen::getContents() finish.
[2026-06-14 17:19:14] [DEBUG] Screen::updateAreaE() finish.
[2026-06-14 17:19:14] [DEBUG] PartsDefinitionController::initialAction() end.
[2026-06-14 17:19:14] [DEBUG] Screen::areaView() start...
[2026-06-14 17:19:14] [DEBUG] Screen::areaView() finish.
[2026-06-14 17:19:58] [DEBUG] --- wwProject System Start ---
[2026-06-14 17:19:58] [DEBUG] Router::Router() /jemini/wwProjectV1.15/develop/
[2026-06-14 17:19:58] [DEBUG] Attempting to load: \Develop\Controllers\LoginController::initialAction
[2026-06-14 17:19:58] [DEBUG] Router: Executing \Develop\Controllers\LoginController->initialAction
[2026-06-14 17:19:58] [DEBUG] Login::initialAction() start...
[2026-06-14 17:19:58] [DEBUG] Login::initialAction() errorMessage : 
[2026-06-14 17:19:58] [DEBUG] Screen::view() path: \Develop\Views\Login\Login.view start...
[2026-06-14 17:19:58] [DEBUG] Screen::getContents() start...
[2026-06-14 17:19:58] [DEBUG] Screen::getContents() finish.
[2026-06-14 17:19:58] [DEBUG] Screen::view() path: \Develop\Views\Login\Login.view finish.
[2026-06-14 17:19:58] [DEBUG] Login::initialAction() finish.
[2026-06-14 17:20:02] [DEBUG] --- wwProject System Start ---
[2026-06-14 17:20:02] [DEBUG] Router::Router() /jemini/wwProjectV1.15/Develop/Login/authentication/
[2026-06-14 17:20:02] [DEBUG] Attempting to load: \Develop\Controllers\LoginController::authenticationAction
[2026-06-14 17:20:02] [DEBUG] Router: Executing \Develop\Controllers\LoginController->authenticationAction
[2026-06-14 17:20:02] [DEBUG] Login::AuthenticationAction() start...
[2026-06-14 17:20:02] [DEBUG] Login OK - x
[2026-06-14 17:20:02] [DEBUG] Session::start()
[2026-06-14 17:20:02] [DEBUG] Redirect to Console::initialAction()
[2026-06-14 17:20:02] [DEBUG] --- wwProject System Start ---
[2026-06-14 17:20:02] [DEBUG] Router::Router() /jemini/wwProjectV1.15/Develop/Console/initial/
[2026-06-14 17:20:02] [DEBUG] Attempting to load: \Develop\Controllers\ConsoleController::initialAction
[2026-06-14 17:20:02] [DEBUG] Router: Executing \Develop\Controllers\ConsoleController->initialAction
[2026-06-14 17:20:02] [DEBUG] Console::initialAction() start...
[2026-06-14 17:20:02] [DEBUG] Screen::view() path: \Develop\Views\Console\Console.view start...
[2026-06-14 17:20:02] [DEBUG] Screen::getContents() start...
[2026-06-14 17:20:02] [DEBUG] Screen::getContents() finish.
[2026-06-14 17:20:02] [DEBUG] Screen::view() path: \Develop\Views\Console\Console.view finish.
[2026-06-14 17:20:02] [DEBUG] ConsoleController::initialAction() finish.
[2026-06-14 17:20:02] [DEBUG] --- wwProject System Start ---
[2026-06-14 17:20:02] [DEBUG] Router::Router() /jemini/wwProjectV1.15/Develop/Console/ServerBridgeAction/
[2026-06-14 17:20:02] [DEBUG] Attempting to load: \Develop\Controllers\ConsoleController::ServerBridgeAction
[2026-06-14 17:20:02] [DEBUG] Router: Executing \Develop\Controllers\ConsoleController->ServerBridgeAction
[2026-06-14 17:20:02] [DEBUG] ConsoleController::ServerBridge() start...
[2026-06-14 17:20:02] [DEBUG] ConsoleController::ServerBridge() \Develop\Controllers\ConsoleController::areaInitialAction()
[2026-06-14 17:20:02] [DEBUG] ConsoleController::AreaInitialAction() start...
[2026-06-14 17:20:02] [DEBUG] Screen::updateAreaA() path: \Develop\Views\AreaA\Area_A.view start...
[2026-06-14 17:20:02] [DEBUG] Screen::areaView() sending JSON: ["areas"]
[2026-06-14 17:20:02] [DEBUG] Screen::getContents() start...
[2026-06-14 17:20:02] [DEBUG] Screen::getContents() finish.
[2026-06-14 17:20:02] [DEBUG] Screen::updateAreaA() finish.
[2026-06-14 17:20:02] [DEBUG] Screen::updateAreaB() path: \Develop\Views\AreaB\Area_B.view start...
[2026-06-14 17:20:02] [DEBUG] Screen::getContents() start...
[2026-06-14 17:20:02] [DEBUG] Screen::getContents() finish.
[2026-06-14 17:20:02] [DEBUG] Screen::updateAreaB() finish.
[2026-06-14 17:20:02] [DEBUG] Screen::updateAreaD() path: \Develop\Views\AreaD\Area_D_clear.view start...
[2026-06-14 17:20:02] [DEBUG] Screen::getContents() start...
[2026-06-14 17:20:02] [DEBUG] Screen::getContents() finish.
[2026-06-14 17:20:02] [DEBUG] Screen::updateAreaD() finish.
[2026-06-14 17:20:02] [DEBUG] Screen::updateAreaE() [iframe起動版] path: \Develop\Views\AreaE\Area_E_clear.view start...
[2026-06-14 17:20:02] [DEBUG] Screen::getContents() start...
[2026-06-14 17:20:02] [DEBUG] Screen::getContents() finish.
[2026-06-14 17:20:02] [DEBUG] Screen::updateAreaE() finish.
[2026-06-14 17:20:02] [DEBUG] Screen::updateAreaF() path: \Develop\Views\AreaF\Area_F.view start...
[2026-06-14 17:20:02] [DEBUG] Screen::getContents() start...
[2026-06-14 17:20:02] [DEBUG] Screen::getContents() finish.
[2026-06-14 17:20:02] [DEBUG] Screen::updateAreaF() finish.
[2026-06-14 17:20:02] [DEBUG] ProjectController::startProjectNabi() start...
[2026-06-14 17:20:02] [DEBUG] ProjectController::getProjectListHtml() start...
[2026-06-14 17:20:02] [DEBUG] ProjectModel::getProjectList() start...
[2026-06-14 17:20:02] [DEBUG] ProjectModel::getProjectList() finish.
[2026-06-14 17:20:02] [DEBUG] CodeMasterModel：：getCodesByGroup() start...
[2026-06-14 17:20:02] [DEBUG] CodeMasterModel：：getCodesByGroup() finish.
[2026-06-14 17:20:02] [DEBUG] ProjectController::getNaviFooterHtml() start...
[2026-06-14 17:20:02] [DEBUG] ProjectController::getNaviFooterHtml() finish.
[2026-06-14 17:20:02] [DEBUG] ProjectController::startProjectNabi() finish.
[2026-06-14 17:20:02] [DEBUG] Screen::updateAreaC() \Develop\Views\AreaC\Area_C.view start...
[2026-06-14 17:20:02] [DEBUG] Screen::getContents() start...
[2026-06-14 17:20:02] [DEBUG] Screen::getContents() finish.
[2026-06-14 17:20:02] [DEBUG] Screen::updateAreaC() finish.
[2026-06-14 17:20:02] [DEBUG] ConsoleController::AreaInitialAction() finish.
[2026-06-14 17:20:02] [DEBUG] Screen::areaView() start...
[2026-06-14 17:20:02] [DEBUG] Screen::areaView() finish.
[2026-06-14 17:20:03] [DEBUG] --- wwProject System Start ---
[2026-06-14 17:20:03] [DEBUG] Router::Router() /jemini/wwProjectV1.15/Develop/Console/ServerBridgeAction/
[2026-06-14 17:20:03] [DEBUG] Attempting to load: \Develop\Controllers\ConsoleController::ServerBridgeAction
[2026-06-14 17:20:03] [DEBUG] Router: Executing \Develop\Controllers\ConsoleController->ServerBridgeAction
[2026-06-14 17:20:03] [DEBUG] ConsoleController::ServerBridge() start...
[2026-06-14 17:20:03] [DEBUG] ConsoleController::ServerBridge() \Develop\Controllers\ProjectController::projectSelectAction()
[2026-06-14 17:20:03] [DEBUG] ProjectController::projectSelectAction() start...
[2026-06-14 17:20:03] [DEBUG] ProjectController::projectSelectAction() ☆★☆　SampleProject１
[2026-06-14 17:20:03] [DEBUG] Screen::updateAreaB() path: \Develop\Views\AreaB\Area_B.view start...
[2026-06-14 17:20:03] [DEBUG] Screen::getContents() start...
[2026-06-14 17:20:03] [DEBUG] Screen::getContents() finish.
[2026-06-14 17:20:03] [DEBUG] Screen::updateAreaB() finish.
[2026-06-14 17:20:03] [DEBUG] ProjectController::projectSelectAction() PRJ-D45FEF : PRJ-D45FEF
[2026-06-14 17:20:03] [DEBUG] ProjectController::getProjectListHtml() start...
[2026-06-14 17:20:03] [DEBUG] ProjectModel::getProjectList() start...
[2026-06-14 17:20:03] [DEBUG] ProjectModel::getProjectList() finish.
[2026-06-14 17:20:03] [DEBUG] CodeMasterModel：：getCodesByGroup() start...
[2026-06-14 17:20:03] [DEBUG] CodeMasterModel：：getCodesByGroup() finish.
[2026-06-14 17:20:03] [DEBUG] ProjectController::getNaviFooterHtml() start...
[2026-06-14 17:20:03] [DEBUG] ProjectController::getNaviFooterHtml() finish.
[2026-06-14 17:20:03] [DEBUG] Screen::updateAreaC() \Develop\Views\AreaC\Area_C.view start...
[2026-06-14 17:20:03] [DEBUG] Screen::getContents() start...
[2026-06-14 17:20:03] [DEBUG] Screen::getContents() finish.
[2026-06-14 17:20:03] [DEBUG] Screen::updateAreaC() finish.
[2026-06-14 17:20:03] [DEBUG] Screen::updateAreaD() path: \Develop\Views\AreaD\Area_D_clear.view start...
[2026-06-14 17:20:03] [DEBUG] Screen::getContents() start...
[2026-06-14 17:20:03] [DEBUG] Screen::getContents() finish.
[2026-06-14 17:20:03] [DEBUG] Screen::updateAreaD() finish.
[2026-06-14 17:20:03] [DEBUG] Screen::updateAreaE() [iframe起動版] path: \Develop\Views\AreaE\Area_E_clear.view start...
[2026-06-14 17:20:03] [DEBUG] Screen::getContents() start...
[2026-06-14 17:20:03] [DEBUG] Screen::getContents() finish.
[2026-06-14 17:20:03] [DEBUG] Screen::updateAreaE() finish.
[2026-06-14 17:20:03] [DEBUG] ProjectController::projectSelectAction() finish.
[2026-06-14 17:20:03] [DEBUG] Screen::areaView() start...
[2026-06-14 17:20:03] [DEBUG] Screen::areaView() finish.
[2026-06-14 17:20:05] [DEBUG] --- wwProject System Start ---
[2026-06-14 17:20:05] [DEBUG] Router::Router() /jemini/wwProjectV1.15/Develop/Console/ServerBridgeAction/
[2026-06-14 17:20:05] [DEBUG] Attempting to load: \Develop\Controllers\ConsoleController::ServerBridgeAction
[2026-06-14 17:20:05] [DEBUG] Router: Executing \Develop\Controllers\ConsoleController->ServerBridgeAction
[2026-06-14 17:20:05] [DEBUG] ConsoleController::ServerBridge() start...
[2026-06-14 17:20:05] [DEBUG] ConsoleController::ServerBridge() \Develop\Controllers\ProjectDefinitionController::initialAction()
[2026-06-14 17:20:05] [DEBUG] ProjectDefinitionController::initialAction() start...
[2026-06-14 17:20:05] [DEBUG] ProjectModel::getProjectList() start...
[2026-06-14 17:20:05] [DEBUG] ProjectModel::getProjectList() finish.
[2026-06-14 17:20:05] [DEBUG] Screen::updateAreaD() path: \Develop\Views\AreaD\ProjectDefinition\ProjectDefinitionList.view start...
[2026-06-14 17:20:05] [DEBUG] Screen::getContents() start...
[2026-06-14 17:20:05] [DEBUG] Screen::getContents() finish.
[2026-06-14 17:20:05] [DEBUG] Screen::updateAreaD() finish.
[2026-06-14 17:20:05] [DEBUG] ProjectDefinitionController::initialAction() finish.
[2026-06-14 17:20:05] [DEBUG] Screen::areaView() start...
[2026-06-14 17:20:05] [DEBUG] Screen::areaView() finish.
[2026-06-14 17:20:05] [DEBUG] --- wwProject System Start ---
[2026-06-14 17:20:05] [DEBUG] Router::Router() /jemini/wwProjectV1.15/Develop/Console/ServerBridgeAction/
[2026-06-14 17:20:05] [DEBUG] Attempting to load: \Develop\Controllers\ConsoleController::ServerBridgeAction
[2026-06-14 17:20:05] [DEBUG] Router: Executing \Develop\Controllers\ConsoleController->ServerBridgeAction
[2026-06-14 17:20:05] [DEBUG] ConsoleController::ServerBridge() start...
[2026-06-14 17:20:05] [DEBUG] ConsoleController::ServerBridge() \Develop\Controllers\DBDefinitionController::initialAction()
[2026-06-14 17:20:05] [DEBUG] DBDefinitionController::initialAction() start...
[2026-06-14 17:20:05] [DEBUG] DBDefinitionController::initialAction() project_id : PRJ-D45FEF
[2026-06-14 17:20:05] [DEBUG] DBDefinitionModel::getTableList() start...
[2026-06-14 17:20:05] [DEBUG] DBDefinitionModel::getTableList() finish. 取得件数: 3
[2026-06-14 17:20:05] [DEBUG] Screen::updateAreaD() path: \Develop\Views\AreaD\DBDefinition\DBDefinitionList.view start...
[2026-06-14 17:20:05] [DEBUG] Screen::getContents() start...
[2026-06-14 17:20:05] [DEBUG] Screen::getContents() finish.
[2026-06-14 17:20:05] [DEBUG] Screen::updateAreaD() finish.
[2026-06-14 17:20:05] [DEBUG] Screen::updateAreaE() [iframe起動版] path: \Develop\Views\AreaE\Area_E_clear.view start...
[2026-06-14 17:20:05] [DEBUG] Screen::getContents() start...
[2026-06-14 17:20:05] [DEBUG] Screen::getContents() finish.
[2026-06-14 17:20:05] [DEBUG] Screen::updateAreaE() finish.
[2026-06-14 17:20:05] [DEBUG] DBDefinitionController::initialAction() end.
[2026-06-14 17:20:05] [DEBUG] Screen::areaView() start...
[2026-06-14 17:20:05] [DEBUG] Screen::areaView() finish.
[2026-06-14 17:20:06] [DEBUG] --- wwProject System Start ---
[2026-06-14 17:20:06] [DEBUG] Router::Router() /jemini/wwProjectV1.15/Develop/Console/ServerBridgeAction/
[2026-06-14 17:20:06] [DEBUG] Attempting to load: \Develop\Controllers\ConsoleController::ServerBridgeAction
[2026-06-14 17:20:06] [DEBUG] Router: Executing \Develop\Controllers\ConsoleController->ServerBridgeAction
[2026-06-14 17:20:06] [DEBUG] ConsoleController::ServerBridge() start...
[2026-06-14 17:20:06] [DEBUG] ConsoleController::ServerBridge() \Develop\Controllers\PartsDefinitionController::initialAction()
[2026-06-14 17:20:06] [DEBUG] PartsDefinitionController::initialAction() start...
[2026-06-14 17:20:06] [DEBUG] PartsDefinitionController::initialAction() projectId : PRJ-D45FEF
[2026-06-14 17:20:06] [DEBUG] PartsDefinitionModel::getAllPartsList() start... Project ID: PRJ-D45FEF
[2026-06-14 17:20:06] [DEBUG] PartsDefinitionModel::getAllPartsList() １
[2026-06-14 17:20:06] [DEBUG] PartsDefinitionModel::getAllPartsList() ２
[2026-06-14 17:20:06] [DEBUG] PartsDefinitionModel::getAllPartsList() ３
[2026-06-14 17:20:06] [DEBUG] PartsDefinitionModel::getAllPartsList() finish. 件数: 3
[2026-06-14 17:20:06] [DEBUG] Screen::updateAreaD() path: \Develop\Views\AreaD\PartsDefinition\PartsDefinitionList.view start...
[2026-06-14 17:20:06] [DEBUG] Screen::getContents() start...
[2026-06-14 17:20:06] [DEBUG] Screen::getContents() finish.
[2026-06-14 17:20:06] [DEBUG] Screen::updateAreaD() finish.
[2026-06-14 17:20:06] [DEBUG] Screen::updateAreaE() [iframe起動版] path: \Develop\Views\AreaE\Area_E_clear.view start...
[2026-06-14 17:20:06] [DEBUG] Screen::getContents() start...
[2026-06-14 17:20:06] [DEBUG] Screen::getContents() finish.
[2026-06-14 17:20:06] [DEBUG] Screen::updateAreaE() finish.
[2026-06-14 17:20:06] [DEBUG] PartsDefinitionController::initialAction() end.
[2026-06-14 17:20:06] [DEBUG] Screen::areaView() start...
[2026-06-14 17:20:06] [DEBUG] Screen::areaView() finish.
[2026-06-14 17:20:09] [DEBUG] --- wwProject System Start ---
[2026-06-14 17:20:09] [DEBUG] Router::Router() /jemini/wwProjectV1.15/Develop/Console/ServerBridgeAction/
[2026-06-14 17:20:09] [DEBUG] Attempting to load: \Develop\Controllers\ConsoleController::ServerBridgeAction
[2026-06-14 17:20:09] [DEBUG] Router: Executing \Develop\Controllers\ConsoleController->ServerBridgeAction
[2026-06-14 17:20:09] [DEBUG] ConsoleController::ServerBridge() start...
[2026-06-14 17:20:09] [DEBUG] ConsoleController::ServerBridge() \Develop\Controllers\ProjectController::projectSelectAction()
[2026-06-14 17:20:09] [DEBUG] ProjectController::projectSelectAction() start...
[2026-06-14 17:20:09] [DEBUG] ProjectController::projectSelectAction() ☆★☆　新規プロジェクト登録２２
[2026-06-14 17:20:09] [DEBUG] Screen::updateAreaB() path: \Develop\Views\AreaB\Area_B.view start...
[2026-06-14 17:20:09] [DEBUG] Screen::getContents() start...
[2026-06-14 17:20:09] [DEBUG] Screen::getContents() finish.
[2026-06-14 17:20:09] [DEBUG] Screen::updateAreaB() finish.
[2026-06-14 17:20:09] [DEBUG] ProjectController::projectSelectAction() PRJ-W613KU : PRJ-W613KU
[2026-06-14 17:20:09] [DEBUG] ProjectController::getProjectListHtml() start...
[2026-06-14 17:20:09] [DEBUG] ProjectModel::getProjectList() start...
[2026-06-14 17:20:09] [DEBUG] ProjectModel::getProjectList() finish.
[2026-06-14 17:20:09] [DEBUG] CodeMasterModel：：getCodesByGroup() start...
[2026-06-14 17:20:09] [DEBUG] CodeMasterModel：：getCodesByGroup() finish.
[2026-06-14 17:20:09] [DEBUG] ProjectController::getNaviFooterHtml() start...
[2026-06-14 17:20:09] [DEBUG] ProjectController::getNaviFooterHtml() finish.
[2026-06-14 17:20:09] [DEBUG] Screen::updateAreaC() \Develop\Views\AreaC\Area_C.view start...
[2026-06-14 17:20:09] [DEBUG] Screen::getContents() start...
[2026-06-14 17:20:09] [DEBUG] Screen::getContents() finish.
[2026-06-14 17:20:09] [DEBUG] Screen::updateAreaC() finish.
[2026-06-14 17:20:09] [DEBUG] Screen::updateAreaD() path: \Develop\Views\AreaD\Area_D_clear.view start...
[2026-06-14 17:20:09] [DEBUG] Screen::getContents() start...
[2026-06-14 17:20:09] [DEBUG] Screen::getContents() finish.
[2026-06-14 17:20:09] [DEBUG] Screen::updateAreaD() finish.
[2026-06-14 17:20:09] [DEBUG] Screen::updateAreaE() [iframe起動版] path: \Develop\Views\AreaE\Area_E_clear.view start...
[2026-06-14 17:20:09] [DEBUG] Screen::getContents() start...
[2026-06-14 17:20:09] [DEBUG] Screen::getContents() finish.
[2026-06-14 17:20:09] [DEBUG] Screen::updateAreaE() finish.
[2026-06-14 17:20:09] [DEBUG] ProjectController::projectSelectAction() finish.
[2026-06-14 17:20:09] [DEBUG] Screen::areaView() start...
[2026-06-14 17:20:09] [DEBUG] Screen::areaView() finish.
[2026-06-14 17:20:12] [DEBUG] --- wwProject System Start ---
[2026-06-14 17:20:12] [DEBUG] Router::Router() /jemini/wwProjectV1.15/Develop/Console/ServerBridgeAction/
[2026-06-14 17:20:12] [DEBUG] Attempting to load: \Develop\Controllers\ConsoleController::ServerBridgeAction
[2026-06-14 17:20:12] [DEBUG] Router: Executing \Develop\Controllers\ConsoleController->ServerBridgeAction
[2026-06-14 17:20:12] [DEBUG] ConsoleController::ServerBridge() start...
[2026-06-14 17:20:12] [DEBUG] ConsoleController::ServerBridge() \Develop\Controllers\ProjectController::projectSelectAction()
[2026-06-14 17:20:12] [DEBUG] ProjectController::projectSelectAction() start...
[2026-06-14 17:20:12] [DEBUG] ProjectController::projectSelectAction() ☆★☆　SampleProject１
[2026-06-14 17:20:12] [DEBUG] Screen::updateAreaB() path: \Develop\Views\AreaB\Area_B.view start...
[2026-06-14 17:20:12] [DEBUG] Screen::getContents() start...
[2026-06-14 17:20:12] [DEBUG] Screen::getContents() finish.
[2026-06-14 17:20:12] [DEBUG] Screen::updateAreaB() finish.
[2026-06-14 17:20:12] [DEBUG] ProjectController::projectSelectAction() PRJ-D45FEF : PRJ-D45FEF
[2026-06-14 17:20:12] [DEBUG] ProjectController::getProjectListHtml() start...
[2026-06-14 17:20:12] [DEBUG] ProjectModel::getProjectList() start...
[2026-06-14 17:20:12] [DEBUG] ProjectModel::getProjectList() finish.
[2026-06-14 17:20:12] [DEBUG] CodeMasterModel：：getCodesByGroup() start...
[2026-06-14 17:20:12] [DEBUG] CodeMasterModel：：getCodesByGroup() finish.
[2026-06-14 17:20:12] [DEBUG] ProjectController::getNaviFooterHtml() start...
[2026-06-14 17:20:12] [DEBUG] ProjectController::getNaviFooterHtml() finish.
[2026-06-14 17:20:12] [DEBUG] Screen::updateAreaC() \Develop\Views\AreaC\Area_C.view start...
[2026-06-14 17:20:12] [DEBUG] Screen::getContents() start...
[2026-06-14 17:20:12] [DEBUG] Screen::getContents() finish.
[2026-06-14 17:20:12] [DEBUG] Screen::updateAreaC() finish.
[2026-06-14 17:20:12] [DEBUG] Screen::updateAreaD() path: \Develop\Views\AreaD\Area_D_clear.view start...
[2026-06-14 17:20:12] [DEBUG] Screen::getContents() start...
[2026-06-14 17:20:12] [DEBUG] Screen::getContents() finish.
[2026-06-14 17:20:12] [DEBUG] Screen::updateAreaD() finish.
[2026-06-14 17:20:12] [DEBUG] Screen::updateAreaE() [iframe起動版] path: \Develop\Views\AreaE\Area_E_clear.view start...
[2026-06-14 17:20:12] [DEBUG] Screen::getContents() start...
[2026-06-14 17:20:12] [DEBUG] Screen::getContents() finish.
[2026-06-14 17:20:12] [DEBUG] Screen::updateAreaE() finish.
[2026-06-14 17:20:12] [DEBUG] ProjectController::projectSelectAction() finish.
[2026-06-14 17:20:12] [DEBUG] Screen::areaView() start...
[2026-06-14 17:20:12] [DEBUG] Screen::areaView() finish.
[2026-06-14 17:20:14] [DEBUG] --- wwProject System Start ---
[2026-06-14 17:20:14] [DEBUG] Router::Router() /jemini/wwProjectV1.15/Develop/Console/ServerBridgeAction/
[2026-06-14 17:20:14] [DEBUG] Attempting to load: \Develop\Controllers\ConsoleController::ServerBridgeAction
[2026-06-14 17:20:14] [DEBUG] Router: Executing \Develop\Controllers\ConsoleController->ServerBridgeAction
[2026-06-14 17:20:14] [DEBUG] ConsoleController::ServerBridge() start...
[2026-06-14 17:20:14] [DEBUG] ConsoleController::ServerBridge() \Develop\Controllers\ProjectDefinitionController::initialAction()
[2026-06-14 17:20:14] [DEBUG] ProjectDefinitionController::initialAction() start...
[2026-06-14 17:20:14] [DEBUG] ProjectModel::getProjectList() start...
[2026-06-14 17:20:14] [DEBUG] ProjectModel::getProjectList() finish.
[2026-06-14 17:20:14] [DEBUG] Screen::updateAreaD() path: \Develop\Views\AreaD\ProjectDefinition\ProjectDefinitionList.view start...
[2026-06-14 17:20:14] [DEBUG] Screen::getContents() start...
[2026-06-14 17:20:14] [DEBUG] Screen::getContents() finish.
[2026-06-14 17:20:14] [DEBUG] Screen::updateAreaD() finish.
[2026-06-14 17:20:14] [DEBUG] ProjectDefinitionController::initialAction() finish.
[2026-06-14 17:20:14] [DEBUG] Screen::areaView() start...
[2026-06-14 17:20:14] [DEBUG] Screen::areaView() finish.
[2026-06-14 17:20:15] [DEBUG] --- wwProject System Start ---
[2026-06-14 17:20:15] [DEBUG] Router::Router() /jemini/wwProjectV1.15/Develop/Console/ServerBridgeAction/
[2026-06-14 17:20:15] [DEBUG] Attempting to load: \Develop\Controllers\ConsoleController::ServerBridgeAction
[2026-06-14 17:20:15] [DEBUG] Router: Executing \Develop\Controllers\ConsoleController->ServerBridgeAction
[2026-06-14 17:20:15] [DEBUG] ConsoleController::ServerBridge() start...
[2026-06-14 17:20:15] [DEBUG] ConsoleController::ServerBridge() \Develop\Controllers\ProjectDefinitionController::projectDetailAction()
[2026-06-14 17:20:15] [DEBUG] ProjectDefinitionController::projectDetailAction() start...
[2026-06-14 17:20:15] [DEBUG] ProjectModel::getProjectById() start... ProjectID: PRJ-W613KU
[2026-06-14 17:20:15] [DEBUG] Screen::updateAreaE() [iframe起動版] path: \Develop\Views\AreaE\ProjectDefinition\ProjectDefinitionEdit.view start...
[2026-06-14 17:20:15] [DEBUG] Screen::getContents() start...
[2026-06-14 17:20:15] [DEBUG] Screen::getContents() finish.
[2026-06-14 17:20:15] [DEBUG] Screen::updateAreaE() finish.
[2026-06-14 17:20:15] [DEBUG] ProjectDefinitionController::projectDetailAction() finish.
[2026-06-14 17:20:15] [DEBUG] Screen::areaView() start...
[2026-06-14 17:20:15] [DEBUG] Screen::areaView() finish.
[2026-06-14 17:20:21] [DEBUG] --- wwProject System Start ---
[2026-06-14 17:20:21] [DEBUG] Router::Router() /jemini/wwProjectV1.15/Develop/Console/ServerBridgeAction/
[2026-06-14 17:20:21] [DEBUG] Attempting to load: \Develop\Controllers\ConsoleController::ServerBridgeAction
[2026-06-14 17:20:21] [DEBUG] Router: Executing \Develop\Controllers\ConsoleController->ServerBridgeAction
[2026-06-14 17:20:21] [DEBUG] ConsoleController::ServerBridge() start...
[2026-06-14 17:20:21] [DEBUG] ConsoleController::ServerBridge() \Develop\Controllers\ProjectDefinitionController::projectDetailAction()
[2026-06-14 17:20:21] [DEBUG] ProjectDefinitionController::projectDetailAction() start...
[2026-06-14 17:20:21] [DEBUG] ProjectModel::getProjectById() start... ProjectID: PRJ-W613KU
[2026-06-14 17:20:21] [DEBUG] Screen::updateAreaE() [iframe起動版] path: \Develop\Views\AreaE\ProjectDefinition\ProjectDefinitionEdit.view start...
[2026-06-14 17:20:21] [DEBUG] Screen::getContents() start...
[2026-06-14 17:20:21] [DEBUG] Screen::getContents() finish.
[2026-06-14 17:20:21] [DEBUG] Screen::updateAreaE() finish.
[2026-06-14 17:20:21] [DEBUG] ProjectDefinitionController::projectDetailAction() finish.
[2026-06-14 17:20:21] [DEBUG] Screen::areaView() start...
[2026-06-14 17:20:21] [DEBUG] Screen::areaView() finish.
[2026-06-14 17:20:25] [DEBUG] --- wwProject System Start ---
[2026-06-14 17:20:25] [DEBUG] Router::Router() /jemini/wwProjectV1.15/Develop/Console/ServerBridgeAction/
[2026-06-14 17:20:25] [DEBUG] Attempting to load: \Develop\Controllers\ConsoleController::ServerBridgeAction
[2026-06-14 17:20:25] [DEBUG] Router: Executing \Develop\Controllers\ConsoleController->ServerBridgeAction
[2026-06-14 17:20:25] [DEBUG] ConsoleController::ServerBridge() start...
[2026-06-14 17:20:25] [DEBUG] ConsoleController::ServerBridge() \Develop\Controllers\ProjectController::projectSelectAction()
[2026-06-14 17:20:25] [DEBUG] ProjectController::projectSelectAction() start...
[2026-06-14 17:20:25] [DEBUG] ProjectController::projectSelectAction() ☆★☆　
[2026-06-14 17:20:25] [DEBUG] Screen::updateAreaB() path: \Develop\Views\AreaB\Area_B.view start...
[2026-06-14 17:20:25] [DEBUG] Screen::getContents() start...
[2026-06-14 17:20:25] [DEBUG] Screen::getContents() finish.
[2026-06-14 17:20:25] [DEBUG] Screen::updateAreaB() finish.
[2026-06-14 17:20:25] [DEBUG] ProjectController::getProjectListHtml() start...
[2026-06-14 17:20:25] [DEBUG] ProjectModel::getProjectList() start...
[2026-06-14 17:20:25] [DEBUG] ProjectModel::getProjectList() finish.
[2026-06-14 17:20:25] [DEBUG] CodeMasterModel：：getCodesByGroup() start...
[2026-06-14 17:20:25] [DEBUG] CodeMasterModel：：getCodesByGroup() finish.
[2026-06-14 17:20:25] [DEBUG] ProjectController::getNaviFooterHtml() start...
[2026-06-14 17:20:25] [DEBUG] ProjectController::getNaviFooterHtml() finish.
[2026-06-14 17:20:25] [DEBUG] Screen::updateAreaC() \Develop\Views\AreaC\Area_C.view start...
[2026-06-14 17:20:25] [DEBUG] Screen::getContents() start...
[2026-06-14 17:20:25] [DEBUG] Screen::getContents() finish.
[2026-06-14 17:20:25] [DEBUG] Screen::updateAreaC() finish.
[2026-06-14 17:20:25] [DEBUG] Screen::updateAreaD() path: \Develop\Views\AreaD\Area_D_clear.view start...
[2026-06-14 17:20:25] [DEBUG] Screen::getContents() start...
[2026-06-14 17:20:25] [DEBUG] Screen::getContents() finish.
[2026-06-14 17:20:25] [DEBUG] Screen::updateAreaD() finish.
[2026-06-14 17:20:25] [DEBUG] Screen::updateAreaE() [iframe起動版] path: \Develop\Views\AreaE\Area_E_clear.view start...
[2026-06-14 17:20:25] [DEBUG] Screen::getContents() start...
[2026-06-14 17:20:25] [DEBUG] Screen::getContents() finish.
[2026-06-14 17:20:25] [DEBUG] Screen::updateAreaE() finish.
[2026-06-14 17:20:25] [DEBUG] ProjectController::projectSelectAction() finish.
[2026-06-14 17:20:25] [DEBUG] Screen::areaView() start...
[2026-06-14 17:20:25] [DEBUG] Screen::areaView() finish.
[2026-06-14 17:20:26] [DEBUG] --- wwProject System Start ---
[2026-06-14 17:20:26] [DEBUG] Router::Router() /jemini/wwProjectV1.15/Develop/Console/ServerBridgeAction/
[2026-06-14 17:20:26] [DEBUG] Attempting to load: \Develop\Controllers\ConsoleController::ServerBridgeAction
[2026-06-14 17:20:26] [DEBUG] Router: Executing \Develop\Controllers\ConsoleController->ServerBridgeAction
[2026-06-14 17:20:26] [DEBUG] ConsoleController::ServerBridge() start...
[2026-06-14 17:20:26] [DEBUG] ConsoleController::ServerBridge() \Develop\Controllers\ProjectController::projectSelectAction()
[2026-06-14 17:20:26] [DEBUG] ProjectController::projectSelectAction() start...
[2026-06-14 17:20:26] [DEBUG] ProjectController::projectSelectAction() ☆★☆　新規プロジェクト登録２２
[2026-06-14 17:20:26] [DEBUG] Screen::updateAreaB() path: \Develop\Views\AreaB\Area_B.view start...
[2026-06-14 17:20:26] [DEBUG] Screen::getContents() start...
[2026-06-14 17:20:26] [DEBUG] Screen::getContents() finish.
[2026-06-14 17:20:26] [DEBUG] Screen::updateAreaB() finish.
[2026-06-14 17:20:26] [DEBUG] ProjectController::projectSelectAction() PRJ-W613KU : PRJ-W613KU
[2026-06-14 17:20:26] [DEBUG] ProjectController::getProjectListHtml() start...
[2026-06-14 17:20:26] [DEBUG] ProjectModel::getProjectList() start...
[2026-06-14 17:20:26] [DEBUG] ProjectModel::getProjectList() finish.
[2026-06-14 17:20:26] [DEBUG] CodeMasterModel：：getCodesByGroup() start...
[2026-06-14 17:20:26] [DEBUG] CodeMasterModel：：getCodesByGroup() finish.
[2026-06-14 17:20:26] [DEBUG] ProjectController::getNaviFooterHtml() start...
[2026-06-14 17:20:26] [DEBUG] ProjectController::getNaviFooterHtml() finish.
[2026-06-14 17:20:26] [DEBUG] Screen::updateAreaC() \Develop\Views\AreaC\Area_C.view start...
[2026-06-14 17:20:26] [DEBUG] Screen::getContents() start...
[2026-06-14 17:20:26] [DEBUG] Screen::getContents() finish.
[2026-06-14 17:20:26] [DEBUG] Screen::updateAreaC() finish.
[2026-06-14 17:20:26] [DEBUG] Screen::updateAreaD() path: \Develop\Views\AreaD\Area_D_clear.view start...
[2026-06-14 17:20:26] [DEBUG] Screen::getContents() start...
[2026-06-14 17:20:26] [DEBUG] Screen::getContents() finish.
[2026-06-14 17:20:26] [DEBUG] Screen::updateAreaD() finish.
[2026-06-14 17:20:26] [DEBUG] Screen::updateAreaE() [iframe起動版] path: \Develop\Views\AreaE\Area_E_clear.view start...
[2026-06-14 17:20:26] [DEBUG] Screen::getContents() start...
[2026-06-14 17:20:26] [DEBUG] Screen::getContents() finish.
[2026-06-14 17:20:26] [DEBUG] Screen::updateAreaE() finish.
[2026-06-14 17:20:26] [DEBUG] ProjectController::projectSelectAction() finish.
[2026-06-14 17:20:26] [DEBUG] Screen::areaView() start...
[2026-06-14 17:20:26] [DEBUG] Screen::areaView() finish.
[2026-06-14 17:20:28] [DEBUG] --- wwProject System Start ---
[2026-06-14 17:20:28] [DEBUG] Router::Router() /jemini/wwProjectV1.15/Develop/Console/ServerBridgeAction/
[2026-06-14 17:20:28] [DEBUG] Attempting to load: \Develop\Controllers\ConsoleController::ServerBridgeAction
[2026-06-14 17:20:28] [DEBUG] Router: Executing \Develop\Controllers\ConsoleController->ServerBridgeAction
[2026-06-14 17:20:28] [DEBUG] ConsoleController::ServerBridge() start...
[2026-06-14 17:20:28] [DEBUG] ConsoleController::ServerBridge() \Develop\Controllers\ProjectDefinitionController::initialAction()
[2026-06-14 17:20:28] [DEBUG] ProjectDefinitionController::initialAction() start...
[2026-06-14 17:20:28] [DEBUG] ProjectModel::getProjectList() start...
[2026-06-14 17:20:28] [DEBUG] ProjectModel::getProjectList() finish.
[2026-06-14 17:20:28] [DEBUG] Screen::updateAreaD() path: \Develop\Views\AreaD\ProjectDefinition\ProjectDefinitionList.view start...
[2026-06-14 17:20:28] [DEBUG] Screen::getContents() start...
[2026-06-14 17:20:28] [DEBUG] Screen::getContents() finish.
[2026-06-14 17:20:28] [DEBUG] Screen::updateAreaD() finish.
[2026-06-14 17:20:28] [DEBUG] ProjectDefinitionController::initialAction() finish.
[2026-06-14 17:20:28] [DEBUG] Screen::areaView() start...
[2026-06-14 17:20:28] [DEBUG] Screen::areaView() finish.
[2026-06-14 17:20:30] [DEBUG] --- wwProject System Start ---
[2026-06-14 17:20:30] [DEBUG] Router::Router() /jemini/wwProjectV1.15/Develop/Console/ServerBridgeAction/
[2026-06-14 17:20:30] [DEBUG] Attempting to load: \Develop\Controllers\ConsoleController::ServerBridgeAction
[2026-06-14 17:20:30] [DEBUG] Router: Executing \Develop\Controllers\ConsoleController->ServerBridgeAction
[2026-06-14 17:20:30] [DEBUG] ConsoleController::ServerBridge() start...
[2026-06-14 17:20:30] [DEBUG] ConsoleController::ServerBridge() \Develop\Controllers\DBDefinitionController::initialAction()
[2026-06-14 17:20:30] [DEBUG] DBDefinitionController::initialAction() start...
[2026-06-14 17:20:30] [DEBUG] DBDefinitionController::initialAction() project_id : PRJ-W613KU
[2026-06-14 17:20:30] [DEBUG] DBDefinitionModel::getTableList() start...
[2026-06-14 17:20:30] [DEBUG] DBDefinitionModel::getTableList() finish. 取得件数: 0
[2026-06-14 17:20:30] [DEBUG] Screen::updateAreaD() path: \Develop\Views\AreaD\DBDefinition\DBDefinitionList.view start...
[2026-06-14 17:20:30] [DEBUG] Screen::getContents() start...
[2026-06-14 17:20:30] [DEBUG] Screen::getContents() finish.
[2026-06-14 17:20:30] [DEBUG] Screen::updateAreaD() finish.
[2026-06-14 17:20:30] [DEBUG] Screen::updateAreaE() [iframe起動版] path: \Develop\Views\AreaE\Area_E_clear.view start...
[2026-06-14 17:20:30] [DEBUG] Screen::getContents() start...
[2026-06-14 17:20:30] [DEBUG] Screen::getContents() finish.
[2026-06-14 17:20:30] [DEBUG] Screen::updateAreaE() finish.
[2026-06-14 17:20:30] [DEBUG] DBDefinitionController::initialAction() end.
[2026-06-14 17:20:30] [DEBUG] Screen::areaView() start...
[2026-06-14 17:20:30] [DEBUG] Screen::areaView() finish.
[2026-06-14 17:20:31] [DEBUG] --- wwProject System Start ---
[2026-06-14 17:20:31] [DEBUG] Router::Router() /jemini/wwProjectV1.15/Develop/Console/ServerBridgeAction/
[2026-06-14 17:20:31] [DEBUG] Attempting to load: \Develop\Controllers\ConsoleController::ServerBridgeAction
[2026-06-14 17:20:31] [DEBUG] Router: Executing \Develop\Controllers\ConsoleController->ServerBridgeAction
[2026-06-14 17:20:31] [DEBUG] ConsoleController::ServerBridge() start...
[2026-06-14 17:20:31] [DEBUG] ConsoleController::ServerBridge() \Develop\Controllers\PartsDefinitionController::initialAction()
[2026-06-14 17:20:31] [DEBUG] PartsDefinitionController::initialAction() start...
[2026-06-14 17:20:31] [DEBUG] PartsDefinitionController::initialAction() projectId : PRJ-W613KU
[2026-06-14 17:20:31] [DEBUG] PartsDefinitionModel::getAllPartsList() start... Project ID: PRJ-W613KU
[2026-06-14 17:20:31] [DEBUG] PartsDefinitionModel::getAllPartsList() １
[2026-06-14 17:20:31] [DEBUG] PartsDefinitionModel::getAllPartsList() ２
[2026-06-14 17:20:31] [DEBUG] PartsDefinitionModel::getAllPartsList() ３
[2026-06-14 17:20:31] [DEBUG] PartsDefinitionModel::getAllPartsList() finish. 件数: 0
[2026-06-14 17:20:31] [DEBUG] Screen::updateAreaD() path: \Develop\Views\AreaD\PartsDefinition\PartsDefinitionList.view start...
[2026-06-14 17:20:31] [DEBUG] Screen::getContents() start...
[2026-06-14 17:20:31] [DEBUG] Screen::getContents() finish.
[2026-06-14 17:20:31] [DEBUG] Screen::updateAreaD() finish.
[2026-06-14 17:20:31] [DEBUG] Screen::updateAreaE() [iframe起動版] path: \Develop\Views\AreaE\Area_E_clear.view start...
[2026-06-14 17:20:31] [DEBUG] Screen::getContents() start...
[2026-06-14 17:20:31] [DEBUG] Screen::getContents() finish.
[2026-06-14 17:20:31] [DEBUG] Screen::updateAreaE() finish.
[2026-06-14 17:20:31] [DEBUG] PartsDefinitionController::initialAction() end.
[2026-06-14 17:20:31] [DEBUG] Screen::areaView() start...
[2026-06-14 17:20:31] [DEBUG] Screen::areaView() finish.
[2026-06-14 17:21:05] [DEBUG] --- wwProject System Start ---
[2026-06-14 17:21:05] [DEBUG] Router::Router() /jemini/wwProjectV1.15/Develop/Console/ServerBridgeAction/
[2026-06-14 17:21:05] [DEBUG] Attempting to load: \Develop\Controllers\ConsoleController::ServerBridgeAction
[2026-06-14 17:21:05] [DEBUG] Router: Executing \Develop\Controllers\ConsoleController->ServerBridgeAction
[2026-06-14 17:21:05] [DEBUG] ConsoleController::ServerBridge() start...
[2026-06-14 17:21:05] [DEBUG] ConsoleController::ServerBridge() \Develop\Controllers\DBDefinitionController::initialAction()
[2026-06-14 17:21:05] [DEBUG] DBDefinitionController::initialAction() start...
[2026-06-14 17:21:05] [DEBUG] DBDefinitionController::initialAction() project_id : PRJ-W613KU
[2026-06-14 17:21:05] [DEBUG] DBDefinitionModel::getTableList() start...
[2026-06-14 17:21:05] [DEBUG] DBDefinitionModel::getTableList() finish. 取得件数: 0
[2026-06-14 17:21:05] [DEBUG] Screen::updateAreaD() path: \Develop\Views\AreaD\DBDefinition\DBDefinitionList.view start...
[2026-06-14 17:21:05] [DEBUG] Screen::getContents() start...
[2026-06-14 17:21:05] [DEBUG] Screen::getContents() finish.
[2026-06-14 17:21:05] [DEBUG] Screen::updateAreaD() finish.
[2026-06-14 17:21:05] [DEBUG] Screen::updateAreaE() [iframe起動版] path: \Develop\Views\AreaE\Area_E_clear.view start...
[2026-06-14 17:21:05] [DEBUG] Screen::getContents() start...
[2026-06-14 17:21:05] [DEBUG] Screen::getContents() finish.
[2026-06-14 17:21:05] [DEBUG] Screen::updateAreaE() finish.
[2026-06-14 17:21:05] [DEBUG] DBDefinitionController::initialAction() end.
[2026-06-14 17:21:05] [DEBUG] Screen::areaView() start...
[2026-06-14 17:21:05] [DEBUG] Screen::areaView() finish.
[2026-06-14 17:21:08] [DEBUG] --- wwProject System Start ---
[2026-06-14 17:21:08] [DEBUG] Router::Router() /jemini/wwProjectV1.15/Develop/Console/ServerBridgeAction/
[2026-06-14 17:21:08] [DEBUG] Attempting to load: \Develop\Controllers\ConsoleController::ServerBridgeAction
[2026-06-14 17:21:08] [DEBUG] Router: Executing \Develop\Controllers\ConsoleController->ServerBridgeAction
[2026-06-14 17:21:08] [DEBUG] ConsoleController::ServerBridge() start...
[2026-06-14 17:21:08] [DEBUG] ConsoleController::ServerBridge() \Develop\Controllers\DBDefinitionController::newTableAction()
[2026-06-14 17:21:08] [DEBUG] DBDefinitionController::newTableAction() start...
[2026-06-14 17:21:08] [DEBUG] Screen::updateAreaE() [iframe起動版] path: \Develop\Views\AreaE\DBDefinition\RegistTable.view start...
[2026-06-14 17:21:08] [DEBUG] Screen::getContents() start...
[2026-06-14 17:21:08] [DEBUG] Screen::getContents() finish.
[2026-06-14 17:21:08] [DEBUG] Screen::updateAreaE() finish.
[2026-06-14 17:21:08] [DEBUG] DBDefinitionController::newTableAction() end.
[2026-06-14 17:21:08] [DEBUG] Screen::areaView() start...
[2026-06-14 17:21:08] [DEBUG] Screen::areaView() finish.
[2026-06-14 17:21:13] [DEBUG] --- wwProject System Start ---
[2026-06-14 17:21:13] [DEBUG] Router::Router() /jemini/wwProjectV1.15/Develop/Console/ServerBridgeAction/
[2026-06-14 17:21:13] [DEBUG] Attempting to load: \Develop\Controllers\ConsoleController::ServerBridgeAction
[2026-06-14 17:21:13] [DEBUG] Router: Executing \Develop\Controllers\ConsoleController->ServerBridgeAction
[2026-06-14 17:21:13] [DEBUG] ConsoleController::ServerBridge() start...
[2026-06-14 17:21:13] [DEBUG] ConsoleController::ServerBridge() \Develop\Controllers\DBDefinitionController::importTableAction()
[2026-06-14 17:21:13] [DEBUG] DBDefinitionController::importTableAction() start...
[2026-06-14 17:21:13] [DEBUG] DBDefinitionModel::getTableStructure() start... [Table: developers]
[2026-06-14 17:21:13] [INFO ] DBDefinitionModel::getTableStructure() 1
[2026-06-14 17:21:13] [INFO ] DBDefinitionModel::getTableStructure() 2
[2026-06-14 17:21:13] [ERROR] ConsoleController::ServerBridge Fatal: Call to a member function query() on null
[2026-06-14 17:21:14] [DEBUG] --- wwProject System Start ---
[2026-06-14 17:21:14] [DEBUG] Router::Router() /jemini/wwProjectV1.15/Develop/Console/ServerBridgeAction/
[2026-06-14 17:21:14] [DEBUG] Attempting to load: \Develop\Controllers\ConsoleController::ServerBridgeAction
[2026-06-14 17:21:14] [DEBUG] Router: Executing \Develop\Controllers\ConsoleController->ServerBridgeAction
[2026-06-14 17:21:14] [DEBUG] ConsoleController::ServerBridge() start...
[2026-06-14 17:21:14] [DEBUG] ConsoleController::ServerBridge() \Develop\Controllers\DBDefinitionController::importTableAction()
[2026-06-14 17:21:14] [DEBUG] DBDefinitionController::importTableAction() start...
[2026-06-14 17:21:14] [DEBUG] DBDefinitionModel::getTableStructure() start... [Table: developers]
[2026-06-14 17:21:14] [INFO ] DBDefinitionModel::getTableStructure() 1
[2026-06-14 17:21:14] [INFO ] DBDefinitionModel::getTableStructure() 2
[2026-06-14 17:21:14] [ERROR] ConsoleController::ServerBridge Fatal: Call to a member function query() on null
[2026-06-14 17:21:21] [DEBUG] --- wwProject System Start ---
[2026-06-14 17:21:22] [DEBUG] Router::Router() /jemini/wwProjectV1.15/Develop/Console/ServerBridgeAction/
[2026-06-14 17:21:22] [DEBUG] Attempting to load: \Develop\Controllers\ConsoleController::ServerBridgeAction
[2026-06-14 17:21:22] [DEBUG] Router: Executing \Develop\Controllers\ConsoleController->ServerBridgeAction
[2026-06-14 17:21:22] [DEBUG] ConsoleController::ServerBridge() start...
[2026-06-14 17:21:22] [DEBUG] ConsoleController::ServerBridge() \Develop\Controllers\DBDefinitionController::importTableAction()
[2026-06-14 17:21:22] [DEBUG] DBDefinitionController::importTableAction() start...
[2026-06-14 17:21:22] [DEBUG] DBDefinitionModel::getTableStructure() start... [Table: developers]
[2026-06-14 17:21:22] [INFO ] DBDefinitionModel::getTableStructure() 1
[2026-06-14 17:21:22] [INFO ] DBDefinitionModel::getTableStructure() 2
[2026-06-14 17:21:22] [ERROR] ConsoleController::ServerBridge Fatal: Call to a member function query() on null
[2026-06-14 17:21:22] [DEBUG] --- wwProject System Start ---
[2026-06-14 17:21:22] [DEBUG] Router::Router() /jemini/wwProjectV1.15/Develop/Console/ServerBridgeAction/
[2026-06-14 17:21:22] [DEBUG] Attempting to load: \Develop\Controllers\ConsoleController::ServerBridgeAction
[2026-06-14 17:21:22] [DEBUG] Router: Executing \Develop\Controllers\ConsoleController->ServerBridgeAction
[2026-06-14 17:21:22] [DEBUG] ConsoleController::ServerBridge() start...
[2026-06-14 17:21:22] [DEBUG] ConsoleController::ServerBridge() \Develop\Controllers\DBDefinitionController::importTableAction()
[2026-06-14 17:21:22] [DEBUG] DBDefinitionController::importTableAction() start...
[2026-06-14 17:21:22] [DEBUG] DBDefinitionModel::getTableStructure() start... [Table: developers]
[2026-06-14 17:21:22] [INFO ] DBDefinitionModel::getTableStructure() 1
[2026-06-14 17:21:22] [INFO ] DBDefinitionModel::getTableStructure() 2
[2026-06-14 17:21:22] [ERROR] ConsoleController::ServerBridge Fatal: Call to a member function query() on null
[2026-06-14 17:21:22] [DEBUG] --- wwProject System Start ---
[2026-06-14 17:21:23] [DEBUG] Router::Router() /jemini/wwProjectV1.15/Develop/Console/ServerBridgeAction/
[2026-06-14 17:21:23] [DEBUG] Attempting to load: \Develop\Controllers\ConsoleController::ServerBridgeAction
[2026-06-14 17:21:23] [DEBUG] Router: Executing \Develop\Controllers\ConsoleController->ServerBridgeAction
[2026-06-14 17:21:23] [DEBUG] ConsoleController::ServerBridge() start...
[2026-06-14 17:21:23] [DEBUG] ConsoleController::ServerBridge() \Develop\Controllers\DBDefinitionController::importTableAction()
[2026-06-14 17:21:23] [DEBUG] DBDefinitionController::importTableAction() start...
[2026-06-14 17:21:23] [DEBUG] DBDefinitionModel::getTableStructure() start... [Table: developers]
[2026-06-14 17:21:23] [INFO ] DBDefinitionModel::getTableStructure() 1
[2026-06-14 17:21:23] [INFO ] DBDefinitionModel::getTableStructure() 2
[2026-06-14 17:21:23] [ERROR] ConsoleController::ServerBridge Fatal: Call to a member function query() on null
[2026-06-14 17:21:25] [DEBUG] --- wwProject System Start ---
[2026-06-14 17:21:25] [DEBUG] Router::Router() /jemini/wwProjectV1.15/Develop/Console/ServerBridgeAction/
[2026-06-14 17:21:25] [DEBUG] Attempting to load: \Develop\Controllers\ConsoleController::ServerBridgeAction
[2026-06-14 17:21:25] [DEBUG] Router: Executing \Develop\Controllers\ConsoleController->ServerBridgeAction
[2026-06-14 17:21:25] [DEBUG] ConsoleController::ServerBridge() start...
[2026-06-14 17:21:25] [DEBUG] ConsoleController::ServerBridge() \Develop\Controllers\ProjectController::projectSelectAction()
[2026-06-14 17:21:25] [DEBUG] ProjectController::projectSelectAction() start...
[2026-06-14 17:21:25] [DEBUG] ProjectController::projectSelectAction() ☆★☆　SampleProject１
[2026-06-14 17:21:25] [DEBUG] Screen::updateAreaB() path: \Develop\Views\AreaB\Area_B.view start...
[2026-06-14 17:21:25] [DEBUG] Screen::getContents() start...
[2026-06-14 17:21:25] [DEBUG] Screen::getContents() finish.
[2026-06-14 17:21:25] [DEBUG] Screen::updateAreaB() finish.
[2026-06-14 17:21:25] [DEBUG] ProjectController::projectSelectAction() PRJ-D45FEF : PRJ-D45FEF
[2026-06-14 17:21:25] [DEBUG] ProjectController::getProjectListHtml() start...
[2026-06-14 17:21:25] [DEBUG] ProjectModel::getProjectList() start...
[2026-06-14 17:21:25] [DEBUG] ProjectModel::getProjectList() finish.
[2026-06-14 17:21:25] [DEBUG] CodeMasterModel：：getCodesByGroup() start...
[2026-06-14 17:21:25] [DEBUG] CodeMasterModel：：getCodesByGroup() finish.
[2026-06-14 17:21:25] [DEBUG] ProjectController::getNaviFooterHtml() start...
[2026-06-14 17:21:25] [DEBUG] ProjectController::getNaviFooterHtml() finish.
[2026-06-14 17:21:25] [DEBUG] Screen::updateAreaC() \Develop\Views\AreaC\Area_C.view start...
[2026-06-14 17:21:25] [DEBUG] Screen::getContents() start...
[2026-06-14 17:21:25] [DEBUG] Screen::getContents() finish.
[2026-06-14 17:21:25] [DEBUG] Screen::updateAreaC() finish.
[2026-06-14 17:21:25] [DEBUG] Screen::updateAreaD() path: \Develop\Views\AreaD\Area_D_clear.view start...
[2026-06-14 17:21:25] [DEBUG] Screen::getContents() start...
[2026-06-14 17:21:25] [DEBUG] Screen::getContents() finish.
[2026-06-14 17:21:25] [DEBUG] Screen::updateAreaD() finish.
[2026-06-14 17:21:25] [DEBUG] Screen::updateAreaE() [iframe起動版] path: \Develop\Views\AreaE\Area_E_clear.view start...
[2026-06-14 17:21:25] [DEBUG] Screen::getContents() start...
[2026-06-14 17:21:25] [DEBUG] Screen::getContents() finish.
[2026-06-14 17:21:25] [DEBUG] Screen::updateAreaE() finish.
[2026-06-14 17:21:25] [DEBUG] ProjectController::projectSelectAction() finish.
[2026-06-14 17:21:25] [DEBUG] Screen::areaView() start...
[2026-06-14 17:21:25] [DEBUG] Screen::areaView() finish.
[2026-06-14 17:21:27] [DEBUG] --- wwProject System Start ---
[2026-06-14 17:21:27] [DEBUG] Router::Router() /jemini/wwProjectV1.15/Develop/Console/ServerBridgeAction/
[2026-06-14 17:21:27] [DEBUG] Attempting to load: \Develop\Controllers\ConsoleController::ServerBridgeAction
[2026-06-14 17:21:27] [DEBUG] Router: Executing \Develop\Controllers\ConsoleController->ServerBridgeAction
[2026-06-14 17:21:27] [DEBUG] ConsoleController::ServerBridge() start...
[2026-06-14 17:21:27] [DEBUG] ConsoleController::ServerBridge() \Develop\Controllers\DBDefinitionController::initialAction()
[2026-06-14 17:21:27] [DEBUG] DBDefinitionController::initialAction() start...
[2026-06-14 17:21:27] [DEBUG] DBDefinitionController::initialAction() project_id : PRJ-D45FEF
[2026-06-14 17:21:27] [DEBUG] DBDefinitionModel::getTableList() start...
[2026-06-14 17:21:27] [DEBUG] DBDefinitionModel::getTableList() finish. 取得件数: 3
[2026-06-14 17:21:27] [DEBUG] Screen::updateAreaD() path: \Develop\Views\AreaD\DBDefinition\DBDefinitionList.view start...
[2026-06-14 17:21:27] [DEBUG] Screen::getContents() start...
[2026-06-14 17:21:27] [DEBUG] Screen::getContents() finish.
[2026-06-14 17:21:27] [DEBUG] Screen::updateAreaD() finish.
[2026-06-14 17:21:27] [DEBUG] Screen::updateAreaE() [iframe起動版] path: \Develop\Views\AreaE\Area_E_clear.view start...
[2026-06-14 17:21:27] [DEBUG] Screen::getContents() start...
[2026-06-14 17:21:27] [DEBUG] Screen::getContents() finish.
[2026-06-14 17:21:27] [DEBUG] Screen::updateAreaE() finish.
[2026-06-14 17:21:27] [DEBUG] DBDefinitionController::initialAction() end.
[2026-06-14 17:21:27] [DEBUG] Screen::areaView() start...
[2026-06-14 17:21:27] [DEBUG] Screen::areaView() finish.
[2026-06-14 17:21:28] [DEBUG] --- wwProject System Start ---
[2026-06-14 17:21:28] [DEBUG] Router::Router() /jemini/wwProjectV1.15/Develop/Console/ServerBridgeAction/
[2026-06-14 17:21:28] [DEBUG] Attempting to load: \Develop\Controllers\ConsoleController::ServerBridgeAction
[2026-06-14 17:21:28] [DEBUG] Router: Executing \Develop\Controllers\ConsoleController->ServerBridgeAction
[2026-06-14 17:21:28] [DEBUG] ConsoleController::ServerBridge() start...
[2026-06-14 17:21:28] [DEBUG] ConsoleController::ServerBridge() \Develop\Controllers\DBDefinitionController::newTableAction()
[2026-06-14 17:21:28] [DEBUG] DBDefinitionController::newTableAction() start...
[2026-06-14 17:21:28] [DEBUG] Screen::updateAreaE() [iframe起動版] path: \Develop\Views\AreaE\DBDefinition\RegistTable.view start...
[2026-06-14 17:21:28] [DEBUG] Screen::getContents() start...
[2026-06-14 17:21:28] [DEBUG] Screen::getContents() finish.
[2026-06-14 17:21:28] [DEBUG] Screen::updateAreaE() finish.
[2026-06-14 17:21:28] [DEBUG] DBDefinitionController::newTableAction() end.
[2026-06-14 17:21:28] [DEBUG] Screen::areaView() start...
[2026-06-14 17:21:28] [DEBUG] Screen::areaView() finish.
[2026-06-14 17:21:32] [DEBUG] --- wwProject System Start ---
[2026-06-14 17:21:32] [DEBUG] Router::Router() /jemini/wwProjectV1.15/Develop/Console/ServerBridgeAction/
[2026-06-14 17:21:32] [DEBUG] Attempting to load: \Develop\Controllers\ConsoleController::ServerBridgeAction
[2026-06-14 17:21:32] [DEBUG] Router: Executing \Develop\Controllers\ConsoleController->ServerBridgeAction
[2026-06-14 17:21:32] [DEBUG] ConsoleController::ServerBridge() start...
[2026-06-14 17:21:32] [DEBUG] ConsoleController::ServerBridge() \Develop\Controllers\DBDefinitionController::importTableAction()
[2026-06-14 17:21:32] [DEBUG] DBDefinitionController::importTableAction() start...
[2026-06-14 17:21:32] [DEBUG] DBDefinitionModel::getTableStructure() start... [Table: developers]
[2026-06-14 17:21:32] [INFO ] DBDefinitionModel::getTableStructure() 1
[2026-06-14 17:21:32] [INFO ] DBDefinitionModel::getTableStructure() 2
[2026-06-14 17:21:32] [ERROR] ConsoleController::ServerBridge Fatal: Call to a member function query() on null
[2026-06-14 17:21:36] [DEBUG] --- wwProject System Start ---
[2026-06-14 17:21:36] [DEBUG] Router::Router() /jemini/wwProjectV1.15/Develop/Console/ServerBridgeAction/
[2026-06-14 17:21:36] [DEBUG] Attempting to load: \Develop\Controllers\ConsoleController::ServerBridgeAction
[2026-06-14 17:21:36] [DEBUG] Router: Executing \Develop\Controllers\ConsoleController->ServerBridgeAction
[2026-06-14 17:21:36] [DEBUG] ConsoleController::ServerBridge() start...
[2026-06-14 17:21:36] [DEBUG] ConsoleController::ServerBridge() \Develop\Controllers\DBDefinitionController::importTableAction()
[2026-06-14 17:21:36] [DEBUG] DBDefinitionController::importTableAction() start...
[2026-06-14 17:21:36] [DEBUG] DBDefinitionModel::getTableStructure() start... [Table: developers]
[2026-06-14 17:21:36] [INFO ] DBDefinitionModel::getTableStructure() 1
[2026-06-14 17:21:36] [INFO ] DBDefinitionModel::getTableStructure() 2
[2026-06-14 17:21:36] [ERROR] ConsoleController::ServerBridge Fatal: Call to a member function query() on null
[2026-06-14 17:21:36] [DEBUG] --- wwProject System Start ---
[2026-06-14 17:21:36] [DEBUG] Router::Router() /jemini/wwProjectV1.15/Develop/Console/ServerBridgeAction/
[2026-06-14 17:21:36] [DEBUG] Attempting to load: \Develop\Controllers\ConsoleController::ServerBridgeAction
[2026-06-14 17:21:36] [DEBUG] Router: Executing \Develop\Controllers\ConsoleController->ServerBridgeAction
[2026-06-14 17:21:36] [DEBUG] ConsoleController::ServerBridge() start...
[2026-06-14 17:21:36] [DEBUG] ConsoleController::ServerBridge() \Develop\Controllers\DBDefinitionController::importTableAction()
[2026-06-14 17:21:36] [DEBUG] DBDefinitionController::importTableAction() start...
[2026-06-14 17:21:36] [DEBUG] DBDefinitionModel::getTableStructure() start... [Table: developers]
[2026-06-14 17:21:36] [INFO ] DBDefinitionModel::getTableStructure() 1
[2026-06-14 17:21:36] [INFO ] DBDefinitionModel::getTableStructure() 2
[2026-06-14 17:21:36] [ERROR] ConsoleController::ServerBridge Fatal: Call to a member function query() on null
[2026-06-14 17:21:37] [DEBUG] --- wwProject System Start ---
[2026-06-14 17:21:37] [DEBUG] Router::Router() /jemini/wwProjectV1.15/Develop/Console/ServerBridgeAction/
[2026-06-14 17:21:37] [DEBUG] Attempting to load: \Develop\Controllers\ConsoleController::ServerBridgeAction
[2026-06-14 17:21:37] [DEBUG] Router: Executing \Develop\Controllers\ConsoleController->ServerBridgeAction
[2026-06-14 17:21:37] [DEBUG] ConsoleController::ServerBridge() start...
[2026-06-14 17:21:37] [DEBUG] ConsoleController::ServerBridge() \Develop\Controllers\DBDefinitionController::importTableAction()
[2026-06-14 17:21:37] [DEBUG] DBDefinitionController::importTableAction() start...
[2026-06-14 17:21:37] [DEBUG] DBDefinitionModel::getTableStructure() start... [Table: developers]
[2026-06-14 17:21:37] [INFO ] DBDefinitionModel::getTableStructure() 1
[2026-06-14 17:21:37] [INFO ] DBDefinitionModel::getTableStructure() 2
[2026-06-14 17:21:37] [ERROR] ConsoleController::ServerBridge Fatal: Call to a member function query() on null
[2026-06-14 17:36:47] [DEBUG] --- wwProject System Start ---
[2026-06-14 17:36:47] [DEBUG] Router::Router() /jemini/wwProjectV1.15/Develop/Console/ServerBridgeAction/
[2026-06-14 17:36:47] [DEBUG] Attempting to load: \Develop\Controllers\ConsoleController::ServerBridgeAction
[2026-06-14 17:36:47] [DEBUG] Router: Executing \Develop\Controllers\ConsoleController->ServerBridgeAction
[2026-06-14 17:36:47] [DEBUG] ConsoleController::ServerBridge() start...
[2026-06-14 17:36:47] [DEBUG] ConsoleController::ServerBridge() \Develop\Controllers\DBDefinitionController::editTableAction()
[2026-06-14 17:36:47] [DEBUG] DBDefinitionController::editTableAction() start...
[2026-06-14 17:36:47] [DEBUG] DBDefinitionModel::getTableInfo() start... [Table: developers]
[2026-06-14 17:36:48] [DEBUG] DBDefinitionModel::getSavedColumns() start... [TableID: 6]
[2026-06-14 17:36:48] [DEBUG] Screen::updateAreaE() [iframe起動版] path: \Develop\Views\AreaE\DBDefinition\RegistTable.view start...
[2026-06-14 17:36:48] [DEBUG] Screen::getContents() start...
[2026-06-14 17:36:48] [DEBUG] Screen::getContents() finish.
[2026-06-14 17:36:48] [DEBUG] Screen::updateAreaE() finish.
[2026-06-14 17:36:48] [DEBUG] DBDefinitionController::editTableAction() finish.
[2026-06-14 17:36:48] [DEBUG] Screen::areaView() start...
[2026-06-14 17:36:48] [DEBUG] Screen::areaView() finish.
[2026-06-14 17:36:50] [DEBUG] --- wwProject System Start ---
[2026-06-14 17:36:50] [DEBUG] Router::Router() /jemini/wwProjectV1.15/Develop/Console/ServerBridgeAction/
[2026-06-14 17:36:50] [DEBUG] Attempting to load: \Develop\Controllers\ConsoleController::ServerBridgeAction
[2026-06-14 17:36:50] [DEBUG] Router: Executing \Develop\Controllers\ConsoleController->ServerBridgeAction
[2026-06-14 17:36:50] [DEBUG] ConsoleController::ServerBridge() start...
[2026-06-14 17:36:50] [DEBUG] ConsoleController::ServerBridge() \Develop\Controllers\DBDefinitionController::editTableAction()
[2026-06-14 17:36:50] [DEBUG] DBDefinitionController::editTableAction() start...
[2026-06-14 17:36:50] [DEBUG] DBDefinitionModel::getTableInfo() start... [Table: developers2]
[2026-06-14 17:36:50] [DEBUG] DBDefinitionModel::getSavedColumns() start... [TableID: 8]
[2026-06-14 17:36:50] [DEBUG] Screen::updateAreaE() [iframe起動版] path: \Develop\Views\AreaE\DBDefinition\RegistTable.view start...
[2026-06-14 17:36:50] [DEBUG] Screen::getContents() start...
[2026-06-14 17:36:50] [DEBUG] Screen::getContents() finish.
[2026-06-14 17:36:50] [DEBUG] Screen::updateAreaE() finish.
[2026-06-14 17:36:50] [DEBUG] DBDefinitionController::editTableAction() finish.
[2026-06-14 17:36:50] [DEBUG] Screen::areaView() start...
[2026-06-14 17:36:50] [DEBUG] Screen::areaView() finish.
[2026-06-14 17:36:51] [DEBUG] --- wwProject System Start ---
[2026-06-14 17:36:51] [DEBUG] Router::Router() /jemini/wwProjectV1.15/Develop/Console/ServerBridgeAction/
[2026-06-14 17:36:51] [DEBUG] Attempting to load: \Develop\Controllers\ConsoleController::ServerBridgeAction
[2026-06-14 17:36:51] [DEBUG] Router: Executing \Develop\Controllers\ConsoleController->ServerBridgeAction
[2026-06-14 17:36:51] [DEBUG] ConsoleController::ServerBridge() start...
[2026-06-14 17:36:51] [DEBUG] ConsoleController::ServerBridge() \Develop\Controllers\DBDefinitionController::editTableAction()
[2026-06-14 17:36:51] [DEBUG] DBDefinitionController::editTableAction() start...
[2026-06-14 17:36:51] [DEBUG] DBDefinitionModel::getTableInfo() start... [Table: developers３]
[2026-06-14 17:36:51] [DEBUG] DBDefinitionModel::getSavedColumns() start... [TableID: 9]
[2026-06-14 17:36:51] [DEBUG] Screen::updateAreaE() [iframe起動版] path: \Develop\Views\AreaE\DBDefinition\RegistTable.view start...
[2026-06-14 17:36:51] [DEBUG] Screen::getContents() start...
[2026-06-14 17:36:51] [DEBUG] Screen::getContents() finish.
[2026-06-14 17:36:51] [DEBUG] Screen::updateAreaE() finish.
[2026-06-14 17:36:51] [DEBUG] DBDefinitionController::editTableAction() finish.
[2026-06-14 17:36:51] [DEBUG] Screen::areaView() start...
[2026-06-14 17:36:51] [DEBUG] Screen::areaView() finish.
[2026-06-14 17:36:53] [DEBUG] --- wwProject System Start ---
[2026-06-14 17:36:53] [DEBUG] Router::Router() /jemini/wwProjectV1.15/Develop/Console/ServerBridgeAction/
[2026-06-14 17:36:53] [DEBUG] Attempting to load: \Develop\Controllers\ConsoleController::ServerBridgeAction
[2026-06-14 17:36:53] [DEBUG] Router: Executing \Develop\Controllers\ConsoleController->ServerBridgeAction
[2026-06-14 17:36:53] [DEBUG] ConsoleController::ServerBridge() start...
[2026-06-14 17:36:53] [DEBUG] ConsoleController::ServerBridge() \Develop\Controllers\DBDefinitionController::importTableAction()
[2026-06-14 17:36:53] [DEBUG] DBDefinitionController::importTableAction() start...
[2026-06-14 17:36:53] [DEBUG] DBDefinitionModel::getTableStructure() start... [Table: developers３]
[2026-06-14 17:36:53] [INFO ] DBDefinitionModel::getTableStructure() 1
[2026-06-14 17:36:53] [INFO ] DBDefinitionModel::getTableStructure() 2
[2026-06-14 17:36:53] [ERROR] ConsoleController::ServerBridge Fatal: Call to a member function query() on null
[2026-06-14 17:36:56] [DEBUG] --- wwProject System Start ---
[2026-06-14 17:36:56] [DEBUG] Router::Router() /jemini/wwProjectV1.15/Develop/Console/ServerBridgeAction/
[2026-06-14 17:36:56] [DEBUG] Attempting to load: \Develop\Controllers\ConsoleController::ServerBridgeAction
[2026-06-14 17:36:56] [DEBUG] Router: Executing \Develop\Controllers\ConsoleController->ServerBridgeAction
[2026-06-14 17:36:56] [DEBUG] ConsoleController::ServerBridge() start...
[2026-06-14 17:36:56] [DEBUG] ConsoleController::ServerBridge() \Develop\Controllers\DBDefinitionController::importTableAction()
[2026-06-14 17:36:56] [DEBUG] DBDefinitionController::importTableAction() start...
[2026-06-14 17:36:56] [DEBUG] DBDefinitionModel::getTableStructure() start... [Table: developers３]
[2026-06-14 17:36:56] [INFO ] DBDefinitionModel::getTableStructure() 1
[2026-06-14 17:36:56] [INFO ] DBDefinitionModel::getTableStructure() 2
[2026-06-14 17:36:56] [ERROR] ConsoleController::ServerBridge Fatal: Call to a member function query() on null
[2026-06-14 17:36:57] [DEBUG] --- wwProject System Start ---
[2026-06-14 17:36:57] [DEBUG] Router::Router() /jemini/wwProjectV1.15/Develop/Console/ServerBridgeAction/
[2026-06-14 17:36:57] [DEBUG] Attempting to load: \Develop\Controllers\ConsoleController::ServerBridgeAction
[2026-06-14 17:36:57] [DEBUG] Router: Executing \Develop\Controllers\ConsoleController->ServerBridgeAction
[2026-06-14 17:36:57] [DEBUG] ConsoleController::ServerBridge() start...
[2026-06-14 17:36:57] [DEBUG] ConsoleController::ServerBridge() \Develop\Controllers\DBDefinitionController::importTableAction()
[2026-06-14 17:36:57] [DEBUG] DBDefinitionController::importTableAction() start...
[2026-06-14 17:36:57] [DEBUG] DBDefinitionModel::getTableStructure() start... [Table: developers３]
[2026-06-14 17:36:57] [INFO ] DBDefinitionModel::getTableStructure() 1
[2026-06-14 17:36:57] [INFO ] DBDefinitionModel::getTableStructure() 2
[2026-06-14 17:36:57] [ERROR] ConsoleController::ServerBridge Fatal: Call to a member function query() on null
[2026-06-14 17:36:58] [DEBUG] --- wwProject System Start ---
[2026-06-14 17:36:58] [DEBUG] Router::Router() /jemini/wwProjectV1.15/Develop/Console/ServerBridgeAction/
[2026-06-14 17:36:58] [DEBUG] Attempting to load: \Develop\Controllers\ConsoleController::ServerBridgeAction
[2026-06-14 17:36:58] [DEBUG] Router: Executing \Develop\Controllers\ConsoleController->ServerBridgeAction
[2026-06-14 17:36:58] [DEBUG] ConsoleController::ServerBridge() start...
[2026-06-14 17:36:58] [DEBUG] ConsoleController::ServerBridge() \Develop\Controllers\DBDefinitionController::importTableAction()
[2026-06-14 17:36:58] [DEBUG] DBDefinitionController::importTableAction() start...
[2026-06-14 17:36:58] [DEBUG] DBDefinitionModel::getTableStructure() start... [Table: developers３]
[2026-06-14 17:36:58] [INFO ] DBDefinitionModel::getTableStructure() 1
[2026-06-14 17:36:58] [INFO ] DBDefinitionModel::getTableStructure() 2
[2026-06-14 17:36:58] [ERROR] ConsoleController::ServerBridge Fatal: Call to a member function query() on null
[2026-06-14 17:37:00] [DEBUG] --- wwProject System Start ---
[2026-06-14 17:37:00] [DEBUG] Router::Router() /jemini/wwProjectV1.15/Develop/Console/ServerBridgeAction/
[2026-06-14 17:37:00] [DEBUG] Attempting to load: \Develop\Controllers\ConsoleController::ServerBridgeAction
[2026-06-14 17:37:00] [DEBUG] Router: Executing \Develop\Controllers\ConsoleController->ServerBridgeAction
[2026-06-14 17:37:00] [DEBUG] ConsoleController::ServerBridge() start...
[2026-06-14 17:37:00] [DEBUG] ConsoleController::ServerBridge() \Develop\Controllers\DBDefinitionController::editTableAction()
[2026-06-14 17:37:00] [DEBUG] DBDefinitionController::editTableAction() start...
[2026-06-14 17:37:00] [DEBUG] DBDefinitionModel::getTableInfo() start... [Table: developers2]
[2026-06-14 17:37:00] [DEBUG] DBDefinitionModel::getSavedColumns() start... [TableID: 8]
[2026-06-14 17:37:00] [DEBUG] Screen::updateAreaE() [iframe起動版] path: \Develop\Views\AreaE\DBDefinition\RegistTable.view start...
[2026-06-14 17:37:00] [DEBUG] Screen::getContents() start...
[2026-06-14 17:37:00] [DEBUG] Screen::getContents() finish.
[2026-06-14 17:37:00] [DEBUG] Screen::updateAreaE() finish.
[2026-06-14 17:37:00] [DEBUG] DBDefinitionController::editTableAction() finish.
[2026-06-14 17:37:00] [DEBUG] Screen::areaView() start...
[2026-06-14 17:37:00] [DEBUG] Screen::areaView() finish.
[2026-06-14 17:37:02] [DEBUG] --- wwProject System Start ---
[2026-06-14 17:37:02] [DEBUG] Router::Router() /jemini/wwProjectV1.15/Develop/Console/ServerBridgeAction/
[2026-06-14 17:37:02] [DEBUG] Attempting to load: \Develop\Controllers\ConsoleController::ServerBridgeAction
[2026-06-14 17:37:02] [DEBUG] Router: Executing \Develop\Controllers\ConsoleController->ServerBridgeAction
[2026-06-14 17:37:02] [DEBUG] ConsoleController::ServerBridge() start...
[2026-06-14 17:37:02] [DEBUG] ConsoleController::ServerBridge() \Develop\Controllers\DBDefinitionController::importTableAction()
[2026-06-14 17:37:02] [DEBUG] DBDefinitionController::importTableAction() start...
[2026-06-14 17:37:02] [DEBUG] DBDefinitionModel::getTableStructure() start... [Table: developers2]
[2026-06-14 17:37:02] [INFO ] DBDefinitionModel::getTableStructure() 1
[2026-06-14 17:37:02] [INFO ] DBDefinitionModel::getTableStructure() 2
[2026-06-14 17:37:02] [ERROR] ConsoleController::ServerBridge Fatal: Call to a member function query() on null
[2026-06-14 17:37:02] [DEBUG] --- wwProject System Start ---
[2026-06-14 17:37:02] [DEBUG] Router::Router() /jemini/wwProjectV1.15/Develop/Console/ServerBridgeAction/
[2026-06-14 17:37:02] [DEBUG] Attempting to load: \Develop\Controllers\ConsoleController::ServerBridgeAction
[2026-06-14 17:37:02] [DEBUG] Router: Executing \Develop\Controllers\ConsoleController->ServerBridgeAction
[2026-06-14 17:37:02] [DEBUG] ConsoleController::ServerBridge() start...
[2026-06-14 17:37:02] [DEBUG] ConsoleController::ServerBridge() \Develop\Controllers\DBDefinitionController::importTableAction()
[2026-06-14 17:37:02] [DEBUG] DBDefinitionController::importTableAction() start...
[2026-06-14 17:37:02] [DEBUG] DBDefinitionModel::getTableStructure() start... [Table: developers2]
[2026-06-14 17:37:02] [INFO ] DBDefinitionModel::getTableStructure() 1
[2026-06-14 17:37:02] [INFO ] DBDefinitionModel::getTableStructure() 2
[2026-06-14 17:37:02] [ERROR] ConsoleController::ServerBridge Fatal: Call to a member function query() on null
[2026-06-14 17:37:04] [DEBUG] --- wwProject System Start ---
[2026-06-14 17:37:04] [DEBUG] Router::Router() /jemini/wwProjectV1.15/Develop/Console/ServerBridgeAction/
[2026-06-14 17:37:04] [DEBUG] Attempting to load: \Develop\Controllers\ConsoleController::ServerBridgeAction
[2026-06-14 17:37:04] [DEBUG] Router: Executing \Develop\Controllers\ConsoleController->ServerBridgeAction
[2026-06-14 17:37:04] [DEBUG] ConsoleController::ServerBridge() start...
[2026-06-14 17:37:04] [DEBUG] ConsoleController::ServerBridge() \Develop\Controllers\DBDefinitionController::editTableAction()
[2026-06-14 17:37:04] [DEBUG] DBDefinitionController::editTableAction() start...
[2026-06-14 17:37:04] [DEBUG] DBDefinitionModel::getTableInfo() start... [Table: developers３]
[2026-06-14 17:37:04] [DEBUG] DBDefinitionModel::getSavedColumns() start... [TableID: 9]
[2026-06-14 17:37:04] [DEBUG] Screen::updateAreaE() [iframe起動版] path: \Develop\Views\AreaE\DBDefinition\RegistTable.view start...
[2026-06-14 17:37:04] [DEBUG] Screen::getContents() start...
[2026-06-14 17:37:04] [DEBUG] Screen::getContents() finish.
[2026-06-14 17:37:04] [DEBUG] Screen::updateAreaE() finish.
[2026-06-14 17:37:04] [DEBUG] DBDefinitionController::editTableAction() finish.
[2026-06-14 17:37:04] [DEBUG] Screen::areaView() start...
[2026-06-14 17:37:04] [DEBUG] Screen::areaView() finish.
[2026-06-14 21:48:23] [DEBUG] --- wwProject System Start ---
[2026-06-14 21:48:23] [DEBUG] Router::Router() /jemini/wwProjectV1.15/develop/
[2026-06-14 21:48:23] [DEBUG] Attempting to load: \Develop\Controllers\LoginController::initialAction
[2026-06-14 21:48:23] [DEBUG] Router: Executing \Develop\Controllers\LoginController->initialAction
[2026-06-14 21:48:23] [DEBUG] Login::initialAction() start...
[2026-06-14 21:48:23] [DEBUG] Login::initialAction() errorMessage : 
[2026-06-14 21:48:23] [DEBUG] Screen::view() path: \Develop\Views\Login\Login.view start...
[2026-06-14 21:48:23] [DEBUG] Screen::getContents() start...
[2026-06-14 21:48:23] [DEBUG] Screen::getContents() finish.
[2026-06-14 21:48:23] [DEBUG] Screen::view() path: \Develop\Views\Login\Login.view finish.
[2026-06-14 21:48:23] [DEBUG] Login::initialAction() finish.
[2026-06-14 21:48:25] [DEBUG] --- wwProject System Start ---
[2026-06-14 21:48:25] [DEBUG] Router::Router() /jemini/wwProjectV1.15/Develop/Login/authentication/
[2026-06-14 21:48:25] [DEBUG] Attempting to load: \Develop\Controllers\LoginController::authenticationAction
[2026-06-14 21:48:25] [DEBUG] Router: Executing \Develop\Controllers\LoginController->authenticationAction
[2026-06-14 21:48:25] [DEBUG] Login::AuthenticationAction() start...
[2026-06-14 21:48:25] [DEBUG] Login OK - x
[2026-06-14 21:48:25] [DEBUG] Session::start()
[2026-06-14 21:48:25] [DEBUG] Redirect to Console::initialAction()
[2026-06-14 21:48:25] [DEBUG] --- wwProject System Start ---
[2026-06-14 21:48:25] [DEBUG] Router::Router() /jemini/wwProjectV1.15/Develop/Console/initial/
[2026-06-14 21:48:25] [DEBUG] Attempting to load: \Develop\Controllers\ConsoleController::initialAction
[2026-06-14 21:48:25] [DEBUG] Router: Executing \Develop\Controllers\ConsoleController->initialAction
[2026-06-14 21:48:25] [DEBUG] Console::initialAction() start...
[2026-06-14 21:48:25] [DEBUG] Screen::view() path: \Develop\Views\Console\Console.view start...
[2026-06-14 21:48:25] [DEBUG] Screen::getContents() start...
[2026-06-14 21:48:26] [DEBUG] Screen::getContents() finish.
[2026-06-14 21:48:26] [DEBUG] Screen::view() path: \Develop\Views\Console\Console.view finish.
[2026-06-14 21:48:26] [DEBUG] ConsoleController::initialAction() finish.
[2026-06-14 21:48:26] [DEBUG] --- wwProject System Start ---
[2026-06-14 21:48:26] [DEBUG] Router::Router() /jemini/wwProjectV1.15/Develop/Console/ServerBridgeAction/
[2026-06-14 21:48:26] [DEBUG] Attempting to load: \Develop\Controllers\ConsoleController::ServerBridgeAction
[2026-06-14 21:48:26] [DEBUG] Router: Executing \Develop\Controllers\ConsoleController->ServerBridgeAction
[2026-06-14 21:48:26] [DEBUG] ConsoleController::ServerBridge() start...
[2026-06-14 21:48:26] [DEBUG] ConsoleController::ServerBridge() \Develop\Controllers\ConsoleController::areaInitialAction()
[2026-06-14 21:48:26] [DEBUG] ConsoleController::AreaInitialAction() start...
[2026-06-14 21:48:26] [DEBUG] Screen::updateAreaA() path: \Develop\Views\AreaA\Area_A.view start...
[2026-06-14 21:48:26] [DEBUG] Screen::areaView() sending JSON: ["areas"]
[2026-06-14 21:48:26] [DEBUG] Screen::getContents() start...
[2026-06-14 21:48:26] [DEBUG] Screen::getContents() finish.
[2026-06-14 21:48:26] [DEBUG] Screen::updateAreaA() finish.
[2026-06-14 21:48:26] [DEBUG] Screen::updateAreaB() path: \Develop\Views\AreaB\Area_B.view start...
[2026-06-14 21:48:26] [DEBUG] Screen::getContents() start...
[2026-06-14 21:48:26] [DEBUG] Screen::getContents() finish.
[2026-06-14 21:48:26] [DEBUG] Screen::updateAreaB() finish.
[2026-06-14 21:48:26] [DEBUG] Screen::updateAreaD() path: \Develop\Views\AreaD\Area_D_clear.view start...
[2026-06-14 21:48:26] [DEBUG] Screen::getContents() start...
[2026-06-14 21:48:26] [DEBUG] Screen::getContents() finish.
[2026-06-14 21:48:26] [DEBUG] Screen::updateAreaD() finish.
[2026-06-14 21:48:26] [DEBUG] Screen::updateAreaE() [iframe起動版] path: \Develop\Views\AreaE\Area_E_clear.view start...
[2026-06-14 21:48:26] [DEBUG] Screen::getContents() start...
[2026-06-14 21:48:26] [DEBUG] Screen::getContents() finish.
[2026-06-14 21:48:26] [DEBUG] Screen::updateAreaE() finish.
[2026-06-14 21:48:26] [DEBUG] Screen::updateAreaF() path: \Develop\Views\AreaF\Area_F.view start...
[2026-06-14 21:48:26] [DEBUG] Screen::getContents() start...
[2026-06-14 21:48:26] [DEBUG] Screen::getContents() finish.
[2026-06-14 21:48:26] [DEBUG] Screen::updateAreaF() finish.
[2026-06-14 21:48:26] [DEBUG] ProjectController::startProjectNabi() start...
[2026-06-14 21:48:26] [DEBUG] ProjectController::getProjectListHtml() start...
[2026-06-14 21:48:26] [DEBUG] ProjectModel::getProjectList() start...
[2026-06-14 21:48:26] [DEBUG] ProjectModel::getProjectList() finish.
[2026-06-14 21:48:26] [DEBUG] CodeMasterModel：：getCodesByGroup() start...
[2026-06-14 21:48:26] [DEBUG] CodeMasterModel：：getCodesByGroup() finish.
[2026-06-14 21:48:26] [DEBUG] ProjectController::getNaviFooterHtml() start...
[2026-06-14 21:48:26] [DEBUG] ProjectController::getNaviFooterHtml() finish.
[2026-06-14 21:48:26] [DEBUG] ProjectController::startProjectNabi() finish.
[2026-06-14 21:48:26] [DEBUG] Screen::updateAreaC() \Develop\Views\AreaC\Area_C.view start...
[2026-06-14 21:48:26] [DEBUG] Screen::getContents() start...
[2026-06-14 21:48:26] [DEBUG] Screen::getContents() finish.
[2026-06-14 21:48:26] [DEBUG] Screen::updateAreaC() finish.
[2026-06-14 21:48:26] [DEBUG] ConsoleController::AreaInitialAction() finish.
[2026-06-14 21:48:26] [DEBUG] Screen::areaView() start...
[2026-06-14 21:48:26] [DEBUG] Screen::areaView() finish.
[2026-06-14 21:48:28] [DEBUG] --- wwProject System Start ---
[2026-06-14 21:48:28] [DEBUG] Router::Router() /jemini/wwProjectV1.15/Develop/Console/ServerBridgeAction/
[2026-06-14 21:48:28] [DEBUG] Attempting to load: \Develop\Controllers\ConsoleController::ServerBridgeAction
[2026-06-14 21:48:28] [DEBUG] Router: Executing \Develop\Controllers\ConsoleController->ServerBridgeAction
[2026-06-14 21:48:28] [DEBUG] ConsoleController::ServerBridge() start...
[2026-06-14 21:48:28] [DEBUG] ConsoleController::ServerBridge() \Develop\Controllers\ProjectController::projectSelectAction()
[2026-06-14 21:48:28] [DEBUG] ProjectController::projectSelectAction() start...
[2026-06-14 21:48:28] [DEBUG] ProjectController::projectSelectAction() ☆★☆　SampleProject１
[2026-06-14 21:48:28] [DEBUG] Screen::updateAreaB() path: \Develop\Views\AreaB\Area_B.view start...
[2026-06-14 21:48:28] [DEBUG] Screen::getContents() start...
[2026-06-14 21:48:28] [DEBUG] Screen::getContents() finish.
[2026-06-14 21:48:28] [DEBUG] Screen::updateAreaB() finish.
[2026-06-14 21:48:28] [DEBUG] ProjectController::projectSelectAction() PRJ-D45FEF : PRJ-D45FEF
[2026-06-14 21:48:28] [DEBUG] ProjectController::getProjectListHtml() start...
[2026-06-14 21:48:28] [DEBUG] ProjectModel::getProjectList() start...
[2026-06-14 21:48:28] [DEBUG] ProjectModel::getProjectList() finish.
[2026-06-14 21:48:28] [DEBUG] CodeMasterModel：：getCodesByGroup() start...
[2026-06-14 21:48:28] [DEBUG] CodeMasterModel：：getCodesByGroup() finish.
[2026-06-14 21:48:28] [DEBUG] ProjectController::getNaviFooterHtml() start...
[2026-06-14 21:48:28] [DEBUG] ProjectController::getNaviFooterHtml() finish.
[2026-06-14 21:48:28] [DEBUG] Screen::updateAreaC() \Develop\Views\AreaC\Area_C.view start...
[2026-06-14 21:48:28] [DEBUG] Screen::getContents() start...
[2026-06-14 21:48:28] [DEBUG] Screen::getContents() finish.
[2026-06-14 21:48:28] [DEBUG] Screen::updateAreaC() finish.
[2026-06-14 21:48:28] [DEBUG] Screen::updateAreaD() path: \Develop\Views\AreaD\Area_D_clear.view start...
[2026-06-14 21:48:28] [DEBUG] Screen::getContents() start...
[2026-06-14 21:48:28] [DEBUG] Screen::getContents() finish.
[2026-06-14 21:48:28] [DEBUG] Screen::updateAreaD() finish.
[2026-06-14 21:48:28] [DEBUG] Screen::updateAreaE() [iframe起動版] path: \Develop\Views\AreaE\Area_E_clear.view start...
[2026-06-14 21:48:28] [DEBUG] Screen::getContents() start...
[2026-06-14 21:48:28] [DEBUG] Screen::getContents() finish.
[2026-06-14 21:48:28] [DEBUG] Screen::updateAreaE() finish.
[2026-06-14 21:48:28] [DEBUG] ProjectController::projectSelectAction() finish.
[2026-06-14 21:48:28] [DEBUG] Screen::areaView() start...
[2026-06-14 21:48:28] [DEBUG] Screen::areaView() finish.
[2026-06-14 21:48:29] [DEBUG] --- wwProject System Start ---
[2026-06-14 21:48:29] [DEBUG] Router::Router() /jemini/wwProjectV1.15/Develop/Console/ServerBridgeAction/
[2026-06-14 21:48:29] [DEBUG] Attempting to load: \Develop\Controllers\ConsoleController::ServerBridgeAction
[2026-06-14 21:48:29] [DEBUG] Router: Executing \Develop\Controllers\ConsoleController->ServerBridgeAction
[2026-06-14 21:48:29] [DEBUG] ConsoleController::ServerBridge() start...
[2026-06-14 21:48:29] [DEBUG] ConsoleController::ServerBridge() \Develop\Controllers\DBDefinitionController::initialAction()
[2026-06-14 21:48:29] [DEBUG] DBDefinitionController::initialAction() start...
[2026-06-14 21:48:29] [DEBUG] DBDefinitionController::initialAction() project_id : PRJ-D45FEF
[2026-06-14 21:48:29] [DEBUG] DBDefinitionModel::getTableList() start...
[2026-06-14 21:48:29] [ERROR] ConsoleController::ServerBridge Fatal: Call to a member function prepare() on bool
[2026-06-14 21:48:31] [DEBUG] --- wwProject System Start ---
[2026-06-14 21:48:31] [DEBUG] Router::Router() /jemini/wwProjectV1.15/Develop/Console/ServerBridgeAction/
[2026-06-14 21:48:31] [DEBUG] Attempting to load: \Develop\Controllers\ConsoleController::ServerBridgeAction
[2026-06-14 21:48:31] [DEBUG] Router: Executing \Develop\Controllers\ConsoleController->ServerBridgeAction
[2026-06-14 21:48:31] [DEBUG] ConsoleController::ServerBridge() start...
[2026-06-14 21:48:31] [DEBUG] ConsoleController::ServerBridge() \Develop\Controllers\DBDefinitionController::initialAction()
[2026-06-14 21:48:31] [DEBUG] DBDefinitionController::initialAction() start...
[2026-06-14 21:48:31] [DEBUG] DBDefinitionController::initialAction() project_id : PRJ-D45FEF
[2026-06-14 21:48:31] [DEBUG] DBDefinitionModel::getTableList() start...
[2026-06-14 21:48:31] [ERROR] ConsoleController::ServerBridge Fatal: Call to a member function prepare() on bool
[2026-06-14 21:48:32] [DEBUG] --- wwProject System Start ---
[2026-06-14 21:48:32] [DEBUG] Router::Router() /jemini/wwProjectV1.15/Develop/Console/ServerBridgeAction/
[2026-06-14 21:48:32] [DEBUG] Attempting to load: \Develop\Controllers\ConsoleController::ServerBridgeAction
[2026-06-14 21:48:32] [DEBUG] Router: Executing \Develop\Controllers\ConsoleController->ServerBridgeAction
[2026-06-14 21:48:32] [DEBUG] ConsoleController::ServerBridge() start...
[2026-06-14 21:48:32] [DEBUG] ConsoleController::ServerBridge() \Develop\Controllers\DBDefinitionController::initialAction()
[2026-06-14 21:48:32] [DEBUG] DBDefinitionController::initialAction() start...
[2026-06-14 21:48:32] [DEBUG] DBDefinitionController::initialAction() project_id : PRJ-D45FEF
[2026-06-14 21:48:32] [DEBUG] DBDefinitionModel::getTableList() start...
[2026-06-14 21:48:32] [ERROR] ConsoleController::ServerBridge Fatal: Call to a member function prepare() on bool
[2026-06-14 21:49:50] [DEBUG] --- wwProject System Start ---
[2026-06-14 21:49:50] [DEBUG] Router::Router() /jemini/wwProjectV1.15/develop/
[2026-06-14 21:49:50] [DEBUG] Attempting to load: \Develop\Controllers\LoginController::initialAction
[2026-06-14 21:49:50] [DEBUG] Router: Executing \Develop\Controllers\LoginController->initialAction
[2026-06-14 21:49:50] [DEBUG] Login::initialAction() start...
[2026-06-14 21:49:50] [DEBUG] Login::initialAction() errorMessage : 
[2026-06-14 21:49:50] [DEBUG] Screen::view() path: \Develop\Views\Login\Login.view start...
[2026-06-14 21:49:50] [DEBUG] Screen::getContents() start...
[2026-06-14 21:49:50] [DEBUG] Screen::getContents() finish.
[2026-06-14 21:49:50] [DEBUG] Screen::view() path: \Develop\Views\Login\Login.view finish.
[2026-06-14 21:49:50] [DEBUG] Login::initialAction() finish.
[2026-06-14 21:49:52] [DEBUG] --- wwProject System Start ---
[2026-06-14 21:49:52] [DEBUG] Router::Router() /jemini/wwProjectV1.15/Develop/Login/authentication/
[2026-06-14 21:49:52] [DEBUG] Attempting to load: \Develop\Controllers\LoginController::authenticationAction
[2026-06-14 21:49:52] [DEBUG] Router: Executing \Develop\Controllers\LoginController->authenticationAction
[2026-06-14 21:49:52] [DEBUG] Login::AuthenticationAction() start...
[2026-06-14 21:49:52] [DEBUG] Login OK - x
[2026-06-14 21:49:52] [DEBUG] Session::start()
[2026-06-14 21:49:52] [DEBUG] Redirect to Console::initialAction()
[2026-06-14 21:49:52] [DEBUG] --- wwProject System Start ---
[2026-06-14 21:49:52] [DEBUG] Router::Router() /jemini/wwProjectV1.15/Develop/Console/initial/
[2026-06-14 21:49:52] [DEBUG] Attempting to load: \Develop\Controllers\ConsoleController::initialAction
[2026-06-14 21:49:52] [DEBUG] Router: Executing \Develop\Controllers\ConsoleController->initialAction
[2026-06-14 21:49:52] [DEBUG] Console::initialAction() start...
[2026-06-14 21:49:52] [DEBUG] Screen::view() path: \Develop\Views\Console\Console.view start...
[2026-06-14 21:49:52] [DEBUG] Screen::getContents() start...
[2026-06-14 21:49:52] [DEBUG] Screen::getContents() finish.
[2026-06-14 21:49:52] [DEBUG] Screen::view() path: \Develop\Views\Console\Console.view finish.
[2026-06-14 21:49:52] [DEBUG] ConsoleController::initialAction() finish.
[2026-06-14 21:49:52] [DEBUG] --- wwProject System Start ---
[2026-06-14 21:49:52] [DEBUG] Router::Router() /jemini/wwProjectV1.15/Develop/Console/ServerBridgeAction/
[2026-06-14 21:49:52] [DEBUG] Attempting to load: \Develop\Controllers\ConsoleController::ServerBridgeAction
[2026-06-14 21:49:52] [DEBUG] Router: Executing \Develop\Controllers\ConsoleController->ServerBridgeAction
[2026-06-14 21:49:52] [DEBUG] ConsoleController::ServerBridge() start...
[2026-06-14 21:49:52] [DEBUG] ConsoleController::ServerBridge() \Develop\Controllers\ConsoleController::areaInitialAction()
[2026-06-14 21:49:52] [DEBUG] ConsoleController::AreaInitialAction() start...
[2026-06-14 21:49:52] [DEBUG] Screen::updateAreaA() path: \Develop\Views\AreaA\Area_A.view start...
[2026-06-14 21:49:52] [DEBUG] Screen::areaView() sending JSON: ["areas"]
[2026-06-14 21:49:52] [DEBUG] Screen::getContents() start...
[2026-06-14 21:49:52] [DEBUG] Screen::getContents() finish.
[2026-06-14 21:49:52] [DEBUG] Screen::updateAreaA() finish.
[2026-06-14 21:49:52] [DEBUG] Screen::updateAreaB() path: \Develop\Views\AreaB\Area_B.view start...
[2026-06-14 21:49:52] [DEBUG] Screen::getContents() start...
[2026-06-14 21:49:52] [DEBUG] Screen::getContents() finish.
[2026-06-14 21:49:52] [DEBUG] Screen::updateAreaB() finish.
[2026-06-14 21:49:52] [DEBUG] Screen::updateAreaD() path: \Develop\Views\AreaD\Area_D_clear.view start...
[2026-06-14 21:49:52] [DEBUG] Screen::getContents() start...
[2026-06-14 21:49:52] [DEBUG] Screen::getContents() finish.
[2026-06-14 21:49:52] [DEBUG] Screen::updateAreaD() finish.
[2026-06-14 21:49:52] [DEBUG] Screen::updateAreaE() [iframe起動版] path: \Develop\Views\AreaE\Area_E_clear.view start...
[2026-06-14 21:49:52] [DEBUG] Screen::getContents() start...
[2026-06-14 21:49:52] [DEBUG] Screen::getContents() finish.
[2026-06-14 21:49:52] [DEBUG] Screen::updateAreaE() finish.
[2026-06-14 21:49:52] [DEBUG] Screen::updateAreaF() path: \Develop\Views\AreaF\Area_F.view start...
[2026-06-14 21:49:52] [DEBUG] Screen::getContents() start...
[2026-06-14 21:49:52] [DEBUG] Screen::getContents() finish.
[2026-06-14 21:49:52] [DEBUG] Screen::updateAreaF() finish.
[2026-06-14 21:49:52] [DEBUG] ProjectController::startProjectNabi() start...
[2026-06-14 21:49:52] [DEBUG] ProjectController::getProjectListHtml() start...
[2026-06-14 21:49:52] [DEBUG] ProjectModel::getProjectList() start...
[2026-06-14 21:49:52] [DEBUG] ProjectModel::getProjectList() finish.
[2026-06-14 21:49:52] [DEBUG] CodeMasterModel：：getCodesByGroup() start...
[2026-06-14 21:49:52] [DEBUG] CodeMasterModel：：getCodesByGroup() finish.
[2026-06-14 21:49:52] [DEBUG] ProjectController::getNaviFooterHtml() start...
[2026-06-14 21:49:52] [DEBUG] ProjectController::getNaviFooterHtml() finish.
[2026-06-14 21:49:52] [DEBUG] ProjectController::startProjectNabi() finish.
[2026-06-14 21:49:52] [DEBUG] Screen::updateAreaC() \Develop\Views\AreaC\Area_C.view start...
[2026-06-14 21:49:52] [DEBUG] Screen::getContents() start...
[2026-06-14 21:49:52] [DEBUG] Screen::getContents() finish.
[2026-06-14 21:49:52] [DEBUG] Screen::updateAreaC() finish.
[2026-06-14 21:49:52] [DEBUG] ConsoleController::AreaInitialAction() finish.
[2026-06-14 21:49:52] [DEBUG] Screen::areaView() start...
[2026-06-14 21:49:52] [DEBUG] Screen::areaView() finish.
[2026-06-14 21:49:53] [DEBUG] --- wwProject System Start ---
[2026-06-14 21:49:53] [DEBUG] Router::Router() /jemini/wwProjectV1.15/Develop/Console/ServerBridgeAction/
[2026-06-14 21:49:53] [DEBUG] Attempting to load: \Develop\Controllers\ConsoleController::ServerBridgeAction
[2026-06-14 21:49:53] [DEBUG] Router: Executing \Develop\Controllers\ConsoleController->ServerBridgeAction
[2026-06-14 21:49:53] [DEBUG] ConsoleController::ServerBridge() start...
[2026-06-14 21:49:53] [DEBUG] ConsoleController::ServerBridge() \Develop\Controllers\ProjectController::projectSelectAction()
[2026-06-14 21:49:53] [DEBUG] ProjectController::projectSelectAction() start...
[2026-06-14 21:49:53] [DEBUG] ProjectController::projectSelectAction() ☆★☆　SampleProject１
[2026-06-14 21:49:53] [DEBUG] Screen::updateAreaB() path: \Develop\Views\AreaB\Area_B.view start...
[2026-06-14 21:49:53] [DEBUG] Screen::getContents() start...
[2026-06-14 21:49:53] [DEBUG] Screen::getContents() finish.
[2026-06-14 21:49:53] [DEBUG] Screen::updateAreaB() finish.
[2026-06-14 21:49:53] [DEBUG] ProjectController::projectSelectAction() PRJ-D45FEF : PRJ-D45FEF
[2026-06-14 21:49:53] [DEBUG] ProjectController::getProjectListHtml() start...
[2026-06-14 21:49:53] [DEBUG] ProjectModel::getProjectList() start...
[2026-06-14 21:49:53] [DEBUG] ProjectModel::getProjectList() finish.
[2026-06-14 21:49:53] [DEBUG] CodeMasterModel：：getCodesByGroup() start...
[2026-06-14 21:49:53] [DEBUG] CodeMasterModel：：getCodesByGroup() finish.
[2026-06-14 21:49:53] [DEBUG] ProjectController::getNaviFooterHtml() start...
[2026-06-14 21:49:53] [DEBUG] ProjectController::getNaviFooterHtml() finish.
[2026-06-14 21:49:53] [DEBUG] Screen::updateAreaC() \Develop\Views\AreaC\Area_C.view start...
[2026-06-14 21:49:53] [DEBUG] Screen::getContents() start...
[2026-06-14 21:49:53] [DEBUG] Screen::getContents() finish.
[2026-06-14 21:49:53] [DEBUG] Screen::updateAreaC() finish.
[2026-06-14 21:49:53] [DEBUG] Screen::updateAreaD() path: \Develop\Views\AreaD\Area_D_clear.view start...
[2026-06-14 21:49:53] [DEBUG] Screen::getContents() start...
[2026-06-14 21:49:53] [DEBUG] Screen::getContents() finish.
[2026-06-14 21:49:53] [DEBUG] Screen::updateAreaD() finish.
[2026-06-14 21:49:53] [DEBUG] Screen::updateAreaE() [iframe起動版] path: \Develop\Views\AreaE\Area_E_clear.view start...
[2026-06-14 21:49:53] [DEBUG] Screen::getContents() start...
[2026-06-14 21:49:53] [DEBUG] Screen::getContents() finish.
[2026-06-14 21:49:53] [DEBUG] Screen::updateAreaE() finish.
[2026-06-14 21:49:53] [DEBUG] ProjectController::projectSelectAction() finish.
[2026-06-14 21:49:53] [DEBUG] Screen::areaView() start...
[2026-06-14 21:49:53] [DEBUG] Screen::areaView() finish.
[2026-06-14 21:49:54] [DEBUG] --- wwProject System Start ---
[2026-06-14 21:49:54] [DEBUG] Router::Router() /jemini/wwProjectV1.15/Develop/Console/ServerBridgeAction/
[2026-06-14 21:49:54] [DEBUG] Attempting to load: \Develop\Controllers\ConsoleController::ServerBridgeAction
[2026-06-14 21:49:54] [DEBUG] Router: Executing \Develop\Controllers\ConsoleController->ServerBridgeAction
[2026-06-14 21:49:54] [DEBUG] ConsoleController::ServerBridge() start...
[2026-06-14 21:49:54] [DEBUG] ConsoleController::ServerBridge() \Develop\Controllers\DBDefinitionController::initialAction()
[2026-06-14 21:49:54] [DEBUG] DBDefinitionController::initialAction() start...
[2026-06-14 21:49:54] [DEBUG] DBDefinitionController::initialAction() project_id : PRJ-D45FEF
[2026-06-14 21:49:54] [DEBUG] DBDefinitionModel::getTableList() start...
[2026-06-14 21:49:54] [DEBUG] DBDefinitionModel::getTableList() finish. 取得件数: 3
[2026-06-14 21:49:54] [DEBUG] Screen::updateAreaD() path: \Develop\Views\AreaD\DBDefinition\DBDefinitionList.view start...
[2026-06-14 21:49:54] [DEBUG] Screen::getContents() start...
[2026-06-14 21:49:54] [DEBUG] Screen::getContents() finish.
[2026-06-14 21:49:54] [DEBUG] Screen::updateAreaD() finish.
[2026-06-14 21:49:54] [DEBUG] Screen::updateAreaE() [iframe起動版] path: \Develop\Views\AreaE\Area_E_clear.view start...
[2026-06-14 21:49:54] [DEBUG] Screen::getContents() start...
[2026-06-14 21:49:54] [DEBUG] Screen::getContents() finish.
[2026-06-14 21:49:54] [DEBUG] Screen::updateAreaE() finish.
[2026-06-14 21:49:54] [DEBUG] DBDefinitionController::initialAction() end.
[2026-06-14 21:49:54] [DEBUG] Screen::areaView() start...
[2026-06-14 21:49:54] [DEBUG] Screen::areaView() finish.
[2026-06-14 21:49:55] [DEBUG] --- wwProject System Start ---
[2026-06-14 21:49:55] [DEBUG] Router::Router() /jemini/wwProjectV1.15/Develop/Console/ServerBridgeAction/
[2026-06-14 21:49:55] [DEBUG] Attempting to load: \Develop\Controllers\ConsoleController::ServerBridgeAction
[2026-06-14 21:49:55] [DEBUG] Router: Executing \Develop\Controllers\ConsoleController->ServerBridgeAction
[2026-06-14 21:49:55] [DEBUG] ConsoleController::ServerBridge() start...
[2026-06-14 21:49:55] [DEBUG] ConsoleController::ServerBridge() \Develop\Controllers\DBDefinitionController::newTableAction()
[2026-06-14 21:49:55] [DEBUG] DBDefinitionController::newTableAction() start...
[2026-06-14 21:49:55] [DEBUG] Screen::updateAreaE() [iframe起動版] path: \Develop\Views\AreaE\DBDefinition\RegistTable.view start...
[2026-06-14 21:49:55] [DEBUG] Screen::getContents() start...
[2026-06-14 21:49:55] [DEBUG] Screen::getContents() finish.
[2026-06-14 21:49:55] [DEBUG] Screen::updateAreaE() finish.
[2026-06-14 21:49:55] [DEBUG] DBDefinitionController::newTableAction() end.
[2026-06-14 21:49:55] [DEBUG] Screen::areaView() start...
[2026-06-14 21:49:55] [DEBUG] Screen::areaView() finish.
[2026-06-14 21:50:00] [DEBUG] --- wwProject System Start ---
[2026-06-14 21:50:00] [DEBUG] Router::Router() /jemini/wwProjectV1.15/Develop/Console/ServerBridgeAction/
[2026-06-14 21:50:00] [DEBUG] Attempting to load: \Develop\Controllers\ConsoleController::ServerBridgeAction
[2026-06-14 21:50:00] [DEBUG] Router: Executing \Develop\Controllers\ConsoleController->ServerBridgeAction
[2026-06-14 21:50:00] [DEBUG] ConsoleController::ServerBridge() start...
[2026-06-14 21:50:00] [DEBUG] ConsoleController::ServerBridge() \Develop\Controllers\DBDefinitionController::importTableAction()
[2026-06-14 21:50:00] [DEBUG] DBDefinitionController::importTableAction() start...
[2026-06-14 21:50:00] [DEBUG] DBDefinitionModel::getTableStructure() start... [Table: developers]
[2026-06-14 21:50:00] [INFO ] DBDefinitionModel::getTableStructure() 1
[2026-06-14 21:50:00] [INFO ] DBDefinitionModel::getTableStructure() 2
[2026-06-14 21:50:00] [ERROR] ConsoleController::ServerBridge Fatal: Call to a member function query() on null
[2026-06-14 21:50:01] [DEBUG] --- wwProject System Start ---
[2026-06-14 21:50:01] [DEBUG] Router::Router() /jemini/wwProjectV1.15/Develop/Console/ServerBridgeAction/
[2026-06-14 21:50:01] [DEBUG] Attempting to load: \Develop\Controllers\ConsoleController::ServerBridgeAction
[2026-06-14 21:50:01] [DEBUG] Router: Executing \Develop\Controllers\ConsoleController->ServerBridgeAction
[2026-06-14 21:50:01] [DEBUG] ConsoleController::ServerBridge() start...
[2026-06-14 21:50:01] [DEBUG] ConsoleController::ServerBridge() \Develop\Controllers\DBDefinitionController::importTableAction()
[2026-06-14 21:50:01] [DEBUG] DBDefinitionController::importTableAction() start...
[2026-06-14 21:50:01] [DEBUG] DBDefinitionModel::getTableStructure() start... [Table: developers]
[2026-06-14 21:50:01] [INFO ] DBDefinitionModel::getTableStructure() 1
[2026-06-14 21:50:01] [INFO ] DBDefinitionModel::getTableStructure() 2
[2026-06-14 21:50:01] [ERROR] ConsoleController::ServerBridge Fatal: Call to a member function query() on null
[2026-06-14 21:50:09] [DEBUG] --- wwProject System Start ---
[2026-06-14 21:50:09] [DEBUG] Router::Router() /jemini/wwProjectV1.15/Develop/Console/ServerBridgeAction/
[2026-06-14 21:50:09] [DEBUG] Attempting to load: \Develop\Controllers\ConsoleController::ServerBridgeAction
[2026-06-14 21:50:09] [DEBUG] Router: Executing \Develop\Controllers\ConsoleController->ServerBridgeAction
[2026-06-14 21:50:09] [DEBUG] ConsoleController::ServerBridge() start...
[2026-06-14 21:50:09] [DEBUG] ConsoleController::ServerBridge() \Develop\Controllers\DBDefinitionController::importTableAction()
[2026-06-14 21:50:09] [DEBUG] DBDefinitionController::importTableAction() start...
[2026-06-14 21:50:09] [DEBUG] DBDefinitionModel::getTableStructure() start... [Table: developers]
[2026-06-14 21:50:09] [INFO ] DBDefinitionModel::getTableStructure() 1
[2026-06-14 21:50:09] [INFO ] DBDefinitionModel::getTableStructure() 2
[2026-06-14 21:50:09] [ERROR] ConsoleController::ServerBridge Fatal: Call to a member function query() on null
[2026-06-14 21:50:09] [DEBUG] --- wwProject System Start ---
[2026-06-14 21:50:09] [DEBUG] Router::Router() /jemini/wwProjectV1.15/Develop/Console/ServerBridgeAction/
[2026-06-14 21:50:09] [DEBUG] Attempting to load: \Develop\Controllers\ConsoleController::ServerBridgeAction
[2026-06-14 21:50:09] [DEBUG] Router: Executing \Develop\Controllers\ConsoleController->ServerBridgeAction
[2026-06-14 21:50:09] [DEBUG] ConsoleController::ServerBridge() start...
[2026-06-14 21:50:09] [DEBUG] ConsoleController::ServerBridge() \Develop\Controllers\DBDefinitionController::importTableAction()
[2026-06-14 21:50:09] [DEBUG] DBDefinitionController::importTableAction() start...
[2026-06-14 21:50:09] [DEBUG] DBDefinitionModel::getTableStructure() start... [Table: developers]
[2026-06-14 21:50:09] [INFO ] DBDefinitionModel::getTableStructure() 1
[2026-06-14 21:50:09] [INFO ] DBDefinitionModel::getTableStructure() 2
[2026-06-14 21:50:09] [ERROR] ConsoleController::ServerBridge Fatal: Call to a member function query() on null
[2026-06-14 21:50:10] [DEBUG] --- wwProject System Start ---
[2026-06-14 21:50:10] [DEBUG] Router::Router() /jemini/wwProjectV1.15/Develop/Console/ServerBridgeAction/
[2026-06-14 21:50:10] [DEBUG] Attempting to load: \Develop\Controllers\ConsoleController::ServerBridgeAction
[2026-06-14 21:50:10] [DEBUG] Router: Executing \Develop\Controllers\ConsoleController->ServerBridgeAction
[2026-06-14 21:50:10] [DEBUG] ConsoleController::ServerBridge() start...
[2026-06-14 21:50:10] [DEBUG] ConsoleController::ServerBridge() \Develop\Controllers\DBDefinitionController::importTableAction()
[2026-06-14 21:50:10] [DEBUG] DBDefinitionController::importTableAction() start...
[2026-06-14 21:50:10] [DEBUG] DBDefinitionModel::getTableStructure() start... [Table: developers]
[2026-06-14 21:50:10] [INFO ] DBDefinitionModel::getTableStructure() 1
[2026-06-14 21:50:10] [INFO ] DBDefinitionModel::getTableStructure() 2
[2026-06-14 21:50:10] [ERROR] ConsoleController::ServerBridge Fatal: Call to a member function query() on null
[2026-06-14 21:50:10] [DEBUG] --- wwProject System Start ---
[2026-06-14 21:50:10] [DEBUG] Router::Router() /jemini/wwProjectV1.15/Develop/Console/ServerBridgeAction/
[2026-06-14 21:50:10] [DEBUG] Attempting to load: \Develop\Controllers\ConsoleController::ServerBridgeAction
[2026-06-14 21:50:10] [DEBUG] Router: Executing \Develop\Controllers\ConsoleController->ServerBridgeAction
[2026-06-14 21:50:10] [DEBUG] ConsoleController::ServerBridge() start...
[2026-06-14 21:50:10] [DEBUG] ConsoleController::ServerBridge() \Develop\Controllers\DBDefinitionController::importTableAction()
[2026-06-14 21:50:10] [DEBUG] DBDefinitionController::importTableAction() start...
[2026-06-14 21:50:10] [DEBUG] DBDefinitionModel::getTableStructure() start... [Table: developers]
[2026-06-14 21:50:10] [INFO ] DBDefinitionModel::getTableStructure() 1
[2026-06-14 21:50:10] [INFO ] DBDefinitionModel::getTableStructure() 2
[2026-06-14 21:50:10] [ERROR] ConsoleController::ServerBridge Fatal: Call to a member function query() on null
[2026-06-14 21:50:10] [DEBUG] --- wwProject System Start ---
[2026-06-14 21:50:10] [DEBUG] Router::Router() /jemini/wwProjectV1.15/Develop/Console/ServerBridgeAction/
[2026-06-14 21:50:10] [DEBUG] Attempting to load: \Develop\Controllers\ConsoleController::ServerBridgeAction
[2026-06-14 21:50:10] [DEBUG] Router: Executing \Develop\Controllers\ConsoleController->ServerBridgeAction
[2026-06-14 21:50:10] [DEBUG] ConsoleController::ServerBridge() start...
[2026-06-14 21:50:10] [DEBUG] ConsoleController::ServerBridge() \Develop\Controllers\DBDefinitionController::importTableAction()
[2026-06-14 21:50:10] [DEBUG] DBDefinitionController::importTableAction() start...
[2026-06-14 21:50:10] [DEBUG] DBDefinitionModel::getTableStructure() start... [Table: developers]
[2026-06-14 21:50:10] [INFO ] DBDefinitionModel::getTableStructure() 1
[2026-06-14 21:50:10] [INFO ] DBDefinitionModel::getTableStructure() 2
[2026-06-14 21:50:10] [ERROR] ConsoleController::ServerBridge Fatal: Call to a member function query() on null
[2026-06-14 21:50:11] [DEBUG] --- wwProject System Start ---
[2026-06-14 21:50:11] [DEBUG] Router::Router() /jemini/wwProjectV1.15/Develop/Console/ServerBridgeAction/
[2026-06-14 21:50:11] [DEBUG] Attempting to load: \Develop\Controllers\ConsoleController::ServerBridgeAction
[2026-06-14 21:50:11] [DEBUG] Router: Executing \Develop\Controllers\ConsoleController->ServerBridgeAction
[2026-06-14 21:50:11] [DEBUG] ConsoleController::ServerBridge() start...
[2026-06-14 21:50:11] [DEBUG] ConsoleController::ServerBridge() \Develop\Controllers\DBDefinitionController::importTableAction()
[2026-06-14 21:50:11] [DEBUG] DBDefinitionController::importTableAction() start...
[2026-06-14 21:50:11] [DEBUG] DBDefinitionModel::getTableStructure() start... [Table: developers]
[2026-06-14 21:50:11] [INFO ] DBDefinitionModel::getTableStructure() 1
[2026-06-14 21:50:11] [INFO ] DBDefinitionModel::getTableStructure() 2
[2026-06-14 21:50:11] [ERROR] ConsoleController::ServerBridge Fatal: Call to a member function query() on null
[2026-06-14 21:50:11] [DEBUG] --- wwProject System Start ---
[2026-06-14 21:50:11] [DEBUG] Router::Router() /jemini/wwProjectV1.15/Develop/Console/ServerBridgeAction/
[2026-06-14 21:50:11] [DEBUG] Attempting to load: \Develop\Controllers\ConsoleController::ServerBridgeAction
[2026-06-14 21:50:11] [DEBUG] Router: Executing \Develop\Controllers\ConsoleController->ServerBridgeAction
[2026-06-14 21:50:11] [DEBUG] ConsoleController::ServerBridge() start...
[2026-06-14 21:50:11] [DEBUG] ConsoleController::ServerBridge() \Develop\Controllers\DBDefinitionController::importTableAction()
[2026-06-14 21:50:11] [DEBUG] DBDefinitionController::importTableAction() start...
[2026-06-14 21:50:11] [DEBUG] DBDefinitionModel::getTableStructure() start... [Table: developers]
[2026-06-14 21:50:11] [INFO ] DBDefinitionModel::getTableStructure() 1
[2026-06-14 21:50:11] [INFO ] DBDefinitionModel::getTableStructure() 2
[2026-06-14 21:50:11] [ERROR] ConsoleController::ServerBridge Fatal: Call to a member function query() on null
[2026-06-14 21:50:11] [DEBUG] --- wwProject System Start ---
[2026-06-14 21:50:11] [DEBUG] Router::Router() /jemini/wwProjectV1.15/Develop/Console/ServerBridgeAction/
[2026-06-14 21:50:11] [DEBUG] Attempting to load: \Develop\Controllers\ConsoleController::ServerBridgeAction
[2026-06-14 21:50:11] [DEBUG] Router: Executing \Develop\Controllers\ConsoleController->ServerBridgeAction
[2026-06-14 21:50:11] [DEBUG] ConsoleController::ServerBridge() start...
[2026-06-14 21:50:11] [DEBUG] ConsoleController::ServerBridge() \Develop\Controllers\DBDefinitionController::importTableAction()
[2026-06-14 21:50:11] [DEBUG] DBDefinitionController::importTableAction() start...
[2026-06-14 21:50:11] [DEBUG] DBDefinitionModel::getTableStructure() start... [Table: developers]
[2026-06-14 21:50:11] [INFO ] DBDefinitionModel::getTableStructure() 1
[2026-06-14 21:50:11] [INFO ] DBDefinitionModel::getTableStructure() 2
[2026-06-14 21:50:11] [ERROR] ConsoleController::ServerBridge Fatal: Call to a member function query() on null
[2026-06-14 21:50:11] [DEBUG] --- wwProject System Start ---
[2026-06-14 21:50:11] [DEBUG] Router::Router() /jemini/wwProjectV1.15/Develop/Console/ServerBridgeAction/
[2026-06-14 21:50:11] [DEBUG] Attempting to load: \Develop\Controllers\ConsoleController::ServerBridgeAction
[2026-06-14 21:50:11] [DEBUG] Router: Executing \Develop\Controllers\ConsoleController->ServerBridgeAction
[2026-06-14 21:50:11] [DEBUG] ConsoleController::ServerBridge() start...
[2026-06-14 21:50:11] [DEBUG] ConsoleController::ServerBridge() \Develop\Controllers\DBDefinitionController::importTableAction()
[2026-06-14 21:50:11] [DEBUG] DBDefinitionController::importTableAction() start...
[2026-06-14 21:50:11] [DEBUG] DBDefinitionModel::getTableStructure() start... [Table: developers]
[2026-06-14 21:50:11] [INFO ] DBDefinitionModel::getTableStructure() 1
[2026-06-14 21:50:11] [INFO ] DBDefinitionModel::getTableStructure() 2
[2026-06-14 21:50:11] [ERROR] ConsoleController::ServerBridge Fatal: Call to a member function query() on null
[2026-06-14 21:50:50] [DEBUG] --- wwProject System Start ---
[2026-06-14 21:50:50] [DEBUG] Router::Router() /jemini/wwProjectV1.15/Develop/Console/ServerBridgeAction/
[2026-06-14 21:50:50] [DEBUG] Attempting to load: \Develop\Controllers\ConsoleController::ServerBridgeAction
[2026-06-14 21:50:50] [DEBUG] Router: Executing \Develop\Controllers\ConsoleController->ServerBridgeAction
[2026-06-14 21:50:50] [DEBUG] ConsoleController::ServerBridge() start...
[2026-06-14 21:50:50] [DEBUG] ConsoleController::ServerBridge() \Develop\Controllers\ProjectDefinitionController::initialAction()
[2026-06-14 21:50:50] [DEBUG] ProjectDefinitionController::initialAction() start...
[2026-06-14 21:50:50] [DEBUG] ProjectModel::getProjectList() start...
[2026-06-14 21:50:50] [DEBUG] ProjectModel::getProjectList() finish.
[2026-06-14 21:50:50] [DEBUG] Screen::updateAreaD() path: \Develop\Views\AreaD\ProjectDefinition\ProjectDefinitionList.view start...
[2026-06-14 21:50:50] [DEBUG] Screen::getContents() start...
[2026-06-14 21:50:51] [DEBUG] Screen::getContents() finish.
[2026-06-14 21:50:51] [DEBUG] Screen::updateAreaD() finish.
[2026-06-14 21:50:51] [DEBUG] ProjectDefinitionController::initialAction() finish.
[2026-06-14 21:50:51] [DEBUG] Screen::areaView() start...
[2026-06-14 21:50:51] [DEBUG] Screen::areaView() finish.
[2026-06-14 21:50:55] [DEBUG] --- wwProject System Start ---
[2026-06-14 21:50:55] [DEBUG] Router::Router() /jemini/wwProjectV1.15/Develop/Console/ServerBridgeAction/
[2026-06-14 21:50:55] [DEBUG] Attempting to load: \Develop\Controllers\ConsoleController::ServerBridgeAction
[2026-06-14 21:50:55] [DEBUG] Router: Executing \Develop\Controllers\ConsoleController->ServerBridgeAction
[2026-06-14 21:50:55] [DEBUG] ConsoleController::ServerBridge() start...
[2026-06-14 21:50:55] [DEBUG] ConsoleController::ServerBridge() \Develop\Controllers\PartsDefinitionController::initialAction()
[2026-06-14 21:50:55] [DEBUG] PartsDefinitionController::initialAction() start...
[2026-06-14 21:50:55] [DEBUG] PartsDefinitionController::initialAction() projectId : PRJ-D45FEF
[2026-06-14 21:50:55] [DEBUG] PartsDefinitionModel::getAllPartsList() start... Project ID: PRJ-D45FEF
[2026-06-14 21:50:55] [DEBUG] PartsDefinitionModel::getAllPartsList() １
[2026-06-14 21:50:55] [DEBUG] PartsDefinitionModel::getAllPartsList() ２
[2026-06-14 21:50:55] [DEBUG] PartsDefinitionModel::getAllPartsList() ３
[2026-06-14 21:50:55] [DEBUG] PartsDefinitionModel::getAllPartsList() finish. 件数: 3
[2026-06-14 21:50:55] [DEBUG] Screen::updateAreaD() path: \Develop\Views\AreaD\PartsDefinition\PartsDefinitionList.view start...
[2026-06-14 21:50:55] [DEBUG] Screen::getContents() start...
[2026-06-14 21:50:55] [DEBUG] Screen::getContents() finish.
[2026-06-14 21:50:55] [DEBUG] Screen::updateAreaD() finish.
[2026-06-14 21:50:55] [DEBUG] Screen::updateAreaE() [iframe起動版] path: \Develop\Views\AreaE\Area_E_clear.view start...
[2026-06-14 21:50:55] [DEBUG] Screen::getContents() start...
[2026-06-14 21:50:55] [DEBUG] Screen::getContents() finish.
[2026-06-14 21:50:55] [DEBUG] Screen::updateAreaE() finish.
[2026-06-14 21:50:55] [DEBUG] PartsDefinitionController::initialAction() end.
[2026-06-14 21:50:55] [DEBUG] Screen::areaView() start...
[2026-06-14 21:50:55] [DEBUG] Screen::areaView() finish.
[2026-06-14 21:56:05] [DEBUG] --- wwProject System Start ---
[2026-06-14 21:56:05] [DEBUG] Router::Router() /jemini/wwProjectV1.15/develop/
[2026-06-14 21:56:05] [DEBUG] Attempting to load: \Develop\Controllers\LoginController::initialAction
[2026-06-14 21:56:05] [DEBUG] Router: Executing \Develop\Controllers\LoginController->initialAction
[2026-06-14 21:56:05] [DEBUG] Login::initialAction() start...
[2026-06-14 21:56:05] [DEBUG] Login::initialAction() errorMessage : 
[2026-06-14 21:56:05] [DEBUG] Screen::view() path: \Develop\Views\Login\Login.view start...
[2026-06-14 21:56:05] [DEBUG] Screen::getContents() start...
[2026-06-14 21:56:05] [DEBUG] Screen::getContents() finish.
[2026-06-14 21:56:05] [DEBUG] Screen::view() path: \Develop\Views\Login\Login.view finish.
[2026-06-14 21:56:05] [DEBUG] Login::initialAction() finish.
[2026-06-14 21:56:15] [DEBUG] --- wwProject System Start ---
[2026-06-14 21:56:15] [DEBUG] Router::Router() /jemini/wwProjectV1.15/Develop/Login/authentication/
[2026-06-14 21:56:15] [DEBUG] Attempting to load: \Develop\Controllers\LoginController::authenticationAction
[2026-06-14 21:56:15] [DEBUG] Router: Executing \Develop\Controllers\LoginController->authenticationAction
[2026-06-14 21:56:15] [DEBUG] Login::AuthenticationAction() start...
[2026-06-14 21:56:15] [DEBUG] Login OK - x
[2026-06-14 21:56:15] [DEBUG] Session::start()
[2026-06-14 21:56:15] [DEBUG] Redirect to Console::initialAction()
[2026-06-14 21:56:15] [DEBUG] --- wwProject System Start ---
[2026-06-14 21:56:15] [DEBUG] Router::Router() /jemini/wwProjectV1.15/Develop/Console/initial/
[2026-06-14 21:56:15] [DEBUG] Attempting to load: \Develop\Controllers\ConsoleController::initialAction
[2026-06-14 21:56:15] [DEBUG] Router: Executing \Develop\Controllers\ConsoleController->initialAction
[2026-06-14 21:56:15] [DEBUG] Console::initialAction() start...
[2026-06-14 21:56:15] [DEBUG] Screen::view() path: \Develop\Views\Console\Console.view start...
[2026-06-14 21:56:15] [DEBUG] Screen::getContents() start...
[2026-06-14 21:56:15] [DEBUG] Screen::getContents() finish.
[2026-06-14 21:56:15] [DEBUG] Screen::view() path: \Develop\Views\Console\Console.view finish.
[2026-06-14 21:56:15] [DEBUG] ConsoleController::initialAction() finish.
[2026-06-14 21:56:15] [DEBUG] --- wwProject System Start ---
[2026-06-14 21:56:15] [DEBUG] Router::Router() /jemini/wwProjectV1.15/Develop/Console/ServerBridgeAction/
[2026-06-14 21:56:15] [DEBUG] Attempting to load: \Develop\Controllers\ConsoleController::ServerBridgeAction
[2026-06-14 21:56:15] [DEBUG] Router: Executing \Develop\Controllers\ConsoleController->ServerBridgeAction
[2026-06-14 21:56:15] [DEBUG] ConsoleController::ServerBridge() start...
[2026-06-14 21:56:15] [DEBUG] ConsoleController::ServerBridge() \Develop\Controllers\ConsoleController::areaInitialAction()
[2026-06-14 21:56:15] [DEBUG] ConsoleController::AreaInitialAction() start...
[2026-06-14 21:56:15] [DEBUG] Screen::updateAreaA() path: \Develop\Views\AreaA\Area_A.view start...
[2026-06-14 21:56:15] [DEBUG] Screen::areaView() sending JSON: ["areas"]
[2026-06-14 21:56:15] [DEBUG] Screen::getContents() start...
[2026-06-14 21:56:15] [DEBUG] Screen::getContents() finish.
[2026-06-14 21:56:15] [DEBUG] Screen::updateAreaA() finish.
[2026-06-14 21:56:15] [DEBUG] Screen::updateAreaB() path: \Develop\Views\AreaB\Area_B.view start...
[2026-06-14 21:56:15] [DEBUG] Screen::getContents() start...
[2026-06-14 21:56:15] [DEBUG] Screen::getContents() finish.
[2026-06-14 21:56:15] [DEBUG] Screen::updateAreaB() finish.
[2026-06-14 21:56:15] [DEBUG] Screen::updateAreaD() path: \Develop\Views\AreaD\Area_D_clear.view start...
[2026-06-14 21:56:15] [DEBUG] Screen::getContents() start...
[2026-06-14 21:56:15] [DEBUG] Screen::getContents() finish.
[2026-06-14 21:56:15] [DEBUG] Screen::updateAreaD() finish.
[2026-06-14 21:56:15] [DEBUG] Screen::updateAreaE() [iframe起動版] path: \Develop\Views\AreaE\Area_E_clear.view start...
[2026-06-14 21:56:15] [DEBUG] Screen::getContents() start...
[2026-06-14 21:56:15] [DEBUG] Screen::getContents() finish.
[2026-06-14 21:56:15] [DEBUG] Screen::updateAreaE() finish.
[2026-06-14 21:56:15] [DEBUG] Screen::updateAreaF() path: \Develop\Views\AreaF\Area_F.view start...
[2026-06-14 21:56:15] [DEBUG] Screen::getContents() start...
[2026-06-14 21:56:15] [DEBUG] Screen::getContents() finish.
[2026-06-14 21:56:15] [DEBUG] Screen::updateAreaF() finish.
[2026-06-14 21:56:15] [DEBUG] ProjectController::startProjectNabi() start...
[2026-06-14 21:56:15] [DEBUG] ProjectController::getProjectListHtml() start...
[2026-06-14 21:56:15] [DEBUG] ProjectModel::getProjectList() start...
[2026-06-14 21:56:15] [DEBUG] ProjectModel::getProjectList() finish.
[2026-06-14 21:56:15] [DEBUG] CodeMasterModel：：getCodesByGroup() start...
[2026-06-14 21:56:15] [DEBUG] CodeMasterModel：：getCodesByGroup() finish.
[2026-06-14 21:56:15] [DEBUG] ProjectController::getNaviFooterHtml() start...
[2026-06-14 21:56:15] [DEBUG] ProjectController::getNaviFooterHtml() finish.
[2026-06-14 21:56:15] [DEBUG] ProjectController::startProjectNabi() finish.
[2026-06-14 21:56:15] [DEBUG] Screen::updateAreaC() \Develop\Views\AreaC\Area_C.view start...
[2026-06-14 21:56:15] [DEBUG] Screen::getContents() start...
[2026-06-14 21:56:15] [DEBUG] Screen::getContents() finish.
[2026-06-14 21:56:15] [DEBUG] Screen::updateAreaC() finish.
[2026-06-14 21:56:15] [DEBUG] ConsoleController::AreaInitialAction() finish.
[2026-06-14 21:56:15] [DEBUG] Screen::areaView() start...
[2026-06-14 21:56:15] [DEBUG] Screen::areaView() finish.
[2026-06-14 21:56:16] [DEBUG] --- wwProject System Start ---
[2026-06-14 21:56:16] [DEBUG] Router::Router() /jemini/wwProjectV1.15/Develop/Console/ServerBridgeAction/
[2026-06-14 21:56:17] [DEBUG] Attempting to load: \Develop\Controllers\ConsoleController::ServerBridgeAction
[2026-06-14 21:56:17] [DEBUG] Router: Executing \Develop\Controllers\ConsoleController->ServerBridgeAction
[2026-06-14 21:56:17] [DEBUG] ConsoleController::ServerBridge() start...
[2026-06-14 21:56:17] [DEBUG] ConsoleController::ServerBridge() \Develop\Controllers\ProjectController::projectSelectAction()
[2026-06-14 21:56:17] [DEBUG] ProjectController::projectSelectAction() start...
[2026-06-14 21:56:17] [DEBUG] ProjectController::projectSelectAction() ☆★☆　SampleProject１
[2026-06-14 21:56:17] [DEBUG] Screen::updateAreaB() path: \Develop\Views\AreaB\Area_B.view start...
[2026-06-14 21:56:17] [DEBUG] Screen::getContents() start...
[2026-06-14 21:56:17] [DEBUG] Screen::getContents() finish.
[2026-06-14 21:56:17] [DEBUG] Screen::updateAreaB() finish.
[2026-06-14 21:56:17] [DEBUG] ProjectController::projectSelectAction() PRJ-D45FEF : PRJ-D45FEF
[2026-06-14 21:56:17] [DEBUG] ProjectController::getProjectListHtml() start...
[2026-06-14 21:56:17] [DEBUG] ProjectModel::getProjectList() start...
[2026-06-14 21:56:17] [DEBUG] ProjectModel::getProjectList() finish.
[2026-06-14 21:56:17] [DEBUG] CodeMasterModel：：getCodesByGroup() start...
[2026-06-14 21:56:17] [DEBUG] CodeMasterModel：：getCodesByGroup() finish.
[2026-06-14 21:56:17] [DEBUG] ProjectController::getNaviFooterHtml() start...
[2026-06-14 21:56:17] [DEBUG] ProjectController::getNaviFooterHtml() finish.
[2026-06-14 21:56:17] [DEBUG] Screen::updateAreaC() \Develop\Views\AreaC\Area_C.view start...
[2026-06-14 21:56:17] [DEBUG] Screen::getContents() start...
[2026-06-14 21:56:17] [DEBUG] Screen::getContents() finish.
[2026-06-14 21:56:17] [DEBUG] Screen::updateAreaC() finish.
[2026-06-14 21:56:17] [DEBUG] Screen::updateAreaD() path: \Develop\Views\AreaD\Area_D_clear.view start...
[2026-06-14 21:56:17] [DEBUG] Screen::getContents() start...
[2026-06-14 21:56:17] [DEBUG] Screen::getContents() finish.
[2026-06-14 21:56:17] [DEBUG] Screen::updateAreaD() finish.
[2026-06-14 21:56:17] [DEBUG] Screen::updateAreaE() [iframe起動版] path: \Develop\Views\AreaE\Area_E_clear.view start...
[2026-06-14 21:56:17] [DEBUG] Screen::getContents() start...
[2026-06-14 21:56:17] [DEBUG] Screen::getContents() finish.
[2026-06-14 21:56:17] [DEBUG] Screen::updateAreaE() finish.
[2026-06-14 21:56:17] [DEBUG] ProjectController::projectSelectAction() finish.
[2026-06-14 21:56:17] [DEBUG] Screen::areaView() start...
[2026-06-14 21:56:17] [DEBUG] Screen::areaView() finish.
[2026-06-14 21:56:18] [DEBUG] --- wwProject System Start ---
[2026-06-14 21:56:18] [DEBUG] Router::Router() /jemini/wwProjectV1.15/Develop/Console/ServerBridgeAction/
[2026-06-14 21:56:18] [DEBUG] Attempting to load: \Develop\Controllers\ConsoleController::ServerBridgeAction
[2026-06-14 21:56:18] [DEBUG] Router: Executing \Develop\Controllers\ConsoleController->ServerBridgeAction
[2026-06-14 21:56:18] [DEBUG] ConsoleController::ServerBridge() start...
[2026-06-14 21:56:18] [DEBUG] ConsoleController::ServerBridge() \Develop\Controllers\DBDefinitionController::initialAction()
[2026-06-14 21:56:18] [DEBUG] DBDefinitionController::initialAction() start...
[2026-06-14 21:56:18] [DEBUG] DBDefinitionController::initialAction() project_id : PRJ-D45FEF
[2026-06-14 21:56:18] [DEBUG] DBDefinitionModel::getTableList() start...
[2026-06-14 21:56:18] [DEBUG] DBDefinitionModel::getTableList() finish. 取得件数: 3
[2026-06-14 21:56:18] [DEBUG] Screen::updateAreaD() path: \Develop\Views\AreaD\DBDefinition\DBDefinitionList.view start...
[2026-06-14 21:56:18] [DEBUG] Screen::getContents() start...
[2026-06-14 21:56:18] [DEBUG] Screen::getContents() finish.
[2026-06-14 21:56:18] [DEBUG] Screen::updateAreaD() finish.
[2026-06-14 21:56:18] [DEBUG] Screen::updateAreaE() [iframe起動版] path: \Develop\Views\AreaE\Area_E_clear.view start...
[2026-06-14 21:56:18] [DEBUG] Screen::getContents() start...
[2026-06-14 21:56:18] [DEBUG] Screen::getContents() finish.
[2026-06-14 21:56:18] [DEBUG] Screen::updateAreaE() finish.
[2026-06-14 21:56:18] [DEBUG] DBDefinitionController::initialAction() end.
[2026-06-14 21:56:18] [DEBUG] Screen::areaView() start...
[2026-06-14 21:56:18] [DEBUG] Screen::areaView() finish.
[2026-06-14 21:56:19] [DEBUG] --- wwProject System Start ---
[2026-06-14 21:56:19] [DEBUG] Router::Router() /jemini/wwProjectV1.15/Develop/Console/ServerBridgeAction/
[2026-06-14 21:56:19] [DEBUG] Attempting to load: \Develop\Controllers\ConsoleController::ServerBridgeAction
[2026-06-14 21:56:19] [DEBUG] Router: Executing \Develop\Controllers\ConsoleController->ServerBridgeAction
[2026-06-14 21:56:19] [DEBUG] ConsoleController::ServerBridge() start...
[2026-06-14 21:56:19] [DEBUG] ConsoleController::ServerBridge() \Develop\Controllers\DBDefinitionController::editTableAction()
[2026-06-14 21:56:19] [DEBUG] DBDefinitionController::editTableAction() start...
[2026-06-14 21:56:19] [DEBUG] DBDefinitionModel::getTableInfo() start... [Table: developers]
[2026-06-14 21:56:19] [DEBUG] DBDefinitionModel::getSavedColumns() start... [TableID: 6]
[2026-06-14 21:56:19] [DEBUG] Screen::updateAreaE() [iframe起動版] path: \Develop\Views\AreaE\DBDefinition\RegistTable.view start...
[2026-06-14 21:56:19] [DEBUG] Screen::getContents() start...
[2026-06-14 21:56:19] [DEBUG] Screen::getContents() finish.
[2026-06-14 21:56:19] [DEBUG] Screen::updateAreaE() finish.
[2026-06-14 21:56:19] [DEBUG] DBDefinitionController::editTableAction() finish.
[2026-06-14 21:56:19] [DEBUG] Screen::areaView() start...
[2026-06-14 21:56:19] [DEBUG] Screen::areaView() finish.
[2026-06-14 21:56:23] [DEBUG] --- wwProject System Start ---
[2026-06-14 21:56:23] [DEBUG] Router::Router() /jemini/wwProjectV1.15/Develop/Console/ServerBridgeAction/
[2026-06-14 21:56:23] [DEBUG] Attempting to load: \Develop\Controllers\ConsoleController::ServerBridgeAction
[2026-06-14 21:56:23] [DEBUG] Router: Executing \Develop\Controllers\ConsoleController->ServerBridgeAction
[2026-06-14 21:56:23] [DEBUG] ConsoleController::ServerBridge() start...
[2026-06-14 21:56:23] [DEBUG] ConsoleController::ServerBridge() \Develop\Controllers\ProjectController::functionSelectAction()
[2026-06-14 21:56:23] [ERROR] ConsoleController::ServerBridge Fatal: App Method Not Found: \Develop\Controllers\ProjectController::functionSelectAction
[2026-06-14 21:56:26] [DEBUG] --- wwProject System Start ---
[2026-06-14 21:56:26] [DEBUG] Router::Router() /jemini/wwProjectV1.15/Develop/Console/ServerBridgeAction/
[2026-06-14 21:56:26] [DEBUG] Attempting to load: \Develop\Controllers\ConsoleController::ServerBridgeAction
[2026-06-14 21:56:26] [DEBUG] Router: Executing \Develop\Controllers\ConsoleController->ServerBridgeAction
[2026-06-14 21:56:26] [DEBUG] ConsoleController::ServerBridge() start...
[2026-06-14 21:56:26] [DEBUG] ConsoleController::ServerBridge() \Develop\Controllers\PartsDefinitionController::initialAction()
[2026-06-14 21:56:26] [DEBUG] PartsDefinitionController::initialAction() start...
[2026-06-14 21:56:26] [DEBUG] PartsDefinitionController::initialAction() projectId : PRJ-D45FEF
[2026-06-14 21:56:26] [DEBUG] PartsDefinitionModel::getAllPartsList() start... Project ID: PRJ-D45FEF
[2026-06-14 21:56:26] [DEBUG] PartsDefinitionModel::getAllPartsList() １
[2026-06-14 21:56:26] [DEBUG] PartsDefinitionModel::getAllPartsList() ２
[2026-06-14 21:56:26] [DEBUG] PartsDefinitionModel::getAllPartsList() ３
[2026-06-14 21:56:26] [DEBUG] PartsDefinitionModel::getAllPartsList() finish. 件数: 3
[2026-06-14 21:56:26] [DEBUG] Screen::updateAreaD() path: \Develop\Views\AreaD\PartsDefinition\PartsDefinitionList.view start...
[2026-06-14 21:56:26] [DEBUG] Screen::getContents() start...
[2026-06-14 21:56:26] [DEBUG] Screen::getContents() finish.
[2026-06-14 21:56:26] [DEBUG] Screen::updateAreaD() finish.
[2026-06-14 21:56:26] [DEBUG] Screen::updateAreaE() [iframe起動版] path: \Develop\Views\AreaE\Area_E_clear.view start...
[2026-06-14 21:56:26] [DEBUG] Screen::getContents() start...
[2026-06-14 21:56:26] [DEBUG] Screen::getContents() finish.
[2026-06-14 21:56:26] [DEBUG] Screen::updateAreaE() finish.
[2026-06-14 21:56:26] [DEBUG] PartsDefinitionController::initialAction() end.
[2026-06-14 21:56:26] [DEBUG] Screen::areaView() start...
[2026-06-14 21:56:26] [DEBUG] Screen::areaView() finish.
[2026-06-14 21:56:29] [DEBUG] --- wwProject System Start ---
[2026-06-14 21:56:29] [DEBUG] Router::Router() /jemini/wwProjectV1.15/Develop/Console/ServerBridgeAction/
[2026-06-14 21:56:29] [DEBUG] Attempting to load: \Develop\Controllers\ConsoleController::ServerBridgeAction
[2026-06-14 21:56:29] [DEBUG] Router: Executing \Develop\Controllers\ConsoleController->ServerBridgeAction
[2026-06-14 21:56:29] [DEBUG] ConsoleController::ServerBridge() start...
[2026-06-14 21:56:29] [DEBUG] ConsoleController::ServerBridge() \Develop\Controllers\PartsDefinitionController::editPartsAction()
[2026-06-14 21:56:29] [DEBUG] PartsDefinitionController::editParts() start...
[2026-06-14 21:56:29] [DEBUG] PartsDefinitionModel::getPartsById() start... Parts ID: 8 Project ID: PRJ-D45FEF
[2026-06-14 21:56:29] [DEBUG] PartsDefinitionModel::getPartsById() finish.
[2026-06-14 21:56:29] [DEBUG] PartsDefinitionModel::getPartsInfoByPartsId() start...
[2026-06-14 21:56:29] [DEBUG] PartsDefinitionModel::getPartsInfoByPartsId() finish.
[2026-06-14 21:56:29] [DEBUG] Screen::updateAreaE() [iframe起動版] path: \Develop\Views\AreaE\PartsDefinition\RegistParts.view start...
[2026-06-14 21:56:29] [DEBUG] Screen::getContents() start...
[2026-06-14 21:56:29] [DEBUG] Screen::getContents() finish.
[2026-06-14 21:56:29] [DEBUG] Screen::updateAreaE() finish.
[2026-06-14 21:56:29] [DEBUG] PartsDefinitionController::editParts() finish.
[2026-06-14 21:56:29] [DEBUG] Screen::areaView() start...
[2026-06-14 21:56:29] [DEBUG] Screen::areaView() finish.
[2026-06-14 21:56:33] [DEBUG] --- wwProject System Start ---
[2026-06-14 21:56:33] [DEBUG] Router::Router() /jemini/wwProjectV1.15/Develop/Console/ServerBridgeAction/
[2026-06-14 21:56:33] [DEBUG] Attempting to load: \Develop\Controllers\ConsoleController::ServerBridgeAction
[2026-06-14 21:56:33] [DEBUG] Router: Executing \Develop\Controllers\ConsoleController->ServerBridgeAction
[2026-06-14 21:56:33] [DEBUG] ConsoleController::ServerBridge() start...
[2026-06-14 21:56:33] [DEBUG] ConsoleController::ServerBridge() \Develop\Controllers\ProjectDefinitionController::initialAction()
[2026-06-14 21:56:33] [DEBUG] ProjectDefinitionController::initialAction() start...
[2026-06-14 21:56:33] [DEBUG] ProjectModel::getProjectList() start...
[2026-06-14 21:56:33] [DEBUG] ProjectModel::getProjectList() finish.
[2026-06-14 21:56:33] [DEBUG] Screen::updateAreaD() path: \Develop\Views\AreaD\ProjectDefinition\ProjectDefinitionList.view start...
[2026-06-14 21:56:33] [DEBUG] Screen::getContents() start...
[2026-06-14 21:56:33] [DEBUG] Screen::getContents() finish.
[2026-06-14 21:56:33] [DEBUG] Screen::updateAreaD() finish.
[2026-06-14 21:56:33] [DEBUG] ProjectDefinitionController::initialAction() finish.
[2026-06-14 21:56:33] [DEBUG] Screen::areaView() start...
[2026-06-14 21:56:33] [DEBUG] Screen::areaView() finish.
[2026-06-14 21:56:35] [DEBUG] --- wwProject System Start ---
[2026-06-14 21:56:35] [DEBUG] Router::Router() /jemini/wwProjectV1.15/Develop/Console/ServerBridgeAction/
[2026-06-14 21:56:35] [DEBUG] Attempting to load: \Develop\Controllers\ConsoleController::ServerBridgeAction
[2026-06-14 21:56:35] [DEBUG] Router: Executing \Develop\Controllers\ConsoleController->ServerBridgeAction
[2026-06-14 21:56:35] [DEBUG] ConsoleController::ServerBridge() start...
[2026-06-14 21:56:35] [DEBUG] ConsoleController::ServerBridge() \Develop\Controllers\ProjectController::projectSelectAction()
[2026-06-14 21:56:35] [DEBUG] ProjectController::projectSelectAction() start...
[2026-06-14 21:56:35] [DEBUG] ProjectController::projectSelectAction() ☆★☆　新規プロジェクト登録２２
[2026-06-14 21:56:35] [DEBUG] Screen::updateAreaB() path: \Develop\Views\AreaB\Area_B.view start...
[2026-06-14 21:56:35] [DEBUG] Screen::getContents() start...
[2026-06-14 21:56:35] [DEBUG] Screen::getContents() finish.
[2026-06-14 21:56:35] [DEBUG] Screen::updateAreaB() finish.
[2026-06-14 21:56:35] [DEBUG] ProjectController::projectSelectAction() PRJ-W613KU : PRJ-W613KU
[2026-06-14 21:56:35] [DEBUG] ProjectController::getProjectListHtml() start...
[2026-06-14 21:56:35] [DEBUG] ProjectModel::getProjectList() start...
[2026-06-14 21:56:35] [DEBUG] ProjectModel::getProjectList() finish.
[2026-06-14 21:56:35] [DEBUG] CodeMasterModel：：getCodesByGroup() start...
[2026-06-14 21:56:35] [DEBUG] CodeMasterModel：：getCodesByGroup() finish.
[2026-06-14 21:56:35] [DEBUG] ProjectController::getNaviFooterHtml() start...
[2026-06-14 21:56:35] [DEBUG] ProjectController::getNaviFooterHtml() finish.
[2026-06-14 21:56:35] [DEBUG] Screen::updateAreaC() \Develop\Views\AreaC\Area_C.view start...
[2026-06-14 21:56:35] [DEBUG] Screen::getContents() start...
[2026-06-14 21:56:35] [DEBUG] Screen::getContents() finish.
[2026-06-14 21:56:35] [DEBUG] Screen::updateAreaC() finish.
[2026-06-14 21:56:35] [DEBUG] Screen::updateAreaD() path: \Develop\Views\AreaD\Area_D_clear.view start...
[2026-06-14 21:56:35] [DEBUG] Screen::getContents() start...
[2026-06-14 21:56:35] [DEBUG] Screen::getContents() finish.
[2026-06-14 21:56:35] [DEBUG] Screen::updateAreaD() finish.
[2026-06-14 21:56:35] [DEBUG] Screen::updateAreaE() [iframe起動版] path: \Develop\Views\AreaE\Area_E_clear.view start...
[2026-06-14 21:56:35] [DEBUG] Screen::getContents() start...
[2026-06-14 21:56:35] [DEBUG] Screen::getContents() finish.
[2026-06-14 21:56:35] [DEBUG] Screen::updateAreaE() finish.
[2026-06-14 21:56:35] [DEBUG] ProjectController::projectSelectAction() finish.
[2026-06-14 21:56:35] [DEBUG] Screen::areaView() start...
[2026-06-14 21:56:35] [DEBUG] Screen::areaView() finish.
[2026-06-14 21:56:36] [DEBUG] --- wwProject System Start ---
[2026-06-14 21:56:36] [DEBUG] Router::Router() /jemini/wwProjectV1.15/Develop/Console/ServerBridgeAction/
[2026-06-14 21:56:36] [DEBUG] Attempting to load: \Develop\Controllers\ConsoleController::ServerBridgeAction
[2026-06-14 21:56:36] [DEBUG] Router: Executing \Develop\Controllers\ConsoleController->ServerBridgeAction
[2026-06-14 21:56:36] [DEBUG] ConsoleController::ServerBridge() start...
[2026-06-14 21:56:36] [DEBUG] ConsoleController::ServerBridge() \Develop\Controllers\ProjectDefinitionController::initialAction()
[2026-06-14 21:56:36] [DEBUG] ProjectDefinitionController::initialAction() start...
[2026-06-14 21:56:36] [DEBUG] ProjectModel::getProjectList() start...
[2026-06-14 21:56:36] [DEBUG] ProjectModel::getProjectList() finish.
[2026-06-14 21:56:36] [DEBUG] Screen::updateAreaD() path: \Develop\Views\AreaD\ProjectDefinition\ProjectDefinitionList.view start...
[2026-06-14 21:56:36] [DEBUG] Screen::getContents() start...
[2026-06-14 21:56:36] [DEBUG] Screen::getContents() finish.
[2026-06-14 21:56:36] [DEBUG] Screen::updateAreaD() finish.
[2026-06-14 21:56:36] [DEBUG] ProjectDefinitionController::initialAction() finish.
[2026-06-14 21:56:36] [DEBUG] Screen::areaView() start...
[2026-06-14 21:56:36] [DEBUG] Screen::areaView() finish.
[2026-06-14 22:03:09] [DEBUG] --- wwProject System Start ---
[2026-06-14 22:03:09] [DEBUG] Router::Router() /jemini/wwProjectV1.15/Develop/Console/ServerBridgeAction/
[2026-06-14 22:03:09] [DEBUG] Attempting to load: \Develop\Controllers\ConsoleController::ServerBridgeAction
[2026-06-14 22:03:09] [DEBUG] Router: Executing \Develop\Controllers\ConsoleController->ServerBridgeAction
[2026-06-14 22:03:09] [DEBUG] ConsoleController::ServerBridge() start...
[2026-06-14 22:03:09] [DEBUG] ConsoleController::ServerBridge() \Develop\Controllers\ProjectDefinitionController::projectDetailAction()
[2026-06-14 22:03:09] [DEBUG] ProjectDefinitionController::projectDetailAction() start...
[2026-06-14 22:03:09] [DEBUG] ProjectModel::getProjectById() start... ProjectID: PRJ-W613KU
[2026-06-14 22:03:09] [DEBUG] Screen::updateAreaE() [iframe起動版] path: \Develop\Views\AreaE\ProjectDefinition\ProjectDefinitionEdit.view start...
[2026-06-14 22:03:09] [DEBUG] Screen::getContents() start...
[2026-06-14 22:03:09] [DEBUG] Screen::getContents() finish.
[2026-06-14 22:03:09] [DEBUG] Screen::updateAreaE() finish.
[2026-06-14 22:03:09] [DEBUG] ProjectDefinitionController::projectDetailAction() finish.
[2026-06-14 22:03:09] [DEBUG] Screen::areaView() start...
[2026-06-14 22:03:09] [DEBUG] Screen::areaView() finish.
[2026-06-14 22:03:13] [DEBUG] --- wwProject System Start ---
[2026-06-14 22:03:13] [DEBUG] Router::Router() /jemini/wwProjectV1.15/Develop/Console/ServerBridgeAction/
[2026-06-14 22:03:13] [DEBUG] Attempting to load: \Develop\Controllers\ConsoleController::ServerBridgeAction
[2026-06-14 22:03:13] [DEBUG] Router: Executing \Develop\Controllers\ConsoleController->ServerBridgeAction
[2026-06-14 22:03:13] [DEBUG] ConsoleController::ServerBridge() start...
[2026-06-14 22:03:13] [DEBUG] ConsoleController::ServerBridge() \Develop\Controllers\DBDefinitionController::initialAction()
[2026-06-14 22:03:13] [DEBUG] DBDefinitionController::initialAction() start...
[2026-06-14 22:03:13] [DEBUG] DBDefinitionController::initialAction() project_id : PRJ-W613KU
[2026-06-14 22:03:13] [DEBUG] DBDefinitionModel::getTableList() start...
[2026-06-14 22:03:13] [DEBUG] DBDefinitionModel::getTableList() finish. 取得件数: 0
[2026-06-14 22:03:13] [DEBUG] Screen::updateAreaD() path: \Develop\Views\AreaD\DBDefinition\DBDefinitionList.view start...
[2026-06-14 22:03:13] [DEBUG] Screen::getContents() start...
[2026-06-14 22:03:13] [DEBUG] Screen::getContents() finish.
[2026-06-14 22:03:13] [DEBUG] Screen::updateAreaD() finish.
[2026-06-14 22:03:13] [DEBUG] Screen::updateAreaE() [iframe起動版] path: \Develop\Views\AreaE\Area_E_clear.view start...
[2026-06-14 22:03:13] [DEBUG] Screen::getContents() start...
[2026-06-14 22:03:13] [DEBUG] Screen::getContents() finish.
[2026-06-14 22:03:13] [DEBUG] Screen::updateAreaE() finish.
[2026-06-14 22:03:13] [DEBUG] DBDefinitionController::initialAction() end.
[2026-06-14 22:03:13] [DEBUG] Screen::areaView() start...
[2026-06-14 22:03:13] [DEBUG] Screen::areaView() finish.
[2026-06-14 22:03:18] [DEBUG] --- wwProject System Start ---
[2026-06-14 22:03:18] [DEBUG] Router::Router() /jemini/wwProjectV1.15/Develop/Console/ServerBridgeAction/
[2026-06-14 22:03:18] [DEBUG] Attempting to load: \Develop\Controllers\ConsoleController::ServerBridgeAction
[2026-06-14 22:03:18] [DEBUG] Router: Executing \Develop\Controllers\ConsoleController->ServerBridgeAction
[2026-06-14 22:03:18] [DEBUG] ConsoleController::ServerBridge() start...
[2026-06-14 22:03:18] [DEBUG] ConsoleController::ServerBridge() \Develop\Controllers\ProjectController::projectSelectAction()
[2026-06-14 22:03:18] [DEBUG] ProjectController::projectSelectAction() start...
[2026-06-14 22:03:18] [DEBUG] ProjectController::projectSelectAction() ☆★☆　SampleProject１
[2026-06-14 22:03:18] [DEBUG] Screen::updateAreaB() path: \Develop\Views\AreaB\Area_B.view start...
[2026-06-14 22:03:18] [DEBUG] Screen::getContents() start...
[2026-06-14 22:03:18] [DEBUG] Screen::getContents() finish.
[2026-06-14 22:03:18] [DEBUG] Screen::updateAreaB() finish.
[2026-06-14 22:03:18] [DEBUG] ProjectController::projectSelectAction() PRJ-D45FEF : PRJ-D45FEF
[2026-06-14 22:03:18] [DEBUG] ProjectController::getProjectListHtml() start...
[2026-06-14 22:03:18] [DEBUG] ProjectModel::getProjectList() start...
[2026-06-14 22:03:18] [DEBUG] ProjectModel::getProjectList() finish.
[2026-06-14 22:03:18] [DEBUG] CodeMasterModel：：getCodesByGroup() start...
[2026-06-14 22:03:18] [DEBUG] CodeMasterModel：：getCodesByGroup() finish.
[2026-06-14 22:03:18] [DEBUG] ProjectController::getNaviFooterHtml() start...
[2026-06-14 22:03:18] [DEBUG] ProjectController::getNaviFooterHtml() finish.
[2026-06-14 22:03:18] [DEBUG] Screen::updateAreaC() \Develop\Views\AreaC\Area_C.view start...
[2026-06-14 22:03:18] [DEBUG] Screen::getContents() start...
[2026-06-14 22:03:18] [DEBUG] Screen::getContents() finish.
[2026-06-14 22:03:18] [DEBUG] Screen::updateAreaC() finish.
[2026-06-14 22:03:18] [DEBUG] Screen::updateAreaD() path: \Develop\Views\AreaD\Area_D_clear.view start...
[2026-06-14 22:03:18] [DEBUG] Screen::getContents() start...
[2026-06-14 22:03:18] [DEBUG] Screen::getContents() finish.
[2026-06-14 22:03:18] [DEBUG] Screen::updateAreaD() finish.
[2026-06-14 22:03:18] [DEBUG] Screen::updateAreaE() [iframe起動版] path: \Develop\Views\AreaE\Area_E_clear.view start...
[2026-06-14 22:03:18] [DEBUG] Screen::getContents() start...
[2026-06-14 22:03:18] [DEBUG] Screen::getContents() finish.
[2026-06-14 22:03:18] [DEBUG] Screen::updateAreaE() finish.
[2026-06-14 22:03:18] [DEBUG] ProjectController::projectSelectAction() finish.
[2026-06-14 22:03:18] [DEBUG] Screen::areaView() start...
[2026-06-14 22:03:18] [DEBUG] Screen::areaView() finish.
[2026-06-14 22:03:20] [DEBUG] --- wwProject System Start ---
[2026-06-14 22:03:20] [DEBUG] Router::Router() /jemini/wwProjectV1.15/Develop/Console/ServerBridgeAction/
[2026-06-14 22:03:20] [DEBUG] Attempting to load: \Develop\Controllers\ConsoleController::ServerBridgeAction
[2026-06-14 22:03:20] [DEBUG] Router: Executing \Develop\Controllers\ConsoleController->ServerBridgeAction
[2026-06-14 22:03:20] [DEBUG] ConsoleController::ServerBridge() start...
[2026-06-14 22:03:20] [DEBUG] ConsoleController::ServerBridge() \Develop\Controllers\DBDefinitionController::initialAction()
[2026-06-14 22:03:20] [DEBUG] DBDefinitionController::initialAction() start...
[2026-06-14 22:03:20] [DEBUG] DBDefinitionController::initialAction() project_id : PRJ-D45FEF
[2026-06-14 22:03:20] [DEBUG] DBDefinitionModel::getTableList() start...
[2026-06-14 22:03:20] [DEBUG] DBDefinitionModel::getTableList() finish. 取得件数: 3
[2026-06-14 22:03:20] [DEBUG] Screen::updateAreaD() path: \Develop\Views\AreaD\DBDefinition\DBDefinitionList.view start...
[2026-06-14 22:03:20] [DEBUG] Screen::getContents() start...
[2026-06-14 22:03:20] [DEBUG] Screen::getContents() finish.
[2026-06-14 22:03:20] [DEBUG] Screen::updateAreaD() finish.
[2026-06-14 22:03:20] [DEBUG] Screen::updateAreaE() [iframe起動版] path: \Develop\Views\AreaE\Area_E_clear.view start...
[2026-06-14 22:03:20] [DEBUG] Screen::getContents() start...
[2026-06-14 22:03:20] [DEBUG] Screen::getContents() finish.
[2026-06-14 22:03:20] [DEBUG] Screen::updateAreaE() finish.
[2026-06-14 22:03:20] [DEBUG] DBDefinitionController::initialAction() end.
[2026-06-14 22:03:20] [DEBUG] Screen::areaView() start...
[2026-06-14 22:03:20] [DEBUG] Screen::areaView() finish.
[2026-06-14 22:03:23] [DEBUG] --- wwProject System Start ---
[2026-06-14 22:03:23] [DEBUG] Router::Router() /jemini/wwProjectV1.15/Develop/Console/ServerBridgeAction/
[2026-06-14 22:03:23] [DEBUG] Attempting to load: \Develop\Controllers\ConsoleController::ServerBridgeAction
[2026-06-14 22:03:23] [DEBUG] Router: Executing \Develop\Controllers\ConsoleController->ServerBridgeAction
[2026-06-14 22:03:23] [DEBUG] ConsoleController::ServerBridge() start...
[2026-06-14 22:03:23] [DEBUG] ConsoleController::ServerBridge() \Develop\Controllers\DBDefinitionController::editTableAction()
[2026-06-14 22:03:23] [DEBUG] DBDefinitionController::editTableAction() start...
[2026-06-14 22:03:23] [DEBUG] DBDefinitionModel::getTableInfo() start... [Table: developers]
[2026-06-14 22:03:23] [DEBUG] DBDefinitionModel::getSavedColumns() start... [TableID: 6]
[2026-06-14 22:03:23] [DEBUG] Screen::updateAreaE() [iframe起動版] path: \Develop\Views\AreaE\DBDefinition\RegistTable.view start...
[2026-06-14 22:03:23] [DEBUG] Screen::getContents() start...
[2026-06-14 22:03:23] [DEBUG] Screen::getContents() finish.
[2026-06-14 22:03:23] [DEBUG] Screen::updateAreaE() finish.
[2026-06-14 22:03:23] [DEBUG] DBDefinitionController::editTableAction() finish.
[2026-06-14 22:03:23] [DEBUG] Screen::areaView() start...
[2026-06-14 22:03:23] [DEBUG] Screen::areaView() finish.
[2026-06-14 22:03:28] [DEBUG] --- wwProject System Start ---
[2026-06-14 22:03:28] [DEBUG] Router::Router() /jemini/wwProjectV1.15/Develop/Console/ServerBridgeAction/
[2026-06-14 22:03:28] [DEBUG] Attempting to load: \Develop\Controllers\ConsoleController::ServerBridgeAction
[2026-06-14 22:03:28] [DEBUG] Router: Executing \Develop\Controllers\ConsoleController->ServerBridgeAction
[2026-06-14 22:03:28] [DEBUG] ConsoleController::ServerBridge() start...
[2026-06-14 22:03:28] [DEBUG] ConsoleController::ServerBridge() \Develop\Controllers\DBDefinitionController::importTableAction()
[2026-06-14 22:03:28] [DEBUG] DBDefinitionController::importTableAction() start...
[2026-06-14 22:03:28] [DEBUG] DBDefinitionModel::getTableStructure() start... [Table: developers]
[2026-06-14 22:03:28] [INFO ] DBDefinitionModel::getTableStructure() 1
[2026-06-14 22:03:28] [INFO ] DBDefinitionModel::getTableStructure() 2
[2026-06-14 22:03:28] [ERROR] ConsoleController::ServerBridge Fatal: Call to a member function query() on null
[2026-06-14 22:03:31] [DEBUG] --- wwProject System Start ---
[2026-06-14 22:03:31] [DEBUG] Router::Router() /jemini/wwProjectV1.15/Develop/Console/ServerBridgeAction/
[2026-06-14 22:03:31] [DEBUG] Attempting to load: \Develop\Controllers\ConsoleController::ServerBridgeAction
[2026-06-14 22:03:31] [DEBUG] Router: Executing \Develop\Controllers\ConsoleController->ServerBridgeAction
[2026-06-14 22:03:31] [DEBUG] ConsoleController::ServerBridge() start...
[2026-06-14 22:03:31] [DEBUG] ConsoleController::ServerBridge() \Develop\Controllers\DBDefinitionController::importTableAction()
[2026-06-14 22:03:31] [DEBUG] DBDefinitionController::importTableAction() start...
[2026-06-14 22:03:31] [DEBUG] DBDefinitionModel::getTableStructure() start... [Table: developers]
[2026-06-14 22:03:31] [INFO ] DBDefinitionModel::getTableStructure() 1
[2026-06-14 22:03:31] [INFO ] DBDefinitionModel::getTableStructure() 2
[2026-06-14 22:03:31] [ERROR] ConsoleController::ServerBridge Fatal: Call to a member function query() on null
[2026-06-14 22:16:37] [DEBUG] --- wwProject System Start ---
[2026-06-14 22:16:37] [DEBUG] Router::Router() /jemini/wwProjectV1.15/Develop/Console/ServerBridgeAction/
[2026-06-14 22:16:37] [DEBUG] Attempting to load: \Develop\Controllers\ConsoleController::ServerBridgeAction
[2026-06-14 22:16:37] [DEBUG] Router: Executing \Develop\Controllers\ConsoleController->ServerBridgeAction
[2026-06-14 22:16:37] [DEBUG] ConsoleController::ServerBridge() start...
[2026-06-14 22:16:37] [DEBUG] ConsoleController::ServerBridge() \Develop\Controllers\DBDefinitionController::modifyRowsAction()
[2026-06-14 22:16:37] [DEBUG] DBDefinitionController::modifyRowsAction() start...
[2026-06-14 22:16:37] [DEBUG] Screen::updateAreaE() [iframe起動版] path: \Develop\Views\AreaE\DBDefinition\RegistTable.view start...
[2026-06-14 22:16:37] [DEBUG] Screen::getContents() start...
[2026-06-14 22:16:37] [DEBUG] Screen::getContents() finish.
[2026-06-14 22:16:37] [DEBUG] Screen::updateAreaE() finish.
[2026-06-14 22:16:37] [DEBUG] Screen::areaView() start...
[2026-06-14 22:16:37] [DEBUG] Screen::areaView() finish.
[2026-06-14 22:16:40] [DEBUG] --- wwProject System Start ---
[2026-06-14 22:16:40] [DEBUG] Router::Router() /jemini/wwProjectV1.15/Develop/Console/ServerBridgeAction/
[2026-06-14 22:16:40] [DEBUG] Attempting to load: \Develop\Controllers\ConsoleController::ServerBridgeAction
[2026-06-14 22:16:40] [DEBUG] Router: Executing \Develop\Controllers\ConsoleController->ServerBridgeAction
[2026-06-14 22:16:40] [DEBUG] ConsoleController::ServerBridge() start...
[2026-06-14 22:16:40] [DEBUG] ConsoleController::ServerBridge() \Develop\Controllers\DBDefinitionController::modifyRowsAction()
[2026-06-14 22:16:40] [DEBUG] DBDefinitionController::modifyRowsAction() start...
[2026-06-14 22:16:40] [DEBUG] Screen::updateAreaE() [iframe起動版] path: \Develop\Views\AreaE\DBDefinition\RegistTable.view start...
[2026-06-14 22:16:40] [DEBUG] Screen::getContents() start...
[2026-06-14 22:16:40] [DEBUG] Screen::getContents() finish.
[2026-06-14 22:16:40] [DEBUG] Screen::updateAreaE() finish.
[2026-06-14 22:16:40] [DEBUG] Screen::areaView() start...
[2026-06-14 22:16:40] [DEBUG] Screen::areaView() finish.
[2026-06-14 22:22:51] [DEBUG] --- wwProject System Start ---
[2026-06-14 22:22:52] [DEBUG] Router::Router() /jemini/wwProjectV1.15/Develop/Console/ServerBridgeAction/
[2026-06-14 22:22:52] [DEBUG] Attempting to load: \Develop\Controllers\ConsoleController::ServerBridgeAction
[2026-06-14 22:22:52] [DEBUG] Router: Executing \Develop\Controllers\ConsoleController->ServerBridgeAction
[2026-06-14 22:22:52] [DEBUG] ConsoleController::ServerBridge() start...
[2026-06-14 22:22:52] [DEBUG] ConsoleController::ServerBridge() \Develop\Controllers\DBDefinitionController::editTableAction()
[2026-06-14 22:22:52] [DEBUG] DBDefinitionController::editTableAction() start...
[2026-06-14 22:22:52] [DEBUG] DBDefinitionModel::getTableInfo() start... [Table: developers３]
[2026-06-14 22:22:52] [DEBUG] DBDefinitionModel::getSavedColumns() start... [TableID: 9]
[2026-06-14 22:22:52] [DEBUG] Screen::updateAreaE() [iframe起動版] path: \Develop\Views\AreaE\DBDefinition\RegistTable.view start...
[2026-06-14 22:22:52] [DEBUG] Screen::getContents() start...
[2026-06-14 22:22:52] [DEBUG] Screen::getContents() finish.
[2026-06-14 22:22:52] [DEBUG] Screen::updateAreaE() finish.
[2026-06-14 22:22:52] [DEBUG] DBDefinitionController::editTableAction() finish.
[2026-06-14 22:22:52] [DEBUG] Screen::areaView() start...
[2026-06-14 22:22:52] [DEBUG] Screen::areaView() finish.
[2026-06-14 22:48:13] [DEBUG] --- wwProject System Start ---
[2026-06-14 22:48:13] [DEBUG] Router::Router() /jemini/wwProjectV1.15/Develop/Console/initial/
[2026-06-14 22:48:13] [DEBUG] Attempting to load: \Develop\Controllers\ConsoleController::initialAction
[2026-06-14 22:48:13] [DEBUG] Router: Executing \Develop\Controllers\ConsoleController->initialAction
[2026-06-14 22:48:13] [DEBUG] Console::initialAction() start...
[2026-06-14 22:48:13] [DEBUG] Screen::view() path: \Develop\Views\Console\Console.view start...
[2026-06-14 22:48:13] [DEBUG] Screen::getContents() start...
[2026-06-14 22:48:13] [DEBUG] Screen::getContents() finish.
[2026-06-14 22:48:13] [DEBUG] Screen::view() path: \Develop\Views\Console\Console.view finish.
[2026-06-14 22:48:13] [DEBUG] ConsoleController::initialAction() finish.
