[2026-07-25 00:11:15] [DEBUG] --- wwProject System Start ---
[2026-07-25 00:11:15] [DEBUG] Router::Router() /jemini/wwProjectV1.53/Develop/Console/ServerBridgeAction/
[2026-07-25 00:11:15] [DEBUG] Attempting to load: \Develop\Controllers\ConsoleController::ServerBridgeAction
[2026-07-25 00:11:15] [DEBUG] Router: Executing \Develop\Controllers\ConsoleController->ServerBridgeAction
[2026-07-25 00:11:15] [DEBUG] ConsoleController::ServerBridge() start...
[2026-07-25 00:11:15] [DEBUG] ConsoleController::ServerBridge() \Develop\Controllers\PartsDefinitionController::editPartsAction()
[2026-07-25 00:11:15] [DEBUG] PartsDefinitionController::editPartsAction() start...
[2026-07-25 00:11:15] [DEBUG] PartsDefinitionModel::getAllPartsList() start... Project ID: PRJ-D45FEF
[2026-07-25 00:11:15] [DEBUG] PartsDefinitionModel::getColumnsByTableId() start... Input: newDevelopers
[2026-07-25 00:11:15] [DEBUG] 逆引き成功: 物理名 newDevelopers -> table_id : 12
[2026-07-25 00:11:15] [DEBUG] PartsDefinitionModel::getColumnsByTableId() finish. 件数: 9
[2026-07-25 00:11:15] [DEBUG] PartsDefinitionModel::getTableStructure() start... Project ID: PRJ-D45FEF
[2026-07-25 00:11:15] [DEBUG] Screen::updateAreaE() [iframe起動版] path: \Develop\Views\AreaE\PartsDefinition\RegistParts.view start...
[2026-07-25 00:11:15] [DEBUG] Screen::getContents() start...
[2026-07-25 00:11:15] [DEBUG] Screen::getContents() finish.
[2026-07-25 00:11:15] [DEBUG] Screen::updateAreaE() finish.
[2026-07-25 00:11:15] [DEBUG] PartsDefinitionController::editPartsAction() end.
[2026-07-25 00:11:15] [DEBUG] Screen::areaView() start...
[2026-07-25 00:11:15] [DEBUG] Screen::areaView() finish.
[2026-07-25 00:11:19] [DEBUG] --- wwProject System Start ---
[2026-07-25 00:11:19] [DEBUG] Router::Router() /jemini/wwProjectV1.53/Develop/Console/ServerBridgeAction/
[2026-07-25 00:11:19] [DEBUG] Attempting to load: \Develop\Controllers\ConsoleController::ServerBridgeAction
[2026-07-25 00:11:19] [DEBUG] Router: Executing \Develop\Controllers\ConsoleController->ServerBridgeAction
[2026-07-25 00:11:19] [DEBUG] ConsoleController::ServerBridge() start...
[2026-07-25 00:11:19] [DEBUG] ConsoleController::ServerBridge() \Develop\Controllers\PartsDefinitionController::changeTypeAction()
[2026-07-25 00:11:19] [ERROR] ConsoleController::ServerBridge Fatal: App Method Not Found: \Develop\Controllers\PartsDefinitionController::changeTypeAction
[2026-07-25 00:11:23] [DEBUG] --- wwProject System Start ---
[2026-07-25 00:11:23] [DEBUG] Router::Router() /jemini/wwProjectV1.53/Develop/Console/ServerBridgeAction/
[2026-07-25 00:11:23] [DEBUG] Attempting to load: \Develop\Controllers\ConsoleController::ServerBridgeAction
[2026-07-25 00:11:23] [DEBUG] Router: Executing \Develop\Controllers\ConsoleController->ServerBridgeAction
[2026-07-25 00:11:23] [DEBUG] ConsoleController::ServerBridge() start...
[2026-07-25 00:11:23] [DEBUG] ConsoleController::ServerBridge() \Develop\Controllers\PartsDefinitionController::changeTypeAction()
[2026-07-25 00:11:23] [ERROR] ConsoleController::ServerBridge Fatal: App Method Not Found: \Develop\Controllers\PartsDefinitionController::changeTypeAction
[2026-07-25 00:11:27] [DEBUG] --- wwProject System Start ---
[2026-07-25 00:11:27] [DEBUG] Router::Router() /jemini/wwProjectV1.53/Develop/Console/ServerBridgeAction/
[2026-07-25 00:11:27] [DEBUG] Attempting to load: \Develop\Controllers\ConsoleController::ServerBridgeAction
[2026-07-25 00:11:27] [DEBUG] Router: Executing \Develop\Controllers\ConsoleController->ServerBridgeAction
[2026-07-25 00:11:27] [DEBUG] ConsoleController::ServerBridge() start...
[2026-07-25 00:11:27] [DEBUG] ConsoleController::ServerBridge() \Develop\Controllers\PartsDefinitionController::editPartsAction()
[2026-07-25 00:11:27] [DEBUG] PartsDefinitionController::editPartsAction() start...
[2026-07-25 00:11:27] [DEBUG] PartsDefinitionModel::getAllPartsList() start... Project ID: PRJ-D45FEF
[2026-07-25 00:11:27] [DEBUG] PartsDefinitionModel::getTableStructure() start... Project ID: PRJ-D45FEF
[2026-07-25 00:11:27] [DEBUG] Screen::updateAreaE() [iframe起動版] path: \Develop\Views\AreaE\PartsDefinition\RegistParts.view start...
[2026-07-25 00:11:27] [DEBUG] Screen::getContents() start...
[2026-07-25 00:11:27] [DEBUG] Screen::getContents() finish.
[2026-07-25 00:11:27] [DEBUG] Screen::updateAreaE() finish.
[2026-07-25 00:11:27] [DEBUG] PartsDefinitionController::editPartsAction() end.
[2026-07-25 00:11:27] [DEBUG] Screen::areaView() start...
[2026-07-25 00:11:27] [DEBUG] Screen::areaView() finish.
[2026-07-25 00:11:28] [DEBUG] --- wwProject System Start ---
[2026-07-25 00:11:28] [DEBUG] Router::Router() /jemini/wwProjectV1.53/Develop/Console/ServerBridgeAction/
[2026-07-25 00:11:28] [DEBUG] Attempting to load: \Develop\Controllers\ConsoleController::ServerBridgeAction
[2026-07-25 00:11:28] [DEBUG] Router: Executing \Develop\Controllers\ConsoleController->ServerBridgeAction
[2026-07-25 00:11:28] [DEBUG] ConsoleController::ServerBridge() start...
[2026-07-25 00:11:28] [DEBUG] ConsoleController::ServerBridge() \Develop\Controllers\PartsDefinitionController::newPartsAction()
[2026-07-25 00:11:28] [DEBUG] PartsDefinitionController::newPartsAction() start...
[2026-07-25 00:11:28] [DEBUG] PartsDefinitionModel::getTableStructure() start... Project ID: PRJ-D45FEF
[2026-07-25 00:11:28] [DEBUG] Screen::updateAreaE() [iframe起動版] path: \Develop\Views\AreaE\PartsDefinition\RegistParts.view start...
[2026-07-25 00:11:28] [DEBUG] Screen::getContents() start...
[2026-07-25 00:11:28] [DEBUG] Screen::getContents() finish.
[2026-07-25 00:11:28] [DEBUG] Screen::updateAreaE() finish.
[2026-07-25 00:11:28] [DEBUG] PartsDefinitionController::newPartsAction() end.
[2026-07-25 00:11:28] [DEBUG] Screen::areaView() start...
[2026-07-25 00:11:28] [DEBUG] Screen::areaView() finish.
[2026-07-25 00:11:31] [DEBUG] --- wwProject System Start ---
[2026-07-25 00:11:31] [DEBUG] Router::Router() /jemini/wwProjectV1.53/Develop/Console/ServerBridgeAction/
[2026-07-25 00:11:31] [DEBUG] Attempting to load: \Develop\Controllers\ConsoleController::ServerBridgeAction
[2026-07-25 00:11:31] [DEBUG] Router: Executing \Develop\Controllers\ConsoleController->ServerBridgeAction
[2026-07-25 00:11:31] [DEBUG] ConsoleController::ServerBridge() start...
[2026-07-25 00:11:31] [DEBUG] ConsoleController::ServerBridge() \Develop\Controllers\PartsDefinitionController::changeTypeAction()
[2026-07-25 00:11:31] [ERROR] ConsoleController::ServerBridge Fatal: App Method Not Found: \Develop\Controllers\PartsDefinitionController::changeTypeAction
[2026-07-25 00:11:38] [DEBUG] --- wwProject System Start ---
[2026-07-25 00:11:38] [DEBUG] Router::Router() /jemini/wwProjectV1.53/Develop/Console/ServerBridgeAction/
[2026-07-25 00:11:38] [DEBUG] Attempting to load: \Develop\Controllers\ConsoleController::ServerBridgeAction
[2026-07-25 00:11:38] [DEBUG] Router: Executing \Develop\Controllers\ConsoleController->ServerBridgeAction
[2026-07-25 00:11:38] [DEBUG] ConsoleController::ServerBridge() start...
[2026-07-25 00:11:38] [DEBUG] ConsoleController::ServerBridge() \Develop\Controllers\PartsDefinitionController::getColumnsAction()
[2026-07-25 00:11:38] [DEBUG] PartsDefinitionController::getColumnsAction() start...
[2026-07-25 00:11:38] [DEBUG] PartsDefinitionModel::getColumnsByTableId() start... Input: applicantmaster
[2026-07-25 00:11:38] [DEBUG] 逆引き成功: 物理名 applicantmaster -> table_id : 13
[2026-07-25 00:11:38] [DEBUG] PartsDefinitionModel::getColumnsByTableId() finish. 件数: 19
[2026-07-25 00:11:38] [DEBUG] PartsDefinitionModel::getTableStructure() start... Project ID: PRJ-D45FEF
[2026-07-25 00:11:38] [DEBUG] Screen::updateAreaE() [iframe起動版] path: \Develop\Views\AreaE\PartsDefinition\RegistParts.view start...
[2026-07-25 00:11:38] [DEBUG] Screen::getContents() start...
[2026-07-25 00:11:38] [DEBUG] Screen::getContents() finish.
[2026-07-25 00:11:38] [DEBUG] Screen::updateAreaE() finish.
[2026-07-25 00:11:38] [DEBUG] PartsDefinitionController::getColumnsAction() end.
[2026-07-25 00:11:38] [DEBUG] Screen::areaView() start...
[2026-07-25 00:11:38] [DEBUG] Screen::areaView() finish.
[2026-07-25 00:11:46] [DEBUG] --- wwProject System Start ---
[2026-07-25 00:11:46] [DEBUG] Router::Router() /jemini/wwProjectV1.53/Develop/Console/ServerBridgeAction/
[2026-07-25 00:11:46] [DEBUG] Attempting to load: \Develop\Controllers\ConsoleController::ServerBridgeAction
[2026-07-25 00:11:46] [DEBUG] Router: Executing \Develop\Controllers\ConsoleController->ServerBridgeAction
[2026-07-25 00:11:46] [DEBUG] ConsoleController::ServerBridge() start...
[2026-07-25 00:11:46] [DEBUG] ConsoleController::ServerBridge() \Develop\Controllers\PartsDefinitionController::changeTypeAction()
[2026-07-25 00:11:46] [ERROR] ConsoleController::ServerBridge Fatal: App Method Not Found: \Develop\Controllers\PartsDefinitionController::changeTypeAction
[2026-07-25 00:12:26] [DEBUG] --- wwProject System Start ---
[2026-07-25 00:12:26] [DEBUG] Router::Router() /jemini/wwProjectV1.53/Develop/Console/ServerBridgeAction/
[2026-07-25 00:12:26] [DEBUG] Attempting to load: \Develop\Controllers\ConsoleController::ServerBridgeAction
[2026-07-25 00:12:26] [DEBUG] Router: Executing \Develop\Controllers\ConsoleController->ServerBridgeAction
[2026-07-25 00:12:26] [DEBUG] ConsoleController::ServerBridge() start...
[2026-07-25 00:12:26] [DEBUG] ConsoleController::ServerBridge() \Develop\Controllers\PartsDefinitionController::changeTypeAction()
[2026-07-25 00:12:26] [ERROR] ConsoleController::ServerBridge Fatal: App Method Not Found: \Develop\Controllers\PartsDefinitionController::changeTypeAction
[2026-07-25 00:15:03] [DEBUG] --- wwProject System Start ---
[2026-07-25 00:15:03] [DEBUG] Router::Router() /jemini/wwProjectV1.53/Develop/Console/ServerBridgeAction/
[2026-07-25 00:15:03] [DEBUG] Attempting to load: \Develop\Controllers\ConsoleController::ServerBridgeAction
[2026-07-25 00:15:03] [DEBUG] Router: Executing \Develop\Controllers\ConsoleController->ServerBridgeAction
[2026-07-25 00:15:03] [DEBUG] ConsoleController::ServerBridge() start...
[2026-07-25 00:15:03] [DEBUG] ConsoleController::ServerBridge() \Develop\Controllers\PartsDefinitionController::changeTypeAction()
[2026-07-25 00:15:03] [ERROR] ConsoleController::ServerBridge Fatal: App Method Not Found: \Develop\Controllers\PartsDefinitionController::changeTypeAction
[2026-07-25 00:15:14] [DEBUG] --- wwProject System Start ---
[2026-07-25 00:15:14] [DEBUG] Router::Router() /jemini/wwProjectV1.53/Develop/Console/ServerBridgeAction/
[2026-07-25 00:15:14] [DEBUG] Attempting to load: \Develop\Controllers\ConsoleController::ServerBridgeAction
[2026-07-25 00:15:14] [DEBUG] Router: Executing \Develop\Controllers\ConsoleController->ServerBridgeAction
[2026-07-25 00:15:14] [DEBUG] ConsoleController::ServerBridge() start...
[2026-07-25 00:15:14] [DEBUG] ConsoleController::ServerBridge() \Develop\Controllers\PartsDefinitionController::changeTypeAction()
[2026-07-25 00:15:14] [ERROR] ConsoleController::ServerBridge Fatal: App Method Not Found: \Develop\Controllers\PartsDefinitionController::changeTypeAction
[2026-07-25 00:15:18] [DEBUG] --- wwProject System Start ---
[2026-07-25 00:15:18] [DEBUG] Router::Router() /jemini/wwProjectV1.53/Develop/Console/ServerBridgeAction/
[2026-07-25 00:15:18] [DEBUG] Attempting to load: \Develop\Controllers\ConsoleController::ServerBridgeAction
[2026-07-25 00:15:18] [DEBUG] Router: Executing \Develop\Controllers\ConsoleController->ServerBridgeAction
[2026-07-25 00:15:18] [DEBUG] ConsoleController::ServerBridge() start...
[2026-07-25 00:15:18] [DEBUG] ConsoleController::ServerBridge() \Develop\Controllers\PartsDefinitionController::changeTypeAction()
[2026-07-25 00:15:18] [ERROR] ConsoleController::ServerBridge Fatal: App Method Not Found: \Develop\Controllers\PartsDefinitionController::changeTypeAction
[2026-07-25 00:42:29] [DEBUG] --- wwProject System Start ---
[2026-07-25 00:42:29] [DEBUG] Router::Router() /jemini/wwProjectV1.53/Develop/Console/initial/
[2026-07-25 00:42:29] [DEBUG] Attempting to load: \Develop\Controllers\ConsoleController::initialAction
[2026-07-25 00:42:29] [DEBUG] Router: Executing \Develop\Controllers\ConsoleController->initialAction
[2026-07-25 00:42:29] [DEBUG] Console::initialAction() start...
[2026-07-25 00:42:30] [DEBUG] Screen::view() path: \Develop\Views\Console\Console.view start...
[2026-07-25 00:42:30] [DEBUG] Screen::getContents() start...
[2026-07-25 00:42:30] [DEBUG] Screen::getContents() finish.
[2026-07-25 00:42:30] [DEBUG] Screen::view() path: \Develop\Views\Console\Console.view finish.
[2026-07-25 00:42:30] [DEBUG] ConsoleController::initialAction() finish.
[2026-07-25 00:42:30] [DEBUG] --- wwProject System Start ---
[2026-07-25 00:42:30] [DEBUG] Router::Router() /jemini/wwProjectV1.53/Develop/Console/ServerBridgeAction/
[2026-07-25 00:42:30] [DEBUG] Attempting to load: \Develop\Controllers\ConsoleController::ServerBridgeAction
[2026-07-25 00:42:30] [DEBUG] Router: Executing \Develop\Controllers\ConsoleController->ServerBridgeAction
[2026-07-25 00:42:30] [DEBUG] ConsoleController::ServerBridge() start...
[2026-07-25 00:42:30] [DEBUG] ConsoleController::ServerBridge() \Develop\Controllers\ConsoleController::areaInitialAction()
[2026-07-25 00:42:30] [DEBUG] ConsoleController::AreaInitialAction() start...
[2026-07-25 00:42:30] [DEBUG] Screen::updateAreaA() path: \Develop\Views\AreaA\Area_A.view start...
[2026-07-25 00:42:30] [DEBUG] Screen::areaView() sending JSON: ["areas"]
[2026-07-25 00:42:30] [DEBUG] Screen::getContents() start...
[2026-07-25 00:42:30] [DEBUG] Screen::getContents() finish.
[2026-07-25 00:42:30] [DEBUG] Screen::updateAreaA() finish.
[2026-07-25 00:42:30] [DEBUG] Screen::updateAreaB() path: \Develop\Views\AreaB\Area_B.view start...
[2026-07-25 00:42:30] [DEBUG] Screen::getContents() start...
[2026-07-25 00:42:30] [DEBUG] Screen::getContents() finish.
[2026-07-25 00:42:30] [DEBUG] Screen::updateAreaB() finish.
[2026-07-25 00:42:30] [DEBUG] Screen::updateAreaD() path: \Develop\Views\AreaD\Area_D_clear.view start...
[2026-07-25 00:42:30] [DEBUG] Screen::getContents() start...
[2026-07-25 00:42:30] [DEBUG] Screen::getContents() finish.
[2026-07-25 00:42:30] [DEBUG] Screen::updateAreaD() finish.
[2026-07-25 00:42:30] [DEBUG] Screen::updateAreaE() [iframe起動版] path: \Develop\Views\AreaE\Area_E_clear.view start...
[2026-07-25 00:42:30] [DEBUG] Screen::getContents() start...
[2026-07-25 00:42:30] [DEBUG] Screen::getContents() finish.
[2026-07-25 00:42:30] [DEBUG] Screen::updateAreaE() finish.
[2026-07-25 00:42:30] [DEBUG] Screen::updateAreaF() path: \Develop\Views\AreaF\Area_F.view start...
[2026-07-25 00:42:30] [DEBUG] Screen::getContents() start...
[2026-07-25 00:42:30] [DEBUG] Screen::getContents() finish.
[2026-07-25 00:42:30] [DEBUG] Screen::updateAreaF() finish.
[2026-07-25 00:42:30] [DEBUG] ProjectController::startProjectNabi() start...
[2026-07-25 00:42:30] [DEBUG] ProjectController::getProjectListHtml() start...
[2026-07-25 00:42:30] [DEBUG] ProjectModel::getProjectList() start...
[2026-07-25 00:42:30] [DEBUG] ProjectModel::getProjectList() finish.
[2026-07-25 00:42:30] [DEBUG] CodeMasterModel：：getCodesByGroup() start...
[2026-07-25 00:42:30] [DEBUG] CodeMasterModel：：getCodesByGroup() finish.
[2026-07-25 00:42:30] [DEBUG] ProjectController::getNaviFooterHtml() start...
[2026-07-25 00:42:30] [DEBUG] ProjectController::getNaviFooterHtml() finish.
[2026-07-25 00:42:30] [DEBUG] ProjectController::startProjectNabi() finish.
[2026-07-25 00:42:30] [DEBUG] Screen::updateAreaC() \Develop\Views\AreaC\Area_C.view start...
[2026-07-25 00:42:30] [DEBUG] Screen::getContents() start...
[2026-07-25 00:42:30] [DEBUG] Screen::getContents() finish.
[2026-07-25 00:42:30] [DEBUG] Screen::updateAreaC() finish.
[2026-07-25 00:42:30] [DEBUG] ConsoleController::AreaInitialAction() finish.
[2026-07-25 00:42:30] [DEBUG] Screen::areaView() start...
[2026-07-25 00:42:30] [DEBUG] Screen::areaView() finish.
[2026-07-25 00:42:32] [DEBUG] --- wwProject System Start ---
[2026-07-25 00:42:32] [DEBUG] Router::Router() /jemini/wwProjectV1.53/Develop/Console/ServerBridgeAction/
[2026-07-25 00:42:32] [DEBUG] Attempting to load: \Develop\Controllers\ConsoleController::ServerBridgeAction
[2026-07-25 00:42:32] [DEBUG] Router: Executing \Develop\Controllers\ConsoleController->ServerBridgeAction
[2026-07-25 00:42:32] [DEBUG] ConsoleController::ServerBridge() start...
[2026-07-25 00:42:32] [DEBUG] ConsoleController::ServerBridge() \Develop\Controllers\PartsDefinitionController::InitialAction()
[2026-07-25 00:42:32] [DEBUG] DBDefinitionController::initialAction() start...
[2026-07-25 00:42:32] [DEBUG] PartsDefinitionController::initialAction() projectId : PRJ-D45FEF
[2026-07-25 00:42:32] [DEBUG] PartsDefinitionModel::getAllPartsList() start... Project ID: PRJ-D45FEF
[2026-07-25 00:42:32] [DEBUG] Screen::updateAreaD() path: \Develop\Views\AreaD\PartsDefinition\PartsDefinitionList.view start...
[2026-07-25 00:42:32] [DEBUG] Screen::getContents() start...
[2026-07-25 00:42:32] [DEBUG] Screen::getContents() finish.
[2026-07-25 00:42:32] [DEBUG] Screen::updateAreaD() finish.
[2026-07-25 00:42:32] [DEBUG] Screen::updateAreaE() [iframe起動版] path: \Develop\Views\AreaE\Area_E_clear.view start...
[2026-07-25 00:42:32] [DEBUG] Screen::getContents() start...
[2026-07-25 00:42:32] [DEBUG] Screen::getContents() finish.
[2026-07-25 00:42:32] [DEBUG] Screen::updateAreaE() finish.
[2026-07-25 00:42:32] [DEBUG] DBDefinitionController::initialAction() end.
[2026-07-25 00:42:32] [DEBUG] Screen::areaView() start...
[2026-07-25 00:42:32] [DEBUG] Screen::areaView() finish.
[2026-07-25 00:42:38] [DEBUG] --- wwProject System Start ---
[2026-07-25 00:42:38] [DEBUG] Router::Router() /jemini/wwProjectV1.53/Develop/Console/ServerBridgeAction/
[2026-07-25 00:42:38] [DEBUG] Attempting to load: \Develop\Controllers\ConsoleController::ServerBridgeAction
[2026-07-25 00:42:38] [DEBUG] Router: Executing \Develop\Controllers\ConsoleController->ServerBridgeAction
[2026-07-25 00:42:38] [DEBUG] ConsoleController::ServerBridge() start...
[2026-07-25 00:42:38] [DEBUG] ConsoleController::ServerBridge() \Develop\Controllers\PartsDefinitionController::editPartsAction()
[2026-07-25 00:42:38] [DEBUG] PartsDefinitionController::editPartsAction() start...
[2026-07-25 00:42:38] [DEBUG] PartsDefinitionModel::getAllPartsList() start... Project ID: PRJ-D45FEF
[2026-07-25 00:42:38] [DEBUG] PartsDefinitionModel::getColumnsByTableId() start... Input: developers
[2026-07-25 00:42:38] [DEBUG] 逆引き成功: 物理名 developers -> table_id : 14
[2026-07-25 00:42:38] [DEBUG] PartsDefinitionModel::getColumnsByTableId() finish. 件数: 9
[2026-07-25 00:42:38] [DEBUG] PartsDefinitionModel::getTableStructure() start... Project ID: PRJ-D45FEF
[2026-07-25 00:42:38] [DEBUG] Screen::updateAreaE() [iframe起動版] path: \Develop\Views\AreaE\PartsDefinition\RegistParts.view start...
[2026-07-25 00:42:38] [DEBUG] Screen::getContents() start...
[2026-07-25 00:42:38] [DEBUG] Screen::getContents() finish.
[2026-07-25 00:42:38] [DEBUG] Screen::updateAreaE() finish.
[2026-07-25 00:42:38] [DEBUG] PartsDefinitionController::editPartsAction() end.
[2026-07-25 00:42:38] [DEBUG] Screen::areaView() start...
[2026-07-25 00:42:38] [DEBUG] Screen::areaView() finish.
[2026-07-25 00:43:04] [DEBUG] --- wwProject System Start ---
[2026-07-25 00:43:04] [DEBUG] Router::Router() /jemini/wwProjectV1.53/Develop/Console/ServerBridgeAction/
[2026-07-25 00:43:04] [DEBUG] Attempting to load: \Develop\Controllers\ConsoleController::ServerBridgeAction
[2026-07-25 00:43:04] [DEBUG] Router: Executing \Develop\Controllers\ConsoleController->ServerBridgeAction
[2026-07-25 00:43:04] [DEBUG] ConsoleController::ServerBridge() start...
[2026-07-25 00:43:04] [DEBUG] ConsoleController::ServerBridge() \Develop\Controllers\PartsDefinitionController::newPartsAction()
[2026-07-25 00:43:04] [DEBUG] PartsDefinitionController::newPartsAction() start...
[2026-07-25 00:43:04] [DEBUG] PartsDefinitionModel::getTableStructure() start... Project ID: PRJ-D45FEF
[2026-07-25 00:43:04] [DEBUG] Screen::updateAreaE() [iframe起動版] path: \Develop\Views\AreaE\PartsDefinition\RegistParts.view start...
[2026-07-25 00:43:04] [DEBUG] Screen::getContents() start...
[2026-07-25 00:43:04] [DEBUG] Screen::getContents() finish.
[2026-07-25 00:43:04] [DEBUG] Screen::updateAreaE() finish.
[2026-07-25 00:43:04] [DEBUG] PartsDefinitionController::newPartsAction() end.
[2026-07-25 00:43:04] [DEBUG] Screen::areaView() start...
[2026-07-25 00:43:04] [DEBUG] Screen::areaView() finish.
[2026-07-25 00:43:11] [DEBUG] --- wwProject System Start ---
[2026-07-25 00:43:11] [DEBUG] Router::Router() /jemini/wwProjectV1.53/Develop/Console/ServerBridgeAction/
[2026-07-25 00:43:11] [DEBUG] Attempting to load: \Develop\Controllers\ConsoleController::ServerBridgeAction
[2026-07-25 00:43:11] [DEBUG] Router: Executing \Develop\Controllers\ConsoleController->ServerBridgeAction
[2026-07-25 00:43:11] [DEBUG] ConsoleController::ServerBridge() start...
[2026-07-25 00:43:11] [DEBUG] ConsoleController::ServerBridge() \Develop\Controllers\PartsDefinitionController::changeTypeAction()
[2026-07-25 00:43:11] [ERROR] ConsoleController::ServerBridge Fatal: App Method Not Found: \Develop\Controllers\PartsDefinitionController::changeTypeAction
[2026-07-25 00:43:16] [DEBUG] --- wwProject System Start ---
[2026-07-25 00:43:16] [DEBUG] Router::Router() /jemini/wwProjectV1.53/Develop/Console/ServerBridgeAction/
[2026-07-25 00:43:16] [DEBUG] Attempting to load: \Develop\Controllers\ConsoleController::ServerBridgeAction
[2026-07-25 00:43:16] [DEBUG] Router: Executing \Develop\Controllers\ConsoleController->ServerBridgeAction
[2026-07-25 00:43:16] [DEBUG] ConsoleController::ServerBridge() start...
[2026-07-25 00:43:16] [DEBUG] ConsoleController::ServerBridge() \Develop\Controllers\PartsDefinitionController::getColumnsAction()
[2026-07-25 00:43:16] [DEBUG] PartsDefinitionController::getColumnsAction() start...
[2026-07-25 00:43:16] [DEBUG] PartsDefinitionModel::getColumnsByTableId() start... Input: applicantmaster
[2026-07-25 00:43:16] [DEBUG] 逆引き成功: 物理名 applicantmaster -> table_id : 13
[2026-07-25 00:43:16] [DEBUG] PartsDefinitionModel::getColumnsByTableId() finish. 件数: 19
[2026-07-25 00:43:16] [DEBUG] PartsDefinitionModel::getTableStructure() start... Project ID: PRJ-D45FEF
[2026-07-25 00:43:16] [DEBUG] Screen::updateAreaE() [iframe起動版] path: \Develop\Views\AreaE\PartsDefinition\RegistParts.view start...
[2026-07-25 00:43:16] [DEBUG] Screen::getContents() start...
[2026-07-25 00:43:16] [DEBUG] Screen::getContents() finish.
[2026-07-25 00:43:16] [DEBUG] Screen::updateAreaE() finish.
[2026-07-25 00:43:16] [DEBUG] PartsDefinitionController::getColumnsAction() end.
[2026-07-25 00:43:16] [DEBUG] Screen::areaView() start...
[2026-07-25 00:43:16] [DEBUG] Screen::areaView() finish.
[2026-07-25 00:43:20] [DEBUG] --- wwProject System Start ---
[2026-07-25 00:43:20] [DEBUG] Router::Router() /jemini/wwProjectV1.53/Develop/Console/ServerBridgeAction/
[2026-07-25 00:43:20] [DEBUG] Attempting to load: \Develop\Controllers\ConsoleController::ServerBridgeAction
[2026-07-25 00:43:20] [DEBUG] Router: Executing \Develop\Controllers\ConsoleController->ServerBridgeAction
[2026-07-25 00:43:20] [DEBUG] ConsoleController::ServerBridge() start...
[2026-07-25 00:43:20] [DEBUG] ConsoleController::ServerBridge() \Develop\Controllers\PartsDefinitionController::changeTypeAction()
[2026-07-25 00:43:20] [ERROR] ConsoleController::ServerBridge Fatal: App Method Not Found: \Develop\Controllers\PartsDefinitionController::changeTypeAction
[2026-07-25 00:43:47] [DEBUG] --- wwProject System Start ---
[2026-07-25 00:43:47] [DEBUG] Router::Router() /jemini/wwProjectV1.53/Develop/Console/ServerBridgeAction/
[2026-07-25 00:43:47] [DEBUG] Attempting to load: \Develop\Controllers\ConsoleController::ServerBridgeAction
[2026-07-25 00:43:47] [DEBUG] Router: Executing \Develop\Controllers\ConsoleController->ServerBridgeAction
[2026-07-25 00:43:47] [DEBUG] ConsoleController::ServerBridge() start...
[2026-07-25 00:43:47] [DEBUG] ConsoleController::ServerBridge() \Develop\Controllers\PartsDefinitionController::newPartsAction()
[2026-07-25 00:43:47] [DEBUG] PartsDefinitionController::newPartsAction() start...
[2026-07-25 00:43:47] [DEBUG] PartsDefinitionModel::getTableStructure() start... Project ID: PRJ-D45FEF
[2026-07-25 00:43:47] [DEBUG] Screen::updateAreaE() [iframe起動版] path: \Develop\Views\AreaE\PartsDefinition\RegistParts.view start...
[2026-07-25 00:43:47] [DEBUG] Screen::getContents() start...
[2026-07-25 00:43:47] [DEBUG] Screen::getContents() finish.
[2026-07-25 00:43:47] [DEBUG] Screen::updateAreaE() finish.
[2026-07-25 00:43:47] [DEBUG] PartsDefinitionController::newPartsAction() end.
[2026-07-25 00:43:47] [DEBUG] Screen::areaView() start...
[2026-07-25 00:43:47] [DEBUG] Screen::areaView() finish.
[2026-07-25 00:43:49] [DEBUG] --- wwProject System Start ---
[2026-07-25 00:43:49] [DEBUG] Router::Router() /jemini/wwProjectV1.53/Develop/Console/initial/
[2026-07-25 00:43:49] [DEBUG] Attempting to load: \Develop\Controllers\ConsoleController::initialAction
[2026-07-25 00:43:49] [DEBUG] Router: Executing \Develop\Controllers\ConsoleController->initialAction
[2026-07-25 00:43:49] [DEBUG] Console::initialAction() start...
[2026-07-25 00:43:49] [DEBUG] Screen::view() path: \Develop\Views\Console\Console.view start...
[2026-07-25 00:43:49] [DEBUG] Screen::getContents() start...
[2026-07-25 00:43:49] [DEBUG] Screen::getContents() finish.
[2026-07-25 00:43:49] [DEBUG] Screen::view() path: \Develop\Views\Console\Console.view finish.
[2026-07-25 00:43:49] [DEBUG] ConsoleController::initialAction() finish.
[2026-07-25 00:43:49] [DEBUG] --- wwProject System Start ---
[2026-07-25 00:43:49] [DEBUG] Router::Router() /jemini/wwProjectV1.53/Develop/Console/ServerBridgeAction/
[2026-07-25 00:43:49] [DEBUG] Attempting to load: \Develop\Controllers\ConsoleController::ServerBridgeAction
[2026-07-25 00:43:49] [DEBUG] Router: Executing \Develop\Controllers\ConsoleController->ServerBridgeAction
[2026-07-25 00:43:49] [DEBUG] ConsoleController::ServerBridge() start...
[2026-07-25 00:43:49] [DEBUG] ConsoleController::ServerBridge() \Develop\Controllers\ConsoleController::areaInitialAction()
[2026-07-25 00:43:49] [DEBUG] ConsoleController::AreaInitialAction() start...
[2026-07-25 00:43:49] [DEBUG] Screen::updateAreaA() path: \Develop\Views\AreaA\Area_A.view start...
[2026-07-25 00:43:49] [DEBUG] Screen::areaView() sending JSON: ["areas"]
[2026-07-25 00:43:49] [DEBUG] Screen::getContents() start...
[2026-07-25 00:43:49] [DEBUG] Screen::getContents() finish.
[2026-07-25 00:43:49] [DEBUG] Screen::updateAreaA() finish.
[2026-07-25 00:43:49] [DEBUG] Screen::updateAreaB() path: \Develop\Views\AreaB\Area_B.view start...
[2026-07-25 00:43:49] [DEBUG] Screen::getContents() start...
[2026-07-25 00:43:49] [DEBUG] Screen::getContents() finish.
[2026-07-25 00:43:49] [DEBUG] Screen::updateAreaB() finish.
[2026-07-25 00:43:49] [DEBUG] Screen::updateAreaD() path: \Develop\Views\AreaD\Area_D_clear.view start...
[2026-07-25 00:43:49] [DEBUG] Screen::getContents() start...
[2026-07-25 00:43:49] [DEBUG] Screen::getContents() finish.
[2026-07-25 00:43:49] [DEBUG] Screen::updateAreaD() finish.
[2026-07-25 00:43:49] [DEBUG] Screen::updateAreaE() [iframe起動版] path: \Develop\Views\AreaE\Area_E_clear.view start...
[2026-07-25 00:43:49] [DEBUG] Screen::getContents() start...
[2026-07-25 00:43:49] [DEBUG] Screen::getContents() finish.
[2026-07-25 00:43:49] [DEBUG] Screen::updateAreaE() finish.
[2026-07-25 00:43:49] [DEBUG] Screen::updateAreaF() path: \Develop\Views\AreaF\Area_F.view start...
[2026-07-25 00:43:49] [DEBUG] Screen::getContents() start...
[2026-07-25 00:43:49] [DEBUG] Screen::getContents() finish.
[2026-07-25 00:43:49] [DEBUG] Screen::updateAreaF() finish.
[2026-07-25 00:43:49] [DEBUG] ProjectController::startProjectNabi() start...
[2026-07-25 00:43:49] [DEBUG] ProjectController::getProjectListHtml() start...
[2026-07-25 00:43:49] [DEBUG] ProjectModel::getProjectList() start...
[2026-07-25 00:43:49] [DEBUG] ProjectModel::getProjectList() finish.
[2026-07-25 00:43:49] [DEBUG] CodeMasterModel：：getCodesByGroup() start...
[2026-07-25 00:43:49] [DEBUG] CodeMasterModel：：getCodesByGroup() finish.
[2026-07-25 00:43:49] [DEBUG] ProjectController::getNaviFooterHtml() start...
[2026-07-25 00:43:49] [DEBUG] ProjectController::getNaviFooterHtml() finish.
[2026-07-25 00:43:49] [DEBUG] ProjectController::startProjectNabi() finish.
[2026-07-25 00:43:49] [DEBUG] Screen::updateAreaC() \Develop\Views\AreaC\Area_C.view start...
[2026-07-25 00:43:49] [DEBUG] Screen::getContents() start...
[2026-07-25 00:43:49] [DEBUG] Screen::getContents() finish.
[2026-07-25 00:43:49] [DEBUG] Screen::updateAreaC() finish.
[2026-07-25 00:43:49] [DEBUG] ConsoleController::AreaInitialAction() finish.
[2026-07-25 00:43:49] [DEBUG] Screen::areaView() start...
[2026-07-25 00:43:49] [DEBUG] Screen::areaView() finish.
[2026-07-25 00:43:51] [DEBUG] --- wwProject System Start ---
[2026-07-25 00:43:51] [DEBUG] Router::Router() /jemini/wwProjectV1.53/Develop/Console/ServerBridgeAction/
[2026-07-25 00:43:51] [DEBUG] Attempting to load: \Develop\Controllers\ConsoleController::ServerBridgeAction
[2026-07-25 00:43:51] [DEBUG] Router: Executing \Develop\Controllers\ConsoleController->ServerBridgeAction
[2026-07-25 00:43:51] [DEBUG] ConsoleController::ServerBridge() start...
[2026-07-25 00:43:51] [DEBUG] ConsoleController::ServerBridge() \Develop\Controllers\PartsDefinitionController::InitialAction()
[2026-07-25 00:43:51] [DEBUG] DBDefinitionController::initialAction() start...
[2026-07-25 00:43:51] [DEBUG] PartsDefinitionController::initialAction() projectId : PRJ-D45FEF
[2026-07-25 00:43:51] [DEBUG] PartsDefinitionModel::getAllPartsList() start... Project ID: PRJ-D45FEF
[2026-07-25 00:43:51] [DEBUG] Screen::updateAreaD() path: \Develop\Views\AreaD\PartsDefinition\PartsDefinitionList.view start...
[2026-07-25 00:43:51] [DEBUG] Screen::getContents() start...
[2026-07-25 00:43:51] [DEBUG] Screen::getContents() finish.
[2026-07-25 00:43:51] [DEBUG] Screen::updateAreaD() finish.
[2026-07-25 00:43:51] [DEBUG] Screen::updateAreaE() [iframe起動版] path: \Develop\Views\AreaE\Area_E_clear.view start...
[2026-07-25 00:43:51] [DEBUG] Screen::getContents() start...
[2026-07-25 00:43:51] [DEBUG] Screen::getContents() finish.
[2026-07-25 00:43:51] [DEBUG] Screen::updateAreaE() finish.
[2026-07-25 00:43:51] [DEBUG] DBDefinitionController::initialAction() end.
[2026-07-25 00:43:51] [DEBUG] Screen::areaView() start...
[2026-07-25 00:43:51] [DEBUG] Screen::areaView() finish.
[2026-07-25 00:43:53] [DEBUG] --- wwProject System Start ---
[2026-07-25 00:43:54] [DEBUG] Router::Router() /jemini/wwProjectV1.53/Develop/Console/ServerBridgeAction/
[2026-07-25 00:43:54] [DEBUG] Attempting to load: \Develop\Controllers\ConsoleController::ServerBridgeAction
[2026-07-25 00:43:54] [DEBUG] Router: Executing \Develop\Controllers\ConsoleController->ServerBridgeAction
[2026-07-25 00:43:54] [DEBUG] ConsoleController::ServerBridge() start...
[2026-07-25 00:43:54] [DEBUG] ConsoleController::ServerBridge() \Develop\Controllers\PartsDefinitionController::editPartsAction()
[2026-07-25 00:43:54] [DEBUG] PartsDefinitionController::editPartsAction() start...
[2026-07-25 00:43:54] [DEBUG] PartsDefinitionModel::getAllPartsList() start... Project ID: PRJ-D45FEF
[2026-07-25 00:43:54] [DEBUG] PartsDefinitionModel::getColumnsByTableId() start... Input: developers
[2026-07-25 00:43:54] [DEBUG] 逆引き成功: 物理名 developers -> table_id : 14
[2026-07-25 00:43:54] [DEBUG] PartsDefinitionModel::getColumnsByTableId() finish. 件数: 9
[2026-07-25 00:43:54] [DEBUG] PartsDefinitionModel::getTableStructure() start... Project ID: PRJ-D45FEF
[2026-07-25 00:43:54] [DEBUG] Screen::updateAreaE() [iframe起動版] path: \Develop\Views\AreaE\PartsDefinition\RegistParts.view start...
[2026-07-25 00:43:54] [DEBUG] Screen::getContents() start...
[2026-07-25 00:43:54] [DEBUG] Screen::getContents() finish.
[2026-07-25 00:43:54] [DEBUG] Screen::updateAreaE() finish.
[2026-07-25 00:43:54] [DEBUG] PartsDefinitionController::editPartsAction() end.
[2026-07-25 00:43:54] [DEBUG] Screen::areaView() start...
[2026-07-25 00:43:54] [DEBUG] Screen::areaView() finish.
[2026-07-25 00:43:58] [DEBUG] --- wwProject System Start ---
[2026-07-25 00:43:58] [DEBUG] Router::Router() /jemini/wwProjectV1.53/Develop/Console/initial/
[2026-07-25 00:43:58] [DEBUG] Attempting to load: \Develop\Controllers\ConsoleController::initialAction
[2026-07-25 00:43:58] [DEBUG] Router: Executing \Develop\Controllers\ConsoleController->initialAction
[2026-07-25 00:43:58] [DEBUG] Console::initialAction() start...
[2026-07-25 00:43:58] [DEBUG] Screen::view() path: \Develop\Views\Console\Console.view start...
[2026-07-25 00:43:58] [DEBUG] Screen::getContents() start...
[2026-07-25 00:43:58] [DEBUG] Screen::getContents() finish.
[2026-07-25 00:43:58] [DEBUG] Screen::view() path: \Develop\Views\Console\Console.view finish.
[2026-07-25 00:43:58] [DEBUG] ConsoleController::initialAction() finish.
[2026-07-25 00:43:58] [DEBUG] --- wwProject System Start ---
[2026-07-25 00:43:58] [DEBUG] Router::Router() /jemini/wwProjectV1.53/Develop/Console/ServerBridgeAction/
[2026-07-25 00:43:58] [DEBUG] Attempting to load: \Develop\Controllers\ConsoleController::ServerBridgeAction
[2026-07-25 00:43:58] [DEBUG] Router: Executing \Develop\Controllers\ConsoleController->ServerBridgeAction
[2026-07-25 00:43:58] [DEBUG] ConsoleController::ServerBridge() start...
[2026-07-25 00:43:58] [DEBUG] ConsoleController::ServerBridge() \Develop\Controllers\ConsoleController::areaInitialAction()
[2026-07-25 00:43:58] [DEBUG] ConsoleController::AreaInitialAction() start...
[2026-07-25 00:43:58] [DEBUG] Screen::updateAreaA() path: \Develop\Views\AreaA\Area_A.view start...
[2026-07-25 00:43:58] [DEBUG] Screen::areaView() sending JSON: ["areas"]
[2026-07-25 00:43:58] [DEBUG] Screen::getContents() start...
[2026-07-25 00:43:58] [DEBUG] Screen::getContents() finish.
[2026-07-25 00:43:58] [DEBUG] Screen::updateAreaA() finish.
[2026-07-25 00:43:58] [DEBUG] Screen::updateAreaB() path: \Develop\Views\AreaB\Area_B.view start...
[2026-07-25 00:43:58] [DEBUG] Screen::getContents() start...
[2026-07-25 00:43:58] [DEBUG] Screen::getContents() finish.
[2026-07-25 00:43:58] [DEBUG] Screen::updateAreaB() finish.
[2026-07-25 00:43:58] [DEBUG] Screen::updateAreaD() path: \Develop\Views\AreaD\Area_D_clear.view start...
[2026-07-25 00:43:58] [DEBUG] Screen::getContents() start...
[2026-07-25 00:43:58] [DEBUG] Screen::getContents() finish.
[2026-07-25 00:43:58] [DEBUG] Screen::updateAreaD() finish.
[2026-07-25 00:43:58] [DEBUG] Screen::updateAreaE() [iframe起動版] path: \Develop\Views\AreaE\Area_E_clear.view start...
[2026-07-25 00:43:58] [DEBUG] Screen::getContents() start...
[2026-07-25 00:43:58] [DEBUG] Screen::getContents() finish.
[2026-07-25 00:43:58] [DEBUG] Screen::updateAreaE() finish.
[2026-07-25 00:43:58] [DEBUG] Screen::updateAreaF() path: \Develop\Views\AreaF\Area_F.view start...
[2026-07-25 00:43:58] [DEBUG] Screen::getContents() start...
[2026-07-25 00:43:58] [DEBUG] Screen::getContents() finish.
[2026-07-25 00:43:58] [DEBUG] Screen::updateAreaF() finish.
[2026-07-25 00:43:58] [DEBUG] ProjectController::startProjectNabi() start...
[2026-07-25 00:43:58] [DEBUG] ProjectController::getProjectListHtml() start...
[2026-07-25 00:43:58] [DEBUG] ProjectModel::getProjectList() start...
[2026-07-25 00:43:58] [DEBUG] ProjectModel::getProjectList() finish.
[2026-07-25 00:43:58] [DEBUG] CodeMasterModel：：getCodesByGroup() start...
[2026-07-25 00:43:59] [DEBUG] CodeMasterModel：：getCodesByGroup() finish.
[2026-07-25 00:43:59] [DEBUG] ProjectController::getNaviFooterHtml() start...
[2026-07-25 00:43:59] [DEBUG] ProjectController::getNaviFooterHtml() finish.
[2026-07-25 00:43:59] [DEBUG] ProjectController::startProjectNabi() finish.
[2026-07-25 00:43:59] [DEBUG] Screen::updateAreaC() \Develop\Views\AreaC\Area_C.view start...
[2026-07-25 00:43:59] [DEBUG] Screen::getContents() start...
[2026-07-25 00:43:59] [DEBUG] Screen::getContents() finish.
[2026-07-25 00:43:59] [DEBUG] Screen::updateAreaC() finish.
[2026-07-25 00:43:59] [DEBUG] ConsoleController::AreaInitialAction() finish.
[2026-07-25 00:43:59] [DEBUG] Screen::areaView() start...
[2026-07-25 00:43:59] [DEBUG] Screen::areaView() finish.
[2026-07-25 00:44:00] [DEBUG] --- wwProject System Start ---
[2026-07-25 00:44:00] [DEBUG] Router::Router() /jemini/wwProjectV1.53/Develop/Console/ServerBridgeAction/
[2026-07-25 00:44:00] [DEBUG] Attempting to load: \Develop\Controllers\ConsoleController::ServerBridgeAction
[2026-07-25 00:44:00] [DEBUG] Router: Executing \Develop\Controllers\ConsoleController->ServerBridgeAction
[2026-07-25 00:44:00] [DEBUG] ConsoleController::ServerBridge() start...
[2026-07-25 00:44:00] [DEBUG] ConsoleController::ServerBridge() \Develop\Controllers\PartsDefinitionController::InitialAction()
[2026-07-25 00:44:00] [DEBUG] DBDefinitionController::initialAction() start...
[2026-07-25 00:44:00] [DEBUG] PartsDefinitionController::initialAction() projectId : PRJ-D45FEF
[2026-07-25 00:44:00] [DEBUG] PartsDefinitionModel::getAllPartsList() start... Project ID: PRJ-D45FEF
[2026-07-25 00:44:00] [DEBUG] Screen::updateAreaD() path: \Develop\Views\AreaD\PartsDefinition\PartsDefinitionList.view start...
[2026-07-25 00:44:00] [DEBUG] Screen::getContents() start...
[2026-07-25 00:44:00] [DEBUG] Screen::getContents() finish.
[2026-07-25 00:44:00] [DEBUG] Screen::updateAreaD() finish.
[2026-07-25 00:44:00] [DEBUG] Screen::updateAreaE() [iframe起動版] path: \Develop\Views\AreaE\Area_E_clear.view start...
[2026-07-25 00:44:00] [DEBUG] Screen::getContents() start...
[2026-07-25 00:44:00] [DEBUG] Screen::getContents() finish.
[2026-07-25 00:44:00] [DEBUG] Screen::updateAreaE() finish.
[2026-07-25 00:44:00] [DEBUG] DBDefinitionController::initialAction() end.
[2026-07-25 00:44:00] [DEBUG] Screen::areaView() start...
[2026-07-25 00:44:00] [DEBUG] Screen::areaView() finish.
[2026-07-25 00:44:01] [DEBUG] --- wwProject System Start ---
[2026-07-25 00:44:01] [DEBUG] Router::Router() /jemini/wwProjectV1.53/Develop/Console/ServerBridgeAction/
[2026-07-25 00:44:01] [DEBUG] Attempting to load: \Develop\Controllers\ConsoleController::ServerBridgeAction
[2026-07-25 00:44:01] [DEBUG] Router: Executing \Develop\Controllers\ConsoleController->ServerBridgeAction
[2026-07-25 00:44:01] [DEBUG] ConsoleController::ServerBridge() start...
[2026-07-25 00:44:01] [DEBUG] ConsoleController::ServerBridge() \Develop\Controllers\PartsDefinitionController::newPartsAction()
[2026-07-25 00:44:01] [DEBUG] PartsDefinitionController::newPartsAction() start...
[2026-07-25 00:44:01] [DEBUG] PartsDefinitionModel::getTableStructure() start... Project ID: PRJ-D45FEF
[2026-07-25 00:44:01] [DEBUG] Screen::updateAreaE() [iframe起動版] path: \Develop\Views\AreaE\PartsDefinition\RegistParts.view start...
[2026-07-25 00:44:01] [DEBUG] Screen::getContents() start...
[2026-07-25 00:44:01] [DEBUG] Screen::getContents() finish.
[2026-07-25 00:44:01] [DEBUG] Screen::updateAreaE() finish.
[2026-07-25 00:44:01] [DEBUG] PartsDefinitionController::newPartsAction() end.
[2026-07-25 00:44:01] [DEBUG] Screen::areaView() start...
[2026-07-25 00:44:01] [DEBUG] Screen::areaView() finish.
[2026-07-25 00:44:07] [DEBUG] --- wwProject System Start ---
[2026-07-25 00:44:07] [DEBUG] Router::Router() /jemini/wwProjectV1.53/Develop/Console/ServerBridgeAction/
[2026-07-25 00:44:07] [DEBUG] Attempting to load: \Develop\Controllers\ConsoleController::ServerBridgeAction
[2026-07-25 00:44:07] [DEBUG] Router: Executing \Develop\Controllers\ConsoleController->ServerBridgeAction
[2026-07-25 00:44:07] [DEBUG] ConsoleController::ServerBridge() start...
[2026-07-25 00:44:07] [DEBUG] ConsoleController::ServerBridge() \Develop\Controllers\PartsDefinitionController::changeTypeAction()
[2026-07-25 00:44:07] [ERROR] ConsoleController::ServerBridge Fatal: App Method Not Found: \Develop\Controllers\PartsDefinitionController::changeTypeAction
[2026-07-25 00:53:28] [DEBUG] --- wwProject System Start ---
[2026-07-25 00:53:28] [DEBUG] Router::Router() /jemini/wwProjectV1.53/Develop/Console/ServerBridgeAction/
[2026-07-25 00:53:28] [DEBUG] Attempting to load: \Develop\Controllers\ConsoleController::ServerBridgeAction
[2026-07-25 00:53:28] [DEBUG] Router: Executing \Develop\Controllers\ConsoleController->ServerBridgeAction
[2026-07-25 00:53:28] [DEBUG] ConsoleController::ServerBridge() start...
[2026-07-25 00:53:28] [DEBUG] ConsoleController::ServerBridge() \Develop\Controllers\PartsDefinitionController::newPartsAction()
[2026-07-25 00:53:28] [DEBUG] PartsDefinitionController::newPartsAction() start...
[2026-07-25 00:53:28] [DEBUG] PartsDefinitionModel::getTableStructure() start... Project ID: PRJ-D45FEF
[2026-07-25 00:53:28] [DEBUG] Screen::updateAreaE() [iframe起動版] path: \Develop\Views\AreaE\PartsDefinition\RegistParts.view start...
[2026-07-25 00:53:28] [DEBUG] Screen::getContents() start...
[2026-07-25 00:53:28] [DEBUG] Screen::getContents() finish.
[2026-07-25 00:53:28] [DEBUG] Screen::updateAreaE() finish.
[2026-07-25 00:53:28] [DEBUG] PartsDefinitionController::newPartsAction() end.
[2026-07-25 00:53:28] [DEBUG] Screen::areaView() start...
[2026-07-25 00:53:28] [DEBUG] Screen::areaView() finish.
[2026-07-25 00:53:31] [DEBUG] --- wwProject System Start ---
[2026-07-25 00:53:31] [DEBUG] Router::Router() /jemini/wwProjectV1.53/Develop/Console/ServerBridgeAction/
[2026-07-25 00:53:31] [DEBUG] Attempting to load: \Develop\Controllers\ConsoleController::ServerBridgeAction
[2026-07-25 00:53:31] [DEBUG] Router: Executing \Develop\Controllers\ConsoleController->ServerBridgeAction
[2026-07-25 00:53:31] [DEBUG] ConsoleController::ServerBridge() start...
[2026-07-25 00:53:31] [DEBUG] ConsoleController::ServerBridge() \Develop\Controllers\PartsDefinitionController::newPartsAction()
[2026-07-25 00:53:31] [DEBUG] PartsDefinitionController::newPartsAction() start...
[2026-07-25 00:53:31] [DEBUG] PartsDefinitionModel::getTableStructure() start... Project ID: PRJ-D45FEF
[2026-07-25 00:53:31] [DEBUG] Screen::updateAreaE() [iframe起動版] path: \Develop\Views\AreaE\PartsDefinition\RegistParts.view start...
[2026-07-25 00:53:31] [DEBUG] Screen::getContents() start...
[2026-07-25 00:53:31] [DEBUG] Screen::getContents() finish.
[2026-07-25 00:53:31] [DEBUG] Screen::updateAreaE() finish.
[2026-07-25 00:53:31] [DEBUG] PartsDefinitionController::newPartsAction() end.
[2026-07-25 00:53:31] [DEBUG] Screen::areaView() start...
[2026-07-25 00:53:31] [DEBUG] Screen::areaView() finish.
[2026-07-25 00:54:34] [DEBUG] --- wwProject System Start ---
[2026-07-25 00:54:34] [DEBUG] Router::Router() /jemini/wwProjectV1.53/Develop/Console/ServerBridgeAction/
[2026-07-25 00:54:34] [DEBUG] Attempting to load: \Develop\Controllers\ConsoleController::ServerBridgeAction
[2026-07-25 00:54:34] [DEBUG] Router: Executing \Develop\Controllers\ConsoleController->ServerBridgeAction
[2026-07-25 00:54:34] [DEBUG] ConsoleController::ServerBridge() start...
[2026-07-25 00:54:34] [DEBUG] ConsoleController::ServerBridge() \Develop\Controllers\PartsDefinitionController::newPartsAction()
[2026-07-25 00:54:34] [DEBUG] PartsDefinitionController::newPartsAction() start...
[2026-07-25 00:54:34] [DEBUG] PartsDefinitionModel::getTableStructure() start... Project ID: PRJ-D45FEF
[2026-07-25 00:54:34] [DEBUG] Screen::updateAreaE() [iframe起動版] path: \Develop\Views\AreaE\PartsDefinition\RegistParts.view start...
[2026-07-25 00:54:34] [DEBUG] Screen::getContents() start...
[2026-07-25 00:54:34] [DEBUG] Screen::getContents() finish.
[2026-07-25 00:54:34] [DEBUG] Screen::updateAreaE() finish.
[2026-07-25 00:54:34] [DEBUG] PartsDefinitionController::newPartsAction() end.
[2026-07-25 00:54:34] [DEBUG] Screen::areaView() start...
[2026-07-25 00:54:34] [DEBUG] Screen::areaView() finish.
[2026-07-25 01:00:22] [DEBUG] --- wwProject System Start ---
[2026-07-25 01:00:22] [DEBUG] Router::Router() /jemini/wwProjectV1.53/Develop/Console/initial/
[2026-07-25 01:00:22] [DEBUG] Attempting to load: \Develop\Controllers\ConsoleController::initialAction
[2026-07-25 01:00:22] [DEBUG] Router: Executing \Develop\Controllers\ConsoleController->initialAction
[2026-07-25 01:00:22] [DEBUG] Console::initialAction() start...
[2026-07-25 01:00:22] [DEBUG] Screen::view() path: \Develop\Views\Console\Console.view start...
[2026-07-25 01:00:22] [DEBUG] Screen::getContents() start...
[2026-07-25 01:00:22] [DEBUG] Screen::getContents() finish.
[2026-07-25 01:00:22] [DEBUG] Screen::view() path: \Develop\Views\Console\Console.view finish.
[2026-07-25 01:00:22] [DEBUG] ConsoleController::initialAction() finish.
[2026-07-25 01:00:22] [DEBUG] --- wwProject System Start ---
[2026-07-25 01:00:22] [DEBUG] Router::Router() /jemini/wwProjectV1.53/Develop/Console/ServerBridgeAction/
[2026-07-25 01:00:22] [DEBUG] Attempting to load: \Develop\Controllers\ConsoleController::ServerBridgeAction
[2026-07-25 01:00:22] [DEBUG] Router: Executing \Develop\Controllers\ConsoleController->ServerBridgeAction
[2026-07-25 01:00:22] [DEBUG] ConsoleController::ServerBridge() start...
[2026-07-25 01:00:22] [DEBUG] ConsoleController::ServerBridge() \Develop\Controllers\ConsoleController::areaInitialAction()
[2026-07-25 01:00:22] [DEBUG] ConsoleController::AreaInitialAction() start...
[2026-07-25 01:00:22] [DEBUG] Screen::updateAreaA() path: \Develop\Views\AreaA\Area_A.view start...
[2026-07-25 01:00:22] [DEBUG] Screen::areaView() sending JSON: ["areas"]
[2026-07-25 01:00:22] [DEBUG] Screen::getContents() start...
[2026-07-25 01:00:22] [DEBUG] Screen::getContents() finish.
[2026-07-25 01:00:22] [DEBUG] Screen::updateAreaA() finish.
[2026-07-25 01:00:22] [DEBUG] Screen::updateAreaB() path: \Develop\Views\AreaB\Area_B.view start...
[2026-07-25 01:00:22] [DEBUG] Screen::getContents() start...
[2026-07-25 01:00:22] [DEBUG] Screen::getContents() finish.
[2026-07-25 01:00:22] [DEBUG] Screen::updateAreaB() finish.
[2026-07-25 01:00:22] [DEBUG] Screen::updateAreaD() path: \Develop\Views\AreaD\Area_D_clear.view start...
[2026-07-25 01:00:22] [DEBUG] Screen::getContents() start...
[2026-07-25 01:00:22] [DEBUG] Screen::getContents() finish.
[2026-07-25 01:00:22] [DEBUG] Screen::updateAreaD() finish.
[2026-07-25 01:00:22] [DEBUG] Screen::updateAreaE() [iframe起動版] path: \Develop\Views\AreaE\Area_E_clear.view start...
[2026-07-25 01:00:22] [DEBUG] Screen::getContents() start...
[2026-07-25 01:00:22] [DEBUG] Screen::getContents() finish.
[2026-07-25 01:00:22] [DEBUG] Screen::updateAreaE() finish.
[2026-07-25 01:00:22] [DEBUG] Screen::updateAreaF() path: \Develop\Views\AreaF\Area_F.view start...
[2026-07-25 01:00:22] [DEBUG] Screen::getContents() start...
[2026-07-25 01:00:22] [DEBUG] Screen::getContents() finish.
[2026-07-25 01:00:22] [DEBUG] Screen::updateAreaF() finish.
[2026-07-25 01:00:22] [DEBUG] ProjectController::startProjectNabi() start...
[2026-07-25 01:00:22] [DEBUG] ProjectController::getProjectListHtml() start...
[2026-07-25 01:00:22] [DEBUG] ProjectModel::getProjectList() start...
[2026-07-25 01:00:22] [DEBUG] ProjectModel::getProjectList() finish.
[2026-07-25 01:00:22] [DEBUG] CodeMasterModel：：getCodesByGroup() start...
[2026-07-25 01:00:22] [DEBUG] CodeMasterModel：：getCodesByGroup() finish.
[2026-07-25 01:00:22] [DEBUG] ProjectController::getNaviFooterHtml() start...
[2026-07-25 01:00:22] [DEBUG] ProjectController::getNaviFooterHtml() finish.
[2026-07-25 01:00:22] [DEBUG] ProjectController::startProjectNabi() finish.
[2026-07-25 01:00:22] [DEBUG] Screen::updateAreaC() \Develop\Views\AreaC\Area_C.view start...
[2026-07-25 01:00:22] [DEBUG] Screen::getContents() start...
[2026-07-25 01:00:22] [DEBUG] Screen::getContents() finish.
[2026-07-25 01:00:22] [DEBUG] Screen::updateAreaC() finish.
[2026-07-25 01:00:22] [DEBUG] ConsoleController::AreaInitialAction() finish.
[2026-07-25 01:00:22] [DEBUG] Screen::areaView() start...
[2026-07-25 01:00:22] [DEBUG] Screen::areaView() finish.
[2026-07-25 01:00:24] [DEBUG] --- wwProject System Start ---
[2026-07-25 01:00:24] [DEBUG] Router::Router() /jemini/wwProjectV1.53/Develop/Console/ServerBridgeAction/
[2026-07-25 01:00:24] [DEBUG] Attempting to load: \Develop\Controllers\ConsoleController::ServerBridgeAction
[2026-07-25 01:00:24] [DEBUG] Router: Executing \Develop\Controllers\ConsoleController->ServerBridgeAction
[2026-07-25 01:00:24] [DEBUG] ConsoleController::ServerBridge() start...
[2026-07-25 01:00:24] [DEBUG] ConsoleController::ServerBridge() \Develop\Controllers\PartsDefinitionController::InitialAction()
[2026-07-25 01:00:24] [DEBUG] DBDefinitionController::initialAction() start...
[2026-07-25 01:00:24] [DEBUG] PartsDefinitionController::initialAction() projectId : PRJ-D45FEF
[2026-07-25 01:00:24] [DEBUG] PartsDefinitionModel::getAllPartsList() start... Project ID: PRJ-D45FEF
[2026-07-25 01:00:24] [DEBUG] Screen::updateAreaD() path: \Develop\Views\AreaD\PartsDefinition\PartsDefinitionList.view start...
[2026-07-25 01:00:24] [DEBUG] Screen::getContents() start...
[2026-07-25 01:00:24] [DEBUG] Screen::getContents() finish.
[2026-07-25 01:00:24] [DEBUG] Screen::updateAreaD() finish.
[2026-07-25 01:00:24] [DEBUG] Screen::updateAreaE() [iframe起動版] path: \Develop\Views\AreaE\Area_E_clear.view start...
[2026-07-25 01:00:24] [DEBUG] Screen::getContents() start...
[2026-07-25 01:00:24] [DEBUG] Screen::getContents() finish.
[2026-07-25 01:00:24] [DEBUG] Screen::updateAreaE() finish.
[2026-07-25 01:00:24] [DEBUG] DBDefinitionController::initialAction() end.
[2026-07-25 01:00:24] [DEBUG] Screen::areaView() start...
[2026-07-25 01:00:24] [DEBUG] Screen::areaView() finish.
[2026-07-25 01:00:25] [DEBUG] --- wwProject System Start ---
[2026-07-25 01:00:25] [DEBUG] Router::Router() /jemini/wwProjectV1.53/Develop/Console/ServerBridgeAction/
[2026-07-25 01:00:25] [DEBUG] Attempting to load: \Develop\Controllers\ConsoleController::ServerBridgeAction
[2026-07-25 01:00:25] [DEBUG] Router: Executing \Develop\Controllers\ConsoleController->ServerBridgeAction
[2026-07-25 01:00:25] [DEBUG] ConsoleController::ServerBridge() start...
[2026-07-25 01:00:25] [DEBUG] ConsoleController::ServerBridge() \Develop\Controllers\PartsDefinitionController::newPartsAction()
[2026-07-25 01:00:25] [DEBUG] PartsDefinitionController::newPartsAction() start...
[2026-07-25 01:00:25] [DEBUG] PartsDefinitionModel::getTableStructure() start... Project ID: PRJ-D45FEF
[2026-07-25 01:00:25] [DEBUG] Screen::updateAreaE() [iframe起動版] path: \Develop\Views\AreaE\PartsDefinition\RegistParts.view start...
[2026-07-25 01:00:25] [DEBUG] Screen::getContents() start...
[2026-07-25 01:00:25] [DEBUG] Screen::getContents() finish.
[2026-07-25 01:00:25] [DEBUG] Screen::updateAreaE() finish.
[2026-07-25 01:00:25] [DEBUG] PartsDefinitionController::newPartsAction() end.
[2026-07-25 01:00:25] [DEBUG] Screen::areaView() start...
[2026-07-25 01:00:25] [DEBUG] Screen::areaView() finish.
[2026-07-25 01:00:29] [DEBUG] --- wwProject System Start ---
[2026-07-25 01:00:29] [DEBUG] Router::Router() /jemini/wwProjectV1.53/Develop/Console/ServerBridgeAction/
[2026-07-25 01:00:29] [DEBUG] Attempting to load: \Develop\Controllers\ConsoleController::ServerBridgeAction
[2026-07-25 01:00:29] [DEBUG] Router: Executing \Develop\Controllers\ConsoleController->ServerBridgeAction
[2026-07-25 01:00:29] [DEBUG] ConsoleController::ServerBridge() start...
[2026-07-25 01:00:29] [DEBUG] ConsoleController::ServerBridge() \Develop\Controllers\PartsDefinitionController::changeTypeAction()
[2026-07-25 01:00:29] [ERROR] ConsoleController::ServerBridge Fatal: App Method Not Found: \Develop\Controllers\PartsDefinitionController::changeTypeAction
[2026-07-25 01:00:44] [DEBUG] --- wwProject System Start ---
[2026-07-25 01:00:44] [DEBUG] Router::Router() /jemini/wwProjectV1.53/Develop/Console/ServerBridgeAction/
[2026-07-25 01:00:44] [DEBUG] Attempting to load: \Develop\Controllers\ConsoleController::ServerBridgeAction
[2026-07-25 01:00:44] [DEBUG] Router: Executing \Develop\Controllers\ConsoleController->ServerBridgeAction
[2026-07-25 01:00:44] [DEBUG] ConsoleController::ServerBridge() start...
[2026-07-25 01:00:44] [DEBUG] ConsoleController::ServerBridge() \Develop\Controllers\PartsDefinitionController::changeTypeAction()
[2026-07-25 01:00:44] [ERROR] ConsoleController::ServerBridge Fatal: App Method Not Found: \Develop\Controllers\PartsDefinitionController::changeTypeAction
[2026-07-25 01:05:41] [DEBUG] --- wwProject System Start ---
[2026-07-25 01:05:41] [DEBUG] Router::Router() /jemini/wwProjectV1.53/Develop/Console/initial/
[2026-07-25 01:05:41] [DEBUG] Attempting to load: \Develop\Controllers\ConsoleController::initialAction
[2026-07-25 01:05:41] [DEBUG] Router: Executing \Develop\Controllers\ConsoleController->initialAction
[2026-07-25 01:05:41] [DEBUG] Console::initialAction() start...
[2026-07-25 01:05:41] [DEBUG] Screen::view() path: \Develop\Views\Console\Console.view start...
[2026-07-25 01:05:41] [DEBUG] Screen::getContents() start...
[2026-07-25 01:05:41] [DEBUG] Screen::getContents() finish.
[2026-07-25 01:05:41] [DEBUG] Screen::view() path: \Develop\Views\Console\Console.view finish.
[2026-07-25 01:05:41] [DEBUG] ConsoleController::initialAction() finish.
[2026-07-25 01:05:41] [DEBUG] --- wwProject System Start ---
[2026-07-25 01:05:41] [DEBUG] Router::Router() /jemini/wwProjectV1.53/Develop/Console/ServerBridgeAction/
[2026-07-25 01:05:41] [DEBUG] Attempting to load: \Develop\Controllers\ConsoleController::ServerBridgeAction
[2026-07-25 01:05:41] [DEBUG] Router: Executing \Develop\Controllers\ConsoleController->ServerBridgeAction
[2026-07-25 01:05:41] [DEBUG] ConsoleController::ServerBridge() start...
[2026-07-25 01:05:41] [DEBUG] ConsoleController::ServerBridge() \Develop\Controllers\ConsoleController::areaInitialAction()
[2026-07-25 01:05:41] [DEBUG] ConsoleController::AreaInitialAction() start...
[2026-07-25 01:05:41] [DEBUG] Screen::updateAreaA() path: \Develop\Views\AreaA\Area_A.view start...
[2026-07-25 01:05:41] [DEBUG] Screen::areaView() sending JSON: ["areas"]
[2026-07-25 01:05:41] [DEBUG] Screen::getContents() start...
[2026-07-25 01:05:41] [DEBUG] Screen::getContents() finish.
[2026-07-25 01:05:41] [DEBUG] Screen::updateAreaA() finish.
[2026-07-25 01:05:41] [DEBUG] Screen::updateAreaB() path: \Develop\Views\AreaB\Area_B.view start...
[2026-07-25 01:05:41] [DEBUG] Screen::getContents() start...
[2026-07-25 01:05:41] [DEBUG] Screen::getContents() finish.
[2026-07-25 01:05:41] [DEBUG] Screen::updateAreaB() finish.
[2026-07-25 01:05:41] [DEBUG] Screen::updateAreaD() path: \Develop\Views\AreaD\Area_D_clear.view start...
[2026-07-25 01:05:41] [DEBUG] Screen::getContents() start...
[2026-07-25 01:05:41] [DEBUG] Screen::getContents() finish.
[2026-07-25 01:05:41] [DEBUG] Screen::updateAreaD() finish.
[2026-07-25 01:05:41] [DEBUG] Screen::updateAreaE() [iframe起動版] path: \Develop\Views\AreaE\Area_E_clear.view start...
[2026-07-25 01:05:41] [DEBUG] Screen::getContents() start...
[2026-07-25 01:05:41] [DEBUG] Screen::getContents() finish.
[2026-07-25 01:05:41] [DEBUG] Screen::updateAreaE() finish.
[2026-07-25 01:05:41] [DEBUG] Screen::updateAreaF() path: \Develop\Views\AreaF\Area_F.view start...
[2026-07-25 01:05:41] [DEBUG] Screen::getContents() start...
[2026-07-25 01:05:41] [DEBUG] Screen::getContents() finish.
[2026-07-25 01:05:41] [DEBUG] Screen::updateAreaF() finish.
[2026-07-25 01:05:41] [DEBUG] ProjectController::startProjectNabi() start...
[2026-07-25 01:05:41] [DEBUG] ProjectController::getProjectListHtml() start...
[2026-07-25 01:05:41] [DEBUG] ProjectModel::getProjectList() start...
[2026-07-25 01:05:41] [DEBUG] ProjectModel::getProjectList() finish.
[2026-07-25 01:05:41] [DEBUG] CodeMasterModel：：getCodesByGroup() start...
[2026-07-25 01:05:41] [DEBUG] CodeMasterModel：：getCodesByGroup() finish.
[2026-07-25 01:05:41] [DEBUG] ProjectController::getNaviFooterHtml() start...
[2026-07-25 01:05:41] [DEBUG] ProjectController::getNaviFooterHtml() finish.
[2026-07-25 01:05:41] [DEBUG] ProjectController::startProjectNabi() finish.
[2026-07-25 01:05:41] [DEBUG] Screen::updateAreaC() \Develop\Views\AreaC\Area_C.view start...
[2026-07-25 01:05:41] [DEBUG] Screen::getContents() start...
[2026-07-25 01:05:41] [DEBUG] Screen::getContents() finish.
[2026-07-25 01:05:41] [DEBUG] Screen::updateAreaC() finish.
[2026-07-25 01:05:41] [DEBUG] ConsoleController::AreaInitialAction() finish.
[2026-07-25 01:05:41] [DEBUG] Screen::areaView() start...
[2026-07-25 01:05:41] [DEBUG] Screen::areaView() finish.
[2026-07-25 01:05:43] [DEBUG] --- wwProject System Start ---
[2026-07-25 01:05:43] [DEBUG] Router::Router() /jemini/wwProjectV1.53/Develop/Console/ServerBridgeAction/
[2026-07-25 01:05:43] [DEBUG] Attempting to load: \Develop\Controllers\ConsoleController::ServerBridgeAction
[2026-07-25 01:05:43] [DEBUG] Router: Executing \Develop\Controllers\ConsoleController->ServerBridgeAction
[2026-07-25 01:05:43] [DEBUG] ConsoleController::ServerBridge() start...
[2026-07-25 01:05:43] [DEBUG] ConsoleController::ServerBridge() \Develop\Controllers\PartsDefinitionController::InitialAction()
[2026-07-25 01:05:43] [DEBUG] DBDefinitionController::initialAction() start...
[2026-07-25 01:05:43] [DEBUG] PartsDefinitionController::initialAction() projectId : PRJ-D45FEF
[2026-07-25 01:05:43] [DEBUG] PartsDefinitionModel::getAllPartsList() start... Project ID: PRJ-D45FEF
[2026-07-25 01:05:43] [DEBUG] Screen::updateAreaD() path: \Develop\Views\AreaD\PartsDefinition\PartsDefinitionList.view start...
[2026-07-25 01:05:43] [DEBUG] Screen::getContents() start...
[2026-07-25 01:05:43] [DEBUG] Screen::getContents() finish.
[2026-07-25 01:05:43] [DEBUG] Screen::updateAreaD() finish.
[2026-07-25 01:05:43] [DEBUG] Screen::updateAreaE() [iframe起動版] path: \Develop\Views\AreaE\Area_E_clear.view start...
[2026-07-25 01:05:43] [DEBUG] Screen::getContents() start...
[2026-07-25 01:05:43] [DEBUG] Screen::getContents() finish.
[2026-07-25 01:05:43] [DEBUG] Screen::updateAreaE() finish.
[2026-07-25 01:05:43] [DEBUG] DBDefinitionController::initialAction() end.
[2026-07-25 01:05:43] [DEBUG] Screen::areaView() start...
[2026-07-25 01:05:43] [DEBUG] Screen::areaView() finish.
[2026-07-25 01:05:46] [DEBUG] --- wwProject System Start ---
[2026-07-25 01:05:46] [DEBUG] Router::Router() /jemini/wwProjectV1.53/Develop/Console/ServerBridgeAction/
[2026-07-25 01:05:46] [DEBUG] Attempting to load: \Develop\Controllers\ConsoleController::ServerBridgeAction
[2026-07-25 01:05:46] [DEBUG] Router: Executing \Develop\Controllers\ConsoleController->ServerBridgeAction
[2026-07-25 01:05:46] [DEBUG] ConsoleController::ServerBridge() start...
[2026-07-25 01:05:46] [DEBUG] ConsoleController::ServerBridge() \Develop\Controllers\PartsDefinitionController::editPartsAction()
[2026-07-25 01:05:46] [DEBUG] PartsDefinitionController::editPartsAction() start...
[2026-07-25 01:05:46] [DEBUG] PartsDefinitionModel::getAllPartsList() start... Project ID: PRJ-D45FEF
[2026-07-25 01:05:46] [DEBUG] PartsDefinitionModel::getTableStructure() start... Project ID: PRJ-D45FEF
[2026-07-25 01:05:46] [DEBUG] Screen::updateAreaE() [iframe起動版] path: \Develop\Views\AreaE\PartsDefinition\RegistParts.view start...
[2026-07-25 01:05:46] [DEBUG] Screen::getContents() start...
[2026-07-25 01:05:46] [DEBUG] Screen::getContents() finish.
[2026-07-25 01:05:46] [DEBUG] Screen::updateAreaE() finish.
[2026-07-25 01:05:46] [DEBUG] PartsDefinitionController::editPartsAction() end.
[2026-07-25 01:05:46] [DEBUG] Screen::areaView() start...
[2026-07-25 01:05:46] [DEBUG] Screen::areaView() finish.
[2026-07-25 01:05:59] [DEBUG] --- wwProject System Start ---
[2026-07-25 01:05:59] [DEBUG] Router::Router() /jemini/wwProjectV1.53/Develop/Console/ServerBridgeAction/
[2026-07-25 01:05:59] [DEBUG] Attempting to load: \Develop\Controllers\ConsoleController::ServerBridgeAction
[2026-07-25 01:05:59] [DEBUG] Router: Executing \Develop\Controllers\ConsoleController->ServerBridgeAction
[2026-07-25 01:05:59] [DEBUG] ConsoleController::ServerBridge() start...
[2026-07-25 01:05:59] [DEBUG] ConsoleController::ServerBridge() \Develop\Controllers\PartsDefinitionController::newPartsAction()
[2026-07-25 01:05:59] [DEBUG] PartsDefinitionController::newPartsAction() start...
[2026-07-25 01:05:59] [DEBUG] PartsDefinitionModel::getTableStructure() start... Project ID: PRJ-D45FEF
[2026-07-25 01:05:59] [DEBUG] Screen::updateAreaE() [iframe起動版] path: \Develop\Views\AreaE\PartsDefinition\RegistParts.view start...
[2026-07-25 01:05:59] [DEBUG] Screen::getContents() start...
[2026-07-25 01:05:59] [DEBUG] Screen::getContents() finish.
[2026-07-25 01:05:59] [DEBUG] Screen::updateAreaE() finish.
[2026-07-25 01:05:59] [DEBUG] PartsDefinitionController::newPartsAction() end.
[2026-07-25 01:05:59] [DEBUG] Screen::areaView() start...
[2026-07-25 01:05:59] [DEBUG] Screen::areaView() finish.
[2026-07-25 01:06:02] [DEBUG] --- wwProject System Start ---
[2026-07-25 01:06:02] [DEBUG] Router::Router() /jemini/wwProjectV1.53/Develop/Console/ServerBridgeAction/
[2026-07-25 01:06:02] [DEBUG] Attempting to load: \Develop\Controllers\ConsoleController::ServerBridgeAction
[2026-07-25 01:06:02] [DEBUG] Router: Executing \Develop\Controllers\ConsoleController->ServerBridgeAction
[2026-07-25 01:06:02] [DEBUG] ConsoleController::ServerBridge() start...
[2026-07-25 01:06:02] [DEBUG] ConsoleController::ServerBridge() \Develop\Controllers\PartsDefinitionController::changeTypeAction()
[2026-07-25 01:06:02] [DEBUG] PartsDefinitionController::changeTypeAction() start...
[2026-07-25 01:06:02] [DEBUG] PartsDefinitionModel::getTableStructure() start... Project ID: PRJ-D45FEF
[2026-07-25 01:06:02] [DEBUG] Screen::updateAreaE() [iframe起動版] path: \Develop\Views\AreaE\PartsDefinition\RegistParts.view start...
[2026-07-25 01:06:02] [DEBUG] Screen::getContents() start...
[2026-07-25 01:06:02] [DEBUG] Screen::getContents() finish.
[2026-07-25 01:06:02] [DEBUG] Screen::updateAreaE() finish.
[2026-07-25 01:06:02] [DEBUG] PartsDefinitionController::changeTypeAction() end.
[2026-07-25 01:06:02] [DEBUG] Screen::areaView() start...
[2026-07-25 01:06:02] [DEBUG] Screen::areaView() finish.
[2026-07-25 01:06:05] [DEBUG] --- wwProject System Start ---
[2026-07-25 01:06:05] [DEBUG] Router::Router() /jemini/wwProjectV1.53/Develop/Console/ServerBridgeAction/
[2026-07-25 01:06:05] [DEBUG] Attempting to load: \Develop\Controllers\ConsoleController::ServerBridgeAction
[2026-07-25 01:06:05] [DEBUG] Router: Executing \Develop\Controllers\ConsoleController->ServerBridgeAction
[2026-07-25 01:06:05] [DEBUG] ConsoleController::ServerBridge() start...
[2026-07-25 01:06:05] [DEBUG] ConsoleController::ServerBridge() \Develop\Controllers\PartsDefinitionController::changeTypeAction()
[2026-07-25 01:06:05] [DEBUG] PartsDefinitionController::changeTypeAction() start...
[2026-07-25 01:06:05] [DEBUG] PartsDefinitionModel::getTableStructure() start... Project ID: PRJ-D45FEF
[2026-07-25 01:06:05] [DEBUG] Screen::updateAreaE() [iframe起動版] path: \Develop\Views\AreaE\PartsDefinition\RegistParts.view start...
[2026-07-25 01:06:05] [DEBUG] Screen::getContents() start...
[2026-07-25 01:06:05] [DEBUG] Screen::getContents() finish.
[2026-07-25 01:06:05] [DEBUG] Screen::updateAreaE() finish.
[2026-07-25 01:06:05] [DEBUG] PartsDefinitionController::changeTypeAction() end.
[2026-07-25 01:06:05] [DEBUG] Screen::areaView() start...
[2026-07-25 01:06:05] [DEBUG] Screen::areaView() finish.
[2026-07-25 01:06:08] [DEBUG] --- wwProject System Start ---
[2026-07-25 01:06:08] [DEBUG] Router::Router() /jemini/wwProjectV1.53/Develop/Console/ServerBridgeAction/
[2026-07-25 01:06:08] [DEBUG] Attempting to load: \Develop\Controllers\ConsoleController::ServerBridgeAction
[2026-07-25 01:06:08] [DEBUG] Router: Executing \Develop\Controllers\ConsoleController->ServerBridgeAction
[2026-07-25 01:06:08] [DEBUG] ConsoleController::ServerBridge() start...
[2026-07-25 01:06:08] [DEBUG] ConsoleController::ServerBridge() \Develop\Controllers\PartsDefinitionController::changeTypeAction()
[2026-07-25 01:06:08] [DEBUG] PartsDefinitionController::changeTypeAction() start...
[2026-07-25 01:06:08] [DEBUG] PartsDefinitionModel::getTableStructure() start... Project ID: PRJ-D45FEF
[2026-07-25 01:06:08] [DEBUG] Screen::updateAreaE() [iframe起動版] path: \Develop\Views\AreaE\PartsDefinition\RegistParts.view start...
[2026-07-25 01:06:08] [DEBUG] Screen::getContents() start...
[2026-07-25 01:06:09] [DEBUG] Screen::getContents() finish.
[2026-07-25 01:06:09] [DEBUG] Screen::updateAreaE() finish.
[2026-07-25 01:06:09] [DEBUG] PartsDefinitionController::changeTypeAction() end.
[2026-07-25 01:06:09] [DEBUG] Screen::areaView() start...
[2026-07-25 01:06:09] [DEBUG] Screen::areaView() finish.
[2026-07-25 01:06:23] [DEBUG] --- wwProject System Start ---
[2026-07-25 01:06:23] [DEBUG] Router::Router() /jemini/wwProjectV1.53/Develop/Console/ServerBridgeAction/
[2026-07-25 01:06:23] [DEBUG] Attempting to load: \Develop\Controllers\ConsoleController::ServerBridgeAction
[2026-07-25 01:06:23] [DEBUG] Router: Executing \Develop\Controllers\ConsoleController->ServerBridgeAction
[2026-07-25 01:06:23] [DEBUG] ConsoleController::ServerBridge() start...
[2026-07-25 01:06:23] [DEBUG] ConsoleController::ServerBridge() \Develop\Controllers\PartsDefinitionController::editPartsAction()
[2026-07-25 01:06:23] [DEBUG] PartsDefinitionController::editPartsAction() start...
[2026-07-25 01:06:23] [DEBUG] PartsDefinitionModel::getAllPartsList() start... Project ID: PRJ-D45FEF
[2026-07-25 01:06:23] [DEBUG] PartsDefinitionModel::getTableStructure() start... Project ID: PRJ-D45FEF
[2026-07-25 01:06:23] [DEBUG] Screen::updateAreaE() [iframe起動版] path: \Develop\Views\AreaE\PartsDefinition\RegistParts.view start...
[2026-07-25 01:06:23] [DEBUG] Screen::getContents() start...
[2026-07-25 01:06:23] [DEBUG] Screen::getContents() finish.
[2026-07-25 01:06:23] [DEBUG] Screen::updateAreaE() finish.
[2026-07-25 01:06:23] [DEBUG] PartsDefinitionController::editPartsAction() end.
[2026-07-25 01:06:23] [DEBUG] Screen::areaView() start...
[2026-07-25 01:06:23] [DEBUG] Screen::areaView() finish.
[2026-07-25 01:06:25] [DEBUG] --- wwProject System Start ---
[2026-07-25 01:06:25] [DEBUG] Router::Router() /jemini/wwProjectV1.53/Develop/Console/ServerBridgeAction/
[2026-07-25 01:06:25] [DEBUG] Attempting to load: \Develop\Controllers\ConsoleController::ServerBridgeAction
[2026-07-25 01:06:25] [DEBUG] Router: Executing \Develop\Controllers\ConsoleController->ServerBridgeAction
[2026-07-25 01:06:25] [DEBUG] ConsoleController::ServerBridge() start...
[2026-07-25 01:06:25] [DEBUG] ConsoleController::ServerBridge() \Develop\Controllers\PartsDefinitionController::newPartsAction()
[2026-07-25 01:06:25] [DEBUG] PartsDefinitionController::newPartsAction() start...
[2026-07-25 01:06:25] [DEBUG] PartsDefinitionModel::getTableStructure() start... Project ID: PRJ-D45FEF
[2026-07-25 01:06:25] [DEBUG] Screen::updateAreaE() [iframe起動版] path: \Develop\Views\AreaE\PartsDefinition\RegistParts.view start...
[2026-07-25 01:06:25] [DEBUG] Screen::getContents() start...
[2026-07-25 01:06:25] [DEBUG] Screen::getContents() finish.
[2026-07-25 01:06:25] [DEBUG] Screen::updateAreaE() finish.
[2026-07-25 01:06:25] [DEBUG] PartsDefinitionController::newPartsAction() end.
[2026-07-25 01:06:25] [DEBUG] Screen::areaView() start...
[2026-07-25 01:06:25] [DEBUG] Screen::areaView() finish.
[2026-07-25 01:06:27] [DEBUG] --- wwProject System Start ---
[2026-07-25 01:06:27] [DEBUG] Router::Router() /jemini/wwProjectV1.53/Develop/Console/ServerBridgeAction/
[2026-07-25 01:06:27] [DEBUG] Attempting to load: \Develop\Controllers\ConsoleController::ServerBridgeAction
[2026-07-25 01:06:27] [DEBUG] Router: Executing \Develop\Controllers\ConsoleController->ServerBridgeAction
[2026-07-25 01:06:27] [DEBUG] ConsoleController::ServerBridge() start...
[2026-07-25 01:06:27] [DEBUG] ConsoleController::ServerBridge() \Develop\Controllers\PartsDefinitionController::changeTypeAction()
[2026-07-25 01:06:27] [DEBUG] PartsDefinitionController::changeTypeAction() start...
[2026-07-25 01:06:27] [DEBUG] PartsDefinitionModel::getTableStructure() start... Project ID: PRJ-D45FEF
[2026-07-25 01:06:27] [DEBUG] Screen::updateAreaE() [iframe起動版] path: \Develop\Views\AreaE\PartsDefinition\RegistParts.view start...
[2026-07-25 01:06:27] [DEBUG] Screen::getContents() start...
[2026-07-25 01:06:27] [DEBUG] Screen::getContents() finish.
[2026-07-25 01:06:27] [DEBUG] Screen::updateAreaE() finish.
[2026-07-25 01:06:27] [DEBUG] PartsDefinitionController::changeTypeAction() end.
[2026-07-25 01:06:27] [DEBUG] Screen::areaView() start...
[2026-07-25 01:06:27] [DEBUG] Screen::areaView() finish.
[2026-07-25 01:06:30] [DEBUG] --- wwProject System Start ---
[2026-07-25 01:06:30] [DEBUG] Router::Router() /jemini/wwProjectV1.53/Develop/Console/ServerBridgeAction/
[2026-07-25 01:06:30] [DEBUG] Attempting to load: \Develop\Controllers\ConsoleController::ServerBridgeAction
[2026-07-25 01:06:30] [DEBUG] Router: Executing \Develop\Controllers\ConsoleController->ServerBridgeAction
[2026-07-25 01:06:30] [DEBUG] ConsoleController::ServerBridge() start...
[2026-07-25 01:06:30] [DEBUG] ConsoleController::ServerBridge() \Develop\Controllers\PartsDefinitionController::getColumnsAction()
[2026-07-25 01:06:30] [DEBUG] PartsDefinitionController::getColumnsAction() start...
[2026-07-25 01:06:30] [DEBUG] PartsDefinitionModel::getColumnsByTableId() start... Input: newDevelopers
[2026-07-25 01:06:30] [DEBUG] 逆引き成功: 物理名 newDevelopers -> table_id : 12
[2026-07-25 01:06:30] [DEBUG] PartsDefinitionModel::getColumnsByTableId() finish. 件数: 9
[2026-07-25 01:06:30] [DEBUG] PartsDefinitionModel::getTableStructure() start... Project ID: PRJ-D45FEF
[2026-07-25 01:06:30] [DEBUG] Screen::updateAreaE() [iframe起動版] path: \Develop\Views\AreaE\PartsDefinition\RegistParts.view start...
[2026-07-25 01:06:30] [DEBUG] Screen::getContents() start...
[2026-07-25 01:06:30] [DEBUG] Screen::getContents() finish.
[2026-07-25 01:06:30] [DEBUG] Screen::updateAreaE() finish.
[2026-07-25 01:06:30] [DEBUG] PartsDefinitionController::getColumnsAction() end.
[2026-07-25 01:06:30] [DEBUG] Screen::areaView() start...
[2026-07-25 01:06:30] [DEBUG] Screen::areaView() finish.
[2026-07-25 01:06:34] [DEBUG] --- wwProject System Start ---
[2026-07-25 01:06:35] [DEBUG] Router::Router() /jemini/wwProjectV1.53/Develop/Console/ServerBridgeAction/
[2026-07-25 01:06:35] [DEBUG] Attempting to load: \Develop\Controllers\ConsoleController::ServerBridgeAction
[2026-07-25 01:06:35] [DEBUG] Router: Executing \Develop\Controllers\ConsoleController->ServerBridgeAction
[2026-07-25 01:06:35] [DEBUG] ConsoleController::ServerBridge() start...
[2026-07-25 01:06:35] [DEBUG] ConsoleController::ServerBridge() \Develop\Controllers\PartsDefinitionController::changeTypeAction()
[2026-07-25 01:06:35] [DEBUG] PartsDefinitionController::changeTypeAction() start...
[2026-07-25 01:06:35] [DEBUG] PartsDefinitionModel::getTableStructure() start... Project ID: PRJ-D45FEF
[2026-07-25 01:06:35] [DEBUG] Screen::updateAreaE() [iframe起動版] path: \Develop\Views\AreaE\PartsDefinition\RegistParts.view start...
[2026-07-25 01:06:35] [DEBUG] Screen::getContents() start...
[2026-07-25 01:06:35] [DEBUG] Screen::getContents() finish.
[2026-07-25 01:06:35] [DEBUG] Screen::updateAreaE() finish.
[2026-07-25 01:06:35] [DEBUG] PartsDefinitionController::changeTypeAction() end.
[2026-07-25 01:06:35] [DEBUG] Screen::areaView() start...
[2026-07-25 01:06:35] [DEBUG] Screen::areaView() finish.
[2026-07-25 01:06:37] [DEBUG] --- wwProject System Start ---
[2026-07-25 01:06:37] [DEBUG] Router::Router() /jemini/wwProjectV1.53/Develop/Console/ServerBridgeAction/
[2026-07-25 01:06:37] [DEBUG] Attempting to load: \Develop\Controllers\ConsoleController::ServerBridgeAction
[2026-07-25 01:06:37] [DEBUG] Router: Executing \Develop\Controllers\ConsoleController->ServerBridgeAction
[2026-07-25 01:06:37] [DEBUG] ConsoleController::ServerBridge() start...
[2026-07-25 01:06:37] [DEBUG] ConsoleController::ServerBridge() \Develop\Controllers\PartsDefinitionController::getColumnsAction()
[2026-07-25 01:06:37] [DEBUG] PartsDefinitionController::getColumnsAction() start...
[2026-07-25 01:06:37] [DEBUG] PartsDefinitionModel::getColumnsByTableId() start... Input: participantmaster
[2026-07-25 01:06:37] [DEBUG] 逆引き成功: 物理名 participantmaster -> table_id : 15
[2026-07-25 01:06:37] [DEBUG] PartsDefinitionModel::getColumnsByTableId() finish. 件数: 24
[2026-07-25 01:06:37] [DEBUG] PartsDefinitionModel::getTableStructure() start... Project ID: PRJ-D45FEF
[2026-07-25 01:06:37] [DEBUG] Screen::updateAreaE() [iframe起動版] path: \Develop\Views\AreaE\PartsDefinition\RegistParts.view start...
[2026-07-25 01:06:37] [DEBUG] Screen::getContents() start...
[2026-07-25 01:06:37] [DEBUG] Screen::getContents() finish.
[2026-07-25 01:06:37] [DEBUG] Screen::updateAreaE() finish.
[2026-07-25 01:06:37] [DEBUG] PartsDefinitionController::getColumnsAction() end.
[2026-07-25 01:06:37] [DEBUG] Screen::areaView() start...
[2026-07-25 01:06:37] [DEBUG] Screen::areaView() finish.
[2026-07-25 01:07:24] [DEBUG] --- wwProject System Start ---
[2026-07-25 01:07:24] [DEBUG] Router::Router() /jemini/wwProjectV1.53/Develop/Console/ServerBridgeAction/
[2026-07-25 01:07:24] [DEBUG] Attempting to load: \Develop\Controllers\ConsoleController::ServerBridgeAction
[2026-07-25 01:07:24] [DEBUG] Router: Executing \Develop\Controllers\ConsoleController->ServerBridgeAction
[2026-07-25 01:07:24] [DEBUG] ConsoleController::ServerBridge() start...
[2026-07-25 01:07:24] [DEBUG] ConsoleController::ServerBridge() \Develop\Controllers\PartsDefinitionController::editPartsAction()
[2026-07-25 01:07:24] [DEBUG] PartsDefinitionController::editPartsAction() start...
[2026-07-25 01:07:24] [DEBUG] PartsDefinitionModel::getAllPartsList() start... Project ID: PRJ-D45FEF
[2026-07-25 01:07:24] [DEBUG] PartsDefinitionModel::getTableStructure() start... Project ID: PRJ-D45FEF
[2026-07-25 01:07:24] [DEBUG] Screen::updateAreaE() [iframe起動版] path: \Develop\Views\AreaE\PartsDefinition\RegistParts.view start...
[2026-07-25 01:07:24] [DEBUG] Screen::getContents() start...
[2026-07-25 01:07:24] [DEBUG] Screen::getContents() finish.
[2026-07-25 01:07:24] [DEBUG] Screen::updateAreaE() finish.
[2026-07-25 01:07:24] [DEBUG] PartsDefinitionController::editPartsAction() end.
[2026-07-25 01:07:24] [DEBUG] Screen::areaView() start...
[2026-07-25 01:07:24] [DEBUG] Screen::areaView() finish.
[2026-07-25 01:07:25] [DEBUG] --- wwProject System Start ---
[2026-07-25 01:07:25] [DEBUG] Router::Router() /jemini/wwProjectV1.53/Develop/Console/ServerBridgeAction/
[2026-07-25 01:07:25] [DEBUG] Attempting to load: \Develop\Controllers\ConsoleController::ServerBridgeAction
[2026-07-25 01:07:25] [DEBUG] Router: Executing \Develop\Controllers\ConsoleController->ServerBridgeAction
[2026-07-25 01:07:25] [DEBUG] ConsoleController::ServerBridge() start...
[2026-07-25 01:07:25] [DEBUG] ConsoleController::ServerBridge() \Develop\Controllers\PartsDefinitionController::editPartsAction()
[2026-07-25 01:07:25] [DEBUG] PartsDefinitionController::editPartsAction() start...
[2026-07-25 01:07:25] [DEBUG] PartsDefinitionModel::getAllPartsList() start... Project ID: PRJ-D45FEF
[2026-07-25 01:07:25] [DEBUG] PartsDefinitionModel::getColumnsByTableId() start... Input: developers
[2026-07-25 01:07:25] [DEBUG] 逆引き成功: 物理名 developers -> table_id : 14
[2026-07-25 01:07:25] [DEBUG] PartsDefinitionModel::getColumnsByTableId() finish. 件数: 9
[2026-07-25 01:07:25] [DEBUG] PartsDefinitionModel::getTableStructure() start... Project ID: PRJ-D45FEF
[2026-07-25 01:07:25] [DEBUG] Screen::updateAreaE() [iframe起動版] path: \Develop\Views\AreaE\PartsDefinition\RegistParts.view start...
[2026-07-25 01:07:25] [DEBUG] Screen::getContents() start...
[2026-07-25 01:07:25] [DEBUG] Screen::getContents() finish.
[2026-07-25 01:07:25] [DEBUG] Screen::updateAreaE() finish.
[2026-07-25 01:07:25] [DEBUG] PartsDefinitionController::editPartsAction() end.
[2026-07-25 01:07:25] [DEBUG] Screen::areaView() start...
[2026-07-25 01:07:25] [DEBUG] Screen::areaView() finish.
[2026-07-25 01:07:26] [DEBUG] --- wwProject System Start ---
[2026-07-25 01:07:26] [DEBUG] Router::Router() /jemini/wwProjectV1.53/Develop/Console/ServerBridgeAction/
[2026-07-25 01:07:26] [DEBUG] Attempting to load: \Develop\Controllers\ConsoleController::ServerBridgeAction
[2026-07-25 01:07:26] [DEBUG] Router: Executing \Develop\Controllers\ConsoleController->ServerBridgeAction
[2026-07-25 01:07:26] [DEBUG] ConsoleController::ServerBridge() start...
[2026-07-25 01:07:26] [DEBUG] ConsoleController::ServerBridge() \Develop\Controllers\PartsDefinitionController::editPartsAction()
[2026-07-25 01:07:26] [DEBUG] PartsDefinitionController::editPartsAction() start...
[2026-07-25 01:07:26] [DEBUG] PartsDefinitionModel::getAllPartsList() start... Project ID: PRJ-D45FEF
[2026-07-25 01:07:26] [DEBUG] PartsDefinitionModel::getColumnsByTableId() start... Input: applicantmaster
[2026-07-25 01:07:26] [DEBUG] 逆引き成功: 物理名 applicantmaster -> table_id : 13
[2026-07-25 01:07:26] [DEBUG] PartsDefinitionModel::getColumnsByTableId() finish. 件数: 19
[2026-07-25 01:07:26] [DEBUG] PartsDefinitionModel::getTableStructure() start... Project ID: PRJ-D45FEF
[2026-07-25 01:07:26] [DEBUG] Screen::updateAreaE() [iframe起動版] path: \Develop\Views\AreaE\PartsDefinition\RegistParts.view start...
[2026-07-25 01:07:26] [DEBUG] Screen::getContents() start...
[2026-07-25 01:07:26] [DEBUG] Screen::getContents() finish.
[2026-07-25 01:07:26] [DEBUG] Screen::updateAreaE() finish.
[2026-07-25 01:07:26] [DEBUG] PartsDefinitionController::editPartsAction() end.
[2026-07-25 01:07:26] [DEBUG] Screen::areaView() start...
[2026-07-25 01:07:26] [DEBUG] Screen::areaView() finish.
[2026-07-25 01:07:28] [DEBUG] --- wwProject System Start ---
[2026-07-25 01:07:28] [DEBUG] Router::Router() /jemini/wwProjectV1.53/Develop/Console/ServerBridgeAction/
[2026-07-25 01:07:28] [DEBUG] Attempting to load: \Develop\Controllers\ConsoleController::ServerBridgeAction
[2026-07-25 01:07:28] [DEBUG] Router: Executing \Develop\Controllers\ConsoleController->ServerBridgeAction
[2026-07-25 01:07:28] [DEBUG] ConsoleController::ServerBridge() start...
[2026-07-25 01:07:28] [DEBUG] ConsoleController::ServerBridge() \Develop\Controllers\PartsDefinitionController::editPartsAction()
[2026-07-25 01:07:28] [DEBUG] PartsDefinitionController::editPartsAction() start...
[2026-07-25 01:07:28] [DEBUG] PartsDefinitionModel::getAllPartsList() start... Project ID: PRJ-D45FEF
[2026-07-25 01:07:28] [DEBUG] PartsDefinitionModel::getColumnsByTableId() start... Input: developers
[2026-07-25 01:07:28] [DEBUG] 逆引き成功: 物理名 developers -> table_id : 14
[2026-07-25 01:07:28] [DEBUG] PartsDefinitionModel::getColumnsByTableId() finish. 件数: 9
[2026-07-25 01:07:28] [DEBUG] PartsDefinitionModel::getTableStructure() start... Project ID: PRJ-D45FEF
[2026-07-25 01:07:28] [DEBUG] Screen::updateAreaE() [iframe起動版] path: \Develop\Views\AreaE\PartsDefinition\RegistParts.view start...
[2026-07-25 01:07:28] [DEBUG] Screen::getContents() start...
[2026-07-25 01:07:28] [DEBUG] Screen::getContents() finish.
[2026-07-25 01:07:28] [DEBUG] Screen::updateAreaE() finish.
[2026-07-25 01:07:28] [DEBUG] PartsDefinitionController::editPartsAction() end.
[2026-07-25 01:07:28] [DEBUG] Screen::areaView() start...
[2026-07-25 01:07:28] [DEBUG] Screen::areaView() finish.
[2026-07-25 01:07:30] [DEBUG] --- wwProject System Start ---
[2026-07-25 01:07:30] [DEBUG] Router::Router() /jemini/wwProjectV1.53/Develop/Console/ServerBridgeAction/
[2026-07-25 01:07:30] [DEBUG] Attempting to load: \Develop\Controllers\ConsoleController::ServerBridgeAction
[2026-07-25 01:07:30] [DEBUG] Router: Executing \Develop\Controllers\ConsoleController->ServerBridgeAction
[2026-07-25 01:07:30] [DEBUG] ConsoleController::ServerBridge() start...
[2026-07-25 01:07:30] [DEBUG] ConsoleController::ServerBridge() \Develop\Controllers\PartsDefinitionController::editPartsAction()
[2026-07-25 01:07:30] [DEBUG] PartsDefinitionController::editPartsAction() start...
[2026-07-25 01:07:30] [DEBUG] PartsDefinitionModel::getAllPartsList() start... Project ID: PRJ-D45FEF
[2026-07-25 01:07:30] [DEBUG] PartsDefinitionModel::getColumnsByTableId() start... Input: developers
[2026-07-25 01:07:30] [DEBUG] 逆引き成功: 物理名 developers -> table_id : 14
[2026-07-25 01:07:30] [DEBUG] PartsDefinitionModel::getColumnsByTableId() finish. 件数: 9
[2026-07-25 01:07:30] [DEBUG] PartsDefinitionModel::getTableStructure() start... Project ID: PRJ-D45FEF
[2026-07-25 01:07:30] [DEBUG] Screen::updateAreaE() [iframe起動版] path: \Develop\Views\AreaE\PartsDefinition\RegistParts.view start...
[2026-07-25 01:07:30] [DEBUG] Screen::getContents() start...
[2026-07-25 01:07:30] [DEBUG] Screen::getContents() finish.
[2026-07-25 01:07:30] [DEBUG] Screen::updateAreaE() finish.
[2026-07-25 01:07:30] [DEBUG] PartsDefinitionController::editPartsAction() end.
[2026-07-25 01:07:30] [DEBUG] Screen::areaView() start...
[2026-07-25 01:07:30] [DEBUG] Screen::areaView() finish.
[2026-07-25 01:07:47] [DEBUG] --- wwProject System Start ---
[2026-07-25 01:07:47] [DEBUG] Router::Router() /jemini/wwProjectV1.53/Develop/Console/ServerBridgeAction/
[2026-07-25 01:07:47] [DEBUG] Attempting to load: \Develop\Controllers\ConsoleController::ServerBridgeAction
[2026-07-25 01:07:47] [DEBUG] Router: Executing \Develop\Controllers\ConsoleController->ServerBridgeAction
[2026-07-25 01:07:47] [DEBUG] ConsoleController::ServerBridge() start...
[2026-07-25 01:07:47] [DEBUG] ConsoleController::ServerBridge() \Develop\Controllers\PartsDefinitionController::editPartsAction()
[2026-07-25 01:07:47] [DEBUG] PartsDefinitionController::editPartsAction() start...
[2026-07-25 01:07:47] [DEBUG] PartsDefinitionModel::getAllPartsList() start... Project ID: PRJ-D45FEF
[2026-07-25 01:07:47] [DEBUG] PartsDefinitionModel::getTableStructure() start... Project ID: PRJ-D45FEF
[2026-07-25 01:07:47] [DEBUG] Screen::updateAreaE() [iframe起動版] path: \Develop\Views\AreaE\PartsDefinition\RegistParts.view start...
[2026-07-25 01:07:47] [DEBUG] Screen::getContents() start...
[2026-07-25 01:07:47] [DEBUG] Screen::getContents() finish.
[2026-07-25 01:07:47] [DEBUG] Screen::updateAreaE() finish.
[2026-07-25 01:07:47] [DEBUG] PartsDefinitionController::editPartsAction() end.
[2026-07-25 01:07:47] [DEBUG] Screen::areaView() start...
[2026-07-25 01:07:47] [DEBUG] Screen::areaView() finish.
[2026-07-25 01:07:49] [DEBUG] --- wwProject System Start ---
[2026-07-25 01:07:49] [DEBUG] Router::Router() /jemini/wwProjectV1.53/Develop/Console/ServerBridgeAction/
[2026-07-25 01:07:49] [DEBUG] Attempting to load: \Develop\Controllers\ConsoleController::ServerBridgeAction
[2026-07-25 01:07:49] [DEBUG] Router: Executing \Develop\Controllers\ConsoleController->ServerBridgeAction
[2026-07-25 01:07:49] [DEBUG] ConsoleController::ServerBridge() start...
[2026-07-25 01:07:49] [DEBUG] ConsoleController::ServerBridge() \Develop\Controllers\PartsDefinitionController::editPartsAction()
[2026-07-25 01:07:49] [DEBUG] PartsDefinitionController::editPartsAction() start...
[2026-07-25 01:07:49] [DEBUG] PartsDefinitionModel::getAllPartsList() start... Project ID: PRJ-D45FEF
[2026-07-25 01:07:49] [DEBUG] PartsDefinitionModel::getTableStructure() start... Project ID: PRJ-D45FEF
[2026-07-25 01:07:49] [DEBUG] Screen::updateAreaE() [iframe起動版] path: \Develop\Views\AreaE\PartsDefinition\RegistParts.view start...
[2026-07-25 01:07:49] [DEBUG] Screen::getContents() start...
[2026-07-25 01:07:49] [DEBUG] Screen::getContents() finish.
[2026-07-25 01:07:49] [DEBUG] Screen::updateAreaE() finish.
[2026-07-25 01:07:49] [DEBUG] PartsDefinitionController::editPartsAction() end.
[2026-07-25 01:07:49] [DEBUG] Screen::areaView() start...
[2026-07-25 01:07:49] [DEBUG] Screen::areaView() finish.
[2026-07-25 01:07:50] [DEBUG] --- wwProject System Start ---
[2026-07-25 01:07:50] [DEBUG] Router::Router() /jemini/wwProjectV1.53/Develop/Console/ServerBridgeAction/
[2026-07-25 01:07:50] [DEBUG] Attempting to load: \Develop\Controllers\ConsoleController::ServerBridgeAction
[2026-07-25 01:07:50] [DEBUG] Router: Executing \Develop\Controllers\ConsoleController->ServerBridgeAction
[2026-07-25 01:07:50] [DEBUG] ConsoleController::ServerBridge() start...
[2026-07-25 01:07:50] [DEBUG] ConsoleController::ServerBridge() \Develop\Controllers\PartsDefinitionController::editPartsAction()
[2026-07-25 01:07:50] [DEBUG] PartsDefinitionController::editPartsAction() start...
[2026-07-25 01:07:50] [DEBUG] PartsDefinitionModel::getAllPartsList() start... Project ID: PRJ-D45FEF
[2026-07-25 01:07:50] [DEBUG] PartsDefinitionModel::getTableStructure() start... Project ID: PRJ-D45FEF
[2026-07-25 01:07:50] [DEBUG] Screen::updateAreaE() [iframe起動版] path: \Develop\Views\AreaE\PartsDefinition\RegistParts.view start...
[2026-07-25 01:07:50] [DEBUG] Screen::getContents() start...
[2026-07-25 01:07:50] [DEBUG] Screen::getContents() finish.
[2026-07-25 01:07:50] [DEBUG] Screen::updateAreaE() finish.
[2026-07-25 01:07:50] [DEBUG] PartsDefinitionController::editPartsAction() end.
[2026-07-25 01:07:50] [DEBUG] Screen::areaView() start...
[2026-07-25 01:07:50] [DEBUG] Screen::areaView() finish.
[2026-07-25 01:12:10] [DEBUG] --- wwProject System Start ---
[2026-07-25 01:12:10] [DEBUG] Router::Router() /jemini/wwProjectV1.53/Develop/Console/initial/
[2026-07-25 01:12:10] [DEBUG] Attempting to load: \Develop\Controllers\ConsoleController::initialAction
[2026-07-25 01:12:10] [DEBUG] Router: Executing \Develop\Controllers\ConsoleController->initialAction
[2026-07-25 01:12:10] [DEBUG] Console::initialAction() start...
[2026-07-25 01:12:10] [DEBUG] Screen::view() path: \Develop\Views\Console\Console.view start...
[2026-07-25 01:12:10] [DEBUG] Screen::getContents() start...
[2026-07-25 01:12:10] [DEBUG] Screen::getContents() finish.
[2026-07-25 01:12:10] [DEBUG] Screen::view() path: \Develop\Views\Console\Console.view finish.
[2026-07-25 01:12:10] [DEBUG] ConsoleController::initialAction() finish.
[2026-07-25 01:12:10] [DEBUG] --- wwProject System Start ---
[2026-07-25 01:12:10] [DEBUG] Router::Router() /jemini/wwProjectV1.53/Develop/Console/ServerBridgeAction/
[2026-07-25 01:12:10] [DEBUG] Attempting to load: \Develop\Controllers\ConsoleController::ServerBridgeAction
[2026-07-25 01:12:10] [DEBUG] Router: Executing \Develop\Controllers\ConsoleController->ServerBridgeAction
[2026-07-25 01:12:10] [DEBUG] ConsoleController::ServerBridge() start...
[2026-07-25 01:12:10] [DEBUG] ConsoleController::ServerBridge() \Develop\Controllers\ConsoleController::areaInitialAction()
[2026-07-25 01:12:10] [DEBUG] ConsoleController::AreaInitialAction() start...
[2026-07-25 01:12:10] [DEBUG] Screen::updateAreaA() path: \Develop\Views\AreaA\Area_A.view start...
[2026-07-25 01:12:10] [DEBUG] Screen::areaView() sending JSON: ["areas"]
[2026-07-25 01:12:10] [DEBUG] Screen::getContents() start...
[2026-07-25 01:12:10] [DEBUG] Screen::getContents() finish.
[2026-07-25 01:12:10] [DEBUG] Screen::updateAreaA() finish.
[2026-07-25 01:12:10] [DEBUG] Screen::updateAreaB() path: \Develop\Views\AreaB\Area_B.view start...
[2026-07-25 01:12:10] [DEBUG] Screen::getContents() start...
[2026-07-25 01:12:10] [DEBUG] Screen::getContents() finish.
[2026-07-25 01:12:10] [DEBUG] Screen::updateAreaB() finish.
[2026-07-25 01:12:10] [DEBUG] Screen::updateAreaD() path: \Develop\Views\AreaD\Area_D_clear.view start...
[2026-07-25 01:12:10] [DEBUG] Screen::getContents() start...
[2026-07-25 01:12:10] [DEBUG] Screen::getContents() finish.
[2026-07-25 01:12:10] [DEBUG] Screen::updateAreaD() finish.
[2026-07-25 01:12:10] [DEBUG] Screen::updateAreaE() [iframe起動版] path: \Develop\Views\AreaE\Area_E_clear.view start...
[2026-07-25 01:12:10] [DEBUG] Screen::getContents() start...
[2026-07-25 01:12:10] [DEBUG] Screen::getContents() finish.
[2026-07-25 01:12:10] [DEBUG] Screen::updateAreaE() finish.
[2026-07-25 01:12:10] [DEBUG] Screen::updateAreaF() path: \Develop\Views\AreaF\Area_F.view start...
[2026-07-25 01:12:10] [DEBUG] Screen::getContents() start...
[2026-07-25 01:12:10] [DEBUG] Screen::getContents() finish.
[2026-07-25 01:12:10] [DEBUG] Screen::updateAreaF() finish.
[2026-07-25 01:12:10] [DEBUG] ProjectController::startProjectNabi() start...
[2026-07-25 01:12:10] [DEBUG] ProjectController::getProjectListHtml() start...
[2026-07-25 01:12:10] [DEBUG] ProjectModel::getProjectList() start...
[2026-07-25 01:12:10] [DEBUG] ProjectModel::getProjectList() finish.
[2026-07-25 01:12:10] [DEBUG] CodeMasterModel：：getCodesByGroup() start...
[2026-07-25 01:12:10] [DEBUG] CodeMasterModel：：getCodesByGroup() finish.
[2026-07-25 01:12:10] [DEBUG] ProjectController::getNaviFooterHtml() start...
[2026-07-25 01:12:10] [DEBUG] ProjectController::getNaviFooterHtml() finish.
[2026-07-25 01:12:10] [DEBUG] ProjectController::startProjectNabi() finish.
[2026-07-25 01:12:10] [DEBUG] Screen::updateAreaC() \Develop\Views\AreaC\Area_C.view start...
[2026-07-25 01:12:10] [DEBUG] Screen::getContents() start...
[2026-07-25 01:12:10] [DEBUG] Screen::getContents() finish.
[2026-07-25 01:12:10] [DEBUG] Screen::updateAreaC() finish.
[2026-07-25 01:12:10] [DEBUG] ConsoleController::AreaInitialAction() finish.
[2026-07-25 01:12:10] [DEBUG] Screen::areaView() start...
[2026-07-25 01:12:10] [DEBUG] Screen::areaView() finish.
[2026-07-25 01:12:12] [DEBUG] --- wwProject System Start ---
[2026-07-25 01:12:12] [DEBUG] Router::Router() /jemini/wwProjectV1.53/Develop/Console/ServerBridgeAction/
[2026-07-25 01:12:12] [DEBUG] Attempting to load: \Develop\Controllers\ConsoleController::ServerBridgeAction
[2026-07-25 01:12:12] [DEBUG] Router: Executing \Develop\Controllers\ConsoleController->ServerBridgeAction
[2026-07-25 01:12:12] [DEBUG] ConsoleController::ServerBridge() start...
[2026-07-25 01:12:12] [DEBUG] ConsoleController::ServerBridge() \Develop\Controllers\PartsDefinitionController::InitialAction()
[2026-07-25 01:12:12] [DEBUG] DBDefinitionController::initialAction() start...
[2026-07-25 01:12:12] [DEBUG] PartsDefinitionController::initialAction() projectId : PRJ-D45FEF
[2026-07-25 01:12:12] [DEBUG] PartsDefinitionModel::getAllPartsList() start... Project ID: PRJ-D45FEF
[2026-07-25 01:12:12] [DEBUG] Screen::updateAreaD() path: \Develop\Views\AreaD\PartsDefinition\PartsDefinitionList.view start...
[2026-07-25 01:12:12] [DEBUG] Screen::getContents() start...
[2026-07-25 01:12:12] [DEBUG] Screen::getContents() finish.
[2026-07-25 01:12:12] [DEBUG] Screen::updateAreaD() finish.
[2026-07-25 01:12:12] [DEBUG] Screen::updateAreaE() [iframe起動版] path: \Develop\Views\AreaE\Area_E_clear.view start...
[2026-07-25 01:12:12] [DEBUG] Screen::getContents() start...
[2026-07-25 01:12:12] [DEBUG] Screen::getContents() finish.
[2026-07-25 01:12:12] [DEBUG] Screen::updateAreaE() finish.
[2026-07-25 01:12:12] [DEBUG] DBDefinitionController::initialAction() end.
[2026-07-25 01:12:12] [DEBUG] Screen::areaView() start...
[2026-07-25 01:12:12] [DEBUG] Screen::areaView() finish.
[2026-07-25 01:12:14] [DEBUG] --- wwProject System Start ---
[2026-07-25 01:12:14] [DEBUG] Router::Router() /jemini/wwProjectV1.53/Develop/Console/ServerBridgeAction/
[2026-07-25 01:12:14] [DEBUG] Attempting to load: \Develop\Controllers\ConsoleController::ServerBridgeAction
[2026-07-25 01:12:14] [DEBUG] Router: Executing \Develop\Controllers\ConsoleController->ServerBridgeAction
[2026-07-25 01:12:14] [DEBUG] ConsoleController::ServerBridge() start...
[2026-07-25 01:12:14] [DEBUG] ConsoleController::ServerBridge() \Develop\Controllers\PartsDefinitionController::editPartsAction()
[2026-07-25 01:12:14] [DEBUG] PartsDefinitionController::editPartsAction() start...
[2026-07-25 01:12:14] [DEBUG] PartsDefinitionModel::getAllPartsList() start... Project ID: PRJ-D45FEF
[2026-07-25 01:12:14] [DEBUG] PartsDefinitionModel::getTableStructure() start... Project ID: PRJ-D45FEF
[2026-07-25 01:12:14] [DEBUG] Screen::updateAreaE() [iframe起動版] path: \Develop\Views\AreaE\PartsDefinition\RegistParts.view start...
[2026-07-25 01:12:14] [DEBUG] Screen::getContents() start...
[2026-07-25 01:12:14] [DEBUG] Screen::getContents() finish.
[2026-07-25 01:12:14] [DEBUG] Screen::updateAreaE() finish.
[2026-07-25 01:12:14] [DEBUG] PartsDefinitionController::editPartsAction() end.
[2026-07-25 01:12:14] [DEBUG] Screen::areaView() start...
[2026-07-25 01:12:14] [DEBUG] Screen::areaView() finish.
[2026-07-25 01:12:21] [DEBUG] --- wwProject System Start ---
[2026-07-25 01:12:21] [DEBUG] Router::Router() /jemini/wwProjectV1.53/Develop/Console/ServerBridgeAction/
[2026-07-25 01:12:21] [DEBUG] Attempting to load: \Develop\Controllers\ConsoleController::ServerBridgeAction
[2026-07-25 01:12:21] [DEBUG] Router: Executing \Develop\Controllers\ConsoleController->ServerBridgeAction
[2026-07-25 01:12:21] [DEBUG] ConsoleController::ServerBridge() start...
[2026-07-25 01:12:21] [DEBUG] ConsoleController::ServerBridge() \Develop\Controllers\PartsDefinitionController::editPartsAction()
[2026-07-25 01:12:21] [DEBUG] PartsDefinitionController::editPartsAction() start...
[2026-07-25 01:12:21] [DEBUG] PartsDefinitionModel::getAllPartsList() start... Project ID: PRJ-D45FEF
[2026-07-25 01:12:21] [DEBUG] PartsDefinitionModel::getTableStructure() start... Project ID: PRJ-D45FEF
[2026-07-25 01:12:21] [DEBUG] Screen::updateAreaE() [iframe起動版] path: \Develop\Views\AreaE\PartsDefinition\RegistParts.view start...
[2026-07-25 01:12:21] [DEBUG] Screen::getContents() start...
[2026-07-25 01:12:21] [DEBUG] Screen::getContents() finish.
[2026-07-25 01:12:21] [DEBUG] Screen::updateAreaE() finish.
[2026-07-25 01:12:21] [DEBUG] PartsDefinitionController::editPartsAction() end.
[2026-07-25 01:12:21] [DEBUG] Screen::areaView() start...
[2026-07-25 01:12:21] [DEBUG] Screen::areaView() finish.
[2026-07-25 01:12:23] [DEBUG] --- wwProject System Start ---
[2026-07-25 01:12:23] [DEBUG] Router::Router() /jemini/wwProjectV1.53/Develop/Console/ServerBridgeAction/
[2026-07-25 01:12:23] [DEBUG] Attempting to load: \Develop\Controllers\ConsoleController::ServerBridgeAction
[2026-07-25 01:12:23] [DEBUG] Router: Executing \Develop\Controllers\ConsoleController->ServerBridgeAction
[2026-07-25 01:12:23] [DEBUG] ConsoleController::ServerBridge() start...
[2026-07-25 01:12:23] [DEBUG] ConsoleController::ServerBridge() \Develop\Controllers\PartsDefinitionController::editPartsAction()
[2026-07-25 01:12:23] [DEBUG] PartsDefinitionController::editPartsAction() start...
[2026-07-25 01:12:23] [DEBUG] PartsDefinitionModel::getAllPartsList() start... Project ID: PRJ-D45FEF
[2026-07-25 01:12:23] [DEBUG] PartsDefinitionModel::getTableStructure() start... Project ID: PRJ-D45FEF
[2026-07-25 01:12:23] [DEBUG] Screen::updateAreaE() [iframe起動版] path: \Develop\Views\AreaE\PartsDefinition\RegistParts.view start...
[2026-07-25 01:12:23] [DEBUG] Screen::getContents() start...
[2026-07-25 01:12:23] [DEBUG] Screen::getContents() finish.
[2026-07-25 01:12:23] [DEBUG] Screen::updateAreaE() finish.
[2026-07-25 01:12:23] [DEBUG] PartsDefinitionController::editPartsAction() end.
[2026-07-25 01:12:23] [DEBUG] Screen::areaView() start...
[2026-07-25 01:12:23] [DEBUG] Screen::areaView() finish.
[2026-07-25 01:12:35] [DEBUG] --- wwProject System Start ---
[2026-07-25 01:12:35] [DEBUG] Router::Router() /jemini/wwProjectV1.53/Develop/Console/ServerBridgeAction/
[2026-07-25 01:12:35] [DEBUG] Attempting to load: \Develop\Controllers\ConsoleController::ServerBridgeAction
[2026-07-25 01:12:35] [DEBUG] Router: Executing \Develop\Controllers\ConsoleController->ServerBridgeAction
[2026-07-25 01:12:35] [DEBUG] ConsoleController::ServerBridge() start...
[2026-07-25 01:12:35] [DEBUG] ConsoleController::ServerBridge() \Develop\Controllers\PartsDefinitionController::editPartsAction()
[2026-07-25 01:12:35] [DEBUG] PartsDefinitionController::editPartsAction() start...
[2026-07-25 01:12:35] [DEBUG] PartsDefinitionModel::getAllPartsList() start... Project ID: PRJ-D45FEF
[2026-07-25 01:12:35] [DEBUG] PartsDefinitionModel::getColumnsByTableId() start... Input: developers
[2026-07-25 01:12:35] [DEBUG] 逆引き成功: 物理名 developers -> table_id : 14
[2026-07-25 01:12:35] [DEBUG] PartsDefinitionModel::getColumnsByTableId() finish. 件数: 9
[2026-07-25 01:12:35] [DEBUG] PartsDefinitionModel::getTableStructure() start... Project ID: PRJ-D45FEF
[2026-07-25 01:12:35] [DEBUG] Screen::updateAreaE() [iframe起動版] path: \Develop\Views\AreaE\PartsDefinition\RegistParts.view start...
[2026-07-25 01:12:35] [DEBUG] Screen::getContents() start...
[2026-07-25 01:12:35] [DEBUG] Screen::getContents() finish.
[2026-07-25 01:12:35] [DEBUG] Screen::updateAreaE() finish.
[2026-07-25 01:12:35] [DEBUG] PartsDefinitionController::editPartsAction() end.
[2026-07-25 01:12:35] [DEBUG] Screen::areaView() start...
[2026-07-25 01:12:35] [DEBUG] Screen::areaView() finish.
[2026-07-25 01:12:39] [DEBUG] --- wwProject System Start ---
[2026-07-25 01:12:39] [DEBUG] Router::Router() /jemini/wwProjectV1.53/Develop/Console/ServerBridgeAction/
[2026-07-25 01:12:39] [DEBUG] Attempting to load: \Develop\Controllers\ConsoleController::ServerBridgeAction
[2026-07-25 01:12:39] [DEBUG] Router: Executing \Develop\Controllers\ConsoleController->ServerBridgeAction
[2026-07-25 01:12:39] [DEBUG] ConsoleController::ServerBridge() start...
[2026-07-25 01:12:39] [DEBUG] ConsoleController::ServerBridge() \Develop\Controllers\PartsDefinitionController::editPartsAction()
[2026-07-25 01:12:39] [DEBUG] PartsDefinitionController::editPartsAction() start...
[2026-07-25 01:12:39] [DEBUG] PartsDefinitionModel::getAllPartsList() start... Project ID: PRJ-D45FEF
[2026-07-25 01:12:39] [DEBUG] PartsDefinitionModel::getTableStructure() start... Project ID: PRJ-D45FEF
[2026-07-25 01:12:39] [DEBUG] Screen::updateAreaE() [iframe起動版] path: \Develop\Views\AreaE\PartsDefinition\RegistParts.view start...
[2026-07-25 01:12:39] [DEBUG] Screen::getContents() start...
[2026-07-25 01:12:39] [DEBUG] Screen::getContents() finish.
[2026-07-25 01:12:39] [DEBUG] Screen::updateAreaE() finish.
[2026-07-25 01:12:39] [DEBUG] PartsDefinitionController::editPartsAction() end.
[2026-07-25 01:12:39] [DEBUG] Screen::areaView() start...
[2026-07-25 01:12:39] [DEBUG] Screen::areaView() finish.
[2026-07-25 01:13:38] [DEBUG] --- wwProject System Start ---
[2026-07-25 01:13:38] [DEBUG] Router::Router() /jemini/wwProjectV1.53/Develop/Console/initial/
[2026-07-25 01:13:38] [DEBUG] Attempting to load: \Develop\Controllers\ConsoleController::initialAction
[2026-07-25 01:13:38] [DEBUG] Router: Executing \Develop\Controllers\ConsoleController->initialAction
[2026-07-25 01:13:38] [DEBUG] Console::initialAction() start...
[2026-07-25 01:13:38] [DEBUG] Screen::view() path: \Develop\Views\Console\Console.view start...
[2026-07-25 01:13:38] [DEBUG] Screen::getContents() start...
[2026-07-25 01:13:38] [DEBUG] Screen::getContents() finish.
[2026-07-25 01:13:38] [DEBUG] Screen::view() path: \Develop\Views\Console\Console.view finish.
[2026-07-25 01:13:38] [DEBUG] ConsoleController::initialAction() finish.
[2026-07-25 01:13:38] [DEBUG] --- wwProject System Start ---
[2026-07-25 01:13:38] [DEBUG] Router::Router() /jemini/wwProjectV1.53/Develop/Console/ServerBridgeAction/
[2026-07-25 01:13:38] [DEBUG] Attempting to load: \Develop\Controllers\ConsoleController::ServerBridgeAction
[2026-07-25 01:13:38] [DEBUG] Router: Executing \Develop\Controllers\ConsoleController->ServerBridgeAction
[2026-07-25 01:13:38] [DEBUG] ConsoleController::ServerBridge() start...
[2026-07-25 01:13:38] [DEBUG] ConsoleController::ServerBridge() \Develop\Controllers\ConsoleController::areaInitialAction()
[2026-07-25 01:13:38] [DEBUG] ConsoleController::AreaInitialAction() start...
[2026-07-25 01:13:38] [DEBUG] Screen::updateAreaA() path: \Develop\Views\AreaA\Area_A.view start...
[2026-07-25 01:13:38] [DEBUG] Screen::areaView() sending JSON: ["areas"]
[2026-07-25 01:13:38] [DEBUG] Screen::getContents() start...
[2026-07-25 01:13:38] [DEBUG] Screen::getContents() finish.
[2026-07-25 01:13:38] [DEBUG] Screen::updateAreaA() finish.
[2026-07-25 01:13:38] [DEBUG] Screen::updateAreaB() path: \Develop\Views\AreaB\Area_B.view start...
[2026-07-25 01:13:38] [DEBUG] Screen::getContents() start...
[2026-07-25 01:13:38] [DEBUG] Screen::getContents() finish.
[2026-07-25 01:13:38] [DEBUG] Screen::updateAreaB() finish.
[2026-07-25 01:13:38] [DEBUG] Screen::updateAreaD() path: \Develop\Views\AreaD\Area_D_clear.view start...
[2026-07-25 01:13:38] [DEBUG] Screen::getContents() start...
[2026-07-25 01:13:38] [DEBUG] Screen::getContents() finish.
[2026-07-25 01:13:38] [DEBUG] Screen::updateAreaD() finish.
[2026-07-25 01:13:38] [DEBUG] Screen::updateAreaE() [iframe起動版] path: \Develop\Views\AreaE\Area_E_clear.view start...
[2026-07-25 01:13:38] [DEBUG] Screen::getContents() start...
[2026-07-25 01:13:38] [DEBUG] Screen::getContents() finish.
[2026-07-25 01:13:38] [DEBUG] Screen::updateAreaE() finish.
[2026-07-25 01:13:38] [DEBUG] Screen::updateAreaF() path: \Develop\Views\AreaF\Area_F.view start...
[2026-07-25 01:13:38] [DEBUG] Screen::getContents() start...
[2026-07-25 01:13:38] [DEBUG] Screen::getContents() finish.
[2026-07-25 01:13:38] [DEBUG] Screen::updateAreaF() finish.
[2026-07-25 01:13:38] [DEBUG] ProjectController::startProjectNabi() start...
[2026-07-25 01:13:38] [DEBUG] ProjectController::getProjectListHtml() start...
[2026-07-25 01:13:38] [DEBUG] ProjectModel::getProjectList() start...
[2026-07-25 01:13:38] [DEBUG] ProjectModel::getProjectList() finish.
[2026-07-25 01:13:38] [DEBUG] CodeMasterModel：：getCodesByGroup() start...
[2026-07-25 01:13:38] [DEBUG] CodeMasterModel：：getCodesByGroup() finish.
[2026-07-25 01:13:38] [DEBUG] ProjectController::getNaviFooterHtml() start...
[2026-07-25 01:13:38] [DEBUG] ProjectController::getNaviFooterHtml() finish.
[2026-07-25 01:13:38] [DEBUG] ProjectController::startProjectNabi() finish.
[2026-07-25 01:13:38] [DEBUG] Screen::updateAreaC() \Develop\Views\AreaC\Area_C.view start...
[2026-07-25 01:13:38] [DEBUG] Screen::getContents() start...
[2026-07-25 01:13:38] [DEBUG] Screen::getContents() finish.
[2026-07-25 01:13:38] [DEBUG] Screen::updateAreaC() finish.
[2026-07-25 01:13:38] [DEBUG] ConsoleController::AreaInitialAction() finish.
[2026-07-25 01:13:38] [DEBUG] Screen::areaView() start...
[2026-07-25 01:13:38] [DEBUG] Screen::areaView() finish.
[2026-07-25 01:13:40] [DEBUG] --- wwProject System Start ---
[2026-07-25 01:13:40] [DEBUG] Router::Router() /jemini/wwProjectV1.53/Develop/Console/ServerBridgeAction/
[2026-07-25 01:13:40] [DEBUG] Attempting to load: \Develop\Controllers\ConsoleController::ServerBridgeAction
[2026-07-25 01:13:40] [DEBUG] Router: Executing \Develop\Controllers\ConsoleController->ServerBridgeAction
[2026-07-25 01:13:40] [DEBUG] ConsoleController::ServerBridge() start...
[2026-07-25 01:13:40] [DEBUG] ConsoleController::ServerBridge() \Develop\Controllers\PartsDefinitionController::InitialAction()
[2026-07-25 01:13:40] [DEBUG] DBDefinitionController::initialAction() start...
[2026-07-25 01:13:40] [DEBUG] PartsDefinitionController::initialAction() projectId : PRJ-D45FEF
[2026-07-25 01:13:40] [DEBUG] PartsDefinitionModel::getAllPartsList() start... Project ID: PRJ-D45FEF
[2026-07-25 01:13:40] [DEBUG] Screen::updateAreaD() path: \Develop\Views\AreaD\PartsDefinition\PartsDefinitionList.view start...
[2026-07-25 01:13:40] [DEBUG] Screen::getContents() start...
[2026-07-25 01:13:40] [DEBUG] Screen::getContents() finish.
[2026-07-25 01:13:40] [DEBUG] Screen::updateAreaD() finish.
[2026-07-25 01:13:40] [DEBUG] Screen::updateAreaE() [iframe起動版] path: \Develop\Views\AreaE\Area_E_clear.view start...
[2026-07-25 01:13:40] [DEBUG] Screen::getContents() start...
[2026-07-25 01:13:40] [DEBUG] Screen::getContents() finish.
[2026-07-25 01:13:40] [DEBUG] Screen::updateAreaE() finish.
[2026-07-25 01:13:40] [DEBUG] DBDefinitionController::initialAction() end.
[2026-07-25 01:13:40] [DEBUG] Screen::areaView() start...
[2026-07-25 01:13:40] [DEBUG] Screen::areaView() finish.
[2026-07-25 01:13:42] [DEBUG] --- wwProject System Start ---
[2026-07-25 01:13:42] [DEBUG] Router::Router() /jemini/wwProjectV1.53/Develop/Console/ServerBridgeAction/
[2026-07-25 01:13:42] [DEBUG] Attempting to load: \Develop\Controllers\ConsoleController::ServerBridgeAction
[2026-07-25 01:13:42] [DEBUG] Router: Executing \Develop\Controllers\ConsoleController->ServerBridgeAction
[2026-07-25 01:13:42] [DEBUG] ConsoleController::ServerBridge() start...
[2026-07-25 01:13:42] [DEBUG] ConsoleController::ServerBridge() \Develop\Controllers\PartsDefinitionController::editPartsAction()
[2026-07-25 01:13:42] [DEBUG] PartsDefinitionController::editPartsAction() start...
[2026-07-25 01:13:42] [DEBUG] PartsDefinitionModel::getAllPartsList() start... Project ID: PRJ-D45FEF
[2026-07-25 01:13:42] [DEBUG] PartsDefinitionModel::getTableStructure() start... Project ID: PRJ-D45FEF
[2026-07-25 01:13:42] [DEBUG] Screen::updateAreaE() [iframe起動版] path: \Develop\Views\AreaE\PartsDefinition\RegistParts.view start...
[2026-07-25 01:13:42] [DEBUG] Screen::getContents() start...
[2026-07-25 01:13:43] [DEBUG] Screen::getContents() finish.
[2026-07-25 01:13:43] [DEBUG] Screen::updateAreaE() finish.
[2026-07-25 01:13:43] [DEBUG] PartsDefinitionController::editPartsAction() end.
[2026-07-25 01:13:43] [DEBUG] Screen::areaView() start...
[2026-07-25 01:13:43] [DEBUG] Screen::areaView() finish.
[2026-07-25 01:13:48] [DEBUG] --- wwProject System Start ---
[2026-07-25 01:13:48] [DEBUG] Router::Router() /jemini/wwProjectV1.53/Develop/Console/ServerBridgeAction/
[2026-07-25 01:13:48] [DEBUG] Attempting to load: \Develop\Controllers\ConsoleController::ServerBridgeAction
[2026-07-25 01:13:48] [DEBUG] Router: Executing \Develop\Controllers\ConsoleController->ServerBridgeAction
[2026-07-25 01:13:48] [DEBUG] ConsoleController::ServerBridge() start...
[2026-07-25 01:13:48] [DEBUG] ConsoleController::ServerBridge() \Develop\Controllers\PartsDefinitionController::editPartsAction()
[2026-07-25 01:13:48] [DEBUG] PartsDefinitionController::editPartsAction() start...
[2026-07-25 01:13:48] [DEBUG] PartsDefinitionModel::getAllPartsList() start... Project ID: PRJ-D45FEF
[2026-07-25 01:13:48] [DEBUG] PartsDefinitionModel::getTableStructure() start... Project ID: PRJ-D45FEF
[2026-07-25 01:13:48] [DEBUG] Screen::updateAreaE() [iframe起動版] path: \Develop\Views\AreaE\PartsDefinition\RegistParts.view start...
[2026-07-25 01:13:48] [DEBUG] Screen::getContents() start...
[2026-07-25 01:13:48] [DEBUG] Screen::getContents() finish.
[2026-07-25 01:13:48] [DEBUG] Screen::updateAreaE() finish.
[2026-07-25 01:13:48] [DEBUG] PartsDefinitionController::editPartsAction() end.
[2026-07-25 01:13:48] [DEBUG] Screen::areaView() start...
[2026-07-25 01:13:48] [DEBUG] Screen::areaView() finish.
[2026-07-25 01:13:49] [DEBUG] --- wwProject System Start ---
[2026-07-25 01:13:49] [DEBUG] Router::Router() /jemini/wwProjectV1.53/Develop/Console/ServerBridgeAction/
[2026-07-25 01:13:49] [DEBUG] Attempting to load: \Develop\Controllers\ConsoleController::ServerBridgeAction
[2026-07-25 01:13:49] [DEBUG] Router: Executing \Develop\Controllers\ConsoleController->ServerBridgeAction
[2026-07-25 01:13:49] [DEBUG] ConsoleController::ServerBridge() start...
[2026-07-25 01:13:49] [DEBUG] ConsoleController::ServerBridge() \Develop\Controllers\PartsDefinitionController::editPartsAction()
[2026-07-25 01:13:49] [DEBUG] PartsDefinitionController::editPartsAction() start...
[2026-07-25 01:13:49] [DEBUG] PartsDefinitionModel::getAllPartsList() start... Project ID: PRJ-D45FEF
[2026-07-25 01:13:49] [DEBUG] PartsDefinitionModel::getTableStructure() start... Project ID: PRJ-D45FEF
[2026-07-25 01:13:49] [DEBUG] Screen::updateAreaE() [iframe起動版] path: \Develop\Views\AreaE\PartsDefinition\RegistParts.view start...
[2026-07-25 01:13:49] [DEBUG] Screen::getContents() start...
[2026-07-25 01:13:49] [DEBUG] Screen::getContents() finish.
[2026-07-25 01:13:49] [DEBUG] Screen::updateAreaE() finish.
[2026-07-25 01:13:49] [DEBUG] PartsDefinitionController::editPartsAction() end.
[2026-07-25 01:13:49] [DEBUG] Screen::areaView() start...
[2026-07-25 01:13:49] [DEBUG] Screen::areaView() finish.
[2026-07-25 01:13:50] [DEBUG] --- wwProject System Start ---
[2026-07-25 01:13:50] [DEBUG] Router::Router() /jemini/wwProjectV1.53/Develop/Console/ServerBridgeAction/
[2026-07-25 01:13:50] [DEBUG] Attempting to load: \Develop\Controllers\ConsoleController::ServerBridgeAction
[2026-07-25 01:13:50] [DEBUG] Router: Executing \Develop\Controllers\ConsoleController->ServerBridgeAction
[2026-07-25 01:13:50] [DEBUG] ConsoleController::ServerBridge() start...
[2026-07-25 01:13:50] [DEBUG] ConsoleController::ServerBridge() \Develop\Controllers\PartsDefinitionController::editPartsAction()
[2026-07-25 01:13:50] [DEBUG] PartsDefinitionController::editPartsAction() start...
[2026-07-25 01:13:50] [DEBUG] PartsDefinitionModel::getAllPartsList() start... Project ID: PRJ-D45FEF
[2026-07-25 01:13:50] [DEBUG] PartsDefinitionModel::getTableStructure() start... Project ID: PRJ-D45FEF
[2026-07-25 01:13:50] [DEBUG] Screen::updateAreaE() [iframe起動版] path: \Develop\Views\AreaE\PartsDefinition\RegistParts.view start...
[2026-07-25 01:13:50] [DEBUG] Screen::getContents() start...
[2026-07-25 01:13:50] [DEBUG] Screen::getContents() finish.
[2026-07-25 01:13:50] [DEBUG] Screen::updateAreaE() finish.
[2026-07-25 01:13:50] [DEBUG] PartsDefinitionController::editPartsAction() end.
[2026-07-25 01:13:50] [DEBUG] Screen::areaView() start...
[2026-07-25 01:13:50] [DEBUG] Screen::areaView() finish.
[2026-07-25 01:13:51] [DEBUG] --- wwProject System Start ---
[2026-07-25 01:13:51] [DEBUG] Router::Router() /jemini/wwProjectV1.53/Develop/Console/ServerBridgeAction/
[2026-07-25 01:13:51] [DEBUG] Attempting to load: \Develop\Controllers\ConsoleController::ServerBridgeAction
[2026-07-25 01:13:51] [DEBUG] Router: Executing \Develop\Controllers\ConsoleController->ServerBridgeAction
[2026-07-25 01:13:51] [DEBUG] ConsoleController::ServerBridge() start...
[2026-07-25 01:13:51] [DEBUG] ConsoleController::ServerBridge() \Develop\Controllers\PartsDefinitionController::editPartsAction()
[2026-07-25 01:13:51] [DEBUG] PartsDefinitionController::editPartsAction() start...
[2026-07-25 01:13:51] [DEBUG] PartsDefinitionModel::getAllPartsList() start... Project ID: PRJ-D45FEF
[2026-07-25 01:13:51] [DEBUG] PartsDefinitionModel::getTableStructure() start... Project ID: PRJ-D45FEF
[2026-07-25 01:13:51] [DEBUG] Screen::updateAreaE() [iframe起動版] path: \Develop\Views\AreaE\PartsDefinition\RegistParts.view start...
[2026-07-25 01:13:51] [DEBUG] Screen::getContents() start...
[2026-07-25 01:13:51] [DEBUG] Screen::getContents() finish.
[2026-07-25 01:13:51] [DEBUG] Screen::updateAreaE() finish.
[2026-07-25 01:13:51] [DEBUG] PartsDefinitionController::editPartsAction() end.
[2026-07-25 01:13:51] [DEBUG] Screen::areaView() start...
[2026-07-25 01:13:51] [DEBUG] Screen::areaView() finish.
[2026-07-25 01:13:52] [DEBUG] --- wwProject System Start ---
[2026-07-25 01:13:52] [DEBUG] Router::Router() /jemini/wwProjectV1.53/Develop/Console/ServerBridgeAction/
[2026-07-25 01:13:52] [DEBUG] Attempting to load: \Develop\Controllers\ConsoleController::ServerBridgeAction
[2026-07-25 01:13:52] [DEBUG] Router: Executing \Develop\Controllers\ConsoleController->ServerBridgeAction
[2026-07-25 01:13:52] [DEBUG] ConsoleController::ServerBridge() start...
[2026-07-25 01:13:52] [DEBUG] ConsoleController::ServerBridge() \Develop\Controllers\PartsDefinitionController::editPartsAction()
[2026-07-25 01:13:52] [DEBUG] PartsDefinitionController::editPartsAction() start...
[2026-07-25 01:13:52] [DEBUG] PartsDefinitionModel::getAllPartsList() start... Project ID: PRJ-D45FEF
[2026-07-25 01:13:52] [DEBUG] PartsDefinitionModel::getTableStructure() start... Project ID: PRJ-D45FEF
[2026-07-25 01:13:52] [DEBUG] Screen::updateAreaE() [iframe起動版] path: \Develop\Views\AreaE\PartsDefinition\RegistParts.view start...
[2026-07-25 01:13:52] [DEBUG] Screen::getContents() start...
[2026-07-25 01:13:52] [DEBUG] Screen::getContents() finish.
[2026-07-25 01:13:52] [DEBUG] Screen::updateAreaE() finish.
[2026-07-25 01:13:52] [DEBUG] PartsDefinitionController::editPartsAction() end.
[2026-07-25 01:13:52] [DEBUG] Screen::areaView() start...
[2026-07-25 01:13:52] [DEBUG] Screen::areaView() finish.
[2026-07-25 01:14:00] [DEBUG] --- wwProject System Start ---
[2026-07-25 01:14:00] [DEBUG] Router::Router() /jemini/wwProjectV1.53/Develop/Console/ServerBridgeAction/
[2026-07-25 01:14:00] [DEBUG] Attempting to load: \Develop\Controllers\ConsoleController::ServerBridgeAction
[2026-07-25 01:14:00] [DEBUG] Router: Executing \Develop\Controllers\ConsoleController->ServerBridgeAction
[2026-07-25 01:14:00] [DEBUG] ConsoleController::ServerBridge() start...
[2026-07-25 01:14:00] [DEBUG] ConsoleController::ServerBridge() \Develop\Controllers\PartsDefinitionController::editPartsAction()
[2026-07-25 01:14:00] [DEBUG] PartsDefinitionController::editPartsAction() start...
[2026-07-25 01:14:00] [DEBUG] PartsDefinitionModel::getAllPartsList() start... Project ID: PRJ-D45FEF
[2026-07-25 01:14:00] [DEBUG] PartsDefinitionModel::getTableStructure() start... Project ID: PRJ-D45FEF
[2026-07-25 01:14:00] [DEBUG] Screen::updateAreaE() [iframe起動版] path: \Develop\Views\AreaE\PartsDefinition\RegistParts.view start...
[2026-07-25 01:14:00] [DEBUG] Screen::getContents() start...
[2026-07-25 01:14:00] [DEBUG] Screen::getContents() finish.
[2026-07-25 01:14:00] [DEBUG] Screen::updateAreaE() finish.
[2026-07-25 01:14:00] [DEBUG] PartsDefinitionController::editPartsAction() end.
[2026-07-25 01:14:00] [DEBUG] Screen::areaView() start...
[2026-07-25 01:14:00] [DEBUG] Screen::areaView() finish.
[2026-07-25 01:14:02] [DEBUG] --- wwProject System Start ---
[2026-07-25 01:14:02] [DEBUG] Router::Router() /jemini/wwProjectV1.53/Develop/Console/ServerBridgeAction/
[2026-07-25 01:14:02] [DEBUG] Attempting to load: \Develop\Controllers\ConsoleController::ServerBridgeAction
[2026-07-25 01:14:02] [DEBUG] Router: Executing \Develop\Controllers\ConsoleController->ServerBridgeAction
[2026-07-25 01:14:02] [DEBUG] ConsoleController::ServerBridge() start...
[2026-07-25 01:14:02] [DEBUG] ConsoleController::ServerBridge() \Develop\Controllers\PartsDefinitionController::editPartsAction()
[2026-07-25 01:14:02] [DEBUG] PartsDefinitionController::editPartsAction() start...
[2026-07-25 01:14:02] [DEBUG] PartsDefinitionModel::getAllPartsList() start... Project ID: PRJ-D45FEF
[2026-07-25 01:14:02] [DEBUG] PartsDefinitionModel::getTableStructure() start... Project ID: PRJ-D45FEF
[2026-07-25 01:14:02] [DEBUG] Screen::updateAreaE() [iframe起動版] path: \Develop\Views\AreaE\PartsDefinition\RegistParts.view start...
[2026-07-25 01:14:02] [DEBUG] Screen::getContents() start...
[2026-07-25 01:14:02] [DEBUG] Screen::getContents() finish.
[2026-07-25 01:14:02] [DEBUG] Screen::updateAreaE() finish.
[2026-07-25 01:14:02] [DEBUG] PartsDefinitionController::editPartsAction() end.
[2026-07-25 01:14:02] [DEBUG] Screen::areaView() start...
[2026-07-25 01:14:02] [DEBUG] Screen::areaView() finish.
[2026-07-25 01:14:03] [DEBUG] --- wwProject System Start ---
[2026-07-25 01:14:03] [DEBUG] Router::Router() /jemini/wwProjectV1.53/Develop/Console/ServerBridgeAction/
[2026-07-25 01:14:03] [DEBUG] Attempting to load: \Develop\Controllers\ConsoleController::ServerBridgeAction
[2026-07-25 01:14:03] [DEBUG] Router: Executing \Develop\Controllers\ConsoleController->ServerBridgeAction
[2026-07-25 01:14:03] [DEBUG] ConsoleController::ServerBridge() start...
[2026-07-25 01:14:03] [DEBUG] ConsoleController::ServerBridge() \Develop\Controllers\PartsDefinitionController::editPartsAction()
[2026-07-25 01:14:03] [DEBUG] PartsDefinitionController::editPartsAction() start...
[2026-07-25 01:14:03] [DEBUG] PartsDefinitionModel::getAllPartsList() start... Project ID: PRJ-D45FEF
[2026-07-25 01:14:03] [DEBUG] PartsDefinitionModel::getTableStructure() start... Project ID: PRJ-D45FEF
[2026-07-25 01:14:03] [DEBUG] Screen::updateAreaE() [iframe起動版] path: \Develop\Views\AreaE\PartsDefinition\RegistParts.view start...
[2026-07-25 01:14:03] [DEBUG] Screen::getContents() start...
[2026-07-25 01:14:03] [DEBUG] Screen::getContents() finish.
[2026-07-25 01:14:03] [DEBUG] Screen::updateAreaE() finish.
[2026-07-25 01:14:03] [DEBUG] PartsDefinitionController::editPartsAction() end.
[2026-07-25 01:14:03] [DEBUG] Screen::areaView() start...
[2026-07-25 01:14:03] [DEBUG] Screen::areaView() finish.
[2026-07-25 01:17:45] [DEBUG] --- wwProject System Start ---
[2026-07-25 01:17:45] [DEBUG] Router::Router() /jemini/wwProjectV1.53/Develop/Console/ServerBridgeAction/
[2026-07-25 01:17:45] [DEBUG] Attempting to load: \Develop\Controllers\ConsoleController::ServerBridgeAction
[2026-07-25 01:17:45] [DEBUG] Router: Executing \Develop\Controllers\ConsoleController->ServerBridgeAction
[2026-07-25 01:17:45] [DEBUG] ConsoleController::ServerBridge() start...
[2026-07-25 01:17:45] [DEBUG] ConsoleController::ServerBridge() \Develop\Controllers\PartsDefinitionController::editPartsAction()
[2026-07-25 01:17:45] [DEBUG] PartsDefinitionController::editPartsAction() start...
[2026-07-25 01:17:45] [DEBUG] PartsDefinitionModel::getAllPartsList() start... Project ID: PRJ-D45FEF
[2026-07-25 01:17:45] [DEBUG] PartsDefinitionModel::getTableStructure() start... Project ID: PRJ-D45FEF
[2026-07-25 01:17:45] [DEBUG] Screen::updateAreaE() [iframe起動版] path: \Develop\Views\AreaE\PartsDefinition\RegistParts.view start...
[2026-07-25 01:17:45] [DEBUG] Screen::getContents() start...
[2026-07-25 01:17:45] [DEBUG] Screen::getContents() finish.
[2026-07-25 01:17:45] [DEBUG] Screen::updateAreaE() finish.
[2026-07-25 01:17:45] [DEBUG] PartsDefinitionController::editPartsAction() end.
[2026-07-25 01:17:45] [DEBUG] Screen::areaView() start...
[2026-07-25 01:17:45] [DEBUG] Screen::areaView() finish.
[2026-07-25 01:17:46] [DEBUG] --- wwProject System Start ---
[2026-07-25 01:17:46] [DEBUG] Router::Router() /jemini/wwProjectV1.53/Develop/Console/ServerBridgeAction/
[2026-07-25 01:17:46] [DEBUG] Attempting to load: \Develop\Controllers\ConsoleController::ServerBridgeAction
[2026-07-25 01:17:46] [DEBUG] Router: Executing \Develop\Controllers\ConsoleController->ServerBridgeAction
[2026-07-25 01:17:46] [DEBUG] ConsoleController::ServerBridge() start...
[2026-07-25 01:17:46] [DEBUG] ConsoleController::ServerBridge() \Develop\Controllers\PartsDefinitionController::editPartsAction()
[2026-07-25 01:17:46] [DEBUG] PartsDefinitionController::editPartsAction() start...
[2026-07-25 01:17:46] [DEBUG] PartsDefinitionModel::getAllPartsList() start... Project ID: PRJ-D45FEF
[2026-07-25 01:17:46] [DEBUG] PartsDefinitionModel::getTableStructure() start... Project ID: PRJ-D45FEF
[2026-07-25 01:17:46] [DEBUG] Screen::updateAreaE() [iframe起動版] path: \Develop\Views\AreaE\PartsDefinition\RegistParts.view start...
[2026-07-25 01:17:46] [DEBUG] Screen::getContents() start...
[2026-07-25 01:17:46] [DEBUG] Screen::getContents() finish.
[2026-07-25 01:17:46] [DEBUG] Screen::updateAreaE() finish.
[2026-07-25 01:17:46] [DEBUG] PartsDefinitionController::editPartsAction() end.
[2026-07-25 01:17:46] [DEBUG] Screen::areaView() start...
[2026-07-25 01:17:46] [DEBUG] Screen::areaView() finish.
[2026-07-25 01:21:21] [DEBUG] --- wwProject System Start ---
[2026-07-25 01:21:21] [DEBUG] Router::Router() /jemini/wwProjectV1.53/Develop/Console/initial/
[2026-07-25 01:21:21] [DEBUG] Attempting to load: \Develop\Controllers\ConsoleController::initialAction
[2026-07-25 01:21:21] [DEBUG] Router: Executing \Develop\Controllers\ConsoleController->initialAction
[2026-07-25 01:21:21] [DEBUG] Console::initialAction() start...
[2026-07-25 01:21:21] [DEBUG] Screen::view() path: \Develop\Views\Console\Console.view start...
[2026-07-25 01:21:21] [DEBUG] Screen::getContents() start...
[2026-07-25 01:21:21] [DEBUG] Screen::getContents() finish.
[2026-07-25 01:21:21] [DEBUG] Screen::view() path: \Develop\Views\Console\Console.view finish.
[2026-07-25 01:21:21] [DEBUG] ConsoleController::initialAction() finish.
[2026-07-25 01:21:21] [DEBUG] --- wwProject System Start ---
[2026-07-25 01:21:21] [DEBUG] Router::Router() /jemini/wwProjectV1.53/Develop/Console/ServerBridgeAction/
[2026-07-25 01:21:21] [DEBUG] Attempting to load: \Develop\Controllers\ConsoleController::ServerBridgeAction
[2026-07-25 01:21:21] [DEBUG] Router: Executing \Develop\Controllers\ConsoleController->ServerBridgeAction
[2026-07-25 01:21:21] [DEBUG] ConsoleController::ServerBridge() start...
[2026-07-25 01:21:21] [DEBUG] ConsoleController::ServerBridge() \Develop\Controllers\ConsoleController::areaInitialAction()
[2026-07-25 01:21:21] [DEBUG] ConsoleController::AreaInitialAction() start...
[2026-07-25 01:21:21] [DEBUG] Screen::updateAreaA() path: \Develop\Views\AreaA\Area_A.view start...
[2026-07-25 01:21:21] [DEBUG] Screen::areaView() sending JSON: ["areas"]
[2026-07-25 01:21:21] [DEBUG] Screen::getContents() start...
[2026-07-25 01:21:21] [DEBUG] Screen::getContents() finish.
[2026-07-25 01:21:21] [DEBUG] Screen::updateAreaA() finish.
[2026-07-25 01:21:21] [DEBUG] Screen::updateAreaB() path: \Develop\Views\AreaB\Area_B.view start...
[2026-07-25 01:21:21] [DEBUG] Screen::getContents() start...
[2026-07-25 01:21:21] [DEBUG] Screen::getContents() finish.
[2026-07-25 01:21:21] [DEBUG] Screen::updateAreaB() finish.
[2026-07-25 01:21:21] [DEBUG] Screen::updateAreaD() path: \Develop\Views\AreaD\Area_D_clear.view start...
[2026-07-25 01:21:21] [DEBUG] Screen::getContents() start...
[2026-07-25 01:21:21] [DEBUG] Screen::getContents() finish.
[2026-07-25 01:21:21] [DEBUG] Screen::updateAreaD() finish.
[2026-07-25 01:21:21] [DEBUG] Screen::updateAreaE() [iframe起動版] path: \Develop\Views\AreaE\Area_E_clear.view start...
[2026-07-25 01:21:21] [DEBUG] Screen::getContents() start...
[2026-07-25 01:21:21] [DEBUG] Screen::getContents() finish.
[2026-07-25 01:21:21] [DEBUG] Screen::updateAreaE() finish.
[2026-07-25 01:21:21] [DEBUG] Screen::updateAreaF() path: \Develop\Views\AreaF\Area_F.view start...
[2026-07-25 01:21:21] [DEBUG] Screen::getContents() start...
[2026-07-25 01:21:21] [DEBUG] Screen::getContents() finish.
[2026-07-25 01:21:21] [DEBUG] Screen::updateAreaF() finish.
[2026-07-25 01:21:21] [DEBUG] ProjectController::startProjectNabi() start...
[2026-07-25 01:21:21] [DEBUG] ProjectController::getProjectListHtml() start...
[2026-07-25 01:21:21] [DEBUG] ProjectModel::getProjectList() start...
[2026-07-25 01:21:21] [DEBUG] ProjectModel::getProjectList() finish.
[2026-07-25 01:21:21] [DEBUG] CodeMasterModel：：getCodesByGroup() start...
[2026-07-25 01:21:21] [DEBUG] CodeMasterModel：：getCodesByGroup() finish.
[2026-07-25 01:21:21] [DEBUG] ProjectController::getNaviFooterHtml() start...
[2026-07-25 01:21:21] [DEBUG] ProjectController::getNaviFooterHtml() finish.
[2026-07-25 01:21:21] [DEBUG] ProjectController::startProjectNabi() finish.
[2026-07-25 01:21:21] [DEBUG] Screen::updateAreaC() \Develop\Views\AreaC\Area_C.view start...
[2026-07-25 01:21:21] [DEBUG] Screen::getContents() start...
[2026-07-25 01:21:21] [DEBUG] Screen::getContents() finish.
[2026-07-25 01:21:21] [DEBUG] Screen::updateAreaC() finish.
[2026-07-25 01:21:21] [DEBUG] ConsoleController::AreaInitialAction() finish.
[2026-07-25 01:21:21] [DEBUG] Screen::areaView() start...
[2026-07-25 01:21:21] [DEBUG] Screen::areaView() finish.
[2026-07-25 01:21:23] [DEBUG] --- wwProject System Start ---
[2026-07-25 01:21:23] [DEBUG] Router::Router() /jemini/wwProjectV1.53/Develop/Console/ServerBridgeAction/
[2026-07-25 01:21:23] [DEBUG] Attempting to load: \Develop\Controllers\ConsoleController::ServerBridgeAction
[2026-07-25 01:21:23] [DEBUG] Router: Executing \Develop\Controllers\ConsoleController->ServerBridgeAction
[2026-07-25 01:21:23] [DEBUG] ConsoleController::ServerBridge() start...
[2026-07-25 01:21:23] [DEBUG] ConsoleController::ServerBridge() \Develop\Controllers\PartsDefinitionController::InitialAction()
[2026-07-25 01:21:23] [DEBUG] DBDefinitionController::initialAction() start...
[2026-07-25 01:21:23] [DEBUG] PartsDefinitionController::initialAction() projectId : PRJ-D45FEF
[2026-07-25 01:21:23] [DEBUG] PartsDefinitionModel::getAllPartsList() start... Project ID: PRJ-D45FEF
[2026-07-25 01:21:23] [DEBUG] Screen::updateAreaD() path: \Develop\Views\AreaD\PartsDefinition\PartsDefinitionList.view start...
[2026-07-25 01:21:23] [DEBUG] Screen::getContents() start...
[2026-07-25 01:21:23] [DEBUG] Screen::getContents() finish.
[2026-07-25 01:21:23] [DEBUG] Screen::updateAreaD() finish.
[2026-07-25 01:21:23] [DEBUG] Screen::updateAreaE() [iframe起動版] path: \Develop\Views\AreaE\Area_E_clear.view start...
[2026-07-25 01:21:23] [DEBUG] Screen::getContents() start...
[2026-07-25 01:21:23] [DEBUG] Screen::getContents() finish.
[2026-07-25 01:21:23] [DEBUG] Screen::updateAreaE() finish.
[2026-07-25 01:21:23] [DEBUG] DBDefinitionController::initialAction() end.
[2026-07-25 01:21:23] [DEBUG] Screen::areaView() start...
[2026-07-25 01:21:23] [DEBUG] Screen::areaView() finish.
[2026-07-25 01:21:29] [DEBUG] --- wwProject System Start ---
[2026-07-25 01:21:29] [DEBUG] Router::Router() /jemini/wwProjectV1.53/Develop/Console/ServerBridgeAction/
[2026-07-25 01:21:29] [DEBUG] Attempting to load: \Develop\Controllers\ConsoleController::ServerBridgeAction
[2026-07-25 01:21:29] [DEBUG] Router: Executing \Develop\Controllers\ConsoleController->ServerBridgeAction
[2026-07-25 01:21:29] [DEBUG] ConsoleController::ServerBridge() start...
[2026-07-25 01:21:29] [DEBUG] ConsoleController::ServerBridge() \Develop\Controllers\PartsDefinitionController::editPartsAction()
[2026-07-25 01:21:29] [DEBUG] PartsDefinitionController::editPartsAction() start...
[2026-07-25 01:21:29] [DEBUG] PartsDefinitionModel::getAllPartsList() start... Project ID: PRJ-D45FEF
[2026-07-25 01:21:29] [DEBUG] PartsDefinitionModel::getTableStructure() start... Project ID: PRJ-D45FEF
[2026-07-25 01:21:29] [DEBUG] Screen::updateAreaE() [iframe起動版] path: \Develop\Views\AreaE\PartsDefinition\RegistParts.view start...
[2026-07-25 01:21:29] [DEBUG] Screen::getContents() start...
[2026-07-25 01:21:29] [DEBUG] Screen::getContents() finish.
[2026-07-25 01:21:29] [DEBUG] Screen::updateAreaE() finish.
[2026-07-25 01:21:29] [DEBUG] PartsDefinitionController::editPartsAction() end.
[2026-07-25 01:21:29] [DEBUG] Screen::areaView() start...
[2026-07-25 01:21:29] [DEBUG] Screen::areaView() finish.
[2026-07-25 01:21:31] [DEBUG] --- wwProject System Start ---
[2026-07-25 01:21:31] [DEBUG] Router::Router() /jemini/wwProjectV1.53/Develop/Console/ServerBridgeAction/
[2026-07-25 01:21:31] [DEBUG] Attempting to load: \Develop\Controllers\ConsoleController::ServerBridgeAction
[2026-07-25 01:21:31] [DEBUG] Router: Executing \Develop\Controllers\ConsoleController->ServerBridgeAction
[2026-07-25 01:21:31] [DEBUG] ConsoleController::ServerBridge() start...
[2026-07-25 01:21:31] [DEBUG] ConsoleController::ServerBridge() \Develop\Controllers\PartsDefinitionController::editPartsAction()
[2026-07-25 01:21:31] [DEBUG] PartsDefinitionController::editPartsAction() start...
[2026-07-25 01:21:31] [DEBUG] PartsDefinitionModel::getAllPartsList() start... Project ID: PRJ-D45FEF
[2026-07-25 01:21:31] [DEBUG] PartsDefinitionModel::getTableStructure() start... Project ID: PRJ-D45FEF
[2026-07-25 01:21:31] [DEBUG] Screen::updateAreaE() [iframe起動版] path: \Develop\Views\AreaE\PartsDefinition\RegistParts.view start...
[2026-07-25 01:21:31] [DEBUG] Screen::getContents() start...
[2026-07-25 01:21:31] [DEBUG] Screen::getContents() finish.
[2026-07-25 01:21:31] [DEBUG] Screen::updateAreaE() finish.
[2026-07-25 01:21:31] [DEBUG] PartsDefinitionController::editPartsAction() end.
[2026-07-25 01:21:31] [DEBUG] Screen::areaView() start...
[2026-07-25 01:21:31] [DEBUG] Screen::areaView() finish.
[2026-07-25 01:21:33] [DEBUG] --- wwProject System Start ---
[2026-07-25 01:21:33] [DEBUG] Router::Router() /jemini/wwProjectV1.53/Develop/Console/ServerBridgeAction/
[2026-07-25 01:21:33] [DEBUG] Attempting to load: \Develop\Controllers\ConsoleController::ServerBridgeAction
[2026-07-25 01:21:33] [DEBUG] Router: Executing \Develop\Controllers\ConsoleController->ServerBridgeAction
[2026-07-25 01:21:33] [DEBUG] ConsoleController::ServerBridge() start...
[2026-07-25 01:21:33] [DEBUG] ConsoleController::ServerBridge() \Develop\Controllers\PartsDefinitionController::editPartsAction()
[2026-07-25 01:21:33] [DEBUG] PartsDefinitionController::editPartsAction() start...
[2026-07-25 01:21:33] [DEBUG] PartsDefinitionModel::getAllPartsList() start... Project ID: PRJ-D45FEF
[2026-07-25 01:21:33] [DEBUG] PartsDefinitionModel::getTableStructure() start... Project ID: PRJ-D45FEF
[2026-07-25 01:21:33] [DEBUG] Screen::updateAreaE() [iframe起動版] path: \Develop\Views\AreaE\PartsDefinition\RegistParts.view start...
[2026-07-25 01:21:33] [DEBUG] Screen::getContents() start...
[2026-07-25 01:21:33] [DEBUG] Screen::getContents() finish.
[2026-07-25 01:21:33] [DEBUG] Screen::updateAreaE() finish.
[2026-07-25 01:21:33] [DEBUG] PartsDefinitionController::editPartsAction() end.
[2026-07-25 01:21:33] [DEBUG] Screen::areaView() start...
[2026-07-25 01:21:33] [DEBUG] Screen::areaView() finish.
[2026-07-25 01:21:35] [DEBUG] --- wwProject System Start ---
[2026-07-25 01:21:35] [DEBUG] Router::Router() /jemini/wwProjectV1.53/Develop/Console/ServerBridgeAction/
[2026-07-25 01:21:35] [DEBUG] Attempting to load: \Develop\Controllers\ConsoleController::ServerBridgeAction
[2026-07-25 01:21:35] [DEBUG] Router: Executing \Develop\Controllers\ConsoleController->ServerBridgeAction
[2026-07-25 01:21:35] [DEBUG] ConsoleController::ServerBridge() start...
[2026-07-25 01:21:35] [DEBUG] ConsoleController::ServerBridge() \Develop\Controllers\PartsDefinitionController::editPartsAction()
[2026-07-25 01:21:35] [DEBUG] PartsDefinitionController::editPartsAction() start...
[2026-07-25 01:21:35] [DEBUG] PartsDefinitionModel::getAllPartsList() start... Project ID: PRJ-D45FEF
[2026-07-25 01:21:35] [DEBUG] PartsDefinitionModel::getTableStructure() start... Project ID: PRJ-D45FEF
[2026-07-25 01:21:35] [DEBUG] Screen::updateAreaE() [iframe起動版] path: \Develop\Views\AreaE\PartsDefinition\RegistParts.view start...
[2026-07-25 01:21:35] [DEBUG] Screen::getContents() start...
[2026-07-25 01:21:35] [DEBUG] Screen::getContents() finish.
[2026-07-25 01:21:35] [DEBUG] Screen::updateAreaE() finish.
[2026-07-25 01:21:35] [DEBUG] PartsDefinitionController::editPartsAction() end.
[2026-07-25 01:21:35] [DEBUG] Screen::areaView() start...
[2026-07-25 01:21:35] [DEBUG] Screen::areaView() finish.
[2026-07-25 01:21:42] [DEBUG] --- wwProject System Start ---
[2026-07-25 01:21:42] [DEBUG] Router::Router() /jemini/wwProjectV1.53/Develop/Console/ServerBridgeAction/
[2026-07-25 01:21:42] [DEBUG] Attempting to load: \Develop\Controllers\ConsoleController::ServerBridgeAction
[2026-07-25 01:21:42] [DEBUG] Router: Executing \Develop\Controllers\ConsoleController->ServerBridgeAction
[2026-07-25 01:21:42] [DEBUG] ConsoleController::ServerBridge() start...
[2026-07-25 01:21:42] [DEBUG] ConsoleController::ServerBridge() \Develop\Controllers\PartsDefinitionController::newPartsAction()
[2026-07-25 01:21:42] [DEBUG] PartsDefinitionController::newPartsAction() start...
[2026-07-25 01:21:42] [DEBUG] PartsDefinitionModel::getTableStructure() start... Project ID: PRJ-D45FEF
[2026-07-25 01:21:42] [DEBUG] Screen::updateAreaE() [iframe起動版] path: \Develop\Views\AreaE\PartsDefinition\RegistParts.view start...
[2026-07-25 01:21:42] [DEBUG] Screen::getContents() start...
[2026-07-25 01:21:42] [DEBUG] Screen::getContents() finish.
[2026-07-25 01:21:42] [DEBUG] Screen::updateAreaE() finish.
[2026-07-25 01:21:42] [DEBUG] PartsDefinitionController::newPartsAction() end.
[2026-07-25 01:21:42] [DEBUG] Screen::areaView() start...
[2026-07-25 01:21:42] [DEBUG] Screen::areaView() finish.
[2026-07-25 01:21:49] [DEBUG] --- wwProject System Start ---
[2026-07-25 01:21:49] [DEBUG] Router::Router() /jemini/wwProjectV1.53/Develop/Console/ServerBridgeAction/
[2026-07-25 01:21:49] [DEBUG] Attempting to load: \Develop\Controllers\ConsoleController::ServerBridgeAction
[2026-07-25 01:21:49] [DEBUG] Router: Executing \Develop\Controllers\ConsoleController->ServerBridgeAction
[2026-07-25 01:21:49] [DEBUG] ConsoleController::ServerBridge() start...
[2026-07-25 01:21:49] [DEBUG] ConsoleController::ServerBridge() \Develop\Controllers\PartsDefinitionController::changeTypeAction()
[2026-07-25 01:21:49] [DEBUG] PartsDefinitionController::changeTypeAction() start...
[2026-07-25 01:21:49] [DEBUG] PartsDefinitionModel::getTableStructure() start... Project ID: PRJ-D45FEF
[2026-07-25 01:21:49] [DEBUG] Screen::updateAreaE() [iframe起動版] path: \Develop\Views\AreaE\PartsDefinition\RegistParts.view start...
[2026-07-25 01:21:49] [DEBUG] Screen::getContents() start...
[2026-07-25 01:21:49] [DEBUG] Screen::getContents() finish.
[2026-07-25 01:21:49] [DEBUG] Screen::updateAreaE() finish.
[2026-07-25 01:21:49] [DEBUG] PartsDefinitionController::changeTypeAction() end.
[2026-07-25 01:21:49] [DEBUG] Screen::areaView() start...
[2026-07-25 01:21:49] [DEBUG] Screen::areaView() finish.
[2026-07-25 01:22:26] [DEBUG] --- wwProject System Start ---
[2026-07-25 01:22:26] [DEBUG] Router::Router() /jemini/wwProjectV1.53/Develop/Console/ServerBridgeAction/
[2026-07-25 01:22:26] [DEBUG] Attempting to load: \Develop\Controllers\ConsoleController::ServerBridgeAction
[2026-07-25 01:22:26] [DEBUG] Router: Executing \Develop\Controllers\ConsoleController->ServerBridgeAction
[2026-07-25 01:22:26] [DEBUG] ConsoleController::ServerBridge() start...
[2026-07-25 01:22:26] [DEBUG] ConsoleController::ServerBridge() \Develop\Controllers\PartsDefinitionController::saveAction()
[2026-07-25 01:22:26] [DEBUG] PartsDefinitionController::saveAction() start...
[2026-07-25 01:22:26] [DEBUG] 🔍送信されたPOSTデータ: {"code":"PartsDefinition\/save","parts_id":"","parts_name":"６６６６６６６６６６６","parts_description":"６６６６６６６６６６６","parts_type":"Text Display","table_name":"","preview_title":"","input_rows":"","display_label":"","column_filter":"","checked_columns_json":"[]","input_style":"fixed"}
[2026-07-25 01:22:26] [DEBUG] PartsDefinitionModel::saveParts() start... Project ID: PRJ-D45FEF, Parts ID: 
[2026-07-25 01:22:26] [DEBUG] PartsDefinitionModel::saveParts() 保存するchecked_columns_jsonの値: [[]]
[2026-07-25 01:22:26] [DEBUG] PartsDefinitionModel::saveParts() search_area : 
[2026-07-25 01:22:26] [DEBUG] PartsDefinitionModel::saveParts() detail_button : 
[2026-07-25 01:22:26] [DEBUG] PartsDefinitionModel::saveParts() INSERT INTO m_screenparts (
                            project_id,
                            parts_name,
                            parts_description,
                            parts_type,
                            table_name,
                            display_label,
                            preview_title,
                            column_filter,
                            input_rows,
                            checked_columns_json,
                            input_style,
                            contents,
                            style_condition,
                            style_column,
                            search_area,
                            detail_button
                        ) VALUES (
                            :project_id,
                            :parts_name,
                            :parts_description,
                            :parts_type,
                            :table_name,
                            :display_label,
                            :preview_title,
                            :column_filter,
                            :input_rows,
                            :checked_columns_json,
                            :input_style,
                            :contents,
                            :style_condition,
                            :style_column,
                            :search_area,
                            :detail_button
                        )
[2026-07-25 01:22:26] [DEBUG] PartsDefinitionModel::saveParts() INSERTを実行します。
[2026-07-25 01:22:26] [DEBUG] PartsDefinitionModel::getAllPartsList() start... Project ID: PRJ-D45FEF
[2026-07-25 01:22:26] [DEBUG] Screen::updateAreaD() path: \Develop\Views\AreaD\PartsDefinition\PartsDefinitionList.view start...
[2026-07-25 01:22:26] [DEBUG] Screen::getContents() start...
[2026-07-25 01:22:26] [DEBUG] Screen::getContents() finish.
[2026-07-25 01:22:26] [DEBUG] Screen::updateAreaD() finish.
[2026-07-25 01:22:26] [DEBUG] Screen::updateAreaE() [iframe起動版] path: \Develop\Views\AreaE\Area_E_clear.view start...
[2026-07-25 01:22:26] [DEBUG] Screen::getContents() start...
[2026-07-25 01:22:26] [DEBUG] Screen::getContents() finish.
[2026-07-25 01:22:26] [DEBUG] Screen::updateAreaE() finish.
[2026-07-25 01:22:26] [DEBUG] PartsDefinitionController::saveAction() end.
[2026-07-25 01:22:26] [DEBUG] Screen::areaView() start...
[2026-07-25 01:22:26] [DEBUG] Screen::areaView() finish.
[2026-07-25 01:22:29] [DEBUG] --- wwProject System Start ---
[2026-07-25 01:22:29] [DEBUG] Router::Router() /jemini/wwProjectV1.53/Develop/Console/ServerBridgeAction/
[2026-07-25 01:22:29] [DEBUG] Attempting to load: \Develop\Controllers\ConsoleController::ServerBridgeAction
[2026-07-25 01:22:29] [DEBUG] Router: Executing \Develop\Controllers\ConsoleController->ServerBridgeAction
[2026-07-25 01:22:29] [DEBUG] ConsoleController::ServerBridge() start...
[2026-07-25 01:22:29] [DEBUG] ConsoleController::ServerBridge() \Develop\Controllers\PartsDefinitionController::editPartsAction()
[2026-07-25 01:22:29] [DEBUG] PartsDefinitionController::editPartsAction() start...
[2026-07-25 01:22:29] [DEBUG] PartsDefinitionModel::getAllPartsList() start... Project ID: PRJ-D45FEF
[2026-07-25 01:22:29] [DEBUG] PartsDefinitionModel::getTableStructure() start... Project ID: PRJ-D45FEF
[2026-07-25 01:22:29] [DEBUG] Screen::updateAreaE() [iframe起動版] path: \Develop\Views\AreaE\PartsDefinition\RegistParts.view start...
[2026-07-25 01:22:29] [DEBUG] Screen::getContents() start...
[2026-07-25 01:22:29] [DEBUG] Screen::getContents() finish.
[2026-07-25 01:22:29] [DEBUG] Screen::updateAreaE() finish.
[2026-07-25 01:22:29] [DEBUG] PartsDefinitionController::editPartsAction() end.
[2026-07-25 01:22:29] [DEBUG] Screen::areaView() start...
[2026-07-25 01:22:29] [DEBUG] Screen::areaView() finish.
[2026-07-25 01:26:51] [DEBUG] --- wwProject System Start ---
[2026-07-25 01:26:51] [DEBUG] Router::Router() /jemini/wwProjectV1.53/Develop/Console/initial/
[2026-07-25 01:26:51] [DEBUG] Attempting to load: \Develop\Controllers\ConsoleController::initialAction
[2026-07-25 01:26:51] [DEBUG] Router: Executing \Develop\Controllers\ConsoleController->initialAction
[2026-07-25 01:26:51] [DEBUG] Console::initialAction() start...
[2026-07-25 01:26:51] [DEBUG] Screen::view() path: \Develop\Views\Console\Console.view start...
[2026-07-25 01:26:51] [DEBUG] Screen::getContents() start...
[2026-07-25 01:26:51] [DEBUG] Screen::getContents() finish.
[2026-07-25 01:26:51] [DEBUG] Screen::view() path: \Develop\Views\Console\Console.view finish.
[2026-07-25 01:26:51] [DEBUG] ConsoleController::initialAction() finish.
[2026-07-25 01:26:51] [DEBUG] --- wwProject System Start ---
[2026-07-25 01:26:51] [DEBUG] Router::Router() /jemini/wwProjectV1.53/Develop/Console/ServerBridgeAction/
[2026-07-25 01:26:51] [DEBUG] Attempting to load: \Develop\Controllers\ConsoleController::ServerBridgeAction
[2026-07-25 01:26:51] [DEBUG] Router: Executing \Develop\Controllers\ConsoleController->ServerBridgeAction
[2026-07-25 01:26:51] [DEBUG] ConsoleController::ServerBridge() start...
[2026-07-25 01:26:51] [DEBUG] ConsoleController::ServerBridge() \Develop\Controllers\ConsoleController::areaInitialAction()
[2026-07-25 01:26:51] [DEBUG] ConsoleController::AreaInitialAction() start...
[2026-07-25 01:26:51] [DEBUG] Screen::updateAreaA() path: \Develop\Views\AreaA\Area_A.view start...
[2026-07-25 01:26:51] [DEBUG] Screen::areaView() sending JSON: ["areas"]
[2026-07-25 01:26:51] [DEBUG] Screen::getContents() start...
[2026-07-25 01:26:51] [DEBUG] Screen::getContents() finish.
[2026-07-25 01:26:51] [DEBUG] Screen::updateAreaA() finish.
[2026-07-25 01:26:51] [DEBUG] Screen::updateAreaB() path: \Develop\Views\AreaB\Area_B.view start...
[2026-07-25 01:26:51] [DEBUG] Screen::getContents() start...
[2026-07-25 01:26:51] [DEBUG] Screen::getContents() finish.
[2026-07-25 01:26:51] [DEBUG] Screen::updateAreaB() finish.
[2026-07-25 01:26:51] [DEBUG] Screen::updateAreaD() path: \Develop\Views\AreaD\Area_D_clear.view start...
[2026-07-25 01:26:51] [DEBUG] Screen::getContents() start...
[2026-07-25 01:26:51] [DEBUG] Screen::getContents() finish.
[2026-07-25 01:26:51] [DEBUG] Screen::updateAreaD() finish.
[2026-07-25 01:26:51] [DEBUG] Screen::updateAreaE() [iframe起動版] path: \Develop\Views\AreaE\Area_E_clear.view start...
[2026-07-25 01:26:51] [DEBUG] Screen::getContents() start...
[2026-07-25 01:26:51] [DEBUG] Screen::getContents() finish.
[2026-07-25 01:26:51] [DEBUG] Screen::updateAreaE() finish.
[2026-07-25 01:26:51] [DEBUG] Screen::updateAreaF() path: \Develop\Views\AreaF\Area_F.view start...
[2026-07-25 01:26:51] [DEBUG] Screen::getContents() start...
[2026-07-25 01:26:51] [DEBUG] Screen::getContents() finish.
[2026-07-25 01:26:51] [DEBUG] Screen::updateAreaF() finish.
[2026-07-25 01:26:51] [DEBUG] ProjectController::startProjectNabi() start...
[2026-07-25 01:26:51] [DEBUG] ProjectController::getProjectListHtml() start...
[2026-07-25 01:26:51] [DEBUG] ProjectModel::getProjectList() start...
[2026-07-25 01:26:51] [DEBUG] ProjectModel::getProjectList() finish.
[2026-07-25 01:26:51] [DEBUG] CodeMasterModel：：getCodesByGroup() start...
[2026-07-25 01:26:51] [DEBUG] CodeMasterModel：：getCodesByGroup() finish.
[2026-07-25 01:26:51] [DEBUG] ProjectController::getNaviFooterHtml() start...
[2026-07-25 01:26:51] [DEBUG] ProjectController::getNaviFooterHtml() finish.
[2026-07-25 01:26:51] [DEBUG] ProjectController::startProjectNabi() finish.
[2026-07-25 01:26:51] [DEBUG] Screen::updateAreaC() \Develop\Views\AreaC\Area_C.view start...
[2026-07-25 01:26:51] [DEBUG] Screen::getContents() start...
[2026-07-25 01:26:51] [DEBUG] Screen::getContents() finish.
[2026-07-25 01:26:51] [DEBUG] Screen::updateAreaC() finish.
[2026-07-25 01:26:51] [DEBUG] ConsoleController::AreaInitialAction() finish.
[2026-07-25 01:26:51] [DEBUG] Screen::areaView() start...
[2026-07-25 01:26:51] [DEBUG] Screen::areaView() finish.
[2026-07-25 01:26:53] [DEBUG] --- wwProject System Start ---
[2026-07-25 01:26:53] [DEBUG] Router::Router() /jemini/wwProjectV1.53/Develop/Console/ServerBridgeAction/
[2026-07-25 01:26:53] [DEBUG] Attempting to load: \Develop\Controllers\ConsoleController::ServerBridgeAction
[2026-07-25 01:26:53] [DEBUG] Router: Executing \Develop\Controllers\ConsoleController->ServerBridgeAction
[2026-07-25 01:26:53] [DEBUG] ConsoleController::ServerBridge() start...
[2026-07-25 01:26:53] [DEBUG] ConsoleController::ServerBridge() \Develop\Controllers\PartsDefinitionController::InitialAction()
[2026-07-25 01:26:53] [DEBUG] DBDefinitionController::initialAction() start...
[2026-07-25 01:26:53] [DEBUG] PartsDefinitionController::initialAction() projectId : PRJ-D45FEF
[2026-07-25 01:26:53] [DEBUG] PartsDefinitionModel::getAllPartsList() start... Project ID: PRJ-D45FEF
[2026-07-25 01:26:53] [DEBUG] Screen::updateAreaD() path: \Develop\Views\AreaD\PartsDefinition\PartsDefinitionList.view start...
[2026-07-25 01:26:53] [DEBUG] Screen::getContents() start...
[2026-07-25 01:26:53] [DEBUG] Screen::getContents() finish.
[2026-07-25 01:26:53] [DEBUG] Screen::updateAreaD() finish.
[2026-07-25 01:26:53] [DEBUG] Screen::updateAreaE() [iframe起動版] path: \Develop\Views\AreaE\Area_E_clear.view start...
[2026-07-25 01:26:53] [DEBUG] Screen::getContents() start...
[2026-07-25 01:26:53] [DEBUG] Screen::getContents() finish.
[2026-07-25 01:26:53] [DEBUG] Screen::updateAreaE() finish.
[2026-07-25 01:26:53] [DEBUG] DBDefinitionController::initialAction() end.
[2026-07-25 01:26:53] [DEBUG] Screen::areaView() start...
[2026-07-25 01:26:53] [DEBUG] Screen::areaView() finish.
[2026-07-25 01:26:55] [DEBUG] --- wwProject System Start ---
[2026-07-25 01:26:55] [DEBUG] Router::Router() /jemini/wwProjectV1.53/Develop/Console/ServerBridgeAction/
[2026-07-25 01:26:55] [DEBUG] Attempting to load: \Develop\Controllers\ConsoleController::ServerBridgeAction
[2026-07-25 01:26:55] [DEBUG] Router: Executing \Develop\Controllers\ConsoleController->ServerBridgeAction
[2026-07-25 01:26:55] [DEBUG] ConsoleController::ServerBridge() start...
[2026-07-25 01:26:55] [DEBUG] ConsoleController::ServerBridge() \Develop\Controllers\PartsDefinitionController::editPartsAction()
[2026-07-25 01:26:55] [DEBUG] PartsDefinitionController::editPartsAction() start...
[2026-07-25 01:26:55] [DEBUG] PartsDefinitionModel::getAllPartsList() start... Project ID: PRJ-D45FEF
[2026-07-25 01:26:55] [DEBUG] PartsDefinitionModel::getTableStructure() start... Project ID: PRJ-D45FEF
[2026-07-25 01:26:55] [DEBUG] Screen::updateAreaE() [iframe起動版] path: \Develop\Views\AreaE\PartsDefinition\RegistParts.view start...
[2026-07-25 01:26:55] [DEBUG] Screen::getContents() start...
[2026-07-25 01:26:55] [DEBUG] Screen::getContents() finish.
[2026-07-25 01:26:55] [DEBUG] Screen::updateAreaE() finish.
[2026-07-25 01:26:55] [DEBUG] PartsDefinitionController::editPartsAction() end.
[2026-07-25 01:26:55] [DEBUG] Screen::areaView() start...
[2026-07-25 01:26:55] [DEBUG] Screen::areaView() finish.
[2026-07-25 01:27:19] [DEBUG] --- wwProject System Start ---
[2026-07-25 01:27:19] [DEBUG] Router::Router() /jemini/wwProjectV1.53/Develop/Console/ServerBridgeAction/
[2026-07-25 01:27:19] [DEBUG] Attempting to load: \Develop\Controllers\ConsoleController::ServerBridgeAction
[2026-07-25 01:27:19] [DEBUG] Router: Executing \Develop\Controllers\ConsoleController->ServerBridgeAction
[2026-07-25 01:27:19] [DEBUG] ConsoleController::ServerBridge() start...
[2026-07-25 01:27:19] [DEBUG] ConsoleController::ServerBridge() \Develop\Controllers\PartsDefinitionController::editPartsAction()
[2026-07-25 01:27:19] [DEBUG] PartsDefinitionController::editPartsAction() start...
[2026-07-25 01:27:19] [DEBUG] PartsDefinitionModel::getAllPartsList() start... Project ID: PRJ-D45FEF
[2026-07-25 01:27:19] [DEBUG] PartsDefinitionModel::getTableStructure() start... Project ID: PRJ-D45FEF
[2026-07-25 01:27:19] [DEBUG] Screen::updateAreaE() [iframe起動版] path: \Develop\Views\AreaE\PartsDefinition\RegistParts.view start...
[2026-07-25 01:27:19] [DEBUG] Screen::getContents() start...
[2026-07-25 01:27:19] [DEBUG] Screen::getContents() finish.
[2026-07-25 01:27:19] [DEBUG] Screen::updateAreaE() finish.
[2026-07-25 01:27:19] [DEBUG] PartsDefinitionController::editPartsAction() end.
[2026-07-25 01:27:19] [DEBUG] Screen::areaView() start...
[2026-07-25 01:27:19] [DEBUG] Screen::areaView() finish.
[2026-07-25 01:27:22] [DEBUG] --- wwProject System Start ---
[2026-07-25 01:27:22] [DEBUG] Router::Router() /jemini/wwProjectV1.53/Develop/Console/initial/
[2026-07-25 01:27:22] [DEBUG] Attempting to load: \Develop\Controllers\ConsoleController::initialAction
[2026-07-25 01:27:22] [DEBUG] Router: Executing \Develop\Controllers\ConsoleController->initialAction
[2026-07-25 01:27:22] [DEBUG] Console::initialAction() start...
[2026-07-25 01:27:22] [DEBUG] Screen::view() path: \Develop\Views\Console\Console.view start...
[2026-07-25 01:27:22] [DEBUG] Screen::getContents() start...
[2026-07-25 01:27:22] [DEBUG] Screen::getContents() finish.
[2026-07-25 01:27:22] [DEBUG] Screen::view() path: \Develop\Views\Console\Console.view finish.
[2026-07-25 01:27:22] [DEBUG] ConsoleController::initialAction() finish.
[2026-07-25 01:27:22] [DEBUG] --- wwProject System Start ---
[2026-07-25 01:27:22] [DEBUG] Router::Router() /jemini/wwProjectV1.53/Develop/Console/ServerBridgeAction/
[2026-07-25 01:27:22] [DEBUG] Attempting to load: \Develop\Controllers\ConsoleController::ServerBridgeAction
[2026-07-25 01:27:22] [DEBUG] Router: Executing \Develop\Controllers\ConsoleController->ServerBridgeAction
[2026-07-25 01:27:22] [DEBUG] ConsoleController::ServerBridge() start...
[2026-07-25 01:27:22] [DEBUG] ConsoleController::ServerBridge() \Develop\Controllers\ConsoleController::areaInitialAction()
[2026-07-25 01:27:22] [DEBUG] ConsoleController::AreaInitialAction() start...
[2026-07-25 01:27:22] [DEBUG] Screen::updateAreaA() path: \Develop\Views\AreaA\Area_A.view start...
[2026-07-25 01:27:22] [DEBUG] Screen::areaView() sending JSON: ["areas"]
[2026-07-25 01:27:22] [DEBUG] Screen::getContents() start...
[2026-07-25 01:27:22] [DEBUG] Screen::getContents() finish.
[2026-07-25 01:27:22] [DEBUG] Screen::updateAreaA() finish.
[2026-07-25 01:27:22] [DEBUG] Screen::updateAreaB() path: \Develop\Views\AreaB\Area_B.view start...
[2026-07-25 01:27:22] [DEBUG] Screen::getContents() start...
[2026-07-25 01:27:22] [DEBUG] Screen::getContents() finish.
[2026-07-25 01:27:22] [DEBUG] Screen::updateAreaB() finish.
[2026-07-25 01:27:22] [DEBUG] Screen::updateAreaD() path: \Develop\Views\AreaD\Area_D_clear.view start...
[2026-07-25 01:27:22] [DEBUG] Screen::getContents() start...
[2026-07-25 01:27:22] [DEBUG] Screen::getContents() finish.
[2026-07-25 01:27:22] [DEBUG] Screen::updateAreaD() finish.
[2026-07-25 01:27:22] [DEBUG] Screen::updateAreaE() [iframe起動版] path: \Develop\Views\AreaE\Area_E_clear.view start...
[2026-07-25 01:27:22] [DEBUG] Screen::getContents() start...
[2026-07-25 01:27:22] [DEBUG] Screen::getContents() finish.
[2026-07-25 01:27:22] [DEBUG] Screen::updateAreaE() finish.
[2026-07-25 01:27:22] [DEBUG] Screen::updateAreaF() path: \Develop\Views\AreaF\Area_F.view start...
[2026-07-25 01:27:22] [DEBUG] Screen::getContents() start...
[2026-07-25 01:27:22] [DEBUG] Screen::getContents() finish.
[2026-07-25 01:27:22] [DEBUG] Screen::updateAreaF() finish.
[2026-07-25 01:27:22] [DEBUG] ProjectController::startProjectNabi() start...
[2026-07-25 01:27:22] [DEBUG] ProjectController::getProjectListHtml() start...
[2026-07-25 01:27:22] [DEBUG] ProjectModel::getProjectList() start...
[2026-07-25 01:27:22] [DEBUG] ProjectModel::getProjectList() finish.
[2026-07-25 01:27:22] [DEBUG] CodeMasterModel：：getCodesByGroup() start...
[2026-07-25 01:27:22] [DEBUG] CodeMasterModel：：getCodesByGroup() finish.
[2026-07-25 01:27:22] [DEBUG] ProjectController::getNaviFooterHtml() start...
[2026-07-25 01:27:22] [DEBUG] ProjectController::getNaviFooterHtml() finish.
[2026-07-25 01:27:22] [DEBUG] ProjectController::startProjectNabi() finish.
[2026-07-25 01:27:22] [DEBUG] Screen::updateAreaC() \Develop\Views\AreaC\Area_C.view start...
[2026-07-25 01:27:22] [DEBUG] Screen::getContents() start...
[2026-07-25 01:27:22] [DEBUG] Screen::getContents() finish.
[2026-07-25 01:27:22] [DEBUG] Screen::updateAreaC() finish.
[2026-07-25 01:27:22] [DEBUG] ConsoleController::AreaInitialAction() finish.
[2026-07-25 01:27:22] [DEBUG] Screen::areaView() start...
[2026-07-25 01:27:22] [DEBUG] Screen::areaView() finish.
[2026-07-25 01:27:24] [DEBUG] --- wwProject System Start ---
[2026-07-25 01:27:24] [DEBUG] Router::Router() /jemini/wwProjectV1.53/Develop/Console/ServerBridgeAction/
[2026-07-25 01:27:24] [DEBUG] Attempting to load: \Develop\Controllers\ConsoleController::ServerBridgeAction
[2026-07-25 01:27:24] [DEBUG] Router: Executing \Develop\Controllers\ConsoleController->ServerBridgeAction
[2026-07-25 01:27:24] [DEBUG] ConsoleController::ServerBridge() start...
[2026-07-25 01:27:24] [DEBUG] ConsoleController::ServerBridge() \Develop\Controllers\PartsDefinitionController::InitialAction()
[2026-07-25 01:27:24] [DEBUG] DBDefinitionController::initialAction() start...
[2026-07-25 01:27:24] [DEBUG] PartsDefinitionController::initialAction() projectId : PRJ-D45FEF
[2026-07-25 01:27:24] [DEBUG] PartsDefinitionModel::getAllPartsList() start... Project ID: PRJ-D45FEF
[2026-07-25 01:27:24] [DEBUG] Screen::updateAreaD() path: \Develop\Views\AreaD\PartsDefinition\PartsDefinitionList.view start...
[2026-07-25 01:27:24] [DEBUG] Screen::getContents() start...
[2026-07-25 01:27:24] [DEBUG] Screen::getContents() finish.
[2026-07-25 01:27:24] [DEBUG] Screen::updateAreaD() finish.
[2026-07-25 01:27:24] [DEBUG] Screen::updateAreaE() [iframe起動版] path: \Develop\Views\AreaE\Area_E_clear.view start...
[2026-07-25 01:27:24] [DEBUG] Screen::getContents() start...
[2026-07-25 01:27:24] [DEBUG] Screen::getContents() finish.
[2026-07-25 01:27:24] [DEBUG] Screen::updateAreaE() finish.
[2026-07-25 01:27:24] [DEBUG] DBDefinitionController::initialAction() end.
[2026-07-25 01:27:24] [DEBUG] Screen::areaView() start...
[2026-07-25 01:27:24] [DEBUG] Screen::areaView() finish.
[2026-07-25 01:27:25] [DEBUG] --- wwProject System Start ---
[2026-07-25 01:27:25] [DEBUG] Router::Router() /jemini/wwProjectV1.53/Develop/Console/ServerBridgeAction/
[2026-07-25 01:27:25] [DEBUG] Attempting to load: \Develop\Controllers\ConsoleController::ServerBridgeAction
[2026-07-25 01:27:25] [DEBUG] Router: Executing \Develop\Controllers\ConsoleController->ServerBridgeAction
[2026-07-25 01:27:25] [DEBUG] ConsoleController::ServerBridge() start...
[2026-07-25 01:27:25] [DEBUG] ConsoleController::ServerBridge() \Develop\Controllers\PartsDefinitionController::editPartsAction()
[2026-07-25 01:27:25] [DEBUG] PartsDefinitionController::editPartsAction() start...
[2026-07-25 01:27:25] [DEBUG] PartsDefinitionModel::getAllPartsList() start... Project ID: PRJ-D45FEF
[2026-07-25 01:27:25] [DEBUG] PartsDefinitionModel::getTableStructure() start... Project ID: PRJ-D45FEF
[2026-07-25 01:27:25] [DEBUG] Screen::updateAreaE() [iframe起動版] path: \Develop\Views\AreaE\PartsDefinition\RegistParts.view start...
[2026-07-25 01:27:25] [DEBUG] Screen::getContents() start...
[2026-07-25 01:27:25] [DEBUG] Screen::getContents() finish.
[2026-07-25 01:27:25] [DEBUG] Screen::updateAreaE() finish.
[2026-07-25 01:27:25] [DEBUG] PartsDefinitionController::editPartsAction() end.
[2026-07-25 01:27:25] [DEBUG] Screen::areaView() start...
[2026-07-25 01:27:25] [DEBUG] Screen::areaView() finish.
[2026-07-25 01:27:41] [DEBUG] --- wwProject System Start ---
[2026-07-25 01:27:41] [DEBUG] Router::Router() /jemini/wwProjectV1.53/Develop/Console/ServerBridgeAction/
[2026-07-25 01:27:41] [DEBUG] Attempting to load: \Develop\Controllers\ConsoleController::ServerBridgeAction
[2026-07-25 01:27:41] [DEBUG] Router: Executing \Develop\Controllers\ConsoleController->ServerBridgeAction
[2026-07-25 01:27:41] [DEBUG] ConsoleController::ServerBridge() start...
[2026-07-25 01:27:41] [DEBUG] ConsoleController::ServerBridge() \Develop\Controllers\PartsDefinitionController::editPartsAction()
[2026-07-25 01:27:41] [DEBUG] PartsDefinitionController::editPartsAction() start...
[2026-07-25 01:27:41] [DEBUG] PartsDefinitionModel::getAllPartsList() start... Project ID: PRJ-D45FEF
[2026-07-25 01:27:41] [DEBUG] PartsDefinitionModel::getTableStructure() start... Project ID: PRJ-D45FEF
[2026-07-25 01:27:41] [DEBUG] Screen::updateAreaE() [iframe起動版] path: \Develop\Views\AreaE\PartsDefinition\RegistParts.view start...
[2026-07-25 01:27:41] [DEBUG] Screen::getContents() start...
[2026-07-25 01:27:41] [DEBUG] Screen::getContents() finish.
[2026-07-25 01:27:41] [DEBUG] Screen::updateAreaE() finish.
[2026-07-25 01:27:41] [DEBUG] PartsDefinitionController::editPartsAction() end.
[2026-07-25 01:27:41] [DEBUG] Screen::areaView() start...
[2026-07-25 01:27:41] [DEBUG] Screen::areaView() finish.
[2026-07-25 01:27:43] [DEBUG] --- wwProject System Start ---
[2026-07-25 01:27:43] [DEBUG] Router::Router() /jemini/wwProjectV1.53/Develop/Console/initial/
[2026-07-25 01:27:43] [DEBUG] Attempting to load: \Develop\Controllers\ConsoleController::initialAction
[2026-07-25 01:27:43] [DEBUG] Router: Executing \Develop\Controllers\ConsoleController->initialAction
[2026-07-25 01:27:43] [DEBUG] Console::initialAction() start...
[2026-07-25 01:27:43] [DEBUG] Screen::view() path: \Develop\Views\Console\Console.view start...
[2026-07-25 01:27:43] [DEBUG] Screen::getContents() start...
[2026-07-25 01:27:43] [DEBUG] Screen::getContents() finish.
[2026-07-25 01:27:43] [DEBUG] Screen::view() path: \Develop\Views\Console\Console.view finish.
[2026-07-25 01:27:43] [DEBUG] ConsoleController::initialAction() finish.
[2026-07-25 01:27:43] [DEBUG] --- wwProject System Start ---
[2026-07-25 01:27:43] [DEBUG] Router::Router() /jemini/wwProjectV1.53/Develop/Console/ServerBridgeAction/
[2026-07-25 01:27:43] [DEBUG] Attempting to load: \Develop\Controllers\ConsoleController::ServerBridgeAction
[2026-07-25 01:27:43] [DEBUG] Router: Executing \Develop\Controllers\ConsoleController->ServerBridgeAction
[2026-07-25 01:27:43] [DEBUG] ConsoleController::ServerBridge() start...
[2026-07-25 01:27:43] [DEBUG] ConsoleController::ServerBridge() \Develop\Controllers\ConsoleController::areaInitialAction()
[2026-07-25 01:27:43] [DEBUG] ConsoleController::AreaInitialAction() start...
[2026-07-25 01:27:43] [DEBUG] Screen::updateAreaA() path: \Develop\Views\AreaA\Area_A.view start...
[2026-07-25 01:27:43] [DEBUG] Screen::areaView() sending JSON: ["areas"]
[2026-07-25 01:27:43] [DEBUG] Screen::getContents() start...
[2026-07-25 01:27:43] [DEBUG] Screen::getContents() finish.
[2026-07-25 01:27:43] [DEBUG] Screen::updateAreaA() finish.
[2026-07-25 01:27:43] [DEBUG] Screen::updateAreaB() path: \Develop\Views\AreaB\Area_B.view start...
[2026-07-25 01:27:43] [DEBUG] Screen::getContents() start...
[2026-07-25 01:27:43] [DEBUG] Screen::getContents() finish.
[2026-07-25 01:27:43] [DEBUG] Screen::updateAreaB() finish.
[2026-07-25 01:27:43] [DEBUG] Screen::updateAreaD() path: \Develop\Views\AreaD\Area_D_clear.view start...
[2026-07-25 01:27:43] [DEBUG] Screen::getContents() start...
[2026-07-25 01:27:43] [DEBUG] Screen::getContents() finish.
[2026-07-25 01:27:43] [DEBUG] Screen::updateAreaD() finish.
[2026-07-25 01:27:43] [DEBUG] Screen::updateAreaE() [iframe起動版] path: \Develop\Views\AreaE\Area_E_clear.view start...
[2026-07-25 01:27:43] [DEBUG] Screen::getContents() start...
[2026-07-25 01:27:43] [DEBUG] Screen::getContents() finish.
[2026-07-25 01:27:43] [DEBUG] Screen::updateAreaE() finish.
[2026-07-25 01:27:43] [DEBUG] Screen::updateAreaF() path: \Develop\Views\AreaF\Area_F.view start...
[2026-07-25 01:27:43] [DEBUG] Screen::getContents() start...
[2026-07-25 01:27:43] [DEBUG] Screen::getContents() finish.
[2026-07-25 01:27:43] [DEBUG] Screen::updateAreaF() finish.
[2026-07-25 01:27:43] [DEBUG] ProjectController::startProjectNabi() start...
[2026-07-25 01:27:43] [DEBUG] ProjectController::getProjectListHtml() start...
[2026-07-25 01:27:43] [DEBUG] ProjectModel::getProjectList() start...
[2026-07-25 01:27:43] [DEBUG] ProjectModel::getProjectList() finish.
[2026-07-25 01:27:43] [DEBUG] CodeMasterModel：：getCodesByGroup() start...
[2026-07-25 01:27:43] [DEBUG] CodeMasterModel：：getCodesByGroup() finish.
[2026-07-25 01:27:43] [DEBUG] ProjectController::getNaviFooterHtml() start...
[2026-07-25 01:27:43] [DEBUG] ProjectController::getNaviFooterHtml() finish.
[2026-07-25 01:27:43] [DEBUG] ProjectController::startProjectNabi() finish.
[2026-07-25 01:27:43] [DEBUG] Screen::updateAreaC() \Develop\Views\AreaC\Area_C.view start...
[2026-07-25 01:27:43] [DEBUG] Screen::getContents() start...
[2026-07-25 01:27:43] [DEBUG] Screen::getContents() finish.
[2026-07-25 01:27:43] [DEBUG] Screen::updateAreaC() finish.
[2026-07-25 01:27:43] [DEBUG] ConsoleController::AreaInitialAction() finish.
[2026-07-25 01:27:43] [DEBUG] Screen::areaView() start...
[2026-07-25 01:27:43] [DEBUG] Screen::areaView() finish.
[2026-07-25 01:27:44] [DEBUG] --- wwProject System Start ---
[2026-07-25 01:27:44] [DEBUG] Router::Router() /jemini/wwProjectV1.53/Develop/Console/ServerBridgeAction/
[2026-07-25 01:27:44] [DEBUG] Attempting to load: \Develop\Controllers\ConsoleController::ServerBridgeAction
[2026-07-25 01:27:44] [DEBUG] Router: Executing \Develop\Controllers\ConsoleController->ServerBridgeAction
[2026-07-25 01:27:44] [DEBUG] ConsoleController::ServerBridge() start...
[2026-07-25 01:27:44] [DEBUG] ConsoleController::ServerBridge() \Develop\Controllers\PartsDefinitionController::InitialAction()
[2026-07-25 01:27:44] [DEBUG] DBDefinitionController::initialAction() start...
[2026-07-25 01:27:44] [DEBUG] PartsDefinitionController::initialAction() projectId : PRJ-D45FEF
[2026-07-25 01:27:44] [DEBUG] PartsDefinitionModel::getAllPartsList() start... Project ID: PRJ-D45FEF
[2026-07-25 01:27:44] [DEBUG] Screen::updateAreaD() path: \Develop\Views\AreaD\PartsDefinition\PartsDefinitionList.view start...
[2026-07-25 01:27:44] [DEBUG] Screen::getContents() start...
[2026-07-25 01:27:44] [DEBUG] Screen::getContents() finish.
[2026-07-25 01:27:44] [DEBUG] Screen::updateAreaD() finish.
[2026-07-25 01:27:44] [DEBUG] Screen::updateAreaE() [iframe起動版] path: \Develop\Views\AreaE\Area_E_clear.view start...
[2026-07-25 01:27:44] [DEBUG] Screen::getContents() start...
[2026-07-25 01:27:44] [DEBUG] Screen::getContents() finish.
[2026-07-25 01:27:44] [DEBUG] Screen::updateAreaE() finish.
[2026-07-25 01:27:44] [DEBUG] DBDefinitionController::initialAction() end.
[2026-07-25 01:27:44] [DEBUG] Screen::areaView() start...
[2026-07-25 01:27:44] [DEBUG] Screen::areaView() finish.
[2026-07-25 01:27:45] [DEBUG] --- wwProject System Start ---
[2026-07-25 01:27:45] [DEBUG] Router::Router() /jemini/wwProjectV1.53/Develop/Console/ServerBridgeAction/
[2026-07-25 01:27:45] [DEBUG] Attempting to load: \Develop\Controllers\ConsoleController::ServerBridgeAction
[2026-07-25 01:27:45] [DEBUG] Router: Executing \Develop\Controllers\ConsoleController->ServerBridgeAction
[2026-07-25 01:27:45] [DEBUG] ConsoleController::ServerBridge() start...
[2026-07-25 01:27:45] [DEBUG] ConsoleController::ServerBridge() \Develop\Controllers\PartsDefinitionController::editPartsAction()
[2026-07-25 01:27:45] [DEBUG] PartsDefinitionController::editPartsAction() start...
[2026-07-25 01:27:45] [DEBUG] PartsDefinitionModel::getAllPartsList() start... Project ID: PRJ-D45FEF
[2026-07-25 01:27:45] [DEBUG] PartsDefinitionModel::getTableStructure() start... Project ID: PRJ-D45FEF
[2026-07-25 01:27:45] [DEBUG] Screen::updateAreaE() [iframe起動版] path: \Develop\Views\AreaE\PartsDefinition\RegistParts.view start...
[2026-07-25 01:27:45] [DEBUG] Screen::getContents() start...
[2026-07-25 01:27:45] [DEBUG] Screen::getContents() finish.
[2026-07-25 01:27:45] [DEBUG] Screen::updateAreaE() finish.
[2026-07-25 01:27:45] [DEBUG] PartsDefinitionController::editPartsAction() end.
[2026-07-25 01:27:45] [DEBUG] Screen::areaView() start...
[2026-07-25 01:27:45] [DEBUG] Screen::areaView() finish.
[2026-07-25 01:28:10] [DEBUG] --- wwProject System Start ---
[2026-07-25 01:28:10] [DEBUG] Router::Router() /jemini/wwProjectV1.53/Develop/Console/initial/
[2026-07-25 01:28:10] [DEBUG] Attempting to load: \Develop\Controllers\ConsoleController::initialAction
[2026-07-25 01:28:10] [DEBUG] Router: Executing \Develop\Controllers\ConsoleController->initialAction
[2026-07-25 01:28:10] [DEBUG] Console::initialAction() start...
[2026-07-25 01:28:10] [DEBUG] Screen::view() path: \Develop\Views\Console\Console.view start...
[2026-07-25 01:28:10] [DEBUG] Screen::getContents() start...
[2026-07-25 01:28:10] [DEBUG] Screen::getContents() finish.
[2026-07-25 01:28:10] [DEBUG] Screen::view() path: \Develop\Views\Console\Console.view finish.
[2026-07-25 01:28:10] [DEBUG] ConsoleController::initialAction() finish.
[2026-07-25 01:28:10] [DEBUG] --- wwProject System Start ---
[2026-07-25 01:28:10] [DEBUG] Router::Router() /jemini/wwProjectV1.53/Develop/Console/ServerBridgeAction/
[2026-07-25 01:28:10] [DEBUG] Attempting to load: \Develop\Controllers\ConsoleController::ServerBridgeAction
[2026-07-25 01:28:10] [DEBUG] Router: Executing \Develop\Controllers\ConsoleController->ServerBridgeAction
[2026-07-25 01:28:10] [DEBUG] ConsoleController::ServerBridge() start...
[2026-07-25 01:28:10] [DEBUG] ConsoleController::ServerBridge() \Develop\Controllers\ConsoleController::areaInitialAction()
[2026-07-25 01:28:10] [DEBUG] ConsoleController::AreaInitialAction() start...
[2026-07-25 01:28:10] [DEBUG] Screen::updateAreaA() path: \Develop\Views\AreaA\Area_A.view start...
[2026-07-25 01:28:10] [DEBUG] Screen::areaView() sending JSON: ["areas"]
[2026-07-25 01:28:10] [DEBUG] Screen::getContents() start...
[2026-07-25 01:28:10] [DEBUG] Screen::getContents() finish.
[2026-07-25 01:28:10] [DEBUG] Screen::updateAreaA() finish.
[2026-07-25 01:28:10] [DEBUG] Screen::updateAreaB() path: \Develop\Views\AreaB\Area_B.view start...
[2026-07-25 01:28:10] [DEBUG] Screen::getContents() start...
[2026-07-25 01:28:10] [DEBUG] Screen::getContents() finish.
[2026-07-25 01:28:10] [DEBUG] Screen::updateAreaB() finish.
[2026-07-25 01:28:10] [DEBUG] Screen::updateAreaD() path: \Develop\Views\AreaD\Area_D_clear.view start...
[2026-07-25 01:28:10] [DEBUG] Screen::getContents() start...
[2026-07-25 01:28:10] [DEBUG] Screen::getContents() finish.
[2026-07-25 01:28:10] [DEBUG] Screen::updateAreaD() finish.
[2026-07-25 01:28:10] [DEBUG] Screen::updateAreaE() [iframe起動版] path: \Develop\Views\AreaE\Area_E_clear.view start...
[2026-07-25 01:28:10] [DEBUG] Screen::getContents() start...
[2026-07-25 01:28:10] [DEBUG] Screen::getContents() finish.
[2026-07-25 01:28:10] [DEBUG] Screen::updateAreaE() finish.
[2026-07-25 01:28:10] [DEBUG] Screen::updateAreaF() path: \Develop\Views\AreaF\Area_F.view start...
[2026-07-25 01:28:10] [DEBUG] Screen::getContents() start...
[2026-07-25 01:28:10] [DEBUG] Screen::getContents() finish.
[2026-07-25 01:28:10] [DEBUG] Screen::updateAreaF() finish.
[2026-07-25 01:28:10] [DEBUG] ProjectController::startProjectNabi() start...
[2026-07-25 01:28:10] [DEBUG] ProjectController::getProjectListHtml() start...
[2026-07-25 01:28:10] [DEBUG] ProjectModel::getProjectList() start...
[2026-07-25 01:28:10] [DEBUG] ProjectModel::getProjectList() finish.
[2026-07-25 01:28:10] [DEBUG] CodeMasterModel：：getCodesByGroup() start...
[2026-07-25 01:28:10] [DEBUG] CodeMasterModel：：getCodesByGroup() finish.
[2026-07-25 01:28:10] [DEBUG] ProjectController::getNaviFooterHtml() start...
[2026-07-25 01:28:10] [DEBUG] ProjectController::getNaviFooterHtml() finish.
[2026-07-25 01:28:10] [DEBUG] ProjectController::startProjectNabi() finish.
[2026-07-25 01:28:10] [DEBUG] Screen::updateAreaC() \Develop\Views\AreaC\Area_C.view start...
[2026-07-25 01:28:10] [DEBUG] Screen::getContents() start...
[2026-07-25 01:28:10] [DEBUG] Screen::getContents() finish.
[2026-07-25 01:28:10] [DEBUG] Screen::updateAreaC() finish.
[2026-07-25 01:28:10] [DEBUG] ConsoleController::AreaInitialAction() finish.
[2026-07-25 01:28:10] [DEBUG] Screen::areaView() start...
[2026-07-25 01:28:10] [DEBUG] Screen::areaView() finish.
[2026-07-25 01:28:11] [DEBUG] --- wwProject System Start ---
[2026-07-25 01:28:11] [DEBUG] Router::Router() /jemini/wwProjectV1.53/Develop/Console/ServerBridgeAction/
[2026-07-25 01:28:11] [DEBUG] Attempting to load: \Develop\Controllers\ConsoleController::ServerBridgeAction
[2026-07-25 01:28:11] [DEBUG] Router: Executing \Develop\Controllers\ConsoleController->ServerBridgeAction
[2026-07-25 01:28:11] [DEBUG] ConsoleController::ServerBridge() start...
[2026-07-25 01:28:11] [DEBUG] ConsoleController::ServerBridge() \Develop\Controllers\PartsDefinitionController::InitialAction()
[2026-07-25 01:28:11] [DEBUG] DBDefinitionController::initialAction() start...
[2026-07-25 01:28:11] [DEBUG] PartsDefinitionController::initialAction() projectId : PRJ-D45FEF
[2026-07-25 01:28:11] [DEBUG] PartsDefinitionModel::getAllPartsList() start... Project ID: PRJ-D45FEF
[2026-07-25 01:28:11] [DEBUG] Screen::updateAreaD() path: \Develop\Views\AreaD\PartsDefinition\PartsDefinitionList.view start...
[2026-07-25 01:28:11] [DEBUG] Screen::getContents() start...
[2026-07-25 01:28:11] [DEBUG] Screen::getContents() finish.
[2026-07-25 01:28:11] [DEBUG] Screen::updateAreaD() finish.
[2026-07-25 01:28:11] [DEBUG] Screen::updateAreaE() [iframe起動版] path: \Develop\Views\AreaE\Area_E_clear.view start...
[2026-07-25 01:28:11] [DEBUG] Screen::getContents() start...
[2026-07-25 01:28:11] [DEBUG] Screen::getContents() finish.
[2026-07-25 01:28:11] [DEBUG] Screen::updateAreaE() finish.
[2026-07-25 01:28:11] [DEBUG] DBDefinitionController::initialAction() end.
[2026-07-25 01:28:11] [DEBUG] Screen::areaView() start...
[2026-07-25 01:28:11] [DEBUG] Screen::areaView() finish.
[2026-07-25 01:28:13] [DEBUG] --- wwProject System Start ---
[2026-07-25 01:28:13] [DEBUG] Router::Router() /jemini/wwProjectV1.53/Develop/Console/ServerBridgeAction/
[2026-07-25 01:28:13] [DEBUG] Attempting to load: \Develop\Controllers\ConsoleController::ServerBridgeAction
[2026-07-25 01:28:13] [DEBUG] Router: Executing \Develop\Controllers\ConsoleController->ServerBridgeAction
[2026-07-25 01:28:13] [DEBUG] ConsoleController::ServerBridge() start...
[2026-07-25 01:28:13] [DEBUG] ConsoleController::ServerBridge() \Develop\Controllers\PartsDefinitionController::editPartsAction()
[2026-07-25 01:28:13] [DEBUG] PartsDefinitionController::editPartsAction() start...
[2026-07-25 01:28:13] [DEBUG] PartsDefinitionModel::getAllPartsList() start... Project ID: PRJ-D45FEF
[2026-07-25 01:28:13] [DEBUG] PartsDefinitionModel::getTableStructure() start... Project ID: PRJ-D45FEF
[2026-07-25 01:28:13] [DEBUG] Screen::updateAreaE() [iframe起動版] path: \Develop\Views\AreaE\PartsDefinition\RegistParts.view start...
[2026-07-25 01:28:13] [DEBUG] Screen::getContents() start...
[2026-07-25 01:28:13] [DEBUG] Screen::getContents() finish.
[2026-07-25 01:28:13] [DEBUG] Screen::updateAreaE() finish.
[2026-07-25 01:28:13] [DEBUG] PartsDefinitionController::editPartsAction() end.
[2026-07-25 01:28:13] [DEBUG] Screen::areaView() start...
[2026-07-25 01:28:13] [DEBUG] Screen::areaView() finish.
[2026-07-25 01:28:28] [DEBUG] --- wwProject System Start ---
[2026-07-25 01:28:28] [DEBUG] Router::Router() /jemini/wwProjectV1.53/Develop/Console/ServerBridgeAction/
[2026-07-25 01:28:28] [DEBUG] Attempting to load: \Develop\Controllers\ConsoleController::ServerBridgeAction
[2026-07-25 01:28:28] [DEBUG] Router: Executing \Develop\Controllers\ConsoleController->ServerBridgeAction
[2026-07-25 01:28:28] [DEBUG] ConsoleController::ServerBridge() start...
[2026-07-25 01:28:28] [DEBUG] ConsoleController::ServerBridge() \Develop\Controllers\PartsDefinitionController::saveAction()
[2026-07-25 01:28:28] [DEBUG] PartsDefinitionController::saveAction() start...
[2026-07-25 01:28:28] [DEBUG] 🔍送信されたPOSTデータ: {"code":"PartsDefinition\/save","parts_id":"23","parts_name":"６６６６６６６６６６６","parts_description":"６６６６６６６６６６６","parts_type":"Text Display","table_name":"","preview_title":"","input_rows":"","display_label":"","column_filter":"","contents":"１\n２\n３\n４\n５\n","checked_columns_json":"[]","input_style":"fixed"}
[2026-07-25 01:28:28] [DEBUG] PartsDefinitionModel::saveParts() start... Project ID: PRJ-D45FEF, Parts ID: 23
[2026-07-25 01:28:28] [DEBUG] PartsDefinitionModel::saveParts() 保存するchecked_columns_jsonの値: [[]]
[2026-07-25 01:28:28] [DEBUG] PartsDefinitionModel::saveParts() search_area : 
[2026-07-25 01:28:28] [DEBUG] PartsDefinitionModel::saveParts() detail_button : 
[2026-07-25 01:28:28] [DEBUG] PartsDefinitionModel::saveParts() UPDATE m_screenparts SET
                            parts_name = :parts_name,
                            parts_description = :parts_description,
                            parts_type = :parts_type,
                            table_name = :table_name,
                            display_label = :display_label,
                            preview_title = :preview_title,
                            column_filter = :column_filter,
                            input_rows = :input_rows,
                            checked_columns_json = :checked_columns_json,
                            input_style = :input_style,
                            contents = :contents,
                            style_condition = :style_condition,
                            style_column = :style_column,
                            search_area = :search_area,
                            detail_button = :detail_button
                        WHERE
                            project_id = :project_id AND parts_id = :parts_id
[2026-07-25 01:28:28] [DEBUG] PartsDefinitionModel::saveParts() UPDATEを実行します。Parts ID: 23
[2026-07-25 01:28:28] [DEBUG] PartsDefinitionModel::getAllPartsList() start... Project ID: PRJ-D45FEF
[2026-07-25 01:28:28] [DEBUG] Screen::updateAreaD() path: \Develop\Views\AreaD\PartsDefinition\PartsDefinitionList.view start...
[2026-07-25 01:28:28] [DEBUG] Screen::getContents() start...
[2026-07-25 01:28:28] [DEBUG] Screen::getContents() finish.
[2026-07-25 01:28:28] [DEBUG] Screen::updateAreaD() finish.
[2026-07-25 01:28:28] [DEBUG] Screen::updateAreaE() [iframe起動版] path: \Develop\Views\AreaE\Area_E_clear.view start...
[2026-07-25 01:28:28] [DEBUG] Screen::getContents() start...
[2026-07-25 01:28:28] [DEBUG] Screen::getContents() finish.
[2026-07-25 01:28:28] [DEBUG] Screen::updateAreaE() finish.
[2026-07-25 01:28:28] [DEBUG] PartsDefinitionController::saveAction() end.
[2026-07-25 01:28:28] [DEBUG] Screen::areaView() start...
[2026-07-25 01:28:28] [DEBUG] Screen::areaView() finish.
[2026-07-25 01:28:29] [DEBUG] --- wwProject System Start ---
[2026-07-25 01:28:29] [DEBUG] Router::Router() /jemini/wwProjectV1.53/Develop/Console/ServerBridgeAction/
[2026-07-25 01:28:29] [DEBUG] Attempting to load: \Develop\Controllers\ConsoleController::ServerBridgeAction
[2026-07-25 01:28:29] [DEBUG] Router: Executing \Develop\Controllers\ConsoleController->ServerBridgeAction
[2026-07-25 01:28:29] [DEBUG] ConsoleController::ServerBridge() start...
[2026-07-25 01:28:29] [DEBUG] ConsoleController::ServerBridge() \Develop\Controllers\PartsDefinitionController::editPartsAction()
[2026-07-25 01:28:29] [DEBUG] PartsDefinitionController::editPartsAction() start...
[2026-07-25 01:28:29] [DEBUG] PartsDefinitionModel::getAllPartsList() start... Project ID: PRJ-D45FEF
[2026-07-25 01:28:29] [DEBUG] PartsDefinitionModel::getTableStructure() start... Project ID: PRJ-D45FEF
[2026-07-25 01:28:29] [DEBUG] Screen::updateAreaE() [iframe起動版] path: \Develop\Views\AreaE\PartsDefinition\RegistParts.view start...
[2026-07-25 01:28:29] [DEBUG] Screen::getContents() start...
[2026-07-25 01:28:29] [DEBUG] Screen::getContents() finish.
[2026-07-25 01:28:29] [DEBUG] Screen::updateAreaE() finish.
[2026-07-25 01:28:29] [DEBUG] PartsDefinitionController::editPartsAction() end.
[2026-07-25 01:28:29] [DEBUG] Screen::areaView() start...
[2026-07-25 01:28:29] [DEBUG] Screen::areaView() finish.
[2026-07-25 01:28:42] [DEBUG] --- wwProject System Start ---
[2026-07-25 01:28:42] [DEBUG] Router::Router() /jemini/wwProjectV1.53/Develop/Console/ServerBridgeAction/
[2026-07-25 01:28:42] [DEBUG] Attempting to load: \Develop\Controllers\ConsoleController::ServerBridgeAction
[2026-07-25 01:28:42] [DEBUG] Router: Executing \Develop\Controllers\ConsoleController->ServerBridgeAction
[2026-07-25 01:28:42] [DEBUG] ConsoleController::ServerBridge() start...
[2026-07-25 01:28:42] [DEBUG] ConsoleController::ServerBridge() \Develop\Controllers\PartsDefinitionController::saveAction()
[2026-07-25 01:28:42] [DEBUG] PartsDefinitionController::saveAction() start...
[2026-07-25 01:28:42] [DEBUG] 🔍送信されたPOSTデータ: {"code":"PartsDefinition\/save","parts_id":"23","parts_name":"６６６６６６６６６６６","parts_description":"６６６６６６６６６６６","parts_type":"Text Display","table_name":"","preview_title":"","input_rows":"","display_label":"","column_filter":"","contents":"１２３４５.txt","checked_columns_json":"[]","input_style":"file"}
[2026-07-25 01:28:42] [DEBUG] PartsDefinitionModel::saveParts() start... Project ID: PRJ-D45FEF, Parts ID: 23
[2026-07-25 01:28:42] [DEBUG] PartsDefinitionModel::saveParts() 保存するchecked_columns_jsonの値: [[]]
[2026-07-25 01:28:42] [DEBUG] PartsDefinitionModel::saveParts() search_area : 
[2026-07-25 01:28:42] [DEBUG] PartsDefinitionModel::saveParts() detail_button : 
[2026-07-25 01:28:42] [DEBUG] PartsDefinitionModel::saveParts() UPDATE m_screenparts SET
                            parts_name = :parts_name,
                            parts_description = :parts_description,
                            parts_type = :parts_type,
                            table_name = :table_name,
                            display_label = :display_label,
                            preview_title = :preview_title,
                            column_filter = :column_filter,
                            input_rows = :input_rows,
                            checked_columns_json = :checked_columns_json,
                            input_style = :input_style,
                            contents = :contents,
                            style_condition = :style_condition,
                            style_column = :style_column,
                            search_area = :search_area,
                            detail_button = :detail_button
                        WHERE
                            project_id = :project_id AND parts_id = :parts_id
[2026-07-25 01:28:42] [DEBUG] PartsDefinitionModel::saveParts() UPDATEを実行します。Parts ID: 23
[2026-07-25 01:28:42] [DEBUG] PartsDefinitionModel::getAllPartsList() start... Project ID: PRJ-D45FEF
[2026-07-25 01:28:42] [DEBUG] Screen::updateAreaD() path: \Develop\Views\AreaD\PartsDefinition\PartsDefinitionList.view start...
[2026-07-25 01:28:42] [DEBUG] Screen::getContents() start...
[2026-07-25 01:28:42] [DEBUG] Screen::getContents() finish.
[2026-07-25 01:28:42] [DEBUG] Screen::updateAreaD() finish.
[2026-07-25 01:28:42] [DEBUG] Screen::updateAreaE() [iframe起動版] path: \Develop\Views\AreaE\Area_E_clear.view start...
[2026-07-25 01:28:42] [DEBUG] Screen::getContents() start...
[2026-07-25 01:28:42] [DEBUG] Screen::getContents() finish.
[2026-07-25 01:28:42] [DEBUG] Screen::updateAreaE() finish.
[2026-07-25 01:28:42] [DEBUG] PartsDefinitionController::saveAction() end.
[2026-07-25 01:28:42] [DEBUG] Screen::areaView() start...
[2026-07-25 01:28:42] [DEBUG] Screen::areaView() finish.
[2026-07-25 01:28:43] [DEBUG] --- wwProject System Start ---
[2026-07-25 01:28:43] [DEBUG] Router::Router() /jemini/wwProjectV1.53/Develop/Console/ServerBridgeAction/
[2026-07-25 01:28:43] [DEBUG] Attempting to load: \Develop\Controllers\ConsoleController::ServerBridgeAction
[2026-07-25 01:28:43] [DEBUG] Router: Executing \Develop\Controllers\ConsoleController->ServerBridgeAction
[2026-07-25 01:28:43] [DEBUG] ConsoleController::ServerBridge() start...
[2026-07-25 01:28:43] [DEBUG] ConsoleController::ServerBridge() \Develop\Controllers\PartsDefinitionController::editPartsAction()
[2026-07-25 01:28:43] [DEBUG] PartsDefinitionController::editPartsAction() start...
[2026-07-25 01:28:44] [DEBUG] PartsDefinitionModel::getAllPartsList() start... Project ID: PRJ-D45FEF
[2026-07-25 01:28:44] [DEBUG] PartsDefinitionModel::getTableStructure() start... Project ID: PRJ-D45FEF
[2026-07-25 01:28:44] [DEBUG] Screen::updateAreaE() [iframe起動版] path: \Develop\Views\AreaE\PartsDefinition\RegistParts.view start...
[2026-07-25 01:28:44] [DEBUG] Screen::getContents() start...
[2026-07-25 01:28:44] [DEBUG] Screen::getContents() finish.
[2026-07-25 01:28:44] [DEBUG] Screen::updateAreaE() finish.
[2026-07-25 01:28:44] [DEBUG] PartsDefinitionController::editPartsAction() end.
[2026-07-25 01:28:44] [DEBUG] Screen::areaView() start...
[2026-07-25 01:28:44] [DEBUG] Screen::areaView() finish.
[2026-07-25 01:28:54] [DEBUG] --- wwProject System Start ---
[2026-07-25 01:28:54] [DEBUG] Router::Router() /jemini/wwProjectV1.53/Develop/Console/ServerBridgeAction/
[2026-07-25 01:28:54] [DEBUG] Attempting to load: \Develop\Controllers\ConsoleController::ServerBridgeAction
[2026-07-25 01:28:54] [DEBUG] Router: Executing \Develop\Controllers\ConsoleController->ServerBridgeAction
[2026-07-25 01:28:54] [DEBUG] ConsoleController::ServerBridge() start...
[2026-07-25 01:28:54] [DEBUG] ConsoleController::ServerBridge() \Develop\Controllers\PartsDefinitionController::editPartsAction()
[2026-07-25 01:28:54] [DEBUG] PartsDefinitionController::editPartsAction() start...
[2026-07-25 01:28:54] [DEBUG] PartsDefinitionModel::getAllPartsList() start... Project ID: PRJ-D45FEF
[2026-07-25 01:28:54] [DEBUG] PartsDefinitionModel::getTableStructure() start... Project ID: PRJ-D45FEF
[2026-07-25 01:28:54] [DEBUG] Screen::updateAreaE() [iframe起動版] path: \Develop\Views\AreaE\PartsDefinition\RegistParts.view start...
[2026-07-25 01:28:54] [DEBUG] Screen::getContents() start...
[2026-07-25 01:28:54] [DEBUG] Screen::getContents() finish.
[2026-07-25 01:28:55] [DEBUG] Screen::updateAreaE() finish.
[2026-07-25 01:28:55] [DEBUG] PartsDefinitionController::editPartsAction() end.
[2026-07-25 01:28:55] [DEBUG] Screen::areaView() start...
[2026-07-25 01:28:55] [DEBUG] Screen::areaView() finish.
[2026-07-25 01:28:56] [DEBUG] --- wwProject System Start ---
[2026-07-25 01:28:56] [DEBUG] Router::Router() /jemini/wwProjectV1.53/Develop/Console/ServerBridgeAction/
[2026-07-25 01:28:56] [DEBUG] Attempting to load: \Develop\Controllers\ConsoleController::ServerBridgeAction
[2026-07-25 01:28:56] [DEBUG] Router: Executing \Develop\Controllers\ConsoleController->ServerBridgeAction
[2026-07-25 01:28:56] [DEBUG] ConsoleController::ServerBridge() start...
[2026-07-25 01:28:56] [DEBUG] ConsoleController::ServerBridge() \Develop\Controllers\PartsDefinitionController::editPartsAction()
[2026-07-25 01:28:56] [DEBUG] PartsDefinitionController::editPartsAction() start...
[2026-07-25 01:28:56] [DEBUG] PartsDefinitionModel::getAllPartsList() start... Project ID: PRJ-D45FEF
[2026-07-25 01:28:56] [DEBUG] PartsDefinitionModel::getTableStructure() start... Project ID: PRJ-D45FEF
[2026-07-25 01:28:56] [DEBUG] Screen::updateAreaE() [iframe起動版] path: \Develop\Views\AreaE\PartsDefinition\RegistParts.view start...
[2026-07-25 01:28:56] [DEBUG] Screen::getContents() start...
[2026-07-25 01:28:56] [DEBUG] Screen::getContents() finish.
[2026-07-25 01:28:56] [DEBUG] Screen::updateAreaE() finish.
[2026-07-25 01:28:56] [DEBUG] PartsDefinitionController::editPartsAction() end.
[2026-07-25 01:28:56] [DEBUG] Screen::areaView() start...
[2026-07-25 01:28:56] [DEBUG] Screen::areaView() finish.
[2026-07-25 01:28:57] [DEBUG] --- wwProject System Start ---
[2026-07-25 01:28:57] [DEBUG] Router::Router() /jemini/wwProjectV1.53/Develop/Console/ServerBridgeAction/
[2026-07-25 01:28:57] [DEBUG] Attempting to load: \Develop\Controllers\ConsoleController::ServerBridgeAction
[2026-07-25 01:28:57] [DEBUG] Router: Executing \Develop\Controllers\ConsoleController->ServerBridgeAction
[2026-07-25 01:28:57] [DEBUG] ConsoleController::ServerBridge() start...
[2026-07-25 01:28:57] [DEBUG] ConsoleController::ServerBridge() \Develop\Controllers\PartsDefinitionController::editPartsAction()
[2026-07-25 01:28:57] [DEBUG] PartsDefinitionController::editPartsAction() start...
[2026-07-25 01:28:57] [DEBUG] PartsDefinitionModel::getAllPartsList() start... Project ID: PRJ-D45FEF
[2026-07-25 01:28:57] [DEBUG] PartsDefinitionModel::getTableStructure() start... Project ID: PRJ-D45FEF
[2026-07-25 01:28:57] [DEBUG] Screen::updateAreaE() [iframe起動版] path: \Develop\Views\AreaE\PartsDefinition\RegistParts.view start...
[2026-07-25 01:28:57] [DEBUG] Screen::getContents() start...
[2026-07-25 01:28:57] [DEBUG] Screen::getContents() finish.
[2026-07-25 01:28:57] [DEBUG] Screen::updateAreaE() finish.
[2026-07-25 01:28:57] [DEBUG] PartsDefinitionController::editPartsAction() end.
[2026-07-25 01:28:57] [DEBUG] Screen::areaView() start...
[2026-07-25 01:28:58] [DEBUG] Screen::areaView() finish.
[2026-07-25 01:28:59] [DEBUG] --- wwProject System Start ---
[2026-07-25 01:28:59] [DEBUG] Router::Router() /jemini/wwProjectV1.53/Develop/Console/ServerBridgeAction/
[2026-07-25 01:28:59] [DEBUG] Attempting to load: \Develop\Controllers\ConsoleController::ServerBridgeAction
[2026-07-25 01:28:59] [DEBUG] Router: Executing \Develop\Controllers\ConsoleController->ServerBridgeAction
[2026-07-25 01:28:59] [DEBUG] ConsoleController::ServerBridge() start...
[2026-07-25 01:28:59] [DEBUG] ConsoleController::ServerBridge() \Develop\Controllers\PartsDefinitionController::editPartsAction()
[2026-07-25 01:28:59] [DEBUG] PartsDefinitionController::editPartsAction() start...
[2026-07-25 01:28:59] [DEBUG] PartsDefinitionModel::getAllPartsList() start... Project ID: PRJ-D45FEF
[2026-07-25 01:28:59] [DEBUG] PartsDefinitionModel::getTableStructure() start... Project ID: PRJ-D45FEF
[2026-07-25 01:28:59] [DEBUG] Screen::updateAreaE() [iframe起動版] path: \Develop\Views\AreaE\PartsDefinition\RegistParts.view start...
[2026-07-25 01:28:59] [DEBUG] Screen::getContents() start...
[2026-07-25 01:28:59] [DEBUG] Screen::getContents() finish.
[2026-07-25 01:28:59] [DEBUG] Screen::updateAreaE() finish.
[2026-07-25 01:28:59] [DEBUG] PartsDefinitionController::editPartsAction() end.
[2026-07-25 01:28:59] [DEBUG] Screen::areaView() start...
[2026-07-25 01:28:59] [DEBUG] Screen::areaView() finish.
[2026-07-25 01:29:04] [DEBUG] --- wwProject System Start ---
[2026-07-25 01:29:04] [DEBUG] Router::Router() /jemini/wwProjectV1.53/Develop/Console/ServerBridgeAction/
[2026-07-25 01:29:04] [DEBUG] Attempting to load: \Develop\Controllers\ConsoleController::ServerBridgeAction
[2026-07-25 01:29:04] [DEBUG] Router: Executing \Develop\Controllers\ConsoleController->ServerBridgeAction
[2026-07-25 01:29:04] [DEBUG] ConsoleController::ServerBridge() start...
[2026-07-25 01:29:04] [DEBUG] ConsoleController::ServerBridge() \Develop\Controllers\PartsDefinitionController::editPartsAction()
[2026-07-25 01:29:04] [DEBUG] PartsDefinitionController::editPartsAction() start...
[2026-07-25 01:29:04] [DEBUG] PartsDefinitionModel::getAllPartsList() start... Project ID: PRJ-D45FEF
[2026-07-25 01:29:04] [DEBUG] PartsDefinitionModel::getColumnsByTableId() start... Input: newDevelopers
[2026-07-25 01:29:04] [DEBUG] 逆引き成功: 物理名 newDevelopers -> table_id : 12
[2026-07-25 01:29:04] [DEBUG] PartsDefinitionModel::getColumnsByTableId() finish. 件数: 9
[2026-07-25 01:29:04] [DEBUG] PartsDefinitionModel::getTableStructure() start... Project ID: PRJ-D45FEF
[2026-07-25 01:29:04] [DEBUG] Screen::updateAreaE() [iframe起動版] path: \Develop\Views\AreaE\PartsDefinition\RegistParts.view start...
[2026-07-25 01:29:04] [DEBUG] Screen::getContents() start...
[2026-07-25 01:29:04] [DEBUG] Screen::getContents() finish.
[2026-07-25 01:29:04] [DEBUG] Screen::updateAreaE() finish.
[2026-07-25 01:29:04] [DEBUG] PartsDefinitionController::editPartsAction() end.
[2026-07-25 01:29:04] [DEBUG] Screen::areaView() start...
[2026-07-25 01:29:04] [DEBUG] Screen::areaView() finish.
[2026-07-25 01:29:05] [DEBUG] --- wwProject System Start ---
[2026-07-25 01:29:05] [DEBUG] Router::Router() /jemini/wwProjectV1.53/Develop/Console/ServerBridgeAction/
[2026-07-25 01:29:05] [DEBUG] Attempting to load: \Develop\Controllers\ConsoleController::ServerBridgeAction
[2026-07-25 01:29:05] [DEBUG] Router: Executing \Develop\Controllers\ConsoleController->ServerBridgeAction
[2026-07-25 01:29:05] [DEBUG] ConsoleController::ServerBridge() start...
[2026-07-25 01:29:05] [DEBUG] ConsoleController::ServerBridge() \Develop\Controllers\PartsDefinitionController::editPartsAction()
[2026-07-25 01:29:05] [DEBUG] PartsDefinitionController::editPartsAction() start...
[2026-07-25 01:29:05] [DEBUG] PartsDefinitionModel::getAllPartsList() start... Project ID: PRJ-D45FEF
[2026-07-25 01:29:05] [DEBUG] PartsDefinitionModel::getColumnsByTableId() start... Input: developers
[2026-07-25 01:29:05] [DEBUG] 逆引き成功: 物理名 developers -> table_id : 14
[2026-07-25 01:29:05] [DEBUG] PartsDefinitionModel::getColumnsByTableId() finish. 件数: 9
[2026-07-25 01:29:05] [DEBUG] PartsDefinitionModel::getTableStructure() start... Project ID: PRJ-D45FEF
[2026-07-25 01:29:05] [DEBUG] Screen::updateAreaE() [iframe起動版] path: \Develop\Views\AreaE\PartsDefinition\RegistParts.view start...
[2026-07-25 01:29:05] [DEBUG] Screen::getContents() start...
[2026-07-25 01:29:05] [DEBUG] Screen::getContents() finish.
[2026-07-25 01:29:05] [DEBUG] Screen::updateAreaE() finish.
[2026-07-25 01:29:05] [DEBUG] PartsDefinitionController::editPartsAction() end.
[2026-07-25 01:29:05] [DEBUG] Screen::areaView() start...
[2026-07-25 01:29:05] [DEBUG] Screen::areaView() finish.
[2026-07-25 01:29:06] [DEBUG] --- wwProject System Start ---
[2026-07-25 01:29:06] [DEBUG] Router::Router() /jemini/wwProjectV1.53/Develop/Console/ServerBridgeAction/
[2026-07-25 01:29:06] [DEBUG] Attempting to load: \Develop\Controllers\ConsoleController::ServerBridgeAction
[2026-07-25 01:29:06] [DEBUG] Router: Executing \Develop\Controllers\ConsoleController->ServerBridgeAction
[2026-07-25 01:29:06] [DEBUG] ConsoleController::ServerBridge() start...
[2026-07-25 01:29:06] [DEBUG] ConsoleController::ServerBridge() \Develop\Controllers\PartsDefinitionController::editPartsAction()
[2026-07-25 01:29:06] [DEBUG] PartsDefinitionController::editPartsAction() start...
[2026-07-25 01:29:06] [DEBUG] PartsDefinitionModel::getAllPartsList() start... Project ID: PRJ-D45FEF
[2026-07-25 01:29:06] [DEBUG] PartsDefinitionModel::getColumnsByTableId() start... Input: applicantmaster
[2026-07-25 01:29:06] [DEBUG] 逆引き成功: 物理名 applicantmaster -> table_id : 13
[2026-07-25 01:29:06] [DEBUG] PartsDefinitionModel::getColumnsByTableId() finish. 件数: 19
[2026-07-25 01:29:06] [DEBUG] PartsDefinitionModel::getTableStructure() start... Project ID: PRJ-D45FEF
[2026-07-25 01:29:06] [DEBUG] Screen::updateAreaE() [iframe起動版] path: \Develop\Views\AreaE\PartsDefinition\RegistParts.view start...
[2026-07-25 01:29:06] [DEBUG] Screen::getContents() start...
[2026-07-25 01:29:06] [DEBUG] Screen::getContents() finish.
[2026-07-25 01:29:06] [DEBUG] Screen::updateAreaE() finish.
[2026-07-25 01:29:06] [DEBUG] PartsDefinitionController::editPartsAction() end.
[2026-07-25 01:29:06] [DEBUG] Screen::areaView() start...
[2026-07-25 01:29:06] [DEBUG] Screen::areaView() finish.
[2026-07-25 01:29:07] [DEBUG] --- wwProject System Start ---
[2026-07-25 01:29:07] [DEBUG] Router::Router() /jemini/wwProjectV1.53/Develop/Console/ServerBridgeAction/
[2026-07-25 01:29:07] [DEBUG] Attempting to load: \Develop\Controllers\ConsoleController::ServerBridgeAction
[2026-07-25 01:29:07] [DEBUG] Router: Executing \Develop\Controllers\ConsoleController->ServerBridgeAction
[2026-07-25 01:29:07] [DEBUG] ConsoleController::ServerBridge() start...
[2026-07-25 01:29:07] [DEBUG] ConsoleController::ServerBridge() \Develop\Controllers\PartsDefinitionController::editPartsAction()
[2026-07-25 01:29:07] [DEBUG] PartsDefinitionController::editPartsAction() start...
[2026-07-25 01:29:07] [DEBUG] PartsDefinitionModel::getAllPartsList() start... Project ID: PRJ-D45FEF
[2026-07-25 01:29:07] [DEBUG] PartsDefinitionModel::getTableStructure() start... Project ID: PRJ-D45FEF
[2026-07-25 01:29:07] [DEBUG] Screen::updateAreaE() [iframe起動版] path: \Develop\Views\AreaE\PartsDefinition\RegistParts.view start...
[2026-07-25 01:29:07] [DEBUG] Screen::getContents() start...
[2026-07-25 01:29:07] [DEBUG] Screen::getContents() finish.
[2026-07-25 01:29:07] [DEBUG] Screen::updateAreaE() finish.
[2026-07-25 01:29:07] [DEBUG] PartsDefinitionController::editPartsAction() end.
[2026-07-25 01:29:07] [DEBUG] Screen::areaView() start...
[2026-07-25 01:29:07] [DEBUG] Screen::areaView() finish.
[2026-07-25 01:29:12] [DEBUG] --- wwProject System Start ---
[2026-07-25 01:29:12] [DEBUG] Router::Router() /jemini/wwProjectV1.53/Develop/Console/ServerBridgeAction/
[2026-07-25 01:29:12] [DEBUG] Attempting to load: \Develop\Controllers\ConsoleController::ServerBridgeAction
[2026-07-25 01:29:12] [DEBUG] Router: Executing \Develop\Controllers\ConsoleController->ServerBridgeAction
[2026-07-25 01:29:12] [DEBUG] ConsoleController::ServerBridge() start...
[2026-07-25 01:29:12] [DEBUG] ConsoleController::ServerBridge() \Develop\Controllers\PartsDefinitionController::newPartsAction()
[2026-07-25 01:29:12] [DEBUG] PartsDefinitionController::newPartsAction() start...
[2026-07-25 01:29:12] [DEBUG] PartsDefinitionModel::getTableStructure() start... Project ID: PRJ-D45FEF
[2026-07-25 01:29:12] [DEBUG] Screen::updateAreaE() [iframe起動版] path: \Develop\Views\AreaE\PartsDefinition\RegistParts.view start...
[2026-07-25 01:29:12] [DEBUG] Screen::getContents() start...
[2026-07-25 01:29:12] [DEBUG] Screen::getContents() finish.
[2026-07-25 01:29:12] [DEBUG] Screen::updateAreaE() finish.
[2026-07-25 01:29:12] [DEBUG] PartsDefinitionController::newPartsAction() end.
[2026-07-25 01:29:12] [DEBUG] Screen::areaView() start...
[2026-07-25 01:29:12] [DEBUG] Screen::areaView() finish.
[2026-07-25 01:29:35] [DEBUG] --- wwProject System Start ---
[2026-07-25 01:29:35] [DEBUG] Router::Router() /jemini/wwProjectV1.53/Develop/Console/ServerBridgeAction/
[2026-07-25 01:29:35] [DEBUG] Attempting to load: \Develop\Controllers\ConsoleController::ServerBridgeAction
[2026-07-25 01:29:35] [DEBUG] Router: Executing \Develop\Controllers\ConsoleController->ServerBridgeAction
[2026-07-25 01:29:35] [DEBUG] ConsoleController::ServerBridge() start...
[2026-07-25 01:29:35] [DEBUG] ConsoleController::ServerBridge() \Develop\Controllers\PartsDefinitionController::editPartsAction()
[2026-07-25 01:29:35] [DEBUG] PartsDefinitionController::editPartsAction() start...
[2026-07-25 01:29:35] [DEBUG] PartsDefinitionModel::getAllPartsList() start... Project ID: PRJ-D45FEF
[2026-07-25 01:29:35] [DEBUG] PartsDefinitionModel::getColumnsByTableId() start... Input: newDevelopers
[2026-07-25 01:29:35] [DEBUG] 逆引き成功: 物理名 newDevelopers -> table_id : 12
[2026-07-25 01:29:35] [DEBUG] PartsDefinitionModel::getColumnsByTableId() finish. 件数: 9
[2026-07-25 01:29:35] [DEBUG] PartsDefinitionModel::getTableStructure() start... Project ID: PRJ-D45FEF
[2026-07-25 01:29:35] [DEBUG] Screen::updateAreaE() [iframe起動版] path: \Develop\Views\AreaE\PartsDefinition\RegistParts.view start...
[2026-07-25 01:29:35] [DEBUG] Screen::getContents() start...
[2026-07-25 01:29:35] [DEBUG] Screen::getContents() finish.
[2026-07-25 01:29:35] [DEBUG] Screen::updateAreaE() finish.
[2026-07-25 01:29:35] [DEBUG] PartsDefinitionController::editPartsAction() end.
[2026-07-25 01:29:35] [DEBUG] Screen::areaView() start...
[2026-07-25 01:29:35] [DEBUG] Screen::areaView() finish.
[2026-07-25 01:29:37] [DEBUG] --- wwProject System Start ---
[2026-07-25 01:29:37] [DEBUG] Router::Router() /jemini/wwProjectV1.53/Develop/Console/ServerBridgeAction/
[2026-07-25 01:29:37] [DEBUG] Attempting to load: \Develop\Controllers\ConsoleController::ServerBridgeAction
[2026-07-25 01:29:37] [DEBUG] Router: Executing \Develop\Controllers\ConsoleController->ServerBridgeAction
[2026-07-25 01:29:37] [DEBUG] ConsoleController::ServerBridge() start...
[2026-07-25 01:29:37] [DEBUG] ConsoleController::ServerBridge() \Develop\Controllers\PartsDefinitionController::editPartsAction()
[2026-07-25 01:29:37] [DEBUG] PartsDefinitionController::editPartsAction() start...
[2026-07-25 01:29:37] [DEBUG] PartsDefinitionModel::getAllPartsList() start... Project ID: PRJ-D45FEF
[2026-07-25 01:29:37] [DEBUG] PartsDefinitionModel::getColumnsByTableId() start... Input: newDevelopers
[2026-07-25 01:29:37] [DEBUG] 逆引き成功: 物理名 newDevelopers -> table_id : 12
[2026-07-25 01:29:37] [DEBUG] PartsDefinitionModel::getColumnsByTableId() finish. 件数: 9
[2026-07-25 01:29:37] [DEBUG] PartsDefinitionModel::getTableStructure() start... Project ID: PRJ-D45FEF
[2026-07-25 01:29:37] [DEBUG] Screen::updateAreaE() [iframe起動版] path: \Develop\Views\AreaE\PartsDefinition\RegistParts.view start...
[2026-07-25 01:29:37] [DEBUG] Screen::getContents() start...
[2026-07-25 01:29:37] [DEBUG] Screen::getContents() finish.
[2026-07-25 01:29:37] [DEBUG] Screen::updateAreaE() finish.
[2026-07-25 01:29:37] [DEBUG] PartsDefinitionController::editPartsAction() end.
[2026-07-25 01:29:37] [DEBUG] Screen::areaView() start...
[2026-07-25 01:29:37] [DEBUG] Screen::areaView() finish.
[2026-07-25 01:29:38] [DEBUG] --- wwProject System Start ---
[2026-07-25 01:29:38] [DEBUG] Router::Router() /jemini/wwProjectV1.53/Develop/Console/ServerBridgeAction/
[2026-07-25 01:29:38] [DEBUG] Attempting to load: \Develop\Controllers\ConsoleController::ServerBridgeAction
[2026-07-25 01:29:38] [DEBUG] Router: Executing \Develop\Controllers\ConsoleController->ServerBridgeAction
[2026-07-25 01:29:38] [DEBUG] ConsoleController::ServerBridge() start...
[2026-07-25 01:29:38] [DEBUG] ConsoleController::ServerBridge() \Develop\Controllers\PartsDefinitionController::editPartsAction()
[2026-07-25 01:29:38] [DEBUG] PartsDefinitionController::editPartsAction() start...
[2026-07-25 01:29:38] [DEBUG] PartsDefinitionModel::getAllPartsList() start... Project ID: PRJ-D45FEF
[2026-07-25 01:29:38] [DEBUG] PartsDefinitionModel::getColumnsByTableId() start... Input: developers
[2026-07-25 01:29:38] [DEBUG] 逆引き成功: 物理名 developers -> table_id : 14
[2026-07-25 01:29:38] [DEBUG] PartsDefinitionModel::getColumnsByTableId() finish. 件数: 9
[2026-07-25 01:29:38] [DEBUG] PartsDefinitionModel::getTableStructure() start... Project ID: PRJ-D45FEF
[2026-07-25 01:29:38] [DEBUG] Screen::updateAreaE() [iframe起動版] path: \Develop\Views\AreaE\PartsDefinition\RegistParts.view start...
[2026-07-25 01:29:38] [DEBUG] Screen::getContents() start...
[2026-07-25 01:29:38] [DEBUG] Screen::getContents() finish.
[2026-07-25 01:29:38] [DEBUG] Screen::updateAreaE() finish.
[2026-07-25 01:29:38] [DEBUG] PartsDefinitionController::editPartsAction() end.
[2026-07-25 01:29:38] [DEBUG] Screen::areaView() start...
[2026-07-25 01:29:38] [DEBUG] Screen::areaView() finish.
[2026-07-25 01:29:39] [DEBUG] --- wwProject System Start ---
[2026-07-25 01:29:39] [DEBUG] Router::Router() /jemini/wwProjectV1.53/Develop/Console/ServerBridgeAction/
[2026-07-25 01:29:39] [DEBUG] Attempting to load: \Develop\Controllers\ConsoleController::ServerBridgeAction
[2026-07-25 01:29:39] [DEBUG] Router: Executing \Develop\Controllers\ConsoleController->ServerBridgeAction
[2026-07-25 01:29:39] [DEBUG] ConsoleController::ServerBridge() start...
[2026-07-25 01:29:39] [DEBUG] ConsoleController::ServerBridge() \Develop\Controllers\PartsDefinitionController::editPartsAction()
[2026-07-25 01:29:39] [DEBUG] PartsDefinitionController::editPartsAction() start...
[2026-07-25 01:29:39] [DEBUG] PartsDefinitionModel::getAllPartsList() start... Project ID: PRJ-D45FEF
[2026-07-25 01:29:39] [DEBUG] PartsDefinitionModel::getColumnsByTableId() start... Input: developers
[2026-07-25 01:29:39] [DEBUG] 逆引き成功: 物理名 developers -> table_id : 14
[2026-07-25 01:29:39] [DEBUG] PartsDefinitionModel::getColumnsByTableId() finish. 件数: 9
[2026-07-25 01:29:39] [DEBUG] PartsDefinitionModel::getTableStructure() start... Project ID: PRJ-D45FEF
[2026-07-25 01:29:39] [DEBUG] Screen::updateAreaE() [iframe起動版] path: \Develop\Views\AreaE\PartsDefinition\RegistParts.view start...
[2026-07-25 01:29:39] [DEBUG] Screen::getContents() start...
[2026-07-25 01:29:39] [DEBUG] Screen::getContents() finish.
[2026-07-25 01:29:39] [DEBUG] Screen::updateAreaE() finish.
[2026-07-25 01:29:39] [DEBUG] PartsDefinitionController::editPartsAction() end.
[2026-07-25 01:29:39] [DEBUG] Screen::areaView() start...
[2026-07-25 01:29:39] [DEBUG] Screen::areaView() finish.
[2026-07-25 01:29:41] [DEBUG] --- wwProject System Start ---
[2026-07-25 01:29:41] [DEBUG] Router::Router() /jemini/wwProjectV1.53/Develop/Console/ServerBridgeAction/
[2026-07-25 01:29:41] [DEBUG] Attempting to load: \Develop\Controllers\ConsoleController::ServerBridgeAction
[2026-07-25 01:29:41] [DEBUG] Router: Executing \Develop\Controllers\ConsoleController->ServerBridgeAction
[2026-07-25 01:29:41] [DEBUG] ConsoleController::ServerBridge() start...
[2026-07-25 01:29:41] [DEBUG] ConsoleController::ServerBridge() \Develop\Controllers\PartsDefinitionController::editPartsAction()
[2026-07-25 01:29:41] [DEBUG] PartsDefinitionController::editPartsAction() start...
[2026-07-25 01:29:41] [DEBUG] PartsDefinitionModel::getAllPartsList() start... Project ID: PRJ-D45FEF
[2026-07-25 01:29:41] [DEBUG] PartsDefinitionModel::getTableStructure() start... Project ID: PRJ-D45FEF
[2026-07-25 01:29:41] [DEBUG] Screen::updateAreaE() [iframe起動版] path: \Develop\Views\AreaE\PartsDefinition\RegistParts.view start...
[2026-07-25 01:29:41] [DEBUG] Screen::getContents() start...
[2026-07-25 01:29:41] [DEBUG] Screen::getContents() finish.
[2026-07-25 01:29:41] [DEBUG] Screen::updateAreaE() finish.
[2026-07-25 01:29:41] [DEBUG] PartsDefinitionController::editPartsAction() end.
[2026-07-25 01:29:41] [DEBUG] Screen::areaView() start...
[2026-07-25 01:29:41] [DEBUG] Screen::areaView() finish.
[2026-07-25 01:29:42] [DEBUG] --- wwProject System Start ---
[2026-07-25 01:29:42] [DEBUG] Router::Router() /jemini/wwProjectV1.53/Develop/Console/ServerBridgeAction/
[2026-07-25 01:29:42] [DEBUG] Attempting to load: \Develop\Controllers\ConsoleController::ServerBridgeAction
[2026-07-25 01:29:42] [DEBUG] Router: Executing \Develop\Controllers\ConsoleController->ServerBridgeAction
[2026-07-25 01:29:42] [DEBUG] ConsoleController::ServerBridge() start...
[2026-07-25 01:29:42] [DEBUG] ConsoleController::ServerBridge() \Develop\Controllers\PartsDefinitionController::editPartsAction()
[2026-07-25 01:29:42] [DEBUG] PartsDefinitionController::editPartsAction() start...
[2026-07-25 01:29:42] [DEBUG] PartsDefinitionModel::getAllPartsList() start... Project ID: PRJ-D45FEF
[2026-07-25 01:29:42] [DEBUG] PartsDefinitionModel::getTableStructure() start... Project ID: PRJ-D45FEF
[2026-07-25 01:29:42] [DEBUG] Screen::updateAreaE() [iframe起動版] path: \Develop\Views\AreaE\PartsDefinition\RegistParts.view start...
[2026-07-25 01:29:42] [DEBUG] Screen::getContents() start...
[2026-07-25 01:29:42] [DEBUG] Screen::getContents() finish.
[2026-07-25 01:29:42] [DEBUG] Screen::updateAreaE() finish.
[2026-07-25 01:29:42] [DEBUG] PartsDefinitionController::editPartsAction() end.
[2026-07-25 01:29:42] [DEBUG] Screen::areaView() start...
[2026-07-25 01:29:42] [DEBUG] Screen::areaView() finish.
[2026-07-25 01:29:42] [DEBUG] --- wwProject System Start ---
[2026-07-25 01:29:42] [DEBUG] Router::Router() /jemini/wwProjectV1.53/Develop/Console/ServerBridgeAction/
[2026-07-25 01:29:42] [DEBUG] Attempting to load: \Develop\Controllers\ConsoleController::ServerBridgeAction
[2026-07-25 01:29:42] [DEBUG] Router: Executing \Develop\Controllers\ConsoleController->ServerBridgeAction
[2026-07-25 01:29:42] [DEBUG] ConsoleController::ServerBridge() start...
[2026-07-25 01:29:42] [DEBUG] ConsoleController::ServerBridge() \Develop\Controllers\PartsDefinitionController::editPartsAction()
[2026-07-25 01:29:42] [DEBUG] PartsDefinitionController::editPartsAction() start...
[2026-07-25 01:29:42] [DEBUG] PartsDefinitionModel::getAllPartsList() start... Project ID: PRJ-D45FEF
[2026-07-25 01:29:42] [DEBUG] PartsDefinitionModel::getTableStructure() start... Project ID: PRJ-D45FEF
[2026-07-25 01:29:42] [DEBUG] Screen::updateAreaE() [iframe起動版] path: \Develop\Views\AreaE\PartsDefinition\RegistParts.view start...
[2026-07-25 01:29:42] [DEBUG] Screen::getContents() start...
[2026-07-25 01:29:42] [DEBUG] Screen::getContents() finish.
[2026-07-25 01:29:42] [DEBUG] Screen::updateAreaE() finish.
[2026-07-25 01:29:42] [DEBUG] PartsDefinitionController::editPartsAction() end.
[2026-07-25 01:29:42] [DEBUG] Screen::areaView() start...
[2026-07-25 01:29:42] [DEBUG] Screen::areaView() finish.
[2026-07-25 01:29:44] [DEBUG] --- wwProject System Start ---
[2026-07-25 01:29:44] [DEBUG] Router::Router() /jemini/wwProjectV1.53/Develop/Console/ServerBridgeAction/
[2026-07-25 01:29:44] [DEBUG] Attempting to load: \Develop\Controllers\ConsoleController::ServerBridgeAction
[2026-07-25 01:29:44] [DEBUG] Router: Executing \Develop\Controllers\ConsoleController->ServerBridgeAction
[2026-07-25 01:29:44] [DEBUG] ConsoleController::ServerBridge() start...
[2026-07-25 01:29:44] [DEBUG] ConsoleController::ServerBridge() \Develop\Controllers\PartsDefinitionController::editPartsAction()
[2026-07-25 01:29:44] [DEBUG] PartsDefinitionController::editPartsAction() start...
[2026-07-25 01:29:44] [DEBUG] PartsDefinitionModel::getAllPartsList() start... Project ID: PRJ-D45FEF
[2026-07-25 01:29:44] [DEBUG] PartsDefinitionModel::getTableStructure() start... Project ID: PRJ-D45FEF
[2026-07-25 01:29:44] [DEBUG] Screen::updateAreaE() [iframe起動版] path: \Develop\Views\AreaE\PartsDefinition\RegistParts.view start...
[2026-07-25 01:29:44] [DEBUG] Screen::getContents() start...
[2026-07-25 01:29:44] [DEBUG] Screen::getContents() finish.
[2026-07-25 01:29:44] [DEBUG] Screen::updateAreaE() finish.
[2026-07-25 01:29:44] [DEBUG] PartsDefinitionController::editPartsAction() end.
[2026-07-25 01:29:44] [DEBUG] Screen::areaView() start...
[2026-07-25 01:29:44] [DEBUG] Screen::areaView() finish.
[2026-07-25 01:29:45] [DEBUG] --- wwProject System Start ---
[2026-07-25 01:29:45] [DEBUG] Router::Router() /jemini/wwProjectV1.53/Develop/Console/ServerBridgeAction/
[2026-07-25 01:29:45] [DEBUG] Attempting to load: \Develop\Controllers\ConsoleController::ServerBridgeAction
[2026-07-25 01:29:45] [DEBUG] Router: Executing \Develop\Controllers\ConsoleController->ServerBridgeAction
[2026-07-25 01:29:45] [DEBUG] ConsoleController::ServerBridge() start...
[2026-07-25 01:29:45] [DEBUG] ConsoleController::ServerBridge() \Develop\Controllers\PartsDefinitionController::editPartsAction()
[2026-07-25 01:29:45] [DEBUG] PartsDefinitionController::editPartsAction() start...
[2026-07-25 01:29:45] [DEBUG] PartsDefinitionModel::getAllPartsList() start... Project ID: PRJ-D45FEF
[2026-07-25 01:29:45] [DEBUG] PartsDefinitionModel::getTableStructure() start... Project ID: PRJ-D45FEF
[2026-07-25 01:29:45] [DEBUG] Screen::updateAreaE() [iframe起動版] path: \Develop\Views\AreaE\PartsDefinition\RegistParts.view start...
[2026-07-25 01:29:45] [DEBUG] Screen::getContents() start...
[2026-07-25 01:29:45] [DEBUG] Screen::getContents() finish.
[2026-07-25 01:29:45] [DEBUG] Screen::updateAreaE() finish.
[2026-07-25 01:29:45] [DEBUG] PartsDefinitionController::editPartsAction() end.
[2026-07-25 01:29:45] [DEBUG] Screen::areaView() start...
[2026-07-25 01:29:45] [DEBUG] Screen::areaView() finish.
[2026-07-25 01:29:46] [DEBUG] --- wwProject System Start ---
[2026-07-25 01:29:46] [DEBUG] Router::Router() /jemini/wwProjectV1.53/Develop/Console/ServerBridgeAction/
[2026-07-25 01:29:46] [DEBUG] Attempting to load: \Develop\Controllers\ConsoleController::ServerBridgeAction
[2026-07-25 01:29:46] [DEBUG] Router: Executing \Develop\Controllers\ConsoleController->ServerBridgeAction
[2026-07-25 01:29:46] [DEBUG] ConsoleController::ServerBridge() start...
[2026-07-25 01:29:46] [DEBUG] ConsoleController::ServerBridge() \Develop\Controllers\PartsDefinitionController::editPartsAction()
[2026-07-25 01:29:46] [DEBUG] PartsDefinitionController::editPartsAction() start...
[2026-07-25 01:29:46] [DEBUG] PartsDefinitionModel::getAllPartsList() start... Project ID: PRJ-D45FEF
[2026-07-25 01:29:46] [DEBUG] PartsDefinitionModel::getColumnsByTableId() start... Input: newDevelopers
[2026-07-25 01:29:46] [DEBUG] 逆引き成功: 物理名 newDevelopers -> table_id : 12
[2026-07-25 01:29:46] [DEBUG] PartsDefinitionModel::getColumnsByTableId() finish. 件数: 9
[2026-07-25 01:29:46] [DEBUG] PartsDefinitionModel::getTableStructure() start... Project ID: PRJ-D45FEF
[2026-07-25 01:29:46] [DEBUG] Screen::updateAreaE() [iframe起動版] path: \Develop\Views\AreaE\PartsDefinition\RegistParts.view start...
[2026-07-25 01:29:46] [DEBUG] Screen::getContents() start...
[2026-07-25 01:29:46] [DEBUG] Screen::getContents() finish.
[2026-07-25 01:29:46] [DEBUG] Screen::updateAreaE() finish.
[2026-07-25 01:29:46] [DEBUG] PartsDefinitionController::editPartsAction() end.
[2026-07-25 01:29:46] [DEBUG] Screen::areaView() start...
[2026-07-25 01:29:46] [DEBUG] Screen::areaView() finish.
[2026-07-25 01:29:49] [DEBUG] --- wwProject System Start ---
[2026-07-25 01:29:49] [DEBUG] Router::Router() /jemini/wwProjectV1.53/Develop/Console/ServerBridgeAction/
[2026-07-25 01:29:49] [DEBUG] Attempting to load: \Develop\Controllers\ConsoleController::ServerBridgeAction
[2026-07-25 01:29:49] [DEBUG] Router: Executing \Develop\Controllers\ConsoleController->ServerBridgeAction
[2026-07-25 01:29:49] [DEBUG] ConsoleController::ServerBridge() start...
[2026-07-25 01:29:49] [DEBUG] ConsoleController::ServerBridge() \Develop\Controllers\PartsDefinitionController::editPartsAction()
[2026-07-25 01:29:49] [DEBUG] PartsDefinitionController::editPartsAction() start...
[2026-07-25 01:29:49] [DEBUG] PartsDefinitionModel::getAllPartsList() start... Project ID: PRJ-D45FEF
[2026-07-25 01:29:49] [DEBUG] PartsDefinitionModel::getColumnsByTableId() start... Input: developers
[2026-07-25 01:29:49] [DEBUG] 逆引き成功: 物理名 developers -> table_id : 14
[2026-07-25 01:29:49] [DEBUG] PartsDefinitionModel::getColumnsByTableId() finish. 件数: 9
[2026-07-25 01:29:49] [DEBUG] PartsDefinitionModel::getTableStructure() start... Project ID: PRJ-D45FEF
[2026-07-25 01:29:49] [DEBUG] Screen::updateAreaE() [iframe起動版] path: \Develop\Views\AreaE\PartsDefinition\RegistParts.view start...
[2026-07-25 01:29:49] [DEBUG] Screen::getContents() start...
[2026-07-25 01:29:49] [DEBUG] Screen::getContents() finish.
[2026-07-25 01:29:49] [DEBUG] Screen::updateAreaE() finish.
[2026-07-25 01:29:49] [DEBUG] PartsDefinitionController::editPartsAction() end.
[2026-07-25 01:29:49] [DEBUG] Screen::areaView() start...
[2026-07-25 01:29:49] [DEBUG] Screen::areaView() finish.
[2026-07-25 01:29:56] [DEBUG] --- wwProject System Start ---
[2026-07-25 01:29:56] [DEBUG] Router::Router() /jemini/wwProjectV1.53/Develop/Console/ServerBridgeAction/
[2026-07-25 01:29:56] [DEBUG] Attempting to load: \Develop\Controllers\ConsoleController::ServerBridgeAction
[2026-07-25 01:29:56] [DEBUG] Router: Executing \Develop\Controllers\ConsoleController->ServerBridgeAction
[2026-07-25 01:29:56] [DEBUG] ConsoleController::ServerBridge() start...
[2026-07-25 01:29:56] [DEBUG] ConsoleController::ServerBridge() \Develop\Controllers\PartsDefinitionController::editPartsAction()
[2026-07-25 01:29:56] [DEBUG] PartsDefinitionController::editPartsAction() start...
[2026-07-25 01:29:56] [DEBUG] PartsDefinitionModel::getAllPartsList() start... Project ID: PRJ-D45FEF
[2026-07-25 01:29:56] [DEBUG] PartsDefinitionModel::getColumnsByTableId() start... Input: applicantmaster
[2026-07-25 01:29:56] [DEBUG] 逆引き成功: 物理名 applicantmaster -> table_id : 13
[2026-07-25 01:29:56] [DEBUG] PartsDefinitionModel::getColumnsByTableId() finish. 件数: 19
[2026-07-25 01:29:56] [DEBUG] PartsDefinitionModel::getTableStructure() start... Project ID: PRJ-D45FEF
[2026-07-25 01:29:56] [DEBUG] Screen::updateAreaE() [iframe起動版] path: \Develop\Views\AreaE\PartsDefinition\RegistParts.view start...
[2026-07-25 01:29:56] [DEBUG] Screen::getContents() start...
[2026-07-25 01:29:56] [DEBUG] Screen::getContents() finish.
[2026-07-25 01:29:56] [DEBUG] Screen::updateAreaE() finish.
[2026-07-25 01:29:56] [DEBUG] PartsDefinitionController::editPartsAction() end.
[2026-07-25 01:29:56] [DEBUG] Screen::areaView() start...
[2026-07-25 01:29:56] [DEBUG] Screen::areaView() finish.
[2026-07-25 01:29:57] [DEBUG] --- wwProject System Start ---
[2026-07-25 01:29:57] [DEBUG] Router::Router() /jemini/wwProjectV1.53/Develop/Console/ServerBridgeAction/
[2026-07-25 01:29:57] [DEBUG] Attempting to load: \Develop\Controllers\ConsoleController::ServerBridgeAction
[2026-07-25 01:29:57] [DEBUG] Router: Executing \Develop\Controllers\ConsoleController->ServerBridgeAction
[2026-07-25 01:29:57] [DEBUG] ConsoleController::ServerBridge() start...
[2026-07-25 01:29:57] [DEBUG] ConsoleController::ServerBridge() \Develop\Controllers\PartsDefinitionController::editPartsAction()
[2026-07-25 01:29:57] [DEBUG] PartsDefinitionController::editPartsAction() start...
[2026-07-25 01:29:57] [DEBUG] PartsDefinitionModel::getAllPartsList() start... Project ID: PRJ-D45FEF
[2026-07-25 01:29:57] [DEBUG] PartsDefinitionModel::getColumnsByTableId() start... Input: developers
[2026-07-25 01:29:57] [DEBUG] 逆引き成功: 物理名 developers -> table_id : 14
[2026-07-25 01:29:57] [DEBUG] PartsDefinitionModel::getColumnsByTableId() finish. 件数: 9
[2026-07-25 01:29:57] [DEBUG] PartsDefinitionModel::getTableStructure() start... Project ID: PRJ-D45FEF
[2026-07-25 01:29:57] [DEBUG] Screen::updateAreaE() [iframe起動版] path: \Develop\Views\AreaE\PartsDefinition\RegistParts.view start...
[2026-07-25 01:29:57] [DEBUG] Screen::getContents() start...
[2026-07-25 01:29:57] [DEBUG] Screen::getContents() finish.
[2026-07-25 01:29:57] [DEBUG] Screen::updateAreaE() finish.
[2026-07-25 01:29:57] [DEBUG] PartsDefinitionController::editPartsAction() end.
[2026-07-25 01:29:57] [DEBUG] Screen::areaView() start...
[2026-07-25 01:29:57] [DEBUG] Screen::areaView() finish.
[2026-07-25 01:29:59] [DEBUG] --- wwProject System Start ---
[2026-07-25 01:29:59] [DEBUG] Router::Router() /jemini/wwProjectV1.53/Develop/Console/ServerBridgeAction/
[2026-07-25 01:29:59] [DEBUG] Attempting to load: \Develop\Controllers\ConsoleController::ServerBridgeAction
[2026-07-25 01:29:59] [DEBUG] Router: Executing \Develop\Controllers\ConsoleController->ServerBridgeAction
[2026-07-25 01:29:59] [DEBUG] ConsoleController::ServerBridge() start...
[2026-07-25 01:29:59] [DEBUG] ConsoleController::ServerBridge() \Develop\Controllers\PartsDefinitionController::editPartsAction()
[2026-07-25 01:29:59] [DEBUG] PartsDefinitionController::editPartsAction() start...
[2026-07-25 01:29:59] [DEBUG] PartsDefinitionModel::getAllPartsList() start... Project ID: PRJ-D45FEF
[2026-07-25 01:29:59] [DEBUG] PartsDefinitionModel::getTableStructure() start... Project ID: PRJ-D45FEF
[2026-07-25 01:29:59] [DEBUG] Screen::updateAreaE() [iframe起動版] path: \Develop\Views\AreaE\PartsDefinition\RegistParts.view start...
[2026-07-25 01:29:59] [DEBUG] Screen::getContents() start...
[2026-07-25 01:29:59] [DEBUG] Screen::getContents() finish.
[2026-07-25 01:29:59] [DEBUG] Screen::updateAreaE() finish.
[2026-07-25 01:29:59] [DEBUG] PartsDefinitionController::editPartsAction() end.
[2026-07-25 01:29:59] [DEBUG] Screen::areaView() start...
[2026-07-25 01:29:59] [DEBUG] Screen::areaView() finish.
[2026-07-25 01:30:01] [DEBUG] --- wwProject System Start ---
[2026-07-25 01:30:01] [DEBUG] Router::Router() /jemini/wwProjectV1.53/Develop/Console/ServerBridgeAction/
[2026-07-25 01:30:01] [DEBUG] Attempting to load: \Develop\Controllers\ConsoleController::ServerBridgeAction
[2026-07-25 01:30:01] [DEBUG] Router: Executing \Develop\Controllers\ConsoleController->ServerBridgeAction
[2026-07-25 01:30:01] [DEBUG] ConsoleController::ServerBridge() start...
[2026-07-25 01:30:01] [DEBUG] ConsoleController::ServerBridge() \Develop\Controllers\PartsDefinitionController::editPartsAction()
[2026-07-25 01:30:01] [DEBUG] PartsDefinitionController::editPartsAction() start...
[2026-07-25 01:30:01] [DEBUG] PartsDefinitionModel::getAllPartsList() start... Project ID: PRJ-D45FEF
[2026-07-25 01:30:01] [DEBUG] PartsDefinitionModel::getTableStructure() start... Project ID: PRJ-D45FEF
[2026-07-25 01:30:01] [DEBUG] Screen::updateAreaE() [iframe起動版] path: \Develop\Views\AreaE\PartsDefinition\RegistParts.view start...
[2026-07-25 01:30:01] [DEBUG] Screen::getContents() start...
[2026-07-25 01:30:01] [DEBUG] Screen::getContents() finish.
[2026-07-25 01:30:01] [DEBUG] Screen::updateAreaE() finish.
[2026-07-25 01:30:01] [DEBUG] PartsDefinitionController::editPartsAction() end.
[2026-07-25 01:30:01] [DEBUG] Screen::areaView() start...
[2026-07-25 01:30:01] [DEBUG] Screen::areaView() finish.
[2026-07-25 01:34:58] [DEBUG] --- wwProject System Start ---
[2026-07-25 01:34:58] [DEBUG] Router::Router() /jemini/wwProjectV1.53/Develop/Console/initial/
[2026-07-25 01:34:58] [DEBUG] Attempting to load: \Develop\Controllers\ConsoleController::initialAction
[2026-07-25 01:34:58] [DEBUG] Router: Executing \Develop\Controllers\ConsoleController->initialAction
[2026-07-25 01:34:58] [DEBUG] Console::initialAction() start...
[2026-07-25 01:34:58] [DEBUG] Screen::view() path: \Develop\Views\Console\Console.view start...
[2026-07-25 01:34:58] [DEBUG] Screen::getContents() start...
[2026-07-25 01:34:58] [DEBUG] Screen::getContents() finish.
[2026-07-25 01:34:58] [DEBUG] Screen::view() path: \Develop\Views\Console\Console.view finish.
[2026-07-25 01:34:58] [DEBUG] ConsoleController::initialAction() finish.
[2026-07-25 01:34:58] [DEBUG] --- wwProject System Start ---
[2026-07-25 01:34:58] [DEBUG] Router::Router() /jemini/wwProjectV1.53/Develop/Console/ServerBridgeAction/
[2026-07-25 01:34:58] [DEBUG] Attempting to load: \Develop\Controllers\ConsoleController::ServerBridgeAction
[2026-07-25 01:34:58] [DEBUG] Router: Executing \Develop\Controllers\ConsoleController->ServerBridgeAction
[2026-07-25 01:34:58] [DEBUG] ConsoleController::ServerBridge() start...
[2026-07-25 01:34:58] [DEBUG] ConsoleController::ServerBridge() \Develop\Controllers\ConsoleController::areaInitialAction()
[2026-07-25 01:34:58] [DEBUG] ConsoleController::AreaInitialAction() start...
[2026-07-25 01:34:58] [DEBUG] Screen::updateAreaA() path: \Develop\Views\AreaA\Area_A.view start...
[2026-07-25 01:34:58] [DEBUG] Screen::areaView() sending JSON: ["areas"]
[2026-07-25 01:34:58] [DEBUG] Screen::getContents() start...
[2026-07-25 01:34:58] [DEBUG] Screen::getContents() finish.
[2026-07-25 01:34:58] [DEBUG] Screen::updateAreaA() finish.
[2026-07-25 01:34:58] [DEBUG] Screen::updateAreaB() path: \Develop\Views\AreaB\Area_B.view start...
[2026-07-25 01:34:58] [DEBUG] Screen::getContents() start...
[2026-07-25 01:34:58] [DEBUG] Screen::getContents() finish.
[2026-07-25 01:34:58] [DEBUG] Screen::updateAreaB() finish.
[2026-07-25 01:34:58] [DEBUG] Screen::updateAreaD() path: \Develop\Views\AreaD\Area_D_clear.view start...
[2026-07-25 01:34:58] [DEBUG] Screen::getContents() start...
[2026-07-25 01:34:58] [DEBUG] Screen::getContents() finish.
[2026-07-25 01:34:58] [DEBUG] Screen::updateAreaD() finish.
[2026-07-25 01:34:58] [DEBUG] Screen::updateAreaE() [iframe起動版] path: \Develop\Views\AreaE\Area_E_clear.view start...
[2026-07-25 01:34:58] [DEBUG] Screen::getContents() start...
[2026-07-25 01:34:58] [DEBUG] Screen::getContents() finish.
[2026-07-25 01:34:58] [DEBUG] Screen::updateAreaE() finish.
[2026-07-25 01:34:58] [DEBUG] Screen::updateAreaF() path: \Develop\Views\AreaF\Area_F.view start...
[2026-07-25 01:34:58] [DEBUG] Screen::getContents() start...
[2026-07-25 01:34:58] [DEBUG] Screen::getContents() finish.
[2026-07-25 01:34:58] [DEBUG] Screen::updateAreaF() finish.
[2026-07-25 01:34:58] [DEBUG] ProjectController::startProjectNabi() start...
[2026-07-25 01:34:58] [DEBUG] ProjectController::getProjectListHtml() start...
[2026-07-25 01:34:58] [DEBUG] ProjectModel::getProjectList() start...
[2026-07-25 01:34:58] [DEBUG] ProjectModel::getProjectList() finish.
[2026-07-25 01:34:58] [DEBUG] CodeMasterModel：：getCodesByGroup() start...
[2026-07-25 01:34:58] [DEBUG] CodeMasterModel：：getCodesByGroup() finish.
[2026-07-25 01:34:58] [DEBUG] ProjectController::getNaviFooterHtml() start...
[2026-07-25 01:34:58] [DEBUG] ProjectController::getNaviFooterHtml() finish.
[2026-07-25 01:34:58] [DEBUG] ProjectController::startProjectNabi() finish.
[2026-07-25 01:34:58] [DEBUG] Screen::updateAreaC() \Develop\Views\AreaC\Area_C.view start...
[2026-07-25 01:34:58] [DEBUG] Screen::getContents() start...
[2026-07-25 01:34:58] [DEBUG] Screen::getContents() finish.
[2026-07-25 01:34:58] [DEBUG] Screen::updateAreaC() finish.
[2026-07-25 01:34:58] [DEBUG] ConsoleController::AreaInitialAction() finish.
[2026-07-25 01:34:58] [DEBUG] Screen::areaView() start...
[2026-07-25 01:34:58] [DEBUG] Screen::areaView() finish.
[2026-07-25 01:35:00] [DEBUG] --- wwProject System Start ---
[2026-07-25 01:35:00] [DEBUG] Router::Router() /jemini/wwProjectV1.53/Develop/Console/ServerBridgeAction/
[2026-07-25 01:35:00] [DEBUG] Attempting to load: \Develop\Controllers\ConsoleController::ServerBridgeAction
[2026-07-25 01:35:00] [DEBUG] Router: Executing \Develop\Controllers\ConsoleController->ServerBridgeAction
[2026-07-25 01:35:00] [DEBUG] ConsoleController::ServerBridge() start...
[2026-07-25 01:35:00] [DEBUG] ConsoleController::ServerBridge() \Develop\Controllers\PartsDefinitionController::InitialAction()
[2026-07-25 01:35:00] [DEBUG] DBDefinitionController::initialAction() start...
[2026-07-25 01:35:00] [DEBUG] PartsDefinitionController::initialAction() projectId : PRJ-D45FEF
[2026-07-25 01:35:00] [DEBUG] PartsDefinitionModel::getAllPartsList() start... Project ID: PRJ-D45FEF
[2026-07-25 01:35:00] [DEBUG] Screen::updateAreaD() path: \Develop\Views\AreaD\PartsDefinition\PartsDefinitionList.view start...
[2026-07-25 01:35:00] [DEBUG] Screen::getContents() start...
[2026-07-25 01:35:00] [DEBUG] Screen::getContents() finish.
[2026-07-25 01:35:00] [DEBUG] Screen::updateAreaD() finish.
[2026-07-25 01:35:00] [DEBUG] Screen::updateAreaE() [iframe起動版] path: \Develop\Views\AreaE\Area_E_clear.view start...
[2026-07-25 01:35:00] [DEBUG] Screen::getContents() start...
[2026-07-25 01:35:00] [DEBUG] Screen::getContents() finish.
[2026-07-25 01:35:00] [DEBUG] Screen::updateAreaE() finish.
[2026-07-25 01:35:00] [DEBUG] DBDefinitionController::initialAction() end.
[2026-07-25 01:35:00] [DEBUG] Screen::areaView() start...
[2026-07-25 01:35:00] [DEBUG] Screen::areaView() finish.
[2026-07-25 01:35:02] [DEBUG] --- wwProject System Start ---
[2026-07-25 01:35:02] [DEBUG] Router::Router() /jemini/wwProjectV1.53/Develop/Console/ServerBridgeAction/
[2026-07-25 01:35:02] [DEBUG] Attempting to load: \Develop\Controllers\ConsoleController::ServerBridgeAction
[2026-07-25 01:35:02] [DEBUG] Router: Executing \Develop\Controllers\ConsoleController->ServerBridgeAction
[2026-07-25 01:35:02] [DEBUG] ConsoleController::ServerBridge() start...
[2026-07-25 01:35:02] [DEBUG] ConsoleController::ServerBridge() \Develop\Controllers\PartsDefinitionController::editPartsAction()
[2026-07-25 01:35:02] [DEBUG] PartsDefinitionController::editPartsAction() start...
[2026-07-25 01:35:02] [DEBUG] PartsDefinitionModel::getAllPartsList() start... Project ID: PRJ-D45FEF
[2026-07-25 01:35:02] [DEBUG] PartsDefinitionModel::getColumnsByTableId() start... Input: newDevelopers
[2026-07-25 01:35:02] [DEBUG] 逆引き成功: 物理名 newDevelopers -> table_id : 12
[2026-07-25 01:35:02] [DEBUG] PartsDefinitionModel::getColumnsByTableId() finish. 件数: 9
[2026-07-25 01:35:02] [DEBUG] PartsDefinitionModel::getTableStructure() start... Project ID: PRJ-D45FEF
[2026-07-25 01:35:02] [DEBUG] Screen::updateAreaE() [iframe起動版] path: \Develop\Views\AreaE\PartsDefinition\RegistParts.view start...
[2026-07-25 01:35:02] [DEBUG] Screen::getContents() start...
[2026-07-25 01:35:03] [DEBUG] Screen::getContents() finish.
[2026-07-25 01:35:03] [DEBUG] Screen::updateAreaE() finish.
[2026-07-25 01:35:03] [DEBUG] PartsDefinitionController::editPartsAction() end.
[2026-07-25 01:35:03] [DEBUG] Screen::areaView() start...
[2026-07-25 01:35:03] [DEBUG] Screen::areaView() finish.
[2026-07-25 01:35:04] [DEBUG] --- wwProject System Start ---
[2026-07-25 01:35:04] [DEBUG] Router::Router() /jemini/wwProjectV1.53/Develop/Console/ServerBridgeAction/
[2026-07-25 01:35:04] [DEBUG] Attempting to load: \Develop\Controllers\ConsoleController::ServerBridgeAction
[2026-07-25 01:35:04] [DEBUG] Router: Executing \Develop\Controllers\ConsoleController->ServerBridgeAction
[2026-07-25 01:35:04] [DEBUG] ConsoleController::ServerBridge() start...
[2026-07-25 01:35:04] [DEBUG] ConsoleController::ServerBridge() \Develop\Controllers\PartsDefinitionController::editPartsAction()
[2026-07-25 01:35:04] [DEBUG] PartsDefinitionController::editPartsAction() start...
[2026-07-25 01:35:04] [DEBUG] PartsDefinitionModel::getAllPartsList() start... Project ID: PRJ-D45FEF
[2026-07-25 01:35:04] [DEBUG] PartsDefinitionModel::getColumnsByTableId() start... Input: newDevelopers
[2026-07-25 01:35:04] [DEBUG] 逆引き成功: 物理名 newDevelopers -> table_id : 12
[2026-07-25 01:35:04] [DEBUG] PartsDefinitionModel::getColumnsByTableId() finish. 件数: 9
[2026-07-25 01:35:04] [DEBUG] PartsDefinitionModel::getTableStructure() start... Project ID: PRJ-D45FEF
[2026-07-25 01:35:04] [DEBUG] Screen::updateAreaE() [iframe起動版] path: \Develop\Views\AreaE\PartsDefinition\RegistParts.view start...
[2026-07-25 01:35:04] [DEBUG] Screen::getContents() start...
[2026-07-25 01:35:04] [DEBUG] Screen::getContents() finish.
[2026-07-25 01:35:04] [DEBUG] Screen::updateAreaE() finish.
[2026-07-25 01:35:04] [DEBUG] PartsDefinitionController::editPartsAction() end.
[2026-07-25 01:35:04] [DEBUG] Screen::areaView() start...
[2026-07-25 01:35:04] [DEBUG] Screen::areaView() finish.
[2026-07-25 01:35:09] [DEBUG] --- wwProject System Start ---
[2026-07-25 01:35:09] [DEBUG] Router::Router() /jemini/wwProjectV1.53/Develop/Console/ServerBridgeAction/
[2026-07-25 01:35:09] [DEBUG] Attempting to load: \Develop\Controllers\ConsoleController::ServerBridgeAction
[2026-07-25 01:35:09] [DEBUG] Router: Executing \Develop\Controllers\ConsoleController->ServerBridgeAction
[2026-07-25 01:35:09] [DEBUG] ConsoleController::ServerBridge() start...
[2026-07-25 01:35:09] [DEBUG] ConsoleController::ServerBridge() \Develop\Controllers\PartsDefinitionController::editPartsAction()
[2026-07-25 01:35:09] [DEBUG] PartsDefinitionController::editPartsAction() start...
[2026-07-25 01:35:09] [DEBUG] PartsDefinitionModel::getAllPartsList() start... Project ID: PRJ-D45FEF
[2026-07-25 01:35:09] [DEBUG] PartsDefinitionModel::getColumnsByTableId() start... Input: newDevelopers
[2026-07-25 01:35:09] [DEBUG] 逆引き成功: 物理名 newDevelopers -> table_id : 12
[2026-07-25 01:35:09] [DEBUG] PartsDefinitionModel::getColumnsByTableId() finish. 件数: 9
[2026-07-25 01:35:09] [DEBUG] PartsDefinitionModel::getTableStructure() start... Project ID: PRJ-D45FEF
[2026-07-25 01:35:09] [DEBUG] Screen::updateAreaE() [iframe起動版] path: \Develop\Views\AreaE\PartsDefinition\RegistParts.view start...
[2026-07-25 01:35:09] [DEBUG] Screen::getContents() start...
[2026-07-25 01:35:09] [DEBUG] Screen::getContents() finish.
[2026-07-25 01:35:09] [DEBUG] Screen::updateAreaE() finish.
[2026-07-25 01:35:09] [DEBUG] PartsDefinitionController::editPartsAction() end.
[2026-07-25 01:35:09] [DEBUG] Screen::areaView() start...
[2026-07-25 01:35:09] [DEBUG] Screen::areaView() finish.
[2026-07-25 01:35:13] [DEBUG] --- wwProject System Start ---
[2026-07-25 01:35:13] [DEBUG] Router::Router() /jemini/wwProjectV1.53/Develop/Console/ServerBridgeAction/
[2026-07-25 01:35:13] [DEBUG] Attempting to load: \Develop\Controllers\ConsoleController::ServerBridgeAction
[2026-07-25 01:35:13] [DEBUG] Router: Executing \Develop\Controllers\ConsoleController->ServerBridgeAction
[2026-07-25 01:35:13] [DEBUG] ConsoleController::ServerBridge() start...
[2026-07-25 01:35:13] [DEBUG] ConsoleController::ServerBridge() \Develop\Controllers\PartsDefinitionController::editPartsAction()
[2026-07-25 01:35:13] [DEBUG] PartsDefinitionController::editPartsAction() start...
[2026-07-25 01:35:13] [DEBUG] PartsDefinitionModel::getAllPartsList() start... Project ID: PRJ-D45FEF
[2026-07-25 01:35:13] [DEBUG] PartsDefinitionModel::getColumnsByTableId() start... Input: newDevelopers
[2026-07-25 01:35:13] [DEBUG] 逆引き成功: 物理名 newDevelopers -> table_id : 12
[2026-07-25 01:35:13] [DEBUG] PartsDefinitionModel::getColumnsByTableId() finish. 件数: 9
[2026-07-25 01:35:13] [DEBUG] PartsDefinitionModel::getTableStructure() start... Project ID: PRJ-D45FEF
[2026-07-25 01:35:13] [DEBUG] Screen::updateAreaE() [iframe起動版] path: \Develop\Views\AreaE\PartsDefinition\RegistParts.view start...
[2026-07-25 01:35:13] [DEBUG] Screen::getContents() start...
[2026-07-25 01:35:13] [DEBUG] Screen::getContents() finish.
[2026-07-25 01:35:13] [DEBUG] Screen::updateAreaE() finish.
[2026-07-25 01:35:13] [DEBUG] PartsDefinitionController::editPartsAction() end.
[2026-07-25 01:35:13] [DEBUG] Screen::areaView() start...
[2026-07-25 01:35:13] [DEBUG] Screen::areaView() finish.
[2026-07-25 01:35:28] [DEBUG] --- wwProject System Start ---
[2026-07-25 01:35:28] [DEBUG] Router::Router() /jemini/wwProjectV1.53/Develop/Console/ServerBridgeAction/
[2026-07-25 01:35:28] [DEBUG] Attempting to load: \Develop\Controllers\ConsoleController::ServerBridgeAction
[2026-07-25 01:35:28] [DEBUG] Router: Executing \Develop\Controllers\ConsoleController->ServerBridgeAction
[2026-07-25 01:35:28] [DEBUG] ConsoleController::ServerBridge() start...
[2026-07-25 01:35:28] [DEBUG] ConsoleController::ServerBridge() \Develop\Controllers\PartsDefinitionController::saveAction()
[2026-07-25 01:35:28] [DEBUG] PartsDefinitionController::saveAction() start...
[2026-07-25 01:35:28] [DEBUG] 🔍送信されたPOSTデータ: {"code":"PartsDefinition\/save","parts_id":"2","parts_name":"SingleConform","parts_description":"１２３４５","parts_type":"Single Record Confirm","table_name":"newDevelopers","preview_title":"SingleInputConform","input_rows":"","display_label":"logical","column_filter":"selected","contents":"","checked_columns_json":"user_name,login_id,password","input_style":""}
[2026-07-25 01:35:28] [DEBUG] PartsDefinitionModel::saveParts() start... Project ID: PRJ-D45FEF, Parts ID: 2
[2026-07-25 01:35:28] [DEBUG] PartsDefinitionModel::saveParts() 保存するchecked_columns_jsonの値: [user_name,login_id,password]
[2026-07-25 01:35:28] [DEBUG] PartsDefinitionModel::saveParts() search_area : 
[2026-07-25 01:35:28] [DEBUG] PartsDefinitionModel::saveParts() detail_button : 
[2026-07-25 01:35:28] [DEBUG] PartsDefinitionModel::saveParts() UPDATE m_screenparts SET
                            parts_name = :parts_name,
                            parts_description = :parts_description,
                            parts_type = :parts_type,
                            table_name = :table_name,
                            display_label = :display_label,
                            preview_title = :preview_title,
                            column_filter = :column_filter,
                            input_rows = :input_rows,
                            checked_columns_json = :checked_columns_json,
                            input_style = :input_style,
                            contents = :contents,
                            style_condition = :style_condition,
                            style_column = :style_column,
                            search_area = :search_area,
                            detail_button = :detail_button
                        WHERE
                            project_id = :project_id AND parts_id = :parts_id
[2026-07-25 01:35:28] [DEBUG] PartsDefinitionModel::saveParts() UPDATEを実行します。Parts ID: 2
[2026-07-25 01:35:28] [DEBUG] PartsDefinitionModel::getAllPartsList() start... Project ID: PRJ-D45FEF
[2026-07-25 01:35:28] [DEBUG] Screen::updateAreaD() path: \Develop\Views\AreaD\PartsDefinition\PartsDefinitionList.view start...
[2026-07-25 01:35:28] [DEBUG] Screen::getContents() start...
[2026-07-25 01:35:28] [DEBUG] Screen::getContents() finish.
[2026-07-25 01:35:28] [DEBUG] Screen::updateAreaD() finish.
[2026-07-25 01:35:28] [DEBUG] Screen::updateAreaE() [iframe起動版] path: \Develop\Views\AreaE\Area_E_clear.view start...
[2026-07-25 01:35:28] [DEBUG] Screen::getContents() start...
[2026-07-25 01:35:28] [DEBUG] Screen::getContents() finish.
[2026-07-25 01:35:28] [DEBUG] Screen::updateAreaE() finish.
[2026-07-25 01:35:28] [DEBUG] PartsDefinitionController::saveAction() end.
[2026-07-25 01:35:28] [DEBUG] Screen::areaView() start...
[2026-07-25 01:35:28] [DEBUG] Screen::areaView() finish.
[2026-07-25 01:35:31] [DEBUG] --- wwProject System Start ---
[2026-07-25 01:35:31] [DEBUG] Router::Router() /jemini/wwProjectV1.53/Develop/Console/ServerBridgeAction/
[2026-07-25 01:35:31] [DEBUG] Attempting to load: \Develop\Controllers\ConsoleController::ServerBridgeAction
[2026-07-25 01:35:31] [DEBUG] Router: Executing \Develop\Controllers\ConsoleController->ServerBridgeAction
[2026-07-25 01:35:31] [DEBUG] ConsoleController::ServerBridge() start...
[2026-07-25 01:35:31] [DEBUG] ConsoleController::ServerBridge() \Develop\Controllers\PartsDefinitionController::editPartsAction()
[2026-07-25 01:35:31] [DEBUG] PartsDefinitionController::editPartsAction() start...
[2026-07-25 01:35:31] [DEBUG] PartsDefinitionModel::getAllPartsList() start... Project ID: PRJ-D45FEF
[2026-07-25 01:35:31] [DEBUG] PartsDefinitionModel::getColumnsByTableId() start... Input: newDevelopers
[2026-07-25 01:35:31] [DEBUG] 逆引き成功: 物理名 newDevelopers -> table_id : 12
[2026-07-25 01:35:31] [DEBUG] PartsDefinitionModel::getColumnsByTableId() finish. 件数: 9
[2026-07-25 01:35:31] [DEBUG] PartsDefinitionModel::getTableStructure() start... Project ID: PRJ-D45FEF
[2026-07-25 01:35:31] [DEBUG] Screen::updateAreaE() [iframe起動版] path: \Develop\Views\AreaE\PartsDefinition\RegistParts.view start...
[2026-07-25 01:35:31] [DEBUG] Screen::getContents() start...
[2026-07-25 01:35:31] [DEBUG] Screen::getContents() finish.
[2026-07-25 01:35:31] [DEBUG] Screen::updateAreaE() finish.
[2026-07-25 01:35:31] [DEBUG] PartsDefinitionController::editPartsAction() end.
[2026-07-25 01:35:31] [DEBUG] Screen::areaView() start...
[2026-07-25 01:35:31] [DEBUG] Screen::areaView() finish.
[2026-07-25 01:35:36] [DEBUG] --- wwProject System Start ---
[2026-07-25 01:35:36] [DEBUG] Router::Router() /jemini/wwProjectV1.53/Develop/Console/ServerBridgeAction/
[2026-07-25 01:35:36] [DEBUG] Attempting to load: \Develop\Controllers\ConsoleController::ServerBridgeAction
[2026-07-25 01:35:36] [DEBUG] Router: Executing \Develop\Controllers\ConsoleController->ServerBridgeAction
[2026-07-25 01:35:36] [DEBUG] ConsoleController::ServerBridge() start...
[2026-07-25 01:35:36] [DEBUG] ConsoleController::ServerBridge() \Develop\Controllers\PartsDefinitionController::newPartsAction()
[2026-07-25 01:35:36] [DEBUG] PartsDefinitionController::newPartsAction() start...
[2026-07-25 01:35:36] [DEBUG] PartsDefinitionModel::getTableStructure() start... Project ID: PRJ-D45FEF
[2026-07-25 01:35:36] [DEBUG] Screen::updateAreaE() [iframe起動版] path: \Develop\Views\AreaE\PartsDefinition\RegistParts.view start...
[2026-07-25 01:35:36] [DEBUG] Screen::getContents() start...
[2026-07-25 01:35:36] [DEBUG] Screen::getContents() finish.
[2026-07-25 01:35:36] [DEBUG] Screen::updateAreaE() finish.
[2026-07-25 01:35:36] [DEBUG] PartsDefinitionController::newPartsAction() end.
[2026-07-25 01:35:36] [DEBUG] Screen::areaView() start...
[2026-07-25 01:35:36] [DEBUG] Screen::areaView() finish.
[2026-07-25 01:35:41] [DEBUG] --- wwProject System Start ---
[2026-07-25 01:35:41] [DEBUG] Router::Router() /jemini/wwProjectV1.53/Develop/Console/ServerBridgeAction/
[2026-07-25 01:35:41] [DEBUG] Attempting to load: \Develop\Controllers\ConsoleController::ServerBridgeAction
[2026-07-25 01:35:41] [DEBUG] Router: Executing \Develop\Controllers\ConsoleController->ServerBridgeAction
[2026-07-25 01:35:41] [DEBUG] ConsoleController::ServerBridge() start...
[2026-07-25 01:35:41] [DEBUG] ConsoleController::ServerBridge() \Develop\Controllers\PartsDefinitionController::changeTypeAction()
[2026-07-25 01:35:41] [DEBUG] PartsDefinitionController::changeTypeAction() start...
[2026-07-25 01:35:41] [DEBUG] PartsDefinitionModel::getTableStructure() start... Project ID: PRJ-D45FEF
[2026-07-25 01:35:41] [DEBUG] Screen::updateAreaE() [iframe起動版] path: \Develop\Views\AreaE\PartsDefinition\RegistParts.view start...
[2026-07-25 01:35:41] [DEBUG] Screen::getContents() start...
[2026-07-25 01:35:41] [DEBUG] Screen::getContents() finish.
[2026-07-25 01:35:41] [DEBUG] Screen::updateAreaE() finish.
[2026-07-25 01:35:41] [DEBUG] PartsDefinitionController::changeTypeAction() end.
[2026-07-25 01:35:41] [DEBUG] Screen::areaView() start...
[2026-07-25 01:35:41] [DEBUG] Screen::areaView() finish.
[2026-07-25 01:35:56] [DEBUG] --- wwProject System Start ---
[2026-07-25 01:35:56] [DEBUG] Router::Router() /jemini/wwProjectV1.53/Develop/Console/ServerBridgeAction/
[2026-07-25 01:35:56] [DEBUG] Attempting to load: \Develop\Controllers\ConsoleController::ServerBridgeAction
[2026-07-25 01:35:56] [DEBUG] Router: Executing \Develop\Controllers\ConsoleController->ServerBridgeAction
[2026-07-25 01:35:56] [DEBUG] ConsoleController::ServerBridge() start...
[2026-07-25 01:35:56] [DEBUG] ConsoleController::ServerBridge() \Develop\Controllers\PartsDefinitionController::getColumnsAction()
[2026-07-25 01:35:56] [DEBUG] PartsDefinitionController::getColumnsAction() start...
[2026-07-25 01:35:56] [DEBUG] PartsDefinitionModel::getColumnsByTableId() start... Input: applicantmaster
[2026-07-25 01:35:56] [DEBUG] 逆引き成功: 物理名 applicantmaster -> table_id : 13
[2026-07-25 01:35:56] [DEBUG] PartsDefinitionModel::getColumnsByTableId() finish. 件数: 19
[2026-07-25 01:35:56] [DEBUG] PartsDefinitionModel::getTableStructure() start... Project ID: PRJ-D45FEF
[2026-07-25 01:35:56] [DEBUG] Screen::updateAreaE() [iframe起動版] path: \Develop\Views\AreaE\PartsDefinition\RegistParts.view start...
[2026-07-25 01:35:56] [DEBUG] Screen::getContents() start...
[2026-07-25 01:35:56] [DEBUG] Screen::getContents() finish.
[2026-07-25 01:35:56] [DEBUG] Screen::updateAreaE() finish.
[2026-07-25 01:35:56] [DEBUG] PartsDefinitionController::getColumnsAction() end.
[2026-07-25 01:35:56] [DEBUG] Screen::areaView() start...
[2026-07-25 01:35:56] [DEBUG] Screen::areaView() finish.
[2026-07-25 01:36:30] [DEBUG] --- wwProject System Start ---
[2026-07-25 01:36:30] [DEBUG] Router::Router() /jemini/wwProjectV1.53/Develop/Console/ServerBridgeAction/
[2026-07-25 01:36:30] [DEBUG] Attempting to load: \Develop\Controllers\ConsoleController::ServerBridgeAction
[2026-07-25 01:36:30] [DEBUG] Router: Executing \Develop\Controllers\ConsoleController->ServerBridgeAction
[2026-07-25 01:36:30] [DEBUG] ConsoleController::ServerBridge() start...
[2026-07-25 01:36:30] [DEBUG] ConsoleController::ServerBridge() \Develop\Controllers\PartsDefinitionController::saveAction()
[2026-07-25 01:36:30] [DEBUG] PartsDefinitionController::saveAction() start...
[2026-07-25 01:36:30] [DEBUG] 🔍送信されたPOSTデータ: {"code":"PartsDefinition\/save","parts_id":"","parts_name":"０００００００００","parts_description":"０００００００００","parts_type":"Single Record Confirm","table_name":"applicantmaster","preview_title":"０００００００００","input_rows":"","display_label":"logical","column_filter":"selected","contents":"","checked_columns_json":"id,eventType,applicantEmail,organizationName,applicantName,address,fax,updateUser,updateDate","input_style":""}
[2026-07-25 01:36:30] [DEBUG] PartsDefinitionModel::saveParts() start... Project ID: PRJ-D45FEF, Parts ID: 
[2026-07-25 01:36:30] [DEBUG] PartsDefinitionModel::saveParts() 保存するchecked_columns_jsonの値: [id,eventType,applicantEmail,organizationName,applicantName,address,fax,updateUser,updateDate]
[2026-07-25 01:36:30] [DEBUG] PartsDefinitionModel::saveParts() search_area : 
[2026-07-25 01:36:30] [DEBUG] PartsDefinitionModel::saveParts() detail_button : 
[2026-07-25 01:36:30] [DEBUG] PartsDefinitionModel::saveParts() INSERT INTO m_screenparts (
                            project_id,
                            parts_name,
                            parts_description,
                            parts_type,
                            table_name,
                            display_label,
                            preview_title,
                            column_filter,
                            input_rows,
                            checked_columns_json,
                            input_style,
                            contents,
                            style_condition,
                            style_column,
                            search_area,
                            detail_button
                        ) VALUES (
                            :project_id,
                            :parts_name,
                            :parts_description,
                            :parts_type,
                            :table_name,
                            :display_label,
                            :preview_title,
                            :column_filter,
                            :input_rows,
                            :checked_columns_json,
                            :input_style,
                            :contents,
                            :style_condition,
                            :style_column,
                            :search_area,
                            :detail_button
                        )
[2026-07-25 01:36:30] [DEBUG] PartsDefinitionModel::saveParts() INSERTを実行します。
[2026-07-25 01:36:30] [DEBUG] PartsDefinitionModel::getAllPartsList() start... Project ID: PRJ-D45FEF
[2026-07-25 01:36:30] [DEBUG] Screen::updateAreaD() path: \Develop\Views\AreaD\PartsDefinition\PartsDefinitionList.view start...
[2026-07-25 01:36:30] [DEBUG] Screen::getContents() start...
[2026-07-25 01:36:30] [DEBUG] Screen::getContents() finish.
[2026-07-25 01:36:30] [DEBUG] Screen::updateAreaD() finish.
[2026-07-25 01:36:30] [DEBUG] Screen::updateAreaE() [iframe起動版] path: \Develop\Views\AreaE\Area_E_clear.view start...
[2026-07-25 01:36:30] [DEBUG] Screen::getContents() start...
[2026-07-25 01:36:30] [DEBUG] Screen::getContents() finish.
[2026-07-25 01:36:30] [DEBUG] Screen::updateAreaE() finish.
[2026-07-25 01:36:30] [DEBUG] PartsDefinitionController::saveAction() end.
[2026-07-25 01:36:31] [DEBUG] Screen::areaView() start...
[2026-07-25 01:36:31] [DEBUG] Screen::areaView() finish.
[2026-07-25 01:36:32] [DEBUG] --- wwProject System Start ---
[2026-07-25 01:36:32] [DEBUG] Router::Router() /jemini/wwProjectV1.53/Develop/Console/ServerBridgeAction/
[2026-07-25 01:36:32] [DEBUG] Attempting to load: \Develop\Controllers\ConsoleController::ServerBridgeAction
[2026-07-25 01:36:32] [DEBUG] Router: Executing \Develop\Controllers\ConsoleController->ServerBridgeAction
[2026-07-25 01:36:32] [DEBUG] ConsoleController::ServerBridge() start...
[2026-07-25 01:36:32] [DEBUG] ConsoleController::ServerBridge() \Develop\Controllers\PartsDefinitionController::editPartsAction()
[2026-07-25 01:36:32] [DEBUG] PartsDefinitionController::editPartsAction() start...
[2026-07-25 01:36:32] [DEBUG] PartsDefinitionModel::getAllPartsList() start... Project ID: PRJ-D45FEF
[2026-07-25 01:36:32] [DEBUG] PartsDefinitionModel::getColumnsByTableId() start... Input: applicantmaster
[2026-07-25 01:36:32] [DEBUG] 逆引き成功: 物理名 applicantmaster -> table_id : 13
[2026-07-25 01:36:32] [DEBUG] PartsDefinitionModel::getColumnsByTableId() finish. 件数: 19
[2026-07-25 01:36:32] [DEBUG] PartsDefinitionModel::getTableStructure() start... Project ID: PRJ-D45FEF
[2026-07-25 01:36:32] [DEBUG] Screen::updateAreaE() [iframe起動版] path: \Develop\Views\AreaE\PartsDefinition\RegistParts.view start...
[2026-07-25 01:36:32] [DEBUG] Screen::getContents() start...
[2026-07-25 01:36:32] [DEBUG] Screen::getContents() finish.
[2026-07-25 01:36:32] [DEBUG] Screen::updateAreaE() finish.
[2026-07-25 01:36:32] [DEBUG] PartsDefinitionController::editPartsAction() end.
[2026-07-25 01:36:32] [DEBUG] Screen::areaView() start...
[2026-07-25 01:36:32] [DEBUG] Screen::areaView() finish.
[2026-07-25 01:36:52] [DEBUG] --- wwProject System Start ---
[2026-07-25 01:36:52] [DEBUG] Router::Router() /jemini/wwProjectV1.53/Develop/Console/ServerBridgeAction/
[2026-07-25 01:36:52] [DEBUG] Attempting to load: \Develop\Controllers\ConsoleController::ServerBridgeAction
[2026-07-25 01:36:52] [DEBUG] Router: Executing \Develop\Controllers\ConsoleController->ServerBridgeAction
[2026-07-25 01:36:52] [DEBUG] ConsoleController::ServerBridge() start...
[2026-07-25 01:36:52] [DEBUG] ConsoleController::ServerBridge() \Develop\Controllers\PartsDefinitionController::editPartsAction()
[2026-07-25 01:36:52] [DEBUG] PartsDefinitionController::editPartsAction() start...
[2026-07-25 01:36:52] [DEBUG] PartsDefinitionModel::getAllPartsList() start... Project ID: PRJ-D45FEF
[2026-07-25 01:36:52] [DEBUG] PartsDefinitionModel::getColumnsByTableId() start... Input: developers
[2026-07-25 01:36:52] [DEBUG] 逆引き成功: 物理名 developers -> table_id : 14
[2026-07-25 01:36:52] [DEBUG] PartsDefinitionModel::getColumnsByTableId() finish. 件数: 9
[2026-07-25 01:36:52] [DEBUG] PartsDefinitionModel::getTableStructure() start... Project ID: PRJ-D45FEF
[2026-07-25 01:36:52] [DEBUG] Screen::updateAreaE() [iframe起動版] path: \Develop\Views\AreaE\PartsDefinition\RegistParts.view start...
[2026-07-25 01:36:52] [DEBUG] Screen::getContents() start...
[2026-07-25 01:36:52] [DEBUG] Screen::getContents() finish.
[2026-07-25 01:36:52] [DEBUG] Screen::updateAreaE() finish.
[2026-07-25 01:36:52] [DEBUG] PartsDefinitionController::editPartsAction() end.
[2026-07-25 01:36:52] [DEBUG] Screen::areaView() start...
[2026-07-25 01:36:52] [DEBUG] Screen::areaView() finish.
[2026-07-25 01:36:55] [DEBUG] --- wwProject System Start ---
[2026-07-25 01:36:55] [DEBUG] Router::Router() /jemini/wwProjectV1.53/Develop/Console/ServerBridgeAction/
[2026-07-25 01:36:55] [DEBUG] Attempting to load: \Develop\Controllers\ConsoleController::ServerBridgeAction
[2026-07-25 01:36:55] [DEBUG] Router: Executing \Develop\Controllers\ConsoleController->ServerBridgeAction
[2026-07-25 01:36:55] [DEBUG] ConsoleController::ServerBridge() start...
[2026-07-25 01:36:55] [DEBUG] ConsoleController::ServerBridge() \Develop\Controllers\PartsDefinitionController::editPartsAction()
[2026-07-25 01:36:55] [DEBUG] PartsDefinitionController::editPartsAction() start...
[2026-07-25 01:36:55] [DEBUG] PartsDefinitionModel::getAllPartsList() start... Project ID: PRJ-D45FEF
[2026-07-25 01:36:55] [DEBUG] PartsDefinitionModel::getColumnsByTableId() start... Input: developers
[2026-07-25 01:36:55] [DEBUG] 逆引き成功: 物理名 developers -> table_id : 14
[2026-07-25 01:36:55] [DEBUG] PartsDefinitionModel::getColumnsByTableId() finish. 件数: 9
[2026-07-25 01:36:55] [DEBUG] PartsDefinitionModel::getTableStructure() start... Project ID: PRJ-D45FEF
[2026-07-25 01:36:55] [DEBUG] Screen::updateAreaE() [iframe起動版] path: \Develop\Views\AreaE\PartsDefinition\RegistParts.view start...
[2026-07-25 01:36:55] [DEBUG] Screen::getContents() start...
[2026-07-25 01:36:55] [DEBUG] Screen::getContents() finish.
[2026-07-25 01:36:55] [DEBUG] Screen::updateAreaE() finish.
[2026-07-25 01:36:55] [DEBUG] PartsDefinitionController::editPartsAction() end.
[2026-07-25 01:36:55] [DEBUG] Screen::areaView() start...
[2026-07-25 01:36:55] [DEBUG] Screen::areaView() finish.
[2026-07-25 01:36:56] [DEBUG] --- wwProject System Start ---
[2026-07-25 01:36:56] [DEBUG] Router::Router() /jemini/wwProjectV1.53/Develop/Console/ServerBridgeAction/
[2026-07-25 01:36:56] [DEBUG] Attempting to load: \Develop\Controllers\ConsoleController::ServerBridgeAction
[2026-07-25 01:36:56] [DEBUG] Router: Executing \Develop\Controllers\ConsoleController->ServerBridgeAction
[2026-07-25 01:36:56] [DEBUG] ConsoleController::ServerBridge() start...
[2026-07-25 01:36:56] [DEBUG] ConsoleController::ServerBridge() \Develop\Controllers\PartsDefinitionController::editPartsAction()
[2026-07-25 01:36:56] [DEBUG] PartsDefinitionController::editPartsAction() start...
[2026-07-25 01:36:56] [DEBUG] PartsDefinitionModel::getAllPartsList() start... Project ID: PRJ-D45FEF
[2026-07-25 01:36:56] [DEBUG] PartsDefinitionModel::getColumnsByTableId() start... Input: developers
[2026-07-25 01:36:56] [DEBUG] 逆引き成功: 物理名 developers -> table_id : 14
[2026-07-25 01:36:56] [DEBUG] PartsDefinitionModel::getColumnsByTableId() finish. 件数: 9
[2026-07-25 01:36:56] [DEBUG] PartsDefinitionModel::getTableStructure() start... Project ID: PRJ-D45FEF
[2026-07-25 01:36:56] [DEBUG] Screen::updateAreaE() [iframe起動版] path: \Develop\Views\AreaE\PartsDefinition\RegistParts.view start...
[2026-07-25 01:36:56] [DEBUG] Screen::getContents() start...
[2026-07-25 01:36:56] [DEBUG] Screen::getContents() finish.
[2026-07-25 01:36:56] [DEBUG] Screen::updateAreaE() finish.
[2026-07-25 01:36:56] [DEBUG] PartsDefinitionController::editPartsAction() end.
[2026-07-25 01:36:56] [DEBUG] Screen::areaView() start...
[2026-07-25 01:36:56] [DEBUG] Screen::areaView() finish.
[2026-07-25 01:37:21] [DEBUG] --- wwProject System Start ---
[2026-07-25 01:37:21] [DEBUG] Router::Router() /jemini/wwProjectV1.53/Develop/Console/ServerBridgeAction/
[2026-07-25 01:37:21] [DEBUG] Attempting to load: \Develop\Controllers\ConsoleController::ServerBridgeAction
[2026-07-25 01:37:21] [DEBUG] Router: Executing \Develop\Controllers\ConsoleController->ServerBridgeAction
[2026-07-25 01:37:21] [DEBUG] ConsoleController::ServerBridge() start...
[2026-07-25 01:37:21] [DEBUG] ConsoleController::ServerBridge() \Develop\Controllers\PartsDefinitionController::editPartsAction()
[2026-07-25 01:37:21] [DEBUG] PartsDefinitionController::editPartsAction() start...
[2026-07-25 01:37:21] [DEBUG] PartsDefinitionModel::getAllPartsList() start... Project ID: PRJ-D45FEF
[2026-07-25 01:37:21] [DEBUG] PartsDefinitionModel::getTableStructure() start... Project ID: PRJ-D45FEF
[2026-07-25 01:37:21] [DEBUG] Screen::updateAreaE() [iframe起動版] path: \Develop\Views\AreaE\PartsDefinition\RegistParts.view start...
[2026-07-25 01:37:21] [DEBUG] Screen::getContents() start...
[2026-07-25 01:37:21] [DEBUG] Screen::getContents() finish.
[2026-07-25 01:37:21] [DEBUG] Screen::updateAreaE() finish.
[2026-07-25 01:37:21] [DEBUG] PartsDefinitionController::editPartsAction() end.
[2026-07-25 01:37:21] [DEBUG] Screen::areaView() start...
[2026-07-25 01:37:21] [DEBUG] Screen::areaView() finish.
[2026-07-25 01:37:23] [DEBUG] --- wwProject System Start ---
[2026-07-25 01:37:23] [DEBUG] Router::Router() /jemini/wwProjectV1.53/Develop/Console/ServerBridgeAction/
[2026-07-25 01:37:23] [DEBUG] Attempting to load: \Develop\Controllers\ConsoleController::ServerBridgeAction
[2026-07-25 01:37:23] [DEBUG] Router: Executing \Develop\Controllers\ConsoleController->ServerBridgeAction
[2026-07-25 01:37:23] [DEBUG] ConsoleController::ServerBridge() start...
[2026-07-25 01:37:23] [DEBUG] ConsoleController::ServerBridge() \Develop\Controllers\PartsDefinitionController::editPartsAction()
[2026-07-25 01:37:23] [DEBUG] PartsDefinitionController::editPartsAction() start...
[2026-07-25 01:37:23] [DEBUG] PartsDefinitionModel::getAllPartsList() start... Project ID: PRJ-D45FEF
[2026-07-25 01:37:23] [DEBUG] PartsDefinitionModel::getTableStructure() start... Project ID: PRJ-D45FEF
[2026-07-25 01:37:23] [DEBUG] Screen::updateAreaE() [iframe起動版] path: \Develop\Views\AreaE\PartsDefinition\RegistParts.view start...
[2026-07-25 01:37:23] [DEBUG] Screen::getContents() start...
[2026-07-25 01:37:23] [DEBUG] Screen::getContents() finish.
[2026-07-25 01:37:23] [DEBUG] Screen::updateAreaE() finish.
[2026-07-25 01:37:23] [DEBUG] PartsDefinitionController::editPartsAction() end.
[2026-07-25 01:37:23] [DEBUG] Screen::areaView() start...
[2026-07-25 01:37:23] [DEBUG] Screen::areaView() finish.
[2026-07-25 01:37:24] [DEBUG] --- wwProject System Start ---
[2026-07-25 01:37:24] [DEBUG] Router::Router() /jemini/wwProjectV1.53/Develop/Console/ServerBridgeAction/
[2026-07-25 01:37:24] [DEBUG] Attempting to load: \Develop\Controllers\ConsoleController::ServerBridgeAction
[2026-07-25 01:37:24] [DEBUG] Router: Executing \Develop\Controllers\ConsoleController->ServerBridgeAction
[2026-07-25 01:37:24] [DEBUG] ConsoleController::ServerBridge() start...
[2026-07-25 01:37:24] [DEBUG] ConsoleController::ServerBridge() \Develop\Controllers\PartsDefinitionController::editPartsAction()
[2026-07-25 01:37:24] [DEBUG] PartsDefinitionController::editPartsAction() start...
[2026-07-25 01:37:24] [DEBUG] PartsDefinitionModel::getAllPartsList() start... Project ID: PRJ-D45FEF
[2026-07-25 01:37:24] [DEBUG] PartsDefinitionModel::getTableStructure() start... Project ID: PRJ-D45FEF
[2026-07-25 01:37:24] [DEBUG] Screen::updateAreaE() [iframe起動版] path: \Develop\Views\AreaE\PartsDefinition\RegistParts.view start...
[2026-07-25 01:37:24] [DEBUG] Screen::getContents() start...
[2026-07-25 01:37:24] [DEBUG] Screen::getContents() finish.
[2026-07-25 01:37:24] [DEBUG] Screen::updateAreaE() finish.
[2026-07-25 01:37:24] [DEBUG] PartsDefinitionController::editPartsAction() end.
[2026-07-25 01:37:24] [DEBUG] Screen::areaView() start...
[2026-07-25 01:37:24] [DEBUG] Screen::areaView() finish.
[2026-07-25 01:40:24] [DEBUG] --- wwProject System Start ---
[2026-07-25 01:40:24] [DEBUG] Router::Router() /jemini/wwProjectV1.53/Develop/Console/ServerBridgeAction/
[2026-07-25 01:40:24] [DEBUG] Attempting to load: \Develop\Controllers\ConsoleController::ServerBridgeAction
[2026-07-25 01:40:24] [DEBUG] Router: Executing \Develop\Controllers\ConsoleController->ServerBridgeAction
[2026-07-25 01:40:24] [DEBUG] ConsoleController::ServerBridge() start...
[2026-07-25 01:40:24] [DEBUG] ConsoleController::ServerBridge() \Develop\Controllers\PartsDefinitionController::newPartsAction()
[2026-07-25 01:40:24] [DEBUG] PartsDefinitionController::newPartsAction() start...
[2026-07-25 01:40:24] [DEBUG] PartsDefinitionModel::getTableStructure() start... Project ID: PRJ-D45FEF
[2026-07-25 01:40:24] [DEBUG] Screen::updateAreaE() [iframe起動版] path: \Develop\Views\AreaE\PartsDefinition\RegistParts.view start...
[2026-07-25 01:40:24] [DEBUG] Screen::getContents() start...
[2026-07-25 01:40:24] [DEBUG] Screen::getContents() finish.
[2026-07-25 01:40:24] [DEBUG] Screen::updateAreaE() finish.
[2026-07-25 01:40:24] [DEBUG] PartsDefinitionController::newPartsAction() end.
[2026-07-25 01:40:24] [DEBUG] Screen::areaView() start...
[2026-07-25 01:40:24] [DEBUG] Screen::areaView() finish.
[2026-07-25 01:40:26] [DEBUG] --- wwProject System Start ---
[2026-07-25 01:40:26] [DEBUG] Router::Router() /jemini/wwProjectV1.53/Develop/Console/ServerBridgeAction/
[2026-07-25 01:40:26] [DEBUG] Attempting to load: \Develop\Controllers\ConsoleController::ServerBridgeAction
[2026-07-25 01:40:26] [DEBUG] Router: Executing \Develop\Controllers\ConsoleController->ServerBridgeAction
[2026-07-25 01:40:26] [DEBUG] ConsoleController::ServerBridge() start...
[2026-07-25 01:40:26] [DEBUG] ConsoleController::ServerBridge() \Develop\Controllers\PartsDefinitionController::changeTypeAction()
[2026-07-25 01:40:26] [DEBUG] PartsDefinitionController::changeTypeAction() start...
[2026-07-25 01:40:26] [DEBUG] PartsDefinitionModel::getTableStructure() start... Project ID: PRJ-D45FEF
[2026-07-25 01:40:26] [DEBUG] Screen::updateAreaE() [iframe起動版] path: \Develop\Views\AreaE\PartsDefinition\RegistParts.view start...
[2026-07-25 01:40:26] [DEBUG] Screen::getContents() start...
[2026-07-25 01:40:26] [DEBUG] Screen::getContents() finish.
[2026-07-25 01:40:26] [DEBUG] Screen::updateAreaE() finish.
[2026-07-25 01:40:26] [DEBUG] PartsDefinitionController::changeTypeAction() end.
[2026-07-25 01:40:26] [DEBUG] Screen::areaView() start...
[2026-07-25 01:40:26] [DEBUG] Screen::areaView() finish.
[2026-07-25 01:40:27] [DEBUG] --- wwProject System Start ---
[2026-07-25 01:40:28] [DEBUG] Router::Router() /jemini/wwProjectV1.53/Develop/Console/ServerBridgeAction/
[2026-07-25 01:40:28] [DEBUG] Attempting to load: \Develop\Controllers\ConsoleController::ServerBridgeAction
[2026-07-25 01:40:28] [DEBUG] Router: Executing \Develop\Controllers\ConsoleController->ServerBridgeAction
[2026-07-25 01:40:28] [DEBUG] ConsoleController::ServerBridge() start...
[2026-07-25 01:40:28] [DEBUG] ConsoleController::ServerBridge() \Develop\Controllers\PartsDefinitionController::changeTypeAction()
[2026-07-25 01:40:28] [DEBUG] PartsDefinitionController::changeTypeAction() start...
[2026-07-25 01:40:28] [DEBUG] PartsDefinitionModel::getTableStructure() start... Project ID: PRJ-D45FEF
[2026-07-25 01:40:28] [DEBUG] Screen::updateAreaE() [iframe起動版] path: \Develop\Views\AreaE\PartsDefinition\RegistParts.view start...
[2026-07-25 01:40:28] [DEBUG] Screen::getContents() start...
[2026-07-25 01:40:28] [DEBUG] Screen::getContents() finish.
[2026-07-25 01:40:28] [DEBUG] Screen::updateAreaE() finish.
[2026-07-25 01:40:28] [DEBUG] PartsDefinitionController::changeTypeAction() end.
[2026-07-25 01:40:28] [DEBUG] Screen::areaView() start...
[2026-07-25 01:40:28] [DEBUG] Screen::areaView() finish.
[2026-07-25 01:40:35] [DEBUG] --- wwProject System Start ---
[2026-07-25 01:40:35] [DEBUG] Router::Router() /jemini/wwProjectV1.53/Develop/Console/ServerBridgeAction/
[2026-07-25 01:40:35] [DEBUG] Attempting to load: \Develop\Controllers\ConsoleController::ServerBridgeAction
[2026-07-25 01:40:35] [DEBUG] Router: Executing \Develop\Controllers\ConsoleController->ServerBridgeAction
[2026-07-25 01:40:35] [DEBUG] ConsoleController::ServerBridge() start...
[2026-07-25 01:40:35] [DEBUG] ConsoleController::ServerBridge() \Develop\Controllers\PartsDefinitionController::getColumnsAction()
[2026-07-25 01:40:35] [DEBUG] PartsDefinitionController::getColumnsAction() start...
[2026-07-25 01:40:35] [DEBUG] PartsDefinitionModel::getColumnsByTableId() start... Input: applicantmaster
[2026-07-25 01:40:35] [DEBUG] 逆引き成功: 物理名 applicantmaster -> table_id : 13
[2026-07-25 01:40:35] [DEBUG] PartsDefinitionModel::getColumnsByTableId() finish. 件数: 19
[2026-07-25 01:40:35] [DEBUG] PartsDefinitionModel::getTableStructure() start... Project ID: PRJ-D45FEF
[2026-07-25 01:40:35] [DEBUG] Screen::updateAreaE() [iframe起動版] path: \Develop\Views\AreaE\PartsDefinition\RegistParts.view start...
[2026-07-25 01:40:35] [DEBUG] Screen::getContents() start...
[2026-07-25 01:40:35] [DEBUG] Screen::getContents() finish.
[2026-07-25 01:40:35] [DEBUG] Screen::updateAreaE() finish.
[2026-07-25 01:40:35] [DEBUG] PartsDefinitionController::getColumnsAction() end.
[2026-07-25 01:40:35] [DEBUG] Screen::areaView() start...
[2026-07-25 01:40:35] [DEBUG] Screen::areaView() finish.
[2026-07-25 01:40:39] [DEBUG] --- wwProject System Start ---
[2026-07-25 01:40:39] [DEBUG] Router::Router() /jemini/wwProjectV1.53/Develop/Console/ServerBridgeAction/
[2026-07-25 01:40:39] [DEBUG] Attempting to load: \Develop\Controllers\ConsoleController::ServerBridgeAction
[2026-07-25 01:40:39] [DEBUG] Router: Executing \Develop\Controllers\ConsoleController->ServerBridgeAction
[2026-07-25 01:40:39] [DEBUG] ConsoleController::ServerBridge() start...
[2026-07-25 01:40:39] [DEBUG] ConsoleController::ServerBridge() \Develop\Controllers\PartsDefinitionController::changeTypeAction()
[2026-07-25 01:40:39] [DEBUG] PartsDefinitionController::changeTypeAction() start...
[2026-07-25 01:40:39] [DEBUG] PartsDefinitionModel::getTableStructure() start... Project ID: PRJ-D45FEF
[2026-07-25 01:40:39] [DEBUG] Screen::updateAreaE() [iframe起動版] path: \Develop\Views\AreaE\PartsDefinition\RegistParts.view start...
[2026-07-25 01:40:39] [DEBUG] Screen::getContents() start...
[2026-07-25 01:40:39] [DEBUG] Screen::getContents() finish.
[2026-07-25 01:40:39] [DEBUG] Screen::updateAreaE() finish.
[2026-07-25 01:40:39] [DEBUG] PartsDefinitionController::changeTypeAction() end.
[2026-07-25 01:40:39] [DEBUG] Screen::areaView() start...
[2026-07-25 01:40:39] [DEBUG] Screen::areaView() finish.
[2026-07-25 01:44:32] [DEBUG] --- wwProject System Start ---
[2026-07-25 01:44:32] [DEBUG] Router::Router() /jemini/wwProjectV1.53/Develop/Console/ServerBridgeAction/
[2026-07-25 01:44:32] [DEBUG] Attempting to load: \Develop\Controllers\ConsoleController::ServerBridgeAction
[2026-07-25 01:44:32] [DEBUG] Router: Executing \Develop\Controllers\ConsoleController->ServerBridgeAction
[2026-07-25 01:44:32] [DEBUG] ConsoleController::ServerBridge() start...
[2026-07-25 01:44:32] [DEBUG] ConsoleController::ServerBridge() \Develop\Controllers\PartsDefinitionController::editPartsAction()
[2026-07-25 01:44:32] [DEBUG] PartsDefinitionController::editPartsAction() start...
[2026-07-25 01:44:32] [DEBUG] PartsDefinitionModel::getAllPartsList() start... Project ID: PRJ-D45FEF
[2026-07-25 01:44:32] [DEBUG] PartsDefinitionModel::getTableStructure() start... Project ID: PRJ-D45FEF
[2026-07-25 01:44:32] [DEBUG] Screen::updateAreaE() [iframe起動版] path: \Develop\Views\AreaE\PartsDefinition\RegistParts.view start...
[2026-07-25 01:44:32] [DEBUG] Screen::getContents() start...
[2026-07-25 01:44:32] [DEBUG] Screen::getContents() finish.
[2026-07-25 01:44:32] [DEBUG] Screen::updateAreaE() finish.
[2026-07-25 01:44:32] [DEBUG] PartsDefinitionController::editPartsAction() end.
[2026-07-25 01:44:32] [DEBUG] Screen::areaView() start...
[2026-07-25 01:44:32] [DEBUG] Screen::areaView() finish.
[2026-07-25 01:48:57] [DEBUG] --- wwProject System Start ---
[2026-07-25 01:48:57] [DEBUG] Router::Router() /jemini/wwProjectV1.53/Develop/Console/initial/
[2026-07-25 01:48:57] [DEBUG] Attempting to load: \Develop\Controllers\ConsoleController::initialAction
[2026-07-25 01:48:57] [DEBUG] Router: Executing \Develop\Controllers\ConsoleController->initialAction
[2026-07-25 01:48:57] [DEBUG] Console::initialAction() start...
[2026-07-25 01:48:57] [DEBUG] Screen::view() path: \Develop\Views\Console\Console.view start...
[2026-07-25 01:48:57] [DEBUG] Screen::getContents() start...
[2026-07-25 01:48:57] [DEBUG] Screen::getContents() finish.
[2026-07-25 01:48:57] [DEBUG] Screen::view() path: \Develop\Views\Console\Console.view finish.
[2026-07-25 01:48:57] [DEBUG] ConsoleController::initialAction() finish.
[2026-07-25 01:48:58] [DEBUG] --- wwProject System Start ---
[2026-07-25 01:48:58] [DEBUG] Router::Router() /jemini/wwProjectV1.53/Develop/Console/ServerBridgeAction/
[2026-07-25 01:48:58] [DEBUG] Attempting to load: \Develop\Controllers\ConsoleController::ServerBridgeAction
[2026-07-25 01:48:58] [DEBUG] Router: Executing \Develop\Controllers\ConsoleController->ServerBridgeAction
[2026-07-25 01:48:58] [DEBUG] ConsoleController::ServerBridge() start...
[2026-07-25 01:48:58] [DEBUG] ConsoleController::ServerBridge() \Develop\Controllers\ConsoleController::areaInitialAction()
[2026-07-25 01:48:58] [DEBUG] ConsoleController::AreaInitialAction() start...
[2026-07-25 01:48:58] [DEBUG] Screen::updateAreaA() path: \Develop\Views\AreaA\Area_A.view start...
[2026-07-25 01:48:58] [DEBUG] Screen::areaView() sending JSON: ["areas"]
[2026-07-25 01:48:58] [DEBUG] Screen::getContents() start...
[2026-07-25 01:48:58] [DEBUG] Screen::getContents() finish.
[2026-07-25 01:48:58] [DEBUG] Screen::updateAreaA() finish.
[2026-07-25 01:48:58] [DEBUG] Screen::updateAreaB() path: \Develop\Views\AreaB\Area_B.view start...
[2026-07-25 01:48:58] [DEBUG] Screen::getContents() start...
[2026-07-25 01:48:58] [DEBUG] Screen::getContents() finish.
[2026-07-25 01:48:58] [DEBUG] Screen::updateAreaB() finish.
[2026-07-25 01:48:58] [DEBUG] Screen::updateAreaD() path: \Develop\Views\AreaD\Area_D_clear.view start...
[2026-07-25 01:48:58] [DEBUG] Screen::getContents() start...
[2026-07-25 01:48:58] [DEBUG] Screen::getContents() finish.
[2026-07-25 01:48:58] [DEBUG] Screen::updateAreaD() finish.
[2026-07-25 01:48:58] [DEBUG] Screen::updateAreaE() [iframe起動版] path: \Develop\Views\AreaE\Area_E_clear.view start...
[2026-07-25 01:48:58] [DEBUG] Screen::getContents() start...
[2026-07-25 01:48:58] [DEBUG] Screen::getContents() finish.
[2026-07-25 01:48:58] [DEBUG] Screen::updateAreaE() finish.
[2026-07-25 01:48:58] [DEBUG] Screen::updateAreaF() path: \Develop\Views\AreaF\Area_F.view start...
[2026-07-25 01:48:58] [DEBUG] Screen::getContents() start...
[2026-07-25 01:48:58] [DEBUG] Screen::getContents() finish.
[2026-07-25 01:48:58] [DEBUG] Screen::updateAreaF() finish.
[2026-07-25 01:48:58] [DEBUG] ProjectController::startProjectNabi() start...
[2026-07-25 01:48:58] [DEBUG] ProjectController::getProjectListHtml() start...
[2026-07-25 01:48:58] [DEBUG] ProjectModel::getProjectList() start...
[2026-07-25 01:48:58] [DEBUG] ProjectModel::getProjectList() finish.
[2026-07-25 01:48:58] [DEBUG] CodeMasterModel：：getCodesByGroup() start...
[2026-07-25 01:48:58] [DEBUG] CodeMasterModel：：getCodesByGroup() finish.
[2026-07-25 01:48:58] [DEBUG] ProjectController::getNaviFooterHtml() start...
[2026-07-25 01:48:58] [DEBUG] ProjectController::getNaviFooterHtml() finish.
[2026-07-25 01:48:58] [DEBUG] ProjectController::startProjectNabi() finish.
[2026-07-25 01:48:58] [DEBUG] Screen::updateAreaC() \Develop\Views\AreaC\Area_C.view start...
[2026-07-25 01:48:58] [DEBUG] Screen::getContents() start...
[2026-07-25 01:48:58] [DEBUG] Screen::getContents() finish.
[2026-07-25 01:48:58] [DEBUG] Screen::updateAreaC() finish.
[2026-07-25 01:48:58] [DEBUG] ConsoleController::AreaInitialAction() finish.
[2026-07-25 01:48:58] [DEBUG] Screen::areaView() start...
[2026-07-25 01:48:58] [DEBUG] Screen::areaView() finish.
[2026-07-25 01:48:59] [DEBUG] --- wwProject System Start ---
[2026-07-25 01:48:59] [DEBUG] Router::Router() /jemini/wwProjectV1.53/Develop/Console/ServerBridgeAction/
[2026-07-25 01:48:59] [DEBUG] Attempting to load: \Develop\Controllers\ConsoleController::ServerBridgeAction
[2026-07-25 01:48:59] [DEBUG] Router: Executing \Develop\Controllers\ConsoleController->ServerBridgeAction
[2026-07-25 01:48:59] [DEBUG] ConsoleController::ServerBridge() start...
[2026-07-25 01:48:59] [DEBUG] ConsoleController::ServerBridge() \Develop\Controllers\PartsDefinitionController::InitialAction()
[2026-07-25 01:48:59] [DEBUG] DBDefinitionController::initialAction() start...
[2026-07-25 01:48:59] [DEBUG] PartsDefinitionController::initialAction() projectId : PRJ-D45FEF
[2026-07-25 01:48:59] [DEBUG] PartsDefinitionModel::getAllPartsList() start... Project ID: PRJ-D45FEF
[2026-07-25 01:48:59] [DEBUG] Screen::updateAreaD() path: \Develop\Views\AreaD\PartsDefinition\PartsDefinitionList.view start...
[2026-07-25 01:48:59] [DEBUG] Screen::getContents() start...
[2026-07-25 01:48:59] [DEBUG] Screen::getContents() finish.
[2026-07-25 01:48:59] [DEBUG] Screen::updateAreaD() finish.
[2026-07-25 01:48:59] [DEBUG] Screen::updateAreaE() [iframe起動版] path: \Develop\Views\AreaE\Area_E_clear.view start...
[2026-07-25 01:48:59] [DEBUG] Screen::getContents() start...
[2026-07-25 01:48:59] [DEBUG] Screen::getContents() finish.
[2026-07-25 01:48:59] [DEBUG] Screen::updateAreaE() finish.
[2026-07-25 01:48:59] [DEBUG] DBDefinitionController::initialAction() end.
[2026-07-25 01:48:59] [DEBUG] Screen::areaView() start...
[2026-07-25 01:48:59] [DEBUG] Screen::areaView() finish.
[2026-07-25 01:49:02] [DEBUG] --- wwProject System Start ---
[2026-07-25 01:49:02] [DEBUG] Router::Router() /jemini/wwProjectV1.53/Develop/Console/ServerBridgeAction/
[2026-07-25 01:49:02] [DEBUG] Attempting to load: \Develop\Controllers\ConsoleController::ServerBridgeAction
[2026-07-25 01:49:02] [DEBUG] Router: Executing \Develop\Controllers\ConsoleController->ServerBridgeAction
[2026-07-25 01:49:02] [DEBUG] ConsoleController::ServerBridge() start...
[2026-07-25 01:49:02] [DEBUG] ConsoleController::ServerBridge() \Develop\Controllers\PartsDefinitionController::editPartsAction()
[2026-07-25 01:49:02] [DEBUG] PartsDefinitionController::editPartsAction() start...
[2026-07-25 01:49:02] [DEBUG] PartsDefinitionModel::getAllPartsList() start... Project ID: PRJ-D45FEF
[2026-07-25 01:49:02] [DEBUG] PartsDefinitionModel::getColumnsByTableId() start... Input: applicantmaster
[2026-07-25 01:49:02] [DEBUG] 逆引き成功: 物理名 applicantmaster -> table_id : 13
[2026-07-25 01:49:02] [DEBUG] PartsDefinitionModel::getColumnsByTableId() finish. 件数: 19
[2026-07-25 01:49:02] [DEBUG] PartsDefinitionModel::getTableStructure() start... Project ID: PRJ-D45FEF
[2026-07-25 01:49:02] [DEBUG] Screen::updateAreaE() [iframe起動版] path: \Develop\Views\AreaE\PartsDefinition\RegistParts.view start...
[2026-07-25 01:49:02] [DEBUG] Screen::getContents() start...
[2026-07-25 01:49:02] [DEBUG] Screen::getContents() finish.
[2026-07-25 01:49:02] [DEBUG] Screen::updateAreaE() finish.
[2026-07-25 01:49:02] [DEBUG] PartsDefinitionController::editPartsAction() end.
[2026-07-25 01:49:02] [DEBUG] Screen::areaView() start...
[2026-07-25 01:49:02] [DEBUG] Screen::areaView() finish.
[2026-07-25 01:49:05] [DEBUG] --- wwProject System Start ---
[2026-07-25 01:49:05] [DEBUG] Router::Router() /jemini/wwProjectV1.53/Develop/Console/ServerBridgeAction/
[2026-07-25 01:49:05] [DEBUG] Attempting to load: \Develop\Controllers\ConsoleController::ServerBridgeAction
[2026-07-25 01:49:05] [DEBUG] Router: Executing \Develop\Controllers\ConsoleController->ServerBridgeAction
[2026-07-25 01:49:05] [DEBUG] ConsoleController::ServerBridge() start...
[2026-07-25 01:49:05] [DEBUG] ConsoleController::ServerBridge() \Develop\Controllers\PartsDefinitionController::editPartsAction()
[2026-07-25 01:49:05] [DEBUG] PartsDefinitionController::editPartsAction() start...
[2026-07-25 01:49:05] [DEBUG] PartsDefinitionModel::getAllPartsList() start... Project ID: PRJ-D45FEF
[2026-07-25 01:49:05] [DEBUG] PartsDefinitionModel::getTableStructure() start... Project ID: PRJ-D45FEF
[2026-07-25 01:49:05] [DEBUG] Screen::updateAreaE() [iframe起動版] path: \Develop\Views\AreaE\PartsDefinition\RegistParts.view start...
[2026-07-25 01:49:05] [DEBUG] Screen::getContents() start...
[2026-07-25 01:49:05] [DEBUG] Screen::getContents() finish.
[2026-07-25 01:49:05] [DEBUG] Screen::updateAreaE() finish.
[2026-07-25 01:49:05] [DEBUG] PartsDefinitionController::editPartsAction() end.
[2026-07-25 01:49:05] [DEBUG] Screen::areaView() start...
[2026-07-25 01:49:05] [DEBUG] Screen::areaView() finish.
[2026-07-25 01:49:07] [DEBUG] --- wwProject System Start ---
[2026-07-25 01:49:07] [DEBUG] Router::Router() /jemini/wwProjectV1.53/Develop/Console/ServerBridgeAction/
[2026-07-25 01:49:07] [DEBUG] Attempting to load: \Develop\Controllers\ConsoleController::ServerBridgeAction
[2026-07-25 01:49:07] [DEBUG] Router: Executing \Develop\Controllers\ConsoleController->ServerBridgeAction
[2026-07-25 01:49:07] [DEBUG] ConsoleController::ServerBridge() start...
[2026-07-25 01:49:07] [DEBUG] ConsoleController::ServerBridge() \Develop\Controllers\PartsDefinitionController::editPartsAction()
[2026-07-25 01:49:07] [DEBUG] PartsDefinitionController::editPartsAction() start...
[2026-07-25 01:49:07] [DEBUG] PartsDefinitionModel::getAllPartsList() start... Project ID: PRJ-D45FEF
[2026-07-25 01:49:07] [DEBUG] PartsDefinitionModel::getTableStructure() start... Project ID: PRJ-D45FEF
[2026-07-25 01:49:07] [DEBUG] Screen::updateAreaE() [iframe起動版] path: \Develop\Views\AreaE\PartsDefinition\RegistParts.view start...
[2026-07-25 01:49:07] [DEBUG] Screen::getContents() start...
[2026-07-25 01:49:07] [DEBUG] Screen::getContents() finish.
[2026-07-25 01:49:07] [DEBUG] Screen::updateAreaE() finish.
[2026-07-25 01:49:07] [DEBUG] PartsDefinitionController::editPartsAction() end.
[2026-07-25 01:49:07] [DEBUG] Screen::areaView() start...
[2026-07-25 01:49:07] [DEBUG] Screen::areaView() finish.
[2026-07-25 01:50:31] [DEBUG] --- wwProject System Start ---
[2026-07-25 01:50:31] [DEBUG] Router::Router() /jemini/wwProjectV1.53/Develop/Console/initial/
[2026-07-25 01:50:31] [DEBUG] Attempting to load: \Develop\Controllers\ConsoleController::initialAction
[2026-07-25 01:50:31] [DEBUG] Router: Executing \Develop\Controllers\ConsoleController->initialAction
[2026-07-25 01:50:31] [DEBUG] Console::initialAction() start...
[2026-07-25 01:50:31] [DEBUG] Screen::view() path: \Develop\Views\Console\Console.view start...
[2026-07-25 01:50:31] [DEBUG] Screen::getContents() start...
[2026-07-25 01:50:31] [DEBUG] Screen::getContents() finish.
[2026-07-25 01:50:31] [DEBUG] Screen::view() path: \Develop\Views\Console\Console.view finish.
[2026-07-25 01:50:31] [DEBUG] ConsoleController::initialAction() finish.
[2026-07-25 01:50:31] [DEBUG] --- wwProject System Start ---
[2026-07-25 01:50:31] [DEBUG] Router::Router() /jemini/wwProjectV1.53/Develop/Console/ServerBridgeAction/
[2026-07-25 01:50:31] [DEBUG] Attempting to load: \Develop\Controllers\ConsoleController::ServerBridgeAction
[2026-07-25 01:50:31] [DEBUG] Router: Executing \Develop\Controllers\ConsoleController->ServerBridgeAction
[2026-07-25 01:50:31] [DEBUG] ConsoleController::ServerBridge() start...
[2026-07-25 01:50:31] [DEBUG] ConsoleController::ServerBridge() \Develop\Controllers\ConsoleController::areaInitialAction()
[2026-07-25 01:50:31] [DEBUG] ConsoleController::AreaInitialAction() start...
[2026-07-25 01:50:31] [DEBUG] Screen::updateAreaA() path: \Develop\Views\AreaA\Area_A.view start...
[2026-07-25 01:50:31] [DEBUG] Screen::areaView() sending JSON: ["areas"]
[2026-07-25 01:50:31] [DEBUG] Screen::getContents() start...
[2026-07-25 01:50:31] [DEBUG] Screen::getContents() finish.
[2026-07-25 01:50:31] [DEBUG] Screen::updateAreaA() finish.
[2026-07-25 01:50:31] [DEBUG] Screen::updateAreaB() path: \Develop\Views\AreaB\Area_B.view start...
[2026-07-25 01:50:31] [DEBUG] Screen::getContents() start...
[2026-07-25 01:50:31] [DEBUG] Screen::getContents() finish.
[2026-07-25 01:50:31] [DEBUG] Screen::updateAreaB() finish.
[2026-07-25 01:50:31] [DEBUG] Screen::updateAreaD() path: \Develop\Views\AreaD\Area_D_clear.view start...
[2026-07-25 01:50:31] [DEBUG] Screen::getContents() start...
[2026-07-25 01:50:31] [DEBUG] Screen::getContents() finish.
[2026-07-25 01:50:31] [DEBUG] Screen::updateAreaD() finish.
[2026-07-25 01:50:31] [DEBUG] Screen::updateAreaE() [iframe起動版] path: \Develop\Views\AreaE\Area_E_clear.view start...
[2026-07-25 01:50:31] [DEBUG] Screen::getContents() start...
[2026-07-25 01:50:31] [DEBUG] Screen::getContents() finish.
[2026-07-25 01:50:31] [DEBUG] Screen::updateAreaE() finish.
[2026-07-25 01:50:31] [DEBUG] Screen::updateAreaF() path: \Develop\Views\AreaF\Area_F.view start...
[2026-07-25 01:50:31] [DEBUG] Screen::getContents() start...
[2026-07-25 01:50:31] [DEBUG] Screen::getContents() finish.
[2026-07-25 01:50:31] [DEBUG] Screen::updateAreaF() finish.
[2026-07-25 01:50:31] [DEBUG] ProjectController::startProjectNabi() start...
[2026-07-25 01:50:31] [DEBUG] ProjectController::getProjectListHtml() start...
[2026-07-25 01:50:31] [DEBUG] ProjectModel::getProjectList() start...
[2026-07-25 01:50:31] [DEBUG] ProjectModel::getProjectList() finish.
[2026-07-25 01:50:31] [DEBUG] CodeMasterModel：：getCodesByGroup() start...
[2026-07-25 01:50:31] [DEBUG] CodeMasterModel：：getCodesByGroup() finish.
[2026-07-25 01:50:31] [DEBUG] ProjectController::getNaviFooterHtml() start...
[2026-07-25 01:50:31] [DEBUG] ProjectController::getNaviFooterHtml() finish.
[2026-07-25 01:50:31] [DEBUG] ProjectController::startProjectNabi() finish.
[2026-07-25 01:50:31] [DEBUG] Screen::updateAreaC() \Develop\Views\AreaC\Area_C.view start...
[2026-07-25 01:50:31] [DEBUG] Screen::getContents() start...
[2026-07-25 01:50:31] [DEBUG] Screen::getContents() finish.
[2026-07-25 01:50:31] [DEBUG] Screen::updateAreaC() finish.
[2026-07-25 01:50:31] [DEBUG] ConsoleController::AreaInitialAction() finish.
[2026-07-25 01:50:31] [DEBUG] Screen::areaView() start...
[2026-07-25 01:50:31] [DEBUG] Screen::areaView() finish.
[2026-07-25 01:50:33] [DEBUG] --- wwProject System Start ---
[2026-07-25 01:50:33] [DEBUG] Router::Router() /jemini/wwProjectV1.53/Develop/Console/ServerBridgeAction/
[2026-07-25 01:50:33] [DEBUG] Attempting to load: \Develop\Controllers\ConsoleController::ServerBridgeAction
[2026-07-25 01:50:33] [DEBUG] Router: Executing \Develop\Controllers\ConsoleController->ServerBridgeAction
[2026-07-25 01:50:33] [DEBUG] ConsoleController::ServerBridge() start...
[2026-07-25 01:50:33] [DEBUG] ConsoleController::ServerBridge() \Develop\Controllers\PartsDefinitionController::InitialAction()
[2026-07-25 01:50:33] [DEBUG] DBDefinitionController::initialAction() start...
[2026-07-25 01:50:33] [DEBUG] PartsDefinitionController::initialAction() projectId : PRJ-D45FEF
[2026-07-25 01:50:33] [DEBUG] PartsDefinitionModel::getAllPartsList() start... Project ID: PRJ-D45FEF
[2026-07-25 01:50:33] [DEBUG] Screen::updateAreaD() path: \Develop\Views\AreaD\PartsDefinition\PartsDefinitionList.view start...
[2026-07-25 01:50:33] [DEBUG] Screen::getContents() start...
[2026-07-25 01:50:33] [DEBUG] Screen::getContents() finish.
[2026-07-25 01:50:33] [DEBUG] Screen::updateAreaD() finish.
[2026-07-25 01:50:33] [DEBUG] Screen::updateAreaE() [iframe起動版] path: \Develop\Views\AreaE\Area_E_clear.view start...
[2026-07-25 01:50:33] [DEBUG] Screen::getContents() start...
[2026-07-25 01:50:33] [DEBUG] Screen::getContents() finish.
[2026-07-25 01:50:33] [DEBUG] Screen::updateAreaE() finish.
[2026-07-25 01:50:33] [DEBUG] DBDefinitionController::initialAction() end.
[2026-07-25 01:50:33] [DEBUG] Screen::areaView() start...
[2026-07-25 01:50:33] [DEBUG] Screen::areaView() finish.
[2026-07-25 01:50:36] [DEBUG] --- wwProject System Start ---
[2026-07-25 01:50:36] [DEBUG] Router::Router() /jemini/wwProjectV1.53/Develop/Console/ServerBridgeAction/
[2026-07-25 01:50:36] [DEBUG] Attempting to load: \Develop\Controllers\ConsoleController::ServerBridgeAction
[2026-07-25 01:50:36] [DEBUG] Router: Executing \Develop\Controllers\ConsoleController->ServerBridgeAction
[2026-07-25 01:50:36] [DEBUG] ConsoleController::ServerBridge() start...
[2026-07-25 01:50:36] [DEBUG] ConsoleController::ServerBridge() \Develop\Controllers\PartsDefinitionController::editPartsAction()
[2026-07-25 01:50:36] [DEBUG] PartsDefinitionController::editPartsAction() start...
[2026-07-25 01:50:36] [DEBUG] PartsDefinitionModel::getAllPartsList() start... Project ID: PRJ-D45FEF
[2026-07-25 01:50:36] [DEBUG] PartsDefinitionModel::getTableStructure() start... Project ID: PRJ-D45FEF
[2026-07-25 01:50:36] [DEBUG] Screen::updateAreaE() [iframe起動版] path: \Develop\Views\AreaE\PartsDefinition\RegistParts.view start...
[2026-07-25 01:50:36] [DEBUG] Screen::getContents() start...
[2026-07-25 01:50:36] [DEBUG] Screen::getContents() finish.
[2026-07-25 01:50:36] [DEBUG] Screen::updateAreaE() finish.
[2026-07-25 01:50:36] [DEBUG] PartsDefinitionController::editPartsAction() end.
[2026-07-25 01:50:36] [DEBUG] Screen::areaView() start...
[2026-07-25 01:50:36] [DEBUG] Screen::areaView() finish.
[2026-07-25 01:50:37] [DEBUG] --- wwProject System Start ---
[2026-07-25 01:50:37] [DEBUG] Router::Router() /jemini/wwProjectV1.53/Develop/Console/ServerBridgeAction/
[2026-07-25 01:50:37] [DEBUG] Attempting to load: \Develop\Controllers\ConsoleController::ServerBridgeAction
[2026-07-25 01:50:37] [DEBUG] Router: Executing \Develop\Controllers\ConsoleController->ServerBridgeAction
[2026-07-25 01:50:37] [DEBUG] ConsoleController::ServerBridge() start...
[2026-07-25 01:50:37] [DEBUG] ConsoleController::ServerBridge() \Develop\Controllers\PartsDefinitionController::editPartsAction()
[2026-07-25 01:50:37] [DEBUG] PartsDefinitionController::editPartsAction() start...
[2026-07-25 01:50:37] [DEBUG] PartsDefinitionModel::getAllPartsList() start... Project ID: PRJ-D45FEF
[2026-07-25 01:50:37] [DEBUG] PartsDefinitionModel::getTableStructure() start... Project ID: PRJ-D45FEF
[2026-07-25 01:50:37] [DEBUG] Screen::updateAreaE() [iframe起動版] path: \Develop\Views\AreaE\PartsDefinition\RegistParts.view start...
[2026-07-25 01:50:37] [DEBUG] Screen::getContents() start...
[2026-07-25 01:50:38] [DEBUG] Screen::getContents() finish.
[2026-07-25 01:50:38] [DEBUG] Screen::updateAreaE() finish.
[2026-07-25 01:50:38] [DEBUG] PartsDefinitionController::editPartsAction() end.
[2026-07-25 01:50:38] [DEBUG] Screen::areaView() start...
[2026-07-25 01:50:38] [DEBUG] Screen::areaView() finish.
[2026-07-25 01:50:41] [DEBUG] --- wwProject System Start ---
[2026-07-25 01:50:41] [DEBUG] Router::Router() /jemini/wwProjectV1.53/Develop/Console/ServerBridgeAction/
[2026-07-25 01:50:41] [DEBUG] Attempting to load: \Develop\Controllers\ConsoleController::ServerBridgeAction
[2026-07-25 01:50:41] [DEBUG] Router: Executing \Develop\Controllers\ConsoleController->ServerBridgeAction
[2026-07-25 01:50:41] [DEBUG] ConsoleController::ServerBridge() start...
[2026-07-25 01:50:41] [DEBUG] ConsoleController::ServerBridge() \Develop\Controllers\PartsDefinitionController::editPartsAction()
[2026-07-25 01:50:41] [DEBUG] PartsDefinitionController::editPartsAction() start...
[2026-07-25 01:50:41] [DEBUG] PartsDefinitionModel::getAllPartsList() start... Project ID: PRJ-D45FEF
[2026-07-25 01:50:41] [DEBUG] PartsDefinitionModel::getTableStructure() start... Project ID: PRJ-D45FEF
[2026-07-25 01:50:41] [DEBUG] Screen::updateAreaE() [iframe起動版] path: \Develop\Views\AreaE\PartsDefinition\RegistParts.view start...
[2026-07-25 01:50:41] [DEBUG] Screen::getContents() start...
[2026-07-25 01:50:41] [DEBUG] Screen::getContents() finish.
[2026-07-25 01:50:41] [DEBUG] Screen::updateAreaE() finish.
[2026-07-25 01:50:41] [DEBUG] PartsDefinitionController::editPartsAction() end.
[2026-07-25 01:50:41] [DEBUG] Screen::areaView() start...
[2026-07-25 01:50:41] [DEBUG] Screen::areaView() finish.
[2026-07-25 01:50:44] [DEBUG] --- wwProject System Start ---
[2026-07-25 01:50:44] [DEBUG] Router::Router() /jemini/wwProjectV1.53/Develop/Console/ServerBridgeAction/
[2026-07-25 01:50:44] [DEBUG] Attempting to load: \Develop\Controllers\ConsoleController::ServerBridgeAction
[2026-07-25 01:50:44] [DEBUG] Router: Executing \Develop\Controllers\ConsoleController->ServerBridgeAction
[2026-07-25 01:50:44] [DEBUG] ConsoleController::ServerBridge() start...
[2026-07-25 01:50:44] [DEBUG] ConsoleController::ServerBridge() \Develop\Controllers\PartsDefinitionController::editPartsAction()
[2026-07-25 01:50:44] [DEBUG] PartsDefinitionController::editPartsAction() start...
[2026-07-25 01:50:44] [DEBUG] PartsDefinitionModel::getAllPartsList() start... Project ID: PRJ-D45FEF
[2026-07-25 01:50:44] [DEBUG] PartsDefinitionModel::getTableStructure() start... Project ID: PRJ-D45FEF
[2026-07-25 01:50:44] [DEBUG] Screen::updateAreaE() [iframe起動版] path: \Develop\Views\AreaE\PartsDefinition\RegistParts.view start...
[2026-07-25 01:50:44] [DEBUG] Screen::getContents() start...
[2026-07-25 01:50:44] [DEBUG] Screen::getContents() finish.
[2026-07-25 01:50:44] [DEBUG] Screen::updateAreaE() finish.
[2026-07-25 01:50:44] [DEBUG] PartsDefinitionController::editPartsAction() end.
[2026-07-25 01:50:44] [DEBUG] Screen::areaView() start...
[2026-07-25 01:50:44] [DEBUG] Screen::areaView() finish.
[2026-07-25 01:52:23] [DEBUG] --- wwProject System Start ---
[2026-07-25 01:52:23] [DEBUG] Router::Router() /jemini/wwProjectV1.53/Develop/Console/initial/
[2026-07-25 01:52:23] [DEBUG] Attempting to load: \Develop\Controllers\ConsoleController::initialAction
[2026-07-25 01:52:23] [DEBUG] Router: Executing \Develop\Controllers\ConsoleController->initialAction
[2026-07-25 01:52:23] [DEBUG] Console::initialAction() start...
[2026-07-25 01:52:23] [DEBUG] Screen::view() path: \Develop\Views\Console\Console.view start...
[2026-07-25 01:52:23] [DEBUG] Screen::getContents() start...
[2026-07-25 01:52:23] [DEBUG] Screen::getContents() finish.
[2026-07-25 01:52:23] [DEBUG] Screen::view() path: \Develop\Views\Console\Console.view finish.
[2026-07-25 01:52:23] [DEBUG] ConsoleController::initialAction() finish.
[2026-07-25 01:52:23] [DEBUG] --- wwProject System Start ---
[2026-07-25 01:52:23] [DEBUG] Router::Router() /jemini/wwProjectV1.53/Develop/Console/ServerBridgeAction/
[2026-07-25 01:52:23] [DEBUG] Attempting to load: \Develop\Controllers\ConsoleController::ServerBridgeAction
[2026-07-25 01:52:23] [DEBUG] Router: Executing \Develop\Controllers\ConsoleController->ServerBridgeAction
[2026-07-25 01:52:23] [DEBUG] ConsoleController::ServerBridge() start...
[2026-07-25 01:52:23] [DEBUG] ConsoleController::ServerBridge() \Develop\Controllers\ConsoleController::areaInitialAction()
[2026-07-25 01:52:23] [DEBUG] ConsoleController::AreaInitialAction() start...
[2026-07-25 01:52:23] [DEBUG] Screen::updateAreaA() path: \Develop\Views\AreaA\Area_A.view start...
[2026-07-25 01:52:23] [DEBUG] Screen::areaView() sending JSON: ["areas"]
[2026-07-25 01:52:23] [DEBUG] Screen::getContents() start...
[2026-07-25 01:52:23] [DEBUG] Screen::getContents() finish.
[2026-07-25 01:52:23] [DEBUG] Screen::updateAreaA() finish.
[2026-07-25 01:52:23] [DEBUG] Screen::updateAreaB() path: \Develop\Views\AreaB\Area_B.view start...
[2026-07-25 01:52:23] [DEBUG] Screen::getContents() start...
[2026-07-25 01:52:23] [DEBUG] Screen::getContents() finish.
[2026-07-25 01:52:23] [DEBUG] Screen::updateAreaB() finish.
[2026-07-25 01:52:23] [DEBUG] Screen::updateAreaD() path: \Develop\Views\AreaD\Area_D_clear.view start...
[2026-07-25 01:52:23] [DEBUG] Screen::getContents() start...
[2026-07-25 01:52:23] [DEBUG] Screen::getContents() finish.
[2026-07-25 01:52:23] [DEBUG] Screen::updateAreaD() finish.
[2026-07-25 01:52:23] [DEBUG] Screen::updateAreaE() [iframe起動版] path: \Develop\Views\AreaE\Area_E_clear.view start...
[2026-07-25 01:52:23] [DEBUG] Screen::getContents() start...
[2026-07-25 01:52:23] [DEBUG] Screen::getContents() finish.
[2026-07-25 01:52:23] [DEBUG] Screen::updateAreaE() finish.
[2026-07-25 01:52:23] [DEBUG] Screen::updateAreaF() path: \Develop\Views\AreaF\Area_F.view start...
[2026-07-25 01:52:23] [DEBUG] Screen::getContents() start...
[2026-07-25 01:52:23] [DEBUG] Screen::getContents() finish.
[2026-07-25 01:52:23] [DEBUG] Screen::updateAreaF() finish.
[2026-07-25 01:52:23] [DEBUG] ProjectController::startProjectNabi() start...
[2026-07-25 01:52:23] [DEBUG] ProjectController::getProjectListHtml() start...
[2026-07-25 01:52:23] [DEBUG] ProjectModel::getProjectList() start...
[2026-07-25 01:52:23] [DEBUG] ProjectModel::getProjectList() finish.
[2026-07-25 01:52:23] [DEBUG] CodeMasterModel：：getCodesByGroup() start...
[2026-07-25 01:52:23] [DEBUG] CodeMasterModel：：getCodesByGroup() finish.
[2026-07-25 01:52:23] [DEBUG] ProjectController::getNaviFooterHtml() start...
[2026-07-25 01:52:23] [DEBUG] ProjectController::getNaviFooterHtml() finish.
[2026-07-25 01:52:23] [DEBUG] ProjectController::startProjectNabi() finish.
[2026-07-25 01:52:23] [DEBUG] Screen::updateAreaC() \Develop\Views\AreaC\Area_C.view start...
[2026-07-25 01:52:23] [DEBUG] Screen::getContents() start...
[2026-07-25 01:52:23] [DEBUG] Screen::getContents() finish.
[2026-07-25 01:52:23] [DEBUG] Screen::updateAreaC() finish.
[2026-07-25 01:52:23] [DEBUG] ConsoleController::AreaInitialAction() finish.
[2026-07-25 01:52:23] [DEBUG] Screen::areaView() start...
[2026-07-25 01:52:23] [DEBUG] Screen::areaView() finish.
[2026-07-25 01:52:25] [DEBUG] --- wwProject System Start ---
[2026-07-25 01:52:25] [DEBUG] Router::Router() /jemini/wwProjectV1.53/Develop/Console/ServerBridgeAction/
[2026-07-25 01:52:25] [DEBUG] Attempting to load: \Develop\Controllers\ConsoleController::ServerBridgeAction
[2026-07-25 01:52:25] [DEBUG] Router: Executing \Develop\Controllers\ConsoleController->ServerBridgeAction
[2026-07-25 01:52:25] [DEBUG] ConsoleController::ServerBridge() start...
[2026-07-25 01:52:25] [DEBUG] ConsoleController::ServerBridge() \Develop\Controllers\PartsDefinitionController::InitialAction()
[2026-07-25 01:52:25] [DEBUG] DBDefinitionController::initialAction() start...
[2026-07-25 01:52:25] [DEBUG] PartsDefinitionController::initialAction() projectId : PRJ-D45FEF
[2026-07-25 01:52:25] [DEBUG] PartsDefinitionModel::getAllPartsList() start... Project ID: PRJ-D45FEF
[2026-07-25 01:52:25] [DEBUG] Screen::updateAreaD() path: \Develop\Views\AreaD\PartsDefinition\PartsDefinitionList.view start...
[2026-07-25 01:52:25] [DEBUG] Screen::getContents() start...
[2026-07-25 01:52:25] [DEBUG] Screen::getContents() finish.
[2026-07-25 01:52:25] [DEBUG] Screen::updateAreaD() finish.
[2026-07-25 01:52:25] [DEBUG] Screen::updateAreaE() [iframe起動版] path: \Develop\Views\AreaE\Area_E_clear.view start...
[2026-07-25 01:52:25] [DEBUG] Screen::getContents() start...
[2026-07-25 01:52:25] [DEBUG] Screen::getContents() finish.
[2026-07-25 01:52:25] [DEBUG] Screen::updateAreaE() finish.
[2026-07-25 01:52:25] [DEBUG] DBDefinitionController::initialAction() end.
[2026-07-25 01:52:25] [DEBUG] Screen::areaView() start...
[2026-07-25 01:52:25] [DEBUG] Screen::areaView() finish.
[2026-07-25 01:52:28] [DEBUG] --- wwProject System Start ---
[2026-07-25 01:52:28] [DEBUG] Router::Router() /jemini/wwProjectV1.53/Develop/Console/ServerBridgeAction/
[2026-07-25 01:52:28] [DEBUG] Attempting to load: \Develop\Controllers\ConsoleController::ServerBridgeAction
[2026-07-25 01:52:28] [DEBUG] Router: Executing \Develop\Controllers\ConsoleController->ServerBridgeAction
[2026-07-25 01:52:28] [DEBUG] ConsoleController::ServerBridge() start...
[2026-07-25 01:52:28] [DEBUG] ConsoleController::ServerBridge() \Develop\Controllers\PartsDefinitionController::editPartsAction()
[2026-07-25 01:52:28] [DEBUG] PartsDefinitionController::editPartsAction() start...
[2026-07-25 01:52:28] [DEBUG] PartsDefinitionModel::getAllPartsList() start... Project ID: PRJ-D45FEF
[2026-07-25 01:52:28] [DEBUG] PartsDefinitionModel::getTableStructure() start... Project ID: PRJ-D45FEF
[2026-07-25 01:52:28] [DEBUG] Screen::updateAreaE() [iframe起動版] path: \Develop\Views\AreaE\PartsDefinition\RegistParts.view start...
[2026-07-25 01:52:28] [DEBUG] Screen::getContents() start...
[2026-07-25 01:52:28] [DEBUG] Screen::getContents() finish.
[2026-07-25 01:52:28] [DEBUG] Screen::updateAreaE() finish.
[2026-07-25 01:52:28] [DEBUG] PartsDefinitionController::editPartsAction() end.
[2026-07-25 01:52:28] [DEBUG] Screen::areaView() start...
[2026-07-25 01:52:28] [DEBUG] Screen::areaView() finish.
[2026-07-25 01:52:30] [DEBUG] --- wwProject System Start ---
[2026-07-25 01:52:30] [DEBUG] Router::Router() /jemini/wwProjectV1.53/Develop/Console/ServerBridgeAction/
[2026-07-25 01:52:30] [DEBUG] Attempting to load: \Develop\Controllers\ConsoleController::ServerBridgeAction
[2026-07-25 01:52:30] [DEBUG] Router: Executing \Develop\Controllers\ConsoleController->ServerBridgeAction
[2026-07-25 01:52:30] [DEBUG] ConsoleController::ServerBridge() start...
[2026-07-25 01:52:30] [DEBUG] ConsoleController::ServerBridge() \Develop\Controllers\PartsDefinitionController::editPartsAction()
[2026-07-25 01:52:30] [DEBUG] PartsDefinitionController::editPartsAction() start...
[2026-07-25 01:52:30] [DEBUG] PartsDefinitionModel::getAllPartsList() start... Project ID: PRJ-D45FEF
[2026-07-25 01:52:30] [DEBUG] PartsDefinitionModel::getTableStructure() start... Project ID: PRJ-D45FEF
[2026-07-25 01:52:30] [DEBUG] Screen::updateAreaE() [iframe起動版] path: \Develop\Views\AreaE\PartsDefinition\RegistParts.view start...
[2026-07-25 01:52:30] [DEBUG] Screen::getContents() start...
[2026-07-25 01:52:30] [DEBUG] Screen::getContents() finish.
[2026-07-25 01:52:30] [DEBUG] Screen::updateAreaE() finish.
[2026-07-25 01:52:30] [DEBUG] PartsDefinitionController::editPartsAction() end.
[2026-07-25 01:52:30] [DEBUG] Screen::areaView() start...
[2026-07-25 01:52:30] [DEBUG] Screen::areaView() finish.
[2026-07-25 01:52:33] [DEBUG] --- wwProject System Start ---
[2026-07-25 01:52:33] [DEBUG] Router::Router() /jemini/wwProjectV1.53/Develop/Console/ServerBridgeAction/
[2026-07-25 01:52:33] [DEBUG] Attempting to load: \Develop\Controllers\ConsoleController::ServerBridgeAction
[2026-07-25 01:52:33] [DEBUG] Router: Executing \Develop\Controllers\ConsoleController->ServerBridgeAction
[2026-07-25 01:52:33] [DEBUG] ConsoleController::ServerBridge() start...
[2026-07-25 01:52:33] [DEBUG] ConsoleController::ServerBridge() \Develop\Controllers\PartsDefinitionController::editPartsAction()
[2026-07-25 01:52:33] [DEBUG] PartsDefinitionController::editPartsAction() start...
[2026-07-25 01:52:33] [DEBUG] PartsDefinitionModel::getAllPartsList() start... Project ID: PRJ-D45FEF
[2026-07-25 01:52:33] [DEBUG] PartsDefinitionModel::getTableStructure() start... Project ID: PRJ-D45FEF
[2026-07-25 01:52:33] [DEBUG] Screen::updateAreaE() [iframe起動版] path: \Develop\Views\AreaE\PartsDefinition\RegistParts.view start...
[2026-07-25 01:52:33] [DEBUG] Screen::getContents() start...
[2026-07-25 01:52:33] [DEBUG] Screen::getContents() finish.
[2026-07-25 01:52:33] [DEBUG] Screen::updateAreaE() finish.
[2026-07-25 01:52:33] [DEBUG] PartsDefinitionController::editPartsAction() end.
[2026-07-25 01:52:33] [DEBUG] Screen::areaView() start...
[2026-07-25 01:52:33] [DEBUG] Screen::areaView() finish.
[2026-07-25 01:54:27] [DEBUG] --- wwProject System Start ---
[2026-07-25 01:54:27] [DEBUG] Router::Router() /jemini/wwProjectV1.53/Develop/Console/ServerBridgeAction/
[2026-07-25 01:54:27] [DEBUG] Attempting to load: \Develop\Controllers\ConsoleController::ServerBridgeAction
[2026-07-25 01:54:27] [DEBUG] Router: Executing \Develop\Controllers\ConsoleController->ServerBridgeAction
[2026-07-25 01:54:27] [DEBUG] ConsoleController::ServerBridge() start...
[2026-07-25 01:54:27] [DEBUG] ConsoleController::ServerBridge() \Develop\Controllers\PartsDefinitionController::InitialAction()
[2026-07-25 01:54:27] [DEBUG] DBDefinitionController::initialAction() start...
[2026-07-25 01:54:27] [DEBUG] PartsDefinitionController::initialAction() projectId : PRJ-D45FEF
[2026-07-25 01:54:27] [DEBUG] PartsDefinitionModel::getAllPartsList() start... Project ID: PRJ-D45FEF
[2026-07-25 01:54:27] [DEBUG] Screen::updateAreaD() path: \Develop\Views\AreaD\PartsDefinition\PartsDefinitionList.view start...
[2026-07-25 01:54:27] [DEBUG] Screen::getContents() start...
[2026-07-25 01:54:27] [DEBUG] Screen::getContents() finish.
[2026-07-25 01:54:27] [DEBUG] Screen::updateAreaD() finish.
[2026-07-25 01:54:27] [DEBUG] Screen::updateAreaE() [iframe起動版] path: \Develop\Views\AreaE\Area_E_clear.view start...
[2026-07-25 01:54:27] [DEBUG] Screen::getContents() start...
[2026-07-25 01:54:27] [DEBUG] Screen::getContents() finish.
[2026-07-25 01:54:27] [DEBUG] Screen::updateAreaE() finish.
[2026-07-25 01:54:27] [DEBUG] DBDefinitionController::initialAction() end.
[2026-07-25 01:54:27] [DEBUG] Screen::areaView() start...
[2026-07-25 01:54:27] [DEBUG] Screen::areaView() finish.
[2026-07-25 01:54:34] [DEBUG] --- wwProject System Start ---
[2026-07-25 01:54:34] [DEBUG] Router::Router() /jemini/wwProjectV1.53/Develop/Console/initial/
[2026-07-25 01:54:34] [DEBUG] Attempting to load: \Develop\Controllers\ConsoleController::initialAction
[2026-07-25 01:54:34] [DEBUG] Router: Executing \Develop\Controllers\ConsoleController->initialAction
[2026-07-25 01:54:34] [DEBUG] Console::initialAction() start...
[2026-07-25 01:54:34] [DEBUG] Screen::view() path: \Develop\Views\Console\Console.view start...
[2026-07-25 01:54:34] [DEBUG] Screen::getContents() start...
[2026-07-25 01:54:34] [DEBUG] Screen::getContents() finish.
[2026-07-25 01:54:34] [DEBUG] Screen::view() path: \Develop\Views\Console\Console.view finish.
[2026-07-25 01:54:34] [DEBUG] ConsoleController::initialAction() finish.
[2026-07-25 01:54:34] [DEBUG] --- wwProject System Start ---
[2026-07-25 01:54:34] [DEBUG] Router::Router() /jemini/wwProjectV1.53/Develop/Console/ServerBridgeAction/
[2026-07-25 01:54:34] [DEBUG] Attempting to load: \Develop\Controllers\ConsoleController::ServerBridgeAction
[2026-07-25 01:54:34] [DEBUG] Router: Executing \Develop\Controllers\ConsoleController->ServerBridgeAction
[2026-07-25 01:54:34] [DEBUG] ConsoleController::ServerBridge() start...
[2026-07-25 01:54:34] [DEBUG] ConsoleController::ServerBridge() \Develop\Controllers\ConsoleController::areaInitialAction()
[2026-07-25 01:54:34] [DEBUG] ConsoleController::AreaInitialAction() start...
[2026-07-25 01:54:34] [DEBUG] Screen::updateAreaA() path: \Develop\Views\AreaA\Area_A.view start...
[2026-07-25 01:54:34] [DEBUG] Screen::areaView() sending JSON: ["areas"]
[2026-07-25 01:54:34] [DEBUG] Screen::getContents() start...
[2026-07-25 01:54:34] [DEBUG] Screen::getContents() finish.
[2026-07-25 01:54:34] [DEBUG] Screen::updateAreaA() finish.
[2026-07-25 01:54:34] [DEBUG] Screen::updateAreaB() path: \Develop\Views\AreaB\Area_B.view start...
[2026-07-25 01:54:34] [DEBUG] Screen::getContents() start...
[2026-07-25 01:54:34] [DEBUG] Screen::getContents() finish.
[2026-07-25 01:54:34] [DEBUG] Screen::updateAreaB() finish.
[2026-07-25 01:54:34] [DEBUG] Screen::updateAreaD() path: \Develop\Views\AreaD\Area_D_clear.view start...
[2026-07-25 01:54:34] [DEBUG] Screen::getContents() start...
[2026-07-25 01:54:34] [DEBUG] Screen::getContents() finish.
[2026-07-25 01:54:34] [DEBUG] Screen::updateAreaD() finish.
[2026-07-25 01:54:34] [DEBUG] Screen::updateAreaE() [iframe起動版] path: \Develop\Views\AreaE\Area_E_clear.view start...
[2026-07-25 01:54:34] [DEBUG] Screen::getContents() start...
[2026-07-25 01:54:34] [DEBUG] Screen::getContents() finish.
[2026-07-25 01:54:34] [DEBUG] Screen::updateAreaE() finish.
[2026-07-25 01:54:34] [DEBUG] Screen::updateAreaF() path: \Develop\Views\AreaF\Area_F.view start...
[2026-07-25 01:54:34] [DEBUG] Screen::getContents() start...
[2026-07-25 01:54:34] [DEBUG] Screen::getContents() finish.
[2026-07-25 01:54:34] [DEBUG] Screen::updateAreaF() finish.
[2026-07-25 01:54:34] [DEBUG] ProjectController::startProjectNabi() start...
[2026-07-25 01:54:34] [DEBUG] ProjectController::getProjectListHtml() start...
[2026-07-25 01:54:34] [DEBUG] ProjectModel::getProjectList() start...
[2026-07-25 01:54:34] [DEBUG] ProjectModel::getProjectList() finish.
[2026-07-25 01:54:34] [DEBUG] CodeMasterModel：：getCodesByGroup() start...
[2026-07-25 01:54:34] [DEBUG] CodeMasterModel：：getCodesByGroup() finish.
[2026-07-25 01:54:34] [DEBUG] ProjectController::getNaviFooterHtml() start...
[2026-07-25 01:54:34] [DEBUG] ProjectController::getNaviFooterHtml() finish.
[2026-07-25 01:54:34] [DEBUG] ProjectController::startProjectNabi() finish.
[2026-07-25 01:54:34] [DEBUG] Screen::updateAreaC() \Develop\Views\AreaC\Area_C.view start...
[2026-07-25 01:54:34] [DEBUG] Screen::getContents() start...
[2026-07-25 01:54:34] [DEBUG] Screen::getContents() finish.
[2026-07-25 01:54:34] [DEBUG] Screen::updateAreaC() finish.
[2026-07-25 01:54:34] [DEBUG] ConsoleController::AreaInitialAction() finish.
[2026-07-25 01:54:34] [DEBUG] Screen::areaView() start...
[2026-07-25 01:54:34] [DEBUG] Screen::areaView() finish.
[2026-07-25 01:54:36] [DEBUG] --- wwProject System Start ---
[2026-07-25 01:54:36] [DEBUG] Router::Router() /jemini/wwProjectV1.53/Develop/Console/ServerBridgeAction/
[2026-07-25 01:54:36] [DEBUG] Attempting to load: \Develop\Controllers\ConsoleController::ServerBridgeAction
[2026-07-25 01:54:36] [DEBUG] Router: Executing \Develop\Controllers\ConsoleController->ServerBridgeAction
[2026-07-25 01:54:36] [DEBUG] ConsoleController::ServerBridge() start...
[2026-07-25 01:54:36] [DEBUG] ConsoleController::ServerBridge() \Develop\Controllers\PartsDefinitionController::InitialAction()
[2026-07-25 01:54:36] [DEBUG] DBDefinitionController::initialAction() start...
[2026-07-25 01:54:36] [DEBUG] PartsDefinitionController::initialAction() projectId : PRJ-D45FEF
[2026-07-25 01:54:36] [DEBUG] PartsDefinitionModel::getAllPartsList() start... Project ID: PRJ-D45FEF
[2026-07-25 01:54:36] [DEBUG] Screen::updateAreaD() path: \Develop\Views\AreaD\PartsDefinition\PartsDefinitionList.view start...
[2026-07-25 01:54:36] [DEBUG] Screen::getContents() start...
[2026-07-25 01:54:36] [DEBUG] Screen::getContents() finish.
[2026-07-25 01:54:36] [DEBUG] Screen::updateAreaD() finish.
[2026-07-25 01:54:36] [DEBUG] Screen::updateAreaE() [iframe起動版] path: \Develop\Views\AreaE\Area_E_clear.view start...
[2026-07-25 01:54:36] [DEBUG] Screen::getContents() start...
[2026-07-25 01:54:36] [DEBUG] Screen::getContents() finish.
[2026-07-25 01:54:36] [DEBUG] Screen::updateAreaE() finish.
[2026-07-25 01:54:36] [DEBUG] DBDefinitionController::initialAction() end.
[2026-07-25 01:54:36] [DEBUG] Screen::areaView() start...
[2026-07-25 01:54:36] [DEBUG] Screen::areaView() finish.
[2026-07-25 01:54:39] [DEBUG] --- wwProject System Start ---
[2026-07-25 01:54:39] [DEBUG] Router::Router() /jemini/wwProjectV1.53/Develop/Console/ServerBridgeAction/
[2026-07-25 01:54:39] [DEBUG] Attempting to load: \Develop\Controllers\ConsoleController::ServerBridgeAction
[2026-07-25 01:54:39] [DEBUG] Router: Executing \Develop\Controllers\ConsoleController->ServerBridgeAction
[2026-07-25 01:54:39] [DEBUG] ConsoleController::ServerBridge() start...
[2026-07-25 01:54:39] [DEBUG] ConsoleController::ServerBridge() \Develop\Controllers\PartsDefinitionController::editPartsAction()
[2026-07-25 01:54:39] [DEBUG] PartsDefinitionController::editPartsAction() start...
[2026-07-25 01:54:39] [DEBUG] PartsDefinitionModel::getAllPartsList() start... Project ID: PRJ-D45FEF
[2026-07-25 01:54:39] [DEBUG] PartsDefinitionModel::getTableStructure() start... Project ID: PRJ-D45FEF
[2026-07-25 01:54:39] [DEBUG] Screen::updateAreaE() [iframe起動版] path: \Develop\Views\AreaE\PartsDefinition\RegistParts.view start...
[2026-07-25 01:54:39] [DEBUG] Screen::getContents() start...
[2026-07-25 01:54:39] [DEBUG] Screen::getContents() finish.
[2026-07-25 01:54:39] [DEBUG] Screen::updateAreaE() finish.
[2026-07-25 01:54:39] [DEBUG] PartsDefinitionController::editPartsAction() end.
[2026-07-25 01:54:39] [DEBUG] Screen::areaView() start...
[2026-07-25 01:54:39] [DEBUG] Screen::areaView() finish.
[2026-07-25 01:54:40] [DEBUG] --- wwProject System Start ---
[2026-07-25 01:54:40] [DEBUG] Router::Router() /jemini/wwProjectV1.53/Develop/Console/ServerBridgeAction/
[2026-07-25 01:54:40] [DEBUG] Attempting to load: \Develop\Controllers\ConsoleController::ServerBridgeAction
[2026-07-25 01:54:40] [DEBUG] Router: Executing \Develop\Controllers\ConsoleController->ServerBridgeAction
[2026-07-25 01:54:40] [DEBUG] ConsoleController::ServerBridge() start...
[2026-07-25 01:54:40] [DEBUG] ConsoleController::ServerBridge() \Develop\Controllers\PartsDefinitionController::editPartsAction()
[2026-07-25 01:54:40] [DEBUG] PartsDefinitionController::editPartsAction() start...
[2026-07-25 01:54:40] [DEBUG] PartsDefinitionModel::getAllPartsList() start... Project ID: PRJ-D45FEF
[2026-07-25 01:54:40] [DEBUG] PartsDefinitionModel::getTableStructure() start... Project ID: PRJ-D45FEF
[2026-07-25 01:54:40] [DEBUG] Screen::updateAreaE() [iframe起動版] path: \Develop\Views\AreaE\PartsDefinition\RegistParts.view start...
[2026-07-25 01:54:40] [DEBUG] Screen::getContents() start...
[2026-07-25 01:54:41] [DEBUG] Screen::getContents() finish.
[2026-07-25 01:54:41] [DEBUG] Screen::updateAreaE() finish.
[2026-07-25 01:54:41] [DEBUG] PartsDefinitionController::editPartsAction() end.
[2026-07-25 01:54:41] [DEBUG] Screen::areaView() start...
[2026-07-25 01:54:41] [DEBUG] Screen::areaView() finish.
[2026-07-25 01:54:43] [DEBUG] --- wwProject System Start ---
[2026-07-25 01:54:43] [DEBUG] Router::Router() /jemini/wwProjectV1.53/Develop/Console/ServerBridgeAction/
[2026-07-25 01:54:43] [DEBUG] Attempting to load: \Develop\Controllers\ConsoleController::ServerBridgeAction
[2026-07-25 01:54:43] [DEBUG] Router: Executing \Develop\Controllers\ConsoleController->ServerBridgeAction
[2026-07-25 01:54:43] [DEBUG] ConsoleController::ServerBridge() start...
[2026-07-25 01:54:43] [DEBUG] ConsoleController::ServerBridge() \Develop\Controllers\PartsDefinitionController::editPartsAction()
[2026-07-25 01:54:43] [DEBUG] PartsDefinitionController::editPartsAction() start...
[2026-07-25 01:54:43] [DEBUG] PartsDefinitionModel::getAllPartsList() start... Project ID: PRJ-D45FEF
[2026-07-25 01:54:43] [DEBUG] PartsDefinitionModel::getTableStructure() start... Project ID: PRJ-D45FEF
[2026-07-25 01:54:43] [DEBUG] Screen::updateAreaE() [iframe起動版] path: \Develop\Views\AreaE\PartsDefinition\RegistParts.view start...
[2026-07-25 01:54:43] [DEBUG] Screen::getContents() start...
[2026-07-25 01:54:43] [DEBUG] Screen::getContents() finish.
[2026-07-25 01:54:43] [DEBUG] Screen::updateAreaE() finish.
[2026-07-25 01:54:43] [DEBUG] PartsDefinitionController::editPartsAction() end.
[2026-07-25 01:54:43] [DEBUG] Screen::areaView() start...
[2026-07-25 01:54:43] [DEBUG] Screen::areaView() finish.
[2026-07-25 01:54:44] [DEBUG] --- wwProject System Start ---
[2026-07-25 01:54:44] [DEBUG] Router::Router() /jemini/wwProjectV1.53/Develop/Console/ServerBridgeAction/
[2026-07-25 01:54:44] [DEBUG] Attempting to load: \Develop\Controllers\ConsoleController::ServerBridgeAction
[2026-07-25 01:54:44] [DEBUG] Router: Executing \Develop\Controllers\ConsoleController->ServerBridgeAction
[2026-07-25 01:54:44] [DEBUG] ConsoleController::ServerBridge() start...
[2026-07-25 01:54:44] [DEBUG] ConsoleController::ServerBridge() \Develop\Controllers\PartsDefinitionController::editPartsAction()
[2026-07-25 01:54:44] [DEBUG] PartsDefinitionController::editPartsAction() start...
[2026-07-25 01:54:44] [DEBUG] PartsDefinitionModel::getAllPartsList() start... Project ID: PRJ-D45FEF
[2026-07-25 01:54:44] [DEBUG] PartsDefinitionModel::getTableStructure() start... Project ID: PRJ-D45FEF
[2026-07-25 01:54:44] [DEBUG] Screen::updateAreaE() [iframe起動版] path: \Develop\Views\AreaE\PartsDefinition\RegistParts.view start...
[2026-07-25 01:54:44] [DEBUG] Screen::getContents() start...
[2026-07-25 01:54:44] [DEBUG] Screen::getContents() finish.
[2026-07-25 01:54:44] [DEBUG] Screen::updateAreaE() finish.
[2026-07-25 01:54:44] [DEBUG] PartsDefinitionController::editPartsAction() end.
[2026-07-25 01:54:44] [DEBUG] Screen::areaView() start...
[2026-07-25 01:54:44] [DEBUG] Screen::areaView() finish.
[2026-07-25 01:57:01] [DEBUG] --- wwProject System Start ---
[2026-07-25 01:57:01] [DEBUG] Router::Router() /jemini/wwProjectV1.53/Develop/Console/initial/
[2026-07-25 01:57:01] [DEBUG] Attempting to load: \Develop\Controllers\ConsoleController::initialAction
[2026-07-25 01:57:01] [DEBUG] Router: Executing \Develop\Controllers\ConsoleController->initialAction
[2026-07-25 01:57:01] [DEBUG] Console::initialAction() start...
[2026-07-25 01:57:01] [DEBUG] Screen::view() path: \Develop\Views\Console\Console.view start...
[2026-07-25 01:57:01] [DEBUG] Screen::getContents() start...
[2026-07-25 01:57:01] [DEBUG] Screen::getContents() finish.
[2026-07-25 01:57:01] [DEBUG] Screen::view() path: \Develop\Views\Console\Console.view finish.
[2026-07-25 01:57:01] [DEBUG] ConsoleController::initialAction() finish.
[2026-07-25 01:57:01] [DEBUG] --- wwProject System Start ---
[2026-07-25 01:57:01] [DEBUG] Router::Router() /jemini/wwProjectV1.53/Develop/Console/ServerBridgeAction/
[2026-07-25 01:57:01] [DEBUG] Attempting to load: \Develop\Controllers\ConsoleController::ServerBridgeAction
[2026-07-25 01:57:01] [DEBUG] Router: Executing \Develop\Controllers\ConsoleController->ServerBridgeAction
[2026-07-25 01:57:01] [DEBUG] ConsoleController::ServerBridge() start...
[2026-07-25 01:57:01] [DEBUG] ConsoleController::ServerBridge() \Develop\Controllers\ConsoleController::areaInitialAction()
[2026-07-25 01:57:01] [DEBUG] ConsoleController::AreaInitialAction() start...
[2026-07-25 01:57:01] [DEBUG] Screen::updateAreaA() path: \Develop\Views\AreaA\Area_A.view start...
[2026-07-25 01:57:01] [DEBUG] Screen::areaView() sending JSON: ["areas"]
[2026-07-25 01:57:01] [DEBUG] Screen::getContents() start...
[2026-07-25 01:57:01] [DEBUG] Screen::getContents() finish.
[2026-07-25 01:57:01] [DEBUG] Screen::updateAreaA() finish.
[2026-07-25 01:57:01] [DEBUG] Screen::updateAreaB() path: \Develop\Views\AreaB\Area_B.view start...
[2026-07-25 01:57:01] [DEBUG] Screen::getContents() start...
[2026-07-25 01:57:01] [DEBUG] Screen::getContents() finish.
[2026-07-25 01:57:01] [DEBUG] Screen::updateAreaB() finish.
[2026-07-25 01:57:01] [DEBUG] Screen::updateAreaD() path: \Develop\Views\AreaD\Area_D_clear.view start...
[2026-07-25 01:57:01] [DEBUG] Screen::getContents() start...
[2026-07-25 01:57:01] [DEBUG] Screen::getContents() finish.
[2026-07-25 01:57:01] [DEBUG] Screen::updateAreaD() finish.
[2026-07-25 01:57:01] [DEBUG] Screen::updateAreaE() [iframe起動版] path: \Develop\Views\AreaE\Area_E_clear.view start...
[2026-07-25 01:57:01] [DEBUG] Screen::getContents() start...
[2026-07-25 01:57:01] [DEBUG] Screen::getContents() finish.
[2026-07-25 01:57:01] [DEBUG] Screen::updateAreaE() finish.
[2026-07-25 01:57:01] [DEBUG] Screen::updateAreaF() path: \Develop\Views\AreaF\Area_F.view start...
[2026-07-25 01:57:01] [DEBUG] Screen::getContents() start...
[2026-07-25 01:57:01] [DEBUG] Screen::getContents() finish.
[2026-07-25 01:57:01] [DEBUG] Screen::updateAreaF() finish.
[2026-07-25 01:57:01] [DEBUG] ProjectController::startProjectNabi() start...
[2026-07-25 01:57:01] [DEBUG] ProjectController::getProjectListHtml() start...
[2026-07-25 01:57:01] [DEBUG] ProjectModel::getProjectList() start...
[2026-07-25 01:57:01] [DEBUG] ProjectModel::getProjectList() finish.
[2026-07-25 01:57:01] [DEBUG] CodeMasterModel：：getCodesByGroup() start...
[2026-07-25 01:57:01] [DEBUG] CodeMasterModel：：getCodesByGroup() finish.
[2026-07-25 01:57:01] [DEBUG] ProjectController::getNaviFooterHtml() start...
[2026-07-25 01:57:01] [DEBUG] ProjectController::getNaviFooterHtml() finish.
[2026-07-25 01:57:01] [DEBUG] ProjectController::startProjectNabi() finish.
[2026-07-25 01:57:01] [DEBUG] Screen::updateAreaC() \Develop\Views\AreaC\Area_C.view start...
[2026-07-25 01:57:01] [DEBUG] Screen::getContents() start...
[2026-07-25 01:57:01] [DEBUG] Screen::getContents() finish.
[2026-07-25 01:57:01] [DEBUG] Screen::updateAreaC() finish.
[2026-07-25 01:57:01] [DEBUG] ConsoleController::AreaInitialAction() finish.
[2026-07-25 01:57:01] [DEBUG] Screen::areaView() start...
[2026-07-25 01:57:01] [DEBUG] Screen::areaView() finish.
[2026-07-25 01:57:03] [DEBUG] --- wwProject System Start ---
[2026-07-25 01:57:03] [DEBUG] Router::Router() /jemini/wwProjectV1.53/Develop/Console/ServerBridgeAction/
[2026-07-25 01:57:03] [DEBUG] Attempting to load: \Develop\Controllers\ConsoleController::ServerBridgeAction
[2026-07-25 01:57:03] [DEBUG] Router: Executing \Develop\Controllers\ConsoleController->ServerBridgeAction
[2026-07-25 01:57:03] [DEBUG] ConsoleController::ServerBridge() start...
[2026-07-25 01:57:03] [DEBUG] ConsoleController::ServerBridge() \Develop\Controllers\PartsDefinitionController::InitialAction()
[2026-07-25 01:57:03] [DEBUG] DBDefinitionController::initialAction() start...
[2026-07-25 01:57:03] [DEBUG] PartsDefinitionController::initialAction() projectId : PRJ-D45FEF
[2026-07-25 01:57:03] [DEBUG] PartsDefinitionModel::getAllPartsList() start... Project ID: PRJ-D45FEF
[2026-07-25 01:57:03] [DEBUG] Screen::updateAreaD() path: \Develop\Views\AreaD\PartsDefinition\PartsDefinitionList.view start...
[2026-07-25 01:57:03] [DEBUG] Screen::getContents() start...
[2026-07-25 01:57:03] [DEBUG] Screen::getContents() finish.
[2026-07-25 01:57:03] [DEBUG] Screen::updateAreaD() finish.
[2026-07-25 01:57:03] [DEBUG] Screen::updateAreaE() [iframe起動版] path: \Develop\Views\AreaE\Area_E_clear.view start...
[2026-07-25 01:57:03] [DEBUG] Screen::getContents() start...
[2026-07-25 01:57:03] [DEBUG] Screen::getContents() finish.
[2026-07-25 01:57:03] [DEBUG] Screen::updateAreaE() finish.
[2026-07-25 01:57:03] [DEBUG] DBDefinitionController::initialAction() end.
[2026-07-25 01:57:03] [DEBUG] Screen::areaView() start...
[2026-07-25 01:57:03] [DEBUG] Screen::areaView() finish.
[2026-07-25 01:57:06] [DEBUG] --- wwProject System Start ---
[2026-07-25 01:57:06] [DEBUG] Router::Router() /jemini/wwProjectV1.53/Develop/Console/ServerBridgeAction/
[2026-07-25 01:57:06] [DEBUG] Attempting to load: \Develop\Controllers\ConsoleController::ServerBridgeAction
[2026-07-25 01:57:06] [DEBUG] Router: Executing \Develop\Controllers\ConsoleController->ServerBridgeAction
[2026-07-25 01:57:06] [DEBUG] ConsoleController::ServerBridge() start...
[2026-07-25 01:57:06] [DEBUG] ConsoleController::ServerBridge() \Develop\Controllers\PartsDefinitionController::editPartsAction()
[2026-07-25 01:57:06] [DEBUG] PartsDefinitionController::editPartsAction() start...
[2026-07-25 01:57:06] [DEBUG] PartsDefinitionModel::getAllPartsList() start... Project ID: PRJ-D45FEF
[2026-07-25 01:57:06] [DEBUG] PartsDefinitionModel::getTableStructure() start... Project ID: PRJ-D45FEF
[2026-07-25 01:57:06] [DEBUG] Screen::updateAreaE() [iframe起動版] path: \Develop\Views\AreaE\PartsDefinition\RegistParts.view start...
[2026-07-25 01:57:06] [DEBUG] Screen::getContents() start...
[2026-07-25 01:57:06] [DEBUG] Screen::getContents() finish.
[2026-07-25 01:57:06] [DEBUG] Screen::updateAreaE() finish.
[2026-07-25 01:57:06] [DEBUG] PartsDefinitionController::editPartsAction() end.
[2026-07-25 01:57:06] [DEBUG] Screen::areaView() start...
[2026-07-25 01:57:06] [DEBUG] Screen::areaView() finish.
[2026-07-25 01:57:07] [DEBUG] --- wwProject System Start ---
[2026-07-25 01:57:07] [DEBUG] Router::Router() /jemini/wwProjectV1.53/Develop/Console/ServerBridgeAction/
[2026-07-25 01:57:07] [DEBUG] Attempting to load: \Develop\Controllers\ConsoleController::ServerBridgeAction
[2026-07-25 01:57:07] [DEBUG] Router: Executing \Develop\Controllers\ConsoleController->ServerBridgeAction
[2026-07-25 01:57:07] [DEBUG] ConsoleController::ServerBridge() start...
[2026-07-25 01:57:07] [DEBUG] ConsoleController::ServerBridge() \Develop\Controllers\PartsDefinitionController::editPartsAction()
[2026-07-25 01:57:07] [DEBUG] PartsDefinitionController::editPartsAction() start...
[2026-07-25 01:57:07] [DEBUG] PartsDefinitionModel::getAllPartsList() start... Project ID: PRJ-D45FEF
[2026-07-25 01:57:07] [DEBUG] PartsDefinitionModel::getTableStructure() start... Project ID: PRJ-D45FEF
[2026-07-25 01:57:07] [DEBUG] Screen::updateAreaE() [iframe起動版] path: \Develop\Views\AreaE\PartsDefinition\RegistParts.view start...
[2026-07-25 01:57:07] [DEBUG] Screen::getContents() start...
[2026-07-25 01:57:07] [DEBUG] Screen::getContents() finish.
[2026-07-25 01:57:07] [DEBUG] Screen::updateAreaE() finish.
[2026-07-25 01:57:07] [DEBUG] PartsDefinitionController::editPartsAction() end.
[2026-07-25 01:57:07] [DEBUG] Screen::areaView() start...
[2026-07-25 01:57:07] [DEBUG] Screen::areaView() finish.
[2026-07-25 01:57:09] [DEBUG] --- wwProject System Start ---
[2026-07-25 01:57:09] [DEBUG] Router::Router() /jemini/wwProjectV1.53/Develop/Console/ServerBridgeAction/
[2026-07-25 01:57:09] [DEBUG] Attempting to load: \Develop\Controllers\ConsoleController::ServerBridgeAction
[2026-07-25 01:57:09] [DEBUG] Router: Executing \Develop\Controllers\ConsoleController->ServerBridgeAction
[2026-07-25 01:57:09] [DEBUG] ConsoleController::ServerBridge() start...
[2026-07-25 01:57:09] [DEBUG] ConsoleController::ServerBridge() \Develop\Controllers\PartsDefinitionController::editPartsAction()
[2026-07-25 01:57:09] [DEBUG] PartsDefinitionController::editPartsAction() start...
[2026-07-25 01:57:09] [DEBUG] PartsDefinitionModel::getAllPartsList() start... Project ID: PRJ-D45FEF
[2026-07-25 01:57:09] [DEBUG] PartsDefinitionModel::getTableStructure() start... Project ID: PRJ-D45FEF
[2026-07-25 01:57:09] [DEBUG] Screen::updateAreaE() [iframe起動版] path: \Develop\Views\AreaE\PartsDefinition\RegistParts.view start...
[2026-07-25 01:57:09] [DEBUG] Screen::getContents() start...
[2026-07-25 01:57:09] [DEBUG] Screen::getContents() finish.
[2026-07-25 01:57:09] [DEBUG] Screen::updateAreaE() finish.
[2026-07-25 01:57:09] [DEBUG] PartsDefinitionController::editPartsAction() end.
[2026-07-25 01:57:09] [DEBUG] Screen::areaView() start...
[2026-07-25 01:57:09] [DEBUG] Screen::areaView() finish.
[2026-07-25 01:57:11] [DEBUG] --- wwProject System Start ---
[2026-07-25 01:57:11] [DEBUG] Router::Router() /jemini/wwProjectV1.53/Develop/Console/ServerBridgeAction/
[2026-07-25 01:57:11] [DEBUG] Attempting to load: \Develop\Controllers\ConsoleController::ServerBridgeAction
[2026-07-25 01:57:11] [DEBUG] Router: Executing \Develop\Controllers\ConsoleController->ServerBridgeAction
[2026-07-25 01:57:11] [DEBUG] ConsoleController::ServerBridge() start...
[2026-07-25 01:57:11] [DEBUG] ConsoleController::ServerBridge() \Develop\Controllers\PartsDefinitionController::editPartsAction()
[2026-07-25 01:57:11] [DEBUG] PartsDefinitionController::editPartsAction() start...
[2026-07-25 01:57:11] [DEBUG] PartsDefinitionModel::getAllPartsList() start... Project ID: PRJ-D45FEF
[2026-07-25 01:57:11] [DEBUG] PartsDefinitionModel::getTableStructure() start... Project ID: PRJ-D45FEF
[2026-07-25 01:57:11] [DEBUG] Screen::updateAreaE() [iframe起動版] path: \Develop\Views\AreaE\PartsDefinition\RegistParts.view start...
[2026-07-25 01:57:11] [DEBUG] Screen::getContents() start...
[2026-07-25 01:57:11] [DEBUG] Screen::getContents() finish.
[2026-07-25 01:57:11] [DEBUG] Screen::updateAreaE() finish.
[2026-07-25 01:57:11] [DEBUG] PartsDefinitionController::editPartsAction() end.
[2026-07-25 01:57:11] [DEBUG] Screen::areaView() start...
[2026-07-25 01:57:11] [DEBUG] Screen::areaView() finish.
[2026-07-25 01:57:12] [DEBUG] --- wwProject System Start ---
[2026-07-25 01:57:12] [DEBUG] Router::Router() /jemini/wwProjectV1.53/Develop/Console/ServerBridgeAction/
[2026-07-25 01:57:12] [DEBUG] Attempting to load: \Develop\Controllers\ConsoleController::ServerBridgeAction
[2026-07-25 01:57:12] [DEBUG] Router: Executing \Develop\Controllers\ConsoleController->ServerBridgeAction
[2026-07-25 01:57:12] [DEBUG] ConsoleController::ServerBridge() start...
[2026-07-25 01:57:12] [DEBUG] ConsoleController::ServerBridge() \Develop\Controllers\PartsDefinitionController::editPartsAction()
[2026-07-25 01:57:12] [DEBUG] PartsDefinitionController::editPartsAction() start...
[2026-07-25 01:57:12] [DEBUG] PartsDefinitionModel::getAllPartsList() start... Project ID: PRJ-D45FEF
[2026-07-25 01:57:12] [DEBUG] PartsDefinitionModel::getTableStructure() start... Project ID: PRJ-D45FEF
[2026-07-25 01:57:12] [DEBUG] Screen::updateAreaE() [iframe起動版] path: \Develop\Views\AreaE\PartsDefinition\RegistParts.view start...
[2026-07-25 01:57:12] [DEBUG] Screen::getContents() start...
[2026-07-25 01:57:12] [DEBUG] Screen::getContents() finish.
[2026-07-25 01:57:12] [DEBUG] Screen::updateAreaE() finish.
[2026-07-25 01:57:12] [DEBUG] PartsDefinitionController::editPartsAction() end.
[2026-07-25 01:57:12] [DEBUG] Screen::areaView() start...
[2026-07-25 01:57:12] [DEBUG] Screen::areaView() finish.
[2026-07-25 01:57:16] [DEBUG] --- wwProject System Start ---
[2026-07-25 01:57:16] [DEBUG] Router::Router() /jemini/wwProjectV1.53/Develop/Console/ServerBridgeAction/
[2026-07-25 01:57:16] [DEBUG] Attempting to load: \Develop\Controllers\ConsoleController::ServerBridgeAction
[2026-07-25 01:57:16] [DEBUG] Router: Executing \Develop\Controllers\ConsoleController->ServerBridgeAction
[2026-07-25 01:57:16] [DEBUG] ConsoleController::ServerBridge() start...
[2026-07-25 01:57:16] [DEBUG] ConsoleController::ServerBridge() \Develop\Controllers\PartsDefinitionController::newPartsAction()
[2026-07-25 01:57:16] [DEBUG] PartsDefinitionController::newPartsAction() start...
[2026-07-25 01:57:16] [DEBUG] PartsDefinitionModel::getTableStructure() start... Project ID: PRJ-D45FEF
[2026-07-25 01:57:16] [DEBUG] Screen::updateAreaE() [iframe起動版] path: \Develop\Views\AreaE\PartsDefinition\RegistParts.view start...
[2026-07-25 01:57:16] [DEBUG] Screen::getContents() start...
[2026-07-25 01:57:16] [DEBUG] Screen::getContents() finish.
[2026-07-25 01:57:16] [DEBUG] Screen::updateAreaE() finish.
[2026-07-25 01:57:16] [DEBUG] PartsDefinitionController::newPartsAction() end.
[2026-07-25 01:57:16] [DEBUG] Screen::areaView() start...
[2026-07-25 01:57:16] [DEBUG] Screen::areaView() finish.
[2026-07-25 01:57:28] [DEBUG] --- wwProject System Start ---
[2026-07-25 01:57:28] [DEBUG] Router::Router() /jemini/wwProjectV1.53/Develop/Console/ServerBridgeAction/
[2026-07-25 01:57:28] [DEBUG] Attempting to load: \Develop\Controllers\ConsoleController::ServerBridgeAction
[2026-07-25 01:57:28] [DEBUG] Router: Executing \Develop\Controllers\ConsoleController->ServerBridgeAction
[2026-07-25 01:57:28] [DEBUG] ConsoleController::ServerBridge() start...
[2026-07-25 01:57:28] [DEBUG] ConsoleController::ServerBridge() \Develop\Controllers\PartsDefinitionController::changeTypeAction()
[2026-07-25 01:57:28] [DEBUG] PartsDefinitionController::changeTypeAction() start...
[2026-07-25 01:57:28] [DEBUG] PartsDefinitionModel::getTableStructure() start... Project ID: PRJ-D45FEF
[2026-07-25 01:57:28] [DEBUG] Screen::updateAreaE() [iframe起動版] path: \Develop\Views\AreaE\PartsDefinition\RegistParts.view start...
[2026-07-25 01:57:28] [DEBUG] Screen::getContents() start...
[2026-07-25 01:57:28] [DEBUG] Screen::getContents() finish.
[2026-07-25 01:57:28] [DEBUG] Screen::updateAreaE() finish.
[2026-07-25 01:57:28] [DEBUG] PartsDefinitionController::changeTypeAction() end.
[2026-07-25 01:57:28] [DEBUG] Screen::areaView() start...
[2026-07-25 01:57:28] [DEBUG] Screen::areaView() finish.
[2026-07-25 01:57:48] [DEBUG] --- wwProject System Start ---
[2026-07-25 01:57:48] [DEBUG] Router::Router() /jemini/wwProjectV1.53/Develop/Console/ServerBridgeAction/
[2026-07-25 01:57:48] [DEBUG] Attempting to load: \Develop\Controllers\ConsoleController::ServerBridgeAction
[2026-07-25 01:57:48] [DEBUG] Router: Executing \Develop\Controllers\ConsoleController->ServerBridgeAction
[2026-07-25 01:57:48] [DEBUG] ConsoleController::ServerBridge() start...
[2026-07-25 01:57:48] [DEBUG] ConsoleController::ServerBridge() \Develop\Controllers\PartsDefinitionController::saveAction()
[2026-07-25 01:57:48] [DEBUG] PartsDefinitionController::saveAction() start...
[2026-07-25 01:57:48] [DEBUG] 🔍送信されたPOSTデータ: {"code":"PartsDefinition\/save","parts_id":"","parts_name":"9999","parts_description":"9999","parts_type":"Text Confirm","table_name":"","preview_title":"9999","input_rows":"5","display_label":"","column_filter":"","contents":"","checked_columns_json":"[]","input_style":"[]"}
[2026-07-25 01:57:48] [DEBUG] PartsDefinitionModel::saveParts() start... Project ID: PRJ-D45FEF, Parts ID: 
[2026-07-25 01:57:48] [DEBUG] PartsDefinitionModel::saveParts() 保存するchecked_columns_jsonの値: [[]]
[2026-07-25 01:57:48] [DEBUG] PartsDefinitionModel::saveParts() search_area : 
[2026-07-25 01:57:48] [DEBUG] PartsDefinitionModel::saveParts() detail_button : 
[2026-07-25 01:57:48] [DEBUG] PartsDefinitionModel::saveParts() INSERT INTO m_screenparts (
                            project_id,
                            parts_name,
                            parts_description,
                            parts_type,
                            table_name,
                            display_label,
                            preview_title,
                            column_filter,
                            input_rows,
                            checked_columns_json,
                            input_style,
                            contents,
                            style_condition,
                            style_column,
                            search_area,
                            detail_button
                        ) VALUES (
                            :project_id,
                            :parts_name,
                            :parts_description,
                            :parts_type,
                            :table_name,
                            :display_label,
                            :preview_title,
                            :column_filter,
                            :input_rows,
                            :checked_columns_json,
                            :input_style,
                            :contents,
                            :style_condition,
                            :style_column,
                            :search_area,
                            :detail_button
                        )
[2026-07-25 01:57:48] [DEBUG] PartsDefinitionModel::saveParts() INSERTを実行します。
[2026-07-25 01:57:48] [DEBUG] PartsDefinitionModel::getAllPartsList() start... Project ID: PRJ-D45FEF
[2026-07-25 01:57:48] [DEBUG] Screen::updateAreaD() path: \Develop\Views\AreaD\PartsDefinition\PartsDefinitionList.view start...
[2026-07-25 01:57:48] [DEBUG] Screen::getContents() start...
[2026-07-25 01:57:48] [DEBUG] Screen::getContents() finish.
[2026-07-25 01:57:48] [DEBUG] Screen::updateAreaD() finish.
[2026-07-25 01:57:48] [DEBUG] Screen::updateAreaE() [iframe起動版] path: \Develop\Views\AreaE\Area_E_clear.view start...
[2026-07-25 01:57:48] [DEBUG] Screen::getContents() start...
[2026-07-25 01:57:48] [DEBUG] Screen::getContents() finish.
[2026-07-25 01:57:48] [DEBUG] Screen::updateAreaE() finish.
[2026-07-25 01:57:48] [DEBUG] PartsDefinitionController::saveAction() end.
[2026-07-25 01:57:48] [DEBUG] Screen::areaView() start...
[2026-07-25 01:57:48] [DEBUG] Screen::areaView() finish.
[2026-07-25 01:57:49] [DEBUG] --- wwProject System Start ---
[2026-07-25 01:57:49] [DEBUG] Router::Router() /jemini/wwProjectV1.53/Develop/Console/ServerBridgeAction/
[2026-07-25 01:57:49] [DEBUG] Attempting to load: \Develop\Controllers\ConsoleController::ServerBridgeAction
[2026-07-25 01:57:49] [DEBUG] Router: Executing \Develop\Controllers\ConsoleController->ServerBridgeAction
[2026-07-25 01:57:49] [DEBUG] ConsoleController::ServerBridge() start...
[2026-07-25 01:57:49] [DEBUG] ConsoleController::ServerBridge() \Develop\Controllers\PartsDefinitionController::editPartsAction()
[2026-07-25 01:57:49] [DEBUG] PartsDefinitionController::editPartsAction() start...
[2026-07-25 01:57:49] [DEBUG] PartsDefinitionModel::getAllPartsList() start... Project ID: PRJ-D45FEF
[2026-07-25 01:57:49] [DEBUG] PartsDefinitionModel::getTableStructure() start... Project ID: PRJ-D45FEF
[2026-07-25 01:57:49] [DEBUG] Screen::updateAreaE() [iframe起動版] path: \Develop\Views\AreaE\PartsDefinition\RegistParts.view start...
[2026-07-25 01:57:49] [DEBUG] Screen::getContents() start...
[2026-07-25 01:57:49] [DEBUG] Screen::getContents() finish.
[2026-07-25 01:57:49] [DEBUG] Screen::updateAreaE() finish.
[2026-07-25 01:57:49] [DEBUG] PartsDefinitionController::editPartsAction() end.
[2026-07-25 01:57:49] [DEBUG] Screen::areaView() start...
[2026-07-25 01:57:49] [DEBUG] Screen::areaView() finish.
[2026-07-25 02:03:23] [DEBUG] --- wwProject System Start ---
[2026-07-25 02:03:23] [DEBUG] Router::Router() /jemini/wwProjectV1.53/Develop/Console/ServerBridgeAction/
[2026-07-25 02:03:23] [DEBUG] Attempting to load: \Develop\Controllers\ConsoleController::ServerBridgeAction
[2026-07-25 02:03:23] [DEBUG] Router: Executing \Develop\Controllers\ConsoleController->ServerBridgeAction
[2026-07-25 02:03:23] [DEBUG] ConsoleController::ServerBridge() start...
[2026-07-25 02:03:23] [DEBUG] ConsoleController::ServerBridge() \Develop\Controllers\PartsDefinitionController::editPartsAction()
[2026-07-25 02:03:23] [DEBUG] PartsDefinitionController::editPartsAction() start...
[2026-07-25 02:03:23] [DEBUG] PartsDefinitionModel::getAllPartsList() start... Project ID: PRJ-D45FEF
[2026-07-25 02:03:23] [DEBUG] PartsDefinitionModel::getColumnsByTableId() start... Input: developers
[2026-07-25 02:03:23] [DEBUG] 逆引き成功: 物理名 developers -> table_id : 14
[2026-07-25 02:03:23] [DEBUG] PartsDefinitionModel::getColumnsByTableId() finish. 件数: 9
[2026-07-25 02:03:23] [DEBUG] PartsDefinitionModel::getTableStructure() start... Project ID: PRJ-D45FEF
[2026-07-25 02:03:23] [DEBUG] Screen::updateAreaE() [iframe起動版] path: \Develop\Views\AreaE\PartsDefinition\RegistParts.view start...
[2026-07-25 02:03:23] [DEBUG] Screen::getContents() start...
[2026-07-25 02:03:23] [DEBUG] Screen::getContents() finish.
[2026-07-25 02:03:23] [DEBUG] Screen::updateAreaE() finish.
[2026-07-25 02:03:23] [DEBUG] PartsDefinitionController::editPartsAction() end.
[2026-07-25 02:03:23] [DEBUG] Screen::areaView() start...
[2026-07-25 02:03:23] [DEBUG] Screen::areaView() finish.
[2026-07-25 02:23:13] [DEBUG] --- wwProject System Start ---
[2026-07-25 02:23:13] [DEBUG] Router::Router() /jemini/wwProjectV1.53/Develop/Console/initial/
[2026-07-25 02:23:13] [DEBUG] Attempting to load: \Develop\Controllers\ConsoleController::initialAction
[2026-07-25 02:23:13] [DEBUG] Router: Executing \Develop\Controllers\ConsoleController->initialAction
[2026-07-25 02:23:13] [DEBUG] Console::initialAction() start...
[2026-07-25 02:23:13] [DEBUG] Screen::view() path: \Develop\Views\Console\Console.view start...
[2026-07-25 02:23:13] [DEBUG] Screen::getContents() start...
[2026-07-25 02:23:13] [DEBUG] Screen::getContents() finish.
[2026-07-25 02:23:13] [DEBUG] Screen::view() path: \Develop\Views\Console\Console.view finish.
[2026-07-25 02:23:13] [DEBUG] ConsoleController::initialAction() finish.
[2026-07-25 02:23:13] [DEBUG] --- wwProject System Start ---
[2026-07-25 02:23:13] [DEBUG] Router::Router() /jemini/wwProjectV1.53/Develop/Console/ServerBridgeAction/
[2026-07-25 02:23:13] [DEBUG] Attempting to load: \Develop\Controllers\ConsoleController::ServerBridgeAction
[2026-07-25 02:23:13] [DEBUG] Router: Executing \Develop\Controllers\ConsoleController->ServerBridgeAction
[2026-07-25 02:23:13] [DEBUG] ConsoleController::ServerBridge() start...
[2026-07-25 02:23:13] [DEBUG] ConsoleController::ServerBridge() \Develop\Controllers\ConsoleController::areaInitialAction()
[2026-07-25 02:23:13] [DEBUG] ConsoleController::AreaInitialAction() start...
[2026-07-25 02:23:13] [DEBUG] Screen::updateAreaA() path: \Develop\Views\AreaA\Area_A.view start...
[2026-07-25 02:23:13] [DEBUG] Screen::areaView() sending JSON: ["areas"]
[2026-07-25 02:23:13] [DEBUG] Screen::getContents() start...
[2026-07-25 02:23:13] [DEBUG] Screen::getContents() finish.
[2026-07-25 02:23:13] [DEBUG] Screen::updateAreaA() finish.
[2026-07-25 02:23:13] [DEBUG] Screen::updateAreaB() path: \Develop\Views\AreaB\Area_B.view start...
[2026-07-25 02:23:13] [DEBUG] Screen::getContents() start...
[2026-07-25 02:23:13] [DEBUG] Screen::getContents() finish.
[2026-07-25 02:23:13] [DEBUG] Screen::updateAreaB() finish.
[2026-07-25 02:23:13] [DEBUG] Screen::updateAreaD() path: \Develop\Views\AreaD\Area_D_clear.view start...
[2026-07-25 02:23:13] [DEBUG] Screen::getContents() start...
[2026-07-25 02:23:13] [DEBUG] Screen::getContents() finish.
[2026-07-25 02:23:13] [DEBUG] Screen::updateAreaD() finish.
[2026-07-25 02:23:13] [DEBUG] Screen::updateAreaE() [iframe起動版] path: \Develop\Views\AreaE\Area_E_clear.view start...
[2026-07-25 02:23:13] [DEBUG] Screen::getContents() start...
[2026-07-25 02:23:13] [DEBUG] Screen::getContents() finish.
[2026-07-25 02:23:13] [DEBUG] Screen::updateAreaE() finish.
[2026-07-25 02:23:13] [DEBUG] Screen::updateAreaF() path: \Develop\Views\AreaF\Area_F.view start...
[2026-07-25 02:23:13] [DEBUG] Screen::getContents() start...
[2026-07-25 02:23:13] [DEBUG] Screen::getContents() finish.
[2026-07-25 02:23:13] [DEBUG] Screen::updateAreaF() finish.
[2026-07-25 02:23:13] [DEBUG] ProjectController::startProjectNabi() start...
[2026-07-25 02:23:13] [DEBUG] ProjectController::getProjectListHtml() start...
[2026-07-25 02:23:13] [DEBUG] ProjectModel::getProjectList() start...
[2026-07-25 02:23:13] [DEBUG] ProjectModel::getProjectList() finish.
[2026-07-25 02:23:13] [DEBUG] CodeMasterModel：：getCodesByGroup() start...
[2026-07-25 02:23:13] [DEBUG] CodeMasterModel：：getCodesByGroup() finish.
[2026-07-25 02:23:13] [DEBUG] ProjectController::getNaviFooterHtml() start...
[2026-07-25 02:23:13] [DEBUG] ProjectController::getNaviFooterHtml() finish.
[2026-07-25 02:23:13] [DEBUG] ProjectController::startProjectNabi() finish.
[2026-07-25 02:23:13] [DEBUG] Screen::updateAreaC() \Develop\Views\AreaC\Area_C.view start...
[2026-07-25 02:23:13] [DEBUG] Screen::getContents() start...
[2026-07-25 02:23:13] [DEBUG] Screen::getContents() finish.
[2026-07-25 02:23:13] [DEBUG] Screen::updateAreaC() finish.
[2026-07-25 02:23:13] [DEBUG] ConsoleController::AreaInitialAction() finish.
[2026-07-25 02:23:13] [DEBUG] Screen::areaView() start...
[2026-07-25 02:23:13] [DEBUG] Screen::areaView() finish.
[2026-07-25 02:23:14] [DEBUG] --- wwProject System Start ---
[2026-07-25 02:23:14] [DEBUG] Router::Router() /jemini/wwProjectV1.53/Develop/Console/ServerBridgeAction/
[2026-07-25 02:23:14] [DEBUG] Attempting to load: \Develop\Controllers\ConsoleController::ServerBridgeAction
[2026-07-25 02:23:14] [DEBUG] Router: Executing \Develop\Controllers\ConsoleController->ServerBridgeAction
[2026-07-25 02:23:14] [DEBUG] ConsoleController::ServerBridge() start...
[2026-07-25 02:23:14] [DEBUG] ConsoleController::ServerBridge() \Develop\Controllers\PartsDefinitionController::InitialAction()
[2026-07-25 02:23:14] [DEBUG] DBDefinitionController::initialAction() start...
[2026-07-25 02:23:14] [DEBUG] PartsDefinitionController::initialAction() projectId : PRJ-D45FEF
[2026-07-25 02:23:14] [DEBUG] PartsDefinitionModel::getAllPartsList() start... Project ID: PRJ-D45FEF
[2026-07-25 02:23:14] [DEBUG] Screen::updateAreaD() path: \Develop\Views\AreaD\PartsDefinition\PartsDefinitionList.view start...
[2026-07-25 02:23:14] [DEBUG] Screen::getContents() start...
[2026-07-25 02:23:14] [DEBUG] Screen::getContents() finish.
[2026-07-25 02:23:14] [DEBUG] Screen::updateAreaD() finish.
[2026-07-25 02:23:14] [DEBUG] Screen::updateAreaE() [iframe起動版] path: \Develop\Views\AreaE\Area_E_clear.view start...
[2026-07-25 02:23:14] [DEBUG] Screen::getContents() start...
[2026-07-25 02:23:14] [DEBUG] Screen::getContents() finish.
[2026-07-25 02:23:14] [DEBUG] Screen::updateAreaE() finish.
[2026-07-25 02:23:14] [DEBUG] DBDefinitionController::initialAction() end.
[2026-07-25 02:23:14] [DEBUG] Screen::areaView() start...
[2026-07-25 02:23:14] [DEBUG] Screen::areaView() finish.
[2026-07-25 02:23:17] [DEBUG] --- wwProject System Start ---
[2026-07-25 02:23:17] [DEBUG] Router::Router() /jemini/wwProjectV1.53/Develop/Console/ServerBridgeAction/
[2026-07-25 02:23:17] [DEBUG] Attempting to load: \Develop\Controllers\ConsoleController::ServerBridgeAction
[2026-07-25 02:23:17] [DEBUG] Router: Executing \Develop\Controllers\ConsoleController->ServerBridgeAction
[2026-07-25 02:23:17] [DEBUG] ConsoleController::ServerBridge() start...
[2026-07-25 02:23:17] [DEBUG] ConsoleController::ServerBridge() \Develop\Controllers\PartsDefinitionController::editPartsAction()
[2026-07-25 02:23:17] [DEBUG] PartsDefinitionController::editPartsAction() start...
[2026-07-25 02:23:17] [DEBUG] PartsDefinitionModel::getAllPartsList() start... Project ID: PRJ-D45FEF
[2026-07-25 02:23:17] [DEBUG] PartsDefinitionModel::getColumnsByTableId() start... Input: developers
[2026-07-25 02:23:17] [DEBUG] 逆引き成功: 物理名 developers -> table_id : 14
[2026-07-25 02:23:17] [DEBUG] PartsDefinitionModel::getColumnsByTableId() finish. 件数: 9
[2026-07-25 02:23:17] [DEBUG] PartsDefinitionModel::getTableStructure() start... Project ID: PRJ-D45FEF
[2026-07-25 02:23:17] [DEBUG] Screen::updateAreaE() [iframe起動版] path: \Develop\Views\AreaE\PartsDefinition\RegistParts.view start...
[2026-07-25 02:23:17] [DEBUG] Screen::getContents() start...
[2026-07-25 02:23:18] [DEBUG] Screen::getContents() finish.
[2026-07-25 02:23:18] [DEBUG] Screen::updateAreaE() finish.
[2026-07-25 02:23:18] [DEBUG] PartsDefinitionController::editPartsAction() end.
[2026-07-25 02:23:18] [DEBUG] Screen::areaView() start...
[2026-07-25 02:23:18] [DEBUG] Screen::areaView() finish.
[2026-07-25 02:23:23] [DEBUG] --- wwProject System Start ---
[2026-07-25 02:23:23] [DEBUG] Router::Router() /jemini/wwProjectV1.53/Develop/Console/ServerBridgeAction/
[2026-07-25 02:23:23] [DEBUG] Attempting to load: \Develop\Controllers\ConsoleController::ServerBridgeAction
[2026-07-25 02:23:23] [DEBUG] Router: Executing \Develop\Controllers\ConsoleController->ServerBridgeAction
[2026-07-25 02:23:23] [DEBUG] ConsoleController::ServerBridge() start...
[2026-07-25 02:23:23] [DEBUG] ConsoleController::ServerBridge() \Develop\Controllers\PartsDefinitionController::editPartsAction()
[2026-07-25 02:23:23] [DEBUG] PartsDefinitionController::editPartsAction() start...
[2026-07-25 02:23:23] [DEBUG] PartsDefinitionModel::getAllPartsList() start... Project ID: PRJ-D45FEF
[2026-07-25 02:23:23] [DEBUG] PartsDefinitionModel::getColumnsByTableId() start... Input: developers
[2026-07-25 02:23:23] [DEBUG] 逆引き成功: 物理名 developers -> table_id : 14
[2026-07-25 02:23:23] [DEBUG] PartsDefinitionModel::getColumnsByTableId() finish. 件数: 9
[2026-07-25 02:23:23] [DEBUG] PartsDefinitionModel::getTableStructure() start... Project ID: PRJ-D45FEF
[2026-07-25 02:23:23] [DEBUG] Screen::updateAreaE() [iframe起動版] path: \Develop\Views\AreaE\PartsDefinition\RegistParts.view start...
[2026-07-25 02:23:23] [DEBUG] Screen::getContents() start...
[2026-07-25 02:23:23] [DEBUG] Screen::getContents() finish.
[2026-07-25 02:23:23] [DEBUG] Screen::updateAreaE() finish.
[2026-07-25 02:23:23] [DEBUG] PartsDefinitionController::editPartsAction() end.
[2026-07-25 02:23:23] [DEBUG] Screen::areaView() start...
[2026-07-25 02:23:23] [DEBUG] Screen::areaView() finish.
[2026-07-25 02:23:25] [DEBUG] --- wwProject System Start ---
[2026-07-25 02:23:25] [DEBUG] Router::Router() /jemini/wwProjectV1.53/Develop/Console/ServerBridgeAction/
[2026-07-25 02:23:25] [DEBUG] Attempting to load: \Develop\Controllers\ConsoleController::ServerBridgeAction
[2026-07-25 02:23:25] [DEBUG] Router: Executing \Develop\Controllers\ConsoleController->ServerBridgeAction
[2026-07-25 02:23:25] [DEBUG] ConsoleController::ServerBridge() start...
[2026-07-25 02:23:25] [DEBUG] ConsoleController::ServerBridge() \Develop\Controllers\PartsDefinitionController::editPartsAction()
[2026-07-25 02:23:25] [DEBUG] PartsDefinitionController::editPartsAction() start...
[2026-07-25 02:23:25] [DEBUG] PartsDefinitionModel::getAllPartsList() start... Project ID: PRJ-D45FEF
[2026-07-25 02:23:25] [DEBUG] PartsDefinitionModel::getColumnsByTableId() start... Input: developers
[2026-07-25 02:23:25] [DEBUG] 逆引き成功: 物理名 developers -> table_id : 14
[2026-07-25 02:23:25] [DEBUG] PartsDefinitionModel::getColumnsByTableId() finish. 件数: 9
[2026-07-25 02:23:25] [DEBUG] PartsDefinitionModel::getTableStructure() start... Project ID: PRJ-D45FEF
[2026-07-25 02:23:25] [DEBUG] Screen::updateAreaE() [iframe起動版] path: \Develop\Views\AreaE\PartsDefinition\RegistParts.view start...
[2026-07-25 02:23:25] [DEBUG] Screen::getContents() start...
[2026-07-25 02:23:25] [DEBUG] Screen::getContents() finish.
[2026-07-25 02:23:25] [DEBUG] Screen::updateAreaE() finish.
[2026-07-25 02:23:25] [DEBUG] PartsDefinitionController::editPartsAction() end.
[2026-07-25 02:23:25] [DEBUG] Screen::areaView() start...
[2026-07-25 02:23:25] [DEBUG] Screen::areaView() finish.
[2026-07-25 02:25:34] [DEBUG] --- wwProject System Start ---
[2026-07-25 02:25:34] [DEBUG] Router::Router() /jemini/wwProjectV1.53/Develop/Console/initial/
[2026-07-25 02:25:34] [DEBUG] Attempting to load: \Develop\Controllers\ConsoleController::initialAction
[2026-07-25 02:25:34] [DEBUG] Router: Executing \Develop\Controllers\ConsoleController->initialAction
[2026-07-25 02:25:34] [DEBUG] Console::initialAction() start...
[2026-07-25 02:25:34] [DEBUG] Screen::view() path: \Develop\Views\Console\Console.view start...
[2026-07-25 02:25:34] [DEBUG] Screen::getContents() start...
[2026-07-25 02:25:34] [DEBUG] Screen::getContents() finish.
[2026-07-25 02:25:34] [DEBUG] Screen::view() path: \Develop\Views\Console\Console.view finish.
[2026-07-25 02:25:34] [DEBUG] ConsoleController::initialAction() finish.
[2026-07-25 02:25:34] [DEBUG] --- wwProject System Start ---
[2026-07-25 02:25:34] [DEBUG] Router::Router() /jemini/wwProjectV1.53/Develop/Console/ServerBridgeAction/
[2026-07-25 02:25:34] [DEBUG] Attempting to load: \Develop\Controllers\ConsoleController::ServerBridgeAction
[2026-07-25 02:25:34] [DEBUG] Router: Executing \Develop\Controllers\ConsoleController->ServerBridgeAction
[2026-07-25 02:25:34] [DEBUG] ConsoleController::ServerBridge() start...
[2026-07-25 02:25:34] [DEBUG] ConsoleController::ServerBridge() \Develop\Controllers\ConsoleController::areaInitialAction()
[2026-07-25 02:25:34] [DEBUG] ConsoleController::AreaInitialAction() start...
[2026-07-25 02:25:34] [DEBUG] Screen::updateAreaA() path: \Develop\Views\AreaA\Area_A.view start...
[2026-07-25 02:25:34] [DEBUG] Screen::areaView() sending JSON: ["areas"]
[2026-07-25 02:25:34] [DEBUG] Screen::getContents() start...
[2026-07-25 02:25:34] [DEBUG] Screen::getContents() finish.
[2026-07-25 02:25:34] [DEBUG] Screen::updateAreaA() finish.
[2026-07-25 02:25:34] [DEBUG] Screen::updateAreaB() path: \Develop\Views\AreaB\Area_B.view start...
[2026-07-25 02:25:34] [DEBUG] Screen::getContents() start...
[2026-07-25 02:25:34] [DEBUG] Screen::getContents() finish.
[2026-07-25 02:25:34] [DEBUG] Screen::updateAreaB() finish.
[2026-07-25 02:25:34] [DEBUG] Screen::updateAreaD() path: \Develop\Views\AreaD\Area_D_clear.view start...
[2026-07-25 02:25:34] [DEBUG] Screen::getContents() start...
[2026-07-25 02:25:34] [DEBUG] Screen::getContents() finish.
[2026-07-25 02:25:34] [DEBUG] Screen::updateAreaD() finish.
[2026-07-25 02:25:34] [DEBUG] Screen::updateAreaE() [iframe起動版] path: \Develop\Views\AreaE\Area_E_clear.view start...
[2026-07-25 02:25:34] [DEBUG] Screen::getContents() start...
[2026-07-25 02:25:34] [DEBUG] Screen::getContents() finish.
[2026-07-25 02:25:34] [DEBUG] Screen::updateAreaE() finish.
[2026-07-25 02:25:34] [DEBUG] Screen::updateAreaF() path: \Develop\Views\AreaF\Area_F.view start...
[2026-07-25 02:25:34] [DEBUG] Screen::getContents() start...
[2026-07-25 02:25:34] [DEBUG] Screen::getContents() finish.
[2026-07-25 02:25:34] [DEBUG] Screen::updateAreaF() finish.
[2026-07-25 02:25:34] [DEBUG] ProjectController::startProjectNabi() start...
[2026-07-25 02:25:34] [DEBUG] ProjectController::getProjectListHtml() start...
[2026-07-25 02:25:34] [DEBUG] ProjectModel::getProjectList() start...
[2026-07-25 02:25:34] [DEBUG] ProjectModel::getProjectList() finish.
[2026-07-25 02:25:34] [DEBUG] CodeMasterModel：：getCodesByGroup() start...
[2026-07-25 02:25:34] [DEBUG] CodeMasterModel：：getCodesByGroup() finish.
[2026-07-25 02:25:34] [DEBUG] ProjectController::getNaviFooterHtml() start...
[2026-07-25 02:25:34] [DEBUG] ProjectController::getNaviFooterHtml() finish.
[2026-07-25 02:25:34] [DEBUG] ProjectController::startProjectNabi() finish.
[2026-07-25 02:25:34] [DEBUG] Screen::updateAreaC() \Develop\Views\AreaC\Area_C.view start...
[2026-07-25 02:25:34] [DEBUG] Screen::getContents() start...
[2026-07-25 02:25:34] [DEBUG] Screen::getContents() finish.
[2026-07-25 02:25:34] [DEBUG] Screen::updateAreaC() finish.
[2026-07-25 02:25:34] [DEBUG] ConsoleController::AreaInitialAction() finish.
[2026-07-25 02:25:34] [DEBUG] Screen::areaView() start...
[2026-07-25 02:25:34] [DEBUG] Screen::areaView() finish.
[2026-07-25 02:25:36] [DEBUG] --- wwProject System Start ---
[2026-07-25 02:25:36] [DEBUG] Router::Router() /jemini/wwProjectV1.53/Develop/Console/ServerBridgeAction/
[2026-07-25 02:25:36] [DEBUG] Attempting to load: \Develop\Controllers\ConsoleController::ServerBridgeAction
[2026-07-25 02:25:36] [DEBUG] Router: Executing \Develop\Controllers\ConsoleController->ServerBridgeAction
[2026-07-25 02:25:36] [DEBUG] ConsoleController::ServerBridge() start...
[2026-07-25 02:25:36] [DEBUG] ConsoleController::ServerBridge() \Develop\Controllers\PartsDefinitionController::InitialAction()
[2026-07-25 02:25:36] [DEBUG] DBDefinitionController::initialAction() start...
[2026-07-25 02:25:36] [DEBUG] PartsDefinitionController::initialAction() projectId : PRJ-D45FEF
[2026-07-25 02:25:36] [DEBUG] PartsDefinitionModel::getAllPartsList() start... Project ID: PRJ-D45FEF
[2026-07-25 02:25:36] [DEBUG] Screen::updateAreaD() path: \Develop\Views\AreaD\PartsDefinition\PartsDefinitionList.view start...
[2026-07-25 02:25:36] [DEBUG] Screen::getContents() start...
[2026-07-25 02:25:36] [DEBUG] Screen::getContents() finish.
[2026-07-25 02:25:36] [DEBUG] Screen::updateAreaD() finish.
[2026-07-25 02:25:36] [DEBUG] Screen::updateAreaE() [iframe起動版] path: \Develop\Views\AreaE\Area_E_clear.view start...
[2026-07-25 02:25:36] [DEBUG] Screen::getContents() start...
[2026-07-25 02:25:36] [DEBUG] Screen::getContents() finish.
[2026-07-25 02:25:36] [DEBUG] Screen::updateAreaE() finish.
[2026-07-25 02:25:36] [DEBUG] DBDefinitionController::initialAction() end.
[2026-07-25 02:25:36] [DEBUG] Screen::areaView() start...
[2026-07-25 02:25:36] [DEBUG] Screen::areaView() finish.
[2026-07-25 02:25:38] [DEBUG] --- wwProject System Start ---
[2026-07-25 02:25:38] [DEBUG] Router::Router() /jemini/wwProjectV1.53/Develop/Console/ServerBridgeAction/
[2026-07-25 02:25:38] [DEBUG] Attempting to load: \Develop\Controllers\ConsoleController::ServerBridgeAction
[2026-07-25 02:25:38] [DEBUG] Router: Executing \Develop\Controllers\ConsoleController->ServerBridgeAction
[2026-07-25 02:25:38] [DEBUG] ConsoleController::ServerBridge() start...
[2026-07-25 02:25:38] [DEBUG] ConsoleController::ServerBridge() \Develop\Controllers\PartsDefinitionController::editPartsAction()
[2026-07-25 02:25:38] [DEBUG] PartsDefinitionController::editPartsAction() start...
[2026-07-25 02:25:38] [DEBUG] PartsDefinitionModel::getAllPartsList() start... Project ID: PRJ-D45FEF
[2026-07-25 02:25:38] [DEBUG] PartsDefinitionModel::getColumnsByTableId() start... Input: developers
[2026-07-25 02:25:38] [DEBUG] 逆引き成功: 物理名 developers -> table_id : 14
[2026-07-25 02:25:38] [DEBUG] PartsDefinitionModel::getColumnsByTableId() finish. 件数: 9
[2026-07-25 02:25:38] [DEBUG] PartsDefinitionModel::getTableStructure() start... Project ID: PRJ-D45FEF
[2026-07-25 02:25:38] [DEBUG] Screen::updateAreaE() [iframe起動版] path: \Develop\Views\AreaE\PartsDefinition\RegistParts.view start...
[2026-07-25 02:25:38] [DEBUG] Screen::getContents() start...
[2026-07-25 02:25:38] [DEBUG] Screen::getContents() finish.
[2026-07-25 02:25:38] [DEBUG] Screen::updateAreaE() finish.
[2026-07-25 02:25:38] [DEBUG] PartsDefinitionController::editPartsAction() end.
[2026-07-25 02:25:38] [DEBUG] Screen::areaView() start...
[2026-07-25 02:25:38] [DEBUG] Screen::areaView() finish.
[2026-07-25 02:25:40] [DEBUG] --- wwProject System Start ---
[2026-07-25 02:25:40] [DEBUG] Router::Router() /jemini/wwProjectV1.53/Develop/Console/ServerBridgeAction/
[2026-07-25 02:25:40] [DEBUG] Attempting to load: \Develop\Controllers\ConsoleController::ServerBridgeAction
[2026-07-25 02:25:40] [DEBUG] Router: Executing \Develop\Controllers\ConsoleController->ServerBridgeAction
[2026-07-25 02:25:40] [DEBUG] ConsoleController::ServerBridge() start...
[2026-07-25 02:25:40] [DEBUG] ConsoleController::ServerBridge() \Develop\Controllers\PartsDefinitionController::editPartsAction()
[2026-07-25 02:25:40] [DEBUG] PartsDefinitionController::editPartsAction() start...
[2026-07-25 02:25:40] [DEBUG] PartsDefinitionModel::getAllPartsList() start... Project ID: PRJ-D45FEF
[2026-07-25 02:25:40] [DEBUG] PartsDefinitionModel::getColumnsByTableId() start... Input: developers
[2026-07-25 02:25:40] [DEBUG] 逆引き成功: 物理名 developers -> table_id : 14
[2026-07-25 02:25:40] [DEBUG] PartsDefinitionModel::getColumnsByTableId() finish. 件数: 9
[2026-07-25 02:25:40] [DEBUG] PartsDefinitionModel::getTableStructure() start... Project ID: PRJ-D45FEF
[2026-07-25 02:25:40] [DEBUG] Screen::updateAreaE() [iframe起動版] path: \Develop\Views\AreaE\PartsDefinition\RegistParts.view start...
[2026-07-25 02:25:40] [DEBUG] Screen::getContents() start...
[2026-07-25 02:25:40] [DEBUG] Screen::getContents() finish.
[2026-07-25 02:25:40] [DEBUG] Screen::updateAreaE() finish.
[2026-07-25 02:25:40] [DEBUG] PartsDefinitionController::editPartsAction() end.
[2026-07-25 02:25:40] [DEBUG] Screen::areaView() start...
[2026-07-25 02:25:40] [DEBUG] Screen::areaView() finish.
[2026-07-25 02:27:54] [DEBUG] --- wwProject System Start ---
[2026-07-25 02:27:54] [DEBUG] Router::Router() /jemini/wwProjectV1.53/Develop/Console/initial/
[2026-07-25 02:27:54] [DEBUG] Attempting to load: \Develop\Controllers\ConsoleController::initialAction
[2026-07-25 02:27:54] [DEBUG] Router: Executing \Develop\Controllers\ConsoleController->initialAction
[2026-07-25 02:27:54] [DEBUG] Console::initialAction() start...
[2026-07-25 02:27:54] [DEBUG] Screen::view() path: \Develop\Views\Console\Console.view start...
[2026-07-25 02:27:54] [DEBUG] Screen::getContents() start...
[2026-07-25 02:27:54] [DEBUG] Screen::getContents() finish.
[2026-07-25 02:27:54] [DEBUG] Screen::view() path: \Develop\Views\Console\Console.view finish.
[2026-07-25 02:27:54] [DEBUG] ConsoleController::initialAction() finish.
[2026-07-25 02:27:54] [DEBUG] --- wwProject System Start ---
[2026-07-25 02:27:54] [DEBUG] Router::Router() /jemini/wwProjectV1.53/Develop/Console/ServerBridgeAction/
[2026-07-25 02:27:54] [DEBUG] Attempting to load: \Develop\Controllers\ConsoleController::ServerBridgeAction
[2026-07-25 02:27:54] [DEBUG] Router: Executing \Develop\Controllers\ConsoleController->ServerBridgeAction
[2026-07-25 02:27:54] [DEBUG] ConsoleController::ServerBridge() start...
[2026-07-25 02:27:54] [DEBUG] ConsoleController::ServerBridge() \Develop\Controllers\ConsoleController::areaInitialAction()
[2026-07-25 02:27:54] [DEBUG] ConsoleController::AreaInitialAction() start...
[2026-07-25 02:27:54] [DEBUG] Screen::updateAreaA() path: \Develop\Views\AreaA\Area_A.view start...
[2026-07-25 02:27:54] [DEBUG] Screen::areaView() sending JSON: ["areas"]
[2026-07-25 02:27:54] [DEBUG] Screen::getContents() start...
[2026-07-25 02:27:54] [DEBUG] Screen::getContents() finish.
[2026-07-25 02:27:54] [DEBUG] Screen::updateAreaA() finish.
[2026-07-25 02:27:54] [DEBUG] Screen::updateAreaB() path: \Develop\Views\AreaB\Area_B.view start...
[2026-07-25 02:27:54] [DEBUG] Screen::getContents() start...
[2026-07-25 02:27:54] [DEBUG] Screen::getContents() finish.
[2026-07-25 02:27:54] [DEBUG] Screen::updateAreaB() finish.
[2026-07-25 02:27:54] [DEBUG] Screen::updateAreaD() path: \Develop\Views\AreaD\Area_D_clear.view start...
[2026-07-25 02:27:54] [DEBUG] Screen::getContents() start...
[2026-07-25 02:27:54] [DEBUG] Screen::getContents() finish.
[2026-07-25 02:27:54] [DEBUG] Screen::updateAreaD() finish.
[2026-07-25 02:27:54] [DEBUG] Screen::updateAreaE() [iframe起動版] path: \Develop\Views\AreaE\Area_E_clear.view start...
[2026-07-25 02:27:54] [DEBUG] Screen::getContents() start...
[2026-07-25 02:27:54] [DEBUG] Screen::getContents() finish.
[2026-07-25 02:27:54] [DEBUG] Screen::updateAreaE() finish.
[2026-07-25 02:27:54] [DEBUG] Screen::updateAreaF() path: \Develop\Views\AreaF\Area_F.view start...
[2026-07-25 02:27:54] [DEBUG] Screen::getContents() start...
[2026-07-25 02:27:54] [DEBUG] Screen::getContents() finish.
[2026-07-25 02:27:54] [DEBUG] Screen::updateAreaF() finish.
[2026-07-25 02:27:54] [DEBUG] ProjectController::startProjectNabi() start...
[2026-07-25 02:27:54] [DEBUG] ProjectController::getProjectListHtml() start...
[2026-07-25 02:27:54] [DEBUG] ProjectModel::getProjectList() start...
[2026-07-25 02:27:54] [DEBUG] ProjectModel::getProjectList() finish.
[2026-07-25 02:27:54] [DEBUG] CodeMasterModel：：getCodesByGroup() start...
[2026-07-25 02:27:54] [DEBUG] CodeMasterModel：：getCodesByGroup() finish.
[2026-07-25 02:27:54] [DEBUG] ProjectController::getNaviFooterHtml() start...
[2026-07-25 02:27:54] [DEBUG] ProjectController::getNaviFooterHtml() finish.
[2026-07-25 02:27:54] [DEBUG] ProjectController::startProjectNabi() finish.
[2026-07-25 02:27:54] [DEBUG] Screen::updateAreaC() \Develop\Views\AreaC\Area_C.view start...
[2026-07-25 02:27:54] [DEBUG] Screen::getContents() start...
[2026-07-25 02:27:54] [DEBUG] Screen::getContents() finish.
[2026-07-25 02:27:54] [DEBUG] Screen::updateAreaC() finish.
[2026-07-25 02:27:54] [DEBUG] ConsoleController::AreaInitialAction() finish.
[2026-07-25 02:27:54] [DEBUG] Screen::areaView() start...
[2026-07-25 02:27:54] [DEBUG] Screen::areaView() finish.
[2026-07-25 02:27:57] [DEBUG] --- wwProject System Start ---
[2026-07-25 02:27:57] [DEBUG] Router::Router() /jemini/wwProjectV1.53/Develop/Console/ServerBridgeAction/
[2026-07-25 02:27:57] [DEBUG] Attempting to load: \Develop\Controllers\ConsoleController::ServerBridgeAction
[2026-07-25 02:27:57] [DEBUG] Router: Executing \Develop\Controllers\ConsoleController->ServerBridgeAction
[2026-07-25 02:27:57] [DEBUG] ConsoleController::ServerBridge() start...
[2026-07-25 02:27:57] [DEBUG] ConsoleController::ServerBridge() \Develop\Controllers\PartsDefinitionController::InitialAction()
[2026-07-25 02:27:57] [DEBUG] DBDefinitionController::initialAction() start...
[2026-07-25 02:27:57] [DEBUG] PartsDefinitionController::initialAction() projectId : PRJ-D45FEF
[2026-07-25 02:27:57] [DEBUG] PartsDefinitionModel::getAllPartsList() start... Project ID: PRJ-D45FEF
[2026-07-25 02:27:57] [DEBUG] Screen::updateAreaD() path: \Develop\Views\AreaD\PartsDefinition\PartsDefinitionList.view start...
[2026-07-25 02:27:57] [DEBUG] Screen::getContents() start...
[2026-07-25 02:27:57] [DEBUG] Screen::getContents() finish.
[2026-07-25 02:27:57] [DEBUG] Screen::updateAreaD() finish.
[2026-07-25 02:27:57] [DEBUG] Screen::updateAreaE() [iframe起動版] path: \Develop\Views\AreaE\Area_E_clear.view start...
[2026-07-25 02:27:57] [DEBUG] Screen::getContents() start...
[2026-07-25 02:27:57] [DEBUG] Screen::getContents() finish.
[2026-07-25 02:27:57] [DEBUG] Screen::updateAreaE() finish.
[2026-07-25 02:27:57] [DEBUG] DBDefinitionController::initialAction() end.
[2026-07-25 02:27:57] [DEBUG] Screen::areaView() start...
[2026-07-25 02:27:57] [DEBUG] Screen::areaView() finish.
[2026-07-25 02:27:59] [DEBUG] --- wwProject System Start ---
[2026-07-25 02:27:59] [DEBUG] Router::Router() /jemini/wwProjectV1.53/Develop/Console/ServerBridgeAction/
[2026-07-25 02:27:59] [DEBUG] Attempting to load: \Develop\Controllers\ConsoleController::ServerBridgeAction
[2026-07-25 02:27:59] [DEBUG] Router: Executing \Develop\Controllers\ConsoleController->ServerBridgeAction
[2026-07-25 02:27:59] [DEBUG] ConsoleController::ServerBridge() start...
[2026-07-25 02:27:59] [DEBUG] ConsoleController::ServerBridge() \Develop\Controllers\PartsDefinitionController::editPartsAction()
[2026-07-25 02:27:59] [DEBUG] PartsDefinitionController::editPartsAction() start...
[2026-07-25 02:27:59] [DEBUG] PartsDefinitionModel::getAllPartsList() start... Project ID: PRJ-D45FEF
[2026-07-25 02:27:59] [DEBUG] PartsDefinitionModel::getColumnsByTableId() start... Input: developers
[2026-07-25 02:28:00] [DEBUG] 逆引き成功: 物理名 developers -> table_id : 14
[2026-07-25 02:28:00] [DEBUG] PartsDefinitionModel::getColumnsByTableId() finish. 件数: 9
[2026-07-25 02:28:00] [DEBUG] PartsDefinitionModel::getTableStructure() start... Project ID: PRJ-D45FEF
[2026-07-25 02:28:00] [DEBUG] Screen::updateAreaE() [iframe起動版] path: \Develop\Views\AreaE\PartsDefinition\RegistParts.view start...
[2026-07-25 02:28:00] [DEBUG] Screen::getContents() start...
[2026-07-25 02:28:00] [DEBUG] Screen::getContents() finish.
[2026-07-25 02:28:00] [DEBUG] Screen::updateAreaE() finish.
[2026-07-25 02:28:00] [DEBUG] PartsDefinitionController::editPartsAction() end.
[2026-07-25 02:28:00] [DEBUG] Screen::areaView() start...
[2026-07-25 02:28:00] [DEBUG] Screen::areaView() finish.
[2026-07-25 02:29:50] [DEBUG] --- wwProject System Start ---
[2026-07-25 02:29:50] [DEBUG] Router::Router() /jemini/wwProjectV1.53/Develop/Console/initial/
[2026-07-25 02:29:50] [DEBUG] Attempting to load: \Develop\Controllers\ConsoleController::initialAction
[2026-07-25 02:29:50] [DEBUG] Router: Executing \Develop\Controllers\ConsoleController->initialAction
[2026-07-25 02:29:50] [DEBUG] Console::initialAction() start...
[2026-07-25 02:29:50] [DEBUG] Screen::view() path: \Develop\Views\Console\Console.view start...
[2026-07-25 02:29:50] [DEBUG] Screen::getContents() start...
[2026-07-25 02:29:50] [DEBUG] Screen::getContents() finish.
[2026-07-25 02:29:50] [DEBUG] Screen::view() path: \Develop\Views\Console\Console.view finish.
[2026-07-25 02:29:50] [DEBUG] ConsoleController::initialAction() finish.
[2026-07-25 02:29:50] [DEBUG] --- wwProject System Start ---
[2026-07-25 02:29:50] [DEBUG] Router::Router() /jemini/wwProjectV1.53/Develop/Console/ServerBridgeAction/
[2026-07-25 02:29:50] [DEBUG] Attempting to load: \Develop\Controllers\ConsoleController::ServerBridgeAction
[2026-07-25 02:29:50] [DEBUG] Router: Executing \Develop\Controllers\ConsoleController->ServerBridgeAction
[2026-07-25 02:29:50] [DEBUG] ConsoleController::ServerBridge() start...
[2026-07-25 02:29:50] [DEBUG] ConsoleController::ServerBridge() \Develop\Controllers\ConsoleController::areaInitialAction()
[2026-07-25 02:29:50] [DEBUG] ConsoleController::AreaInitialAction() start...
[2026-07-25 02:29:50] [DEBUG] Screen::updateAreaA() path: \Develop\Views\AreaA\Area_A.view start...
[2026-07-25 02:29:50] [DEBUG] Screen::areaView() sending JSON: ["areas"]
[2026-07-25 02:29:50] [DEBUG] Screen::getContents() start...
[2026-07-25 02:29:50] [DEBUG] Screen::getContents() finish.
[2026-07-25 02:29:50] [DEBUG] Screen::updateAreaA() finish.
[2026-07-25 02:29:50] [DEBUG] Screen::updateAreaB() path: \Develop\Views\AreaB\Area_B.view start...
[2026-07-25 02:29:50] [DEBUG] Screen::getContents() start...
[2026-07-25 02:29:50] [DEBUG] Screen::getContents() finish.
[2026-07-25 02:29:50] [DEBUG] Screen::updateAreaB() finish.
[2026-07-25 02:29:50] [DEBUG] Screen::updateAreaD() path: \Develop\Views\AreaD\Area_D_clear.view start...
[2026-07-25 02:29:50] [DEBUG] Screen::getContents() start...
[2026-07-25 02:29:50] [DEBUG] Screen::getContents() finish.
[2026-07-25 02:29:50] [DEBUG] Screen::updateAreaD() finish.
[2026-07-25 02:29:50] [DEBUG] Screen::updateAreaE() [iframe起動版] path: \Develop\Views\AreaE\Area_E_clear.view start...
[2026-07-25 02:29:50] [DEBUG] Screen::getContents() start...
[2026-07-25 02:29:50] [DEBUG] Screen::getContents() finish.
[2026-07-25 02:29:50] [DEBUG] Screen::updateAreaE() finish.
[2026-07-25 02:29:50] [DEBUG] Screen::updateAreaF() path: \Develop\Views\AreaF\Area_F.view start...
[2026-07-25 02:29:50] [DEBUG] Screen::getContents() start...
[2026-07-25 02:29:50] [DEBUG] Screen::getContents() finish.
[2026-07-25 02:29:50] [DEBUG] Screen::updateAreaF() finish.
[2026-07-25 02:29:50] [DEBUG] ProjectController::startProjectNabi() start...
[2026-07-25 02:29:50] [DEBUG] ProjectController::getProjectListHtml() start...
[2026-07-25 02:29:50] [DEBUG] ProjectModel::getProjectList() start...
[2026-07-25 02:29:50] [DEBUG] ProjectModel::getProjectList() finish.
[2026-07-25 02:29:50] [DEBUG] CodeMasterModel：：getCodesByGroup() start...
[2026-07-25 02:29:50] [DEBUG] CodeMasterModel：：getCodesByGroup() finish.
[2026-07-25 02:29:50] [DEBUG] ProjectController::getNaviFooterHtml() start...
[2026-07-25 02:29:50] [DEBUG] ProjectController::getNaviFooterHtml() finish.
[2026-07-25 02:29:50] [DEBUG] ProjectController::startProjectNabi() finish.
[2026-07-25 02:29:50] [DEBUG] Screen::updateAreaC() \Develop\Views\AreaC\Area_C.view start...
[2026-07-25 02:29:50] [DEBUG] Screen::getContents() start...
[2026-07-25 02:29:50] [DEBUG] Screen::getContents() finish.
[2026-07-25 02:29:50] [DEBUG] Screen::updateAreaC() finish.
[2026-07-25 02:29:50] [DEBUG] ConsoleController::AreaInitialAction() finish.
[2026-07-25 02:29:50] [DEBUG] Screen::areaView() start...
[2026-07-25 02:29:50] [DEBUG] Screen::areaView() finish.
[2026-07-25 02:29:53] [DEBUG] --- wwProject System Start ---
[2026-07-25 02:29:53] [DEBUG] Router::Router() /jemini/wwProjectV1.53/Develop/Console/ServerBridgeAction/
[2026-07-25 02:29:53] [DEBUG] Attempting to load: \Develop\Controllers\ConsoleController::ServerBridgeAction
[2026-07-25 02:29:53] [DEBUG] Router: Executing \Develop\Controllers\ConsoleController->ServerBridgeAction
[2026-07-25 02:29:53] [DEBUG] ConsoleController::ServerBridge() start...
[2026-07-25 02:29:53] [DEBUG] ConsoleController::ServerBridge() \Develop\Controllers\PartsDefinitionController::InitialAction()
[2026-07-25 02:29:53] [DEBUG] DBDefinitionController::initialAction() start...
[2026-07-25 02:29:53] [DEBUG] PartsDefinitionController::initialAction() projectId : PRJ-D45FEF
[2026-07-25 02:29:53] [DEBUG] PartsDefinitionModel::getAllPartsList() start... Project ID: PRJ-D45FEF
[2026-07-25 02:29:53] [DEBUG] Screen::updateAreaD() path: \Develop\Views\AreaD\PartsDefinition\PartsDefinitionList.view start...
[2026-07-25 02:29:53] [DEBUG] Screen::getContents() start...
[2026-07-25 02:29:53] [DEBUG] Screen::getContents() finish.
[2026-07-25 02:29:53] [DEBUG] Screen::updateAreaD() finish.
[2026-07-25 02:29:53] [DEBUG] Screen::updateAreaE() [iframe起動版] path: \Develop\Views\AreaE\Area_E_clear.view start...
[2026-07-25 02:29:53] [DEBUG] Screen::getContents() start...
[2026-07-25 02:29:53] [DEBUG] Screen::getContents() finish.
[2026-07-25 02:29:53] [DEBUG] Screen::updateAreaE() finish.
[2026-07-25 02:29:53] [DEBUG] DBDefinitionController::initialAction() end.
[2026-07-25 02:29:53] [DEBUG] Screen::areaView() start...
[2026-07-25 02:29:53] [DEBUG] Screen::areaView() finish.
[2026-07-25 02:29:55] [DEBUG] --- wwProject System Start ---
[2026-07-25 02:29:55] [DEBUG] Router::Router() /jemini/wwProjectV1.53/Develop/Console/ServerBridgeAction/
[2026-07-25 02:29:55] [DEBUG] Attempting to load: \Develop\Controllers\ConsoleController::ServerBridgeAction
[2026-07-25 02:29:55] [DEBUG] Router: Executing \Develop\Controllers\ConsoleController->ServerBridgeAction
[2026-07-25 02:29:55] [DEBUG] ConsoleController::ServerBridge() start...
[2026-07-25 02:29:55] [DEBUG] ConsoleController::ServerBridge() \Develop\Controllers\PartsDefinitionController::editPartsAction()
[2026-07-25 02:29:55] [DEBUG] PartsDefinitionController::editPartsAction() start...
[2026-07-25 02:29:55] [DEBUG] PartsDefinitionModel::getAllPartsList() start... Project ID: PRJ-D45FEF
[2026-07-25 02:29:55] [DEBUG] PartsDefinitionModel::getColumnsByTableId() start... Input: developers
[2026-07-25 02:29:55] [DEBUG] 逆引き成功: 物理名 developers -> table_id : 14
[2026-07-25 02:29:55] [DEBUG] PartsDefinitionModel::getColumnsByTableId() finish. 件数: 9
[2026-07-25 02:29:55] [DEBUG] PartsDefinitionModel::getTableStructure() start... Project ID: PRJ-D45FEF
[2026-07-25 02:29:55] [DEBUG] Screen::updateAreaE() [iframe起動版] path: \Develop\Views\AreaE\PartsDefinition\RegistParts.view start...
[2026-07-25 02:29:55] [DEBUG] Screen::getContents() start...
[2026-07-25 02:29:56] [DEBUG] Screen::getContents() finish.
[2026-07-25 02:29:56] [DEBUG] Screen::updateAreaE() finish.
[2026-07-25 02:29:56] [DEBUG] PartsDefinitionController::editPartsAction() end.
[2026-07-25 02:29:56] [DEBUG] Screen::areaView() start...
[2026-07-25 02:29:56] [DEBUG] Screen::areaView() finish.
[2026-07-25 02:31:13] [DEBUG] --- wwProject System Start ---
[2026-07-25 02:31:13] [DEBUG] Router::Router() /jemini/wwProjectV1.53/Develop/Console/initial/
[2026-07-25 02:31:13] [DEBUG] Attempting to load: \Develop\Controllers\ConsoleController::initialAction
[2026-07-25 02:31:13] [DEBUG] Router: Executing \Develop\Controllers\ConsoleController->initialAction
[2026-07-25 02:31:13] [DEBUG] Console::initialAction() start...
[2026-07-25 02:31:13] [DEBUG] Screen::view() path: \Develop\Views\Console\Console.view start...
[2026-07-25 02:31:13] [DEBUG] Screen::getContents() start...
[2026-07-25 02:31:13] [DEBUG] Screen::getContents() finish.
[2026-07-25 02:31:13] [DEBUG] Screen::view() path: \Develop\Views\Console\Console.view finish.
[2026-07-25 02:31:13] [DEBUG] ConsoleController::initialAction() finish.
[2026-07-25 02:31:13] [DEBUG] --- wwProject System Start ---
[2026-07-25 02:31:13] [DEBUG] Router::Router() /jemini/wwProjectV1.53/Develop/Console/ServerBridgeAction/
[2026-07-25 02:31:13] [DEBUG] Attempting to load: \Develop\Controllers\ConsoleController::ServerBridgeAction
[2026-07-25 02:31:13] [DEBUG] Router: Executing \Develop\Controllers\ConsoleController->ServerBridgeAction
[2026-07-25 02:31:13] [DEBUG] ConsoleController::ServerBridge() start...
[2026-07-25 02:31:14] [DEBUG] ConsoleController::ServerBridge() \Develop\Controllers\ConsoleController::areaInitialAction()
[2026-07-25 02:31:14] [DEBUG] ConsoleController::AreaInitialAction() start...
[2026-07-25 02:31:14] [DEBUG] Screen::updateAreaA() path: \Develop\Views\AreaA\Area_A.view start...
[2026-07-25 02:31:14] [DEBUG] Screen::areaView() sending JSON: ["areas"]
[2026-07-25 02:31:14] [DEBUG] Screen::getContents() start...
[2026-07-25 02:31:14] [DEBUG] Screen::getContents() finish.
[2026-07-25 02:31:14] [DEBUG] Screen::updateAreaA() finish.
[2026-07-25 02:31:14] [DEBUG] Screen::updateAreaB() path: \Develop\Views\AreaB\Area_B.view start...
[2026-07-25 02:31:14] [DEBUG] Screen::getContents() start...
[2026-07-25 02:31:14] [DEBUG] Screen::getContents() finish.
[2026-07-25 02:31:14] [DEBUG] Screen::updateAreaB() finish.
[2026-07-25 02:31:14] [DEBUG] Screen::updateAreaD() path: \Develop\Views\AreaD\Area_D_clear.view start...
[2026-07-25 02:31:14] [DEBUG] Screen::getContents() start...
[2026-07-25 02:31:14] [DEBUG] Screen::getContents() finish.
[2026-07-25 02:31:14] [DEBUG] Screen::updateAreaD() finish.
[2026-07-25 02:31:14] [DEBUG] Screen::updateAreaE() [iframe起動版] path: \Develop\Views\AreaE\Area_E_clear.view start...
[2026-07-25 02:31:14] [DEBUG] Screen::getContents() start...
[2026-07-25 02:31:14] [DEBUG] Screen::getContents() finish.
[2026-07-25 02:31:14] [DEBUG] Screen::updateAreaE() finish.
[2026-07-25 02:31:14] [DEBUG] Screen::updateAreaF() path: \Develop\Views\AreaF\Area_F.view start...
[2026-07-25 02:31:14] [DEBUG] Screen::getContents() start...
[2026-07-25 02:31:14] [DEBUG] Screen::getContents() finish.
[2026-07-25 02:31:14] [DEBUG] Screen::updateAreaF() finish.
[2026-07-25 02:31:14] [DEBUG] ProjectController::startProjectNabi() start...
[2026-07-25 02:31:14] [DEBUG] ProjectController::getProjectListHtml() start...
[2026-07-25 02:31:14] [DEBUG] ProjectModel::getProjectList() start...
[2026-07-25 02:31:14] [DEBUG] ProjectModel::getProjectList() finish.
[2026-07-25 02:31:14] [DEBUG] CodeMasterModel：：getCodesByGroup() start...
[2026-07-25 02:31:14] [DEBUG] CodeMasterModel：：getCodesByGroup() finish.
[2026-07-25 02:31:14] [DEBUG] ProjectController::getNaviFooterHtml() start...
[2026-07-25 02:31:14] [DEBUG] ProjectController::getNaviFooterHtml() finish.
[2026-07-25 02:31:14] [DEBUG] ProjectController::startProjectNabi() finish.
[2026-07-25 02:31:14] [DEBUG] Screen::updateAreaC() \Develop\Views\AreaC\Area_C.view start...
[2026-07-25 02:31:14] [DEBUG] Screen::getContents() start...
[2026-07-25 02:31:14] [DEBUG] Screen::getContents() finish.
[2026-07-25 02:31:14] [DEBUG] Screen::updateAreaC() finish.
[2026-07-25 02:31:14] [DEBUG] ConsoleController::AreaInitialAction() finish.
[2026-07-25 02:31:14] [DEBUG] Screen::areaView() start...
[2026-07-25 02:31:14] [DEBUG] Screen::areaView() finish.
[2026-07-25 02:31:15] [DEBUG] --- wwProject System Start ---
[2026-07-25 02:31:15] [DEBUG] Router::Router() /jemini/wwProjectV1.53/Develop/Console/ServerBridgeAction/
[2026-07-25 02:31:15] [DEBUG] Attempting to load: \Develop\Controllers\ConsoleController::ServerBridgeAction
[2026-07-25 02:31:15] [DEBUG] Router: Executing \Develop\Controllers\ConsoleController->ServerBridgeAction
[2026-07-25 02:31:15] [DEBUG] ConsoleController::ServerBridge() start...
[2026-07-25 02:31:15] [DEBUG] ConsoleController::ServerBridge() \Develop\Controllers\PartsDefinitionController::InitialAction()
[2026-07-25 02:31:15] [DEBUG] DBDefinitionController::initialAction() start...
[2026-07-25 02:31:15] [DEBUG] PartsDefinitionController::initialAction() projectId : PRJ-D45FEF
[2026-07-25 02:31:15] [DEBUG] PartsDefinitionModel::getAllPartsList() start... Project ID: PRJ-D45FEF
[2026-07-25 02:31:15] [DEBUG] Screen::updateAreaD() path: \Develop\Views\AreaD\PartsDefinition\PartsDefinitionList.view start...
[2026-07-25 02:31:15] [DEBUG] Screen::getContents() start...
[2026-07-25 02:31:15] [DEBUG] Screen::getContents() finish.
[2026-07-25 02:31:15] [DEBUG] Screen::updateAreaD() finish.
[2026-07-25 02:31:15] [DEBUG] Screen::updateAreaE() [iframe起動版] path: \Develop\Views\AreaE\Area_E_clear.view start...
[2026-07-25 02:31:15] [DEBUG] Screen::getContents() start...
[2026-07-25 02:31:15] [DEBUG] Screen::getContents() finish.
[2026-07-25 02:31:15] [DEBUG] Screen::updateAreaE() finish.
[2026-07-25 02:31:15] [DEBUG] DBDefinitionController::initialAction() end.
[2026-07-25 02:31:15] [DEBUG] Screen::areaView() start...
[2026-07-25 02:31:15] [DEBUG] Screen::areaView() finish.
[2026-07-25 02:31:18] [DEBUG] --- wwProject System Start ---
[2026-07-25 02:31:18] [DEBUG] Router::Router() /jemini/wwProjectV1.53/Develop/Console/ServerBridgeAction/
[2026-07-25 02:31:18] [DEBUG] Attempting to load: \Develop\Controllers\ConsoleController::ServerBridgeAction
[2026-07-25 02:31:18] [DEBUG] Router: Executing \Develop\Controllers\ConsoleController->ServerBridgeAction
[2026-07-25 02:31:18] [DEBUG] ConsoleController::ServerBridge() start...
[2026-07-25 02:31:18] [DEBUG] ConsoleController::ServerBridge() \Develop\Controllers\PartsDefinitionController::editPartsAction()
[2026-07-25 02:31:18] [DEBUG] PartsDefinitionController::editPartsAction() start...
[2026-07-25 02:31:18] [DEBUG] PartsDefinitionModel::getAllPartsList() start... Project ID: PRJ-D45FEF
[2026-07-25 02:31:18] [DEBUG] PartsDefinitionModel::getColumnsByTableId() start... Input: developers
[2026-07-25 02:31:18] [DEBUG] 逆引き成功: 物理名 developers -> table_id : 14
[2026-07-25 02:31:18] [DEBUG] PartsDefinitionModel::getColumnsByTableId() finish. 件数: 9
[2026-07-25 02:31:18] [DEBUG] PartsDefinitionModel::getTableStructure() start... Project ID: PRJ-D45FEF
[2026-07-25 02:31:18] [DEBUG] Screen::updateAreaE() [iframe起動版] path: \Develop\Views\AreaE\PartsDefinition\RegistParts.view start...
[2026-07-25 02:31:18] [DEBUG] Screen::getContents() start...
[2026-07-25 02:31:18] [DEBUG] Screen::getContents() finish.
[2026-07-25 02:31:18] [DEBUG] Screen::updateAreaE() finish.
[2026-07-25 02:31:18] [DEBUG] PartsDefinitionController::editPartsAction() end.
[2026-07-25 02:31:18] [DEBUG] Screen::areaView() start...
[2026-07-25 02:31:18] [DEBUG] Screen::areaView() finish.
[2026-07-25 02:32:15] [DEBUG] --- wwProject System Start ---
[2026-07-25 02:32:16] [DEBUG] Router::Router() /jemini/wwProjectV1.53/Develop/Console/ServerBridgeAction/
[2026-07-25 02:32:16] [DEBUG] Attempting to load: \Develop\Controllers\ConsoleController::ServerBridgeAction
[2026-07-25 02:32:16] [DEBUG] Router: Executing \Develop\Controllers\ConsoleController->ServerBridgeAction
[2026-07-25 02:32:16] [DEBUG] ConsoleController::ServerBridge() start...
[2026-07-25 02:32:16] [DEBUG] ConsoleController::ServerBridge() \Develop\Controllers\PartsDefinitionController::editPartsAction()
[2026-07-25 02:32:16] [DEBUG] PartsDefinitionController::editPartsAction() start...
[2026-07-25 02:32:16] [DEBUG] PartsDefinitionModel::getAllPartsList() start... Project ID: PRJ-D45FEF
[2026-07-25 02:32:16] [DEBUG] PartsDefinitionModel::getColumnsByTableId() start... Input: developers
[2026-07-25 02:32:16] [DEBUG] 逆引き成功: 物理名 developers -> table_id : 14
[2026-07-25 02:32:16] [DEBUG] PartsDefinitionModel::getColumnsByTableId() finish. 件数: 9
[2026-07-25 02:32:16] [DEBUG] PartsDefinitionModel::getTableStructure() start... Project ID: PRJ-D45FEF
[2026-07-25 02:32:16] [DEBUG] Screen::updateAreaE() [iframe起動版] path: \Develop\Views\AreaE\PartsDefinition\RegistParts.view start...
[2026-07-25 02:32:16] [DEBUG] Screen::getContents() start...
[2026-07-25 02:32:16] [DEBUG] Screen::getContents() finish.
[2026-07-25 02:32:16] [DEBUG] Screen::updateAreaE() finish.
[2026-07-25 02:32:16] [DEBUG] PartsDefinitionController::editPartsAction() end.
[2026-07-25 02:32:16] [DEBUG] Screen::areaView() start...
[2026-07-25 02:32:16] [DEBUG] Screen::areaView() finish.
[2026-07-25 02:32:17] [DEBUG] --- wwProject System Start ---
[2026-07-25 02:32:17] [DEBUG] Router::Router() /jemini/wwProjectV1.53/Develop/Console/ServerBridgeAction/
[2026-07-25 02:32:17] [DEBUG] Attempting to load: \Develop\Controllers\ConsoleController::ServerBridgeAction
[2026-07-25 02:32:17] [DEBUG] Router: Executing \Develop\Controllers\ConsoleController->ServerBridgeAction
[2026-07-25 02:32:17] [DEBUG] ConsoleController::ServerBridge() start...
[2026-07-25 02:32:17] [DEBUG] ConsoleController::ServerBridge() \Develop\Controllers\PartsDefinitionController::editPartsAction()
[2026-07-25 02:32:17] [DEBUG] PartsDefinitionController::editPartsAction() start...
[2026-07-25 02:32:17] [DEBUG] PartsDefinitionModel::getAllPartsList() start... Project ID: PRJ-D45FEF
[2026-07-25 02:32:17] [DEBUG] PartsDefinitionModel::getColumnsByTableId() start... Input: developers
[2026-07-25 02:32:17] [DEBUG] 逆引き成功: 物理名 developers -> table_id : 14
[2026-07-25 02:32:17] [DEBUG] PartsDefinitionModel::getColumnsByTableId() finish. 件数: 9
[2026-07-25 02:32:17] [DEBUG] PartsDefinitionModel::getTableStructure() start... Project ID: PRJ-D45FEF
[2026-07-25 02:32:17] [DEBUG] Screen::updateAreaE() [iframe起動版] path: \Develop\Views\AreaE\PartsDefinition\RegistParts.view start...
[2026-07-25 02:32:17] [DEBUG] Screen::getContents() start...
[2026-07-25 02:32:17] [DEBUG] Screen::getContents() finish.
[2026-07-25 02:32:17] [DEBUG] Screen::updateAreaE() finish.
[2026-07-25 02:32:17] [DEBUG] PartsDefinitionController::editPartsAction() end.
[2026-07-25 02:32:17] [DEBUG] Screen::areaView() start...
[2026-07-25 02:32:17] [DEBUG] Screen::areaView() finish.
[2026-07-25 02:32:32] [DEBUG] --- wwProject System Start ---
[2026-07-25 02:32:32] [DEBUG] Router::Router() /jemini/wwProjectV1.53/Develop/Console/ServerBridgeAction/
[2026-07-25 02:32:32] [DEBUG] Attempting to load: \Develop\Controllers\ConsoleController::ServerBridgeAction
[2026-07-25 02:32:32] [DEBUG] Router: Executing \Develop\Controllers\ConsoleController->ServerBridgeAction
[2026-07-25 02:32:32] [DEBUG] ConsoleController::ServerBridge() start...
[2026-07-25 02:32:32] [DEBUG] ConsoleController::ServerBridge() \Develop\Controllers\PartsDefinitionController::editPartsAction()
[2026-07-25 02:32:32] [DEBUG] PartsDefinitionController::editPartsAction() start...
[2026-07-25 02:32:32] [DEBUG] PartsDefinitionModel::getAllPartsList() start... Project ID: PRJ-D45FEF
[2026-07-25 02:32:32] [DEBUG] PartsDefinitionModel::getColumnsByTableId() start... Input: newDevelopers
[2026-07-25 02:32:32] [DEBUG] 逆引き成功: 物理名 newDevelopers -> table_id : 12
[2026-07-25 02:32:32] [DEBUG] PartsDefinitionModel::getColumnsByTableId() finish. 件数: 9
[2026-07-25 02:32:32] [DEBUG] PartsDefinitionModel::getTableStructure() start... Project ID: PRJ-D45FEF
[2026-07-25 02:32:32] [DEBUG] Screen::updateAreaE() [iframe起動版] path: \Develop\Views\AreaE\PartsDefinition\RegistParts.view start...
[2026-07-25 02:32:32] [DEBUG] Screen::getContents() start...
[2026-07-25 02:32:32] [DEBUG] Screen::getContents() finish.
[2026-07-25 02:32:32] [DEBUG] Screen::updateAreaE() finish.
[2026-07-25 02:32:32] [DEBUG] PartsDefinitionController::editPartsAction() end.
[2026-07-25 02:32:32] [DEBUG] Screen::areaView() start...
[2026-07-25 02:32:32] [DEBUG] Screen::areaView() finish.
[2026-07-25 02:32:42] [DEBUG] --- wwProject System Start ---
[2026-07-25 02:32:42] [DEBUG] Router::Router() /jemini/wwProjectV1.53/Develop/Console/ServerBridgeAction/
[2026-07-25 02:32:42] [DEBUG] Attempting to load: \Develop\Controllers\ConsoleController::ServerBridgeAction
[2026-07-25 02:32:42] [DEBUG] Router: Executing \Develop\Controllers\ConsoleController->ServerBridgeAction
[2026-07-25 02:32:42] [DEBUG] ConsoleController::ServerBridge() start...
[2026-07-25 02:32:42] [DEBUG] ConsoleController::ServerBridge() \Develop\Controllers\PartsDefinitionController::editPartsAction()
[2026-07-25 02:32:42] [DEBUG] PartsDefinitionController::editPartsAction() start...
[2026-07-25 02:32:42] [DEBUG] PartsDefinitionModel::getAllPartsList() start... Project ID: PRJ-D45FEF
[2026-07-25 02:32:42] [DEBUG] PartsDefinitionModel::getColumnsByTableId() start... Input: newDevelopers
[2026-07-25 02:32:42] [DEBUG] 逆引き成功: 物理名 newDevelopers -> table_id : 12
[2026-07-25 02:32:42] [DEBUG] PartsDefinitionModel::getColumnsByTableId() finish. 件数: 9
[2026-07-25 02:32:42] [DEBUG] PartsDefinitionModel::getTableStructure() start... Project ID: PRJ-D45FEF
[2026-07-25 02:32:42] [DEBUG] Screen::updateAreaE() [iframe起動版] path: \Develop\Views\AreaE\PartsDefinition\RegistParts.view start...
[2026-07-25 02:32:42] [DEBUG] Screen::getContents() start...
[2026-07-25 02:32:42] [DEBUG] Screen::getContents() finish.
[2026-07-25 02:32:42] [DEBUG] Screen::updateAreaE() finish.
[2026-07-25 02:32:42] [DEBUG] PartsDefinitionController::editPartsAction() end.
[2026-07-25 02:32:42] [DEBUG] Screen::areaView() start...
[2026-07-25 02:32:42] [DEBUG] Screen::areaView() finish.
[2026-07-25 02:32:44] [DEBUG] --- wwProject System Start ---
[2026-07-25 02:32:44] [DEBUG] Router::Router() /jemini/wwProjectV1.53/Develop/Console/ServerBridgeAction/
[2026-07-25 02:32:44] [DEBUG] Attempting to load: \Develop\Controllers\ConsoleController::ServerBridgeAction
[2026-07-25 02:32:44] [DEBUG] Router: Executing \Develop\Controllers\ConsoleController->ServerBridgeAction
[2026-07-25 02:32:44] [DEBUG] ConsoleController::ServerBridge() start...
[2026-07-25 02:32:44] [DEBUG] ConsoleController::ServerBridge() \Develop\Controllers\PartsDefinitionController::editPartsAction()
[2026-07-25 02:32:44] [DEBUG] PartsDefinitionController::editPartsAction() start...
[2026-07-25 02:32:44] [DEBUG] PartsDefinitionModel::getAllPartsList() start... Project ID: PRJ-D45FEF
[2026-07-25 02:32:44] [DEBUG] PartsDefinitionModel::getTableStructure() start... Project ID: PRJ-D45FEF
[2026-07-25 02:32:44] [DEBUG] Screen::updateAreaE() [iframe起動版] path: \Develop\Views\AreaE\PartsDefinition\RegistParts.view start...
[2026-07-25 02:32:44] [DEBUG] Screen::getContents() start...
[2026-07-25 02:32:44] [DEBUG] Screen::getContents() finish.
[2026-07-25 02:32:44] [DEBUG] Screen::updateAreaE() finish.
[2026-07-25 02:32:44] [DEBUG] PartsDefinitionController::editPartsAction() end.
[2026-07-25 02:32:44] [DEBUG] Screen::areaView() start...
[2026-07-25 02:32:44] [DEBUG] Screen::areaView() finish.
[2026-07-25 02:32:46] [DEBUG] --- wwProject System Start ---
[2026-07-25 02:32:46] [DEBUG] Router::Router() /jemini/wwProjectV1.53/Develop/Console/ServerBridgeAction/
[2026-07-25 02:32:46] [DEBUG] Attempting to load: \Develop\Controllers\ConsoleController::ServerBridgeAction
[2026-07-25 02:32:46] [DEBUG] Router: Executing \Develop\Controllers\ConsoleController->ServerBridgeAction
[2026-07-25 02:32:46] [DEBUG] ConsoleController::ServerBridge() start...
[2026-07-25 02:32:46] [DEBUG] ConsoleController::ServerBridge() \Develop\Controllers\PartsDefinitionController::editPartsAction()
[2026-07-25 02:32:46] [DEBUG] PartsDefinitionController::editPartsAction() start...
[2026-07-25 02:32:46] [DEBUG] PartsDefinitionModel::getAllPartsList() start... Project ID: PRJ-D45FEF
[2026-07-25 02:32:46] [DEBUG] PartsDefinitionModel::getTableStructure() start... Project ID: PRJ-D45FEF
[2026-07-25 02:32:46] [DEBUG] Screen::updateAreaE() [iframe起動版] path: \Develop\Views\AreaE\PartsDefinition\RegistParts.view start...
[2026-07-25 02:32:46] [DEBUG] Screen::getContents() start...
[2026-07-25 02:32:46] [DEBUG] Screen::getContents() finish.
[2026-07-25 02:32:46] [DEBUG] Screen::updateAreaE() finish.
[2026-07-25 02:32:46] [DEBUG] PartsDefinitionController::editPartsAction() end.
[2026-07-25 02:32:46] [DEBUG] Screen::areaView() start...
[2026-07-25 02:32:46] [DEBUG] Screen::areaView() finish.
[2026-07-25 02:32:47] [DEBUG] --- wwProject System Start ---
[2026-07-25 02:32:47] [DEBUG] Router::Router() /jemini/wwProjectV1.53/Develop/Console/ServerBridgeAction/
[2026-07-25 02:32:47] [DEBUG] Attempting to load: \Develop\Controllers\ConsoleController::ServerBridgeAction
[2026-07-25 02:32:47] [DEBUG] Router: Executing \Develop\Controllers\ConsoleController->ServerBridgeAction
[2026-07-25 02:32:47] [DEBUG] ConsoleController::ServerBridge() start...
[2026-07-25 02:32:47] [DEBUG] ConsoleController::ServerBridge() \Develop\Controllers\PartsDefinitionController::editPartsAction()
[2026-07-25 02:32:47] [DEBUG] PartsDefinitionController::editPartsAction() start...
[2026-07-25 02:32:47] [DEBUG] PartsDefinitionModel::getAllPartsList() start... Project ID: PRJ-D45FEF
[2026-07-25 02:32:47] [DEBUG] PartsDefinitionModel::getTableStructure() start... Project ID: PRJ-D45FEF
[2026-07-25 02:32:47] [DEBUG] Screen::updateAreaE() [iframe起動版] path: \Develop\Views\AreaE\PartsDefinition\RegistParts.view start...
[2026-07-25 02:32:47] [DEBUG] Screen::getContents() start...
[2026-07-25 02:32:47] [DEBUG] Screen::getContents() finish.
[2026-07-25 02:32:47] [DEBUG] Screen::updateAreaE() finish.
[2026-07-25 02:32:47] [DEBUG] PartsDefinitionController::editPartsAction() end.
[2026-07-25 02:32:47] [DEBUG] Screen::areaView() start...
[2026-07-25 02:32:47] [DEBUG] Screen::areaView() finish.
[2026-07-25 02:32:49] [DEBUG] --- wwProject System Start ---
[2026-07-25 02:32:49] [DEBUG] Router::Router() /jemini/wwProjectV1.53/Develop/Console/ServerBridgeAction/
[2026-07-25 02:32:49] [DEBUG] Attempting to load: \Develop\Controllers\ConsoleController::ServerBridgeAction
[2026-07-25 02:32:49] [DEBUG] Router: Executing \Develop\Controllers\ConsoleController->ServerBridgeAction
[2026-07-25 02:32:49] [DEBUG] ConsoleController::ServerBridge() start...
[2026-07-25 02:32:49] [DEBUG] ConsoleController::ServerBridge() \Develop\Controllers\PartsDefinitionController::editPartsAction()
[2026-07-25 02:32:49] [DEBUG] PartsDefinitionController::editPartsAction() start...
[2026-07-25 02:32:49] [DEBUG] PartsDefinitionModel::getAllPartsList() start... Project ID: PRJ-D45FEF
[2026-07-25 02:32:49] [DEBUG] PartsDefinitionModel::getColumnsByTableId() start... Input: newDevelopers
[2026-07-25 02:32:49] [DEBUG] 逆引き成功: 物理名 newDevelopers -> table_id : 12
[2026-07-25 02:32:49] [DEBUG] PartsDefinitionModel::getColumnsByTableId() finish. 件数: 9
[2026-07-25 02:32:49] [DEBUG] PartsDefinitionModel::getTableStructure() start... Project ID: PRJ-D45FEF
[2026-07-25 02:32:49] [DEBUG] Screen::updateAreaE() [iframe起動版] path: \Develop\Views\AreaE\PartsDefinition\RegistParts.view start...
[2026-07-25 02:32:49] [DEBUG] Screen::getContents() start...
[2026-07-25 02:32:49] [DEBUG] Screen::getContents() finish.
[2026-07-25 02:32:49] [DEBUG] Screen::updateAreaE() finish.
[2026-07-25 02:32:49] [DEBUG] PartsDefinitionController::editPartsAction() end.
[2026-07-25 02:32:49] [DEBUG] Screen::areaView() start...
[2026-07-25 02:32:49] [DEBUG] Screen::areaView() finish.
[2026-07-25 02:32:55] [DEBUG] --- wwProject System Start ---
[2026-07-25 02:32:56] [DEBUG] Router::Router() /jemini/wwProjectV1.53/Develop/Console/ServerBridgeAction/
[2026-07-25 02:32:56] [DEBUG] Attempting to load: \Develop\Controllers\ConsoleController::ServerBridgeAction
[2026-07-25 02:32:56] [DEBUG] Router: Executing \Develop\Controllers\ConsoleController->ServerBridgeAction
[2026-07-25 02:32:56] [DEBUG] ConsoleController::ServerBridge() start...
[2026-07-25 02:32:56] [DEBUG] ConsoleController::ServerBridge() \Develop\Controllers\PartsDefinitionController::editPartsAction()
[2026-07-25 02:32:56] [DEBUG] PartsDefinitionController::editPartsAction() start...
[2026-07-25 02:32:56] [DEBUG] PartsDefinitionModel::getAllPartsList() start... Project ID: PRJ-D45FEF
[2026-07-25 02:32:56] [DEBUG] PartsDefinitionModel::getColumnsByTableId() start... Input: applicantmaster
[2026-07-25 02:32:56] [DEBUG] 逆引き成功: 物理名 applicantmaster -> table_id : 13
[2026-07-25 02:32:56] [DEBUG] PartsDefinitionModel::getColumnsByTableId() finish. 件数: 19
[2026-07-25 02:32:56] [DEBUG] PartsDefinitionModel::getTableStructure() start... Project ID: PRJ-D45FEF
[2026-07-25 02:32:56] [DEBUG] Screen::updateAreaE() [iframe起動版] path: \Develop\Views\AreaE\PartsDefinition\RegistParts.view start...
[2026-07-25 02:32:56] [DEBUG] Screen::getContents() start...
[2026-07-25 02:32:56] [DEBUG] Screen::getContents() finish.
[2026-07-25 02:32:56] [DEBUG] Screen::updateAreaE() finish.
[2026-07-25 02:32:56] [DEBUG] PartsDefinitionController::editPartsAction() end.
[2026-07-25 02:32:56] [DEBUG] Screen::areaView() start...
[2026-07-25 02:32:56] [DEBUG] Screen::areaView() finish.
[2026-07-25 02:33:05] [DEBUG] --- wwProject System Start ---
[2026-07-25 02:33:05] [DEBUG] Router::Router() /jemini/wwProjectV1.53/Develop/Console/ServerBridgeAction/
[2026-07-25 02:33:05] [DEBUG] Attempting to load: \Develop\Controllers\ConsoleController::ServerBridgeAction
[2026-07-25 02:33:05] [DEBUG] Router: Executing \Develop\Controllers\ConsoleController->ServerBridgeAction
[2026-07-25 02:33:05] [DEBUG] ConsoleController::ServerBridge() start...
[2026-07-25 02:33:05] [DEBUG] ConsoleController::ServerBridge() \Develop\Controllers\PartsDefinitionController::editPartsAction()
[2026-07-25 02:33:05] [DEBUG] PartsDefinitionController::editPartsAction() start...
[2026-07-25 02:33:05] [DEBUG] PartsDefinitionModel::getAllPartsList() start... Project ID: PRJ-D45FEF
[2026-07-25 02:33:05] [DEBUG] PartsDefinitionModel::getTableStructure() start... Project ID: PRJ-D45FEF
[2026-07-25 02:33:05] [DEBUG] Screen::updateAreaE() [iframe起動版] path: \Develop\Views\AreaE\PartsDefinition\RegistParts.view start...
[2026-07-25 02:33:05] [DEBUG] Screen::getContents() start...
[2026-07-25 02:33:05] [DEBUG] Screen::getContents() finish.
[2026-07-25 02:33:05] [DEBUG] Screen::updateAreaE() finish.
[2026-07-25 02:33:05] [DEBUG] PartsDefinitionController::editPartsAction() end.
[2026-07-25 02:33:05] [DEBUG] Screen::areaView() start...
[2026-07-25 02:33:05] [DEBUG] Screen::areaView() finish.
[2026-07-25 02:33:06] [DEBUG] --- wwProject System Start ---
[2026-07-25 02:33:06] [DEBUG] Router::Router() /jemini/wwProjectV1.53/Develop/Console/ServerBridgeAction/
[2026-07-25 02:33:06] [DEBUG] Attempting to load: \Develop\Controllers\ConsoleController::ServerBridgeAction
[2026-07-25 02:33:06] [DEBUG] Router: Executing \Develop\Controllers\ConsoleController->ServerBridgeAction
[2026-07-25 02:33:06] [DEBUG] ConsoleController::ServerBridge() start...
[2026-07-25 02:33:06] [DEBUG] ConsoleController::ServerBridge() \Develop\Controllers\PartsDefinitionController::editPartsAction()
[2026-07-25 02:33:06] [DEBUG] PartsDefinitionController::editPartsAction() start...
[2026-07-25 02:33:06] [DEBUG] PartsDefinitionModel::getAllPartsList() start... Project ID: PRJ-D45FEF
[2026-07-25 02:33:06] [DEBUG] PartsDefinitionModel::getTableStructure() start... Project ID: PRJ-D45FEF
[2026-07-25 02:33:06] [DEBUG] Screen::updateAreaE() [iframe起動版] path: \Develop\Views\AreaE\PartsDefinition\RegistParts.view start...
[2026-07-25 02:33:06] [DEBUG] Screen::getContents() start...
[2026-07-25 02:33:06] [DEBUG] Screen::getContents() finish.
[2026-07-25 02:33:06] [DEBUG] Screen::updateAreaE() finish.
[2026-07-25 02:33:06] [DEBUG] PartsDefinitionController::editPartsAction() end.
[2026-07-25 02:33:06] [DEBUG] Screen::areaView() start...
[2026-07-25 02:33:06] [DEBUG] Screen::areaView() finish.
[2026-07-25 02:33:07] [DEBUG] --- wwProject System Start ---
[2026-07-25 02:33:07] [DEBUG] Router::Router() /jemini/wwProjectV1.53/Develop/Console/ServerBridgeAction/
[2026-07-25 02:33:07] [DEBUG] Attempting to load: \Develop\Controllers\ConsoleController::ServerBridgeAction
[2026-07-25 02:33:07] [DEBUG] Router: Executing \Develop\Controllers\ConsoleController->ServerBridgeAction
[2026-07-25 02:33:07] [DEBUG] ConsoleController::ServerBridge() start...
[2026-07-25 02:33:07] [DEBUG] ConsoleController::ServerBridge() \Develop\Controllers\PartsDefinitionController::editPartsAction()
[2026-07-25 02:33:07] [DEBUG] PartsDefinitionController::editPartsAction() start...
[2026-07-25 02:33:07] [DEBUG] PartsDefinitionModel::getAllPartsList() start... Project ID: PRJ-D45FEF
[2026-07-25 02:33:07] [DEBUG] PartsDefinitionModel::getColumnsByTableId() start... Input: developers
[2026-07-25 02:33:07] [DEBUG] 逆引き成功: 物理名 developers -> table_id : 14
[2026-07-25 02:33:07] [DEBUG] PartsDefinitionModel::getColumnsByTableId() finish. 件数: 9
[2026-07-25 02:33:07] [DEBUG] PartsDefinitionModel::getTableStructure() start... Project ID: PRJ-D45FEF
[2026-07-25 02:33:07] [DEBUG] Screen::updateAreaE() [iframe起動版] path: \Develop\Views\AreaE\PartsDefinition\RegistParts.view start...
[2026-07-25 02:33:07] [DEBUG] Screen::getContents() start...
[2026-07-25 02:33:07] [DEBUG] Screen::getContents() finish.
[2026-07-25 02:33:07] [DEBUG] Screen::updateAreaE() finish.
[2026-07-25 02:33:07] [DEBUG] PartsDefinitionController::editPartsAction() end.
[2026-07-25 02:33:07] [DEBUG] Screen::areaView() start...
[2026-07-25 02:33:07] [DEBUG] Screen::areaView() finish.
[2026-07-25 02:35:47] [DEBUG] --- wwProject System Start ---
[2026-07-25 02:35:47] [DEBUG] Router::Router() /jemini/wwProjectV1.53/Develop/Console/initial/
[2026-07-25 02:35:47] [DEBUG] Attempting to load: \Develop\Controllers\ConsoleController::initialAction
[2026-07-25 02:35:47] [DEBUG] Router: Executing \Develop\Controllers\ConsoleController->initialAction
[2026-07-25 02:35:47] [DEBUG] Console::initialAction() start...
[2026-07-25 02:35:47] [DEBUG] Screen::view() path: \Develop\Views\Console\Console.view start...
[2026-07-25 02:35:47] [DEBUG] Screen::getContents() start...
[2026-07-25 02:35:47] [DEBUG] Screen::getContents() finish.
[2026-07-25 02:35:47] [DEBUG] Screen::view() path: \Develop\Views\Console\Console.view finish.
[2026-07-25 02:35:47] [DEBUG] ConsoleController::initialAction() finish.
[2026-07-25 02:35:48] [DEBUG] --- wwProject System Start ---
[2026-07-25 02:35:48] [DEBUG] Router::Router() /jemini/wwProjectV1.53/Develop/Console/ServerBridgeAction/
[2026-07-25 02:35:48] [DEBUG] Attempting to load: \Develop\Controllers\ConsoleController::ServerBridgeAction
[2026-07-25 02:35:48] [DEBUG] Router: Executing \Develop\Controllers\ConsoleController->ServerBridgeAction
[2026-07-25 02:35:48] [DEBUG] ConsoleController::ServerBridge() start...
[2026-07-25 02:35:48] [DEBUG] ConsoleController::ServerBridge() \Develop\Controllers\ConsoleController::areaInitialAction()
[2026-07-25 02:35:48] [DEBUG] ConsoleController::AreaInitialAction() start...
[2026-07-25 02:35:48] [DEBUG] Screen::updateAreaA() path: \Develop\Views\AreaA\Area_A.view start...
[2026-07-25 02:35:48] [DEBUG] Screen::areaView() sending JSON: ["areas"]
[2026-07-25 02:35:48] [DEBUG] Screen::getContents() start...
[2026-07-25 02:35:48] [DEBUG] Screen::getContents() finish.
[2026-07-25 02:35:48] [DEBUG] Screen::updateAreaA() finish.
[2026-07-25 02:35:48] [DEBUG] Screen::updateAreaB() path: \Develop\Views\AreaB\Area_B.view start...
[2026-07-25 02:35:48] [DEBUG] Screen::getContents() start...
[2026-07-25 02:35:48] [DEBUG] Screen::getContents() finish.
[2026-07-25 02:35:48] [DEBUG] Screen::updateAreaB() finish.
[2026-07-25 02:35:48] [DEBUG] Screen::updateAreaD() path: \Develop\Views\AreaD\Area_D_clear.view start...
[2026-07-25 02:35:48] [DEBUG] Screen::getContents() start...
[2026-07-25 02:35:48] [DEBUG] Screen::getContents() finish.
[2026-07-25 02:35:48] [DEBUG] Screen::updateAreaD() finish.
[2026-07-25 02:35:48] [DEBUG] Screen::updateAreaE() [iframe起動版] path: \Develop\Views\AreaE\Area_E_clear.view start...
[2026-07-25 02:35:48] [DEBUG] Screen::getContents() start...
[2026-07-25 02:35:48] [DEBUG] Screen::getContents() finish.
[2026-07-25 02:35:48] [DEBUG] Screen::updateAreaE() finish.
[2026-07-25 02:35:48] [DEBUG] Screen::updateAreaF() path: \Develop\Views\AreaF\Area_F.view start...
[2026-07-25 02:35:48] [DEBUG] Screen::getContents() start...
[2026-07-25 02:35:48] [DEBUG] Screen::getContents() finish.
[2026-07-25 02:35:48] [DEBUG] Screen::updateAreaF() finish.
[2026-07-25 02:35:48] [DEBUG] ProjectController::startProjectNabi() start...
[2026-07-25 02:35:48] [DEBUG] ProjectController::getProjectListHtml() start...
[2026-07-25 02:35:48] [DEBUG] ProjectModel::getProjectList() start...
[2026-07-25 02:35:48] [DEBUG] ProjectModel::getProjectList() finish.
[2026-07-25 02:35:48] [DEBUG] CodeMasterModel：：getCodesByGroup() start...
[2026-07-25 02:35:48] [DEBUG] CodeMasterModel：：getCodesByGroup() finish.
[2026-07-25 02:35:48] [DEBUG] ProjectController::getNaviFooterHtml() start...
[2026-07-25 02:35:48] [DEBUG] ProjectController::getNaviFooterHtml() finish.
[2026-07-25 02:35:48] [DEBUG] ProjectController::startProjectNabi() finish.
[2026-07-25 02:35:48] [DEBUG] Screen::updateAreaC() \Develop\Views\AreaC\Area_C.view start...
[2026-07-25 02:35:48] [DEBUG] Screen::getContents() start...
[2026-07-25 02:35:48] [DEBUG] Screen::getContents() finish.
[2026-07-25 02:35:48] [DEBUG] Screen::updateAreaC() finish.
[2026-07-25 02:35:48] [DEBUG] ConsoleController::AreaInitialAction() finish.
[2026-07-25 02:35:48] [DEBUG] Screen::areaView() start...
[2026-07-25 02:35:48] [DEBUG] Screen::areaView() finish.
[2026-07-25 02:35:49] [DEBUG] --- wwProject System Start ---
[2026-07-25 02:35:49] [DEBUG] Router::Router() /jemini/wwProjectV1.53/Develop/Console/ServerBridgeAction/
[2026-07-25 02:35:49] [DEBUG] Attempting to load: \Develop\Controllers\ConsoleController::ServerBridgeAction
[2026-07-25 02:35:49] [DEBUG] Router: Executing \Develop\Controllers\ConsoleController->ServerBridgeAction
[2026-07-25 02:35:49] [DEBUG] ConsoleController::ServerBridge() start...
[2026-07-25 02:35:49] [DEBUG] ConsoleController::ServerBridge() \Develop\Controllers\PartsDefinitionController::InitialAction()
[2026-07-25 02:35:49] [DEBUG] DBDefinitionController::initialAction() start...
[2026-07-25 02:35:49] [DEBUG] PartsDefinitionController::initialAction() projectId : PRJ-D45FEF
[2026-07-25 02:35:49] [DEBUG] PartsDefinitionModel::getAllPartsList() start... Project ID: PRJ-D45FEF
[2026-07-25 02:35:49] [DEBUG] Screen::updateAreaD() path: \Develop\Views\AreaD\PartsDefinition\PartsDefinitionList.view start...
[2026-07-25 02:35:49] [DEBUG] Screen::getContents() start...
[2026-07-25 02:35:49] [DEBUG] Screen::getContents() finish.
[2026-07-25 02:35:49] [DEBUG] Screen::updateAreaD() finish.
[2026-07-25 02:35:49] [DEBUG] Screen::updateAreaE() [iframe起動版] path: \Develop\Views\AreaE\Area_E_clear.view start...
[2026-07-25 02:35:49] [DEBUG] Screen::getContents() start...
[2026-07-25 02:35:49] [DEBUG] Screen::getContents() finish.
[2026-07-25 02:35:49] [DEBUG] Screen::updateAreaE() finish.
[2026-07-25 02:35:49] [DEBUG] DBDefinitionController::initialAction() end.
[2026-07-25 02:35:49] [DEBUG] Screen::areaView() start...
[2026-07-25 02:35:49] [DEBUG] Screen::areaView() finish.
[2026-07-25 02:35:52] [DEBUG] --- wwProject System Start ---
[2026-07-25 02:35:52] [DEBUG] Router::Router() /jemini/wwProjectV1.53/Develop/Console/ServerBridgeAction/
[2026-07-25 02:35:52] [DEBUG] Attempting to load: \Develop\Controllers\ConsoleController::ServerBridgeAction
[2026-07-25 02:35:52] [DEBUG] Router: Executing \Develop\Controllers\ConsoleController->ServerBridgeAction
[2026-07-25 02:35:52] [DEBUG] ConsoleController::ServerBridge() start...
[2026-07-25 02:35:52] [DEBUG] ConsoleController::ServerBridge() \Develop\Controllers\PartsDefinitionController::editPartsAction()
[2026-07-25 02:35:52] [DEBUG] PartsDefinitionController::editPartsAction() start...
[2026-07-25 02:35:52] [DEBUG] PartsDefinitionModel::getAllPartsList() start... Project ID: PRJ-D45FEF
[2026-07-25 02:35:52] [DEBUG] PartsDefinitionModel::getColumnsByTableId() start... Input: developers
[2026-07-25 02:35:52] [DEBUG] 逆引き成功: 物理名 developers -> table_id : 14
[2026-07-25 02:35:52] [DEBUG] PartsDefinitionModel::getColumnsByTableId() finish. 件数: 9
[2026-07-25 02:35:52] [DEBUG] PartsDefinitionModel::getTableStructure() start... Project ID: PRJ-D45FEF
[2026-07-25 02:35:52] [DEBUG] Screen::updateAreaE() [iframe起動版] path: \Develop\Views\AreaE\PartsDefinition\RegistParts.view start...
[2026-07-25 02:35:52] [DEBUG] Screen::getContents() start...
[2026-07-25 02:35:52] [DEBUG] Screen::getContents() finish.
[2026-07-25 02:35:52] [DEBUG] Screen::updateAreaE() finish.
[2026-07-25 02:35:52] [DEBUG] PartsDefinitionController::editPartsAction() end.
[2026-07-25 02:35:52] [DEBUG] Screen::areaView() start...
[2026-07-25 02:35:52] [DEBUG] Screen::areaView() finish.
[2026-07-25 02:36:16] [DEBUG] --- wwProject System Start ---
[2026-07-25 02:36:16] [DEBUG] Router::Router() /jemini/wwProjectV1.53/Develop/Console/ServerBridgeAction/
[2026-07-25 02:36:16] [DEBUG] Attempting to load: \Develop\Controllers\ConsoleController::ServerBridgeAction
[2026-07-25 02:36:16] [DEBUG] Router: Executing \Develop\Controllers\ConsoleController->ServerBridgeAction
[2026-07-25 02:36:16] [DEBUG] ConsoleController::ServerBridge() start...
[2026-07-25 02:36:16] [DEBUG] ConsoleController::ServerBridge() \Develop\Controllers\PartsDefinitionController::saveAction()
[2026-07-25 02:36:16] [DEBUG] PartsDefinitionController::saveAction() start...
[2026-07-25 02:36:16] [DEBUG] 🔍送信されたPOSTデータ: {"code":"PartsDefinition\/save","parts_id":"4","parts_name":"MultiConfirm","parts_description":"６６６６６６６６Confirm","parts_type":"Multi Record Confirm","table_name":"developers","preview_title":"MultiInputConfirm","input_rows":"","display_label":"logical","column_filter":"selected","contents":"","checked_columns_json":"id,user_name,login_id,xyz","input_style":",,,,,,,,"}
[2026-07-25 02:36:16] [DEBUG] PartsDefinitionModel::saveParts() start... Project ID: PRJ-D45FEF, Parts ID: 4
[2026-07-25 02:36:16] [DEBUG] PartsDefinitionModel::saveParts() 保存するchecked_columns_jsonの値: [id,user_name,login_id,xyz]
[2026-07-25 02:36:16] [DEBUG] PartsDefinitionModel::saveParts() search_area : 
[2026-07-25 02:36:16] [DEBUG] PartsDefinitionModel::saveParts() detail_button : 
[2026-07-25 02:36:16] [DEBUG] PartsDefinitionModel::saveParts() UPDATE m_screenparts SET
                            parts_name = :parts_name,
                            parts_description = :parts_description,
                            parts_type = :parts_type,
                            table_name = :table_name,
                            display_label = :display_label,
                            preview_title = :preview_title,
                            column_filter = :column_filter,
                            input_rows = :input_rows,
                            checked_columns_json = :checked_columns_json,
                            input_style = :input_style,
                            contents = :contents,
                            style_condition = :style_condition,
                            style_column = :style_column,
                            search_area = :search_area,
                            detail_button = :detail_button
                        WHERE
                            project_id = :project_id AND parts_id = :parts_id
[2026-07-25 02:36:16] [DEBUG] PartsDefinitionModel::saveParts() UPDATEを実行します。Parts ID: 4
[2026-07-25 02:36:16] [DEBUG] PartsDefinitionModel::getAllPartsList() start... Project ID: PRJ-D45FEF
[2026-07-25 02:36:16] [DEBUG] Screen::updateAreaD() path: \Develop\Views\AreaD\PartsDefinition\PartsDefinitionList.view start...
[2026-07-25 02:36:16] [DEBUG] Screen::getContents() start...
[2026-07-25 02:36:16] [DEBUG] Screen::getContents() finish.
[2026-07-25 02:36:16] [DEBUG] Screen::updateAreaD() finish.
[2026-07-25 02:36:16] [DEBUG] Screen::updateAreaE() [iframe起動版] path: \Develop\Views\AreaE\Area_E_clear.view start...
[2026-07-25 02:36:16] [DEBUG] Screen::getContents() start...
[2026-07-25 02:36:16] [DEBUG] Screen::getContents() finish.
[2026-07-25 02:36:16] [DEBUG] Screen::updateAreaE() finish.
[2026-07-25 02:36:16] [DEBUG] PartsDefinitionController::saveAction() end.
[2026-07-25 02:36:16] [DEBUG] Screen::areaView() start...
[2026-07-25 02:36:16] [DEBUG] Screen::areaView() finish.
[2026-07-25 02:36:19] [DEBUG] --- wwProject System Start ---
[2026-07-25 02:36:19] [DEBUG] Router::Router() /jemini/wwProjectV1.53/Develop/Console/ServerBridgeAction/
[2026-07-25 02:36:19] [DEBUG] Attempting to load: \Develop\Controllers\ConsoleController::ServerBridgeAction
[2026-07-25 02:36:19] [DEBUG] Router: Executing \Develop\Controllers\ConsoleController->ServerBridgeAction
[2026-07-25 02:36:19] [DEBUG] ConsoleController::ServerBridge() start...
[2026-07-25 02:36:19] [DEBUG] ConsoleController::ServerBridge() \Develop\Controllers\PartsDefinitionController::editPartsAction()
[2026-07-25 02:36:19] [DEBUG] PartsDefinitionController::editPartsAction() start...
[2026-07-25 02:36:19] [DEBUG] PartsDefinitionModel::getAllPartsList() start... Project ID: PRJ-D45FEF
[2026-07-25 02:36:19] [DEBUG] PartsDefinitionModel::getColumnsByTableId() start... Input: developers
[2026-07-25 02:36:19] [DEBUG] 逆引き成功: 物理名 developers -> table_id : 14
[2026-07-25 02:36:19] [DEBUG] PartsDefinitionModel::getColumnsByTableId() finish. 件数: 9
[2026-07-25 02:36:19] [DEBUG] PartsDefinitionModel::getTableStructure() start... Project ID: PRJ-D45FEF
[2026-07-25 02:36:19] [DEBUG] Screen::updateAreaE() [iframe起動版] path: \Develop\Views\AreaE\PartsDefinition\RegistParts.view start...
[2026-07-25 02:36:19] [DEBUG] Screen::getContents() start...
[2026-07-25 02:36:19] [DEBUG] Screen::getContents() finish.
[2026-07-25 02:36:19] [DEBUG] Screen::updateAreaE() finish.
[2026-07-25 02:36:19] [DEBUG] PartsDefinitionController::editPartsAction() end.
[2026-07-25 02:36:19] [DEBUG] Screen::areaView() start...
[2026-07-25 02:36:19] [DEBUG] Screen::areaView() finish.
[2026-07-25 02:36:40] [DEBUG] --- wwProject System Start ---
[2026-07-25 02:36:40] [DEBUG] Router::Router() /jemini/wwProjectV1.53/Develop/Console/ServerBridgeAction/
[2026-07-25 02:36:40] [DEBUG] Attempting to load: \Develop\Controllers\ConsoleController::ServerBridgeAction
[2026-07-25 02:36:40] [DEBUG] Router: Executing \Develop\Controllers\ConsoleController->ServerBridgeAction
[2026-07-25 02:36:40] [DEBUG] ConsoleController::ServerBridge() start...
[2026-07-25 02:36:40] [DEBUG] ConsoleController::ServerBridge() \Develop\Controllers\PartsDefinitionController::saveAction()
[2026-07-25 02:36:40] [DEBUG] PartsDefinitionController::saveAction() start...
[2026-07-25 02:36:40] [DEBUG] 🔍送信されたPOSTデータ: {"code":"PartsDefinition\/save","parts_id":"4","parts_name":"MultiConfirm","parts_description":"６６６６６６６６Confirm","parts_type":"Multi Record Confirm","table_name":"developers","preview_title":"MultiInputConfirm","input_rows":"","display_label":"physical","column_filter":"selected","contents":"","checked_columns_json":"id,user_name,login_id,password,xyz","input_style":",,,,,,,,"}
[2026-07-25 02:36:40] [DEBUG] PartsDefinitionModel::saveParts() start... Project ID: PRJ-D45FEF, Parts ID: 4
[2026-07-25 02:36:40] [DEBUG] PartsDefinitionModel::saveParts() 保存するchecked_columns_jsonの値: [id,user_name,login_id,password,xyz]
[2026-07-25 02:36:40] [DEBUG] PartsDefinitionModel::saveParts() search_area : 
[2026-07-25 02:36:40] [DEBUG] PartsDefinitionModel::saveParts() detail_button : 
[2026-07-25 02:36:40] [DEBUG] PartsDefinitionModel::saveParts() UPDATE m_screenparts SET
                            parts_name = :parts_name,
                            parts_description = :parts_description,
                            parts_type = :parts_type,
                            table_name = :table_name,
                            display_label = :display_label,
                            preview_title = :preview_title,
                            column_filter = :column_filter,
                            input_rows = :input_rows,
                            checked_columns_json = :checked_columns_json,
                            input_style = :input_style,
                            contents = :contents,
                            style_condition = :style_condition,
                            style_column = :style_column,
                            search_area = :search_area,
                            detail_button = :detail_button
                        WHERE
                            project_id = :project_id AND parts_id = :parts_id
[2026-07-25 02:36:40] [DEBUG] PartsDefinitionModel::saveParts() UPDATEを実行します。Parts ID: 4
[2026-07-25 02:36:40] [DEBUG] PartsDefinitionModel::getAllPartsList() start... Project ID: PRJ-D45FEF
[2026-07-25 02:36:40] [DEBUG] Screen::updateAreaD() path: \Develop\Views\AreaD\PartsDefinition\PartsDefinitionList.view start...
[2026-07-25 02:36:40] [DEBUG] Screen::getContents() start...
[2026-07-25 02:36:40] [DEBUG] Screen::getContents() finish.
[2026-07-25 02:36:40] [DEBUG] Screen::updateAreaD() finish.
[2026-07-25 02:36:40] [DEBUG] Screen::updateAreaE() [iframe起動版] path: \Develop\Views\AreaE\Area_E_clear.view start...
[2026-07-25 02:36:40] [DEBUG] Screen::getContents() start...
[2026-07-25 02:36:40] [DEBUG] Screen::getContents() finish.
[2026-07-25 02:36:40] [DEBUG] Screen::updateAreaE() finish.
[2026-07-25 02:36:40] [DEBUG] PartsDefinitionController::saveAction() end.
[2026-07-25 02:36:40] [DEBUG] Screen::areaView() start...
[2026-07-25 02:36:40] [DEBUG] Screen::areaView() finish.
[2026-07-25 02:36:43] [DEBUG] --- wwProject System Start ---
[2026-07-25 02:36:43] [DEBUG] Router::Router() /jemini/wwProjectV1.53/Develop/Console/ServerBridgeAction/
[2026-07-25 02:36:43] [DEBUG] Attempting to load: \Develop\Controllers\ConsoleController::ServerBridgeAction
[2026-07-25 02:36:43] [DEBUG] Router: Executing \Develop\Controllers\ConsoleController->ServerBridgeAction
[2026-07-25 02:36:43] [DEBUG] ConsoleController::ServerBridge() start...
[2026-07-25 02:36:43] [DEBUG] ConsoleController::ServerBridge() \Develop\Controllers\PartsDefinitionController::editPartsAction()
[2026-07-25 02:36:43] [DEBUG] PartsDefinitionController::editPartsAction() start...
[2026-07-25 02:36:43] [DEBUG] PartsDefinitionModel::getAllPartsList() start... Project ID: PRJ-D45FEF
[2026-07-25 02:36:43] [DEBUG] PartsDefinitionModel::getColumnsByTableId() start... Input: developers
[2026-07-25 02:36:43] [DEBUG] 逆引き成功: 物理名 developers -> table_id : 14
[2026-07-25 02:36:43] [DEBUG] PartsDefinitionModel::getColumnsByTableId() finish. 件数: 9
[2026-07-25 02:36:43] [DEBUG] PartsDefinitionModel::getTableStructure() start... Project ID: PRJ-D45FEF
[2026-07-25 02:36:43] [DEBUG] Screen::updateAreaE() [iframe起動版] path: \Develop\Views\AreaE\PartsDefinition\RegistParts.view start...
[2026-07-25 02:36:43] [DEBUG] Screen::getContents() start...
[2026-07-25 02:36:43] [DEBUG] Screen::getContents() finish.
[2026-07-25 02:36:43] [DEBUG] Screen::updateAreaE() finish.
[2026-07-25 02:36:43] [DEBUG] PartsDefinitionController::editPartsAction() end.
[2026-07-25 02:36:43] [DEBUG] Screen::areaView() start...
[2026-07-25 02:36:43] [DEBUG] Screen::areaView() finish.
[2026-07-25 02:38:19] [DEBUG] --- wwProject System Start ---
[2026-07-25 02:38:19] [DEBUG] Router::Router() /jemini/wwProjectV1.53/Develop/Console/initial/
[2026-07-25 02:38:19] [DEBUG] Attempting to load: \Develop\Controllers\ConsoleController::initialAction
[2026-07-25 02:38:19] [DEBUG] Router: Executing \Develop\Controllers\ConsoleController->initialAction
[2026-07-25 02:38:19] [DEBUG] Console::initialAction() start...
[2026-07-25 02:38:19] [DEBUG] Screen::view() path: \Develop\Views\Console\Console.view start...
[2026-07-25 02:38:19] [DEBUG] Screen::getContents() start...
[2026-07-25 02:38:19] [DEBUG] Screen::getContents() finish.
[2026-07-25 02:38:19] [DEBUG] Screen::view() path: \Develop\Views\Console\Console.view finish.
[2026-07-25 02:38:19] [DEBUG] ConsoleController::initialAction() finish.
[2026-07-25 02:38:19] [DEBUG] --- wwProject System Start ---
[2026-07-25 02:38:19] [DEBUG] Router::Router() /jemini/wwProjectV1.53/Develop/Console/ServerBridgeAction/
[2026-07-25 02:38:19] [DEBUG] Attempting to load: \Develop\Controllers\ConsoleController::ServerBridgeAction
[2026-07-25 02:38:19] [DEBUG] Router: Executing \Develop\Controllers\ConsoleController->ServerBridgeAction
[2026-07-25 02:38:19] [DEBUG] ConsoleController::ServerBridge() start...
[2026-07-25 02:38:19] [DEBUG] ConsoleController::ServerBridge() \Develop\Controllers\ConsoleController::areaInitialAction()
[2026-07-25 02:38:19] [DEBUG] ConsoleController::AreaInitialAction() start...
[2026-07-25 02:38:19] [DEBUG] Screen::updateAreaA() path: \Develop\Views\AreaA\Area_A.view start...
[2026-07-25 02:38:19] [DEBUG] Screen::areaView() sending JSON: ["areas"]
[2026-07-25 02:38:19] [DEBUG] Screen::getContents() start...
[2026-07-25 02:38:19] [DEBUG] Screen::getContents() finish.
[2026-07-25 02:38:19] [DEBUG] Screen::updateAreaA() finish.
[2026-07-25 02:38:19] [DEBUG] Screen::updateAreaB() path: \Develop\Views\AreaB\Area_B.view start...
[2026-07-25 02:38:19] [DEBUG] Screen::getContents() start...
[2026-07-25 02:38:19] [DEBUG] Screen::getContents() finish.
[2026-07-25 02:38:19] [DEBUG] Screen::updateAreaB() finish.
[2026-07-25 02:38:19] [DEBUG] Screen::updateAreaD() path: \Develop\Views\AreaD\Area_D_clear.view start...
[2026-07-25 02:38:19] [DEBUG] Screen::getContents() start...
[2026-07-25 02:38:19] [DEBUG] Screen::getContents() finish.
[2026-07-25 02:38:19] [DEBUG] Screen::updateAreaD() finish.
[2026-07-25 02:38:19] [DEBUG] Screen::updateAreaE() [iframe起動版] path: \Develop\Views\AreaE\Area_E_clear.view start...
[2026-07-25 02:38:19] [DEBUG] Screen::getContents() start...
[2026-07-25 02:38:19] [DEBUG] Screen::getContents() finish.
[2026-07-25 02:38:19] [DEBUG] Screen::updateAreaE() finish.
[2026-07-25 02:38:19] [DEBUG] Screen::updateAreaF() path: \Develop\Views\AreaF\Area_F.view start...
[2026-07-25 02:38:19] [DEBUG] Screen::getContents() start...
[2026-07-25 02:38:19] [DEBUG] Screen::getContents() finish.
[2026-07-25 02:38:19] [DEBUG] Screen::updateAreaF() finish.
[2026-07-25 02:38:19] [DEBUG] ProjectController::startProjectNabi() start...
[2026-07-25 02:38:19] [DEBUG] ProjectController::getProjectListHtml() start...
[2026-07-25 02:38:19] [DEBUG] ProjectModel::getProjectList() start...
[2026-07-25 02:38:19] [DEBUG] ProjectModel::getProjectList() finish.
[2026-07-25 02:38:19] [DEBUG] CodeMasterModel：：getCodesByGroup() start...
[2026-07-25 02:38:19] [DEBUG] CodeMasterModel：：getCodesByGroup() finish.
[2026-07-25 02:38:19] [DEBUG] ProjectController::getNaviFooterHtml() start...
[2026-07-25 02:38:19] [DEBUG] ProjectController::getNaviFooterHtml() finish.
[2026-07-25 02:38:19] [DEBUG] ProjectController::startProjectNabi() finish.
[2026-07-25 02:38:19] [DEBUG] Screen::updateAreaC() \Develop\Views\AreaC\Area_C.view start...
[2026-07-25 02:38:19] [DEBUG] Screen::getContents() start...
[2026-07-25 02:38:19] [DEBUG] Screen::getContents() finish.
[2026-07-25 02:38:19] [DEBUG] Screen::updateAreaC() finish.
[2026-07-25 02:38:19] [DEBUG] ConsoleController::AreaInitialAction() finish.
[2026-07-25 02:38:19] [DEBUG] Screen::areaView() start...
[2026-07-25 02:38:19] [DEBUG] Screen::areaView() finish.
[2026-07-25 02:38:20] [DEBUG] --- wwProject System Start ---
[2026-07-25 02:38:20] [DEBUG] Router::Router() /jemini/wwProjectV1.53/Develop/Console/ServerBridgeAction/
[2026-07-25 02:38:20] [DEBUG] Attempting to load: \Develop\Controllers\ConsoleController::ServerBridgeAction
[2026-07-25 02:38:20] [DEBUG] Router: Executing \Develop\Controllers\ConsoleController->ServerBridgeAction
[2026-07-25 02:38:20] [DEBUG] ConsoleController::ServerBridge() start...
[2026-07-25 02:38:20] [DEBUG] ConsoleController::ServerBridge() \Develop\Controllers\PartsDefinitionController::InitialAction()
[2026-07-25 02:38:20] [DEBUG] DBDefinitionController::initialAction() start...
[2026-07-25 02:38:20] [DEBUG] PartsDefinitionController::initialAction() projectId : PRJ-D45FEF
[2026-07-25 02:38:20] [DEBUG] PartsDefinitionModel::getAllPartsList() start... Project ID: PRJ-D45FEF
[2026-07-25 02:38:20] [DEBUG] Screen::updateAreaD() path: \Develop\Views\AreaD\PartsDefinition\PartsDefinitionList.view start...
[2026-07-25 02:38:20] [DEBUG] Screen::getContents() start...
[2026-07-25 02:38:20] [DEBUG] Screen::getContents() finish.
[2026-07-25 02:38:20] [DEBUG] Screen::updateAreaD() finish.
[2026-07-25 02:38:20] [DEBUG] Screen::updateAreaE() [iframe起動版] path: \Develop\Views\AreaE\Area_E_clear.view start...
[2026-07-25 02:38:20] [DEBUG] Screen::getContents() start...
[2026-07-25 02:38:20] [DEBUG] Screen::getContents() finish.
[2026-07-25 02:38:20] [DEBUG] Screen::updateAreaE() finish.
[2026-07-25 02:38:20] [DEBUG] DBDefinitionController::initialAction() end.
[2026-07-25 02:38:21] [DEBUG] Screen::areaView() start...
[2026-07-25 02:38:21] [DEBUG] Screen::areaView() finish.
[2026-07-25 02:38:23] [DEBUG] --- wwProject System Start ---
[2026-07-25 02:38:23] [DEBUG] Router::Router() /jemini/wwProjectV1.53/Develop/Console/ServerBridgeAction/
[2026-07-25 02:38:23] [DEBUG] Attempting to load: \Develop\Controllers\ConsoleController::ServerBridgeAction
[2026-07-25 02:38:23] [DEBUG] Router: Executing \Develop\Controllers\ConsoleController->ServerBridgeAction
[2026-07-25 02:38:23] [DEBUG] ConsoleController::ServerBridge() start...
[2026-07-25 02:38:23] [DEBUG] ConsoleController::ServerBridge() \Develop\Controllers\PartsDefinitionController::editPartsAction()
[2026-07-25 02:38:23] [DEBUG] PartsDefinitionController::editPartsAction() start...
[2026-07-25 02:38:23] [DEBUG] PartsDefinitionModel::getAllPartsList() start... Project ID: PRJ-D45FEF
[2026-07-25 02:38:23] [DEBUG] PartsDefinitionModel::getColumnsByTableId() start... Input: developers
[2026-07-25 02:38:23] [DEBUG] 逆引き成功: 物理名 developers -> table_id : 14
[2026-07-25 02:38:23] [DEBUG] PartsDefinitionModel::getColumnsByTableId() finish. 件数: 9
[2026-07-25 02:38:23] [DEBUG] PartsDefinitionModel::getTableStructure() start... Project ID: PRJ-D45FEF
[2026-07-25 02:38:23] [DEBUG] Screen::updateAreaE() [iframe起動版] path: \Develop\Views\AreaE\PartsDefinition\RegistParts.view start...
[2026-07-25 02:38:23] [DEBUG] Screen::getContents() start...
[2026-07-25 02:38:23] [DEBUG] Screen::getContents() finish.
[2026-07-25 02:38:23] [DEBUG] Screen::updateAreaE() finish.
[2026-07-25 02:38:23] [DEBUG] PartsDefinitionController::editPartsAction() end.
[2026-07-25 02:38:23] [DEBUG] Screen::areaView() start...
[2026-07-25 02:38:23] [DEBUG] Screen::areaView() finish.
[2026-07-25 02:38:34] [DEBUG] --- wwProject System Start ---
[2026-07-25 02:38:34] [DEBUG] Router::Router() /jemini/wwProjectV1.53/Develop/Console/ServerBridgeAction/
[2026-07-25 02:38:34] [DEBUG] Attempting to load: \Develop\Controllers\ConsoleController::ServerBridgeAction
[2026-07-25 02:38:34] [DEBUG] Router: Executing \Develop\Controllers\ConsoleController->ServerBridgeAction
[2026-07-25 02:38:34] [DEBUG] ConsoleController::ServerBridge() start...
[2026-07-25 02:38:34] [DEBUG] ConsoleController::ServerBridge() \Develop\Controllers\PartsDefinitionController::saveAction()
[2026-07-25 02:38:34] [DEBUG] PartsDefinitionController::saveAction() start...
[2026-07-25 02:38:34] [DEBUG] 🔍送信されたPOSTデータ: {"code":"PartsDefinition\/save","parts_id":"4","parts_name":"MultiConfirm","parts_description":"６６６６６６６６Confirm","parts_type":"Multi Record Confirm","table_name":"developers","preview_title":"MultiInputConfirm","input_rows":"","display_label":"logical","column_filter":"selected","contents":"","checked_columns_json":"id,user_name,login_id,password,xyz","input_style":",,,,,,,,"}
[2026-07-25 02:38:34] [DEBUG] PartsDefinitionModel::saveParts() start... Project ID: PRJ-D45FEF, Parts ID: 4
[2026-07-25 02:38:34] [DEBUG] PartsDefinitionModel::saveParts() 保存するchecked_columns_jsonの値: [id,user_name,login_id,password,xyz]
[2026-07-25 02:38:34] [DEBUG] PartsDefinitionModel::saveParts() search_area : 
[2026-07-25 02:38:34] [DEBUG] PartsDefinitionModel::saveParts() detail_button : 
[2026-07-25 02:38:34] [DEBUG] PartsDefinitionModel::saveParts() UPDATE m_screenparts SET
                            parts_name = :parts_name,
                            parts_description = :parts_description,
                            parts_type = :parts_type,
                            table_name = :table_name,
                            display_label = :display_label,
                            preview_title = :preview_title,
                            column_filter = :column_filter,
                            input_rows = :input_rows,
                            checked_columns_json = :checked_columns_json,
                            input_style = :input_style,
                            contents = :contents,
                            style_condition = :style_condition,
                            style_column = :style_column,
                            search_area = :search_area,
                            detail_button = :detail_button
                        WHERE
                            project_id = :project_id AND parts_id = :parts_id
[2026-07-25 02:38:34] [DEBUG] PartsDefinitionModel::saveParts() UPDATEを実行します。Parts ID: 4
[2026-07-25 02:38:34] [DEBUG] PartsDefinitionModel::getAllPartsList() start... Project ID: PRJ-D45FEF
[2026-07-25 02:38:34] [DEBUG] Screen::updateAreaD() path: \Develop\Views\AreaD\PartsDefinition\PartsDefinitionList.view start...
[2026-07-25 02:38:34] [DEBUG] Screen::getContents() start...
[2026-07-25 02:38:34] [DEBUG] Screen::getContents() finish.
[2026-07-25 02:38:34] [DEBUG] Screen::updateAreaD() finish.
[2026-07-25 02:38:34] [DEBUG] Screen::updateAreaE() [iframe起動版] path: \Develop\Views\AreaE\Area_E_clear.view start...
[2026-07-25 02:38:34] [DEBUG] Screen::getContents() start...
[2026-07-25 02:38:34] [DEBUG] Screen::getContents() finish.
[2026-07-25 02:38:34] [DEBUG] Screen::updateAreaE() finish.
[2026-07-25 02:38:34] [DEBUG] PartsDefinitionController::saveAction() end.
[2026-07-25 02:38:34] [DEBUG] Screen::areaView() start...
[2026-07-25 02:38:34] [DEBUG] Screen::areaView() finish.
[2026-07-25 02:38:36] [DEBUG] --- wwProject System Start ---
[2026-07-25 02:38:36] [DEBUG] Router::Router() /jemini/wwProjectV1.53/Develop/Console/ServerBridgeAction/
[2026-07-25 02:38:36] [DEBUG] Attempting to load: \Develop\Controllers\ConsoleController::ServerBridgeAction
[2026-07-25 02:38:36] [DEBUG] Router: Executing \Develop\Controllers\ConsoleController->ServerBridgeAction
[2026-07-25 02:38:36] [DEBUG] ConsoleController::ServerBridge() start...
[2026-07-25 02:38:36] [DEBUG] ConsoleController::ServerBridge() \Develop\Controllers\PartsDefinitionController::editPartsAction()
[2026-07-25 02:38:36] [DEBUG] PartsDefinitionController::editPartsAction() start...
[2026-07-25 02:38:36] [DEBUG] PartsDefinitionModel::getAllPartsList() start... Project ID: PRJ-D45FEF
[2026-07-25 02:38:36] [DEBUG] PartsDefinitionModel::getColumnsByTableId() start... Input: developers
[2026-07-25 02:38:36] [DEBUG] 逆引き成功: 物理名 developers -> table_id : 14
[2026-07-25 02:38:36] [DEBUG] PartsDefinitionModel::getColumnsByTableId() finish. 件数: 9
[2026-07-25 02:38:36] [DEBUG] PartsDefinitionModel::getTableStructure() start... Project ID: PRJ-D45FEF
[2026-07-25 02:38:36] [DEBUG] Screen::updateAreaE() [iframe起動版] path: \Develop\Views\AreaE\PartsDefinition\RegistParts.view start...
[2026-07-25 02:38:36] [DEBUG] Screen::getContents() start...
[2026-07-25 02:38:36] [DEBUG] Screen::getContents() finish.
[2026-07-25 02:38:36] [DEBUG] Screen::updateAreaE() finish.
[2026-07-25 02:38:36] [DEBUG] PartsDefinitionController::editPartsAction() end.
[2026-07-25 02:38:36] [DEBUG] Screen::areaView() start...
[2026-07-25 02:38:36] [DEBUG] Screen::areaView() finish.
[2026-07-25 02:40:23] [DEBUG] --- wwProject System Start ---
[2026-07-25 02:40:23] [DEBUG] Router::Router() /jemini/wwProjectV1.53/Develop/Console/initial/
[2026-07-25 02:40:23] [DEBUG] Attempting to load: \Develop\Controllers\ConsoleController::initialAction
[2026-07-25 02:40:23] [DEBUG] Router: Executing \Develop\Controllers\ConsoleController->initialAction
[2026-07-25 02:40:23] [DEBUG] Console::initialAction() start...
[2026-07-25 02:40:23] [DEBUG] Screen::view() path: \Develop\Views\Console\Console.view start...
[2026-07-25 02:40:23] [DEBUG] Screen::getContents() start...
[2026-07-25 02:40:23] [DEBUG] Screen::getContents() finish.
[2026-07-25 02:40:23] [DEBUG] Screen::view() path: \Develop\Views\Console\Console.view finish.
[2026-07-25 02:40:23] [DEBUG] ConsoleController::initialAction() finish.
[2026-07-25 02:40:23] [DEBUG] --- wwProject System Start ---
[2026-07-25 02:40:23] [DEBUG] Router::Router() /jemini/wwProjectV1.53/Develop/Console/ServerBridgeAction/
[2026-07-25 02:40:23] [DEBUG] Attempting to load: \Develop\Controllers\ConsoleController::ServerBridgeAction
[2026-07-25 02:40:23] [DEBUG] Router: Executing \Develop\Controllers\ConsoleController->ServerBridgeAction
[2026-07-25 02:40:23] [DEBUG] ConsoleController::ServerBridge() start...
[2026-07-25 02:40:23] [DEBUG] ConsoleController::ServerBridge() \Develop\Controllers\ConsoleController::areaInitialAction()
[2026-07-25 02:40:23] [DEBUG] ConsoleController::AreaInitialAction() start...
[2026-07-25 02:40:23] [DEBUG] Screen::updateAreaA() path: \Develop\Views\AreaA\Area_A.view start...
[2026-07-25 02:40:23] [DEBUG] Screen::areaView() sending JSON: ["areas"]
[2026-07-25 02:40:23] [DEBUG] Screen::getContents() start...
[2026-07-25 02:40:23] [DEBUG] Screen::getContents() finish.
[2026-07-25 02:40:23] [DEBUG] Screen::updateAreaA() finish.
[2026-07-25 02:40:23] [DEBUG] Screen::updateAreaB() path: \Develop\Views\AreaB\Area_B.view start...
[2026-07-25 02:40:23] [DEBUG] Screen::getContents() start...
[2026-07-25 02:40:23] [DEBUG] Screen::getContents() finish.
[2026-07-25 02:40:23] [DEBUG] Screen::updateAreaB() finish.
[2026-07-25 02:40:23] [DEBUG] Screen::updateAreaD() path: \Develop\Views\AreaD\Area_D_clear.view start...
[2026-07-25 02:40:23] [DEBUG] Screen::getContents() start...
[2026-07-25 02:40:23] [DEBUG] Screen::getContents() finish.
[2026-07-25 02:40:23] [DEBUG] Screen::updateAreaD() finish.
[2026-07-25 02:40:23] [DEBUG] Screen::updateAreaE() [iframe起動版] path: \Develop\Views\AreaE\Area_E_clear.view start...
[2026-07-25 02:40:23] [DEBUG] Screen::getContents() start...
[2026-07-25 02:40:23] [DEBUG] Screen::getContents() finish.
[2026-07-25 02:40:23] [DEBUG] Screen::updateAreaE() finish.
[2026-07-25 02:40:23] [DEBUG] Screen::updateAreaF() path: \Develop\Views\AreaF\Area_F.view start...
[2026-07-25 02:40:23] [DEBUG] Screen::getContents() start...
[2026-07-25 02:40:23] [DEBUG] Screen::getContents() finish.
[2026-07-25 02:40:23] [DEBUG] Screen::updateAreaF() finish.
[2026-07-25 02:40:23] [DEBUG] ProjectController::startProjectNabi() start...
[2026-07-25 02:40:23] [DEBUG] ProjectController::getProjectListHtml() start...
[2026-07-25 02:40:23] [DEBUG] ProjectModel::getProjectList() start...
[2026-07-25 02:40:23] [DEBUG] ProjectModel::getProjectList() finish.
[2026-07-25 02:40:23] [DEBUG] CodeMasterModel：：getCodesByGroup() start...
[2026-07-25 02:40:23] [DEBUG] CodeMasterModel：：getCodesByGroup() finish.
[2026-07-25 02:40:23] [DEBUG] ProjectController::getNaviFooterHtml() start...
[2026-07-25 02:40:23] [DEBUG] ProjectController::getNaviFooterHtml() finish.
[2026-07-25 02:40:23] [DEBUG] ProjectController::startProjectNabi() finish.
[2026-07-25 02:40:23] [DEBUG] Screen::updateAreaC() \Develop\Views\AreaC\Area_C.view start...
[2026-07-25 02:40:23] [DEBUG] Screen::getContents() start...
[2026-07-25 02:40:23] [DEBUG] Screen::getContents() finish.
[2026-07-25 02:40:23] [DEBUG] Screen::updateAreaC() finish.
[2026-07-25 02:40:23] [DEBUG] ConsoleController::AreaInitialAction() finish.
[2026-07-25 02:40:23] [DEBUG] Screen::areaView() start...
[2026-07-25 02:40:23] [DEBUG] Screen::areaView() finish.
[2026-07-25 02:40:25] [DEBUG] --- wwProject System Start ---
[2026-07-25 02:40:25] [DEBUG] Router::Router() /jemini/wwProjectV1.53/Develop/Console/ServerBridgeAction/
[2026-07-25 02:40:25] [DEBUG] Attempting to load: \Develop\Controllers\ConsoleController::ServerBridgeAction
[2026-07-25 02:40:25] [DEBUG] Router: Executing \Develop\Controllers\ConsoleController->ServerBridgeAction
[2026-07-25 02:40:25] [DEBUG] ConsoleController::ServerBridge() start...
[2026-07-25 02:40:25] [DEBUG] ConsoleController::ServerBridge() \Develop\Controllers\PartsDefinitionController::InitialAction()
[2026-07-25 02:40:25] [DEBUG] DBDefinitionController::initialAction() start...
[2026-07-25 02:40:25] [DEBUG] PartsDefinitionController::initialAction() projectId : PRJ-D45FEF
[2026-07-25 02:40:25] [DEBUG] PartsDefinitionModel::getAllPartsList() start... Project ID: PRJ-D45FEF
[2026-07-25 02:40:25] [DEBUG] Screen::updateAreaD() path: \Develop\Views\AreaD\PartsDefinition\PartsDefinitionList.view start...
[2026-07-25 02:40:25] [DEBUG] Screen::getContents() start...
[2026-07-25 02:40:25] [DEBUG] Screen::getContents() finish.
[2026-07-25 02:40:25] [DEBUG] Screen::updateAreaD() finish.
[2026-07-25 02:40:25] [DEBUG] Screen::updateAreaE() [iframe起動版] path: \Develop\Views\AreaE\Area_E_clear.view start...
[2026-07-25 02:40:25] [DEBUG] Screen::getContents() start...
[2026-07-25 02:40:25] [DEBUG] Screen::getContents() finish.
[2026-07-25 02:40:25] [DEBUG] Screen::updateAreaE() finish.
[2026-07-25 02:40:25] [DEBUG] DBDefinitionController::initialAction() end.
[2026-07-25 02:40:25] [DEBUG] Screen::areaView() start...
[2026-07-25 02:40:25] [DEBUG] Screen::areaView() finish.
[2026-07-25 02:40:28] [DEBUG] --- wwProject System Start ---
[2026-07-25 02:40:28] [DEBUG] Router::Router() /jemini/wwProjectV1.53/Develop/Console/ServerBridgeAction/
[2026-07-25 02:40:28] [DEBUG] Attempting to load: \Develop\Controllers\ConsoleController::ServerBridgeAction
[2026-07-25 02:40:28] [DEBUG] Router: Executing \Develop\Controllers\ConsoleController->ServerBridgeAction
[2026-07-25 02:40:28] [DEBUG] ConsoleController::ServerBridge() start...
[2026-07-25 02:40:28] [DEBUG] ConsoleController::ServerBridge() \Develop\Controllers\PartsDefinitionController::editPartsAction()
[2026-07-25 02:40:28] [DEBUG] PartsDefinitionController::editPartsAction() start...
[2026-07-25 02:40:28] [DEBUG] PartsDefinitionModel::getAllPartsList() start... Project ID: PRJ-D45FEF
[2026-07-25 02:40:28] [DEBUG] PartsDefinitionModel::getColumnsByTableId() start... Input: developers
[2026-07-25 02:40:28] [DEBUG] 逆引き成功: 物理名 developers -> table_id : 14
[2026-07-25 02:40:28] [DEBUG] PartsDefinitionModel::getColumnsByTableId() finish. 件数: 9
[2026-07-25 02:40:28] [DEBUG] PartsDefinitionModel::getTableStructure() start... Project ID: PRJ-D45FEF
[2026-07-25 02:40:28] [DEBUG] Screen::updateAreaE() [iframe起動版] path: \Develop\Views\AreaE\PartsDefinition\RegistParts.view start...
[2026-07-25 02:40:28] [DEBUG] Screen::getContents() start...
[2026-07-25 02:40:28] [DEBUG] Screen::getContents() finish.
[2026-07-25 02:40:28] [DEBUG] Screen::updateAreaE() finish.
[2026-07-25 02:40:28] [DEBUG] PartsDefinitionController::editPartsAction() end.
[2026-07-25 02:40:28] [DEBUG] Screen::areaView() start...
[2026-07-25 02:40:28] [DEBUG] Screen::areaView() finish.
[2026-07-25 02:40:49] [DEBUG] --- wwProject System Start ---
[2026-07-25 02:40:49] [DEBUG] Router::Router() /jemini/wwProjectV1.53/Develop/Console/ServerBridgeAction/
[2026-07-25 02:40:49] [DEBUG] Attempting to load: \Develop\Controllers\ConsoleController::ServerBridgeAction
[2026-07-25 02:40:49] [DEBUG] Router: Executing \Develop\Controllers\ConsoleController->ServerBridgeAction
[2026-07-25 02:40:49] [DEBUG] ConsoleController::ServerBridge() start...
[2026-07-25 02:40:49] [DEBUG] ConsoleController::ServerBridge() \Develop\Controllers\PartsDefinitionController::editPartsAction()
[2026-07-25 02:40:49] [DEBUG] PartsDefinitionController::editPartsAction() start...
[2026-07-25 02:40:49] [DEBUG] PartsDefinitionModel::getAllPartsList() start... Project ID: PRJ-D45FEF
[2026-07-25 02:40:49] [DEBUG] PartsDefinitionModel::getColumnsByTableId() start... Input: developers
[2026-07-25 02:40:49] [DEBUG] 逆引き成功: 物理名 developers -> table_id : 14
[2026-07-25 02:40:49] [DEBUG] PartsDefinitionModel::getColumnsByTableId() finish. 件数: 9
[2026-07-25 02:40:49] [DEBUG] PartsDefinitionModel::getTableStructure() start... Project ID: PRJ-D45FEF
[2026-07-25 02:40:49] [DEBUG] Screen::updateAreaE() [iframe起動版] path: \Develop\Views\AreaE\PartsDefinition\RegistParts.view start...
[2026-07-25 02:40:49] [DEBUG] Screen::getContents() start...
[2026-07-25 02:40:49] [DEBUG] Screen::getContents() finish.
[2026-07-25 02:40:49] [DEBUG] Screen::updateAreaE() finish.
[2026-07-25 02:40:49] [DEBUG] PartsDefinitionController::editPartsAction() end.
[2026-07-25 02:40:49] [DEBUG] Screen::areaView() start...
[2026-07-25 02:40:49] [DEBUG] Screen::areaView() finish.
[2026-07-25 02:40:51] [DEBUG] --- wwProject System Start ---
[2026-07-25 02:40:51] [DEBUG] Router::Router() /jemini/wwProjectV1.53/Develop/Console/initial/
[2026-07-25 02:40:51] [DEBUG] Attempting to load: \Develop\Controllers\ConsoleController::initialAction
[2026-07-25 02:40:51] [DEBUG] Router: Executing \Develop\Controllers\ConsoleController->initialAction
[2026-07-25 02:40:51] [DEBUG] Console::initialAction() start...
[2026-07-25 02:40:51] [DEBUG] Screen::view() path: \Develop\Views\Console\Console.view start...
[2026-07-25 02:40:51] [DEBUG] Screen::getContents() start...
[2026-07-25 02:40:51] [DEBUG] Screen::getContents() finish.
[2026-07-25 02:40:51] [DEBUG] Screen::view() path: \Develop\Views\Console\Console.view finish.
[2026-07-25 02:40:51] [DEBUG] ConsoleController::initialAction() finish.
[2026-07-25 02:40:51] [DEBUG] --- wwProject System Start ---
[2026-07-25 02:40:51] [DEBUG] Router::Router() /jemini/wwProjectV1.53/Develop/Console/ServerBridgeAction/
[2026-07-25 02:40:51] [DEBUG] Attempting to load: \Develop\Controllers\ConsoleController::ServerBridgeAction
[2026-07-25 02:40:51] [DEBUG] Router: Executing \Develop\Controllers\ConsoleController->ServerBridgeAction
[2026-07-25 02:40:51] [DEBUG] ConsoleController::ServerBridge() start...
[2026-07-25 02:40:51] [DEBUG] ConsoleController::ServerBridge() \Develop\Controllers\ConsoleController::areaInitialAction()
[2026-07-25 02:40:51] [DEBUG] ConsoleController::AreaInitialAction() start...
[2026-07-25 02:40:51] [DEBUG] Screen::updateAreaA() path: \Develop\Views\AreaA\Area_A.view start...
[2026-07-25 02:40:51] [DEBUG] Screen::areaView() sending JSON: ["areas"]
[2026-07-25 02:40:51] [DEBUG] Screen::getContents() start...
[2026-07-25 02:40:51] [DEBUG] Screen::getContents() finish.
[2026-07-25 02:40:51] [DEBUG] Screen::updateAreaA() finish.
[2026-07-25 02:40:51] [DEBUG] Screen::updateAreaB() path: \Develop\Views\AreaB\Area_B.view start...
[2026-07-25 02:40:51] [DEBUG] Screen::getContents() start...
[2026-07-25 02:40:51] [DEBUG] Screen::getContents() finish.
[2026-07-25 02:40:51] [DEBUG] Screen::updateAreaB() finish.
[2026-07-25 02:40:51] [DEBUG] Screen::updateAreaD() path: \Develop\Views\AreaD\Area_D_clear.view start...
[2026-07-25 02:40:51] [DEBUG] Screen::getContents() start...
[2026-07-25 02:40:51] [DEBUG] Screen::getContents() finish.
[2026-07-25 02:40:51] [DEBUG] Screen::updateAreaD() finish.
[2026-07-25 02:40:51] [DEBUG] Screen::updateAreaE() [iframe起動版] path: \Develop\Views\AreaE\Area_E_clear.view start...
[2026-07-25 02:40:51] [DEBUG] Screen::getContents() start...
[2026-07-25 02:40:51] [DEBUG] Screen::getContents() finish.
[2026-07-25 02:40:51] [DEBUG] Screen::updateAreaE() finish.
[2026-07-25 02:40:51] [DEBUG] Screen::updateAreaF() path: \Develop\Views\AreaF\Area_F.view start...
[2026-07-25 02:40:51] [DEBUG] Screen::getContents() start...
[2026-07-25 02:40:51] [DEBUG] Screen::getContents() finish.
[2026-07-25 02:40:51] [DEBUG] Screen::updateAreaF() finish.
[2026-07-25 02:40:51] [DEBUG] ProjectController::startProjectNabi() start...
[2026-07-25 02:40:51] [DEBUG] ProjectController::getProjectListHtml() start...
[2026-07-25 02:40:51] [DEBUG] ProjectModel::getProjectList() start...
[2026-07-25 02:40:51] [DEBUG] ProjectModel::getProjectList() finish.
[2026-07-25 02:40:51] [DEBUG] CodeMasterModel：：getCodesByGroup() start...
[2026-07-25 02:40:51] [DEBUG] CodeMasterModel：：getCodesByGroup() finish.
[2026-07-25 02:40:51] [DEBUG] ProjectController::getNaviFooterHtml() start...
[2026-07-25 02:40:51] [DEBUG] ProjectController::getNaviFooterHtml() finish.
[2026-07-25 02:40:51] [DEBUG] ProjectController::startProjectNabi() finish.
[2026-07-25 02:40:51] [DEBUG] Screen::updateAreaC() \Develop\Views\AreaC\Area_C.view start...
[2026-07-25 02:40:51] [DEBUG] Screen::getContents() start...
[2026-07-25 02:40:51] [DEBUG] Screen::getContents() finish.
[2026-07-25 02:40:51] [DEBUG] Screen::updateAreaC() finish.
[2026-07-25 02:40:51] [DEBUG] ConsoleController::AreaInitialAction() finish.
[2026-07-25 02:40:51] [DEBUG] Screen::areaView() start...
[2026-07-25 02:40:51] [DEBUG] Screen::areaView() finish.
[2026-07-25 02:40:53] [DEBUG] --- wwProject System Start ---
[2026-07-25 02:40:53] [DEBUG] Router::Router() /jemini/wwProjectV1.53/Develop/Console/ServerBridgeAction/
[2026-07-25 02:40:53] [DEBUG] Attempting to load: \Develop\Controllers\ConsoleController::ServerBridgeAction
[2026-07-25 02:40:53] [DEBUG] Router: Executing \Develop\Controllers\ConsoleController->ServerBridgeAction
[2026-07-25 02:40:53] [DEBUG] ConsoleController::ServerBridge() start...
[2026-07-25 02:40:53] [DEBUG] ConsoleController::ServerBridge() \Develop\Controllers\PartsDefinitionController::InitialAction()
[2026-07-25 02:40:53] [DEBUG] DBDefinitionController::initialAction() start...
[2026-07-25 02:40:53] [DEBUG] PartsDefinitionController::initialAction() projectId : PRJ-D45FEF
[2026-07-25 02:40:53] [DEBUG] PartsDefinitionModel::getAllPartsList() start... Project ID: PRJ-D45FEF
[2026-07-25 02:40:53] [DEBUG] Screen::updateAreaD() path: \Develop\Views\AreaD\PartsDefinition\PartsDefinitionList.view start...
[2026-07-25 02:40:53] [DEBUG] Screen::getContents() start...
[2026-07-25 02:40:53] [DEBUG] Screen::getContents() finish.
[2026-07-25 02:40:53] [DEBUG] Screen::updateAreaD() finish.
[2026-07-25 02:40:53] [DEBUG] Screen::updateAreaE() [iframe起動版] path: \Develop\Views\AreaE\Area_E_clear.view start...
[2026-07-25 02:40:53] [DEBUG] Screen::getContents() start...
[2026-07-25 02:40:53] [DEBUG] Screen::getContents() finish.
[2026-07-25 02:40:53] [DEBUG] Screen::updateAreaE() finish.
[2026-07-25 02:40:53] [DEBUG] DBDefinitionController::initialAction() end.
[2026-07-25 02:40:53] [DEBUG] Screen::areaView() start...
[2026-07-25 02:40:53] [DEBUG] Screen::areaView() finish.
[2026-07-25 02:40:56] [DEBUG] --- wwProject System Start ---
[2026-07-25 02:40:56] [DEBUG] Router::Router() /jemini/wwProjectV1.53/Develop/Console/ServerBridgeAction/
[2026-07-25 02:40:56] [DEBUG] Attempting to load: \Develop\Controllers\ConsoleController::ServerBridgeAction
[2026-07-25 02:40:56] [DEBUG] Router: Executing \Develop\Controllers\ConsoleController->ServerBridgeAction
[2026-07-25 02:40:56] [DEBUG] ConsoleController::ServerBridge() start...
[2026-07-25 02:40:56] [DEBUG] ConsoleController::ServerBridge() \Develop\Controllers\PartsDefinitionController::editPartsAction()
[2026-07-25 02:40:56] [DEBUG] PartsDefinitionController::editPartsAction() start...
[2026-07-25 02:40:56] [DEBUG] PartsDefinitionModel::getAllPartsList() start... Project ID: PRJ-D45FEF
[2026-07-25 02:40:56] [DEBUG] PartsDefinitionModel::getColumnsByTableId() start... Input: developers
[2026-07-25 02:40:56] [DEBUG] 逆引き成功: 物理名 developers -> table_id : 14
[2026-07-25 02:40:56] [DEBUG] PartsDefinitionModel::getColumnsByTableId() finish. 件数: 9
[2026-07-25 02:40:56] [DEBUG] PartsDefinitionModel::getTableStructure() start... Project ID: PRJ-D45FEF
[2026-07-25 02:40:56] [DEBUG] Screen::updateAreaE() [iframe起動版] path: \Develop\Views\AreaE\PartsDefinition\RegistParts.view start...
[2026-07-25 02:40:56] [DEBUG] Screen::getContents() start...
[2026-07-25 02:40:56] [DEBUG] Screen::getContents() finish.
[2026-07-25 02:40:56] [DEBUG] Screen::updateAreaE() finish.
[2026-07-25 02:40:56] [DEBUG] PartsDefinitionController::editPartsAction() end.
[2026-07-25 02:40:56] [DEBUG] Screen::areaView() start...
[2026-07-25 02:40:56] [DEBUG] Screen::areaView() finish.
[2026-07-25 02:41:06] [DEBUG] --- wwProject System Start ---
[2026-07-25 02:41:06] [DEBUG] Router::Router() /jemini/wwProjectV1.53/Develop/Console/ServerBridgeAction/
[2026-07-25 02:41:06] [DEBUG] Attempting to load: \Develop\Controllers\ConsoleController::ServerBridgeAction
[2026-07-25 02:41:06] [DEBUG] Router: Executing \Develop\Controllers\ConsoleController->ServerBridgeAction
[2026-07-25 02:41:06] [DEBUG] ConsoleController::ServerBridge() start...
[2026-07-25 02:41:06] [DEBUG] ConsoleController::ServerBridge() \Develop\Controllers\PartsDefinitionController::saveAction()
[2026-07-25 02:41:06] [DEBUG] PartsDefinitionController::saveAction() start...
[2026-07-25 02:41:06] [DEBUG] 🔍送信されたPOSTデータ: {"code":"PartsDefinition\/save","parts_id":"4","parts_name":"MultiConfirm","parts_description":"６６６６６６６６Confirm","parts_type":"Multi Record Confirm","table_name":"developers","preview_title":"MultiInputConfirm","input_rows":"6","display_label":"logical","column_filter":"selected","contents":"","checked_columns_json":"id,user_name,login_id,password,xyz","input_style":",,,,,,,,"}
[2026-07-25 02:41:06] [DEBUG] PartsDefinitionModel::saveParts() start... Project ID: PRJ-D45FEF, Parts ID: 4
[2026-07-25 02:41:06] [DEBUG] PartsDefinitionModel::saveParts() 保存するchecked_columns_jsonの値: [id,user_name,login_id,password,xyz]
[2026-07-25 02:41:06] [DEBUG] PartsDefinitionModel::saveParts() search_area : 
[2026-07-25 02:41:06] [DEBUG] PartsDefinitionModel::saveParts() detail_button : 
[2026-07-25 02:41:06] [DEBUG] PartsDefinitionModel::saveParts() UPDATE m_screenparts SET
                            parts_name = :parts_name,
                            parts_description = :parts_description,
                            parts_type = :parts_type,
                            table_name = :table_name,
                            display_label = :display_label,
                            preview_title = :preview_title,
                            column_filter = :column_filter,
                            input_rows = :input_rows,
                            checked_columns_json = :checked_columns_json,
                            input_style = :input_style,
                            contents = :contents,
                            style_condition = :style_condition,
                            style_column = :style_column,
                            search_area = :search_area,
                            detail_button = :detail_button
                        WHERE
                            project_id = :project_id AND parts_id = :parts_id
[2026-07-25 02:41:06] [DEBUG] PartsDefinitionModel::saveParts() UPDATEを実行します。Parts ID: 4
[2026-07-25 02:41:06] [DEBUG] PartsDefinitionModel::getAllPartsList() start... Project ID: PRJ-D45FEF
[2026-07-25 02:41:06] [DEBUG] Screen::updateAreaD() path: \Develop\Views\AreaD\PartsDefinition\PartsDefinitionList.view start...
[2026-07-25 02:41:06] [DEBUG] Screen::getContents() start...
[2026-07-25 02:41:06] [DEBUG] Screen::getContents() finish.
[2026-07-25 02:41:06] [DEBUG] Screen::updateAreaD() finish.
[2026-07-25 02:41:06] [DEBUG] Screen::updateAreaE() [iframe起動版] path: \Develop\Views\AreaE\Area_E_clear.view start...
[2026-07-25 02:41:06] [DEBUG] Screen::getContents() start...
[2026-07-25 02:41:06] [DEBUG] Screen::getContents() finish.
[2026-07-25 02:41:06] [DEBUG] Screen::updateAreaE() finish.
[2026-07-25 02:41:06] [DEBUG] PartsDefinitionController::saveAction() end.
[2026-07-25 02:41:06] [DEBUG] Screen::areaView() start...
[2026-07-25 02:41:06] [DEBUG] Screen::areaView() finish.
[2026-07-25 02:41:09] [DEBUG] --- wwProject System Start ---
[2026-07-25 02:41:09] [DEBUG] Router::Router() /jemini/wwProjectV1.53/Develop/Console/ServerBridgeAction/
[2026-07-25 02:41:09] [DEBUG] Attempting to load: \Develop\Controllers\ConsoleController::ServerBridgeAction
[2026-07-25 02:41:09] [DEBUG] Router: Executing \Develop\Controllers\ConsoleController->ServerBridgeAction
[2026-07-25 02:41:09] [DEBUG] ConsoleController::ServerBridge() start...
[2026-07-25 02:41:09] [DEBUG] ConsoleController::ServerBridge() \Develop\Controllers\PartsDefinitionController::editPartsAction()
[2026-07-25 02:41:09] [DEBUG] PartsDefinitionController::editPartsAction() start...
[2026-07-25 02:41:09] [DEBUG] PartsDefinitionModel::getAllPartsList() start... Project ID: PRJ-D45FEF
[2026-07-25 02:41:09] [DEBUG] PartsDefinitionModel::getColumnsByTableId() start... Input: developers
[2026-07-25 02:41:09] [DEBUG] 逆引き成功: 物理名 developers -> table_id : 14
[2026-07-25 02:41:09] [DEBUG] PartsDefinitionModel::getColumnsByTableId() finish. 件数: 9
[2026-07-25 02:41:09] [DEBUG] PartsDefinitionModel::getTableStructure() start... Project ID: PRJ-D45FEF
[2026-07-25 02:41:09] [DEBUG] Screen::updateAreaE() [iframe起動版] path: \Develop\Views\AreaE\PartsDefinition\RegistParts.view start...
[2026-07-25 02:41:09] [DEBUG] Screen::getContents() start...
[2026-07-25 02:41:09] [DEBUG] Screen::getContents() finish.
[2026-07-25 02:41:09] [DEBUG] Screen::updateAreaE() finish.
[2026-07-25 02:41:09] [DEBUG] PartsDefinitionController::editPartsAction() end.
[2026-07-25 02:41:09] [DEBUG] Screen::areaView() start...
[2026-07-25 02:41:09] [DEBUG] Screen::areaView() finish.
[2026-07-25 02:41:17] [DEBUG] --- wwProject System Start ---
[2026-07-25 02:41:17] [DEBUG] Router::Router() /jemini/wwProjectV1.53/Develop/Console/ServerBridgeAction/
[2026-07-25 02:41:17] [DEBUG] Attempting to load: \Develop\Controllers\ConsoleController::ServerBridgeAction
[2026-07-25 02:41:17] [DEBUG] Router: Executing \Develop\Controllers\ConsoleController->ServerBridgeAction
[2026-07-25 02:41:17] [DEBUG] ConsoleController::ServerBridge() start...
[2026-07-25 02:41:17] [DEBUG] ConsoleController::ServerBridge() \Develop\Controllers\PartsDefinitionController::saveAction()
[2026-07-25 02:41:17] [DEBUG] PartsDefinitionController::saveAction() start...
[2026-07-25 02:41:17] [DEBUG] 🔍送信されたPOSTデータ: {"code":"PartsDefinition\/save","parts_id":"4","parts_name":"MultiConfirm","parts_description":"６６６６６６６６Confirm","parts_type":"Multi Record Confirm","table_name":"developers","preview_title":"MultiInputConfirm","input_rows":"6","display_label":"physical","column_filter":"all","contents":"","checked_columns_json":"id,user_name,login_id,password,xyz","input_style":",,,,,,,,"}
[2026-07-25 02:41:17] [DEBUG] PartsDefinitionModel::saveParts() start... Project ID: PRJ-D45FEF, Parts ID: 4
[2026-07-25 02:41:17] [DEBUG] PartsDefinitionModel::saveParts() 保存するchecked_columns_jsonの値: [id,user_name,login_id,password,xyz]
[2026-07-25 02:41:17] [DEBUG] PartsDefinitionModel::saveParts() search_area : 
[2026-07-25 02:41:17] [DEBUG] PartsDefinitionModel::saveParts() detail_button : 
[2026-07-25 02:41:17] [DEBUG] PartsDefinitionModel::saveParts() UPDATE m_screenparts SET
                            parts_name = :parts_name,
                            parts_description = :parts_description,
                            parts_type = :parts_type,
                            table_name = :table_name,
                            display_label = :display_label,
                            preview_title = :preview_title,
                            column_filter = :column_filter,
                            input_rows = :input_rows,
                            checked_columns_json = :checked_columns_json,
                            input_style = :input_style,
                            contents = :contents,
                            style_condition = :style_condition,
                            style_column = :style_column,
                            search_area = :search_area,
                            detail_button = :detail_button
                        WHERE
                            project_id = :project_id AND parts_id = :parts_id
[2026-07-25 02:41:17] [DEBUG] PartsDefinitionModel::saveParts() UPDATEを実行します。Parts ID: 4
[2026-07-25 02:41:17] [DEBUG] PartsDefinitionModel::getAllPartsList() start... Project ID: PRJ-D45FEF
[2026-07-25 02:41:17] [DEBUG] Screen::updateAreaD() path: \Develop\Views\AreaD\PartsDefinition\PartsDefinitionList.view start...
[2026-07-25 02:41:17] [DEBUG] Screen::getContents() start...
[2026-07-25 02:41:17] [DEBUG] Screen::getContents() finish.
[2026-07-25 02:41:17] [DEBUG] Screen::updateAreaD() finish.
[2026-07-25 02:41:17] [DEBUG] Screen::updateAreaE() [iframe起動版] path: \Develop\Views\AreaE\Area_E_clear.view start...
[2026-07-25 02:41:17] [DEBUG] Screen::getContents() start...
[2026-07-25 02:41:17] [DEBUG] Screen::getContents() finish.
[2026-07-25 02:41:17] [DEBUG] Screen::updateAreaE() finish.
[2026-07-25 02:41:17] [DEBUG] PartsDefinitionController::saveAction() end.
[2026-07-25 02:41:17] [DEBUG] Screen::areaView() start...
[2026-07-25 02:41:17] [DEBUG] Screen::areaView() finish.
[2026-07-25 02:41:20] [DEBUG] --- wwProject System Start ---
[2026-07-25 02:41:20] [DEBUG] Router::Router() /jemini/wwProjectV1.53/Develop/Console/ServerBridgeAction/
[2026-07-25 02:41:20] [DEBUG] Attempting to load: \Develop\Controllers\ConsoleController::ServerBridgeAction
[2026-07-25 02:41:20] [DEBUG] Router: Executing \Develop\Controllers\ConsoleController->ServerBridgeAction
[2026-07-25 02:41:20] [DEBUG] ConsoleController::ServerBridge() start...
[2026-07-25 02:41:20] [DEBUG] ConsoleController::ServerBridge() \Develop\Controllers\PartsDefinitionController::editPartsAction()
[2026-07-25 02:41:20] [DEBUG] PartsDefinitionController::editPartsAction() start...
[2026-07-25 02:41:20] [DEBUG] PartsDefinitionModel::getAllPartsList() start... Project ID: PRJ-D45FEF
[2026-07-25 02:41:20] [DEBUG] PartsDefinitionModel::getColumnsByTableId() start... Input: developers
[2026-07-25 02:41:20] [DEBUG] 逆引き成功: 物理名 developers -> table_id : 14
[2026-07-25 02:41:20] [DEBUG] PartsDefinitionModel::getColumnsByTableId() finish. 件数: 9
[2026-07-25 02:41:20] [DEBUG] PartsDefinitionModel::getTableStructure() start... Project ID: PRJ-D45FEF
[2026-07-25 02:41:20] [DEBUG] Screen::updateAreaE() [iframe起動版] path: \Develop\Views\AreaE\PartsDefinition\RegistParts.view start...
[2026-07-25 02:41:20] [DEBUG] Screen::getContents() start...
[2026-07-25 02:41:20] [DEBUG] Screen::getContents() finish.
[2026-07-25 02:41:20] [DEBUG] Screen::updateAreaE() finish.
[2026-07-25 02:41:20] [DEBUG] PartsDefinitionController::editPartsAction() end.
[2026-07-25 02:41:20] [DEBUG] Screen::areaView() start...
[2026-07-25 02:41:20] [DEBUG] Screen::areaView() finish.
[2026-07-25 02:41:27] [DEBUG] --- wwProject System Start ---
[2026-07-25 02:41:27] [DEBUG] Router::Router() /jemini/wwProjectV1.53/Develop/Console/ServerBridgeAction/
[2026-07-25 02:41:27] [DEBUG] Attempting to load: \Develop\Controllers\ConsoleController::ServerBridgeAction
[2026-07-25 02:41:27] [DEBUG] Router: Executing \Develop\Controllers\ConsoleController->ServerBridgeAction
[2026-07-25 02:41:27] [DEBUG] ConsoleController::ServerBridge() start...
[2026-07-25 02:41:27] [DEBUG] ConsoleController::ServerBridge() \Develop\Controllers\PartsDefinitionController::saveAction()
[2026-07-25 02:41:27] [DEBUG] PartsDefinitionController::saveAction() start...
[2026-07-25 02:41:27] [DEBUG] 🔍送信されたPOSTデータ: {"code":"PartsDefinition\/save","parts_id":"4","parts_name":"MultiConfirm","parts_description":"６６６６６６６６Confirm","parts_type":"Multi Record Confirm","table_name":"developers","preview_title":"MultiInputConfirm","input_rows":"6","display_label":"logical","column_filter":"selected","contents":"","checked_columns_json":"id,user_name,login_id,password,xyz","input_style":",,,,,,,,"}
[2026-07-25 02:41:27] [DEBUG] PartsDefinitionModel::saveParts() start... Project ID: PRJ-D45FEF, Parts ID: 4
[2026-07-25 02:41:27] [DEBUG] PartsDefinitionModel::saveParts() 保存するchecked_columns_jsonの値: [id,user_name,login_id,password,xyz]
[2026-07-25 02:41:27] [DEBUG] PartsDefinitionModel::saveParts() search_area : 
[2026-07-25 02:41:27] [DEBUG] PartsDefinitionModel::saveParts() detail_button : 
[2026-07-25 02:41:27] [DEBUG] PartsDefinitionModel::saveParts() UPDATE m_screenparts SET
                            parts_name = :parts_name,
                            parts_description = :parts_description,
                            parts_type = :parts_type,
                            table_name = :table_name,
                            display_label = :display_label,
                            preview_title = :preview_title,
                            column_filter = :column_filter,
                            input_rows = :input_rows,
                            checked_columns_json = :checked_columns_json,
                            input_style = :input_style,
                            contents = :contents,
                            style_condition = :style_condition,
                            style_column = :style_column,
                            search_area = :search_area,
                            detail_button = :detail_button
                        WHERE
                            project_id = :project_id AND parts_id = :parts_id
[2026-07-25 02:41:27] [DEBUG] PartsDefinitionModel::saveParts() UPDATEを実行します。Parts ID: 4
[2026-07-25 02:41:27] [DEBUG] PartsDefinitionModel::getAllPartsList() start... Project ID: PRJ-D45FEF
[2026-07-25 02:41:27] [DEBUG] Screen::updateAreaD() path: \Develop\Views\AreaD\PartsDefinition\PartsDefinitionList.view start...
[2026-07-25 02:41:27] [DEBUG] Screen::getContents() start...
[2026-07-25 02:41:27] [DEBUG] Screen::getContents() finish.
[2026-07-25 02:41:27] [DEBUG] Screen::updateAreaD() finish.
[2026-07-25 02:41:27] [DEBUG] Screen::updateAreaE() [iframe起動版] path: \Develop\Views\AreaE\Area_E_clear.view start...
[2026-07-25 02:41:27] [DEBUG] Screen::getContents() start...
[2026-07-25 02:41:27] [DEBUG] Screen::getContents() finish.
[2026-07-25 02:41:27] [DEBUG] Screen::updateAreaE() finish.
[2026-07-25 02:41:27] [DEBUG] PartsDefinitionController::saveAction() end.
[2026-07-25 02:41:27] [DEBUG] Screen::areaView() start...
[2026-07-25 02:41:27] [DEBUG] Screen::areaView() finish.
[2026-07-25 02:41:30] [DEBUG] --- wwProject System Start ---
[2026-07-25 02:41:30] [DEBUG] Router::Router() /jemini/wwProjectV1.53/Develop/Console/ServerBridgeAction/
[2026-07-25 02:41:30] [DEBUG] Attempting to load: \Develop\Controllers\ConsoleController::ServerBridgeAction
[2026-07-25 02:41:30] [DEBUG] Router: Executing \Develop\Controllers\ConsoleController->ServerBridgeAction
[2026-07-25 02:41:30] [DEBUG] ConsoleController::ServerBridge() start...
[2026-07-25 02:41:30] [DEBUG] ConsoleController::ServerBridge() \Develop\Controllers\PartsDefinitionController::editPartsAction()
[2026-07-25 02:41:30] [DEBUG] PartsDefinitionController::editPartsAction() start...
[2026-07-25 02:41:30] [DEBUG] PartsDefinitionModel::getAllPartsList() start... Project ID: PRJ-D45FEF
[2026-07-25 02:41:30] [DEBUG] PartsDefinitionModel::getColumnsByTableId() start... Input: developers
[2026-07-25 02:41:30] [DEBUG] 逆引き成功: 物理名 developers -> table_id : 14
[2026-07-25 02:41:30] [DEBUG] PartsDefinitionModel::getColumnsByTableId() finish. 件数: 9
[2026-07-25 02:41:30] [DEBUG] PartsDefinitionModel::getTableStructure() start... Project ID: PRJ-D45FEF
[2026-07-25 02:41:30] [DEBUG] Screen::updateAreaE() [iframe起動版] path: \Develop\Views\AreaE\PartsDefinition\RegistParts.view start...
[2026-07-25 02:41:30] [DEBUG] Screen::getContents() start...
[2026-07-25 02:41:30] [DEBUG] Screen::getContents() finish.
[2026-07-25 02:41:30] [DEBUG] Screen::updateAreaE() finish.
[2026-07-25 02:41:30] [DEBUG] PartsDefinitionController::editPartsAction() end.
[2026-07-25 02:41:30] [DEBUG] Screen::areaView() start...
[2026-07-25 02:41:30] [DEBUG] Screen::areaView() finish.
[2026-07-25 02:41:43] [DEBUG] --- wwProject System Start ---
[2026-07-25 02:41:43] [DEBUG] Router::Router() /jemini/wwProjectV1.53/Develop/Console/ServerBridgeAction/
[2026-07-25 02:41:43] [DEBUG] Attempting to load: \Develop\Controllers\ConsoleController::ServerBridgeAction
[2026-07-25 02:41:43] [DEBUG] Router: Executing \Develop\Controllers\ConsoleController->ServerBridgeAction
[2026-07-25 02:41:43] [DEBUG] ConsoleController::ServerBridge() start...
[2026-07-25 02:41:43] [DEBUG] ConsoleController::ServerBridge() \Develop\Controllers\PartsDefinitionController::saveAction()
[2026-07-25 02:41:43] [DEBUG] PartsDefinitionController::saveAction() start...
[2026-07-25 02:41:43] [DEBUG] 🔍送信されたPOSTデータ: {"code":"PartsDefinition\/save","parts_id":"4","parts_name":"MultiConfirm","parts_description":"６６６６６６６６Confirm","parts_type":"Multi Record Confirm","table_name":"developers","preview_title":"MultiInputConfirm","input_rows":"6","display_label":"logical","column_filter":"selected","contents":"","checked_columns_json":"id,user_name,xyz","input_style":",,,,,,,,"}
[2026-07-25 02:41:43] [DEBUG] PartsDefinitionModel::saveParts() start... Project ID: PRJ-D45FEF, Parts ID: 4
[2026-07-25 02:41:43] [DEBUG] PartsDefinitionModel::saveParts() 保存するchecked_columns_jsonの値: [id,user_name,xyz]
[2026-07-25 02:41:43] [DEBUG] PartsDefinitionModel::saveParts() search_area : 
[2026-07-25 02:41:43] [DEBUG] PartsDefinitionModel::saveParts() detail_button : 
[2026-07-25 02:41:43] [DEBUG] PartsDefinitionModel::saveParts() UPDATE m_screenparts SET
                            parts_name = :parts_name,
                            parts_description = :parts_description,
                            parts_type = :parts_type,
                            table_name = :table_name,
                            display_label = :display_label,
                            preview_title = :preview_title,
                            column_filter = :column_filter,
                            input_rows = :input_rows,
                            checked_columns_json = :checked_columns_json,
                            input_style = :input_style,
                            contents = :contents,
                            style_condition = :style_condition,
                            style_column = :style_column,
                            search_area = :search_area,
                            detail_button = :detail_button
                        WHERE
                            project_id = :project_id AND parts_id = :parts_id
[2026-07-25 02:41:43] [DEBUG] PartsDefinitionModel::saveParts() UPDATEを実行します。Parts ID: 4
[2026-07-25 02:41:43] [DEBUG] PartsDefinitionModel::getAllPartsList() start... Project ID: PRJ-D45FEF
[2026-07-25 02:41:43] [DEBUG] Screen::updateAreaD() path: \Develop\Views\AreaD\PartsDefinition\PartsDefinitionList.view start...
[2026-07-25 02:41:43] [DEBUG] Screen::getContents() start...
[2026-07-25 02:41:43] [DEBUG] Screen::getContents() finish.
[2026-07-25 02:41:43] [DEBUG] Screen::updateAreaD() finish.
[2026-07-25 02:41:43] [DEBUG] Screen::updateAreaE() [iframe起動版] path: \Develop\Views\AreaE\Area_E_clear.view start...
[2026-07-25 02:41:43] [DEBUG] Screen::getContents() start...
[2026-07-25 02:41:43] [DEBUG] Screen::getContents() finish.
[2026-07-25 02:41:43] [DEBUG] Screen::updateAreaE() finish.
[2026-07-25 02:41:43] [DEBUG] PartsDefinitionController::saveAction() end.
[2026-07-25 02:41:43] [DEBUG] Screen::areaView() start...
[2026-07-25 02:41:43] [DEBUG] Screen::areaView() finish.
[2026-07-25 02:41:46] [DEBUG] --- wwProject System Start ---
[2026-07-25 02:41:46] [DEBUG] Router::Router() /jemini/wwProjectV1.53/Develop/Console/ServerBridgeAction/
[2026-07-25 02:41:46] [DEBUG] Attempting to load: \Develop\Controllers\ConsoleController::ServerBridgeAction
[2026-07-25 02:41:46] [DEBUG] Router: Executing \Develop\Controllers\ConsoleController->ServerBridgeAction
[2026-07-25 02:41:46] [DEBUG] ConsoleController::ServerBridge() start...
[2026-07-25 02:41:46] [DEBUG] ConsoleController::ServerBridge() \Develop\Controllers\PartsDefinitionController::editPartsAction()
[2026-07-25 02:41:46] [DEBUG] PartsDefinitionController::editPartsAction() start...
[2026-07-25 02:41:46] [DEBUG] PartsDefinitionModel::getAllPartsList() start... Project ID: PRJ-D45FEF
[2026-07-25 02:41:46] [DEBUG] PartsDefinitionModel::getColumnsByTableId() start... Input: developers
[2026-07-25 02:41:46] [DEBUG] 逆引き成功: 物理名 developers -> table_id : 14
[2026-07-25 02:41:46] [DEBUG] PartsDefinitionModel::getColumnsByTableId() finish. 件数: 9
[2026-07-25 02:41:46] [DEBUG] PartsDefinitionModel::getTableStructure() start... Project ID: PRJ-D45FEF
[2026-07-25 02:41:46] [DEBUG] Screen::updateAreaE() [iframe起動版] path: \Develop\Views\AreaE\PartsDefinition\RegistParts.view start...
[2026-07-25 02:41:46] [DEBUG] Screen::getContents() start...
[2026-07-25 02:41:46] [DEBUG] Screen::getContents() finish.
[2026-07-25 02:41:46] [DEBUG] Screen::updateAreaE() finish.
[2026-07-25 02:41:46] [DEBUG] PartsDefinitionController::editPartsAction() end.
[2026-07-25 02:41:46] [DEBUG] Screen::areaView() start...
[2026-07-25 02:41:46] [DEBUG] Screen::areaView() finish.
[2026-07-25 02:41:48] [DEBUG] --- wwProject System Start ---
[2026-07-25 02:41:48] [DEBUG] Router::Router() /jemini/wwProjectV1.53/Develop/Console/ServerBridgeAction/
[2026-07-25 02:41:48] [DEBUG] Attempting to load: \Develop\Controllers\ConsoleController::ServerBridgeAction
[2026-07-25 02:41:48] [DEBUG] Router: Executing \Develop\Controllers\ConsoleController->ServerBridgeAction
[2026-07-25 02:41:48] [DEBUG] ConsoleController::ServerBridge() start...
[2026-07-25 02:41:48] [DEBUG] ConsoleController::ServerBridge() \Develop\Controllers\PartsDefinitionController::editPartsAction()
[2026-07-25 02:41:48] [DEBUG] PartsDefinitionController::editPartsAction() start...
[2026-07-25 02:41:48] [DEBUG] PartsDefinitionModel::getAllPartsList() start... Project ID: PRJ-D45FEF
[2026-07-25 02:41:48] [DEBUG] PartsDefinitionModel::getColumnsByTableId() start... Input: developers
[2026-07-25 02:41:48] [DEBUG] 逆引き成功: 物理名 developers -> table_id : 14
[2026-07-25 02:41:48] [DEBUG] PartsDefinitionModel::getColumnsByTableId() finish. 件数: 9
[2026-07-25 02:41:48] [DEBUG] PartsDefinitionModel::getTableStructure() start... Project ID: PRJ-D45FEF
[2026-07-25 02:41:48] [DEBUG] Screen::updateAreaE() [iframe起動版] path: \Develop\Views\AreaE\PartsDefinition\RegistParts.view start...
[2026-07-25 02:41:48] [DEBUG] Screen::getContents() start...
[2026-07-25 02:41:48] [DEBUG] Screen::getContents() finish.
[2026-07-25 02:41:48] [DEBUG] Screen::updateAreaE() finish.
[2026-07-25 02:41:48] [DEBUG] PartsDefinitionController::editPartsAction() end.
[2026-07-25 02:41:48] [DEBUG] Screen::areaView() start...
[2026-07-25 02:41:48] [DEBUG] Screen::areaView() finish.
[2026-07-25 02:41:53] [DEBUG] --- wwProject System Start ---
[2026-07-25 02:41:53] [DEBUG] Router::Router() /jemini/wwProjectV1.53/Develop/Console/ServerBridgeAction/
[2026-07-25 02:41:53] [DEBUG] Attempting to load: \Develop\Controllers\ConsoleController::ServerBridgeAction
[2026-07-25 02:41:53] [DEBUG] Router: Executing \Develop\Controllers\ConsoleController->ServerBridgeAction
[2026-07-25 02:41:53] [DEBUG] ConsoleController::ServerBridge() start...
[2026-07-25 02:41:53] [DEBUG] ConsoleController::ServerBridge() \Develop\Controllers\PartsDefinitionController::editPartsAction()
[2026-07-25 02:41:53] [DEBUG] PartsDefinitionController::editPartsAction() start...
[2026-07-25 02:41:53] [DEBUG] PartsDefinitionModel::getAllPartsList() start... Project ID: PRJ-D45FEF
[2026-07-25 02:41:53] [DEBUG] PartsDefinitionModel::getColumnsByTableId() start... Input: developers
[2026-07-25 02:41:53] [DEBUG] 逆引き成功: 物理名 developers -> table_id : 14
[2026-07-25 02:41:53] [DEBUG] PartsDefinitionModel::getColumnsByTableId() finish. 件数: 9
[2026-07-25 02:41:53] [DEBUG] PartsDefinitionModel::getTableStructure() start... Project ID: PRJ-D45FEF
[2026-07-25 02:41:53] [DEBUG] Screen::updateAreaE() [iframe起動版] path: \Develop\Views\AreaE\PartsDefinition\RegistParts.view start...
[2026-07-25 02:41:53] [DEBUG] Screen::getContents() start...
[2026-07-25 02:41:53] [DEBUG] Screen::getContents() finish.
[2026-07-25 02:41:53] [DEBUG] Screen::updateAreaE() finish.
[2026-07-25 02:41:53] [DEBUG] PartsDefinitionController::editPartsAction() end.
[2026-07-25 02:41:53] [DEBUG] Screen::areaView() start...
[2026-07-25 02:41:53] [DEBUG] Screen::areaView() finish.
[2026-07-25 02:41:55] [DEBUG] --- wwProject System Start ---
[2026-07-25 02:41:55] [DEBUG] Router::Router() /jemini/wwProjectV1.53/Develop/Console/ServerBridgeAction/
[2026-07-25 02:41:55] [DEBUG] Attempting to load: \Develop\Controllers\ConsoleController::ServerBridgeAction
[2026-07-25 02:41:55] [DEBUG] Router: Executing \Develop\Controllers\ConsoleController->ServerBridgeAction
[2026-07-25 02:41:55] [DEBUG] ConsoleController::ServerBridge() start...
[2026-07-25 02:41:55] [DEBUG] ConsoleController::ServerBridge() \Develop\Controllers\PartsDefinitionController::editPartsAction()
[2026-07-25 02:41:55] [DEBUG] PartsDefinitionController::editPartsAction() start...
[2026-07-25 02:41:55] [DEBUG] PartsDefinitionModel::getAllPartsList() start... Project ID: PRJ-D45FEF
[2026-07-25 02:41:55] [DEBUG] PartsDefinitionModel::getColumnsByTableId() start... Input: developers
[2026-07-25 02:41:55] [DEBUG] 逆引き成功: 物理名 developers -> table_id : 14
[2026-07-25 02:41:55] [DEBUG] PartsDefinitionModel::getColumnsByTableId() finish. 件数: 9
[2026-07-25 02:41:55] [DEBUG] PartsDefinitionModel::getTableStructure() start... Project ID: PRJ-D45FEF
[2026-07-25 02:41:55] [DEBUG] Screen::updateAreaE() [iframe起動版] path: \Develop\Views\AreaE\PartsDefinition\RegistParts.view start...
[2026-07-25 02:41:55] [DEBUG] Screen::getContents() start...
[2026-07-25 02:41:55] [DEBUG] Screen::getContents() finish.
[2026-07-25 02:41:55] [DEBUG] Screen::updateAreaE() finish.
[2026-07-25 02:41:55] [DEBUG] PartsDefinitionController::editPartsAction() end.
[2026-07-25 02:41:55] [DEBUG] Screen::areaView() start...
[2026-07-25 02:41:55] [DEBUG] Screen::areaView() finish.
[2026-07-25 02:41:57] [DEBUG] --- wwProject System Start ---
[2026-07-25 02:41:57] [DEBUG] Router::Router() /jemini/wwProjectV1.53/Develop/Console/ServerBridgeAction/
[2026-07-25 02:41:57] [DEBUG] Attempting to load: \Develop\Controllers\ConsoleController::ServerBridgeAction
[2026-07-25 02:41:57] [DEBUG] Router: Executing \Develop\Controllers\ConsoleController->ServerBridgeAction
[2026-07-25 02:41:57] [DEBUG] ConsoleController::ServerBridge() start...
[2026-07-25 02:41:57] [DEBUG] ConsoleController::ServerBridge() \Develop\Controllers\PartsDefinitionController::editPartsAction()
[2026-07-25 02:41:57] [DEBUG] PartsDefinitionController::editPartsAction() start...
[2026-07-25 02:41:57] [DEBUG] PartsDefinitionModel::getAllPartsList() start... Project ID: PRJ-D45FEF
[2026-07-25 02:41:57] [DEBUG] PartsDefinitionModel::getColumnsByTableId() start... Input: newDevelopers
[2026-07-25 02:41:57] [DEBUG] 逆引き成功: 物理名 newDevelopers -> table_id : 12
[2026-07-25 02:41:57] [DEBUG] PartsDefinitionModel::getColumnsByTableId() finish. 件数: 9
[2026-07-25 02:41:57] [DEBUG] PartsDefinitionModel::getTableStructure() start... Project ID: PRJ-D45FEF
[2026-07-25 02:41:57] [DEBUG] Screen::updateAreaE() [iframe起動版] path: \Develop\Views\AreaE\PartsDefinition\RegistParts.view start...
[2026-07-25 02:41:57] [DEBUG] Screen::getContents() start...
[2026-07-25 02:41:57] [DEBUG] Screen::getContents() finish.
[2026-07-25 02:41:57] [DEBUG] Screen::updateAreaE() finish.
[2026-07-25 02:41:57] [DEBUG] PartsDefinitionController::editPartsAction() end.
[2026-07-25 02:41:57] [DEBUG] Screen::areaView() start...
[2026-07-25 02:41:57] [DEBUG] Screen::areaView() finish.
[2026-07-25 02:41:59] [DEBUG] --- wwProject System Start ---
[2026-07-25 02:41:59] [DEBUG] Router::Router() /jemini/wwProjectV1.53/Develop/Console/ServerBridgeAction/
[2026-07-25 02:41:59] [DEBUG] Attempting to load: \Develop\Controllers\ConsoleController::ServerBridgeAction
[2026-07-25 02:41:59] [DEBUG] Router: Executing \Develop\Controllers\ConsoleController->ServerBridgeAction
[2026-07-25 02:41:59] [DEBUG] ConsoleController::ServerBridge() start...
[2026-07-25 02:41:59] [DEBUG] ConsoleController::ServerBridge() \Develop\Controllers\PartsDefinitionController::editPartsAction()
[2026-07-25 02:41:59] [DEBUG] PartsDefinitionController::editPartsAction() start...
[2026-07-25 02:41:59] [DEBUG] PartsDefinitionModel::getAllPartsList() start... Project ID: PRJ-D45FEF
[2026-07-25 02:41:59] [DEBUG] PartsDefinitionModel::getColumnsByTableId() start... Input: newDevelopers
[2026-07-25 02:41:59] [DEBUG] 逆引き成功: 物理名 newDevelopers -> table_id : 12
[2026-07-25 02:41:59] [DEBUG] PartsDefinitionModel::getColumnsByTableId() finish. 件数: 9
[2026-07-25 02:41:59] [DEBUG] PartsDefinitionModel::getTableStructure() start... Project ID: PRJ-D45FEF
[2026-07-25 02:41:59] [DEBUG] Screen::updateAreaE() [iframe起動版] path: \Develop\Views\AreaE\PartsDefinition\RegistParts.view start...
[2026-07-25 02:41:59] [DEBUG] Screen::getContents() start...
[2026-07-25 02:42:00] [DEBUG] Screen::getContents() finish.
[2026-07-25 02:42:00] [DEBUG] Screen::updateAreaE() finish.
[2026-07-25 02:42:00] [DEBUG] PartsDefinitionController::editPartsAction() end.
[2026-07-25 02:42:00] [DEBUG] Screen::areaView() start...
[2026-07-25 02:42:00] [DEBUG] Screen::areaView() finish.
[2026-07-25 02:42:01] [DEBUG] --- wwProject System Start ---
[2026-07-25 02:42:01] [DEBUG] Router::Router() /jemini/wwProjectV1.53/Develop/Console/ServerBridgeAction/
[2026-07-25 02:42:01] [DEBUG] Attempting to load: \Develop\Controllers\ConsoleController::ServerBridgeAction
[2026-07-25 02:42:01] [DEBUG] Router: Executing \Develop\Controllers\ConsoleController->ServerBridgeAction
[2026-07-25 02:42:01] [DEBUG] ConsoleController::ServerBridge() start...
[2026-07-25 02:42:01] [DEBUG] ConsoleController::ServerBridge() \Develop\Controllers\PartsDefinitionController::editPartsAction()
[2026-07-25 02:42:01] [DEBUG] PartsDefinitionController::editPartsAction() start...
[2026-07-25 02:42:01] [DEBUG] PartsDefinitionModel::getAllPartsList() start... Project ID: PRJ-D45FEF
[2026-07-25 02:42:01] [DEBUG] PartsDefinitionModel::getColumnsByTableId() start... Input: newDevelopers
[2026-07-25 02:42:01] [DEBUG] 逆引き成功: 物理名 newDevelopers -> table_id : 12
[2026-07-25 02:42:01] [DEBUG] PartsDefinitionModel::getColumnsByTableId() finish. 件数: 9
[2026-07-25 02:42:01] [DEBUG] PartsDefinitionModel::getTableStructure() start... Project ID: PRJ-D45FEF
[2026-07-25 02:42:01] [DEBUG] Screen::updateAreaE() [iframe起動版] path: \Develop\Views\AreaE\PartsDefinition\RegistParts.view start...
[2026-07-25 02:42:01] [DEBUG] Screen::getContents() start...
[2026-07-25 02:42:01] [DEBUG] Screen::getContents() finish.
[2026-07-25 02:42:01] [DEBUG] Screen::updateAreaE() finish.
[2026-07-25 02:42:01] [DEBUG] PartsDefinitionController::editPartsAction() end.
[2026-07-25 02:42:01] [DEBUG] Screen::areaView() start...
[2026-07-25 02:42:01] [DEBUG] Screen::areaView() finish.
[2026-07-25 02:44:29] [DEBUG] --- wwProject System Start ---
[2026-07-25 02:44:29] [DEBUG] Router::Router() /jemini/wwProjectV1.53/Develop/Console/initial/
[2026-07-25 02:44:29] [DEBUG] Attempting to load: \Develop\Controllers\ConsoleController::initialAction
[2026-07-25 02:44:29] [DEBUG] Router: Executing \Develop\Controllers\ConsoleController->initialAction
[2026-07-25 02:44:29] [DEBUG] Console::initialAction() start...
[2026-07-25 02:44:29] [DEBUG] Screen::view() path: \Develop\Views\Console\Console.view start...
[2026-07-25 02:44:29] [DEBUG] Screen::getContents() start...
[2026-07-25 02:44:29] [DEBUG] Screen::getContents() finish.
[2026-07-25 02:44:29] [DEBUG] Screen::view() path: \Develop\Views\Console\Console.view finish.
[2026-07-25 02:44:29] [DEBUG] ConsoleController::initialAction() finish.
[2026-07-25 02:44:29] [DEBUG] --- wwProject System Start ---
[2026-07-25 02:44:29] [DEBUG] Router::Router() /jemini/wwProjectV1.53/Develop/Console/ServerBridgeAction/
[2026-07-25 02:44:29] [DEBUG] Attempting to load: \Develop\Controllers\ConsoleController::ServerBridgeAction
[2026-07-25 02:44:29] [DEBUG] Router: Executing \Develop\Controllers\ConsoleController->ServerBridgeAction
[2026-07-25 02:44:29] [DEBUG] ConsoleController::ServerBridge() start...
[2026-07-25 02:44:29] [DEBUG] ConsoleController::ServerBridge() \Develop\Controllers\ConsoleController::areaInitialAction()
[2026-07-25 02:44:29] [DEBUG] ConsoleController::AreaInitialAction() start...
[2026-07-25 02:44:29] [DEBUG] Screen::updateAreaA() path: \Develop\Views\AreaA\Area_A.view start...
[2026-07-25 02:44:29] [DEBUG] Screen::areaView() sending JSON: ["areas"]
[2026-07-25 02:44:29] [DEBUG] Screen::getContents() start...
[2026-07-25 02:44:29] [DEBUG] Screen::getContents() finish.
[2026-07-25 02:44:29] [DEBUG] Screen::updateAreaA() finish.
[2026-07-25 02:44:29] [DEBUG] Screen::updateAreaB() path: \Develop\Views\AreaB\Area_B.view start...
[2026-07-25 02:44:29] [DEBUG] Screen::getContents() start...
[2026-07-25 02:44:29] [DEBUG] Screen::getContents() finish.
[2026-07-25 02:44:29] [DEBUG] Screen::updateAreaB() finish.
[2026-07-25 02:44:29] [DEBUG] Screen::updateAreaD() path: \Develop\Views\AreaD\Area_D_clear.view start...
[2026-07-25 02:44:29] [DEBUG] Screen::getContents() start...
[2026-07-25 02:44:29] [DEBUG] Screen::getContents() finish.
[2026-07-25 02:44:29] [DEBUG] Screen::updateAreaD() finish.
[2026-07-25 02:44:29] [DEBUG] Screen::updateAreaE() [iframe起動版] path: \Develop\Views\AreaE\Area_E_clear.view start...
[2026-07-25 02:44:29] [DEBUG] Screen::getContents() start...
[2026-07-25 02:44:29] [DEBUG] Screen::getContents() finish.
[2026-07-25 02:44:29] [DEBUG] Screen::updateAreaE() finish.
[2026-07-25 02:44:29] [DEBUG] Screen::updateAreaF() path: \Develop\Views\AreaF\Area_F.view start...
[2026-07-25 02:44:29] [DEBUG] Screen::getContents() start...
[2026-07-25 02:44:29] [DEBUG] Screen::getContents() finish.
[2026-07-25 02:44:29] [DEBUG] Screen::updateAreaF() finish.
[2026-07-25 02:44:29] [DEBUG] ProjectController::startProjectNabi() start...
[2026-07-25 02:44:29] [DEBUG] ProjectController::getProjectListHtml() start...
[2026-07-25 02:44:29] [DEBUG] ProjectModel::getProjectList() start...
[2026-07-25 02:44:29] [DEBUG] ProjectModel::getProjectList() finish.
[2026-07-25 02:44:29] [DEBUG] CodeMasterModel：：getCodesByGroup() start...
[2026-07-25 02:44:29] [DEBUG] CodeMasterModel：：getCodesByGroup() finish.
[2026-07-25 02:44:29] [DEBUG] ProjectController::getNaviFooterHtml() start...
[2026-07-25 02:44:29] [DEBUG] ProjectController::getNaviFooterHtml() finish.
[2026-07-25 02:44:29] [DEBUG] ProjectController::startProjectNabi() finish.
[2026-07-25 02:44:29] [DEBUG] Screen::updateAreaC() \Develop\Views\AreaC\Area_C.view start...
[2026-07-25 02:44:29] [DEBUG] Screen::getContents() start...
[2026-07-25 02:44:29] [DEBUG] Screen::getContents() finish.
[2026-07-25 02:44:29] [DEBUG] Screen::updateAreaC() finish.
[2026-07-25 02:44:29] [DEBUG] ConsoleController::AreaInitialAction() finish.
[2026-07-25 02:44:29] [DEBUG] Screen::areaView() start...
[2026-07-25 02:44:29] [DEBUG] Screen::areaView() finish.
[2026-07-25 02:44:31] [DEBUG] --- wwProject System Start ---
[2026-07-25 02:44:31] [DEBUG] Router::Router() /jemini/wwProjectV1.53/Develop/Console/ServerBridgeAction/
[2026-07-25 02:44:31] [DEBUG] Attempting to load: \Develop\Controllers\ConsoleController::ServerBridgeAction
[2026-07-25 02:44:31] [DEBUG] Router: Executing \Develop\Controllers\ConsoleController->ServerBridgeAction
[2026-07-25 02:44:31] [DEBUG] ConsoleController::ServerBridge() start...
[2026-07-25 02:44:31] [DEBUG] ConsoleController::ServerBridge() \Develop\Controllers\PartsDefinitionController::InitialAction()
[2026-07-25 02:44:31] [DEBUG] DBDefinitionController::initialAction() start...
[2026-07-25 02:44:31] [DEBUG] PartsDefinitionController::initialAction() projectId : PRJ-D45FEF
[2026-07-25 02:44:31] [DEBUG] PartsDefinitionModel::getAllPartsList() start... Project ID: PRJ-D45FEF
[2026-07-25 02:44:31] [DEBUG] Screen::updateAreaD() path: \Develop\Views\AreaD\PartsDefinition\PartsDefinitionList.view start...
[2026-07-25 02:44:31] [DEBUG] Screen::getContents() start...
[2026-07-25 02:44:31] [DEBUG] Screen::getContents() finish.
[2026-07-25 02:44:31] [DEBUG] Screen::updateAreaD() finish.
[2026-07-25 02:44:31] [DEBUG] Screen::updateAreaE() [iframe起動版] path: \Develop\Views\AreaE\Area_E_clear.view start...
[2026-07-25 02:44:31] [DEBUG] Screen::getContents() start...
[2026-07-25 02:44:31] [DEBUG] Screen::getContents() finish.
[2026-07-25 02:44:31] [DEBUG] Screen::updateAreaE() finish.
[2026-07-25 02:44:31] [DEBUG] DBDefinitionController::initialAction() end.
[2026-07-25 02:44:31] [DEBUG] Screen::areaView() start...
[2026-07-25 02:44:31] [DEBUG] Screen::areaView() finish.
[2026-07-25 02:44:33] [DEBUG] --- wwProject System Start ---
[2026-07-25 02:44:33] [DEBUG] Router::Router() /jemini/wwProjectV1.53/Develop/Console/ServerBridgeAction/
[2026-07-25 02:44:33] [DEBUG] Attempting to load: \Develop\Controllers\ConsoleController::ServerBridgeAction
[2026-07-25 02:44:33] [DEBUG] Router: Executing \Develop\Controllers\ConsoleController->ServerBridgeAction
[2026-07-25 02:44:33] [DEBUG] ConsoleController::ServerBridge() start...
[2026-07-25 02:44:33] [DEBUG] ConsoleController::ServerBridge() \Develop\Controllers\PartsDefinitionController::editPartsAction()
[2026-07-25 02:44:33] [DEBUG] PartsDefinitionController::editPartsAction() start...
[2026-07-25 02:44:33] [DEBUG] PartsDefinitionModel::getAllPartsList() start... Project ID: PRJ-D45FEF
[2026-07-25 02:44:33] [DEBUG] PartsDefinitionModel::getColumnsByTableId() start... Input: newDevelopers
[2026-07-25 02:44:33] [DEBUG] 逆引き成功: 物理名 newDevelopers -> table_id : 12
[2026-07-25 02:44:33] [DEBUG] PartsDefinitionModel::getColumnsByTableId() finish. 件数: 9
[2026-07-25 02:44:33] [DEBUG] PartsDefinitionModel::getTableStructure() start... Project ID: PRJ-D45FEF
[2026-07-25 02:44:33] [DEBUG] Screen::updateAreaE() [iframe起動版] path: \Develop\Views\AreaE\PartsDefinition\RegistParts.view start...
[2026-07-25 02:44:33] [DEBUG] Screen::getContents() start...
[2026-07-25 02:44:33] [DEBUG] Screen::getContents() finish.
[2026-07-25 02:44:33] [DEBUG] Screen::updateAreaE() finish.
[2026-07-25 02:44:33] [DEBUG] PartsDefinitionController::editPartsAction() end.
[2026-07-25 02:44:33] [DEBUG] Screen::areaView() start...
[2026-07-25 02:44:33] [DEBUG] Screen::areaView() finish.
[2026-07-25 02:44:38] [DEBUG] --- wwProject System Start ---
[2026-07-25 02:44:38] [DEBUG] Router::Router() /jemini/wwProjectV1.53/Develop/Console/ServerBridgeAction/
[2026-07-25 02:44:38] [DEBUG] Attempting to load: \Develop\Controllers\ConsoleController::ServerBridgeAction
[2026-07-25 02:44:38] [DEBUG] Router: Executing \Develop\Controllers\ConsoleController->ServerBridgeAction
[2026-07-25 02:44:38] [DEBUG] ConsoleController::ServerBridge() start...
[2026-07-25 02:44:38] [DEBUG] ConsoleController::ServerBridge() \Develop\Controllers\PartsDefinitionController::editPartsAction()
[2026-07-25 02:44:38] [DEBUG] PartsDefinitionController::editPartsAction() start...
[2026-07-25 02:44:38] [DEBUG] PartsDefinitionModel::getAllPartsList() start... Project ID: PRJ-D45FEF
[2026-07-25 02:44:38] [DEBUG] PartsDefinitionModel::getColumnsByTableId() start... Input: newDevelopers
[2026-07-25 02:44:38] [DEBUG] 逆引き成功: 物理名 newDevelopers -> table_id : 12
[2026-07-25 02:44:38] [DEBUG] PartsDefinitionModel::getColumnsByTableId() finish. 件数: 9
[2026-07-25 02:44:38] [DEBUG] PartsDefinitionModel::getTableStructure() start... Project ID: PRJ-D45FEF
[2026-07-25 02:44:38] [DEBUG] Screen::updateAreaE() [iframe起動版] path: \Develop\Views\AreaE\PartsDefinition\RegistParts.view start...
[2026-07-25 02:44:38] [DEBUG] Screen::getContents() start...
[2026-07-25 02:44:38] [DEBUG] Screen::getContents() finish.
[2026-07-25 02:44:38] [DEBUG] Screen::updateAreaE() finish.
[2026-07-25 02:44:38] [DEBUG] PartsDefinitionController::editPartsAction() end.
[2026-07-25 02:44:38] [DEBUG] Screen::areaView() start...
[2026-07-25 02:44:38] [DEBUG] Screen::areaView() finish.
[2026-07-25 02:44:41] [DEBUG] --- wwProject System Start ---
[2026-07-25 02:44:41] [DEBUG] Router::Router() /jemini/wwProjectV1.53/Develop/Console/ServerBridgeAction/
[2026-07-25 02:44:41] [DEBUG] Attempting to load: \Develop\Controllers\ConsoleController::ServerBridgeAction
[2026-07-25 02:44:41] [DEBUG] Router: Executing \Develop\Controllers\ConsoleController->ServerBridgeAction
[2026-07-25 02:44:41] [DEBUG] ConsoleController::ServerBridge() start...
[2026-07-25 02:44:41] [DEBUG] ConsoleController::ServerBridge() \Develop\Controllers\PartsDefinitionController::editPartsAction()
[2026-07-25 02:44:41] [DEBUG] PartsDefinitionController::editPartsAction() start...
[2026-07-25 02:44:41] [DEBUG] PartsDefinitionModel::getAllPartsList() start... Project ID: PRJ-D45FEF
[2026-07-25 02:44:41] [DEBUG] PartsDefinitionModel::getColumnsByTableId() start... Input: newDevelopers
[2026-07-25 02:44:41] [DEBUG] 逆引き成功: 物理名 newDevelopers -> table_id : 12
[2026-07-25 02:44:41] [DEBUG] PartsDefinitionModel::getColumnsByTableId() finish. 件数: 9
[2026-07-25 02:44:41] [DEBUG] PartsDefinitionModel::getTableStructure() start... Project ID: PRJ-D45FEF
[2026-07-25 02:44:41] [DEBUG] Screen::updateAreaE() [iframe起動版] path: \Develop\Views\AreaE\PartsDefinition\RegistParts.view start...
[2026-07-25 02:44:41] [DEBUG] Screen::getContents() start...
[2026-07-25 02:44:41] [DEBUG] Screen::getContents() finish.
[2026-07-25 02:44:41] [DEBUG] Screen::updateAreaE() finish.
[2026-07-25 02:44:41] [DEBUG] PartsDefinitionController::editPartsAction() end.
[2026-07-25 02:44:41] [DEBUG] Screen::areaView() start...
[2026-07-25 02:44:41] [DEBUG] Screen::areaView() finish.
[2026-07-25 02:44:58] [DEBUG] --- wwProject System Start ---
[2026-07-25 02:44:58] [DEBUG] Router::Router() /jemini/wwProjectV1.53/Develop/Console/ServerBridgeAction/
[2026-07-25 02:44:58] [DEBUG] Attempting to load: \Develop\Controllers\ConsoleController::ServerBridgeAction
[2026-07-25 02:44:58] [DEBUG] Router: Executing \Develop\Controllers\ConsoleController->ServerBridgeAction
[2026-07-25 02:44:58] [DEBUG] ConsoleController::ServerBridge() start...
[2026-07-25 02:44:58] [DEBUG] ConsoleController::ServerBridge() \Develop\Controllers\PartsDefinitionController::editPartsAction()
[2026-07-25 02:44:58] [DEBUG] PartsDefinitionController::editPartsAction() start...
[2026-07-25 02:44:58] [DEBUG] PartsDefinitionModel::getAllPartsList() start... Project ID: PRJ-D45FEF
[2026-07-25 02:44:58] [DEBUG] PartsDefinitionModel::getColumnsByTableId() start... Input: newDevelopers
[2026-07-25 02:44:58] [DEBUG] 逆引き成功: 物理名 newDevelopers -> table_id : 12
[2026-07-25 02:44:58] [DEBUG] PartsDefinitionModel::getColumnsByTableId() finish. 件数: 9
[2026-07-25 02:44:58] [DEBUG] PartsDefinitionModel::getTableStructure() start... Project ID: PRJ-D45FEF
[2026-07-25 02:44:58] [DEBUG] Screen::updateAreaE() [iframe起動版] path: \Develop\Views\AreaE\PartsDefinition\RegistParts.view start...
[2026-07-25 02:44:58] [DEBUG] Screen::getContents() start...
[2026-07-25 02:44:58] [DEBUG] Screen::getContents() finish.
[2026-07-25 02:44:58] [DEBUG] Screen::updateAreaE() finish.
[2026-07-25 02:44:58] [DEBUG] PartsDefinitionController::editPartsAction() end.
[2026-07-25 02:44:58] [DEBUG] Screen::areaView() start...
[2026-07-25 02:44:58] [DEBUG] Screen::areaView() finish.
[2026-07-25 02:45:06] [DEBUG] --- wwProject System Start ---
[2026-07-25 02:45:06] [DEBUG] Router::Router() /jemini/wwProjectV1.53/Develop/Console/ServerBridgeAction/
[2026-07-25 02:45:06] [DEBUG] Attempting to load: \Develop\Controllers\ConsoleController::ServerBridgeAction
[2026-07-25 02:45:06] [DEBUG] Router: Executing \Develop\Controllers\ConsoleController->ServerBridgeAction
[2026-07-25 02:45:06] [DEBUG] ConsoleController::ServerBridge() start...
[2026-07-25 02:45:06] [DEBUG] ConsoleController::ServerBridge() \Develop\Controllers\PartsDefinitionController::editPartsAction()
[2026-07-25 02:45:06] [DEBUG] PartsDefinitionController::editPartsAction() start...
[2026-07-25 02:45:06] [DEBUG] PartsDefinitionModel::getAllPartsList() start... Project ID: PRJ-D45FEF
[2026-07-25 02:45:06] [DEBUG] PartsDefinitionModel::getColumnsByTableId() start... Input: newDevelopers
[2026-07-25 02:45:06] [DEBUG] 逆引き成功: 物理名 newDevelopers -> table_id : 12
[2026-07-25 02:45:06] [DEBUG] PartsDefinitionModel::getColumnsByTableId() finish. 件数: 9
[2026-07-25 02:45:06] [DEBUG] PartsDefinitionModel::getTableStructure() start... Project ID: PRJ-D45FEF
[2026-07-25 02:45:06] [DEBUG] Screen::updateAreaE() [iframe起動版] path: \Develop\Views\AreaE\PartsDefinition\RegistParts.view start...
[2026-07-25 02:45:06] [DEBUG] Screen::getContents() start...
[2026-07-25 02:45:06] [DEBUG] Screen::getContents() finish.
[2026-07-25 02:45:06] [DEBUG] Screen::updateAreaE() finish.
[2026-07-25 02:45:06] [DEBUG] PartsDefinitionController::editPartsAction() end.
[2026-07-25 02:45:06] [DEBUG] Screen::areaView() start...
[2026-07-25 02:45:06] [DEBUG] Screen::areaView() finish.
[2026-07-25 02:46:20] [DEBUG] --- wwProject System Start ---
[2026-07-25 02:46:20] [DEBUG] Router::Router() /jemini/wwProjectV1.53/Develop/Console/initial/
[2026-07-25 02:46:20] [DEBUG] Attempting to load: \Develop\Controllers\ConsoleController::initialAction
[2026-07-25 02:46:20] [DEBUG] Router: Executing \Develop\Controllers\ConsoleController->initialAction
[2026-07-25 02:46:20] [DEBUG] Console::initialAction() start...
[2026-07-25 02:46:20] [DEBUG] Screen::view() path: \Develop\Views\Console\Console.view start...
[2026-07-25 02:46:20] [DEBUG] Screen::getContents() start...
[2026-07-25 02:46:20] [DEBUG] Screen::getContents() finish.
[2026-07-25 02:46:20] [DEBUG] Screen::view() path: \Develop\Views\Console\Console.view finish.
[2026-07-25 02:46:20] [DEBUG] ConsoleController::initialAction() finish.
[2026-07-25 02:46:20] [DEBUG] --- wwProject System Start ---
[2026-07-25 02:46:20] [DEBUG] Router::Router() /jemini/wwProjectV1.53/Develop/Console/ServerBridgeAction/
[2026-07-25 02:46:20] [DEBUG] Attempting to load: \Develop\Controllers\ConsoleController::ServerBridgeAction
[2026-07-25 02:46:20] [DEBUG] Router: Executing \Develop\Controllers\ConsoleController->ServerBridgeAction
[2026-07-25 02:46:20] [DEBUG] ConsoleController::ServerBridge() start...
[2026-07-25 02:46:20] [DEBUG] ConsoleController::ServerBridge() \Develop\Controllers\ConsoleController::areaInitialAction()
[2026-07-25 02:46:20] [DEBUG] ConsoleController::AreaInitialAction() start...
[2026-07-25 02:46:20] [DEBUG] Screen::updateAreaA() path: \Develop\Views\AreaA\Area_A.view start...
[2026-07-25 02:46:20] [DEBUG] Screen::areaView() sending JSON: ["areas"]
[2026-07-25 02:46:20] [DEBUG] Screen::getContents() start...
[2026-07-25 02:46:20] [DEBUG] Screen::getContents() finish.
[2026-07-25 02:46:20] [DEBUG] Screen::updateAreaA() finish.
[2026-07-25 02:46:20] [DEBUG] Screen::updateAreaB() path: \Develop\Views\AreaB\Area_B.view start...
[2026-07-25 02:46:20] [DEBUG] Screen::getContents() start...
[2026-07-25 02:46:20] [DEBUG] Screen::getContents() finish.
[2026-07-25 02:46:20] [DEBUG] Screen::updateAreaB() finish.
[2026-07-25 02:46:20] [DEBUG] Screen::updateAreaD() path: \Develop\Views\AreaD\Area_D_clear.view start...
[2026-07-25 02:46:20] [DEBUG] Screen::getContents() start...
[2026-07-25 02:46:20] [DEBUG] Screen::getContents() finish.
[2026-07-25 02:46:20] [DEBUG] Screen::updateAreaD() finish.
[2026-07-25 02:46:20] [DEBUG] Screen::updateAreaE() [iframe起動版] path: \Develop\Views\AreaE\Area_E_clear.view start...
[2026-07-25 02:46:20] [DEBUG] Screen::getContents() start...
[2026-07-25 02:46:20] [DEBUG] Screen::getContents() finish.
[2026-07-25 02:46:20] [DEBUG] Screen::updateAreaE() finish.
[2026-07-25 02:46:20] [DEBUG] Screen::updateAreaF() path: \Develop\Views\AreaF\Area_F.view start...
[2026-07-25 02:46:20] [DEBUG] Screen::getContents() start...
[2026-07-25 02:46:20] [DEBUG] Screen::getContents() finish.
[2026-07-25 02:46:20] [DEBUG] Screen::updateAreaF() finish.
[2026-07-25 02:46:20] [DEBUG] ProjectController::startProjectNabi() start...
[2026-07-25 02:46:20] [DEBUG] ProjectController::getProjectListHtml() start...
[2026-07-25 02:46:20] [DEBUG] ProjectModel::getProjectList() start...
[2026-07-25 02:46:20] [DEBUG] ProjectModel::getProjectList() finish.
[2026-07-25 02:46:20] [DEBUG] CodeMasterModel：：getCodesByGroup() start...
[2026-07-25 02:46:20] [DEBUG] CodeMasterModel：：getCodesByGroup() finish.
[2026-07-25 02:46:20] [DEBUG] ProjectController::getNaviFooterHtml() start...
[2026-07-25 02:46:20] [DEBUG] ProjectController::getNaviFooterHtml() finish.
[2026-07-25 02:46:20] [DEBUG] ProjectController::startProjectNabi() finish.
[2026-07-25 02:46:20] [DEBUG] Screen::updateAreaC() \Develop\Views\AreaC\Area_C.view start...
[2026-07-25 02:46:20] [DEBUG] Screen::getContents() start...
[2026-07-25 02:46:20] [DEBUG] Screen::getContents() finish.
[2026-07-25 02:46:20] [DEBUG] Screen::updateAreaC() finish.
[2026-07-25 02:46:20] [DEBUG] ConsoleController::AreaInitialAction() finish.
[2026-07-25 02:46:20] [DEBUG] Screen::areaView() start...
[2026-07-25 02:46:20] [DEBUG] Screen::areaView() finish.
[2026-07-25 02:46:22] [DEBUG] --- wwProject System Start ---
[2026-07-25 02:46:22] [DEBUG] Router::Router() /jemini/wwProjectV1.53/Develop/Console/ServerBridgeAction/
[2026-07-25 02:46:22] [DEBUG] Attempting to load: \Develop\Controllers\ConsoleController::ServerBridgeAction
[2026-07-25 02:46:22] [DEBUG] Router: Executing \Develop\Controllers\ConsoleController->ServerBridgeAction
[2026-07-25 02:46:22] [DEBUG] ConsoleController::ServerBridge() start...
[2026-07-25 02:46:22] [DEBUG] ConsoleController::ServerBridge() \Develop\Controllers\PartsDefinitionController::InitialAction()
[2026-07-25 02:46:22] [DEBUG] DBDefinitionController::initialAction() start...
[2026-07-25 02:46:22] [DEBUG] PartsDefinitionController::initialAction() projectId : PRJ-D45FEF
[2026-07-25 02:46:22] [DEBUG] PartsDefinitionModel::getAllPartsList() start... Project ID: PRJ-D45FEF
[2026-07-25 02:46:22] [DEBUG] Screen::updateAreaD() path: \Develop\Views\AreaD\PartsDefinition\PartsDefinitionList.view start...
[2026-07-25 02:46:22] [DEBUG] Screen::getContents() start...
[2026-07-25 02:46:22] [DEBUG] Screen::getContents() finish.
[2026-07-25 02:46:22] [DEBUG] Screen::updateAreaD() finish.
[2026-07-25 02:46:22] [DEBUG] Screen::updateAreaE() [iframe起動版] path: \Develop\Views\AreaE\Area_E_clear.view start...
[2026-07-25 02:46:22] [DEBUG] Screen::getContents() start...
[2026-07-25 02:46:22] [DEBUG] Screen::getContents() finish.
[2026-07-25 02:46:22] [DEBUG] Screen::updateAreaE() finish.
[2026-07-25 02:46:22] [DEBUG] DBDefinitionController::initialAction() end.
[2026-07-25 02:46:22] [DEBUG] Screen::areaView() start...
[2026-07-25 02:46:22] [DEBUG] Screen::areaView() finish.
[2026-07-25 02:46:24] [DEBUG] --- wwProject System Start ---
[2026-07-25 02:46:24] [DEBUG] Router::Router() /jemini/wwProjectV1.53/Develop/Console/ServerBridgeAction/
[2026-07-25 02:46:24] [DEBUG] Attempting to load: \Develop\Controllers\ConsoleController::ServerBridgeAction
[2026-07-25 02:46:24] [DEBUG] Router: Executing \Develop\Controllers\ConsoleController->ServerBridgeAction
[2026-07-25 02:46:24] [DEBUG] ConsoleController::ServerBridge() start...
[2026-07-25 02:46:24] [DEBUG] ConsoleController::ServerBridge() \Develop\Controllers\PartsDefinitionController::editPartsAction()
[2026-07-25 02:46:24] [DEBUG] PartsDefinitionController::editPartsAction() start...
[2026-07-25 02:46:24] [DEBUG] PartsDefinitionModel::getAllPartsList() start... Project ID: PRJ-D45FEF
[2026-07-25 02:46:24] [DEBUG] PartsDefinitionModel::getColumnsByTableId() start... Input: newDevelopers
[2026-07-25 02:46:24] [DEBUG] 逆引き成功: 物理名 newDevelopers -> table_id : 12
[2026-07-25 02:46:24] [DEBUG] PartsDefinitionModel::getColumnsByTableId() finish. 件数: 9
[2026-07-25 02:46:24] [DEBUG] PartsDefinitionModel::getTableStructure() start... Project ID: PRJ-D45FEF
[2026-07-25 02:46:24] [DEBUG] Screen::updateAreaE() [iframe起動版] path: \Develop\Views\AreaE\PartsDefinition\RegistParts.view start...
[2026-07-25 02:46:24] [DEBUG] Screen::getContents() start...
[2026-07-25 02:46:24] [DEBUG] Screen::getContents() finish.
[2026-07-25 02:46:24] [DEBUG] Screen::updateAreaE() finish.
[2026-07-25 02:46:24] [DEBUG] PartsDefinitionController::editPartsAction() end.
[2026-07-25 02:46:24] [DEBUG] Screen::areaView() start...
[2026-07-25 02:46:24] [DEBUG] Screen::areaView() finish.
[2026-07-25 02:46:50] [DEBUG] --- wwProject System Start ---
[2026-07-25 02:46:50] [DEBUG] Router::Router() /jemini/wwProjectV1.53/Develop/Console/ServerBridgeAction/
[2026-07-25 02:46:50] [DEBUG] Attempting to load: \Develop\Controllers\ConsoleController::ServerBridgeAction
[2026-07-25 02:46:50] [DEBUG] Router: Executing \Develop\Controllers\ConsoleController->ServerBridgeAction
[2026-07-25 02:46:50] [DEBUG] ConsoleController::ServerBridge() start...
[2026-07-25 02:46:50] [DEBUG] ConsoleController::ServerBridge() \Develop\Controllers\PartsDefinitionController::editPartsAction()
[2026-07-25 02:46:50] [DEBUG] PartsDefinitionController::editPartsAction() start...
[2026-07-25 02:46:50] [DEBUG] PartsDefinitionModel::getAllPartsList() start... Project ID: PRJ-D45FEF
[2026-07-25 02:46:50] [DEBUG] PartsDefinitionModel::getColumnsByTableId() start... Input: newDevelopers
[2026-07-25 02:46:50] [DEBUG] 逆引き成功: 物理名 newDevelopers -> table_id : 12
[2026-07-25 02:46:50] [DEBUG] PartsDefinitionModel::getColumnsByTableId() finish. 件数: 9
[2026-07-25 02:46:50] [DEBUG] PartsDefinitionModel::getTableStructure() start... Project ID: PRJ-D45FEF
[2026-07-25 02:46:50] [DEBUG] Screen::updateAreaE() [iframe起動版] path: \Develop\Views\AreaE\PartsDefinition\RegistParts.view start...
[2026-07-25 02:46:50] [DEBUG] Screen::getContents() start...
[2026-07-25 02:46:50] [DEBUG] Screen::getContents() finish.
[2026-07-25 02:46:50] [DEBUG] Screen::updateAreaE() finish.
[2026-07-25 02:46:50] [DEBUG] PartsDefinitionController::editPartsAction() end.
[2026-07-25 02:46:50] [DEBUG] Screen::areaView() start...
[2026-07-25 02:46:50] [DEBUG] Screen::areaView() finish.
[2026-07-25 02:46:58] [DEBUG] --- wwProject System Start ---
[2026-07-25 02:46:58] [DEBUG] Router::Router() /jemini/wwProjectV1.53/Develop/Console/ServerBridgeAction/
[2026-07-25 02:46:58] [DEBUG] Attempting to load: \Develop\Controllers\ConsoleController::ServerBridgeAction
[2026-07-25 02:46:58] [DEBUG] Router: Executing \Develop\Controllers\ConsoleController->ServerBridgeAction
[2026-07-25 02:46:58] [DEBUG] ConsoleController::ServerBridge() start...
[2026-07-25 02:46:58] [DEBUG] ConsoleController::ServerBridge() \Develop\Controllers\PartsDefinitionController::editPartsAction()
[2026-07-25 02:46:58] [DEBUG] PartsDefinitionController::editPartsAction() start...
[2026-07-25 02:46:58] [DEBUG] PartsDefinitionModel::getAllPartsList() start... Project ID: PRJ-D45FEF
[2026-07-25 02:46:58] [DEBUG] PartsDefinitionModel::getColumnsByTableId() start... Input: newDevelopers
[2026-07-25 02:46:58] [DEBUG] 逆引き成功: 物理名 newDevelopers -> table_id : 12
[2026-07-25 02:46:58] [DEBUG] PartsDefinitionModel::getColumnsByTableId() finish. 件数: 9
[2026-07-25 02:46:58] [DEBUG] PartsDefinitionModel::getTableStructure() start... Project ID: PRJ-D45FEF
[2026-07-25 02:46:58] [DEBUG] Screen::updateAreaE() [iframe起動版] path: \Develop\Views\AreaE\PartsDefinition\RegistParts.view start...
[2026-07-25 02:46:58] [DEBUG] Screen::getContents() start...
[2026-07-25 02:46:58] [DEBUG] Screen::getContents() finish.
[2026-07-25 02:46:58] [DEBUG] Screen::updateAreaE() finish.
[2026-07-25 02:46:58] [DEBUG] PartsDefinitionController::editPartsAction() end.
[2026-07-25 02:46:58] [DEBUG] Screen::areaView() start...
[2026-07-25 02:46:58] [DEBUG] Screen::areaView() finish.
[2026-07-25 02:47:57] [DEBUG] --- wwProject System Start ---
[2026-07-25 02:47:57] [DEBUG] Router::Router() /jemini/wwProjectV1.53/Develop/Console/initial/
[2026-07-25 02:47:57] [DEBUG] Attempting to load: \Develop\Controllers\ConsoleController::initialAction
[2026-07-25 02:47:57] [DEBUG] Router: Executing \Develop\Controllers\ConsoleController->initialAction
[2026-07-25 02:47:57] [DEBUG] Console::initialAction() start...
[2026-07-25 02:47:57] [DEBUG] Screen::view() path: \Develop\Views\Console\Console.view start...
[2026-07-25 02:47:57] [DEBUG] Screen::getContents() start...
[2026-07-25 02:47:57] [DEBUG] Screen::getContents() finish.
[2026-07-25 02:47:57] [DEBUG] Screen::view() path: \Develop\Views\Console\Console.view finish.
[2026-07-25 02:47:57] [DEBUG] ConsoleController::initialAction() finish.
[2026-07-25 02:47:57] [DEBUG] --- wwProject System Start ---
[2026-07-25 02:47:57] [DEBUG] Router::Router() /jemini/wwProjectV1.53/Develop/Console/ServerBridgeAction/
[2026-07-25 02:47:57] [DEBUG] Attempting to load: \Develop\Controllers\ConsoleController::ServerBridgeAction
[2026-07-25 02:47:57] [DEBUG] Router: Executing \Develop\Controllers\ConsoleController->ServerBridgeAction
[2026-07-25 02:47:57] [DEBUG] ConsoleController::ServerBridge() start...
[2026-07-25 02:47:57] [DEBUG] ConsoleController::ServerBridge() \Develop\Controllers\ConsoleController::areaInitialAction()
[2026-07-25 02:47:57] [DEBUG] ConsoleController::AreaInitialAction() start...
[2026-07-25 02:47:57] [DEBUG] Screen::updateAreaA() path: \Develop\Views\AreaA\Area_A.view start...
[2026-07-25 02:47:57] [DEBUG] Screen::areaView() sending JSON: ["areas"]
[2026-07-25 02:47:57] [DEBUG] Screen::getContents() start...
[2026-07-25 02:47:57] [DEBUG] Screen::getContents() finish.
[2026-07-25 02:47:57] [DEBUG] Screen::updateAreaA() finish.
[2026-07-25 02:47:57] [DEBUG] Screen::updateAreaB() path: \Develop\Views\AreaB\Area_B.view start...
[2026-07-25 02:47:57] [DEBUG] Screen::getContents() start...
[2026-07-25 02:47:57] [DEBUG] Screen::getContents() finish.
[2026-07-25 02:47:57] [DEBUG] Screen::updateAreaB() finish.
[2026-07-25 02:47:57] [DEBUG] Screen::updateAreaD() path: \Develop\Views\AreaD\Area_D_clear.view start...
[2026-07-25 02:47:57] [DEBUG] Screen::getContents() start...
[2026-07-25 02:47:57] [DEBUG] Screen::getContents() finish.
[2026-07-25 02:47:57] [DEBUG] Screen::updateAreaD() finish.
[2026-07-25 02:47:57] [DEBUG] Screen::updateAreaE() [iframe起動版] path: \Develop\Views\AreaE\Area_E_clear.view start...
[2026-07-25 02:47:57] [DEBUG] Screen::getContents() start...
[2026-07-25 02:47:57] [DEBUG] Screen::getContents() finish.
[2026-07-25 02:47:57] [DEBUG] Screen::updateAreaE() finish.
[2026-07-25 02:47:57] [DEBUG] Screen::updateAreaF() path: \Develop\Views\AreaF\Area_F.view start...
[2026-07-25 02:47:57] [DEBUG] Screen::getContents() start...
[2026-07-25 02:47:57] [DEBUG] Screen::getContents() finish.
[2026-07-25 02:47:57] [DEBUG] Screen::updateAreaF() finish.
[2026-07-25 02:47:57] [DEBUG] ProjectController::startProjectNabi() start...
[2026-07-25 02:47:57] [DEBUG] ProjectController::getProjectListHtml() start...
[2026-07-25 02:47:57] [DEBUG] ProjectModel::getProjectList() start...
[2026-07-25 02:47:57] [DEBUG] ProjectModel::getProjectList() finish.
[2026-07-25 02:47:57] [DEBUG] CodeMasterModel：：getCodesByGroup() start...
[2026-07-25 02:47:57] [DEBUG] CodeMasterModel：：getCodesByGroup() finish.
[2026-07-25 02:47:57] [DEBUG] ProjectController::getNaviFooterHtml() start...
[2026-07-25 02:47:57] [DEBUG] ProjectController::getNaviFooterHtml() finish.
[2026-07-25 02:47:57] [DEBUG] ProjectController::startProjectNabi() finish.
[2026-07-25 02:47:57] [DEBUG] Screen::updateAreaC() \Develop\Views\AreaC\Area_C.view start...
[2026-07-25 02:47:57] [DEBUG] Screen::getContents() start...
[2026-07-25 02:47:57] [DEBUG] Screen::getContents() finish.
[2026-07-25 02:47:57] [DEBUG] Screen::updateAreaC() finish.
[2026-07-25 02:47:57] [DEBUG] ConsoleController::AreaInitialAction() finish.
[2026-07-25 02:47:57] [DEBUG] Screen::areaView() start...
[2026-07-25 02:47:57] [DEBUG] Screen::areaView() finish.
[2026-07-25 02:47:58] [DEBUG] --- wwProject System Start ---
[2026-07-25 02:47:58] [DEBUG] Router::Router() /jemini/wwProjectV1.53/Develop/Console/ServerBridgeAction/
[2026-07-25 02:47:58] [DEBUG] Attempting to load: \Develop\Controllers\ConsoleController::ServerBridgeAction
[2026-07-25 02:47:58] [DEBUG] Router: Executing \Develop\Controllers\ConsoleController->ServerBridgeAction
[2026-07-25 02:47:58] [DEBUG] ConsoleController::ServerBridge() start...
[2026-07-25 02:47:58] [DEBUG] ConsoleController::ServerBridge() \Develop\Controllers\PartsDefinitionController::InitialAction()
[2026-07-25 02:47:58] [DEBUG] DBDefinitionController::initialAction() start...
[2026-07-25 02:47:58] [DEBUG] PartsDefinitionController::initialAction() projectId : PRJ-D45FEF
[2026-07-25 02:47:58] [DEBUG] PartsDefinitionModel::getAllPartsList() start... Project ID: PRJ-D45FEF
[2026-07-25 02:47:58] [DEBUG] Screen::updateAreaD() path: \Develop\Views\AreaD\PartsDefinition\PartsDefinitionList.view start...
[2026-07-25 02:47:58] [DEBUG] Screen::getContents() start...
[2026-07-25 02:47:58] [DEBUG] Screen::getContents() finish.
[2026-07-25 02:47:58] [DEBUG] Screen::updateAreaD() finish.
[2026-07-25 02:47:58] [DEBUG] Screen::updateAreaE() [iframe起動版] path: \Develop\Views\AreaE\Area_E_clear.view start...
[2026-07-25 02:47:58] [DEBUG] Screen::getContents() start...
[2026-07-25 02:47:58] [DEBUG] Screen::getContents() finish.
[2026-07-25 02:47:58] [DEBUG] Screen::updateAreaE() finish.
[2026-07-25 02:47:58] [DEBUG] DBDefinitionController::initialAction() end.
[2026-07-25 02:47:58] [DEBUG] Screen::areaView() start...
[2026-07-25 02:47:58] [DEBUG] Screen::areaView() finish.
[2026-07-25 02:48:03] [DEBUG] --- wwProject System Start ---
[2026-07-25 02:48:03] [DEBUG] Router::Router() /jemini/wwProjectV1.53/Develop/Console/ServerBridgeAction/
[2026-07-25 02:48:03] [DEBUG] Attempting to load: \Develop\Controllers\ConsoleController::ServerBridgeAction
[2026-07-25 02:48:03] [DEBUG] Router: Executing \Develop\Controllers\ConsoleController->ServerBridgeAction
[2026-07-25 02:48:03] [DEBUG] ConsoleController::ServerBridge() start...
[2026-07-25 02:48:03] [DEBUG] ConsoleController::ServerBridge() \Develop\Controllers\PartsDefinitionController::editPartsAction()
[2026-07-25 02:48:03] [DEBUG] PartsDefinitionController::editPartsAction() start...
[2026-07-25 02:48:03] [DEBUG] PartsDefinitionModel::getAllPartsList() start... Project ID: PRJ-D45FEF
[2026-07-25 02:48:03] [DEBUG] PartsDefinitionModel::getColumnsByTableId() start... Input: newDevelopers
[2026-07-25 02:48:03] [DEBUG] 逆引き成功: 物理名 newDevelopers -> table_id : 12
[2026-07-25 02:48:03] [DEBUG] PartsDefinitionModel::getColumnsByTableId() finish. 件数: 9
[2026-07-25 02:48:03] [DEBUG] PartsDefinitionModel::getTableStructure() start... Project ID: PRJ-D45FEF
[2026-07-25 02:48:03] [DEBUG] Screen::updateAreaE() [iframe起動版] path: \Develop\Views\AreaE\PartsDefinition\RegistParts.view start...
[2026-07-25 02:48:03] [DEBUG] Screen::getContents() start...
[2026-07-25 02:48:03] [DEBUG] Screen::getContents() finish.
[2026-07-25 02:48:03] [DEBUG] Screen::updateAreaE() finish.
[2026-07-25 02:48:03] [DEBUG] PartsDefinitionController::editPartsAction() end.
[2026-07-25 02:48:03] [DEBUG] Screen::areaView() start...
[2026-07-25 02:48:03] [DEBUG] Screen::areaView() finish.
[2026-07-25 02:48:07] [DEBUG] --- wwProject System Start ---
[2026-07-25 02:48:07] [DEBUG] Router::Router() /jemini/wwProjectV1.53/Develop/Console/ServerBridgeAction/
[2026-07-25 02:48:07] [DEBUG] Attempting to load: \Develop\Controllers\ConsoleController::ServerBridgeAction
[2026-07-25 02:48:07] [DEBUG] Router: Executing \Develop\Controllers\ConsoleController->ServerBridgeAction
[2026-07-25 02:48:07] [DEBUG] ConsoleController::ServerBridge() start...
[2026-07-25 02:48:07] [DEBUG] ConsoleController::ServerBridge() \Develop\Controllers\PartsDefinitionController::editPartsAction()
[2026-07-25 02:48:07] [DEBUG] PartsDefinitionController::editPartsAction() start...
[2026-07-25 02:48:07] [DEBUG] PartsDefinitionModel::getAllPartsList() start... Project ID: PRJ-D45FEF
[2026-07-25 02:48:07] [DEBUG] PartsDefinitionModel::getColumnsByTableId() start... Input: newDevelopers
[2026-07-25 02:48:07] [DEBUG] 逆引き成功: 物理名 newDevelopers -> table_id : 12
[2026-07-25 02:48:07] [DEBUG] PartsDefinitionModel::getColumnsByTableId() finish. 件数: 9
[2026-07-25 02:48:07] [DEBUG] PartsDefinitionModel::getTableStructure() start... Project ID: PRJ-D45FEF
[2026-07-25 02:48:07] [DEBUG] Screen::updateAreaE() [iframe起動版] path: \Develop\Views\AreaE\PartsDefinition\RegistParts.view start...
[2026-07-25 02:48:07] [DEBUG] Screen::getContents() start...
[2026-07-25 02:48:07] [DEBUG] Screen::getContents() finish.
[2026-07-25 02:48:07] [DEBUG] Screen::updateAreaE() finish.
[2026-07-25 02:48:07] [DEBUG] PartsDefinitionController::editPartsAction() end.
[2026-07-25 02:48:07] [DEBUG] Screen::areaView() start...
[2026-07-25 02:48:07] [DEBUG] Screen::areaView() finish.
[2026-07-25 02:48:09] [DEBUG] --- wwProject System Start ---
[2026-07-25 02:48:09] [DEBUG] Router::Router() /jemini/wwProjectV1.53/Develop/Console/ServerBridgeAction/
[2026-07-25 02:48:09] [DEBUG] Attempting to load: \Develop\Controllers\ConsoleController::ServerBridgeAction
[2026-07-25 02:48:09] [DEBUG] Router: Executing \Develop\Controllers\ConsoleController->ServerBridgeAction
[2026-07-25 02:48:09] [DEBUG] ConsoleController::ServerBridge() start...
[2026-07-25 02:48:09] [DEBUG] ConsoleController::ServerBridge() \Develop\Controllers\PartsDefinitionController::editPartsAction()
[2026-07-25 02:48:09] [DEBUG] PartsDefinitionController::editPartsAction() start...
[2026-07-25 02:48:09] [DEBUG] PartsDefinitionModel::getAllPartsList() start... Project ID: PRJ-D45FEF
[2026-07-25 02:48:09] [DEBUG] PartsDefinitionModel::getColumnsByTableId() start... Input: newDevelopers
[2026-07-25 02:48:09] [DEBUG] 逆引き成功: 物理名 newDevelopers -> table_id : 12
[2026-07-25 02:48:09] [DEBUG] PartsDefinitionModel::getColumnsByTableId() finish. 件数: 9
[2026-07-25 02:48:09] [DEBUG] PartsDefinitionModel::getTableStructure() start... Project ID: PRJ-D45FEF
[2026-07-25 02:48:09] [DEBUG] Screen::updateAreaE() [iframe起動版] path: \Develop\Views\AreaE\PartsDefinition\RegistParts.view start...
[2026-07-25 02:48:09] [DEBUG] Screen::getContents() start...
[2026-07-25 02:48:09] [DEBUG] Screen::getContents() finish.
[2026-07-25 02:48:09] [DEBUG] Screen::updateAreaE() finish.
[2026-07-25 02:48:09] [DEBUG] PartsDefinitionController::editPartsAction() end.
[2026-07-25 02:48:09] [DEBUG] Screen::areaView() start...
[2026-07-25 02:48:09] [DEBUG] Screen::areaView() finish.
[2026-07-25 02:48:24] [DEBUG] --- wwProject System Start ---
[2026-07-25 02:48:24] [DEBUG] Router::Router() /jemini/wwProjectV1.53/Develop/Console/ServerBridgeAction/
[2026-07-25 02:48:24] [DEBUG] Attempting to load: \Develop\Controllers\ConsoleController::ServerBridgeAction
[2026-07-25 02:48:24] [DEBUG] Router: Executing \Develop\Controllers\ConsoleController->ServerBridgeAction
[2026-07-25 02:48:24] [DEBUG] ConsoleController::ServerBridge() start...
[2026-07-25 02:48:24] [DEBUG] ConsoleController::ServerBridge() \Develop\Controllers\PartsDefinitionController::editPartsAction()
[2026-07-25 02:48:24] [DEBUG] PartsDefinitionController::editPartsAction() start...
[2026-07-25 02:48:24] [DEBUG] PartsDefinitionModel::getAllPartsList() start... Project ID: PRJ-D45FEF
[2026-07-25 02:48:24] [DEBUG] PartsDefinitionModel::getColumnsByTableId() start... Input: applicantmaster
[2026-07-25 02:48:24] [DEBUG] 逆引き成功: 物理名 applicantmaster -> table_id : 13
[2026-07-25 02:48:24] [DEBUG] PartsDefinitionModel::getColumnsByTableId() finish. 件数: 19
[2026-07-25 02:48:24] [DEBUG] PartsDefinitionModel::getTableStructure() start... Project ID: PRJ-D45FEF
[2026-07-25 02:48:24] [DEBUG] Screen::updateAreaE() [iframe起動版] path: \Develop\Views\AreaE\PartsDefinition\RegistParts.view start...
[2026-07-25 02:48:24] [DEBUG] Screen::getContents() start...
[2026-07-25 02:48:24] [DEBUG] Screen::getContents() finish.
[2026-07-25 02:48:24] [DEBUG] Screen::updateAreaE() finish.
[2026-07-25 02:48:24] [DEBUG] PartsDefinitionController::editPartsAction() end.
[2026-07-25 02:48:24] [DEBUG] Screen::areaView() start...
[2026-07-25 02:48:24] [DEBUG] Screen::areaView() finish.
[2026-07-25 02:48:26] [DEBUG] --- wwProject System Start ---
[2026-07-25 02:48:26] [DEBUG] Router::Router() /jemini/wwProjectV1.53/Develop/Console/ServerBridgeAction/
[2026-07-25 02:48:26] [DEBUG] Attempting to load: \Develop\Controllers\ConsoleController::ServerBridgeAction
[2026-07-25 02:48:26] [DEBUG] Router: Executing \Develop\Controllers\ConsoleController->ServerBridgeAction
[2026-07-25 02:48:26] [DEBUG] ConsoleController::ServerBridge() start...
[2026-07-25 02:48:26] [DEBUG] ConsoleController::ServerBridge() \Develop\Controllers\PartsDefinitionController::editPartsAction()
[2026-07-25 02:48:26] [DEBUG] PartsDefinitionController::editPartsAction() start...
[2026-07-25 02:48:26] [DEBUG] PartsDefinitionModel::getAllPartsList() start... Project ID: PRJ-D45FEF
[2026-07-25 02:48:26] [DEBUG] PartsDefinitionModel::getColumnsByTableId() start... Input: applicantmaster
[2026-07-25 02:48:26] [DEBUG] 逆引き成功: 物理名 applicantmaster -> table_id : 13
[2026-07-25 02:48:26] [DEBUG] PartsDefinitionModel::getColumnsByTableId() finish. 件数: 19
[2026-07-25 02:48:26] [DEBUG] PartsDefinitionModel::getTableStructure() start... Project ID: PRJ-D45FEF
[2026-07-25 02:48:26] [DEBUG] Screen::updateAreaE() [iframe起動版] path: \Develop\Views\AreaE\PartsDefinition\RegistParts.view start...
[2026-07-25 02:48:26] [DEBUG] Screen::getContents() start...
[2026-07-25 02:48:26] [DEBUG] Screen::getContents() finish.
[2026-07-25 02:48:26] [DEBUG] Screen::updateAreaE() finish.
[2026-07-25 02:48:26] [DEBUG] PartsDefinitionController::editPartsAction() end.
[2026-07-25 02:48:26] [DEBUG] Screen::areaView() start...
[2026-07-25 02:48:26] [DEBUG] Screen::areaView() finish.
[2026-07-25 02:48:38] [DEBUG] --- wwProject System Start ---
[2026-07-25 02:48:38] [DEBUG] Router::Router() /jemini/wwProjectV1.53/Develop/Console/ServerBridgeAction/
[2026-07-25 02:48:38] [DEBUG] Attempting to load: \Develop\Controllers\ConsoleController::ServerBridgeAction
[2026-07-25 02:48:38] [DEBUG] Router: Executing \Develop\Controllers\ConsoleController->ServerBridgeAction
[2026-07-25 02:48:38] [DEBUG] ConsoleController::ServerBridge() start...
[2026-07-25 02:48:38] [DEBUG] ConsoleController::ServerBridge() \Develop\Controllers\PartsDefinitionController::saveAction()
[2026-07-25 02:48:38] [DEBUG] PartsDefinitionController::saveAction() start...
[2026-07-25 02:48:38] [DEBUG] 🔍送信されたPOSTデータ: {"code":"PartsDefinition\/save","parts_id":"24","parts_name":"０００００００００","parts_description":"０００００００００","parts_type":"Single Record Confirm","table_name":"applicantmaster","preview_title":"０００００００００","input_rows":"","display_label":"logical","column_filter":"selected","contents":"","checked_columns_json":"id,eventType,applicantEmail,organizationName,applicantName,updateDate","input_style":""}
[2026-07-25 02:48:38] [DEBUG] PartsDefinitionModel::saveParts() start... Project ID: PRJ-D45FEF, Parts ID: 24
[2026-07-25 02:48:38] [DEBUG] PartsDefinitionModel::saveParts() 保存するchecked_columns_jsonの値: [id,eventType,applicantEmail,organizationName,applicantName,updateDate]
[2026-07-25 02:48:38] [DEBUG] PartsDefinitionModel::saveParts() search_area : 
[2026-07-25 02:48:38] [DEBUG] PartsDefinitionModel::saveParts() detail_button : 
[2026-07-25 02:48:38] [DEBUG] PartsDefinitionModel::saveParts() UPDATE m_screenparts SET
                            parts_name = :parts_name,
                            parts_description = :parts_description,
                            parts_type = :parts_type,
                            table_name = :table_name,
                            display_label = :display_label,
                            preview_title = :preview_title,
                            column_filter = :column_filter,
                            input_rows = :input_rows,
                            checked_columns_json = :checked_columns_json,
                            input_style = :input_style,
                            contents = :contents,
                            style_condition = :style_condition,
                            style_column = :style_column,
                            search_area = :search_area,
                            detail_button = :detail_button
                        WHERE
                            project_id = :project_id AND parts_id = :parts_id
[2026-07-25 02:48:38] [DEBUG] PartsDefinitionModel::saveParts() UPDATEを実行します。Parts ID: 24
[2026-07-25 02:48:38] [DEBUG] PartsDefinitionModel::getAllPartsList() start... Project ID: PRJ-D45FEF
[2026-07-25 02:48:38] [DEBUG] Screen::updateAreaD() path: \Develop\Views\AreaD\PartsDefinition\PartsDefinitionList.view start...
[2026-07-25 02:48:38] [DEBUG] Screen::getContents() start...
[2026-07-25 02:48:38] [DEBUG] Screen::getContents() finish.
[2026-07-25 02:48:38] [DEBUG] Screen::updateAreaD() finish.
[2026-07-25 02:48:38] [DEBUG] Screen::updateAreaE() [iframe起動版] path: \Develop\Views\AreaE\Area_E_clear.view start...
[2026-07-25 02:48:38] [DEBUG] Screen::getContents() start...
[2026-07-25 02:48:38] [DEBUG] Screen::getContents() finish.
[2026-07-25 02:48:38] [DEBUG] Screen::updateAreaE() finish.
[2026-07-25 02:48:38] [DEBUG] PartsDefinitionController::saveAction() end.
[2026-07-25 02:48:38] [DEBUG] Screen::areaView() start...
[2026-07-25 02:48:38] [DEBUG] Screen::areaView() finish.
[2026-07-25 02:48:39] [DEBUG] --- wwProject System Start ---
[2026-07-25 02:48:39] [DEBUG] Router::Router() /jemini/wwProjectV1.53/Develop/Console/ServerBridgeAction/
[2026-07-25 02:48:39] [DEBUG] Attempting to load: \Develop\Controllers\ConsoleController::ServerBridgeAction
[2026-07-25 02:48:39] [DEBUG] Router: Executing \Develop\Controllers\ConsoleController->ServerBridgeAction
[2026-07-25 02:48:39] [DEBUG] ConsoleController::ServerBridge() start...
[2026-07-25 02:48:39] [DEBUG] ConsoleController::ServerBridge() \Develop\Controllers\PartsDefinitionController::editPartsAction()
[2026-07-25 02:48:39] [DEBUG] PartsDefinitionController::editPartsAction() start...
[2026-07-25 02:48:39] [DEBUG] PartsDefinitionModel::getAllPartsList() start... Project ID: PRJ-D45FEF
[2026-07-25 02:48:39] [DEBUG] PartsDefinitionModel::getColumnsByTableId() start... Input: applicantmaster
[2026-07-25 02:48:39] [DEBUG] 逆引き成功: 物理名 applicantmaster -> table_id : 13
[2026-07-25 02:48:39] [DEBUG] PartsDefinitionModel::getColumnsByTableId() finish. 件数: 19
[2026-07-25 02:48:39] [DEBUG] PartsDefinitionModel::getTableStructure() start... Project ID: PRJ-D45FEF
[2026-07-25 02:48:39] [DEBUG] Screen::updateAreaE() [iframe起動版] path: \Develop\Views\AreaE\PartsDefinition\RegistParts.view start...
[2026-07-25 02:48:39] [DEBUG] Screen::getContents() start...
[2026-07-25 02:48:39] [DEBUG] Screen::getContents() finish.
[2026-07-25 02:48:39] [DEBUG] Screen::updateAreaE() finish.
[2026-07-25 02:48:39] [DEBUG] PartsDefinitionController::editPartsAction() end.
[2026-07-25 02:48:39] [DEBUG] Screen::areaView() start...
[2026-07-25 02:48:39] [DEBUG] Screen::areaView() finish.
[2026-07-25 02:48:47] [DEBUG] --- wwProject System Start ---
[2026-07-25 02:48:47] [DEBUG] Router::Router() /jemini/wwProjectV1.53/Develop/Console/ServerBridgeAction/
[2026-07-25 02:48:47] [DEBUG] Attempting to load: \Develop\Controllers\ConsoleController::ServerBridgeAction
[2026-07-25 02:48:47] [DEBUG] Router: Executing \Develop\Controllers\ConsoleController->ServerBridgeAction
[2026-07-25 02:48:47] [DEBUG] ConsoleController::ServerBridge() start...
[2026-07-25 02:48:47] [DEBUG] ConsoleController::ServerBridge() \Develop\Controllers\PartsDefinitionController::saveAction()
[2026-07-25 02:48:47] [DEBUG] PartsDefinitionController::saveAction() start...
[2026-07-25 02:48:47] [DEBUG] 🔍送信されたPOSTデータ: {"code":"PartsDefinition\/save","parts_id":"24","parts_name":"０００００００００","parts_description":"０００００００００","parts_type":"Single Record Confirm","table_name":"applicantmaster","preview_title":"０００００００００","input_rows":"","display_label":"physical","column_filter":"all","contents":"","checked_columns_json":"id,eventType,applicantEmail,organizationName,applicantName,updateDate","input_style":""}
[2026-07-25 02:48:47] [DEBUG] PartsDefinitionModel::saveParts() start... Project ID: PRJ-D45FEF, Parts ID: 24
[2026-07-25 02:48:47] [DEBUG] PartsDefinitionModel::saveParts() 保存するchecked_columns_jsonの値: [id,eventType,applicantEmail,organizationName,applicantName,updateDate]
[2026-07-25 02:48:47] [DEBUG] PartsDefinitionModel::saveParts() search_area : 
[2026-07-25 02:48:47] [DEBUG] PartsDefinitionModel::saveParts() detail_button : 
[2026-07-25 02:48:47] [DEBUG] PartsDefinitionModel::saveParts() UPDATE m_screenparts SET
                            parts_name = :parts_name,
                            parts_description = :parts_description,
                            parts_type = :parts_type,
                            table_name = :table_name,
                            display_label = :display_label,
                            preview_title = :preview_title,
                            column_filter = :column_filter,
                            input_rows = :input_rows,
                            checked_columns_json = :checked_columns_json,
                            input_style = :input_style,
                            contents = :contents,
                            style_condition = :style_condition,
                            style_column = :style_column,
                            search_area = :search_area,
                            detail_button = :detail_button
                        WHERE
                            project_id = :project_id AND parts_id = :parts_id
[2026-07-25 02:48:47] [DEBUG] PartsDefinitionModel::saveParts() UPDATEを実行します。Parts ID: 24
[2026-07-25 02:48:47] [DEBUG] PartsDefinitionModel::getAllPartsList() start... Project ID: PRJ-D45FEF
[2026-07-25 02:48:47] [DEBUG] Screen::updateAreaD() path: \Develop\Views\AreaD\PartsDefinition\PartsDefinitionList.view start...
[2026-07-25 02:48:47] [DEBUG] Screen::getContents() start...
[2026-07-25 02:48:47] [DEBUG] Screen::getContents() finish.
[2026-07-25 02:48:47] [DEBUG] Screen::updateAreaD() finish.
[2026-07-25 02:48:47] [DEBUG] Screen::updateAreaE() [iframe起動版] path: \Develop\Views\AreaE\Area_E_clear.view start...
[2026-07-25 02:48:47] [DEBUG] Screen::getContents() start...
[2026-07-25 02:48:47] [DEBUG] Screen::getContents() finish.
[2026-07-25 02:48:47] [DEBUG] Screen::updateAreaE() finish.
[2026-07-25 02:48:47] [DEBUG] PartsDefinitionController::saveAction() end.
[2026-07-25 02:48:47] [DEBUG] Screen::areaView() start...
[2026-07-25 02:48:47] [DEBUG] Screen::areaView() finish.
[2026-07-25 02:48:49] [DEBUG] --- wwProject System Start ---
[2026-07-25 02:48:49] [DEBUG] Router::Router() /jemini/wwProjectV1.53/Develop/Console/ServerBridgeAction/
[2026-07-25 02:48:49] [DEBUG] Attempting to load: \Develop\Controllers\ConsoleController::ServerBridgeAction
[2026-07-25 02:48:49] [DEBUG] Router: Executing \Develop\Controllers\ConsoleController->ServerBridgeAction
[2026-07-25 02:48:49] [DEBUG] ConsoleController::ServerBridge() start...
[2026-07-25 02:48:49] [DEBUG] ConsoleController::ServerBridge() \Develop\Controllers\PartsDefinitionController::editPartsAction()
[2026-07-25 02:48:49] [DEBUG] PartsDefinitionController::editPartsAction() start...
[2026-07-25 02:48:49] [DEBUG] PartsDefinitionModel::getAllPartsList() start... Project ID: PRJ-D45FEF
[2026-07-25 02:48:49] [DEBUG] PartsDefinitionModel::getColumnsByTableId() start... Input: applicantmaster
[2026-07-25 02:48:49] [DEBUG] 逆引き成功: 物理名 applicantmaster -> table_id : 13
[2026-07-25 02:48:49] [DEBUG] PartsDefinitionModel::getColumnsByTableId() finish. 件数: 19
[2026-07-25 02:48:49] [DEBUG] PartsDefinitionModel::getTableStructure() start... Project ID: PRJ-D45FEF
[2026-07-25 02:48:49] [DEBUG] Screen::updateAreaE() [iframe起動版] path: \Develop\Views\AreaE\PartsDefinition\RegistParts.view start...
[2026-07-25 02:48:49] [DEBUG] Screen::getContents() start...
[2026-07-25 02:48:49] [DEBUG] Screen::getContents() finish.
[2026-07-25 02:48:50] [DEBUG] Screen::updateAreaE() finish.
[2026-07-25 02:48:50] [DEBUG] PartsDefinitionController::editPartsAction() end.
[2026-07-25 02:48:50] [DEBUG] Screen::areaView() start...
[2026-07-25 02:48:50] [DEBUG] Screen::areaView() finish.
[2026-07-25 02:50:02] [DEBUG] --- wwProject System Start ---
[2026-07-25 02:50:02] [DEBUG] Router::Router() /jemini/wwProjectV1.53/Develop/Console/initial/
[2026-07-25 02:50:02] [DEBUG] Attempting to load: \Develop\Controllers\ConsoleController::initialAction
[2026-07-25 02:50:02] [DEBUG] Router: Executing \Develop\Controllers\ConsoleController->initialAction
[2026-07-25 02:50:02] [DEBUG] Console::initialAction() start...
[2026-07-25 02:50:02] [DEBUG] Screen::view() path: \Develop\Views\Console\Console.view start...
[2026-07-25 02:50:02] [DEBUG] Screen::getContents() start...
[2026-07-25 02:50:02] [DEBUG] Screen::getContents() finish.
[2026-07-25 02:50:02] [DEBUG] Screen::view() path: \Develop\Views\Console\Console.view finish.
[2026-07-25 02:50:02] [DEBUG] ConsoleController::initialAction() finish.
[2026-07-25 02:50:02] [DEBUG] --- wwProject System Start ---
[2026-07-25 02:50:02] [DEBUG] Router::Router() /jemini/wwProjectV1.53/Develop/Console/ServerBridgeAction/
[2026-07-25 02:50:02] [DEBUG] Attempting to load: \Develop\Controllers\ConsoleController::ServerBridgeAction
[2026-07-25 02:50:02] [DEBUG] Router: Executing \Develop\Controllers\ConsoleController->ServerBridgeAction
[2026-07-25 02:50:02] [DEBUG] ConsoleController::ServerBridge() start...
[2026-07-25 02:50:02] [DEBUG] ConsoleController::ServerBridge() \Develop\Controllers\ConsoleController::areaInitialAction()
[2026-07-25 02:50:02] [DEBUG] ConsoleController::AreaInitialAction() start...
[2026-07-25 02:50:02] [DEBUG] Screen::updateAreaA() path: \Develop\Views\AreaA\Area_A.view start...
[2026-07-25 02:50:02] [DEBUG] Screen::areaView() sending JSON: ["areas"]
[2026-07-25 02:50:02] [DEBUG] Screen::getContents() start...
[2026-07-25 02:50:02] [DEBUG] Screen::getContents() finish.
[2026-07-25 02:50:02] [DEBUG] Screen::updateAreaA() finish.
[2026-07-25 02:50:02] [DEBUG] Screen::updateAreaB() path: \Develop\Views\AreaB\Area_B.view start...
[2026-07-25 02:50:02] [DEBUG] Screen::getContents() start...
[2026-07-25 02:50:02] [DEBUG] Screen::getContents() finish.
[2026-07-25 02:50:02] [DEBUG] Screen::updateAreaB() finish.
[2026-07-25 02:50:02] [DEBUG] Screen::updateAreaD() path: \Develop\Views\AreaD\Area_D_clear.view start...
[2026-07-25 02:50:02] [DEBUG] Screen::getContents() start...
[2026-07-25 02:50:02] [DEBUG] Screen::getContents() finish.
[2026-07-25 02:50:02] [DEBUG] Screen::updateAreaD() finish.
[2026-07-25 02:50:02] [DEBUG] Screen::updateAreaE() [iframe起動版] path: \Develop\Views\AreaE\Area_E_clear.view start...
[2026-07-25 02:50:02] [DEBUG] Screen::getContents() start...
[2026-07-25 02:50:02] [DEBUG] Screen::getContents() finish.
[2026-07-25 02:50:02] [DEBUG] Screen::updateAreaE() finish.
[2026-07-25 02:50:02] [DEBUG] Screen::updateAreaF() path: \Develop\Views\AreaF\Area_F.view start...
[2026-07-25 02:50:02] [DEBUG] Screen::getContents() start...
[2026-07-25 02:50:02] [DEBUG] Screen::getContents() finish.
[2026-07-25 02:50:02] [DEBUG] Screen::updateAreaF() finish.
[2026-07-25 02:50:02] [DEBUG] ProjectController::startProjectNabi() start...
[2026-07-25 02:50:02] [DEBUG] ProjectController::getProjectListHtml() start...
[2026-07-25 02:50:02] [DEBUG] ProjectModel::getProjectList() start...
[2026-07-25 02:50:02] [DEBUG] ProjectModel::getProjectList() finish.
[2026-07-25 02:50:02] [DEBUG] CodeMasterModel：：getCodesByGroup() start...
[2026-07-25 02:50:02] [DEBUG] CodeMasterModel：：getCodesByGroup() finish.
[2026-07-25 02:50:02] [DEBUG] ProjectController::getNaviFooterHtml() start...
[2026-07-25 02:50:02] [DEBUG] ProjectController::getNaviFooterHtml() finish.
[2026-07-25 02:50:02] [DEBUG] ProjectController::startProjectNabi() finish.
[2026-07-25 02:50:02] [DEBUG] Screen::updateAreaC() \Develop\Views\AreaC\Area_C.view start...
[2026-07-25 02:50:02] [DEBUG] Screen::getContents() start...
[2026-07-25 02:50:02] [DEBUG] Screen::getContents() finish.
[2026-07-25 02:50:02] [DEBUG] Screen::updateAreaC() finish.
[2026-07-25 02:50:02] [DEBUG] ConsoleController::AreaInitialAction() finish.
[2026-07-25 02:50:02] [DEBUG] Screen::areaView() start...
[2026-07-25 02:50:02] [DEBUG] Screen::areaView() finish.
[2026-07-25 02:50:03] [DEBUG] --- wwProject System Start ---
[2026-07-25 02:50:03] [DEBUG] Router::Router() /jemini/wwProjectV1.53/Develop/Console/ServerBridgeAction/
[2026-07-25 02:50:03] [DEBUG] Attempting to load: \Develop\Controllers\ConsoleController::ServerBridgeAction
[2026-07-25 02:50:03] [DEBUG] Router: Executing \Develop\Controllers\ConsoleController->ServerBridgeAction
[2026-07-25 02:50:03] [DEBUG] ConsoleController::ServerBridge() start...
[2026-07-25 02:50:03] [DEBUG] ConsoleController::ServerBridge() \Develop\Controllers\PartsDefinitionController::InitialAction()
[2026-07-25 02:50:03] [DEBUG] DBDefinitionController::initialAction() start...
[2026-07-25 02:50:03] [DEBUG] PartsDefinitionController::initialAction() projectId : PRJ-D45FEF
[2026-07-25 02:50:03] [DEBUG] PartsDefinitionModel::getAllPartsList() start... Project ID: PRJ-D45FEF
[2026-07-25 02:50:03] [DEBUG] Screen::updateAreaD() path: \Develop\Views\AreaD\PartsDefinition\PartsDefinitionList.view start...
[2026-07-25 02:50:03] [DEBUG] Screen::getContents() start...
[2026-07-25 02:50:03] [DEBUG] Screen::getContents() finish.
[2026-07-25 02:50:03] [DEBUG] Screen::updateAreaD() finish.
[2026-07-25 02:50:03] [DEBUG] Screen::updateAreaE() [iframe起動版] path: \Develop\Views\AreaE\Area_E_clear.view start...
[2026-07-25 02:50:03] [DEBUG] Screen::getContents() start...
[2026-07-25 02:50:03] [DEBUG] Screen::getContents() finish.
[2026-07-25 02:50:03] [DEBUG] Screen::updateAreaE() finish.
[2026-07-25 02:50:03] [DEBUG] DBDefinitionController::initialAction() end.
[2026-07-25 02:50:03] [DEBUG] Screen::areaView() start...
[2026-07-25 02:50:03] [DEBUG] Screen::areaView() finish.
[2026-07-25 02:50:07] [DEBUG] --- wwProject System Start ---
[2026-07-25 02:50:07] [DEBUG] Router::Router() /jemini/wwProjectV1.53/Develop/Console/ServerBridgeAction/
[2026-07-25 02:50:07] [DEBUG] Attempting to load: \Develop\Controllers\ConsoleController::ServerBridgeAction
[2026-07-25 02:50:07] [DEBUG] Router: Executing \Develop\Controllers\ConsoleController->ServerBridgeAction
[2026-07-25 02:50:07] [DEBUG] ConsoleController::ServerBridge() start...
[2026-07-25 02:50:07] [DEBUG] ConsoleController::ServerBridge() \Develop\Controllers\PartsDefinitionController::editPartsAction()
[2026-07-25 02:50:07] [DEBUG] PartsDefinitionController::editPartsAction() start...
[2026-07-25 02:50:07] [DEBUG] PartsDefinitionModel::getAllPartsList() start... Project ID: PRJ-D45FEF
[2026-07-25 02:50:07] [DEBUG] PartsDefinitionModel::getColumnsByTableId() start... Input: newDevelopers
[2026-07-25 02:50:07] [DEBUG] 逆引き成功: 物理名 newDevelopers -> table_id : 12
[2026-07-25 02:50:07] [DEBUG] PartsDefinitionModel::getColumnsByTableId() finish. 件数: 9
[2026-07-25 02:50:07] [DEBUG] PartsDefinitionModel::getTableStructure() start... Project ID: PRJ-D45FEF
[2026-07-25 02:50:07] [DEBUG] Screen::updateAreaE() [iframe起動版] path: \Develop\Views\AreaE\PartsDefinition\RegistParts.view start...
[2026-07-25 02:50:07] [DEBUG] Screen::getContents() start...
[2026-07-25 02:50:07] [DEBUG] Screen::getContents() finish.
[2026-07-25 02:50:07] [DEBUG] Screen::updateAreaE() finish.
[2026-07-25 02:50:07] [DEBUG] PartsDefinitionController::editPartsAction() end.
[2026-07-25 02:50:07] [DEBUG] Screen::areaView() start...
[2026-07-25 02:50:07] [DEBUG] Screen::areaView() finish.
[2026-07-25 02:51:29] [DEBUG] --- wwProject System Start ---
[2026-07-25 02:51:29] [DEBUG] Router::Router() /jemini/wwProjectV1.53/Develop/Console/initial/
[2026-07-25 02:51:29] [DEBUG] Attempting to load: \Develop\Controllers\ConsoleController::initialAction
[2026-07-25 02:51:29] [DEBUG] Router: Executing \Develop\Controllers\ConsoleController->initialAction
[2026-07-25 02:51:29] [DEBUG] Console::initialAction() start...
[2026-07-25 02:51:29] [DEBUG] Screen::view() path: \Develop\Views\Console\Console.view start...
[2026-07-25 02:51:29] [DEBUG] Screen::getContents() start...
[2026-07-25 02:51:29] [DEBUG] Screen::getContents() finish.
[2026-07-25 02:51:29] [DEBUG] Screen::view() path: \Develop\Views\Console\Console.view finish.
[2026-07-25 02:51:29] [DEBUG] ConsoleController::initialAction() finish.
[2026-07-25 02:51:30] [DEBUG] --- wwProject System Start ---
[2026-07-25 02:51:30] [DEBUG] Router::Router() /jemini/wwProjectV1.53/Develop/Console/ServerBridgeAction/
[2026-07-25 02:51:30] [DEBUG] Attempting to load: \Develop\Controllers\ConsoleController::ServerBridgeAction
[2026-07-25 02:51:30] [DEBUG] Router: Executing \Develop\Controllers\ConsoleController->ServerBridgeAction
[2026-07-25 02:51:30] [DEBUG] ConsoleController::ServerBridge() start...
[2026-07-25 02:51:30] [DEBUG] ConsoleController::ServerBridge() \Develop\Controllers\ConsoleController::areaInitialAction()
[2026-07-25 02:51:30] [DEBUG] ConsoleController::AreaInitialAction() start...
[2026-07-25 02:51:30] [DEBUG] Screen::updateAreaA() path: \Develop\Views\AreaA\Area_A.view start...
[2026-07-25 02:51:30] [DEBUG] Screen::areaView() sending JSON: ["areas"]
[2026-07-25 02:51:30] [DEBUG] Screen::getContents() start...
[2026-07-25 02:51:30] [DEBUG] Screen::getContents() finish.
[2026-07-25 02:51:30] [DEBUG] Screen::updateAreaA() finish.
[2026-07-25 02:51:30] [DEBUG] Screen::updateAreaB() path: \Develop\Views\AreaB\Area_B.view start...
[2026-07-25 02:51:30] [DEBUG] Screen::getContents() start...
[2026-07-25 02:51:30] [DEBUG] Screen::getContents() finish.
[2026-07-25 02:51:30] [DEBUG] Screen::updateAreaB() finish.
[2026-07-25 02:51:30] [DEBUG] Screen::updateAreaD() path: \Develop\Views\AreaD\Area_D_clear.view start...
[2026-07-25 02:51:30] [DEBUG] Screen::getContents() start...
[2026-07-25 02:51:30] [DEBUG] Screen::getContents() finish.
[2026-07-25 02:51:30] [DEBUG] Screen::updateAreaD() finish.
[2026-07-25 02:51:30] [DEBUG] Screen::updateAreaE() [iframe起動版] path: \Develop\Views\AreaE\Area_E_clear.view start...
[2026-07-25 02:51:30] [DEBUG] Screen::getContents() start...
[2026-07-25 02:51:30] [DEBUG] Screen::getContents() finish.
[2026-07-25 02:51:30] [DEBUG] Screen::updateAreaE() finish.
[2026-07-25 02:51:30] [DEBUG] Screen::updateAreaF() path: \Develop\Views\AreaF\Area_F.view start...
[2026-07-25 02:51:30] [DEBUG] Screen::getContents() start...
[2026-07-25 02:51:30] [DEBUG] Screen::getContents() finish.
[2026-07-25 02:51:30] [DEBUG] Screen::updateAreaF() finish.
[2026-07-25 02:51:30] [DEBUG] ProjectController::startProjectNabi() start...
[2026-07-25 02:51:30] [DEBUG] ProjectController::getProjectListHtml() start...
[2026-07-25 02:51:30] [DEBUG] ProjectModel::getProjectList() start...
[2026-07-25 02:51:30] [DEBUG] ProjectModel::getProjectList() finish.
[2026-07-25 02:51:30] [DEBUG] CodeMasterModel：：getCodesByGroup() start...
[2026-07-25 02:51:30] [DEBUG] CodeMasterModel：：getCodesByGroup() finish.
[2026-07-25 02:51:30] [DEBUG] ProjectController::getNaviFooterHtml() start...
[2026-07-25 02:51:30] [DEBUG] ProjectController::getNaviFooterHtml() finish.
[2026-07-25 02:51:30] [DEBUG] ProjectController::startProjectNabi() finish.
[2026-07-25 02:51:30] [DEBUG] Screen::updateAreaC() \Develop\Views\AreaC\Area_C.view start...
[2026-07-25 02:51:30] [DEBUG] Screen::getContents() start...
[2026-07-25 02:51:30] [DEBUG] Screen::getContents() finish.
[2026-07-25 02:51:30] [DEBUG] Screen::updateAreaC() finish.
[2026-07-25 02:51:30] [DEBUG] ConsoleController::AreaInitialAction() finish.
[2026-07-25 02:51:30] [DEBUG] Screen::areaView() start...
[2026-07-25 02:51:30] [DEBUG] Screen::areaView() finish.
[2026-07-25 02:51:31] [DEBUG] --- wwProject System Start ---
[2026-07-25 02:51:31] [DEBUG] Router::Router() /jemini/wwProjectV1.53/Develop/Console/ServerBridgeAction/
[2026-07-25 02:51:31] [DEBUG] Attempting to load: \Develop\Controllers\ConsoleController::ServerBridgeAction
[2026-07-25 02:51:31] [DEBUG] Router: Executing \Develop\Controllers\ConsoleController->ServerBridgeAction
[2026-07-25 02:51:31] [DEBUG] ConsoleController::ServerBridge() start...
[2026-07-25 02:51:31] [DEBUG] ConsoleController::ServerBridge() \Develop\Controllers\PartsDefinitionController::InitialAction()
[2026-07-25 02:51:31] [DEBUG] DBDefinitionController::initialAction() start...
[2026-07-25 02:51:31] [DEBUG] PartsDefinitionController::initialAction() projectId : PRJ-D45FEF
[2026-07-25 02:51:31] [DEBUG] PartsDefinitionModel::getAllPartsList() start... Project ID: PRJ-D45FEF
[2026-07-25 02:51:31] [DEBUG] Screen::updateAreaD() path: \Develop\Views\AreaD\PartsDefinition\PartsDefinitionList.view start...
[2026-07-25 02:51:31] [DEBUG] Screen::getContents() start...
[2026-07-25 02:51:31] [DEBUG] Screen::getContents() finish.
[2026-07-25 02:51:31] [DEBUG] Screen::updateAreaD() finish.
[2026-07-25 02:51:31] [DEBUG] Screen::updateAreaE() [iframe起動版] path: \Develop\Views\AreaE\Area_E_clear.view start...
[2026-07-25 02:51:31] [DEBUG] Screen::getContents() start...
[2026-07-25 02:51:31] [DEBUG] Screen::getContents() finish.
[2026-07-25 02:51:31] [DEBUG] Screen::updateAreaE() finish.
[2026-07-25 02:51:31] [DEBUG] DBDefinitionController::initialAction() end.
[2026-07-25 02:51:31] [DEBUG] Screen::areaView() start...
[2026-07-25 02:51:31] [DEBUG] Screen::areaView() finish.
[2026-07-25 02:51:33] [DEBUG] --- wwProject System Start ---
[2026-07-25 02:51:33] [DEBUG] Router::Router() /jemini/wwProjectV1.53/Develop/Console/ServerBridgeAction/
[2026-07-25 02:51:33] [DEBUG] Attempting to load: \Develop\Controllers\ConsoleController::ServerBridgeAction
[2026-07-25 02:51:33] [DEBUG] Router: Executing \Develop\Controllers\ConsoleController->ServerBridgeAction
[2026-07-25 02:51:33] [DEBUG] ConsoleController::ServerBridge() start...
[2026-07-25 02:51:33] [DEBUG] ConsoleController::ServerBridge() \Develop\Controllers\PartsDefinitionController::editPartsAction()
[2026-07-25 02:51:33] [DEBUG] PartsDefinitionController::editPartsAction() start...
[2026-07-25 02:51:33] [DEBUG] PartsDefinitionModel::getAllPartsList() start... Project ID: PRJ-D45FEF
[2026-07-25 02:51:33] [DEBUG] PartsDefinitionModel::getColumnsByTableId() start... Input: applicantmaster
[2026-07-25 02:51:33] [DEBUG] 逆引き成功: 物理名 applicantmaster -> table_id : 13
[2026-07-25 02:51:33] [DEBUG] PartsDefinitionModel::getColumnsByTableId() finish. 件数: 19
[2026-07-25 02:51:33] [DEBUG] PartsDefinitionModel::getTableStructure() start... Project ID: PRJ-D45FEF
[2026-07-25 02:51:33] [DEBUG] Screen::updateAreaE() [iframe起動版] path: \Develop\Views\AreaE\PartsDefinition\RegistParts.view start...
[2026-07-25 02:51:33] [DEBUG] Screen::getContents() start...
[2026-07-25 02:51:33] [DEBUG] Screen::getContents() finish.
[2026-07-25 02:51:33] [DEBUG] Screen::updateAreaE() finish.
[2026-07-25 02:51:33] [DEBUG] PartsDefinitionController::editPartsAction() end.
[2026-07-25 02:51:33] [DEBUG] Screen::areaView() start...
[2026-07-25 02:51:33] [DEBUG] Screen::areaView() finish.
[2026-07-25 02:51:46] [DEBUG] --- wwProject System Start ---
[2026-07-25 02:51:46] [DEBUG] Router::Router() /jemini/wwProjectV1.53/Develop/Console/ServerBridgeAction/
[2026-07-25 02:51:46] [DEBUG] Attempting to load: \Develop\Controllers\ConsoleController::ServerBridgeAction
[2026-07-25 02:51:46] [DEBUG] Router: Executing \Develop\Controllers\ConsoleController->ServerBridgeAction
[2026-07-25 02:51:46] [DEBUG] ConsoleController::ServerBridge() start...
[2026-07-25 02:51:46] [DEBUG] ConsoleController::ServerBridge() \Develop\Controllers\PartsDefinitionController::editPartsAction()
[2026-07-25 02:51:46] [DEBUG] PartsDefinitionController::editPartsAction() start...
[2026-07-25 02:51:46] [DEBUG] PartsDefinitionModel::getAllPartsList() start... Project ID: PRJ-D45FEF
[2026-07-25 02:51:46] [DEBUG] PartsDefinitionModel::getColumnsByTableId() start... Input: newDevelopers
[2026-07-25 02:51:46] [DEBUG] 逆引き成功: 物理名 newDevelopers -> table_id : 12
[2026-07-25 02:51:46] [DEBUG] PartsDefinitionModel::getColumnsByTableId() finish. 件数: 9
[2026-07-25 02:51:46] [DEBUG] PartsDefinitionModel::getTableStructure() start... Project ID: PRJ-D45FEF
[2026-07-25 02:51:46] [DEBUG] Screen::updateAreaE() [iframe起動版] path: \Develop\Views\AreaE\PartsDefinition\RegistParts.view start...
[2026-07-25 02:51:46] [DEBUG] Screen::getContents() start...
[2026-07-25 02:51:46] [DEBUG] Screen::getContents() finish.
[2026-07-25 02:51:46] [DEBUG] Screen::updateAreaE() finish.
[2026-07-25 02:51:46] [DEBUG] PartsDefinitionController::editPartsAction() end.
[2026-07-25 02:51:46] [DEBUG] Screen::areaView() start...
[2026-07-25 02:51:46] [DEBUG] Screen::areaView() finish.
[2026-07-25 02:51:48] [DEBUG] --- wwProject System Start ---
[2026-07-25 02:51:48] [DEBUG] Router::Router() /jemini/wwProjectV1.53/Develop/Console/ServerBridgeAction/
[2026-07-25 02:51:48] [DEBUG] Attempting to load: \Develop\Controllers\ConsoleController::ServerBridgeAction
[2026-07-25 02:51:48] [DEBUG] Router: Executing \Develop\Controllers\ConsoleController->ServerBridgeAction
[2026-07-25 02:51:48] [DEBUG] ConsoleController::ServerBridge() start...
[2026-07-25 02:51:48] [DEBUG] ConsoleController::ServerBridge() \Develop\Controllers\PartsDefinitionController::editPartsAction()
[2026-07-25 02:51:48] [DEBUG] PartsDefinitionController::editPartsAction() start...
[2026-07-25 02:51:48] [DEBUG] PartsDefinitionModel::getAllPartsList() start... Project ID: PRJ-D45FEF
[2026-07-25 02:51:48] [DEBUG] PartsDefinitionModel::getColumnsByTableId() start... Input: newDevelopers
[2026-07-25 02:51:48] [DEBUG] 逆引き成功: 物理名 newDevelopers -> table_id : 12
[2026-07-25 02:51:48] [DEBUG] PartsDefinitionModel::getColumnsByTableId() finish. 件数: 9
[2026-07-25 02:51:48] [DEBUG] PartsDefinitionModel::getTableStructure() start... Project ID: PRJ-D45FEF
[2026-07-25 02:51:48] [DEBUG] Screen::updateAreaE() [iframe起動版] path: \Develop\Views\AreaE\PartsDefinition\RegistParts.view start...
[2026-07-25 02:51:48] [DEBUG] Screen::getContents() start...
[2026-07-25 02:51:48] [DEBUG] Screen::getContents() finish.
[2026-07-25 02:51:48] [DEBUG] Screen::updateAreaE() finish.
[2026-07-25 02:51:48] [DEBUG] PartsDefinitionController::editPartsAction() end.
[2026-07-25 02:51:48] [DEBUG] Screen::areaView() start...
[2026-07-25 02:51:48] [DEBUG] Screen::areaView() finish.
[2026-07-25 02:51:55] [DEBUG] --- wwProject System Start ---
[2026-07-25 02:51:55] [DEBUG] Router::Router() /jemini/wwProjectV1.53/Develop/Console/ServerBridgeAction/
[2026-07-25 02:51:55] [DEBUG] Attempting to load: \Develop\Controllers\ConsoleController::ServerBridgeAction
[2026-07-25 02:51:55] [DEBUG] Router: Executing \Develop\Controllers\ConsoleController->ServerBridgeAction
[2026-07-25 02:51:55] [DEBUG] ConsoleController::ServerBridge() start...
[2026-07-25 02:51:55] [DEBUG] ConsoleController::ServerBridge() \Develop\Controllers\PartsDefinitionController::editPartsAction()
[2026-07-25 02:51:55] [DEBUG] PartsDefinitionController::editPartsAction() start...
[2026-07-25 02:51:55] [DEBUG] PartsDefinitionModel::getAllPartsList() start... Project ID: PRJ-D45FEF
[2026-07-25 02:51:55] [DEBUG] PartsDefinitionModel::getColumnsByTableId() start... Input: newDevelopers
[2026-07-25 02:51:55] [DEBUG] 逆引き成功: 物理名 newDevelopers -> table_id : 12
[2026-07-25 02:51:55] [DEBUG] PartsDefinitionModel::getColumnsByTableId() finish. 件数: 9
[2026-07-25 02:51:55] [DEBUG] PartsDefinitionModel::getTableStructure() start... Project ID: PRJ-D45FEF
[2026-07-25 02:51:55] [DEBUG] Screen::updateAreaE() [iframe起動版] path: \Develop\Views\AreaE\PartsDefinition\RegistParts.view start...
[2026-07-25 02:51:55] [DEBUG] Screen::getContents() start...
[2026-07-25 02:51:55] [DEBUG] Screen::getContents() finish.
[2026-07-25 02:51:55] [DEBUG] Screen::updateAreaE() finish.
[2026-07-25 02:51:55] [DEBUG] PartsDefinitionController::editPartsAction() end.
[2026-07-25 02:51:55] [DEBUG] Screen::areaView() start...
[2026-07-25 02:51:55] [DEBUG] Screen::areaView() finish.
[2026-07-25 02:51:57] [DEBUG] --- wwProject System Start ---
[2026-07-25 02:51:57] [DEBUG] Router::Router() /jemini/wwProjectV1.53/Develop/Console/ServerBridgeAction/
[2026-07-25 02:51:57] [DEBUG] Attempting to load: \Develop\Controllers\ConsoleController::ServerBridgeAction
[2026-07-25 02:51:57] [DEBUG] Router: Executing \Develop\Controllers\ConsoleController->ServerBridgeAction
[2026-07-25 02:51:57] [DEBUG] ConsoleController::ServerBridge() start...
[2026-07-25 02:51:57] [DEBUG] ConsoleController::ServerBridge() \Develop\Controllers\PartsDefinitionController::editPartsAction()
[2026-07-25 02:51:57] [DEBUG] PartsDefinitionController::editPartsAction() start...
[2026-07-25 02:51:57] [DEBUG] PartsDefinitionModel::getAllPartsList() start... Project ID: PRJ-D45FEF
[2026-07-25 02:51:57] [DEBUG] PartsDefinitionModel::getColumnsByTableId() start... Input: newDevelopers
[2026-07-25 02:51:57] [DEBUG] 逆引き成功: 物理名 newDevelopers -> table_id : 12
[2026-07-25 02:51:57] [DEBUG] PartsDefinitionModel::getColumnsByTableId() finish. 件数: 9
[2026-07-25 02:51:57] [DEBUG] PartsDefinitionModel::getTableStructure() start... Project ID: PRJ-D45FEF
[2026-07-25 02:51:57] [DEBUG] Screen::updateAreaE() [iframe起動版] path: \Develop\Views\AreaE\PartsDefinition\RegistParts.view start...
[2026-07-25 02:51:57] [DEBUG] Screen::getContents() start...
[2026-07-25 02:51:57] [DEBUG] Screen::getContents() finish.
[2026-07-25 02:51:57] [DEBUG] Screen::updateAreaE() finish.
[2026-07-25 02:51:57] [DEBUG] PartsDefinitionController::editPartsAction() end.
[2026-07-25 02:51:57] [DEBUG] Screen::areaView() start...
[2026-07-25 02:51:57] [DEBUG] Screen::areaView() finish.
[2026-07-25 02:52:02] [DEBUG] --- wwProject System Start ---
[2026-07-25 02:52:02] [DEBUG] Router::Router() /jemini/wwProjectV1.53/Develop/Console/ServerBridgeAction/
[2026-07-25 02:52:02] [DEBUG] Attempting to load: \Develop\Controllers\ConsoleController::ServerBridgeAction
[2026-07-25 02:52:02] [DEBUG] Router: Executing \Develop\Controllers\ConsoleController->ServerBridgeAction
[2026-07-25 02:52:02] [DEBUG] ConsoleController::ServerBridge() start...
[2026-07-25 02:52:02] [DEBUG] ConsoleController::ServerBridge() \Develop\Controllers\PartsDefinitionController::editPartsAction()
[2026-07-25 02:52:02] [DEBUG] PartsDefinitionController::editPartsAction() start...
[2026-07-25 02:52:02] [DEBUG] PartsDefinitionModel::getAllPartsList() start... Project ID: PRJ-D45FEF
[2026-07-25 02:52:02] [DEBUG] PartsDefinitionModel::getColumnsByTableId() start... Input: newDevelopers
[2026-07-25 02:52:02] [DEBUG] 逆引き成功: 物理名 newDevelopers -> table_id : 12
[2026-07-25 02:52:02] [DEBUG] PartsDefinitionModel::getColumnsByTableId() finish. 件数: 9
[2026-07-25 02:52:02] [DEBUG] PartsDefinitionModel::getTableStructure() start... Project ID: PRJ-D45FEF
[2026-07-25 02:52:02] [DEBUG] Screen::updateAreaE() [iframe起動版] path: \Develop\Views\AreaE\PartsDefinition\RegistParts.view start...
[2026-07-25 02:52:02] [DEBUG] Screen::getContents() start...
[2026-07-25 02:52:02] [DEBUG] Screen::getContents() finish.
[2026-07-25 02:52:02] [DEBUG] Screen::updateAreaE() finish.
[2026-07-25 02:52:02] [DEBUG] PartsDefinitionController::editPartsAction() end.
[2026-07-25 02:52:02] [DEBUG] Screen::areaView() start...
[2026-07-25 02:52:02] [DEBUG] Screen::areaView() finish.
[2026-07-25 02:52:04] [DEBUG] --- wwProject System Start ---
[2026-07-25 02:52:04] [DEBUG] Router::Router() /jemini/wwProjectV1.53/Develop/Console/ServerBridgeAction/
[2026-07-25 02:52:04] [DEBUG] Attempting to load: \Develop\Controllers\ConsoleController::ServerBridgeAction
[2026-07-25 02:52:04] [DEBUG] Router: Executing \Develop\Controllers\ConsoleController->ServerBridgeAction
[2026-07-25 02:52:04] [DEBUG] ConsoleController::ServerBridge() start...
[2026-07-25 02:52:04] [DEBUG] ConsoleController::ServerBridge() \Develop\Controllers\PartsDefinitionController::editPartsAction()
[2026-07-25 02:52:04] [DEBUG] PartsDefinitionController::editPartsAction() start...
[2026-07-25 02:52:04] [DEBUG] PartsDefinitionModel::getAllPartsList() start... Project ID: PRJ-D45FEF
[2026-07-25 02:52:04] [DEBUG] PartsDefinitionModel::getColumnsByTableId() start... Input: newDevelopers
[2026-07-25 02:52:04] [DEBUG] 逆引き成功: 物理名 newDevelopers -> table_id : 12
[2026-07-25 02:52:04] [DEBUG] PartsDefinitionModel::getColumnsByTableId() finish. 件数: 9
[2026-07-25 02:52:04] [DEBUG] PartsDefinitionModel::getTableStructure() start... Project ID: PRJ-D45FEF
[2026-07-25 02:52:04] [DEBUG] Screen::updateAreaE() [iframe起動版] path: \Develop\Views\AreaE\PartsDefinition\RegistParts.view start...
[2026-07-25 02:52:04] [DEBUG] Screen::getContents() start...
[2026-07-25 02:52:04] [DEBUG] Screen::getContents() finish.
[2026-07-25 02:52:04] [DEBUG] Screen::updateAreaE() finish.
[2026-07-25 02:52:04] [DEBUG] PartsDefinitionController::editPartsAction() end.
[2026-07-25 02:52:04] [DEBUG] Screen::areaView() start...
[2026-07-25 02:52:04] [DEBUG] Screen::areaView() finish.
[2026-07-25 02:52:15] [DEBUG] --- wwProject System Start ---
[2026-07-25 02:52:15] [DEBUG] Router::Router() /jemini/wwProjectV1.53/Develop/Console/ServerBridgeAction/
[2026-07-25 02:52:15] [DEBUG] Attempting to load: \Develop\Controllers\ConsoleController::ServerBridgeAction
[2026-07-25 02:52:15] [DEBUG] Router: Executing \Develop\Controllers\ConsoleController->ServerBridgeAction
[2026-07-25 02:52:15] [DEBUG] ConsoleController::ServerBridge() start...
[2026-07-25 02:52:15] [DEBUG] ConsoleController::ServerBridge() \Develop\Controllers\PartsDefinitionController::editPartsAction()
[2026-07-25 02:52:15] [DEBUG] PartsDefinitionController::editPartsAction() start...
[2026-07-25 02:52:15] [DEBUG] PartsDefinitionModel::getAllPartsList() start... Project ID: PRJ-D45FEF
[2026-07-25 02:52:15] [DEBUG] PartsDefinitionModel::getColumnsByTableId() start... Input: developers
[2026-07-25 02:52:15] [DEBUG] 逆引き成功: 物理名 developers -> table_id : 14
[2026-07-25 02:52:15] [DEBUG] PartsDefinitionModel::getColumnsByTableId() finish. 件数: 9
[2026-07-25 02:52:15] [DEBUG] PartsDefinitionModel::getTableStructure() start... Project ID: PRJ-D45FEF
[2026-07-25 02:52:15] [DEBUG] Screen::updateAreaE() [iframe起動版] path: \Develop\Views\AreaE\PartsDefinition\RegistParts.view start...
[2026-07-25 02:52:15] [DEBUG] Screen::getContents() start...
[2026-07-25 02:52:15] [DEBUG] Screen::getContents() finish.
[2026-07-25 02:52:15] [DEBUG] Screen::updateAreaE() finish.
[2026-07-25 02:52:15] [DEBUG] PartsDefinitionController::editPartsAction() end.
[2026-07-25 02:52:15] [DEBUG] Screen::areaView() start...
[2026-07-25 02:52:15] [DEBUG] Screen::areaView() finish.
[2026-07-25 02:52:17] [DEBUG] --- wwProject System Start ---
[2026-07-25 02:52:17] [DEBUG] Router::Router() /jemini/wwProjectV1.53/Develop/Console/ServerBridgeAction/
[2026-07-25 02:52:17] [DEBUG] Attempting to load: \Develop\Controllers\ConsoleController::ServerBridgeAction
[2026-07-25 02:52:17] [DEBUG] Router: Executing \Develop\Controllers\ConsoleController->ServerBridgeAction
[2026-07-25 02:52:17] [DEBUG] ConsoleController::ServerBridge() start...
[2026-07-25 02:52:17] [DEBUG] ConsoleController::ServerBridge() \Develop\Controllers\PartsDefinitionController::editPartsAction()
[2026-07-25 02:52:17] [DEBUG] PartsDefinitionController::editPartsAction() start...
[2026-07-25 02:52:17] [DEBUG] PartsDefinitionModel::getAllPartsList() start... Project ID: PRJ-D45FEF
[2026-07-25 02:52:17] [DEBUG] PartsDefinitionModel::getColumnsByTableId() start... Input: developers
[2026-07-25 02:52:17] [DEBUG] 逆引き成功: 物理名 developers -> table_id : 14
[2026-07-25 02:52:17] [DEBUG] PartsDefinitionModel::getColumnsByTableId() finish. 件数: 9
[2026-07-25 02:52:17] [DEBUG] PartsDefinitionModel::getTableStructure() start... Project ID: PRJ-D45FEF
[2026-07-25 02:52:17] [DEBUG] Screen::updateAreaE() [iframe起動版] path: \Develop\Views\AreaE\PartsDefinition\RegistParts.view start...
[2026-07-25 02:52:17] [DEBUG] Screen::getContents() start...
[2026-07-25 02:52:17] [DEBUG] Screen::getContents() finish.
[2026-07-25 02:52:17] [DEBUG] Screen::updateAreaE() finish.
[2026-07-25 02:52:17] [DEBUG] PartsDefinitionController::editPartsAction() end.
[2026-07-25 02:52:17] [DEBUG] Screen::areaView() start...
[2026-07-25 02:52:17] [DEBUG] Screen::areaView() finish.
[2026-07-25 02:52:19] [DEBUG] --- wwProject System Start ---
[2026-07-25 02:52:19] [DEBUG] Router::Router() /jemini/wwProjectV1.53/Develop/Console/ServerBridgeAction/
[2026-07-25 02:52:19] [DEBUG] Attempting to load: \Develop\Controllers\ConsoleController::ServerBridgeAction
[2026-07-25 02:52:19] [DEBUG] Router: Executing \Develop\Controllers\ConsoleController->ServerBridgeAction
[2026-07-25 02:52:19] [DEBUG] ConsoleController::ServerBridge() start...
[2026-07-25 02:52:19] [DEBUG] ConsoleController::ServerBridge() \Develop\Controllers\PartsDefinitionController::editPartsAction()
[2026-07-25 02:52:19] [DEBUG] PartsDefinitionController::editPartsAction() start...
[2026-07-25 02:52:19] [DEBUG] PartsDefinitionModel::getAllPartsList() start... Project ID: PRJ-D45FEF
[2026-07-25 02:52:19] [DEBUG] PartsDefinitionModel::getColumnsByTableId() start... Input: newDevelopers
[2026-07-25 02:52:19] [DEBUG] 逆引き成功: 物理名 newDevelopers -> table_id : 12
[2026-07-25 02:52:19] [DEBUG] PartsDefinitionModel::getColumnsByTableId() finish. 件数: 9
[2026-07-25 02:52:19] [DEBUG] PartsDefinitionModel::getTableStructure() start... Project ID: PRJ-D45FEF
[2026-07-25 02:52:19] [DEBUG] Screen::updateAreaE() [iframe起動版] path: \Develop\Views\AreaE\PartsDefinition\RegistParts.view start...
[2026-07-25 02:52:19] [DEBUG] Screen::getContents() start...
[2026-07-25 02:52:19] [DEBUG] Screen::getContents() finish.
[2026-07-25 02:52:19] [DEBUG] Screen::updateAreaE() finish.
[2026-07-25 02:52:19] [DEBUG] PartsDefinitionController::editPartsAction() end.
[2026-07-25 02:52:19] [DEBUG] Screen::areaView() start...
[2026-07-25 02:52:19] [DEBUG] Screen::areaView() finish.
[2026-07-25 02:52:21] [DEBUG] --- wwProject System Start ---
[2026-07-25 02:52:21] [DEBUG] Router::Router() /jemini/wwProjectV1.53/Develop/Console/ServerBridgeAction/
[2026-07-25 02:52:21] [DEBUG] Attempting to load: \Develop\Controllers\ConsoleController::ServerBridgeAction
[2026-07-25 02:52:21] [DEBUG] Router: Executing \Develop\Controllers\ConsoleController->ServerBridgeAction
[2026-07-25 02:52:21] [DEBUG] ConsoleController::ServerBridge() start...
[2026-07-25 02:52:21] [DEBUG] ConsoleController::ServerBridge() \Develop\Controllers\PartsDefinitionController::editPartsAction()
[2026-07-25 02:52:21] [DEBUG] PartsDefinitionController::editPartsAction() start...
[2026-07-25 02:52:21] [DEBUG] PartsDefinitionModel::getAllPartsList() start... Project ID: PRJ-D45FEF
[2026-07-25 02:52:21] [DEBUG] PartsDefinitionModel::getColumnsByTableId() start... Input: newDevelopers
[2026-07-25 02:52:21] [DEBUG] 逆引き成功: 物理名 newDevelopers -> table_id : 12
[2026-07-25 02:52:21] [DEBUG] PartsDefinitionModel::getColumnsByTableId() finish. 件数: 9
[2026-07-25 02:52:21] [DEBUG] PartsDefinitionModel::getTableStructure() start... Project ID: PRJ-D45FEF
[2026-07-25 02:52:21] [DEBUG] Screen::updateAreaE() [iframe起動版] path: \Develop\Views\AreaE\PartsDefinition\RegistParts.view start...
[2026-07-25 02:52:21] [DEBUG] Screen::getContents() start...
[2026-07-25 02:52:21] [DEBUG] Screen::getContents() finish.
[2026-07-25 02:52:21] [DEBUG] Screen::updateAreaE() finish.
[2026-07-25 02:52:21] [DEBUG] PartsDefinitionController::editPartsAction() end.
[2026-07-25 02:52:21] [DEBUG] Screen::areaView() start...
[2026-07-25 02:52:21] [DEBUG] Screen::areaView() finish.
[2026-07-25 02:53:48] [DEBUG] --- wwProject System Start ---
[2026-07-25 02:53:48] [DEBUG] Router::Router() /jemini/wwProjectV1.53/Develop/Console/initial/
[2026-07-25 02:53:48] [DEBUG] Attempting to load: \Develop\Controllers\ConsoleController::initialAction
[2026-07-25 02:53:48] [DEBUG] Router: Executing \Develop\Controllers\ConsoleController->initialAction
[2026-07-25 02:53:48] [DEBUG] Console::initialAction() start...
[2026-07-25 02:53:48] [DEBUG] Screen::view() path: \Develop\Views\Console\Console.view start...
[2026-07-25 02:53:48] [DEBUG] Screen::getContents() start...
[2026-07-25 02:53:48] [DEBUG] Screen::getContents() finish.
[2026-07-25 02:53:48] [DEBUG] Screen::view() path: \Develop\Views\Console\Console.view finish.
[2026-07-25 02:53:48] [DEBUG] ConsoleController::initialAction() finish.
[2026-07-25 02:53:48] [DEBUG] --- wwProject System Start ---
[2026-07-25 02:53:48] [DEBUG] Router::Router() /jemini/wwProjectV1.53/Develop/Console/ServerBridgeAction/
[2026-07-25 02:53:48] [DEBUG] Attempting to load: \Develop\Controllers\ConsoleController::ServerBridgeAction
[2026-07-25 02:53:48] [DEBUG] Router: Executing \Develop\Controllers\ConsoleController->ServerBridgeAction
[2026-07-25 02:53:48] [DEBUG] ConsoleController::ServerBridge() start...
[2026-07-25 02:53:48] [DEBUG] ConsoleController::ServerBridge() \Develop\Controllers\ConsoleController::areaInitialAction()
[2026-07-25 02:53:48] [DEBUG] ConsoleController::AreaInitialAction() start...
[2026-07-25 02:53:48] [DEBUG] Screen::updateAreaA() path: \Develop\Views\AreaA\Area_A.view start...
[2026-07-25 02:53:48] [DEBUG] Screen::areaView() sending JSON: ["areas"]
[2026-07-25 02:53:48] [DEBUG] Screen::getContents() start...
[2026-07-25 02:53:48] [DEBUG] Screen::getContents() finish.
[2026-07-25 02:53:48] [DEBUG] Screen::updateAreaA() finish.
[2026-07-25 02:53:48] [DEBUG] Screen::updateAreaB() path: \Develop\Views\AreaB\Area_B.view start...
[2026-07-25 02:53:48] [DEBUG] Screen::getContents() start...
[2026-07-25 02:53:48] [DEBUG] Screen::getContents() finish.
[2026-07-25 02:53:48] [DEBUG] Screen::updateAreaB() finish.
[2026-07-25 02:53:48] [DEBUG] Screen::updateAreaD() path: \Develop\Views\AreaD\Area_D_clear.view start...
[2026-07-25 02:53:48] [DEBUG] Screen::getContents() start...
[2026-07-25 02:53:48] [DEBUG] Screen::getContents() finish.
[2026-07-25 02:53:48] [DEBUG] Screen::updateAreaD() finish.
[2026-07-25 02:53:48] [DEBUG] Screen::updateAreaE() [iframe起動版] path: \Develop\Views\AreaE\Area_E_clear.view start...
[2026-07-25 02:53:48] [DEBUG] Screen::getContents() start...
[2026-07-25 02:53:48] [DEBUG] Screen::getContents() finish.
[2026-07-25 02:53:48] [DEBUG] Screen::updateAreaE() finish.
[2026-07-25 02:53:48] [DEBUG] Screen::updateAreaF() path: \Develop\Views\AreaF\Area_F.view start...
[2026-07-25 02:53:48] [DEBUG] Screen::getContents() start...
[2026-07-25 02:53:48] [DEBUG] Screen::getContents() finish.
[2026-07-25 02:53:48] [DEBUG] Screen::updateAreaF() finish.
[2026-07-25 02:53:48] [DEBUG] ProjectController::startProjectNabi() start...
[2026-07-25 02:53:48] [DEBUG] ProjectController::getProjectListHtml() start...
[2026-07-25 02:53:48] [DEBUG] ProjectModel::getProjectList() start...
[2026-07-25 02:53:48] [DEBUG] ProjectModel::getProjectList() finish.
[2026-07-25 02:53:48] [DEBUG] CodeMasterModel：：getCodesByGroup() start...
[2026-07-25 02:53:48] [DEBUG] CodeMasterModel：：getCodesByGroup() finish.
[2026-07-25 02:53:48] [DEBUG] ProjectController::getNaviFooterHtml() start...
[2026-07-25 02:53:48] [DEBUG] ProjectController::getNaviFooterHtml() finish.
[2026-07-25 02:53:48] [DEBUG] ProjectController::startProjectNabi() finish.
[2026-07-25 02:53:48] [DEBUG] Screen::updateAreaC() \Develop\Views\AreaC\Area_C.view start...
[2026-07-25 02:53:48] [DEBUG] Screen::getContents() start...
[2026-07-25 02:53:48] [DEBUG] Screen::getContents() finish.
[2026-07-25 02:53:48] [DEBUG] Screen::updateAreaC() finish.
[2026-07-25 02:53:48] [DEBUG] ConsoleController::AreaInitialAction() finish.
[2026-07-25 02:53:48] [DEBUG] Screen::areaView() start...
[2026-07-25 02:53:48] [DEBUG] Screen::areaView() finish.
[2026-07-25 02:53:50] [DEBUG] --- wwProject System Start ---
[2026-07-25 02:53:50] [DEBUG] Router::Router() /jemini/wwProjectV1.53/Develop/Console/ServerBridgeAction/
[2026-07-25 02:53:50] [DEBUG] Attempting to load: \Develop\Controllers\ConsoleController::ServerBridgeAction
[2026-07-25 02:53:50] [DEBUG] Router: Executing \Develop\Controllers\ConsoleController->ServerBridgeAction
[2026-07-25 02:53:50] [DEBUG] ConsoleController::ServerBridge() start...
[2026-07-25 02:53:50] [DEBUG] ConsoleController::ServerBridge() \Develop\Controllers\PartsDefinitionController::InitialAction()
[2026-07-25 02:53:50] [DEBUG] DBDefinitionController::initialAction() start...
[2026-07-25 02:53:50] [DEBUG] PartsDefinitionController::initialAction() projectId : PRJ-D45FEF
[2026-07-25 02:53:50] [DEBUG] PartsDefinitionModel::getAllPartsList() start... Project ID: PRJ-D45FEF
[2026-07-25 02:53:50] [DEBUG] Screen::updateAreaD() path: \Develop\Views\AreaD\PartsDefinition\PartsDefinitionList.view start...
[2026-07-25 02:53:50] [DEBUG] Screen::getContents() start...
[2026-07-25 02:53:50] [DEBUG] Screen::getContents() finish.
[2026-07-25 02:53:50] [DEBUG] Screen::updateAreaD() finish.
[2026-07-25 02:53:50] [DEBUG] Screen::updateAreaE() [iframe起動版] path: \Develop\Views\AreaE\Area_E_clear.view start...
[2026-07-25 02:53:50] [DEBUG] Screen::getContents() start...
[2026-07-25 02:53:50] [DEBUG] Screen::getContents() finish.
[2026-07-25 02:53:50] [DEBUG] Screen::updateAreaE() finish.
[2026-07-25 02:53:50] [DEBUG] DBDefinitionController::initialAction() end.
[2026-07-25 02:53:50] [DEBUG] Screen::areaView() start...
[2026-07-25 02:53:50] [DEBUG] Screen::areaView() finish.
[2026-07-25 02:53:51] [DEBUG] --- wwProject System Start ---
[2026-07-25 02:53:51] [DEBUG] Router::Router() /jemini/wwProjectV1.53/Develop/Console/ServerBridgeAction/
[2026-07-25 02:53:51] [DEBUG] Attempting to load: \Develop\Controllers\ConsoleController::ServerBridgeAction
[2026-07-25 02:53:51] [DEBUG] Router: Executing \Develop\Controllers\ConsoleController->ServerBridgeAction
[2026-07-25 02:53:51] [DEBUG] ConsoleController::ServerBridge() start...
[2026-07-25 02:53:51] [DEBUG] ConsoleController::ServerBridge() \Develop\Controllers\PartsDefinitionController::editPartsAction()
[2026-07-25 02:53:51] [DEBUG] PartsDefinitionController::editPartsAction() start...
[2026-07-25 02:53:51] [DEBUG] PartsDefinitionModel::getAllPartsList() start... Project ID: PRJ-D45FEF
[2026-07-25 02:53:51] [DEBUG] PartsDefinitionModel::getColumnsByTableId() start... Input: newDevelopers
[2026-07-25 02:53:51] [DEBUG] 逆引き成功: 物理名 newDevelopers -> table_id : 12
[2026-07-25 02:53:51] [DEBUG] PartsDefinitionModel::getColumnsByTableId() finish. 件数: 9
[2026-07-25 02:53:51] [DEBUG] PartsDefinitionModel::getTableStructure() start... Project ID: PRJ-D45FEF
[2026-07-25 02:53:51] [DEBUG] Screen::updateAreaE() [iframe起動版] path: \Develop\Views\AreaE\PartsDefinition\RegistParts.view start...
[2026-07-25 02:53:51] [DEBUG] Screen::getContents() start...
[2026-07-25 02:53:51] [DEBUG] Screen::getContents() finish.
[2026-07-25 02:53:51] [DEBUG] Screen::updateAreaE() finish.
[2026-07-25 02:53:51] [DEBUG] PartsDefinitionController::editPartsAction() end.
[2026-07-25 02:53:51] [DEBUG] Screen::areaView() start...
[2026-07-25 02:53:51] [DEBUG] Screen::areaView() finish.
[2026-07-25 02:53:53] [DEBUG] --- wwProject System Start ---
[2026-07-25 02:53:53] [DEBUG] Router::Router() /jemini/wwProjectV1.53/Develop/Console/ServerBridgeAction/
[2026-07-25 02:53:53] [DEBUG] Attempting to load: \Develop\Controllers\ConsoleController::ServerBridgeAction
[2026-07-25 02:53:53] [DEBUG] Router: Executing \Develop\Controllers\ConsoleController->ServerBridgeAction
[2026-07-25 02:53:53] [DEBUG] ConsoleController::ServerBridge() start...
[2026-07-25 02:53:53] [DEBUG] ConsoleController::ServerBridge() \Develop\Controllers\PartsDefinitionController::editPartsAction()
[2026-07-25 02:53:53] [DEBUG] PartsDefinitionController::editPartsAction() start...
[2026-07-25 02:53:53] [DEBUG] PartsDefinitionModel::getAllPartsList() start... Project ID: PRJ-D45FEF
[2026-07-25 02:53:53] [DEBUG] PartsDefinitionModel::getColumnsByTableId() start... Input: newDevelopers
[2026-07-25 02:53:53] [DEBUG] 逆引き成功: 物理名 newDevelopers -> table_id : 12
[2026-07-25 02:53:53] [DEBUG] PartsDefinitionModel::getColumnsByTableId() finish. 件数: 9
[2026-07-25 02:53:53] [DEBUG] PartsDefinitionModel::getTableStructure() start... Project ID: PRJ-D45FEF
[2026-07-25 02:53:53] [DEBUG] Screen::updateAreaE() [iframe起動版] path: \Develop\Views\AreaE\PartsDefinition\RegistParts.view start...
[2026-07-25 02:53:53] [DEBUG] Screen::getContents() start...
[2026-07-25 02:53:53] [DEBUG] Screen::getContents() finish.
[2026-07-25 02:53:53] [DEBUG] Screen::updateAreaE() finish.
[2026-07-25 02:53:53] [DEBUG] PartsDefinitionController::editPartsAction() end.
[2026-07-25 02:53:53] [DEBUG] Screen::areaView() start...
[2026-07-25 02:53:53] [DEBUG] Screen::areaView() finish.
[2026-07-25 02:53:54] [DEBUG] --- wwProject System Start ---
[2026-07-25 02:53:54] [DEBUG] Router::Router() /jemini/wwProjectV1.53/Develop/Console/ServerBridgeAction/
[2026-07-25 02:53:54] [DEBUG] Attempting to load: \Develop\Controllers\ConsoleController::ServerBridgeAction
[2026-07-25 02:53:54] [DEBUG] Router: Executing \Develop\Controllers\ConsoleController->ServerBridgeAction
[2026-07-25 02:53:54] [DEBUG] ConsoleController::ServerBridge() start...
[2026-07-25 02:53:54] [DEBUG] ConsoleController::ServerBridge() \Develop\Controllers\PartsDefinitionController::editPartsAction()
[2026-07-25 02:53:54] [DEBUG] PartsDefinitionController::editPartsAction() start...
[2026-07-25 02:53:54] [DEBUG] PartsDefinitionModel::getAllPartsList() start... Project ID: PRJ-D45FEF
[2026-07-25 02:53:54] [DEBUG] PartsDefinitionModel::getColumnsByTableId() start... Input: newDevelopers
[2026-07-25 02:53:54] [DEBUG] 逆引き成功: 物理名 newDevelopers -> table_id : 12
[2026-07-25 02:53:54] [DEBUG] PartsDefinitionModel::getColumnsByTableId() finish. 件数: 9
[2026-07-25 02:53:54] [DEBUG] PartsDefinitionModel::getTableStructure() start... Project ID: PRJ-D45FEF
[2026-07-25 02:53:54] [DEBUG] Screen::updateAreaE() [iframe起動版] path: \Develop\Views\AreaE\PartsDefinition\RegistParts.view start...
[2026-07-25 02:53:54] [DEBUG] Screen::getContents() start...
[2026-07-25 02:53:54] [DEBUG] Screen::getContents() finish.
[2026-07-25 02:53:54] [DEBUG] Screen::updateAreaE() finish.
[2026-07-25 02:53:54] [DEBUG] PartsDefinitionController::editPartsAction() end.
[2026-07-25 02:53:54] [DEBUG] Screen::areaView() start...
[2026-07-25 02:53:54] [DEBUG] Screen::areaView() finish.
[2026-07-25 02:53:58] [DEBUG] --- wwProject System Start ---
[2026-07-25 02:53:58] [DEBUG] Router::Router() /jemini/wwProjectV1.53/Develop/Console/ServerBridgeAction/
[2026-07-25 02:53:58] [DEBUG] Attempting to load: \Develop\Controllers\ConsoleController::ServerBridgeAction
[2026-07-25 02:53:58] [DEBUG] Router: Executing \Develop\Controllers\ConsoleController->ServerBridgeAction
[2026-07-25 02:53:58] [DEBUG] ConsoleController::ServerBridge() start...
[2026-07-25 02:53:58] [DEBUG] ConsoleController::ServerBridge() \Develop\Controllers\PartsDefinitionController::editPartsAction()
[2026-07-25 02:53:58] [DEBUG] PartsDefinitionController::editPartsAction() start...
[2026-07-25 02:53:58] [DEBUG] PartsDefinitionModel::getAllPartsList() start... Project ID: PRJ-D45FEF
[2026-07-25 02:53:58] [DEBUG] PartsDefinitionModel::getColumnsByTableId() start... Input: applicantmaster
[2026-07-25 02:53:58] [DEBUG] 逆引き成功: 物理名 applicantmaster -> table_id : 13
[2026-07-25 02:53:58] [DEBUG] PartsDefinitionModel::getColumnsByTableId() finish. 件数: 19
[2026-07-25 02:53:58] [DEBUG] PartsDefinitionModel::getTableStructure() start... Project ID: PRJ-D45FEF
[2026-07-25 02:53:58] [DEBUG] Screen::updateAreaE() [iframe起動版] path: \Develop\Views\AreaE\PartsDefinition\RegistParts.view start...
[2026-07-25 02:53:58] [DEBUG] Screen::getContents() start...
[2026-07-25 02:53:58] [DEBUG] Screen::getContents() finish.
[2026-07-25 02:53:58] [DEBUG] Screen::updateAreaE() finish.
[2026-07-25 02:53:58] [DEBUG] PartsDefinitionController::editPartsAction() end.
[2026-07-25 02:53:58] [DEBUG] Screen::areaView() start...
[2026-07-25 02:53:58] [DEBUG] Screen::areaView() finish.
[2026-07-25 02:54:03] [DEBUG] --- wwProject System Start ---
[2026-07-25 02:54:03] [DEBUG] Router::Router() /jemini/wwProjectV1.53/Develop/Console/ServerBridgeAction/
[2026-07-25 02:54:03] [DEBUG] Attempting to load: \Develop\Controllers\ConsoleController::ServerBridgeAction
[2026-07-25 02:54:03] [DEBUG] Router: Executing \Develop\Controllers\ConsoleController->ServerBridgeAction
[2026-07-25 02:54:03] [DEBUG] ConsoleController::ServerBridge() start...
[2026-07-25 02:54:03] [DEBUG] ConsoleController::ServerBridge() \Develop\Controllers\PartsDefinitionController::saveAction()
[2026-07-25 02:54:03] [DEBUG] PartsDefinitionController::saveAction() start...
[2026-07-25 02:54:03] [DEBUG] 🔍送信されたPOSTデータ: {"code":"PartsDefinition\/save","parts_id":"24","parts_name":"０００００００００","parts_description":"０００００００００","parts_type":"Single Record Confirm","table_name":"applicantmaster","preview_title":"０００００００００","input_rows":"","display_label":"logical","column_filter":"selected","contents":"","checked_columns_json":"id,eventType,applicantEmail,organizationName,applicantName,updateDate","input_style":""}
[2026-07-25 02:54:03] [DEBUG] PartsDefinitionModel::saveParts() start... Project ID: PRJ-D45FEF, Parts ID: 24
[2026-07-25 02:54:03] [DEBUG] PartsDefinitionModel::saveParts() 保存するchecked_columns_jsonの値: [id,eventType,applicantEmail,organizationName,applicantName,updateDate]
[2026-07-25 02:54:03] [DEBUG] PartsDefinitionModel::saveParts() search_area : 
[2026-07-25 02:54:03] [DEBUG] PartsDefinitionModel::saveParts() detail_button : 
[2026-07-25 02:54:03] [DEBUG] PartsDefinitionModel::saveParts() UPDATE m_screenparts SET
                            parts_name = :parts_name,
                            parts_description = :parts_description,
                            parts_type = :parts_type,
                            table_name = :table_name,
                            display_label = :display_label,
                            preview_title = :preview_title,
                            column_filter = :column_filter,
                            input_rows = :input_rows,
                            checked_columns_json = :checked_columns_json,
                            input_style = :input_style,
                            contents = :contents,
                            style_condition = :style_condition,
                            style_column = :style_column,
                            search_area = :search_area,
                            detail_button = :detail_button
                        WHERE
                            project_id = :project_id AND parts_id = :parts_id
[2026-07-25 02:54:03] [DEBUG] PartsDefinitionModel::saveParts() UPDATEを実行します。Parts ID: 24
[2026-07-25 02:54:03] [DEBUG] PartsDefinitionModel::getAllPartsList() start... Project ID: PRJ-D45FEF
[2026-07-25 02:54:03] [DEBUG] Screen::updateAreaD() path: \Develop\Views\AreaD\PartsDefinition\PartsDefinitionList.view start...
[2026-07-25 02:54:03] [DEBUG] Screen::getContents() start...
[2026-07-25 02:54:03] [DEBUG] Screen::getContents() finish.
[2026-07-25 02:54:03] [DEBUG] Screen::updateAreaD() finish.
[2026-07-25 02:54:03] [DEBUG] Screen::updateAreaE() [iframe起動版] path: \Develop\Views\AreaE\Area_E_clear.view start...
[2026-07-25 02:54:03] [DEBUG] Screen::getContents() start...
[2026-07-25 02:54:03] [DEBUG] Screen::getContents() finish.
[2026-07-25 02:54:03] [DEBUG] Screen::updateAreaE() finish.
[2026-07-25 02:54:03] [DEBUG] PartsDefinitionController::saveAction() end.
[2026-07-25 02:54:03] [DEBUG] Screen::areaView() start...
[2026-07-25 02:54:03] [DEBUG] Screen::areaView() finish.
[2026-07-25 02:54:05] [DEBUG] --- wwProject System Start ---
[2026-07-25 02:54:05] [DEBUG] Router::Router() /jemini/wwProjectV1.53/Develop/Console/ServerBridgeAction/
[2026-07-25 02:54:05] [DEBUG] Attempting to load: \Develop\Controllers\ConsoleController::ServerBridgeAction
[2026-07-25 02:54:05] [DEBUG] Router: Executing \Develop\Controllers\ConsoleController->ServerBridgeAction
[2026-07-25 02:54:05] [DEBUG] ConsoleController::ServerBridge() start...
[2026-07-25 02:54:05] [DEBUG] ConsoleController::ServerBridge() \Develop\Controllers\PartsDefinitionController::editPartsAction()
[2026-07-25 02:54:05] [DEBUG] PartsDefinitionController::editPartsAction() start...
[2026-07-25 02:54:05] [DEBUG] PartsDefinitionModel::getAllPartsList() start... Project ID: PRJ-D45FEF
[2026-07-25 02:54:05] [DEBUG] PartsDefinitionModel::getColumnsByTableId() start... Input: applicantmaster
[2026-07-25 02:54:05] [DEBUG] 逆引き成功: 物理名 applicantmaster -> table_id : 13
[2026-07-25 02:54:05] [DEBUG] PartsDefinitionModel::getColumnsByTableId() finish. 件数: 19
[2026-07-25 02:54:05] [DEBUG] PartsDefinitionModel::getTableStructure() start... Project ID: PRJ-D45FEF
[2026-07-25 02:54:05] [DEBUG] Screen::updateAreaE() [iframe起動版] path: \Develop\Views\AreaE\PartsDefinition\RegistParts.view start...
[2026-07-25 02:54:05] [DEBUG] Screen::getContents() start...
[2026-07-25 02:54:05] [DEBUG] Screen::getContents() finish.
[2026-07-25 02:54:05] [DEBUG] Screen::updateAreaE() finish.
[2026-07-25 02:54:05] [DEBUG] PartsDefinitionController::editPartsAction() end.
[2026-07-25 02:54:05] [DEBUG] Screen::areaView() start...
[2026-07-25 02:54:05] [DEBUG] Screen::areaView() finish.
[2026-07-25 02:54:09] [DEBUG] --- wwProject System Start ---
[2026-07-25 02:54:09] [DEBUG] Router::Router() /jemini/wwProjectV1.53/Develop/Console/ServerBridgeAction/
[2026-07-25 02:54:09] [DEBUG] Attempting to load: \Develop\Controllers\ConsoleController::ServerBridgeAction
[2026-07-25 02:54:09] [DEBUG] Router: Executing \Develop\Controllers\ConsoleController->ServerBridgeAction
[2026-07-25 02:54:09] [DEBUG] ConsoleController::ServerBridge() start...
[2026-07-25 02:54:09] [DEBUG] ConsoleController::ServerBridge() \Develop\Controllers\PartsDefinitionController::editPartsAction()
[2026-07-25 02:54:09] [DEBUG] PartsDefinitionController::editPartsAction() start...
[2026-07-25 02:54:09] [DEBUG] PartsDefinitionModel::getAllPartsList() start... Project ID: PRJ-D45FEF
[2026-07-25 02:54:09] [DEBUG] PartsDefinitionModel::getTableStructure() start... Project ID: PRJ-D45FEF
[2026-07-25 02:54:09] [DEBUG] Screen::updateAreaE() [iframe起動版] path: \Develop\Views\AreaE\PartsDefinition\RegistParts.view start...
[2026-07-25 02:54:09] [DEBUG] Screen::getContents() start...
[2026-07-25 02:54:09] [DEBUG] Screen::getContents() finish.
[2026-07-25 02:54:09] [DEBUG] Screen::updateAreaE() finish.
[2026-07-25 02:54:09] [DEBUG] PartsDefinitionController::editPartsAction() end.
[2026-07-25 02:54:09] [DEBUG] Screen::areaView() start...
[2026-07-25 02:54:09] [DEBUG] Screen::areaView() finish.
[2026-07-25 02:54:11] [DEBUG] --- wwProject System Start ---
[2026-07-25 02:54:11] [DEBUG] Router::Router() /jemini/wwProjectV1.53/Develop/Console/ServerBridgeAction/
[2026-07-25 02:54:11] [DEBUG] Attempting to load: \Develop\Controllers\ConsoleController::ServerBridgeAction
[2026-07-25 02:54:11] [DEBUG] Router: Executing \Develop\Controllers\ConsoleController->ServerBridgeAction
[2026-07-25 02:54:11] [DEBUG] ConsoleController::ServerBridge() start...
[2026-07-25 02:54:11] [DEBUG] ConsoleController::ServerBridge() \Develop\Controllers\PartsDefinitionController::editPartsAction()
[2026-07-25 02:54:11] [DEBUG] PartsDefinitionController::editPartsAction() start...
[2026-07-25 02:54:11] [DEBUG] PartsDefinitionModel::getAllPartsList() start... Project ID: PRJ-D45FEF
[2026-07-25 02:54:11] [DEBUG] PartsDefinitionModel::getTableStructure() start... Project ID: PRJ-D45FEF
[2026-07-25 02:54:11] [DEBUG] Screen::updateAreaE() [iframe起動版] path: \Develop\Views\AreaE\PartsDefinition\RegistParts.view start...
[2026-07-25 02:54:11] [DEBUG] Screen::getContents() start...
[2026-07-25 02:54:11] [DEBUG] Screen::getContents() finish.
[2026-07-25 02:54:11] [DEBUG] Screen::updateAreaE() finish.
[2026-07-25 02:54:11] [DEBUG] PartsDefinitionController::editPartsAction() end.
[2026-07-25 02:54:11] [DEBUG] Screen::areaView() start...
[2026-07-25 02:54:11] [DEBUG] Screen::areaView() finish.
[2026-07-25 02:54:14] [DEBUG] --- wwProject System Start ---
[2026-07-25 02:54:14] [DEBUG] Router::Router() /jemini/wwProjectV1.53/Develop/Console/ServerBridgeAction/
[2026-07-25 02:54:14] [DEBUG] Attempting to load: \Develop\Controllers\ConsoleController::ServerBridgeAction
[2026-07-25 02:54:14] [DEBUG] Router: Executing \Develop\Controllers\ConsoleController->ServerBridgeAction
[2026-07-25 02:54:14] [DEBUG] ConsoleController::ServerBridge() start...
[2026-07-25 02:54:14] [DEBUG] ConsoleController::ServerBridge() \Develop\Controllers\PartsDefinitionController::editPartsAction()
[2026-07-25 02:54:14] [DEBUG] PartsDefinitionController::editPartsAction() start...
[2026-07-25 02:54:14] [DEBUG] PartsDefinitionModel::getAllPartsList() start... Project ID: PRJ-D45FEF
[2026-07-25 02:54:14] [DEBUG] PartsDefinitionModel::getTableStructure() start... Project ID: PRJ-D45FEF
[2026-07-25 02:54:14] [DEBUG] Screen::updateAreaE() [iframe起動版] path: \Develop\Views\AreaE\PartsDefinition\RegistParts.view start...
[2026-07-25 02:54:14] [DEBUG] Screen::getContents() start...
[2026-07-25 02:54:14] [DEBUG] Screen::getContents() finish.
[2026-07-25 02:54:14] [DEBUG] Screen::updateAreaE() finish.
[2026-07-25 02:54:14] [DEBUG] PartsDefinitionController::editPartsAction() end.
[2026-07-25 02:54:14] [DEBUG] Screen::areaView() start...
[2026-07-25 02:54:14] [DEBUG] Screen::areaView() finish.
[2026-07-25 02:54:15] [DEBUG] --- wwProject System Start ---
[2026-07-25 02:54:15] [DEBUG] Router::Router() /jemini/wwProjectV1.53/Develop/Console/ServerBridgeAction/
[2026-07-25 02:54:15] [DEBUG] Attempting to load: \Develop\Controllers\ConsoleController::ServerBridgeAction
[2026-07-25 02:54:15] [DEBUG] Router: Executing \Develop\Controllers\ConsoleController->ServerBridgeAction
[2026-07-25 02:54:15] [DEBUG] ConsoleController::ServerBridge() start...
[2026-07-25 02:54:15] [DEBUG] ConsoleController::ServerBridge() \Develop\Controllers\PartsDefinitionController::editPartsAction()
[2026-07-25 02:54:15] [DEBUG] PartsDefinitionController::editPartsAction() start...
[2026-07-25 02:54:15] [DEBUG] PartsDefinitionModel::getAllPartsList() start... Project ID: PRJ-D45FEF
[2026-07-25 02:54:15] [DEBUG] PartsDefinitionModel::getTableStructure() start... Project ID: PRJ-D45FEF
[2026-07-25 02:54:15] [DEBUG] Screen::updateAreaE() [iframe起動版] path: \Develop\Views\AreaE\PartsDefinition\RegistParts.view start...
[2026-07-25 02:54:15] [DEBUG] Screen::getContents() start...
[2026-07-25 02:54:15] [DEBUG] Screen::getContents() finish.
[2026-07-25 02:54:15] [DEBUG] Screen::updateAreaE() finish.
[2026-07-25 02:54:15] [DEBUG] PartsDefinitionController::editPartsAction() end.
[2026-07-25 02:54:15] [DEBUG] Screen::areaView() start...
[2026-07-25 02:54:15] [DEBUG] Screen::areaView() finish.
[2026-07-25 02:54:17] [DEBUG] --- wwProject System Start ---
[2026-07-25 02:54:17] [DEBUG] Router::Router() /jemini/wwProjectV1.53/Develop/Console/ServerBridgeAction/
[2026-07-25 02:54:17] [DEBUG] Attempting to load: \Develop\Controllers\ConsoleController::ServerBridgeAction
[2026-07-25 02:54:17] [DEBUG] Router: Executing \Develop\Controllers\ConsoleController->ServerBridgeAction
[2026-07-25 02:54:17] [DEBUG] ConsoleController::ServerBridge() start...
[2026-07-25 02:54:17] [DEBUG] ConsoleController::ServerBridge() \Develop\Controllers\PartsDefinitionController::editPartsAction()
[2026-07-25 02:54:17] [DEBUG] PartsDefinitionController::editPartsAction() start...
[2026-07-25 02:54:17] [DEBUG] PartsDefinitionModel::getAllPartsList() start... Project ID: PRJ-D45FEF
[2026-07-25 02:54:17] [DEBUG] PartsDefinitionModel::getTableStructure() start... Project ID: PRJ-D45FEF
[2026-07-25 02:54:17] [DEBUG] Screen::updateAreaE() [iframe起動版] path: \Develop\Views\AreaE\PartsDefinition\RegistParts.view start...
[2026-07-25 02:54:17] [DEBUG] Screen::getContents() start...
[2026-07-25 02:54:17] [DEBUG] Screen::getContents() finish.
[2026-07-25 02:54:17] [DEBUG] Screen::updateAreaE() finish.
[2026-07-25 02:54:17] [DEBUG] PartsDefinitionController::editPartsAction() end.
[2026-07-25 02:54:17] [DEBUG] Screen::areaView() start...
[2026-07-25 02:54:17] [DEBUG] Screen::areaView() finish.
[2026-07-25 02:54:20] [DEBUG] --- wwProject System Start ---
[2026-07-25 02:54:20] [DEBUG] Router::Router() /jemini/wwProjectV1.53/Develop/Console/ServerBridgeAction/
[2026-07-25 02:54:20] [DEBUG] Attempting to load: \Develop\Controllers\ConsoleController::ServerBridgeAction
[2026-07-25 02:54:20] [DEBUG] Router: Executing \Develop\Controllers\ConsoleController->ServerBridgeAction
[2026-07-25 02:54:20] [DEBUG] ConsoleController::ServerBridge() start...
[2026-07-25 02:54:20] [DEBUG] ConsoleController::ServerBridge() \Develop\Controllers\PartsDefinitionController::editPartsAction()
[2026-07-25 02:54:20] [DEBUG] PartsDefinitionController::editPartsAction() start...
[2026-07-25 02:54:20] [DEBUG] PartsDefinitionModel::getAllPartsList() start... Project ID: PRJ-D45FEF
[2026-07-25 02:54:20] [DEBUG] PartsDefinitionModel::getTableStructure() start... Project ID: PRJ-D45FEF
[2026-07-25 02:54:20] [DEBUG] Screen::updateAreaE() [iframe起動版] path: \Develop\Views\AreaE\PartsDefinition\RegistParts.view start...
[2026-07-25 02:54:20] [DEBUG] Screen::getContents() start...
[2026-07-25 02:54:20] [DEBUG] Screen::getContents() finish.
[2026-07-25 02:54:20] [DEBUG] Screen::updateAreaE() finish.
[2026-07-25 02:54:20] [DEBUG] PartsDefinitionController::editPartsAction() end.
[2026-07-25 02:54:20] [DEBUG] Screen::areaView() start...
[2026-07-25 02:54:20] [DEBUG] Screen::areaView() finish.
[2026-07-25 02:54:21] [DEBUG] --- wwProject System Start ---
[2026-07-25 02:54:21] [DEBUG] Router::Router() /jemini/wwProjectV1.53/Develop/Console/ServerBridgeAction/
[2026-07-25 02:54:21] [DEBUG] Attempting to load: \Develop\Controllers\ConsoleController::ServerBridgeAction
[2026-07-25 02:54:21] [DEBUG] Router: Executing \Develop\Controllers\ConsoleController->ServerBridgeAction
[2026-07-25 02:54:21] [DEBUG] ConsoleController::ServerBridge() start...
[2026-07-25 02:54:21] [DEBUG] ConsoleController::ServerBridge() \Develop\Controllers\PartsDefinitionController::editPartsAction()
[2026-07-25 02:54:21] [DEBUG] PartsDefinitionController::editPartsAction() start...
[2026-07-25 02:54:21] [DEBUG] PartsDefinitionModel::getAllPartsList() start... Project ID: PRJ-D45FEF
[2026-07-25 02:54:21] [DEBUG] PartsDefinitionModel::getColumnsByTableId() start... Input: developers
[2026-07-25 02:54:21] [DEBUG] 逆引き成功: 物理名 developers -> table_id : 14
[2026-07-25 02:54:21] [DEBUG] PartsDefinitionModel::getColumnsByTableId() finish. 件数: 9
[2026-07-25 02:54:21] [DEBUG] PartsDefinitionModel::getTableStructure() start... Project ID: PRJ-D45FEF
[2026-07-25 02:54:21] [DEBUG] Screen::updateAreaE() [iframe起動版] path: \Develop\Views\AreaE\PartsDefinition\RegistParts.view start...
[2026-07-25 02:54:21] [DEBUG] Screen::getContents() start...
[2026-07-25 02:54:21] [DEBUG] Screen::getContents() finish.
[2026-07-25 02:54:21] [DEBUG] Screen::updateAreaE() finish.
[2026-07-25 02:54:21] [DEBUG] PartsDefinitionController::editPartsAction() end.
[2026-07-25 02:54:21] [DEBUG] Screen::areaView() start...
[2026-07-25 02:54:21] [DEBUG] Screen::areaView() finish.
[2026-07-25 02:57:15] [DEBUG] --- wwProject System Start ---
[2026-07-25 02:57:15] [DEBUG] Router::Router() /jemini/wwProjectV1.54/develop/
[2026-07-25 02:57:15] [DEBUG] Attempting to load: \Develop\Controllers\LoginController::initialAction
[2026-07-25 02:57:15] [DEBUG] Router: Executing \Develop\Controllers\LoginController->initialAction
[2026-07-25 02:57:15] [DEBUG] Login::initialAction() start...
[2026-07-25 02:57:15] [DEBUG] Login::initialAction() errorMessage : 
[2026-07-25 02:57:15] [DEBUG] Screen::view() path: \Develop\Views\Login\Login.view start...
[2026-07-25 02:57:15] [DEBUG] Screen::getContents() start...
[2026-07-25 02:57:15] [DEBUG] Screen::getContents() finish.
[2026-07-25 02:57:15] [DEBUG] Screen::view() path: \Develop\Views\Login\Login.view finish.
[2026-07-25 02:57:15] [DEBUG] Login::initialAction() finish.
[2026-07-25 02:57:18] [DEBUG] --- wwProject System Start ---
[2026-07-25 02:57:18] [DEBUG] Router::Router() /jemini/wwProjectV1.54/Develop/Login/authentication/
[2026-07-25 02:57:18] [DEBUG] Attempting to load: \Develop\Controllers\LoginController::authenticationAction
[2026-07-25 02:57:18] [DEBUG] Router: Executing \Develop\Controllers\LoginController->authenticationAction
[2026-07-25 02:57:18] [DEBUG] Login::AuthenticationAction() start...
[2026-07-25 02:57:18] [DEBUG] Login OK - x
[2026-07-25 02:57:18] [DEBUG] Session::start()
[2026-07-25 02:57:18] [DEBUG] Redirect to Console::initialAction()
[2026-07-25 02:57:18] [DEBUG] --- wwProject System Start ---
[2026-07-25 02:57:18] [DEBUG] Router::Router() /jemini/wwProjectV1.54/Develop/Console/initial/
[2026-07-25 02:57:18] [DEBUG] Attempting to load: \Develop\Controllers\ConsoleController::initialAction
[2026-07-25 02:57:18] [DEBUG] Router: Executing \Develop\Controllers\ConsoleController->initialAction
[2026-07-25 02:57:18] [DEBUG] Console::initialAction() start...
[2026-07-25 02:57:18] [DEBUG] Screen::view() path: \Develop\Views\Console\Console.view start...
[2026-07-25 02:57:18] [DEBUG] Screen::getContents() start...
[2026-07-25 02:57:18] [DEBUG] Screen::getContents() finish.
[2026-07-25 02:57:18] [DEBUG] Screen::view() path: \Develop\Views\Console\Console.view finish.
[2026-07-25 02:57:18] [DEBUG] ConsoleController::initialAction() finish.
[2026-07-25 02:57:19] [DEBUG] --- wwProject System Start ---
[2026-07-25 02:57:19] [DEBUG] Router::Router() /jemini/wwProjectV1.54/Develop/Console/ServerBridgeAction/
[2026-07-25 02:57:19] [DEBUG] Attempting to load: \Develop\Controllers\ConsoleController::ServerBridgeAction
[2026-07-25 02:57:19] [DEBUG] Router: Executing \Develop\Controllers\ConsoleController->ServerBridgeAction
[2026-07-25 02:57:19] [DEBUG] ConsoleController::ServerBridge() start...
[2026-07-25 02:57:19] [DEBUG] ConsoleController::ServerBridge() \Develop\Controllers\ConsoleController::areaInitialAction()
[2026-07-25 02:57:19] [DEBUG] ConsoleController::AreaInitialAction() start...
[2026-07-25 02:57:19] [DEBUG] Screen::updateAreaA() path: \Develop\Views\AreaA\Area_A.view start...
[2026-07-25 02:57:19] [DEBUG] Screen::areaView() sending JSON: ["areas"]
[2026-07-25 02:57:19] [DEBUG] Screen::getContents() start...
[2026-07-25 02:57:19] [DEBUG] Screen::getContents() finish.
[2026-07-25 02:57:19] [DEBUG] Screen::updateAreaA() finish.
[2026-07-25 02:57:19] [DEBUG] Screen::updateAreaB() path: \Develop\Views\AreaB\Area_B.view start...
[2026-07-25 02:57:19] [DEBUG] Screen::getContents() start...
[2026-07-25 02:57:19] [DEBUG] Screen::getContents() finish.
[2026-07-25 02:57:19] [DEBUG] Screen::updateAreaB() finish.
[2026-07-25 02:57:19] [DEBUG] Screen::updateAreaD() path: \Develop\Views\AreaD\Area_D_clear.view start...
[2026-07-25 02:57:19] [DEBUG] Screen::getContents() start...
[2026-07-25 02:57:19] [DEBUG] Screen::getContents() finish.
[2026-07-25 02:57:19] [DEBUG] Screen::updateAreaD() finish.
[2026-07-25 02:57:19] [DEBUG] Screen::updateAreaE() [iframe起動版] path: \Develop\Views\AreaE\Area_E_clear.view start...
[2026-07-25 02:57:19] [DEBUG] Screen::getContents() start...
[2026-07-25 02:57:19] [DEBUG] Screen::getContents() finish.
[2026-07-25 02:57:19] [DEBUG] Screen::updateAreaE() finish.
[2026-07-25 02:57:19] [DEBUG] Screen::updateAreaF() path: \Develop\Views\AreaF\Area_F.view start...
[2026-07-25 02:57:19] [DEBUG] Screen::getContents() start...
[2026-07-25 02:57:19] [DEBUG] Screen::getContents() finish.
[2026-07-25 02:57:19] [DEBUG] Screen::updateAreaF() finish.
[2026-07-25 02:57:19] [DEBUG] ProjectController::startProjectNabi() start...
[2026-07-25 02:57:19] [DEBUG] ProjectController::getProjectListHtml() start...
[2026-07-25 02:57:19] [DEBUG] ProjectModel::getProjectList() start...
[2026-07-25 02:57:19] [DEBUG] ProjectModel::getProjectList() finish.
[2026-07-25 02:57:19] [DEBUG] CodeMasterModel：：getCodesByGroup() start...
[2026-07-25 02:57:19] [DEBUG] CodeMasterModel：：getCodesByGroup() finish.
[2026-07-25 02:57:19] [DEBUG] ProjectController::getNaviFooterHtml() start...
[2026-07-25 02:57:19] [DEBUG] ProjectController::getNaviFooterHtml() finish.
[2026-07-25 02:57:19] [DEBUG] ProjectController::startProjectNabi() finish.
[2026-07-25 02:57:19] [DEBUG] Screen::updateAreaC() \Develop\Views\AreaC\Area_C.view start...
[2026-07-25 02:57:19] [DEBUG] Screen::getContents() start...
[2026-07-25 02:57:19] [DEBUG] Screen::getContents() finish.
[2026-07-25 02:57:19] [DEBUG] Screen::updateAreaC() finish.
[2026-07-25 02:57:19] [DEBUG] ConsoleController::AreaInitialAction() finish.
[2026-07-25 02:57:19] [DEBUG] Screen::areaView() start...
[2026-07-25 02:57:19] [DEBUG] Screen::areaView() finish.
[2026-07-25 02:57:20] [DEBUG] --- wwProject System Start ---
[2026-07-25 02:57:20] [DEBUG] Router::Router() /jemini/wwProjectV1.54/Develop/Console/ServerBridgeAction/
[2026-07-25 02:57:20] [DEBUG] Attempting to load: \Develop\Controllers\ConsoleController::ServerBridgeAction
[2026-07-25 02:57:20] [DEBUG] Router: Executing \Develop\Controllers\ConsoleController->ServerBridgeAction
[2026-07-25 02:57:20] [DEBUG] ConsoleController::ServerBridge() start...
[2026-07-25 02:57:20] [DEBUG] ConsoleController::ServerBridge() \Develop\Controllers\ProjectController::projectSelectAction()
[2026-07-25 02:57:20] [DEBUG] ProjectController::projectSelectAction() start...
[2026-07-25 02:57:20] [DEBUG] ProjectController::projectSelectAction() ☆★☆　SampleProject１
[2026-07-25 02:57:20] [DEBUG] Screen::updateAreaB() path: \Develop\Views\AreaB\Area_B.view start...
[2026-07-25 02:57:20] [DEBUG] Screen::getContents() start...
[2026-07-25 02:57:20] [DEBUG] Screen::getContents() finish.
[2026-07-25 02:57:20] [DEBUG] Screen::updateAreaB() finish.
[2026-07-25 02:57:20] [DEBUG] ProjectController::projectSelectAction() PRJ-D45FEF : PRJ-D45FEF
[2026-07-25 02:57:20] [DEBUG] ProjectController::getProjectListHtml() start...
[2026-07-25 02:57:20] [DEBUG] ProjectModel::getProjectList() start...
[2026-07-25 02:57:20] [DEBUG] ProjectModel::getProjectList() finish.
[2026-07-25 02:57:20] [DEBUG] CodeMasterModel：：getCodesByGroup() start...
[2026-07-25 02:57:20] [DEBUG] CodeMasterModel：：getCodesByGroup() finish.
[2026-07-25 02:57:20] [DEBUG] ProjectController::getNaviFooterHtml() start...
[2026-07-25 02:57:20] [DEBUG] ProjectController::getNaviFooterHtml() finish.
[2026-07-25 02:57:20] [DEBUG] Screen::updateAreaC() \Develop\Views\AreaC\Area_C.view start...
[2026-07-25 02:57:20] [DEBUG] Screen::getContents() start...
[2026-07-25 02:57:20] [DEBUG] Screen::getContents() finish.
[2026-07-25 02:57:20] [DEBUG] Screen::updateAreaC() finish.
[2026-07-25 02:57:20] [DEBUG] Screen::updateAreaD() path: \Develop\Views\AreaD\Area_D_clear.view start...
[2026-07-25 02:57:20] [DEBUG] Screen::getContents() start...
[2026-07-25 02:57:20] [DEBUG] Screen::getContents() finish.
[2026-07-25 02:57:20] [DEBUG] Screen::updateAreaD() finish.
[2026-07-25 02:57:20] [DEBUG] Screen::updateAreaE() [iframe起動版] path: \Develop\Views\AreaE\Area_E_clear.view start...
[2026-07-25 02:57:20] [DEBUG] Screen::getContents() start...
[2026-07-25 02:57:20] [DEBUG] Screen::getContents() finish.
[2026-07-25 02:57:20] [DEBUG] Screen::updateAreaE() finish.
[2026-07-25 02:57:20] [DEBUG] ProjectController::projectSelectAction() finish.
[2026-07-25 02:57:20] [DEBUG] Screen::areaView() start...
[2026-07-25 02:57:20] [DEBUG] Screen::areaView() finish.
[2026-07-25 02:57:21] [DEBUG] --- wwProject System Start ---
[2026-07-25 02:57:21] [DEBUG] Router::Router() /jemini/wwProjectV1.54/Develop/Console/ServerBridgeAction/
[2026-07-25 02:57:21] [DEBUG] Attempting to load: \Develop\Controllers\ConsoleController::ServerBridgeAction
[2026-07-25 02:57:21] [DEBUG] Router: Executing \Develop\Controllers\ConsoleController->ServerBridgeAction
[2026-07-25 02:57:21] [DEBUG] ConsoleController::ServerBridge() start...
[2026-07-25 02:57:21] [DEBUG] ConsoleController::ServerBridge() \Develop\Controllers\PartsDefinitionController::InitialAction()
[2026-07-25 02:57:21] [DEBUG] DBDefinitionController::initialAction() start...
[2026-07-25 02:57:21] [DEBUG] PartsDefinitionController::initialAction() projectId : PRJ-D45FEF
[2026-07-25 02:57:21] [DEBUG] PartsDefinitionModel::getAllPartsList() start... Project ID: PRJ-D45FEF
[2026-07-25 02:57:21] [DEBUG] Screen::updateAreaD() path: \Develop\Views\AreaD\PartsDefinition\PartsDefinitionList.view start...
[2026-07-25 02:57:21] [DEBUG] Screen::getContents() start...
[2026-07-25 02:57:21] [DEBUG] Screen::getContents() finish.
[2026-07-25 02:57:21] [DEBUG] Screen::updateAreaD() finish.
[2026-07-25 02:57:21] [DEBUG] Screen::updateAreaE() [iframe起動版] path: \Develop\Views\AreaE\Area_E_clear.view start...
[2026-07-25 02:57:21] [DEBUG] Screen::getContents() start...
[2026-07-25 02:57:21] [DEBUG] Screen::getContents() finish.
[2026-07-25 02:57:21] [DEBUG] Screen::updateAreaE() finish.
[2026-07-25 02:57:21] [DEBUG] DBDefinitionController::initialAction() end.
[2026-07-25 02:57:21] [DEBUG] Screen::areaView() start...
[2026-07-25 02:57:21] [DEBUG] Screen::areaView() finish.
[2026-07-25 02:57:23] [DEBUG] --- wwProject System Start ---
[2026-07-25 02:57:23] [DEBUG] Router::Router() /jemini/wwProjectV1.54/Develop/Console/ServerBridgeAction/
[2026-07-25 02:57:23] [DEBUG] Attempting to load: \Develop\Controllers\ConsoleController::ServerBridgeAction
[2026-07-25 02:57:23] [DEBUG] Router: Executing \Develop\Controllers\ConsoleController->ServerBridgeAction
[2026-07-25 02:57:23] [DEBUG] ConsoleController::ServerBridge() start...
[2026-07-25 02:57:23] [DEBUG] ConsoleController::ServerBridge() \Develop\Controllers\PartsDefinitionController::editPartsAction()
[2026-07-25 02:57:23] [DEBUG] PartsDefinitionController::editPartsAction() start...
[2026-07-25 02:57:23] [DEBUG] PartsDefinitionModel::getAllPartsList() start... Project ID: PRJ-D45FEF
[2026-07-25 02:57:23] [DEBUG] PartsDefinitionModel::getTableStructure() start... Project ID: PRJ-D45FEF
[2026-07-25 02:57:23] [DEBUG] Screen::updateAreaE() [iframe起動版] path: \Develop\Views\AreaE\PartsDefinition\RegistParts.view start...
[2026-07-25 02:57:23] [DEBUG] Screen::getContents() start...
[2026-07-25 02:57:23] [DEBUG] Screen::getContents() finish.
[2026-07-25 02:57:23] [DEBUG] Screen::updateAreaE() finish.
[2026-07-25 02:57:23] [DEBUG] PartsDefinitionController::editPartsAction() end.
[2026-07-25 02:57:23] [DEBUG] Screen::areaView() start...
[2026-07-25 02:57:23] [DEBUG] Screen::areaView() finish.
[2026-07-25 02:57:24] [DEBUG] --- wwProject System Start ---
[2026-07-25 02:57:24] [DEBUG] Router::Router() /jemini/wwProjectV1.54/Develop/Console/ServerBridgeAction/
[2026-07-25 02:57:24] [DEBUG] Attempting to load: \Develop\Controllers\ConsoleController::ServerBridgeAction
[2026-07-25 02:57:24] [DEBUG] Router: Executing \Develop\Controllers\ConsoleController->ServerBridgeAction
[2026-07-25 02:57:24] [DEBUG] ConsoleController::ServerBridge() start...
[2026-07-25 02:57:24] [DEBUG] ConsoleController::ServerBridge() \Develop\Controllers\PartsDefinitionController::editPartsAction()
[2026-07-25 02:57:24] [DEBUG] PartsDefinitionController::editPartsAction() start...
[2026-07-25 02:57:24] [DEBUG] PartsDefinitionModel::getAllPartsList() start... Project ID: PRJ-D45FEF
[2026-07-25 02:57:24] [DEBUG] PartsDefinitionModel::getColumnsByTableId() start... Input: applicantmaster
[2026-07-25 02:57:24] [DEBUG] 逆引き成功: 物理名 applicantmaster -> table_id : 13
[2026-07-25 02:57:24] [DEBUG] PartsDefinitionModel::getColumnsByTableId() finish. 件数: 19
[2026-07-25 02:57:24] [DEBUG] PartsDefinitionModel::getTableStructure() start... Project ID: PRJ-D45FEF
[2026-07-25 02:57:24] [DEBUG] Screen::updateAreaE() [iframe起動版] path: \Develop\Views\AreaE\PartsDefinition\RegistParts.view start...
[2026-07-25 02:57:24] [DEBUG] Screen::getContents() start...
[2026-07-25 02:57:24] [DEBUG] Screen::getContents() finish.
[2026-07-25 02:57:24] [DEBUG] Screen::updateAreaE() finish.
[2026-07-25 02:57:24] [DEBUG] PartsDefinitionController::editPartsAction() end.
[2026-07-25 02:57:24] [DEBUG] Screen::areaView() start...
[2026-07-25 02:57:24] [DEBUG] Screen::areaView() finish.
[2026-07-25 02:57:26] [DEBUG] --- wwProject System Start ---
[2026-07-25 02:57:26] [DEBUG] Router::Router() /jemini/wwProjectV1.54/Develop/Console/ServerBridgeAction/
[2026-07-25 02:57:26] [DEBUG] Attempting to load: \Develop\Controllers\ConsoleController::ServerBridgeAction
[2026-07-25 02:57:26] [DEBUG] Router: Executing \Develop\Controllers\ConsoleController->ServerBridgeAction
[2026-07-25 02:57:26] [DEBUG] ConsoleController::ServerBridge() start...
[2026-07-25 02:57:26] [DEBUG] ConsoleController::ServerBridge() \Develop\Controllers\PartsDefinitionController::editPartsAction()
[2026-07-25 02:57:26] [DEBUG] PartsDefinitionController::editPartsAction() start...
[2026-07-25 02:57:26] [DEBUG] PartsDefinitionModel::getAllPartsList() start... Project ID: PRJ-D45FEF
[2026-07-25 02:57:26] [DEBUG] PartsDefinitionModel::getTableStructure() start... Project ID: PRJ-D45FEF
[2026-07-25 02:57:26] [DEBUG] Screen::updateAreaE() [iframe起動版] path: \Develop\Views\AreaE\PartsDefinition\RegistParts.view start...
[2026-07-25 02:57:26] [DEBUG] Screen::getContents() start...
[2026-07-25 02:57:26] [DEBUG] Screen::getContents() finish.
[2026-07-25 02:57:26] [DEBUG] Screen::updateAreaE() finish.
[2026-07-25 02:57:26] [DEBUG] PartsDefinitionController::editPartsAction() end.
[2026-07-25 02:57:26] [DEBUG] Screen::areaView() start...
[2026-07-25 02:57:26] [DEBUG] Screen::areaView() finish.
[2026-07-25 02:57:27] [DEBUG] --- wwProject System Start ---
[2026-07-25 02:57:27] [DEBUG] Router::Router() /jemini/wwProjectV1.54/Develop/Console/ServerBridgeAction/
[2026-07-25 02:57:27] [DEBUG] Attempting to load: \Develop\Controllers\ConsoleController::ServerBridgeAction
[2026-07-25 02:57:27] [DEBUG] Router: Executing \Develop\Controllers\ConsoleController->ServerBridgeAction
[2026-07-25 02:57:27] [DEBUG] ConsoleController::ServerBridge() start...
[2026-07-25 02:57:27] [DEBUG] ConsoleController::ServerBridge() \Develop\Controllers\PartsDefinitionController::editPartsAction()
[2026-07-25 02:57:27] [DEBUG] PartsDefinitionController::editPartsAction() start...
[2026-07-25 02:57:27] [DEBUG] PartsDefinitionModel::getAllPartsList() start... Project ID: PRJ-D45FEF
[2026-07-25 02:57:27] [DEBUG] PartsDefinitionModel::getTableStructure() start... Project ID: PRJ-D45FEF
[2026-07-25 02:57:27] [DEBUG] Screen::updateAreaE() [iframe起動版] path: \Develop\Views\AreaE\PartsDefinition\RegistParts.view start...
[2026-07-25 02:57:27] [DEBUG] Screen::getContents() start...
[2026-07-25 02:57:27] [DEBUG] Screen::getContents() finish.
[2026-07-25 02:57:27] [DEBUG] Screen::updateAreaE() finish.
[2026-07-25 02:57:27] [DEBUG] PartsDefinitionController::editPartsAction() end.
[2026-07-25 02:57:27] [DEBUG] Screen::areaView() start...
[2026-07-25 02:57:27] [DEBUG] Screen::areaView() finish.
[2026-07-25 02:57:32] [DEBUG] --- wwProject System Start ---
[2026-07-25 02:57:32] [DEBUG] Router::Router() /jemini/wwProjectV1.54/Develop/Console/ServerBridgeAction/
[2026-07-25 02:57:32] [DEBUG] Attempting to load: \Develop\Controllers\ConsoleController::ServerBridgeAction
[2026-07-25 02:57:32] [DEBUG] Router: Executing \Develop\Controllers\ConsoleController->ServerBridgeAction
[2026-07-25 02:57:32] [DEBUG] ConsoleController::ServerBridge() start...
[2026-07-25 02:57:32] [DEBUG] ConsoleController::ServerBridge() \Develop\Controllers\PartsDefinitionController::editPartsAction()
[2026-07-25 02:57:32] [DEBUG] PartsDefinitionController::editPartsAction() start...
[2026-07-25 02:57:32] [DEBUG] PartsDefinitionModel::getAllPartsList() start... Project ID: PRJ-D45FEF
[2026-07-25 02:57:32] [DEBUG] PartsDefinitionModel::getColumnsByTableId() start... Input: developers
[2026-07-25 02:57:32] [DEBUG] 逆引き成功: 物理名 developers -> table_id : 14
[2026-07-25 02:57:32] [DEBUG] PartsDefinitionModel::getColumnsByTableId() finish. 件数: 9
[2026-07-25 02:57:32] [DEBUG] PartsDefinitionModel::getTableStructure() start... Project ID: PRJ-D45FEF
[2026-07-25 02:57:32] [DEBUG] Screen::updateAreaE() [iframe起動版] path: \Develop\Views\AreaE\PartsDefinition\RegistParts.view start...
[2026-07-25 02:57:32] [DEBUG] Screen::getContents() start...
[2026-07-25 02:57:33] [DEBUG] Screen::getContents() finish.
[2026-07-25 02:57:33] [DEBUG] Screen::updateAreaE() finish.
[2026-07-25 02:57:33] [DEBUG] PartsDefinitionController::editPartsAction() end.
[2026-07-25 02:57:33] [DEBUG] Screen::areaView() start...
[2026-07-25 02:57:33] [DEBUG] Screen::areaView() finish.
[2026-07-25 02:57:37] [DEBUG] --- wwProject System Start ---
[2026-07-25 02:57:37] [DEBUG] Router::Router() /jemini/wwProjectV1.54/Develop/Console/ServerBridgeAction/
[2026-07-25 02:57:37] [DEBUG] Attempting to load: \Develop\Controllers\ConsoleController::ServerBridgeAction
[2026-07-25 02:57:37] [DEBUG] Router: Executing \Develop\Controllers\ConsoleController->ServerBridgeAction
[2026-07-25 02:57:37] [DEBUG] ConsoleController::ServerBridge() start...
[2026-07-25 02:57:38] [DEBUG] ConsoleController::ServerBridge() \Develop\Controllers\PartsDefinitionController::editPartsAction()
[2026-07-25 02:57:38] [DEBUG] PartsDefinitionController::editPartsAction() start...
[2026-07-25 02:57:38] [DEBUG] PartsDefinitionModel::getAllPartsList() start... Project ID: PRJ-D45FEF
[2026-07-25 02:57:38] [DEBUG] PartsDefinitionModel::getColumnsByTableId() start... Input: applicantmaster
[2026-07-25 02:57:38] [DEBUG] 逆引き成功: 物理名 applicantmaster -> table_id : 13
[2026-07-25 02:57:38] [DEBUG] PartsDefinitionModel::getColumnsByTableId() finish. 件数: 19
[2026-07-25 02:57:38] [DEBUG] PartsDefinitionModel::getTableStructure() start... Project ID: PRJ-D45FEF
[2026-07-25 02:57:38] [DEBUG] Screen::updateAreaE() [iframe起動版] path: \Develop\Views\AreaE\PartsDefinition\RegistParts.view start...
[2026-07-25 02:57:38] [DEBUG] Screen::getContents() start...
[2026-07-25 02:57:38] [DEBUG] Screen::getContents() finish.
[2026-07-25 02:57:38] [DEBUG] Screen::updateAreaE() finish.
[2026-07-25 02:57:38] [DEBUG] PartsDefinitionController::editPartsAction() end.
[2026-07-25 02:57:38] [DEBUG] Screen::areaView() start...
[2026-07-25 02:57:38] [DEBUG] Screen::areaView() finish.
[2026-07-25 02:57:40] [DEBUG] --- wwProject System Start ---
[2026-07-25 02:57:40] [DEBUG] Router::Router() /jemini/wwProjectV1.54/Develop/Console/ServerBridgeAction/
[2026-07-25 02:57:40] [DEBUG] Attempting to load: \Develop\Controllers\ConsoleController::ServerBridgeAction
[2026-07-25 02:57:40] [DEBUG] Router: Executing \Develop\Controllers\ConsoleController->ServerBridgeAction
[2026-07-25 02:57:40] [DEBUG] ConsoleController::ServerBridge() start...
[2026-07-25 02:57:40] [DEBUG] ConsoleController::ServerBridge() \Develop\Controllers\PartsDefinitionController::editPartsAction()
[2026-07-25 02:57:40] [DEBUG] PartsDefinitionController::editPartsAction() start...
[2026-07-25 02:57:40] [DEBUG] PartsDefinitionModel::getAllPartsList() start... Project ID: PRJ-D45FEF
[2026-07-25 02:57:40] [DEBUG] PartsDefinitionModel::getColumnsByTableId() start... Input: developers
[2026-07-25 02:57:40] [DEBUG] 逆引き成功: 物理名 developers -> table_id : 14
[2026-07-25 02:57:40] [DEBUG] PartsDefinitionModel::getColumnsByTableId() finish. 件数: 9
[2026-07-25 02:57:40] [DEBUG] PartsDefinitionModel::getTableStructure() start... Project ID: PRJ-D45FEF
[2026-07-25 02:57:40] [DEBUG] Screen::updateAreaE() [iframe起動版] path: \Develop\Views\AreaE\PartsDefinition\RegistParts.view start...
[2026-07-25 02:57:40] [DEBUG] Screen::getContents() start...
[2026-07-25 02:57:40] [DEBUG] Screen::getContents() finish.
[2026-07-25 02:57:40] [DEBUG] Screen::updateAreaE() finish.
[2026-07-25 02:57:40] [DEBUG] PartsDefinitionController::editPartsAction() end.
[2026-07-25 02:57:40] [DEBUG] Screen::areaView() start...
[2026-07-25 02:57:40] [DEBUG] Screen::areaView() finish.
[2026-07-25 02:57:42] [DEBUG] --- wwProject System Start ---
[2026-07-25 02:57:42] [DEBUG] Router::Router() /jemini/wwProjectV1.54/Develop/Console/ServerBridgeAction/
[2026-07-25 02:57:42] [DEBUG] Attempting to load: \Develop\Controllers\ConsoleController::ServerBridgeAction
[2026-07-25 02:57:42] [DEBUG] Router: Executing \Develop\Controllers\ConsoleController->ServerBridgeAction
[2026-07-25 02:57:42] [DEBUG] ConsoleController::ServerBridge() start...
[2026-07-25 02:57:42] [DEBUG] ConsoleController::ServerBridge() \Develop\Controllers\PartsDefinitionController::editPartsAction()
[2026-07-25 02:57:42] [DEBUG] PartsDefinitionController::editPartsAction() start...
[2026-07-25 02:57:42] [DEBUG] PartsDefinitionModel::getAllPartsList() start... Project ID: PRJ-D45FEF
[2026-07-25 02:57:42] [DEBUG] PartsDefinitionModel::getColumnsByTableId() start... Input: newDevelopers
[2026-07-25 02:57:42] [DEBUG] 逆引き成功: 物理名 newDevelopers -> table_id : 12
[2026-07-25 02:57:42] [DEBUG] PartsDefinitionModel::getColumnsByTableId() finish. 件数: 9
[2026-07-25 02:57:42] [DEBUG] PartsDefinitionModel::getTableStructure() start... Project ID: PRJ-D45FEF
[2026-07-25 02:57:42] [DEBUG] Screen::updateAreaE() [iframe起動版] path: \Develop\Views\AreaE\PartsDefinition\RegistParts.view start...
[2026-07-25 02:57:42] [DEBUG] Screen::getContents() start...
[2026-07-25 02:57:42] [DEBUG] Screen::getContents() finish.
[2026-07-25 02:57:42] [DEBUG] Screen::updateAreaE() finish.
[2026-07-25 02:57:42] [DEBUG] PartsDefinitionController::editPartsAction() end.
[2026-07-25 02:57:42] [DEBUG] Screen::areaView() start...
[2026-07-25 02:57:42] [DEBUG] Screen::areaView() finish.
[2026-07-25 02:57:43] [DEBUG] --- wwProject System Start ---
[2026-07-25 02:57:43] [DEBUG] Router::Router() /jemini/wwProjectV1.54/Develop/Console/ServerBridgeAction/
[2026-07-25 02:57:43] [DEBUG] Attempting to load: \Develop\Controllers\ConsoleController::ServerBridgeAction
[2026-07-25 02:57:43] [DEBUG] Router: Executing \Develop\Controllers\ConsoleController->ServerBridgeAction
[2026-07-25 02:57:43] [DEBUG] ConsoleController::ServerBridge() start...
[2026-07-25 02:57:43] [DEBUG] ConsoleController::ServerBridge() \Develop\Controllers\PartsDefinitionController::editPartsAction()
[2026-07-25 02:57:43] [DEBUG] PartsDefinitionController::editPartsAction() start...
[2026-07-25 02:57:43] [DEBUG] PartsDefinitionModel::getAllPartsList() start... Project ID: PRJ-D45FEF
[2026-07-25 02:57:43] [DEBUG] PartsDefinitionModel::getTableStructure() start... Project ID: PRJ-D45FEF
[2026-07-25 02:57:43] [DEBUG] Screen::updateAreaE() [iframe起動版] path: \Develop\Views\AreaE\PartsDefinition\RegistParts.view start...
[2026-07-25 02:57:43] [DEBUG] Screen::getContents() start...
[2026-07-25 02:57:43] [DEBUG] Screen::getContents() finish.
[2026-07-25 02:57:43] [DEBUG] Screen::updateAreaE() finish.
[2026-07-25 02:57:43] [DEBUG] PartsDefinitionController::editPartsAction() end.
[2026-07-25 02:57:43] [DEBUG] Screen::areaView() start...
[2026-07-25 02:57:43] [DEBUG] Screen::areaView() finish.
[2026-07-25 02:57:45] [DEBUG] --- wwProject System Start ---
[2026-07-25 02:57:45] [DEBUG] Router::Router() /jemini/wwProjectV1.54/Develop/Console/ServerBridgeAction/
[2026-07-25 02:57:45] [DEBUG] Attempting to load: \Develop\Controllers\ConsoleController::ServerBridgeAction
[2026-07-25 02:57:45] [DEBUG] Router: Executing \Develop\Controllers\ConsoleController->ServerBridgeAction
[2026-07-25 02:57:45] [DEBUG] ConsoleController::ServerBridge() start...
[2026-07-25 02:57:45] [DEBUG] ConsoleController::ServerBridge() \Develop\Controllers\PartsDefinitionController::editPartsAction()
[2026-07-25 02:57:45] [DEBUG] PartsDefinitionController::editPartsAction() start...
[2026-07-25 02:57:45] [DEBUG] PartsDefinitionModel::getAllPartsList() start... Project ID: PRJ-D45FEF
[2026-07-25 02:57:45] [DEBUG] PartsDefinitionModel::getTableStructure() start... Project ID: PRJ-D45FEF
[2026-07-25 02:57:45] [DEBUG] Screen::updateAreaE() [iframe起動版] path: \Develop\Views\AreaE\PartsDefinition\RegistParts.view start...
[2026-07-25 02:57:45] [DEBUG] Screen::getContents() start...
[2026-07-25 02:57:45] [DEBUG] Screen::getContents() finish.
[2026-07-25 02:57:45] [DEBUG] Screen::updateAreaE() finish.
[2026-07-25 02:57:45] [DEBUG] PartsDefinitionController::editPartsAction() end.
[2026-07-25 02:57:45] [DEBUG] Screen::areaView() start...
[2026-07-25 02:57:45] [DEBUG] Screen::areaView() finish.
[2026-07-25 02:57:47] [DEBUG] --- wwProject System Start ---
[2026-07-25 02:57:47] [DEBUG] Router::Router() /jemini/wwProjectV1.54/Develop/Console/ServerBridgeAction/
[2026-07-25 02:57:47] [DEBUG] Attempting to load: \Develop\Controllers\ConsoleController::ServerBridgeAction
[2026-07-25 02:57:47] [DEBUG] Router: Executing \Develop\Controllers\ConsoleController->ServerBridgeAction
[2026-07-25 02:57:47] [DEBUG] ConsoleController::ServerBridge() start...
[2026-07-25 02:57:47] [DEBUG] ConsoleController::ServerBridge() \Develop\Controllers\PartsDefinitionController::editPartsAction()
[2026-07-25 02:57:47] [DEBUG] PartsDefinitionController::editPartsAction() start...
[2026-07-25 02:57:47] [DEBUG] PartsDefinitionModel::getAllPartsList() start... Project ID: PRJ-D45FEF
[2026-07-25 02:57:47] [DEBUG] PartsDefinitionModel::getTableStructure() start... Project ID: PRJ-D45FEF
[2026-07-25 02:57:47] [DEBUG] Screen::updateAreaE() [iframe起動版] path: \Develop\Views\AreaE\PartsDefinition\RegistParts.view start...
[2026-07-25 02:57:47] [DEBUG] Screen::getContents() start...
[2026-07-25 02:57:47] [DEBUG] Screen::getContents() finish.
[2026-07-25 02:57:47] [DEBUG] Screen::updateAreaE() finish.
[2026-07-25 02:57:47] [DEBUG] PartsDefinitionController::editPartsAction() end.
[2026-07-25 02:57:47] [DEBUG] Screen::areaView() start...
[2026-07-25 02:57:47] [DEBUG] Screen::areaView() finish.
[2026-07-25 02:57:48] [DEBUG] --- wwProject System Start ---
[2026-07-25 02:57:48] [DEBUG] Router::Router() /jemini/wwProjectV1.54/Develop/Console/ServerBridgeAction/
[2026-07-25 02:57:48] [DEBUG] Attempting to load: \Develop\Controllers\ConsoleController::ServerBridgeAction
[2026-07-25 02:57:48] [DEBUG] Router: Executing \Develop\Controllers\ConsoleController->ServerBridgeAction
[2026-07-25 02:57:48] [DEBUG] ConsoleController::ServerBridge() start...
[2026-07-25 02:57:48] [DEBUG] ConsoleController::ServerBridge() \Develop\Controllers\PartsDefinitionController::editPartsAction()
[2026-07-25 02:57:48] [DEBUG] PartsDefinitionController::editPartsAction() start...
[2026-07-25 02:57:48] [DEBUG] PartsDefinitionModel::getAllPartsList() start... Project ID: PRJ-D45FEF
[2026-07-25 02:57:48] [DEBUG] PartsDefinitionModel::getColumnsByTableId() start... Input: developers
[2026-07-25 02:57:48] [DEBUG] 逆引き成功: 物理名 developers -> table_id : 14
[2026-07-25 02:57:48] [DEBUG] PartsDefinitionModel::getColumnsByTableId() finish. 件数: 9
[2026-07-25 02:57:48] [DEBUG] PartsDefinitionModel::getTableStructure() start... Project ID: PRJ-D45FEF
[2026-07-25 02:57:48] [DEBUG] Screen::updateAreaE() [iframe起動版] path: \Develop\Views\AreaE\PartsDefinition\RegistParts.view start...
[2026-07-25 02:57:48] [DEBUG] Screen::getContents() start...
[2026-07-25 02:57:49] [DEBUG] Screen::getContents() finish.
[2026-07-25 02:57:49] [DEBUG] Screen::updateAreaE() finish.
[2026-07-25 02:57:49] [DEBUG] PartsDefinitionController::editPartsAction() end.
[2026-07-25 02:57:49] [DEBUG] Screen::areaView() start...
[2026-07-25 02:57:49] [DEBUG] Screen::areaView() finish.
[2026-07-25 02:57:53] [DEBUG] --- wwProject System Start ---
[2026-07-25 02:57:53] [DEBUG] Router::Router() /jemini/wwProjectV1.54/Develop/Console/ServerBridgeAction/
[2026-07-25 02:57:53] [DEBUG] Attempting to load: \Develop\Controllers\ConsoleController::ServerBridgeAction
[2026-07-25 02:57:53] [DEBUG] Router: Executing \Develop\Controllers\ConsoleController->ServerBridgeAction
[2026-07-25 02:57:53] [DEBUG] ConsoleController::ServerBridge() start...
[2026-07-25 02:57:53] [DEBUG] ConsoleController::ServerBridge() \Develop\Controllers\PartsDefinitionController::editPartsAction()
[2026-07-25 02:57:53] [DEBUG] PartsDefinitionController::editPartsAction() start...
[2026-07-25 02:57:53] [DEBUG] PartsDefinitionModel::getAllPartsList() start... Project ID: PRJ-D45FEF
[2026-07-25 02:57:53] [DEBUG] PartsDefinitionModel::getColumnsByTableId() start... Input: developers
[2026-07-25 02:57:53] [DEBUG] 逆引き成功: 物理名 developers -> table_id : 14
[2026-07-25 02:57:53] [DEBUG] PartsDefinitionModel::getColumnsByTableId() finish. 件数: 9
[2026-07-25 02:57:53] [DEBUG] PartsDefinitionModel::getTableStructure() start... Project ID: PRJ-D45FEF
[2026-07-25 02:57:53] [DEBUG] Screen::updateAreaE() [iframe起動版] path: \Develop\Views\AreaE\PartsDefinition\RegistParts.view start...
[2026-07-25 02:57:53] [DEBUG] Screen::getContents() start...
[2026-07-25 02:57:53] [DEBUG] Screen::getContents() finish.
[2026-07-25 02:57:53] [DEBUG] Screen::updateAreaE() finish.
[2026-07-25 02:57:53] [DEBUG] PartsDefinitionController::editPartsAction() end.
[2026-07-25 02:57:53] [DEBUG] Screen::areaView() start...
[2026-07-25 02:57:53] [DEBUG] Screen::areaView() finish.
[2026-07-25 02:57:55] [DEBUG] --- wwProject System Start ---
[2026-07-25 02:57:55] [DEBUG] Router::Router() /jemini/wwProjectV1.54/Develop/Console/ServerBridgeAction/
[2026-07-25 02:57:55] [DEBUG] Attempting to load: \Develop\Controllers\ConsoleController::ServerBridgeAction
[2026-07-25 02:57:55] [DEBUG] Router: Executing \Develop\Controllers\ConsoleController->ServerBridgeAction
[2026-07-25 02:57:55] [DEBUG] ConsoleController::ServerBridge() start...
[2026-07-25 02:57:55] [DEBUG] ConsoleController::ServerBridge() \Develop\Controllers\PartsDefinitionController::editPartsAction()
[2026-07-25 02:57:55] [DEBUG] PartsDefinitionController::editPartsAction() start...
[2026-07-25 02:57:55] [DEBUG] PartsDefinitionModel::getAllPartsList() start... Project ID: PRJ-D45FEF
[2026-07-25 02:57:55] [DEBUG] PartsDefinitionModel::getColumnsByTableId() start... Input: newDevelopers
[2026-07-25 02:57:55] [DEBUG] 逆引き成功: 物理名 newDevelopers -> table_id : 12
[2026-07-25 02:57:55] [DEBUG] PartsDefinitionModel::getColumnsByTableId() finish. 件数: 9
[2026-07-25 02:57:55] [DEBUG] PartsDefinitionModel::getTableStructure() start... Project ID: PRJ-D45FEF
[2026-07-25 02:57:55] [DEBUG] Screen::updateAreaE() [iframe起動版] path: \Develop\Views\AreaE\PartsDefinition\RegistParts.view start...
[2026-07-25 02:57:55] [DEBUG] Screen::getContents() start...
[2026-07-25 02:57:55] [DEBUG] Screen::getContents() finish.
[2026-07-25 02:57:55] [DEBUG] Screen::updateAreaE() finish.
[2026-07-25 02:57:55] [DEBUG] PartsDefinitionController::editPartsAction() end.
[2026-07-25 02:57:55] [DEBUG] Screen::areaView() start...
[2026-07-25 02:57:55] [DEBUG] Screen::areaView() finish.
[2026-07-25 02:57:56] [DEBUG] --- wwProject System Start ---
[2026-07-25 02:57:56] [DEBUG] Router::Router() /jemini/wwProjectV1.54/Develop/Console/ServerBridgeAction/
[2026-07-25 02:57:56] [DEBUG] Attempting to load: \Develop\Controllers\ConsoleController::ServerBridgeAction
[2026-07-25 02:57:56] [DEBUG] Router: Executing \Develop\Controllers\ConsoleController->ServerBridgeAction
[2026-07-25 02:57:56] [DEBUG] ConsoleController::ServerBridge() start...
[2026-07-25 02:57:56] [DEBUG] ConsoleController::ServerBridge() \Develop\Controllers\PartsDefinitionController::editPartsAction()
[2026-07-25 02:57:56] [DEBUG] PartsDefinitionController::editPartsAction() start...
[2026-07-25 02:57:56] [DEBUG] PartsDefinitionModel::getAllPartsList() start... Project ID: PRJ-D45FEF
[2026-07-25 02:57:56] [DEBUG] PartsDefinitionModel::getColumnsByTableId() start... Input: newDevelopers
[2026-07-25 02:57:56] [DEBUG] 逆引き成功: 物理名 newDevelopers -> table_id : 12
[2026-07-25 02:57:56] [DEBUG] PartsDefinitionModel::getColumnsByTableId() finish. 件数: 9
[2026-07-25 02:57:56] [DEBUG] PartsDefinitionModel::getTableStructure() start... Project ID: PRJ-D45FEF
[2026-07-25 02:57:56] [DEBUG] Screen::updateAreaE() [iframe起動版] path: \Develop\Views\AreaE\PartsDefinition\RegistParts.view start...
[2026-07-25 02:57:56] [DEBUG] Screen::getContents() start...
[2026-07-25 02:57:56] [DEBUG] Screen::getContents() finish.
[2026-07-25 02:57:56] [DEBUG] Screen::updateAreaE() finish.
[2026-07-25 02:57:56] [DEBUG] PartsDefinitionController::editPartsAction() end.
[2026-07-25 02:57:56] [DEBUG] Screen::areaView() start...
[2026-07-25 02:57:56] [DEBUG] Screen::areaView() finish.
[2026-07-25 03:01:20] [DEBUG] --- wwProject System Start ---
[2026-07-25 03:01:20] [DEBUG] Router::Router() /jemini/wwProjectV1.54/develop/
[2026-07-25 03:01:20] [DEBUG] Attempting to load: \Develop\Controllers\LoginController::initialAction
[2026-07-25 03:01:20] [DEBUG] Router: Executing \Develop\Controllers\LoginController->initialAction
[2026-07-25 03:01:20] [DEBUG] Login::initialAction() start...
[2026-07-25 03:01:20] [DEBUG] Login::initialAction() errorMessage : 
[2026-07-25 03:01:20] [DEBUG] Screen::view() path: \Develop\Views\Login\Login.view start...
[2026-07-25 03:01:20] [DEBUG] Screen::getContents() start...
[2026-07-25 03:01:20] [DEBUG] Screen::getContents() finish.
[2026-07-25 03:01:20] [DEBUG] Screen::view() path: \Develop\Views\Login\Login.view finish.
[2026-07-25 03:01:20] [DEBUG] Login::initialAction() finish.
[2026-07-25 03:01:25] [DEBUG] --- wwProject System Start ---
[2026-07-25 03:01:25] [DEBUG] Router::Router() /jemini/wwProjectV1.54/Develop/Login/authentication/
[2026-07-25 03:01:25] [DEBUG] Attempting to load: \Develop\Controllers\LoginController::authenticationAction
[2026-07-25 03:01:25] [DEBUG] Router: Executing \Develop\Controllers\LoginController->authenticationAction
[2026-07-25 03:01:25] [DEBUG] Login::AuthenticationAction() start...
[2026-07-25 03:01:25] [DEBUG] Login OK - x
[2026-07-25 03:01:25] [DEBUG] Session::start()
[2026-07-25 03:01:25] [DEBUG] Redirect to Console::initialAction()
[2026-07-25 03:01:25] [DEBUG] --- wwProject System Start ---
[2026-07-25 03:01:25] [DEBUG] Router::Router() /jemini/wwProjectV1.54/Develop/Console/initial/
[2026-07-25 03:01:25] [DEBUG] Attempting to load: \Develop\Controllers\ConsoleController::initialAction
[2026-07-25 03:01:25] [DEBUG] Router: Executing \Develop\Controllers\ConsoleController->initialAction
[2026-07-25 03:01:25] [DEBUG] Console::initialAction() start...
[2026-07-25 03:01:25] [DEBUG] Screen::view() path: \Develop\Views\Console\Console.view start...
[2026-07-25 03:01:25] [DEBUG] Screen::getContents() start...
[2026-07-25 03:01:25] [DEBUG] Screen::getContents() finish.
[2026-07-25 03:01:25] [DEBUG] Screen::view() path: \Develop\Views\Console\Console.view finish.
[2026-07-25 03:01:25] [DEBUG] ConsoleController::initialAction() finish.
[2026-07-25 03:01:25] [DEBUG] --- wwProject System Start ---
[2026-07-25 03:01:25] [DEBUG] Router::Router() /jemini/wwProjectV1.54/Develop/Console/ServerBridgeAction/
[2026-07-25 03:01:25] [DEBUG] Attempting to load: \Develop\Controllers\ConsoleController::ServerBridgeAction
[2026-07-25 03:01:25] [DEBUG] Router: Executing \Develop\Controllers\ConsoleController->ServerBridgeAction
[2026-07-25 03:01:25] [DEBUG] ConsoleController::ServerBridge() start...
[2026-07-25 03:01:25] [DEBUG] ConsoleController::ServerBridge() \Develop\Controllers\ConsoleController::areaInitialAction()
[2026-07-25 03:01:25] [DEBUG] ConsoleController::AreaInitialAction() start...
[2026-07-25 03:01:25] [DEBUG] Screen::updateAreaA() path: \Develop\Views\AreaA\Area_A.view start...
[2026-07-25 03:01:25] [DEBUG] Screen::areaView() sending JSON: ["areas"]
[2026-07-25 03:01:25] [DEBUG] Screen::getContents() start...
[2026-07-25 03:01:25] [DEBUG] Screen::getContents() finish.
[2026-07-25 03:01:25] [DEBUG] Screen::updateAreaA() finish.
[2026-07-25 03:01:25] [DEBUG] Screen::updateAreaB() path: \Develop\Views\AreaB\Area_B.view start...
[2026-07-25 03:01:25] [DEBUG] Screen::getContents() start...
[2026-07-25 03:01:25] [DEBUG] Screen::getContents() finish.
[2026-07-25 03:01:25] [DEBUG] Screen::updateAreaB() finish.
[2026-07-25 03:01:25] [DEBUG] Screen::updateAreaD() path: \Develop\Views\AreaD\Area_D_clear.view start...
[2026-07-25 03:01:25] [DEBUG] Screen::getContents() start...
[2026-07-25 03:01:25] [DEBUG] Screen::getContents() finish.
[2026-07-25 03:01:25] [DEBUG] Screen::updateAreaD() finish.
[2026-07-25 03:01:25] [DEBUG] Screen::updateAreaE() [iframe起動版] path: \Develop\Views\AreaE\Area_E_clear.view start...
[2026-07-25 03:01:25] [DEBUG] Screen::getContents() start...
[2026-07-25 03:01:25] [DEBUG] Screen::getContents() finish.
[2026-07-25 03:01:25] [DEBUG] Screen::updateAreaE() finish.
[2026-07-25 03:01:25] [DEBUG] Screen::updateAreaF() path: \Develop\Views\AreaF\Area_F.view start...
[2026-07-25 03:01:25] [DEBUG] Screen::getContents() start...
[2026-07-25 03:01:25] [DEBUG] Screen::getContents() finish.
[2026-07-25 03:01:25] [DEBUG] Screen::updateAreaF() finish.
[2026-07-25 03:01:25] [DEBUG] ProjectController::startProjectNabi() start...
[2026-07-25 03:01:25] [DEBUG] ProjectController::getProjectListHtml() start...
[2026-07-25 03:01:25] [DEBUG] ProjectModel::getProjectList() start...
[2026-07-25 03:01:25] [DEBUG] ProjectModel::getProjectList() finish.
[2026-07-25 03:01:25] [DEBUG] CodeMasterModel：：getCodesByGroup() start...
[2026-07-25 03:01:25] [DEBUG] CodeMasterModel：：getCodesByGroup() finish.
[2026-07-25 03:01:25] [DEBUG] ProjectController::getNaviFooterHtml() start...
[2026-07-25 03:01:25] [DEBUG] ProjectController::getNaviFooterHtml() finish.
[2026-07-25 03:01:25] [DEBUG] ProjectController::startProjectNabi() finish.
[2026-07-25 03:01:25] [DEBUG] Screen::updateAreaC() \Develop\Views\AreaC\Area_C.view start...
[2026-07-25 03:01:25] [DEBUG] Screen::getContents() start...
[2026-07-25 03:01:25] [DEBUG] Screen::getContents() finish.
[2026-07-25 03:01:25] [DEBUG] Screen::updateAreaC() finish.
[2026-07-25 03:01:25] [DEBUG] ConsoleController::AreaInitialAction() finish.
[2026-07-25 03:01:25] [DEBUG] Screen::areaView() start...
[2026-07-25 03:01:25] [DEBUG] Screen::areaView() finish.
[2026-07-25 03:01:27] [DEBUG] --- wwProject System Start ---
[2026-07-25 03:01:27] [DEBUG] Router::Router() /jemini/wwProjectV1.54/Develop/Console/ServerBridgeAction/
[2026-07-25 03:01:27] [DEBUG] Attempting to load: \Develop\Controllers\ConsoleController::ServerBridgeAction
[2026-07-25 03:01:27] [DEBUG] Router: Executing \Develop\Controllers\ConsoleController->ServerBridgeAction
[2026-07-25 03:01:27] [DEBUG] ConsoleController::ServerBridge() start...
[2026-07-25 03:01:27] [DEBUG] ConsoleController::ServerBridge() \Develop\Controllers\ProjectController::projectSelectAction()
[2026-07-25 03:01:27] [DEBUG] ProjectController::projectSelectAction() start...
[2026-07-25 03:01:27] [DEBUG] ProjectController::projectSelectAction() ☆★☆　SampleProject１
[2026-07-25 03:01:27] [DEBUG] Screen::updateAreaB() path: \Develop\Views\AreaB\Area_B.view start...
[2026-07-25 03:01:27] [DEBUG] Screen::getContents() start...
[2026-07-25 03:01:27] [DEBUG] Screen::getContents() finish.
[2026-07-25 03:01:27] [DEBUG] Screen::updateAreaB() finish.
[2026-07-25 03:01:27] [DEBUG] ProjectController::projectSelectAction() PRJ-D45FEF : PRJ-D45FEF
[2026-07-25 03:01:27] [DEBUG] ProjectController::getProjectListHtml() start...
[2026-07-25 03:01:27] [DEBUG] ProjectModel::getProjectList() start...
[2026-07-25 03:01:27] [DEBUG] ProjectModel::getProjectList() finish.
[2026-07-25 03:01:27] [DEBUG] CodeMasterModel：：getCodesByGroup() start...
[2026-07-25 03:01:27] [DEBUG] CodeMasterModel：：getCodesByGroup() finish.
[2026-07-25 03:01:27] [DEBUG] ProjectController::getNaviFooterHtml() start...
[2026-07-25 03:01:27] [DEBUG] ProjectController::getNaviFooterHtml() finish.
[2026-07-25 03:01:27] [DEBUG] Screen::updateAreaC() \Develop\Views\AreaC\Area_C.view start...
[2026-07-25 03:01:27] [DEBUG] Screen::getContents() start...
[2026-07-25 03:01:27] [DEBUG] Screen::getContents() finish.
[2026-07-25 03:01:27] [DEBUG] Screen::updateAreaC() finish.
[2026-07-25 03:01:27] [DEBUG] Screen::updateAreaD() path: \Develop\Views\AreaD\Area_D_clear.view start...
[2026-07-25 03:01:27] [DEBUG] Screen::getContents() start...
[2026-07-25 03:01:27] [DEBUG] Screen::getContents() finish.
[2026-07-25 03:01:27] [DEBUG] Screen::updateAreaD() finish.
[2026-07-25 03:01:27] [DEBUG] Screen::updateAreaE() [iframe起動版] path: \Develop\Views\AreaE\Area_E_clear.view start...
[2026-07-25 03:01:27] [DEBUG] Screen::getContents() start...
[2026-07-25 03:01:27] [DEBUG] Screen::getContents() finish.
[2026-07-25 03:01:27] [DEBUG] Screen::updateAreaE() finish.
[2026-07-25 03:01:27] [DEBUG] ProjectController::projectSelectAction() finish.
[2026-07-25 03:01:27] [DEBUG] Screen::areaView() start...
[2026-07-25 03:01:27] [DEBUG] Screen::areaView() finish.
[2026-07-25 03:01:29] [DEBUG] --- wwProject System Start ---
[2026-07-25 03:01:29] [DEBUG] Router::Router() /jemini/wwProjectV1.54/Develop/Console/ServerBridgeAction/
[2026-07-25 03:01:29] [DEBUG] Attempting to load: \Develop\Controllers\ConsoleController::ServerBridgeAction
[2026-07-25 03:01:29] [DEBUG] Router: Executing \Develop\Controllers\ConsoleController->ServerBridgeAction
[2026-07-25 03:01:29] [DEBUG] ConsoleController::ServerBridge() start...
[2026-07-25 03:01:29] [DEBUG] ConsoleController::ServerBridge() \Develop\Controllers\PartsDefinitionController::InitialAction()
[2026-07-25 03:01:29] [DEBUG] DBDefinitionController::initialAction() start...
[2026-07-25 03:01:29] [DEBUG] PartsDefinitionController::initialAction() projectId : PRJ-D45FEF
[2026-07-25 03:01:29] [DEBUG] PartsDefinitionModel::getAllPartsList() start... Project ID: PRJ-D45FEF
[2026-07-25 03:01:29] [DEBUG] Screen::updateAreaD() path: \Develop\Views\AreaD\PartsDefinition\PartsDefinitionList.view start...
[2026-07-25 03:01:29] [DEBUG] Screen::getContents() start...
[2026-07-25 03:01:29] [DEBUG] Screen::getContents() finish.
[2026-07-25 03:01:29] [DEBUG] Screen::updateAreaD() finish.
[2026-07-25 03:01:29] [DEBUG] Screen::updateAreaE() [iframe起動版] path: \Develop\Views\AreaE\Area_E_clear.view start...
[2026-07-25 03:01:29] [DEBUG] Screen::getContents() start...
[2026-07-25 03:01:29] [DEBUG] Screen::getContents() finish.
[2026-07-25 03:01:29] [DEBUG] Screen::updateAreaE() finish.
[2026-07-25 03:01:29] [DEBUG] DBDefinitionController::initialAction() end.
[2026-07-25 03:01:29] [DEBUG] Screen::areaView() start...
[2026-07-25 03:01:29] [DEBUG] Screen::areaView() finish.
[2026-07-25 03:01:33] [DEBUG] --- wwProject System Start ---
[2026-07-25 03:01:33] [DEBUG] Router::Router() /jemini/wwProjectV1.54/Develop/Console/ServerBridgeAction/
[2026-07-25 03:01:33] [DEBUG] Attempting to load: \Develop\Controllers\ConsoleController::ServerBridgeAction
[2026-07-25 03:01:33] [DEBUG] Router: Executing \Develop\Controllers\ConsoleController->ServerBridgeAction
[2026-07-25 03:01:33] [DEBUG] ConsoleController::ServerBridge() start...
[2026-07-25 03:01:33] [DEBUG] ConsoleController::ServerBridge() \Develop\Controllers\PartsDefinitionController::editPartsAction()
[2026-07-25 03:01:33] [DEBUG] PartsDefinitionController::editPartsAction() start...
[2026-07-25 03:01:33] [DEBUG] PartsDefinitionModel::getAllPartsList() start... Project ID: PRJ-D45FEF
[2026-07-25 03:01:33] [DEBUG] PartsDefinitionModel::getColumnsByTableId() start... Input: newDevelopers
[2026-07-25 03:01:33] [DEBUG] 逆引き成功: 物理名 newDevelopers -> table_id : 12
[2026-07-25 03:01:33] [DEBUG] PartsDefinitionModel::getColumnsByTableId() finish. 件数: 9
[2026-07-25 03:01:33] [DEBUG] PartsDefinitionModel::getTableStructure() start... Project ID: PRJ-D45FEF
[2026-07-25 03:01:33] [DEBUG] Screen::updateAreaE() [iframe起動版] path: \Develop\Views\AreaE\PartsDefinition\RegistParts.view start...
[2026-07-25 03:01:33] [DEBUG] Screen::getContents() start...
[2026-07-25 03:01:33] [DEBUG] Screen::getContents() finish.
[2026-07-25 03:01:33] [DEBUG] Screen::updateAreaE() finish.
[2026-07-25 03:01:33] [DEBUG] PartsDefinitionController::editPartsAction() end.
[2026-07-25 03:01:33] [DEBUG] Screen::areaView() start...
[2026-07-25 03:01:33] [DEBUG] Screen::areaView() finish.
[2026-07-25 03:01:34] [DEBUG] --- wwProject System Start ---
[2026-07-25 03:01:34] [DEBUG] Router::Router() /jemini/wwProjectV1.54/Develop/Console/ServerBridgeAction/
[2026-07-25 03:01:34] [DEBUG] Attempting to load: \Develop\Controllers\ConsoleController::ServerBridgeAction
[2026-07-25 03:01:34] [DEBUG] Router: Executing \Develop\Controllers\ConsoleController->ServerBridgeAction
[2026-07-25 03:01:34] [DEBUG] ConsoleController::ServerBridge() start...
[2026-07-25 03:01:34] [DEBUG] ConsoleController::ServerBridge() \Develop\Controllers\PartsDefinitionController::editPartsAction()
[2026-07-25 03:01:34] [DEBUG] PartsDefinitionController::editPartsAction() start...
[2026-07-25 03:01:34] [DEBUG] PartsDefinitionModel::getAllPartsList() start... Project ID: PRJ-D45FEF
[2026-07-25 03:01:34] [DEBUG] PartsDefinitionModel::getColumnsByTableId() start... Input: newDevelopers
[2026-07-25 03:01:34] [DEBUG] 逆引き成功: 物理名 newDevelopers -> table_id : 12
[2026-07-25 03:01:34] [DEBUG] PartsDefinitionModel::getColumnsByTableId() finish. 件数: 9
[2026-07-25 03:01:34] [DEBUG] PartsDefinitionModel::getTableStructure() start... Project ID: PRJ-D45FEF
[2026-07-25 03:01:34] [DEBUG] Screen::updateAreaE() [iframe起動版] path: \Develop\Views\AreaE\PartsDefinition\RegistParts.view start...
[2026-07-25 03:01:34] [DEBUG] Screen::getContents() start...
[2026-07-25 03:01:34] [DEBUG] Screen::getContents() finish.
[2026-07-25 03:01:34] [DEBUG] Screen::updateAreaE() finish.
[2026-07-25 03:01:34] [DEBUG] PartsDefinitionController::editPartsAction() end.
[2026-07-25 03:01:34] [DEBUG] Screen::areaView() start...
[2026-07-25 03:01:34] [DEBUG] Screen::areaView() finish.
[2026-07-25 03:01:35] [DEBUG] --- wwProject System Start ---
[2026-07-25 03:01:35] [DEBUG] Router::Router() /jemini/wwProjectV1.54/Develop/Console/ServerBridgeAction/
[2026-07-25 03:01:35] [DEBUG] Attempting to load: \Develop\Controllers\ConsoleController::ServerBridgeAction
[2026-07-25 03:01:35] [DEBUG] Router: Executing \Develop\Controllers\ConsoleController->ServerBridgeAction
[2026-07-25 03:01:35] [DEBUG] ConsoleController::ServerBridge() start...
[2026-07-25 03:01:35] [DEBUG] ConsoleController::ServerBridge() \Develop\Controllers\PartsDefinitionController::editPartsAction()
[2026-07-25 03:01:35] [DEBUG] PartsDefinitionController::editPartsAction() start...
[2026-07-25 03:01:35] [DEBUG] PartsDefinitionModel::getAllPartsList() start... Project ID: PRJ-D45FEF
[2026-07-25 03:01:35] [DEBUG] PartsDefinitionModel::getColumnsByTableId() start... Input: newDevelopers
[2026-07-25 03:01:35] [DEBUG] 逆引き成功: 物理名 newDevelopers -> table_id : 12
[2026-07-25 03:01:35] [DEBUG] PartsDefinitionModel::getColumnsByTableId() finish. 件数: 9
[2026-07-25 03:01:35] [DEBUG] PartsDefinitionModel::getTableStructure() start... Project ID: PRJ-D45FEF
[2026-07-25 03:01:35] [DEBUG] Screen::updateAreaE() [iframe起動版] path: \Develop\Views\AreaE\PartsDefinition\RegistParts.view start...
[2026-07-25 03:01:35] [DEBUG] Screen::getContents() start...
[2026-07-25 03:01:35] [DEBUG] Screen::getContents() finish.
[2026-07-25 03:01:35] [DEBUG] Screen::updateAreaE() finish.
[2026-07-25 03:01:35] [DEBUG] PartsDefinitionController::editPartsAction() end.
[2026-07-25 03:01:35] [DEBUG] Screen::areaView() start...
[2026-07-25 03:01:35] [DEBUG] Screen::areaView() finish.
[2026-07-25 03:01:37] [DEBUG] --- wwProject System Start ---
[2026-07-25 03:01:37] [DEBUG] Router::Router() /jemini/wwProjectV1.54/Develop/Console/ServerBridgeAction/
[2026-07-25 03:01:37] [DEBUG] Attempting to load: \Develop\Controllers\ConsoleController::ServerBridgeAction
[2026-07-25 03:01:37] [DEBUG] Router: Executing \Develop\Controllers\ConsoleController->ServerBridgeAction
[2026-07-25 03:01:37] [DEBUG] ConsoleController::ServerBridge() start...
[2026-07-25 03:01:37] [DEBUG] ConsoleController::ServerBridge() \Develop\Controllers\PartsDefinitionController::editPartsAction()
[2026-07-25 03:01:37] [DEBUG] PartsDefinitionController::editPartsAction() start...
[2026-07-25 03:01:37] [DEBUG] PartsDefinitionModel::getAllPartsList() start... Project ID: PRJ-D45FEF
[2026-07-25 03:01:37] [DEBUG] PartsDefinitionModel::getColumnsByTableId() start... Input: newDevelopers
[2026-07-25 03:01:37] [DEBUG] 逆引き成功: 物理名 newDevelopers -> table_id : 12
[2026-07-25 03:01:37] [DEBUG] PartsDefinitionModel::getColumnsByTableId() finish. 件数: 9
[2026-07-25 03:01:37] [DEBUG] PartsDefinitionModel::getTableStructure() start... Project ID: PRJ-D45FEF
[2026-07-25 03:01:37] [DEBUG] Screen::updateAreaE() [iframe起動版] path: \Develop\Views\AreaE\PartsDefinition\RegistParts.view start...
[2026-07-25 03:01:37] [DEBUG] Screen::getContents() start...
[2026-07-25 03:01:37] [DEBUG] Screen::getContents() finish.
[2026-07-25 03:01:37] [DEBUG] Screen::updateAreaE() finish.
[2026-07-25 03:01:37] [DEBUG] PartsDefinitionController::editPartsAction() end.
[2026-07-25 03:01:37] [DEBUG] Screen::areaView() start...
[2026-07-25 03:01:37] [DEBUG] Screen::areaView() finish.
[2026-07-25 03:01:39] [DEBUG] --- wwProject System Start ---
[2026-07-25 03:01:39] [DEBUG] Router::Router() /jemini/wwProjectV1.54/Develop/Console/ServerBridgeAction/
[2026-07-25 03:01:39] [DEBUG] Attempting to load: \Develop\Controllers\ConsoleController::ServerBridgeAction
[2026-07-25 03:01:39] [DEBUG] Router: Executing \Develop\Controllers\ConsoleController->ServerBridgeAction
[2026-07-25 03:01:39] [DEBUG] ConsoleController::ServerBridge() start...
[2026-07-25 03:01:39] [DEBUG] ConsoleController::ServerBridge() \Develop\Controllers\PartsDefinitionController::editPartsAction()
[2026-07-25 03:01:39] [DEBUG] PartsDefinitionController::editPartsAction() start...
[2026-07-25 03:01:39] [DEBUG] PartsDefinitionModel::getAllPartsList() start... Project ID: PRJ-D45FEF
[2026-07-25 03:01:39] [DEBUG] PartsDefinitionModel::getColumnsByTableId() start... Input: developers
[2026-07-25 03:01:39] [DEBUG] 逆引き成功: 物理名 developers -> table_id : 14
[2026-07-25 03:01:39] [DEBUG] PartsDefinitionModel::getColumnsByTableId() finish. 件数: 9
[2026-07-25 03:01:39] [DEBUG] PartsDefinitionModel::getTableStructure() start... Project ID: PRJ-D45FEF
[2026-07-25 03:01:39] [DEBUG] Screen::updateAreaE() [iframe起動版] path: \Develop\Views\AreaE\PartsDefinition\RegistParts.view start...
[2026-07-25 03:01:39] [DEBUG] Screen::getContents() start...
[2026-07-25 03:01:39] [DEBUG] Screen::getContents() finish.
[2026-07-25 03:01:39] [DEBUG] Screen::updateAreaE() finish.
[2026-07-25 03:01:39] [DEBUG] PartsDefinitionController::editPartsAction() end.
[2026-07-25 03:01:39] [DEBUG] Screen::areaView() start...
[2026-07-25 03:01:39] [DEBUG] Screen::areaView() finish.
[2026-07-25 03:01:40] [DEBUG] --- wwProject System Start ---
[2026-07-25 03:01:40] [DEBUG] Router::Router() /jemini/wwProjectV1.54/Develop/Console/ServerBridgeAction/
[2026-07-25 03:01:40] [DEBUG] Attempting to load: \Develop\Controllers\ConsoleController::ServerBridgeAction
[2026-07-25 03:01:40] [DEBUG] Router: Executing \Develop\Controllers\ConsoleController->ServerBridgeAction
[2026-07-25 03:01:40] [DEBUG] ConsoleController::ServerBridge() start...
[2026-07-25 03:01:40] [DEBUG] ConsoleController::ServerBridge() \Develop\Controllers\PartsDefinitionController::editPartsAction()
[2026-07-25 03:01:40] [DEBUG] PartsDefinitionController::editPartsAction() start...
[2026-07-25 03:01:40] [DEBUG] PartsDefinitionModel::getAllPartsList() start... Project ID: PRJ-D45FEF
[2026-07-25 03:01:40] [DEBUG] PartsDefinitionModel::getColumnsByTableId() start... Input: developers
[2026-07-25 03:01:40] [DEBUG] 逆引き成功: 物理名 developers -> table_id : 14
[2026-07-25 03:01:40] [DEBUG] PartsDefinitionModel::getColumnsByTableId() finish. 件数: 9
[2026-07-25 03:01:40] [DEBUG] PartsDefinitionModel::getTableStructure() start... Project ID: PRJ-D45FEF
[2026-07-25 03:01:40] [DEBUG] Screen::updateAreaE() [iframe起動版] path: \Develop\Views\AreaE\PartsDefinition\RegistParts.view start...
[2026-07-25 03:01:40] [DEBUG] Screen::getContents() start...
[2026-07-25 03:01:40] [DEBUG] Screen::getContents() finish.
[2026-07-25 03:01:40] [DEBUG] Screen::updateAreaE() finish.
[2026-07-25 03:01:40] [DEBUG] PartsDefinitionController::editPartsAction() end.
[2026-07-25 03:01:40] [DEBUG] Screen::areaView() start...
[2026-07-25 03:01:40] [DEBUG] Screen::areaView() finish.
[2026-07-25 03:01:41] [DEBUG] --- wwProject System Start ---
[2026-07-25 03:01:41] [DEBUG] Router::Router() /jemini/wwProjectV1.54/Develop/Console/ServerBridgeAction/
[2026-07-25 03:01:41] [DEBUG] Attempting to load: \Develop\Controllers\ConsoleController::ServerBridgeAction
[2026-07-25 03:01:41] [DEBUG] Router: Executing \Develop\Controllers\ConsoleController->ServerBridgeAction
[2026-07-25 03:01:41] [DEBUG] ConsoleController::ServerBridge() start...
[2026-07-25 03:01:41] [DEBUG] ConsoleController::ServerBridge() \Develop\Controllers\PartsDefinitionController::editPartsAction()
[2026-07-25 03:01:41] [DEBUG] PartsDefinitionController::editPartsAction() start...
[2026-07-25 03:01:41] [DEBUG] PartsDefinitionModel::getAllPartsList() start... Project ID: PRJ-D45FEF
[2026-07-25 03:01:41] [DEBUG] PartsDefinitionModel::getTableStructure() start... Project ID: PRJ-D45FEF
[2026-07-25 03:01:41] [DEBUG] Screen::updateAreaE() [iframe起動版] path: \Develop\Views\AreaE\PartsDefinition\RegistParts.view start...
[2026-07-25 03:01:41] [DEBUG] Screen::getContents() start...
[2026-07-25 03:01:41] [DEBUG] Screen::getContents() finish.
[2026-07-25 03:01:41] [DEBUG] Screen::updateAreaE() finish.
[2026-07-25 03:01:41] [DEBUG] PartsDefinitionController::editPartsAction() end.
[2026-07-25 03:01:41] [DEBUG] Screen::areaView() start...
[2026-07-25 03:01:41] [DEBUG] Screen::areaView() finish.
[2026-07-25 03:01:42] [DEBUG] --- wwProject System Start ---
[2026-07-25 03:01:42] [DEBUG] Router::Router() /jemini/wwProjectV1.54/Develop/Console/ServerBridgeAction/
[2026-07-25 03:01:42] [DEBUG] Attempting to load: \Develop\Controllers\ConsoleController::ServerBridgeAction
[2026-07-25 03:01:42] [DEBUG] Router: Executing \Develop\Controllers\ConsoleController->ServerBridgeAction
[2026-07-25 03:01:42] [DEBUG] ConsoleController::ServerBridge() start...
[2026-07-25 03:01:42] [DEBUG] ConsoleController::ServerBridge() \Develop\Controllers\PartsDefinitionController::editPartsAction()
[2026-07-25 03:01:42] [DEBUG] PartsDefinitionController::editPartsAction() start...
[2026-07-25 03:01:42] [DEBUG] PartsDefinitionModel::getAllPartsList() start... Project ID: PRJ-D45FEF
[2026-07-25 03:01:42] [DEBUG] PartsDefinitionModel::getTableStructure() start... Project ID: PRJ-D45FEF
[2026-07-25 03:01:42] [DEBUG] Screen::updateAreaE() [iframe起動版] path: \Develop\Views\AreaE\PartsDefinition\RegistParts.view start...
[2026-07-25 03:01:42] [DEBUG] Screen::getContents() start...
[2026-07-25 03:01:42] [DEBUG] Screen::getContents() finish.
[2026-07-25 03:01:42] [DEBUG] Screen::updateAreaE() finish.
[2026-07-25 03:01:42] [DEBUG] PartsDefinitionController::editPartsAction() end.
[2026-07-25 03:01:42] [DEBUG] Screen::areaView() start...
[2026-07-25 03:01:42] [DEBUG] Screen::areaView() finish.
[2026-07-25 03:01:43] [DEBUG] --- wwProject System Start ---
[2026-07-25 03:01:43] [DEBUG] Router::Router() /jemini/wwProjectV1.54/Develop/Console/ServerBridgeAction/
[2026-07-25 03:01:43] [DEBUG] Attempting to load: \Develop\Controllers\ConsoleController::ServerBridgeAction
[2026-07-25 03:01:43] [DEBUG] Router: Executing \Develop\Controllers\ConsoleController->ServerBridgeAction
[2026-07-25 03:01:43] [DEBUG] ConsoleController::ServerBridge() start...
[2026-07-25 03:01:43] [DEBUG] ConsoleController::ServerBridge() \Develop\Controllers\PartsDefinitionController::editPartsAction()
[2026-07-25 03:01:43] [DEBUG] PartsDefinitionController::editPartsAction() start...
[2026-07-25 03:01:43] [DEBUG] PartsDefinitionModel::getAllPartsList() start... Project ID: PRJ-D45FEF
[2026-07-25 03:01:43] [DEBUG] PartsDefinitionModel::getTableStructure() start... Project ID: PRJ-D45FEF
[2026-07-25 03:01:43] [DEBUG] Screen::updateAreaE() [iframe起動版] path: \Develop\Views\AreaE\PartsDefinition\RegistParts.view start...
[2026-07-25 03:01:43] [DEBUG] Screen::getContents() start...
[2026-07-25 03:01:43] [DEBUG] Screen::getContents() finish.
[2026-07-25 03:01:43] [DEBUG] Screen::updateAreaE() finish.
[2026-07-25 03:01:43] [DEBUG] PartsDefinitionController::editPartsAction() end.
[2026-07-25 03:01:43] [DEBUG] Screen::areaView() start...
[2026-07-25 03:01:43] [DEBUG] Screen::areaView() finish.
[2026-07-25 03:01:44] [DEBUG] --- wwProject System Start ---
[2026-07-25 03:01:44] [DEBUG] Router::Router() /jemini/wwProjectV1.54/Develop/Console/ServerBridgeAction/
[2026-07-25 03:01:44] [DEBUG] Attempting to load: \Develop\Controllers\ConsoleController::ServerBridgeAction
[2026-07-25 03:01:44] [DEBUG] Router: Executing \Develop\Controllers\ConsoleController->ServerBridgeAction
[2026-07-25 03:01:44] [DEBUG] ConsoleController::ServerBridge() start...
[2026-07-25 03:01:44] [DEBUG] ConsoleController::ServerBridge() \Develop\Controllers\PartsDefinitionController::editPartsAction()
[2026-07-25 03:01:44] [DEBUG] PartsDefinitionController::editPartsAction() start...
[2026-07-25 03:01:44] [DEBUG] PartsDefinitionModel::getAllPartsList() start... Project ID: PRJ-D45FEF
[2026-07-25 03:01:44] [DEBUG] PartsDefinitionModel::getTableStructure() start... Project ID: PRJ-D45FEF
[2026-07-25 03:01:44] [DEBUG] Screen::updateAreaE() [iframe起動版] path: \Develop\Views\AreaE\PartsDefinition\RegistParts.view start...
[2026-07-25 03:01:44] [DEBUG] Screen::getContents() start...
[2026-07-25 03:01:44] [DEBUG] Screen::getContents() finish.
[2026-07-25 03:01:44] [DEBUG] Screen::updateAreaE() finish.
[2026-07-25 03:01:44] [DEBUG] PartsDefinitionController::editPartsAction() end.
[2026-07-25 03:01:44] [DEBUG] Screen::areaView() start...
[2026-07-25 03:01:44] [DEBUG] Screen::areaView() finish.
[2026-07-25 03:01:45] [DEBUG] --- wwProject System Start ---
[2026-07-25 03:01:45] [DEBUG] Router::Router() /jemini/wwProjectV1.54/Develop/Console/ServerBridgeAction/
[2026-07-25 03:01:45] [DEBUG] Attempting to load: \Develop\Controllers\ConsoleController::ServerBridgeAction
[2026-07-25 03:01:45] [DEBUG] Router: Executing \Develop\Controllers\ConsoleController->ServerBridgeAction
[2026-07-25 03:01:45] [DEBUG] ConsoleController::ServerBridge() start...
[2026-07-25 03:01:45] [DEBUG] ConsoleController::ServerBridge() \Develop\Controllers\PartsDefinitionController::editPartsAction()
[2026-07-25 03:01:45] [DEBUG] PartsDefinitionController::editPartsAction() start...
[2026-07-25 03:01:45] [DEBUG] PartsDefinitionModel::getAllPartsList() start... Project ID: PRJ-D45FEF
[2026-07-25 03:01:45] [DEBUG] PartsDefinitionModel::getColumnsByTableId() start... Input: newDevelopers
[2026-07-25 03:01:45] [DEBUG] 逆引き成功: 物理名 newDevelopers -> table_id : 12
[2026-07-25 03:01:45] [DEBUG] PartsDefinitionModel::getColumnsByTableId() finish. 件数: 9
[2026-07-25 03:01:45] [DEBUG] PartsDefinitionModel::getTableStructure() start... Project ID: PRJ-D45FEF
[2026-07-25 03:01:45] [DEBUG] Screen::updateAreaE() [iframe起動版] path: \Develop\Views\AreaE\PartsDefinition\RegistParts.view start...
[2026-07-25 03:01:45] [DEBUG] Screen::getContents() start...
[2026-07-25 03:01:45] [DEBUG] Screen::getContents() finish.
[2026-07-25 03:01:45] [DEBUG] Screen::updateAreaE() finish.
[2026-07-25 03:01:45] [DEBUG] PartsDefinitionController::editPartsAction() end.
[2026-07-25 03:01:45] [DEBUG] Screen::areaView() start...
[2026-07-25 03:01:45] [DEBUG] Screen::areaView() finish.
[2026-07-25 03:01:47] [DEBUG] --- wwProject System Start ---
[2026-07-25 03:01:47] [DEBUG] Router::Router() /jemini/wwProjectV1.54/Develop/Console/ServerBridgeAction/
[2026-07-25 03:01:47] [DEBUG] Attempting to load: \Develop\Controllers\ConsoleController::ServerBridgeAction
[2026-07-25 03:01:47] [DEBUG] Router: Executing \Develop\Controllers\ConsoleController->ServerBridgeAction
[2026-07-25 03:01:47] [DEBUG] ConsoleController::ServerBridge() start...
[2026-07-25 03:01:47] [DEBUG] ConsoleController::ServerBridge() \Develop\Controllers\PartsDefinitionController::editPartsAction()
[2026-07-25 03:01:47] [DEBUG] PartsDefinitionController::editPartsAction() start...
[2026-07-25 03:01:47] [DEBUG] PartsDefinitionModel::getAllPartsList() start... Project ID: PRJ-D45FEF
[2026-07-25 03:01:47] [DEBUG] PartsDefinitionModel::getColumnsByTableId() start... Input: developers
[2026-07-25 03:01:47] [DEBUG] 逆引き成功: 物理名 developers -> table_id : 14
[2026-07-25 03:01:47] [DEBUG] PartsDefinitionModel::getColumnsByTableId() finish. 件数: 9
[2026-07-25 03:01:47] [DEBUG] PartsDefinitionModel::getTableStructure() start... Project ID: PRJ-D45FEF
[2026-07-25 03:01:47] [DEBUG] Screen::updateAreaE() [iframe起動版] path: \Develop\Views\AreaE\PartsDefinition\RegistParts.view start...
[2026-07-25 03:01:47] [DEBUG] Screen::getContents() start...
[2026-07-25 03:01:47] [DEBUG] Screen::getContents() finish.
[2026-07-25 03:01:47] [DEBUG] Screen::updateAreaE() finish.
[2026-07-25 03:01:47] [DEBUG] PartsDefinitionController::editPartsAction() end.
[2026-07-25 03:01:47] [DEBUG] Screen::areaView() start...
[2026-07-25 03:01:47] [DEBUG] Screen::areaView() finish.
[2026-07-25 03:01:47] [DEBUG] --- wwProject System Start ---
[2026-07-25 03:01:47] [DEBUG] Router::Router() /jemini/wwProjectV1.54/Develop/Console/ServerBridgeAction/
[2026-07-25 03:01:47] [DEBUG] Attempting to load: \Develop\Controllers\ConsoleController::ServerBridgeAction
[2026-07-25 03:01:47] [DEBUG] Router: Executing \Develop\Controllers\ConsoleController->ServerBridgeAction
[2026-07-25 03:01:47] [DEBUG] ConsoleController::ServerBridge() start...
[2026-07-25 03:01:47] [DEBUG] ConsoleController::ServerBridge() \Develop\Controllers\PartsDefinitionController::editPartsAction()
[2026-07-25 03:01:47] [DEBUG] PartsDefinitionController::editPartsAction() start...
[2026-07-25 03:01:47] [DEBUG] PartsDefinitionModel::getAllPartsList() start... Project ID: PRJ-D45FEF
[2026-07-25 03:01:47] [DEBUG] PartsDefinitionModel::getColumnsByTableId() start... Input: applicantmaster
[2026-07-25 03:01:47] [DEBUG] 逆引き成功: 物理名 applicantmaster -> table_id : 13
[2026-07-25 03:01:47] [DEBUG] PartsDefinitionModel::getColumnsByTableId() finish. 件数: 19
[2026-07-25 03:01:47] [DEBUG] PartsDefinitionModel::getTableStructure() start... Project ID: PRJ-D45FEF
[2026-07-25 03:01:47] [DEBUG] Screen::updateAreaE() [iframe起動版] path: \Develop\Views\AreaE\PartsDefinition\RegistParts.view start...
[2026-07-25 03:01:47] [DEBUG] Screen::getContents() start...
[2026-07-25 03:01:47] [DEBUG] Screen::getContents() finish.
[2026-07-25 03:01:47] [DEBUG] Screen::updateAreaE() finish.
[2026-07-25 03:01:47] [DEBUG] PartsDefinitionController::editPartsAction() end.
[2026-07-25 03:01:47] [DEBUG] Screen::areaView() start...
[2026-07-25 03:01:47] [DEBUG] Screen::areaView() finish.
[2026-07-25 03:01:49] [DEBUG] --- wwProject System Start ---
[2026-07-25 03:01:49] [DEBUG] Router::Router() /jemini/wwProjectV1.54/Develop/Console/ServerBridgeAction/
[2026-07-25 03:01:49] [DEBUG] Attempting to load: \Develop\Controllers\ConsoleController::ServerBridgeAction
[2026-07-25 03:01:49] [DEBUG] Router: Executing \Develop\Controllers\ConsoleController->ServerBridgeAction
[2026-07-25 03:01:49] [DEBUG] ConsoleController::ServerBridge() start...
[2026-07-25 03:01:49] [DEBUG] ConsoleController::ServerBridge() \Develop\Controllers\PartsDefinitionController::editPartsAction()
[2026-07-25 03:01:49] [DEBUG] PartsDefinitionController::editPartsAction() start...
[2026-07-25 03:01:49] [DEBUG] PartsDefinitionModel::getAllPartsList() start... Project ID: PRJ-D45FEF
[2026-07-25 03:01:49] [DEBUG] PartsDefinitionModel::getColumnsByTableId() start... Input: developers
[2026-07-25 03:01:49] [DEBUG] 逆引き成功: 物理名 developers -> table_id : 14
[2026-07-25 03:01:49] [DEBUG] PartsDefinitionModel::getColumnsByTableId() finish. 件数: 9
[2026-07-25 03:01:49] [DEBUG] PartsDefinitionModel::getTableStructure() start... Project ID: PRJ-D45FEF
[2026-07-25 03:01:49] [DEBUG] Screen::updateAreaE() [iframe起動版] path: \Develop\Views\AreaE\PartsDefinition\RegistParts.view start...
[2026-07-25 03:01:49] [DEBUG] Screen::getContents() start...
[2026-07-25 03:01:49] [DEBUG] Screen::getContents() finish.
[2026-07-25 03:01:49] [DEBUG] Screen::updateAreaE() finish.
[2026-07-25 03:01:49] [DEBUG] PartsDefinitionController::editPartsAction() end.
[2026-07-25 03:01:49] [DEBUG] Screen::areaView() start...
[2026-07-25 03:01:49] [DEBUG] Screen::areaView() finish.
[2026-07-25 03:01:51] [DEBUG] --- wwProject System Start ---
[2026-07-25 03:01:51] [DEBUG] Router::Router() /jemini/wwProjectV1.54/Develop/Console/ServerBridgeAction/
[2026-07-25 03:01:51] [DEBUG] Attempting to load: \Develop\Controllers\ConsoleController::ServerBridgeAction
[2026-07-25 03:01:51] [DEBUG] Router: Executing \Develop\Controllers\ConsoleController->ServerBridgeAction
[2026-07-25 03:01:51] [DEBUG] ConsoleController::ServerBridge() start...
[2026-07-25 03:01:51] [DEBUG] ConsoleController::ServerBridge() \Develop\Controllers\PartsDefinitionController::editPartsAction()
[2026-07-25 03:01:51] [DEBUG] PartsDefinitionController::editPartsAction() start...
[2026-07-25 03:01:51] [DEBUG] PartsDefinitionModel::getAllPartsList() start... Project ID: PRJ-D45FEF
[2026-07-25 03:01:51] [DEBUG] PartsDefinitionModel::getTableStructure() start... Project ID: PRJ-D45FEF
[2026-07-25 03:01:51] [DEBUG] Screen::updateAreaE() [iframe起動版] path: \Develop\Views\AreaE\PartsDefinition\RegistParts.view start...
[2026-07-25 03:01:51] [DEBUG] Screen::getContents() start...
[2026-07-25 03:01:51] [DEBUG] Screen::getContents() finish.
[2026-07-25 03:01:51] [DEBUG] Screen::updateAreaE() finish.
[2026-07-25 03:01:51] [DEBUG] PartsDefinitionController::editPartsAction() end.
[2026-07-25 03:01:51] [DEBUG] Screen::areaView() start...
[2026-07-25 03:01:51] [DEBUG] Screen::areaView() finish.
[2026-07-25 03:01:52] [DEBUG] --- wwProject System Start ---
[2026-07-25 03:01:52] [DEBUG] Router::Router() /jemini/wwProjectV1.54/Develop/Console/ServerBridgeAction/
[2026-07-25 03:01:52] [DEBUG] Attempting to load: \Develop\Controllers\ConsoleController::ServerBridgeAction
[2026-07-25 03:01:52] [DEBUG] Router: Executing \Develop\Controllers\ConsoleController->ServerBridgeAction
[2026-07-25 03:01:52] [DEBUG] ConsoleController::ServerBridge() start...
[2026-07-25 03:01:52] [DEBUG] ConsoleController::ServerBridge() \Develop\Controllers\PartsDefinitionController::editPartsAction()
[2026-07-25 03:01:52] [DEBUG] PartsDefinitionController::editPartsAction() start...
[2026-07-25 03:01:52] [DEBUG] PartsDefinitionModel::getAllPartsList() start... Project ID: PRJ-D45FEF
[2026-07-25 03:01:52] [DEBUG] PartsDefinitionModel::getColumnsByTableId() start... Input: applicantmaster
[2026-07-25 03:01:52] [DEBUG] 逆引き成功: 物理名 applicantmaster -> table_id : 13
[2026-07-25 03:01:52] [DEBUG] PartsDefinitionModel::getColumnsByTableId() finish. 件数: 19
[2026-07-25 03:01:52] [DEBUG] PartsDefinitionModel::getTableStructure() start... Project ID: PRJ-D45FEF
[2026-07-25 03:01:52] [DEBUG] Screen::updateAreaE() [iframe起動版] path: \Develop\Views\AreaE\PartsDefinition\RegistParts.view start...
[2026-07-25 03:01:52] [DEBUG] Screen::getContents() start...
[2026-07-25 03:01:52] [DEBUG] Screen::getContents() finish.
[2026-07-25 03:01:52] [DEBUG] Screen::updateAreaE() finish.
[2026-07-25 03:01:52] [DEBUG] PartsDefinitionController::editPartsAction() end.
[2026-07-25 03:01:52] [DEBUG] Screen::areaView() start...
[2026-07-25 03:01:52] [DEBUG] Screen::areaView() finish.
[2026-07-25 03:01:54] [DEBUG] --- wwProject System Start ---
[2026-07-25 03:01:54] [DEBUG] Router::Router() /jemini/wwProjectV1.54/Develop/Console/ServerBridgeAction/
[2026-07-25 03:01:54] [DEBUG] Attempting to load: \Develop\Controllers\ConsoleController::ServerBridgeAction
[2026-07-25 03:01:54] [DEBUG] Router: Executing \Develop\Controllers\ConsoleController->ServerBridgeAction
[2026-07-25 03:01:54] [DEBUG] ConsoleController::ServerBridge() start...
[2026-07-25 03:01:54] [DEBUG] ConsoleController::ServerBridge() \Develop\Controllers\PartsDefinitionController::editPartsAction()
[2026-07-25 03:01:54] [DEBUG] PartsDefinitionController::editPartsAction() start...
[2026-07-25 03:01:54] [DEBUG] PartsDefinitionModel::getAllPartsList() start... Project ID: PRJ-D45FEF
[2026-07-25 03:01:54] [DEBUG] PartsDefinitionModel::getTableStructure() start... Project ID: PRJ-D45FEF
[2026-07-25 03:01:54] [DEBUG] Screen::updateAreaE() [iframe起動版] path: \Develop\Views\AreaE\PartsDefinition\RegistParts.view start...
[2026-07-25 03:01:54] [DEBUG] Screen::getContents() start...
[2026-07-25 03:01:54] [DEBUG] Screen::getContents() finish.
[2026-07-25 03:01:54] [DEBUG] Screen::updateAreaE() finish.
[2026-07-25 03:01:54] [DEBUG] PartsDefinitionController::editPartsAction() end.
[2026-07-25 03:01:54] [DEBUG] Screen::areaView() start...
[2026-07-25 03:01:54] [DEBUG] Screen::areaView() finish.
[2026-07-25 03:07:28] [DEBUG] --- wwProject System Start ---
[2026-07-25 03:07:28] [DEBUG] Router::Router() /jemini/wwProjectV1.54/Develop/Console/ServerBridgeAction/
[2026-07-25 03:07:28] [DEBUG] Attempting to load: \Develop\Controllers\ConsoleController::ServerBridgeAction
[2026-07-25 03:07:28] [DEBUG] Router: Executing \Develop\Controllers\ConsoleController->ServerBridgeAction
[2026-07-25 03:07:28] [DEBUG] ConsoleController::ServerBridge() start...
[2026-07-25 03:07:28] [DEBUG] ConsoleController::ServerBridge() \Develop\Controllers\ProjectController::projectSelectAction()
[2026-07-25 03:07:28] [DEBUG] ProjectController::projectSelectAction() start...
[2026-07-25 03:07:28] [DEBUG] ProjectController::projectSelectAction() ☆★☆　申込フォーム設定
[2026-07-25 03:07:28] [DEBUG] Screen::updateAreaB() path: \Develop\Views\AreaB\Area_B.view start...
[2026-07-25 03:07:28] [DEBUG] Screen::getContents() start...
[2026-07-25 03:07:28] [DEBUG] Screen::getContents() finish.
[2026-07-25 03:07:28] [DEBUG] Screen::updateAreaB() finish.
[2026-07-25 03:07:28] [DEBUG] ProjectController::projectSelectAction() PRJ-WW2024 : PRJ-WW2024
[2026-07-25 03:07:28] [DEBUG] ProjectController::getProjectListHtml() start...
[2026-07-25 03:07:28] [DEBUG] ProjectModel::getProjectList() start...
[2026-07-25 03:07:28] [DEBUG] ProjectModel::getProjectList() finish.
[2026-07-25 03:07:28] [DEBUG] CodeMasterModel：：getCodesByGroup() start...
[2026-07-25 03:07:28] [DEBUG] CodeMasterModel：：getCodesByGroup() finish.
[2026-07-25 03:07:28] [DEBUG] ProjectController::getNaviFooterHtml() start...
[2026-07-25 03:07:28] [DEBUG] ProjectController::getNaviFooterHtml() finish.
[2026-07-25 03:07:28] [DEBUG] Screen::updateAreaC() \Develop\Views\AreaC\Area_C.view start...
[2026-07-25 03:07:28] [DEBUG] Screen::getContents() start...
[2026-07-25 03:07:28] [DEBUG] Screen::getContents() finish.
[2026-07-25 03:07:28] [DEBUG] Screen::updateAreaC() finish.
[2026-07-25 03:07:28] [DEBUG] Screen::updateAreaD() path: \Develop\Views\AreaD\Area_D_clear.view start...
[2026-07-25 03:07:28] [DEBUG] Screen::getContents() start...
[2026-07-25 03:07:28] [DEBUG] Screen::getContents() finish.
[2026-07-25 03:07:28] [DEBUG] Screen::updateAreaD() finish.
[2026-07-25 03:07:28] [DEBUG] Screen::updateAreaE() [iframe起動版] path: \Develop\Views\AreaE\Area_E_clear.view start...
[2026-07-25 03:07:28] [DEBUG] Screen::getContents() start...
[2026-07-25 03:07:28] [DEBUG] Screen::getContents() finish.
[2026-07-25 03:07:28] [DEBUG] Screen::updateAreaE() finish.
[2026-07-25 03:07:28] [DEBUG] ProjectController::projectSelectAction() finish.
[2026-07-25 03:07:28] [DEBUG] Screen::areaView() start...
[2026-07-25 03:07:28] [DEBUG] Screen::areaView() finish.
[2026-07-25 03:07:29] [DEBUG] --- wwProject System Start ---
[2026-07-25 03:07:29] [DEBUG] Router::Router() /jemini/wwProjectV1.54/Develop/Console/ServerBridgeAction/
[2026-07-25 03:07:29] [DEBUG] Attempting to load: \Develop\Controllers\ConsoleController::ServerBridgeAction
[2026-07-25 03:07:29] [DEBUG] Router: Executing \Develop\Controllers\ConsoleController->ServerBridgeAction
[2026-07-25 03:07:29] [DEBUG] ConsoleController::ServerBridge() start...
[2026-07-25 03:07:29] [DEBUG] ConsoleController::ServerBridge() \Develop\Controllers\ProjectController::projectSelectAction()
[2026-07-25 03:07:29] [DEBUG] ProjectController::projectSelectAction() start...
[2026-07-25 03:07:29] [DEBUG] ProjectController::projectSelectAction() ☆★☆　
[2026-07-25 03:07:29] [DEBUG] Screen::updateAreaB() path: \Develop\Views\AreaB\Area_B.view start...
[2026-07-25 03:07:29] [DEBUG] Screen::getContents() start...
[2026-07-25 03:07:29] [DEBUG] Screen::getContents() finish.
[2026-07-25 03:07:29] [DEBUG] Screen::updateAreaB() finish.
[2026-07-25 03:07:29] [DEBUG] ProjectController::getProjectListHtml() start...
[2026-07-25 03:07:29] [DEBUG] ProjectModel::getProjectList() start...
[2026-07-25 03:07:29] [DEBUG] ProjectModel::getProjectList() finish.
[2026-07-25 03:07:29] [DEBUG] CodeMasterModel：：getCodesByGroup() start...
[2026-07-25 03:07:29] [DEBUG] CodeMasterModel：：getCodesByGroup() finish.
[2026-07-25 03:07:29] [DEBUG] ProjectController::getNaviFooterHtml() start...
[2026-07-25 03:07:29] [DEBUG] ProjectController::getNaviFooterHtml() finish.
[2026-07-25 03:07:29] [DEBUG] Screen::updateAreaC() \Develop\Views\AreaC\Area_C.view start...
[2026-07-25 03:07:29] [DEBUG] Screen::getContents() start...
[2026-07-25 03:07:29] [DEBUG] Screen::getContents() finish.
[2026-07-25 03:07:29] [DEBUG] Screen::updateAreaC() finish.
[2026-07-25 03:07:29] [DEBUG] Screen::updateAreaD() path: \Develop\Views\AreaD\Area_D_clear.view start...
[2026-07-25 03:07:29] [DEBUG] Screen::getContents() start...
[2026-07-25 03:07:29] [DEBUG] Screen::getContents() finish.
[2026-07-25 03:07:29] [DEBUG] Screen::updateAreaD() finish.
[2026-07-25 03:07:29] [DEBUG] Screen::updateAreaE() [iframe起動版] path: \Develop\Views\AreaE\Area_E_clear.view start...
[2026-07-25 03:07:29] [DEBUG] Screen::getContents() start...
[2026-07-25 03:07:29] [DEBUG] Screen::getContents() finish.
[2026-07-25 03:07:29] [DEBUG] Screen::updateAreaE() finish.
[2026-07-25 03:07:29] [DEBUG] ProjectController::projectSelectAction() finish.
[2026-07-25 03:07:29] [DEBUG] Screen::areaView() start...
[2026-07-25 03:07:29] [DEBUG] Screen::areaView() finish.
[2026-07-25 03:07:30] [DEBUG] --- wwProject System Start ---
[2026-07-25 03:07:30] [DEBUG] Router::Router() /jemini/wwProjectV1.54/Develop/Console/ServerBridgeAction/
[2026-07-25 03:07:30] [DEBUG] Attempting to load: \Develop\Controllers\ConsoleController::ServerBridgeAction
[2026-07-25 03:07:30] [DEBUG] Router: Executing \Develop\Controllers\ConsoleController->ServerBridgeAction
[2026-07-25 03:07:30] [DEBUG] ConsoleController::ServerBridge() start...
[2026-07-25 03:07:30] [DEBUG] ConsoleController::ServerBridge() \Develop\Controllers\ProjectController::projectSelectAction()
[2026-07-25 03:07:30] [DEBUG] ProjectController::projectSelectAction() start...
[2026-07-25 03:07:30] [DEBUG] ProjectController::projectSelectAction() ☆★☆　SampleProject１
[2026-07-25 03:07:30] [DEBUG] Screen::updateAreaB() path: \Develop\Views\AreaB\Area_B.view start...
[2026-07-25 03:07:30] [DEBUG] Screen::getContents() start...
[2026-07-25 03:07:30] [DEBUG] Screen::getContents() finish.
[2026-07-25 03:07:30] [DEBUG] Screen::updateAreaB() finish.
[2026-07-25 03:07:30] [DEBUG] ProjectController::projectSelectAction() PRJ-D45FEF : PRJ-D45FEF
[2026-07-25 03:07:30] [DEBUG] ProjectController::getProjectListHtml() start...
[2026-07-25 03:07:30] [DEBUG] ProjectModel::getProjectList() start...
[2026-07-25 03:07:30] [DEBUG] ProjectModel::getProjectList() finish.
[2026-07-25 03:07:30] [DEBUG] CodeMasterModel：：getCodesByGroup() start...
[2026-07-25 03:07:30] [DEBUG] CodeMasterModel：：getCodesByGroup() finish.
[2026-07-25 03:07:30] [DEBUG] ProjectController::getNaviFooterHtml() start...
[2026-07-25 03:07:30] [DEBUG] ProjectController::getNaviFooterHtml() finish.
[2026-07-25 03:07:30] [DEBUG] Screen::updateAreaC() \Develop\Views\AreaC\Area_C.view start...
[2026-07-25 03:07:30] [DEBUG] Screen::getContents() start...
[2026-07-25 03:07:30] [DEBUG] Screen::getContents() finish.
[2026-07-25 03:07:30] [DEBUG] Screen::updateAreaC() finish.
[2026-07-25 03:07:30] [DEBUG] Screen::updateAreaD() path: \Develop\Views\AreaD\Area_D_clear.view start...
[2026-07-25 03:07:30] [DEBUG] Screen::getContents() start...
[2026-07-25 03:07:30] [DEBUG] Screen::getContents() finish.
[2026-07-25 03:07:30] [DEBUG] Screen::updateAreaD() finish.
[2026-07-25 03:07:30] [DEBUG] Screen::updateAreaE() [iframe起動版] path: \Develop\Views\AreaE\Area_E_clear.view start...
[2026-07-25 03:07:30] [DEBUG] Screen::getContents() start...
[2026-07-25 03:07:30] [DEBUG] Screen::getContents() finish.
[2026-07-25 03:07:30] [DEBUG] Screen::updateAreaE() finish.
[2026-07-25 03:07:30] [DEBUG] ProjectController::projectSelectAction() finish.
[2026-07-25 03:07:30] [DEBUG] Screen::areaView() start...
[2026-07-25 03:07:30] [DEBUG] Screen::areaView() finish.
[2026-07-25 03:07:31] [DEBUG] --- wwProject System Start ---
[2026-07-25 03:07:31] [DEBUG] Router::Router() /jemini/wwProjectV1.54/Develop/Console/ServerBridgeAction/
[2026-07-25 03:07:31] [DEBUG] Attempting to load: \Develop\Controllers\ConsoleController::ServerBridgeAction
[2026-07-25 03:07:31] [DEBUG] Router: Executing \Develop\Controllers\ConsoleController->ServerBridgeAction
[2026-07-25 03:07:31] [DEBUG] ConsoleController::ServerBridge() start...
[2026-07-25 03:07:31] [DEBUG] ConsoleController::ServerBridge() \Develop\Controllers\ProjectController::projectSelectAction()
[2026-07-25 03:07:31] [DEBUG] ProjectController::projectSelectAction() start...
[2026-07-25 03:07:31] [DEBUG] ProjectController::projectSelectAction() ☆★☆　
[2026-07-25 03:07:31] [DEBUG] Screen::updateAreaB() path: \Develop\Views\AreaB\Area_B.view start...
[2026-07-25 03:07:31] [DEBUG] Screen::getContents() start...
[2026-07-25 03:07:31] [DEBUG] Screen::getContents() finish.
[2026-07-25 03:07:31] [DEBUG] Screen::updateAreaB() finish.
[2026-07-25 03:07:31] [DEBUG] ProjectController::getProjectListHtml() start...
[2026-07-25 03:07:31] [DEBUG] ProjectModel::getProjectList() start...
[2026-07-25 03:07:31] [DEBUG] ProjectModel::getProjectList() finish.
[2026-07-25 03:07:31] [DEBUG] CodeMasterModel：：getCodesByGroup() start...
[2026-07-25 03:07:31] [DEBUG] CodeMasterModel：：getCodesByGroup() finish.
[2026-07-25 03:07:31] [DEBUG] ProjectController::getNaviFooterHtml() start...
[2026-07-25 03:07:31] [DEBUG] ProjectController::getNaviFooterHtml() finish.
[2026-07-25 03:07:31] [DEBUG] Screen::updateAreaC() \Develop\Views\AreaC\Area_C.view start...
[2026-07-25 03:07:31] [DEBUG] Screen::getContents() start...
[2026-07-25 03:07:31] [DEBUG] Screen::getContents() finish.
[2026-07-25 03:07:31] [DEBUG] Screen::updateAreaC() finish.
[2026-07-25 03:07:31] [DEBUG] Screen::updateAreaD() path: \Develop\Views\AreaD\Area_D_clear.view start...
[2026-07-25 03:07:31] [DEBUG] Screen::getContents() start...
[2026-07-25 03:07:31] [DEBUG] Screen::getContents() finish.
[2026-07-25 03:07:31] [DEBUG] Screen::updateAreaD() finish.
[2026-07-25 03:07:31] [DEBUG] Screen::updateAreaE() [iframe起動版] path: \Develop\Views\AreaE\Area_E_clear.view start...
[2026-07-25 03:07:31] [DEBUG] Screen::getContents() start...
[2026-07-25 03:07:31] [DEBUG] Screen::getContents() finish.
[2026-07-25 03:07:31] [DEBUG] Screen::updateAreaE() finish.
[2026-07-25 03:07:31] [DEBUG] ProjectController::projectSelectAction() finish.
[2026-07-25 03:07:31] [DEBUG] Screen::areaView() start...
[2026-07-25 03:07:31] [DEBUG] Screen::areaView() finish.
[2026-07-25 03:07:33] [DEBUG] --- wwProject System Start ---
[2026-07-25 03:07:33] [DEBUG] Router::Router() /jemini/wwProjectV1.54/Develop/Console/ServerBridgeAction/
[2026-07-25 03:07:33] [DEBUG] Attempting to load: \Develop\Controllers\ConsoleController::ServerBridgeAction
[2026-07-25 03:07:33] [DEBUG] Router: Executing \Develop\Controllers\ConsoleController->ServerBridgeAction
[2026-07-25 03:07:33] [DEBUG] ConsoleController::ServerBridge() start...
[2026-07-25 03:07:33] [DEBUG] ConsoleController::ServerBridge() \Develop\Controllers\ProjectController::projectSelectAction()
[2026-07-25 03:07:33] [DEBUG] ProjectController::projectSelectAction() start...
[2026-07-25 03:07:33] [DEBUG] ProjectController::projectSelectAction() ☆★☆　申込フォーム設定
[2026-07-25 03:07:33] [DEBUG] Screen::updateAreaB() path: \Develop\Views\AreaB\Area_B.view start...
[2026-07-25 03:07:33] [DEBUG] Screen::getContents() start...
[2026-07-25 03:07:33] [DEBUG] Screen::getContents() finish.
[2026-07-25 03:07:33] [DEBUG] Screen::updateAreaB() finish.
[2026-07-25 03:07:33] [DEBUG] ProjectController::projectSelectAction() PRJ-WW2024 : PRJ-WW2024
[2026-07-25 03:07:33] [DEBUG] ProjectController::getProjectListHtml() start...
[2026-07-25 03:07:33] [DEBUG] ProjectModel::getProjectList() start...
[2026-07-25 03:07:33] [DEBUG] ProjectModel::getProjectList() finish.
[2026-07-25 03:07:33] [DEBUG] CodeMasterModel：：getCodesByGroup() start...
[2026-07-25 03:07:33] [DEBUG] CodeMasterModel：：getCodesByGroup() finish.
[2026-07-25 03:07:33] [DEBUG] ProjectController::getNaviFooterHtml() start...
[2026-07-25 03:07:33] [DEBUG] ProjectController::getNaviFooterHtml() finish.
[2026-07-25 03:07:33] [DEBUG] Screen::updateAreaC() \Develop\Views\AreaC\Area_C.view start...
[2026-07-25 03:07:33] [DEBUG] Screen::getContents() start...
[2026-07-25 03:07:33] [DEBUG] Screen::getContents() finish.
[2026-07-25 03:07:33] [DEBUG] Screen::updateAreaC() finish.
[2026-07-25 03:07:33] [DEBUG] Screen::updateAreaD() path: \Develop\Views\AreaD\Area_D_clear.view start...
[2026-07-25 03:07:33] [DEBUG] Screen::getContents() start...
[2026-07-25 03:07:33] [DEBUG] Screen::getContents() finish.
[2026-07-25 03:07:33] [DEBUG] Screen::updateAreaD() finish.
[2026-07-25 03:07:33] [DEBUG] Screen::updateAreaE() [iframe起動版] path: \Develop\Views\AreaE\Area_E_clear.view start...
[2026-07-25 03:07:33] [DEBUG] Screen::getContents() start...
[2026-07-25 03:07:33] [DEBUG] Screen::getContents() finish.
[2026-07-25 03:07:33] [DEBUG] Screen::updateAreaE() finish.
[2026-07-25 03:07:33] [DEBUG] ProjectController::projectSelectAction() finish.
[2026-07-25 03:07:33] [DEBUG] Screen::areaView() start...
[2026-07-25 03:07:33] [DEBUG] Screen::areaView() finish.
[2026-07-25 03:07:35] [DEBUG] --- wwProject System Start ---
[2026-07-25 03:07:35] [DEBUG] Router::Router() /jemini/wwProjectV1.54/Develop/Console/ServerBridgeAction/
[2026-07-25 03:07:35] [DEBUG] Attempting to load: \Develop\Controllers\ConsoleController::ServerBridgeAction
[2026-07-25 03:07:35] [DEBUG] Router: Executing \Develop\Controllers\ConsoleController->ServerBridgeAction
[2026-07-25 03:07:35] [DEBUG] ConsoleController::ServerBridge() start...
[2026-07-25 03:07:35] [DEBUG] ConsoleController::ServerBridge() \Develop\Controllers\ProjectDefinitionController::initialAction()
[2026-07-25 03:07:35] [DEBUG] ProjectDefinitionController::initialAction() start...
[2026-07-25 03:07:35] [DEBUG] ProjectModel::getProjectList() start...
[2026-07-25 03:07:35] [DEBUG] ProjectModel::getProjectList() finish.
[2026-07-25 03:07:35] [DEBUG] Screen::updateAreaD() path: \Develop\Views\AreaD\ProjectDefinition\ProjectDefinitionList.view start...
[2026-07-25 03:07:35] [DEBUG] Screen::getContents() start...
[2026-07-25 03:07:35] [DEBUG] Screen::getContents() finish.
[2026-07-25 03:07:35] [DEBUG] Screen::updateAreaD() finish.
[2026-07-25 03:07:35] [DEBUG] ProjectDefinitionController::initialAction() finish.
[2026-07-25 03:07:35] [DEBUG] Screen::areaView() start...
[2026-07-25 03:07:35] [DEBUG] Screen::areaView() finish.
[2026-07-25 03:07:36] [DEBUG] --- wwProject System Start ---
[2026-07-25 03:07:36] [DEBUG] Router::Router() /jemini/wwProjectV1.54/Develop/Console/ServerBridgeAction/
[2026-07-25 03:07:36] [DEBUG] Attempting to load: \Develop\Controllers\ConsoleController::ServerBridgeAction
[2026-07-25 03:07:36] [DEBUG] Router: Executing \Develop\Controllers\ConsoleController->ServerBridgeAction
[2026-07-25 03:07:36] [DEBUG] ConsoleController::ServerBridge() start...
[2026-07-25 03:07:36] [DEBUG] ConsoleController::ServerBridge() \Develop\Controllers\PartsDefinitionController::InitialAction()
[2026-07-25 03:07:36] [DEBUG] DBDefinitionController::initialAction() start...
[2026-07-25 03:07:36] [DEBUG] PartsDefinitionController::initialAction() projectId : PRJ-WW2024
[2026-07-25 03:07:36] [DEBUG] PartsDefinitionModel::getAllPartsList() start... Project ID: PRJ-WW2024
[2026-07-25 03:07:36] [DEBUG] Screen::updateAreaD() path: \Develop\Views\AreaD\PartsDefinition\PartsDefinitionList.view start...
[2026-07-25 03:07:36] [DEBUG] Screen::getContents() start...
[2026-07-25 03:07:36] [DEBUG] Screen::getContents() finish.
[2026-07-25 03:07:36] [DEBUG] Screen::updateAreaD() finish.
[2026-07-25 03:07:36] [DEBUG] Screen::updateAreaE() [iframe起動版] path: \Develop\Views\AreaE\Area_E_clear.view start...
[2026-07-25 03:07:36] [DEBUG] Screen::getContents() start...
[2026-07-25 03:07:36] [DEBUG] Screen::getContents() finish.
[2026-07-25 03:07:36] [DEBUG] Screen::updateAreaE() finish.
[2026-07-25 03:07:36] [DEBUG] DBDefinitionController::initialAction() end.
[2026-07-25 03:07:36] [DEBUG] Screen::areaView() start...
[2026-07-25 03:07:36] [DEBUG] Screen::areaView() finish.
[2026-07-25 03:07:38] [DEBUG] --- wwProject System Start ---
[2026-07-25 03:07:38] [DEBUG] Router::Router() /jemini/wwProjectV1.54/Develop/Console/ServerBridgeAction/
[2026-07-25 03:07:38] [DEBUG] Attempting to load: \Develop\Controllers\ConsoleController::ServerBridgeAction
[2026-07-25 03:07:38] [DEBUG] Router: Executing \Develop\Controllers\ConsoleController->ServerBridgeAction
[2026-07-25 03:07:38] [DEBUG] ConsoleController::ServerBridge() start...
[2026-07-25 03:07:38] [DEBUG] ConsoleController::ServerBridge() \Develop\Controllers\ProjectDefinitionController::initialAction()
[2026-07-25 03:07:38] [DEBUG] ProjectDefinitionController::initialAction() start...
[2026-07-25 03:07:38] [DEBUG] ProjectModel::getProjectList() start...
[2026-07-25 03:07:38] [DEBUG] ProjectModel::getProjectList() finish.
[2026-07-25 03:07:38] [DEBUG] Screen::updateAreaD() path: \Develop\Views\AreaD\ProjectDefinition\ProjectDefinitionList.view start...
[2026-07-25 03:07:38] [DEBUG] Screen::getContents() start...
[2026-07-25 03:07:38] [DEBUG] Screen::getContents() finish.
[2026-07-25 03:07:38] [DEBUG] Screen::updateAreaD() finish.
[2026-07-25 03:07:38] [DEBUG] ProjectDefinitionController::initialAction() finish.
[2026-07-25 03:07:38] [DEBUG] Screen::areaView() start...
[2026-07-25 03:07:38] [DEBUG] Screen::areaView() finish.
[2026-07-25 03:07:49] [DEBUG] --- wwProject System Start ---
[2026-07-25 03:07:49] [DEBUG] Router::Router() /jemini/wwProjectV1.54/Develop/Console/ServerBridgeAction/
[2026-07-25 03:07:49] [DEBUG] Attempting to load: \Develop\Controllers\ConsoleController::ServerBridgeAction
[2026-07-25 03:07:49] [DEBUG] Router: Executing \Develop\Controllers\ConsoleController->ServerBridgeAction
[2026-07-25 03:07:49] [DEBUG] ConsoleController::ServerBridge() start...
[2026-07-25 03:07:49] [DEBUG] ConsoleController::ServerBridge() \Develop\Controllers\ProjectController::projectSelectAction()
[2026-07-25 03:07:49] [DEBUG] ProjectController::projectSelectAction() start...
[2026-07-25 03:07:49] [DEBUG] ProjectController::projectSelectAction() ☆★☆　SampleProject１
[2026-07-25 03:07:49] [DEBUG] Screen::updateAreaB() path: \Develop\Views\AreaB\Area_B.view start...
[2026-07-25 03:07:49] [DEBUG] Screen::getContents() start...
[2026-07-25 03:07:49] [DEBUG] Screen::getContents() finish.
[2026-07-25 03:07:49] [DEBUG] Screen::updateAreaB() finish.
[2026-07-25 03:07:49] [DEBUG] ProjectController::projectSelectAction() PRJ-D45FEF : PRJ-D45FEF
[2026-07-25 03:07:49] [DEBUG] ProjectController::getProjectListHtml() start...
[2026-07-25 03:07:49] [DEBUG] ProjectModel::getProjectList() start...
[2026-07-25 03:07:49] [DEBUG] ProjectModel::getProjectList() finish.
[2026-07-25 03:07:49] [DEBUG] CodeMasterModel：：getCodesByGroup() start...
[2026-07-25 03:07:49] [DEBUG] CodeMasterModel：：getCodesByGroup() finish.
[2026-07-25 03:07:49] [DEBUG] ProjectController::getNaviFooterHtml() start...
[2026-07-25 03:07:49] [DEBUG] ProjectController::getNaviFooterHtml() finish.
[2026-07-25 03:07:49] [DEBUG] Screen::updateAreaC() \Develop\Views\AreaC\Area_C.view start...
[2026-07-25 03:07:49] [DEBUG] Screen::getContents() start...
[2026-07-25 03:07:49] [DEBUG] Screen::getContents() finish.
[2026-07-25 03:07:49] [DEBUG] Screen::updateAreaC() finish.
[2026-07-25 03:07:49] [DEBUG] Screen::updateAreaD() path: \Develop\Views\AreaD\Area_D_clear.view start...
[2026-07-25 03:07:49] [DEBUG] Screen::getContents() start...
[2026-07-25 03:07:49] [DEBUG] Screen::getContents() finish.
[2026-07-25 03:07:49] [DEBUG] Screen::updateAreaD() finish.
[2026-07-25 03:07:49] [DEBUG] Screen::updateAreaE() [iframe起動版] path: \Develop\Views\AreaE\Area_E_clear.view start...
[2026-07-25 03:07:49] [DEBUG] Screen::getContents() start...
[2026-07-25 03:07:49] [DEBUG] Screen::getContents() finish.
[2026-07-25 03:07:49] [DEBUG] Screen::updateAreaE() finish.
[2026-07-25 03:07:49] [DEBUG] ProjectController::projectSelectAction() finish.
[2026-07-25 03:07:49] [DEBUG] Screen::areaView() start...
[2026-07-25 03:07:49] [DEBUG] Screen::areaView() finish.
[2026-07-25 03:07:51] [DEBUG] --- wwProject System Start ---
[2026-07-25 03:07:51] [DEBUG] Router::Router() /jemini/wwProjectV1.54/Develop/Console/ServerBridgeAction/
[2026-07-25 03:07:51] [DEBUG] Attempting to load: \Develop\Controllers\ConsoleController::ServerBridgeAction
[2026-07-25 03:07:51] [DEBUG] Router: Executing \Develop\Controllers\ConsoleController->ServerBridgeAction
[2026-07-25 03:07:51] [DEBUG] ConsoleController::ServerBridge() start...
[2026-07-25 03:07:51] [DEBUG] ConsoleController::ServerBridge() \Develop\Controllers\ProjectDefinitionController::initialAction()
[2026-07-25 03:07:51] [DEBUG] ProjectDefinitionController::initialAction() start...
[2026-07-25 03:07:51] [DEBUG] ProjectModel::getProjectList() start...
[2026-07-25 03:07:51] [DEBUG] ProjectModel::getProjectList() finish.
[2026-07-25 03:07:51] [DEBUG] Screen::updateAreaD() path: \Develop\Views\AreaD\ProjectDefinition\ProjectDefinitionList.view start...
[2026-07-25 03:07:51] [DEBUG] Screen::getContents() start...
[2026-07-25 03:07:51] [DEBUG] Screen::getContents() finish.
[2026-07-25 03:07:51] [DEBUG] Screen::updateAreaD() finish.
[2026-07-25 03:07:51] [DEBUG] ProjectDefinitionController::initialAction() finish.
[2026-07-25 03:07:51] [DEBUG] Screen::areaView() start...
[2026-07-25 03:07:51] [DEBUG] Screen::areaView() finish.
[2026-07-25 03:15:58] [DEBUG] --- wwProject System Start ---
[2026-07-25 03:15:58] [DEBUG] Router::Router() /jemini/wwProjectV1.54/Develop/Console/ServerBridgeAction/
[2026-07-25 03:15:58] [DEBUG] Attempting to load: \Develop\Controllers\ConsoleController::ServerBridgeAction
[2026-07-25 03:15:58] [DEBUG] Router: Executing \Develop\Controllers\ConsoleController->ServerBridgeAction
[2026-07-25 03:15:58] [DEBUG] ConsoleController::ServerBridge() start...
[2026-07-25 03:15:58] [DEBUG] ConsoleController::ServerBridge() \Develop\Controllers\ProjectDefinitionController::projectDetailAction()
[2026-07-25 03:15:58] [DEBUG] ProjectDefinitionController::projectDetailAction() start...
[2026-07-25 03:15:58] [DEBUG] ProjectModel::getProjectById() start... ProjectID: PRJ-WW2024
[2026-07-25 03:15:58] [DEBUG] Screen::updateAreaE() [iframe起動版] path: \Develop\Views\AreaE\ProjectDefinition\ProjectDefinitionEdit.view start...
[2026-07-25 03:15:58] [DEBUG] Screen::getContents() start...
[2026-07-25 03:15:59] [DEBUG] Screen::getContents() finish.
[2026-07-25 03:15:59] [DEBUG] Screen::updateAreaE() finish.
[2026-07-25 03:15:59] [DEBUG] ProjectDefinitionController::projectDetailAction() finish.
[2026-07-25 03:15:59] [DEBUG] Screen::areaView() start...
[2026-07-25 03:15:59] [DEBUG] Screen::areaView() finish.
[2026-07-25 03:16:00] [DEBUG] --- wwProject System Start ---
[2026-07-25 03:16:00] [DEBUG] Router::Router() /jemini/wwProjectV1.54/Develop/Console/ServerBridgeAction/
[2026-07-25 03:16:00] [DEBUG] Attempting to load: \Develop\Controllers\ConsoleController::ServerBridgeAction
[2026-07-25 03:16:00] [DEBUG] Router: Executing \Develop\Controllers\ConsoleController->ServerBridgeAction
[2026-07-25 03:16:00] [DEBUG] ConsoleController::ServerBridge() start...
[2026-07-25 03:16:00] [DEBUG] ConsoleController::ServerBridge() \Develop\Controllers\ProjectDefinitionController::projectDetailAction()
[2026-07-25 03:16:00] [DEBUG] ProjectDefinitionController::projectDetailAction() start...
[2026-07-25 03:16:00] [DEBUG] ProjectModel::getProjectById() start... ProjectID: PRJ-W613KU
[2026-07-25 03:16:00] [DEBUG] Screen::updateAreaE() [iframe起動版] path: \Develop\Views\AreaE\ProjectDefinition\ProjectDefinitionEdit.view start...
[2026-07-25 03:16:00] [DEBUG] Screen::getContents() start...
[2026-07-25 03:16:00] [DEBUG] Screen::getContents() finish.
[2026-07-25 03:16:00] [DEBUG] Screen::updateAreaE() finish.
[2026-07-25 03:16:00] [DEBUG] ProjectDefinitionController::projectDetailAction() finish.
[2026-07-25 03:16:00] [DEBUG] Screen::areaView() start...
[2026-07-25 03:16:00] [DEBUG] Screen::areaView() finish.
[2026-07-25 03:16:07] [DEBUG] --- wwProject System Start ---
[2026-07-25 03:16:07] [DEBUG] Router::Router() /jemini/wwProjectV1.54/Develop/Console/ServerBridgeAction/
[2026-07-25 03:16:07] [DEBUG] Attempting to load: \Develop\Controllers\ConsoleController::ServerBridgeAction
[2026-07-25 03:16:07] [DEBUG] Router: Executing \Develop\Controllers\ConsoleController->ServerBridgeAction
[2026-07-25 03:16:07] [DEBUG] ConsoleController::ServerBridge() start...
[2026-07-25 03:16:07] [DEBUG] ConsoleController::ServerBridge() \Develop\Controllers\ProjectDefinitionController::projectDetailAction()
[2026-07-25 03:16:07] [DEBUG] ProjectDefinitionController::projectDetailAction() start...
[2026-07-25 03:16:07] [DEBUG] ProjectModel::getProjectById() start... ProjectID: PRJ-WW2024
[2026-07-25 03:16:07] [DEBUG] Screen::updateAreaE() [iframe起動版] path: \Develop\Views\AreaE\ProjectDefinition\ProjectDefinitionEdit.view start...
[2026-07-25 03:16:07] [DEBUG] Screen::getContents() start...
[2026-07-25 03:16:07] [DEBUG] Screen::getContents() finish.
[2026-07-25 03:16:07] [DEBUG] Screen::updateAreaE() finish.
[2026-07-25 03:16:07] [DEBUG] ProjectDefinitionController::projectDetailAction() finish.
[2026-07-25 03:16:07] [DEBUG] Screen::areaView() start...
[2026-07-25 03:16:07] [DEBUG] Screen::areaView() finish.
[2026-07-25 03:16:09] [DEBUG] --- wwProject System Start ---
[2026-07-25 03:16:09] [DEBUG] Router::Router() /jemini/wwProjectV1.54/Develop/Console/ServerBridgeAction/
[2026-07-25 03:16:09] [DEBUG] Attempting to load: \Develop\Controllers\ConsoleController::ServerBridgeAction
[2026-07-25 03:16:09] [DEBUG] Router: Executing \Develop\Controllers\ConsoleController->ServerBridgeAction
[2026-07-25 03:16:09] [DEBUG] ConsoleController::ServerBridge() start...
[2026-07-25 03:16:09] [DEBUG] ConsoleController::ServerBridge() \Develop\Controllers\ProjectDefinitionController::projectDetailAction()
[2026-07-25 03:16:09] [DEBUG] ProjectDefinitionController::projectDetailAction() start...
[2026-07-25 03:16:09] [DEBUG] ProjectModel::getProjectById() start... ProjectID: PRJ-W613KU
[2026-07-25 03:16:09] [DEBUG] Screen::updateAreaE() [iframe起動版] path: \Develop\Views\AreaE\ProjectDefinition\ProjectDefinitionEdit.view start...
[2026-07-25 03:16:09] [DEBUG] Screen::getContents() start...
[2026-07-25 03:16:09] [DEBUG] Screen::getContents() finish.
[2026-07-25 03:16:09] [DEBUG] Screen::updateAreaE() finish.
[2026-07-25 03:16:09] [DEBUG] ProjectDefinitionController::projectDetailAction() finish.
[2026-07-25 03:16:09] [DEBUG] Screen::areaView() start...
[2026-07-25 03:16:09] [DEBUG] Screen::areaView() finish.
[2026-07-25 03:16:10] [DEBUG] --- wwProject System Start ---
[2026-07-25 03:16:10] [DEBUG] Router::Router() /jemini/wwProjectV1.54/Develop/Console/ServerBridgeAction/
[2026-07-25 03:16:10] [DEBUG] Attempting to load: \Develop\Controllers\ConsoleController::ServerBridgeAction
[2026-07-25 03:16:10] [DEBUG] Router: Executing \Develop\Controllers\ConsoleController->ServerBridgeAction
[2026-07-25 03:16:10] [DEBUG] ConsoleController::ServerBridge() start...
[2026-07-25 03:16:10] [DEBUG] ConsoleController::ServerBridge() \Develop\Controllers\ProjectDefinitionController::projectDetailAction()
[2026-07-25 03:16:10] [DEBUG] ProjectDefinitionController::projectDetailAction() start...
[2026-07-25 03:16:10] [DEBUG] ProjectModel::getProjectById() start... ProjectID: PRJ-E613KU
[2026-07-25 03:16:10] [DEBUG] Screen::updateAreaE() [iframe起動版] path: \Develop\Views\AreaE\ProjectDefinition\ProjectDefinitionEdit.view start...
[2026-07-25 03:16:10] [DEBUG] Screen::getContents() start...
[2026-07-25 03:16:10] [DEBUG] Screen::getContents() finish.
[2026-07-25 03:16:10] [DEBUG] Screen::updateAreaE() finish.
[2026-07-25 03:16:10] [DEBUG] ProjectDefinitionController::projectDetailAction() finish.
[2026-07-25 03:16:10] [DEBUG] Screen::areaView() start...
[2026-07-25 03:16:10] [DEBUG] Screen::areaView() finish.
[2026-07-25 03:16:12] [DEBUG] --- wwProject System Start ---
[2026-07-25 03:16:12] [DEBUG] Router::Router() /jemini/wwProjectV1.54/Develop/Console/ServerBridgeAction/
[2026-07-25 03:16:12] [DEBUG] Attempting to load: \Develop\Controllers\ConsoleController::ServerBridgeAction
[2026-07-25 03:16:12] [DEBUG] Router: Executing \Develop\Controllers\ConsoleController->ServerBridgeAction
[2026-07-25 03:16:12] [DEBUG] ConsoleController::ServerBridge() start...
[2026-07-25 03:16:12] [DEBUG] ConsoleController::ServerBridge() \Develop\Controllers\ProjectDefinitionController::projectDetailAction()
[2026-07-25 03:16:12] [DEBUG] ProjectDefinitionController::projectDetailAction() start...
[2026-07-25 03:16:12] [DEBUG] ProjectModel::getProjectById() start... ProjectID: PRJ-741CA7
[2026-07-25 03:16:12] [DEBUG] Screen::updateAreaE() [iframe起動版] path: \Develop\Views\AreaE\ProjectDefinition\ProjectDefinitionEdit.view start...
[2026-07-25 03:16:12] [DEBUG] Screen::getContents() start...
[2026-07-25 03:16:12] [DEBUG] Screen::getContents() finish.
[2026-07-25 03:16:12] [DEBUG] Screen::updateAreaE() finish.
[2026-07-25 03:16:12] [DEBUG] ProjectDefinitionController::projectDetailAction() finish.
[2026-07-25 03:16:12] [DEBUG] Screen::areaView() start...
[2026-07-25 03:16:12] [DEBUG] Screen::areaView() finish.
[2026-07-25 03:16:14] [DEBUG] --- wwProject System Start ---
[2026-07-25 03:16:14] [DEBUG] Router::Router() /jemini/wwProjectV1.54/Develop/Console/ServerBridgeAction/
[2026-07-25 03:16:14] [DEBUG] Attempting to load: \Develop\Controllers\ConsoleController::ServerBridgeAction
[2026-07-25 03:16:14] [DEBUG] Router: Executing \Develop\Controllers\ConsoleController->ServerBridgeAction
[2026-07-25 03:16:14] [DEBUG] ConsoleController::ServerBridge() start...
[2026-07-25 03:16:14] [DEBUG] ConsoleController::ServerBridge() \Develop\Controllers\ProjectDefinitionController::projectDetailAction()
[2026-07-25 03:16:14] [DEBUG] ProjectDefinitionController::projectDetailAction() start...
[2026-07-25 03:16:14] [DEBUG] ProjectModel::getProjectById() start... ProjectID: PRJ-D45FEF
[2026-07-25 03:16:14] [DEBUG] Screen::updateAreaE() [iframe起動版] path: \Develop\Views\AreaE\ProjectDefinition\ProjectDefinitionEdit.view start...
[2026-07-25 03:16:14] [DEBUG] Screen::getContents() start...
[2026-07-25 03:16:14] [DEBUG] Screen::getContents() finish.
[2026-07-25 03:16:14] [DEBUG] Screen::updateAreaE() finish.
[2026-07-25 03:16:14] [DEBUG] ProjectDefinitionController::projectDetailAction() finish.
[2026-07-25 03:16:14] [DEBUG] Screen::areaView() start...
[2026-07-25 03:16:14] [DEBUG] Screen::areaView() finish.
[2026-07-25 03:16:19] [DEBUG] --- wwProject System Start ---
[2026-07-25 03:16:19] [DEBUG] Router::Router() /jemini/wwProjectV1.54/Develop/Console/ServerBridgeAction/
[2026-07-25 03:16:19] [DEBUG] Attempting to load: \Develop\Controllers\ConsoleController::ServerBridgeAction
[2026-07-25 03:16:19] [DEBUG] Router: Executing \Develop\Controllers\ConsoleController->ServerBridgeAction
[2026-07-25 03:16:19] [DEBUG] ConsoleController::ServerBridge() start...
[2026-07-25 03:16:19] [DEBUG] ConsoleController::ServerBridge() \Develop\Controllers\ProjectDefinitionController::projectDetailAction()
[2026-07-25 03:16:19] [DEBUG] ProjectDefinitionController::projectDetailAction() start...
[2026-07-25 03:16:19] [DEBUG] ProjectModel::getProjectById() start... ProjectID: PRJ-D45FEF
[2026-07-25 03:16:19] [DEBUG] Screen::updateAreaE() [iframe起動版] path: \Develop\Views\AreaE\ProjectDefinition\ProjectDefinitionEdit.view start...
[2026-07-25 03:16:19] [DEBUG] Screen::getContents() start...
[2026-07-25 03:16:19] [DEBUG] Screen::getContents() finish.
[2026-07-25 03:16:19] [DEBUG] Screen::updateAreaE() finish.
[2026-07-25 03:16:19] [DEBUG] ProjectDefinitionController::projectDetailAction() finish.
[2026-07-25 03:16:19] [DEBUG] Screen::areaView() start...
[2026-07-25 03:16:19] [DEBUG] Screen::areaView() finish.
[2026-07-25 03:16:24] [DEBUG] --- wwProject System Start ---
[2026-07-25 03:16:24] [DEBUG] Router::Router() /jemini/wwProjectV1.54/Develop/Console/ServerBridgeAction/
[2026-07-25 03:16:24] [DEBUG] Attempting to load: \Develop\Controllers\ConsoleController::ServerBridgeAction
[2026-07-25 03:16:24] [DEBUG] Router: Executing \Develop\Controllers\ConsoleController->ServerBridgeAction
[2026-07-25 03:16:24] [DEBUG] ConsoleController::ServerBridge() start...
[2026-07-25 03:16:24] [DEBUG] ConsoleController::ServerBridge() \Develop\Controllers\ProjectDefinitionController::projectDetailAction()
[2026-07-25 03:16:24] [DEBUG] ProjectDefinitionController::projectDetailAction() start...
[2026-07-25 03:16:24] [DEBUG] ProjectModel::getProjectById() start... ProjectID: PRJ-D45FEF
[2026-07-25 03:16:24] [DEBUG] Screen::updateAreaE() [iframe起動版] path: \Develop\Views\AreaE\ProjectDefinition\ProjectDefinitionEdit.view start...
[2026-07-25 03:16:24] [DEBUG] Screen::getContents() start...
[2026-07-25 03:16:24] [DEBUG] Screen::getContents() finish.
[2026-07-25 03:16:24] [DEBUG] Screen::updateAreaE() finish.
[2026-07-25 03:16:24] [DEBUG] ProjectDefinitionController::projectDetailAction() finish.
[2026-07-25 03:16:24] [DEBUG] Screen::areaView() start...
[2026-07-25 03:16:24] [DEBUG] Screen::areaView() finish.
[2026-07-25 03:16:35] [DEBUG] --- wwProject System Start ---
[2026-07-25 03:16:35] [DEBUG] Router::Router() /jemini/wwProjectV1.54/Develop/Console/ServerBridgeAction/
[2026-07-25 03:16:35] [DEBUG] Attempting to load: \Develop\Controllers\ConsoleController::ServerBridgeAction
[2026-07-25 03:16:35] [DEBUG] Router: Executing \Develop\Controllers\ConsoleController->ServerBridgeAction
[2026-07-25 03:16:35] [DEBUG] ConsoleController::ServerBridge() start...
[2026-07-25 03:16:35] [DEBUG] ConsoleController::ServerBridge() \Develop\Controllers\DBDefinitionController::initialAction()
[2026-07-25 03:16:35] [DEBUG] DBDefinitionController::initialAction() start...
[2026-07-25 03:16:35] [DEBUG] DBDefinitionModel::getTableList() start...
[2026-07-25 03:16:35] [DEBUG] DBDefinitionModel::getTableList() finish. 取得件数: 5
[2026-07-25 03:16:35] [DEBUG] Screen::updateAreaD() path: \Develop\Views\AreaD\DBDefinition\DBDefinitionList.view start...
[2026-07-25 03:16:35] [DEBUG] Screen::getContents() start...
[2026-07-25 03:16:35] [DEBUG] Screen::getContents() finish.
[2026-07-25 03:16:35] [DEBUG] Screen::updateAreaD() finish.
[2026-07-25 03:16:35] [DEBUG] Screen::updateAreaE() [iframe起動版] path: \Develop\Views\AreaE\Area_E_clear.view start...
[2026-07-25 03:16:35] [DEBUG] Screen::getContents() start...
[2026-07-25 03:16:35] [DEBUG] Screen::getContents() finish.
[2026-07-25 03:16:35] [DEBUG] Screen::updateAreaE() finish.
[2026-07-25 03:16:35] [DEBUG] DBDefinitionController::initialAction() end.
[2026-07-25 03:16:35] [DEBUG] Screen::areaView() start...
[2026-07-25 03:16:35] [DEBUG] Screen::areaView() finish.
[2026-07-25 03:16:37] [DEBUG] --- wwProject System Start ---
[2026-07-25 03:16:37] [DEBUG] Router::Router() /jemini/wwProjectV1.54/Develop/Console/ServerBridgeAction/
[2026-07-25 03:16:37] [DEBUG] Attempting to load: \Develop\Controllers\ConsoleController::ServerBridgeAction
[2026-07-25 03:16:37] [DEBUG] Router: Executing \Develop\Controllers\ConsoleController->ServerBridgeAction
[2026-07-25 03:16:37] [DEBUG] ConsoleController::ServerBridge() start...
[2026-07-25 03:16:37] [DEBUG] ConsoleController::ServerBridge() \Develop\Controllers\DBDefinitionController::editTableAction()
[2026-07-25 03:16:37] [DEBUG] DBDefinitionController::editTableAction() start...
[2026-07-25 03:16:37] [DEBUG] DBDefinitionModel::getTableInfo() start... [Table: ApplicationAndParticipate]
[2026-07-25 03:16:37] [DEBUG] DBDefinitionModel::getSavedColumns() start... [TableID: 19]
[2026-07-25 03:16:37] [DEBUG] DBDefinitionModel::getTableList() start...
[2026-07-25 03:16:37] [DEBUG] DBDefinitionModel::getTableList() finish. 取得件数: 5
[2026-07-25 03:16:37] [DEBUG] DBDefinitionModel::getSavedColumns() start... [TableID: 13]
[2026-07-25 03:16:37] [DEBUG] DBDefinitionModel::getSavedColumns() start... [TableID: 19]
[2026-07-25 03:16:37] [DEBUG] DBDefinitionModel::getSavedColumns() start... [TableID: 14]
[2026-07-25 03:16:37] [DEBUG] DBDefinitionModel::getSavedColumns() start... [TableID: 12]
[2026-07-25 03:16:37] [DEBUG] DBDefinitionModel::getSavedColumns() start... [TableID: 15]
[2026-07-25 03:16:37] [DEBUG] Screen::updateAreaE() [iframe起動版] path: \Develop\Views\AreaE\DBDefinition\RegistTable.view start...
[2026-07-25 03:16:37] [DEBUG] Screen::getContents() start...
[2026-07-25 03:16:38] [DEBUG] Screen::getContents() finish.
[2026-07-25 03:16:38] [DEBUG] Screen::updateAreaE() finish.
[2026-07-25 03:16:38] [DEBUG] DBDefinitionController::editTableAction() finish.
[2026-07-25 03:16:38] [DEBUG] Screen::areaView() start...
[2026-07-25 03:16:38] [DEBUG] Screen::areaView() finish.
[2026-07-25 03:16:43] [DEBUG] --- wwProject System Start ---
[2026-07-25 03:16:43] [DEBUG] Router::Router() /jemini/wwProjectV1.54/Develop/Console/ServerBridgeAction/
[2026-07-25 03:16:43] [DEBUG] Attempting to load: \Develop\Controllers\ConsoleController::ServerBridgeAction
[2026-07-25 03:16:43] [DEBUG] Router: Executing \Develop\Controllers\ConsoleController->ServerBridgeAction
[2026-07-25 03:16:43] [DEBUG] ConsoleController::ServerBridge() start...
[2026-07-25 03:16:43] [DEBUG] ConsoleController::ServerBridge() \Develop\Controllers\DBDefinitionController::editTableAction()
[2026-07-25 03:16:43] [DEBUG] DBDefinitionController::editTableAction() start...
[2026-07-25 03:16:43] [DEBUG] DBDefinitionModel::getTableInfo() start... [Table: applicantmaster]
[2026-07-25 03:16:43] [DEBUG] DBDefinitionModel::getSavedColumns() start... [TableID: 13]
[2026-07-25 03:16:43] [DEBUG] DBDefinitionModel::getTableList() start...
[2026-07-25 03:16:43] [DEBUG] DBDefinitionModel::getTableList() finish. 取得件数: 5
[2026-07-25 03:16:43] [DEBUG] DBDefinitionModel::getSavedColumns() start... [TableID: 13]
[2026-07-25 03:16:43] [DEBUG] DBDefinitionModel::getSavedColumns() start... [TableID: 19]
[2026-07-25 03:16:43] [DEBUG] DBDefinitionModel::getSavedColumns() start... [TableID: 14]
[2026-07-25 03:16:43] [DEBUG] DBDefinitionModel::getSavedColumns() start... [TableID: 12]
[2026-07-25 03:16:43] [DEBUG] DBDefinitionModel::getSavedColumns() start... [TableID: 15]
[2026-07-25 03:16:43] [DEBUG] Screen::updateAreaE() [iframe起動版] path: \Develop\Views\AreaE\DBDefinition\RegistTable.view start...
[2026-07-25 03:16:43] [DEBUG] Screen::getContents() start...
[2026-07-25 03:16:43] [DEBUG] Screen::getContents() finish.
[2026-07-25 03:16:43] [DEBUG] Screen::updateAreaE() finish.
[2026-07-25 03:16:43] [DEBUG] DBDefinitionController::editTableAction() finish.
[2026-07-25 03:16:43] [DEBUG] Screen::areaView() start...
[2026-07-25 03:16:43] [DEBUG] Screen::areaView() finish.
[2026-07-25 03:18:11] [DEBUG] --- wwProject System Start ---
[2026-07-25 03:18:11] [DEBUG] Router::Router() /jemini/wwProjectV1.54/Develop/Console/ServerBridgeAction/
[2026-07-25 03:18:11] [DEBUG] Attempting to load: \Develop\Controllers\ConsoleController::ServerBridgeAction
[2026-07-25 03:18:11] [DEBUG] Router: Executing \Develop\Controllers\ConsoleController->ServerBridgeAction
[2026-07-25 03:18:11] [DEBUG] ConsoleController::ServerBridge() start...
[2026-07-25 03:18:11] [DEBUG] ConsoleController::ServerBridge() \Develop\Controllers\PartsDefinitionController::InitialAction()
[2026-07-25 03:18:11] [DEBUG] DBDefinitionController::initialAction() start...
[2026-07-25 03:18:11] [DEBUG] PartsDefinitionController::initialAction() projectId : PRJ-D45FEF
[2026-07-25 03:18:11] [DEBUG] PartsDefinitionModel::getAllPartsList() start... Project ID: PRJ-D45FEF
[2026-07-25 03:18:11] [DEBUG] Screen::updateAreaD() path: \Develop\Views\AreaD\PartsDefinition\PartsDefinitionList.view start...
[2026-07-25 03:18:11] [DEBUG] Screen::getContents() start...
[2026-07-25 03:18:11] [DEBUG] Screen::getContents() finish.
[2026-07-25 03:18:11] [DEBUG] Screen::updateAreaD() finish.
[2026-07-25 03:18:11] [DEBUG] Screen::updateAreaE() [iframe起動版] path: \Develop\Views\AreaE\Area_E_clear.view start...
[2026-07-25 03:18:11] [DEBUG] Screen::getContents() start...
[2026-07-25 03:18:11] [DEBUG] Screen::getContents() finish.
[2026-07-25 03:18:11] [DEBUG] Screen::updateAreaE() finish.
[2026-07-25 03:18:11] [DEBUG] DBDefinitionController::initialAction() end.
[2026-07-25 03:18:11] [DEBUG] Screen::areaView() start...
[2026-07-25 03:18:11] [DEBUG] Screen::areaView() finish.
[2026-07-25 03:18:12] [DEBUG] --- wwProject System Start ---
[2026-07-25 03:18:12] [DEBUG] Router::Router() /jemini/wwProjectV1.54/Develop/Console/ServerBridgeAction/
[2026-07-25 03:18:12] [DEBUG] Attempting to load: \Develop\Controllers\ConsoleController::ServerBridgeAction
[2026-07-25 03:18:12] [DEBUG] Router: Executing \Develop\Controllers\ConsoleController->ServerBridgeAction
[2026-07-25 03:18:12] [DEBUG] ConsoleController::ServerBridge() start...
[2026-07-25 03:18:12] [DEBUG] ConsoleController::ServerBridge() \Develop\Controllers\PartsDefinitionController::editPartsAction()
[2026-07-25 03:18:12] [DEBUG] PartsDefinitionController::editPartsAction() start...
[2026-07-25 03:18:12] [DEBUG] PartsDefinitionModel::getAllPartsList() start... Project ID: PRJ-D45FEF
[2026-07-25 03:18:12] [DEBUG] PartsDefinitionModel::getTableStructure() start... Project ID: PRJ-D45FEF
[2026-07-25 03:18:12] [DEBUG] Screen::updateAreaE() [iframe起動版] path: \Develop\Views\AreaE\PartsDefinition\RegistParts.view start...
[2026-07-25 03:18:12] [DEBUG] Screen::getContents() start...
[2026-07-25 03:18:12] [DEBUG] Screen::getContents() finish.
[2026-07-25 03:18:12] [DEBUG] Screen::updateAreaE() finish.
[2026-07-25 03:18:12] [DEBUG] PartsDefinitionController::editPartsAction() end.
[2026-07-25 03:18:12] [DEBUG] Screen::areaView() start...
[2026-07-25 03:18:12] [DEBUG] Screen::areaView() finish.
[2026-07-25 03:18:13] [DEBUG] --- wwProject System Start ---
[2026-07-25 03:18:13] [DEBUG] Router::Router() /jemini/wwProjectV1.54/Develop/Console/ServerBridgeAction/
[2026-07-25 03:18:13] [DEBUG] Attempting to load: \Develop\Controllers\ConsoleController::ServerBridgeAction
[2026-07-25 03:18:13] [DEBUG] Router: Executing \Develop\Controllers\ConsoleController->ServerBridgeAction
[2026-07-25 03:18:13] [DEBUG] ConsoleController::ServerBridge() start...
[2026-07-25 03:18:13] [DEBUG] ConsoleController::ServerBridge() \Develop\Controllers\PartsDefinitionController::editPartsAction()
[2026-07-25 03:18:13] [DEBUG] PartsDefinitionController::editPartsAction() start...
[2026-07-25 03:18:13] [DEBUG] PartsDefinitionModel::getAllPartsList() start... Project ID: PRJ-D45FEF
[2026-07-25 03:18:13] [DEBUG] PartsDefinitionModel::getColumnsByTableId() start... Input: applicantmaster
[2026-07-25 03:18:13] [DEBUG] 逆引き成功: 物理名 applicantmaster -> table_id : 13
[2026-07-25 03:18:13] [DEBUG] PartsDefinitionModel::getColumnsByTableId() finish. 件数: 19
[2026-07-25 03:18:13] [DEBUG] PartsDefinitionModel::getTableStructure() start... Project ID: PRJ-D45FEF
[2026-07-25 03:18:13] [DEBUG] Screen::updateAreaE() [iframe起動版] path: \Develop\Views\AreaE\PartsDefinition\RegistParts.view start...
[2026-07-25 03:18:13] [DEBUG] Screen::getContents() start...
[2026-07-25 03:18:13] [DEBUG] Screen::getContents() finish.
[2026-07-25 03:18:13] [DEBUG] Screen::updateAreaE() finish.
[2026-07-25 03:18:13] [DEBUG] PartsDefinitionController::editPartsAction() end.
[2026-07-25 03:18:13] [DEBUG] Screen::areaView() start...
[2026-07-25 03:18:13] [DEBUG] Screen::areaView() finish.
[2026-07-25 03:18:14] [DEBUG] --- wwProject System Start ---
[2026-07-25 03:18:14] [DEBUG] Router::Router() /jemini/wwProjectV1.54/Develop/Console/ServerBridgeAction/
[2026-07-25 03:18:14] [DEBUG] Attempting to load: \Develop\Controllers\ConsoleController::ServerBridgeAction
[2026-07-25 03:18:14] [DEBUG] Router: Executing \Develop\Controllers\ConsoleController->ServerBridgeAction
[2026-07-25 03:18:14] [DEBUG] ConsoleController::ServerBridge() start...
[2026-07-25 03:18:14] [DEBUG] ConsoleController::ServerBridge() \Develop\Controllers\PartsDefinitionController::editPartsAction()
[2026-07-25 03:18:14] [DEBUG] PartsDefinitionController::editPartsAction() start...
[2026-07-25 03:18:14] [DEBUG] PartsDefinitionModel::getAllPartsList() start... Project ID: PRJ-D45FEF
[2026-07-25 03:18:14] [DEBUG] PartsDefinitionModel::getTableStructure() start... Project ID: PRJ-D45FEF
[2026-07-25 03:18:14] [DEBUG] Screen::updateAreaE() [iframe起動版] path: \Develop\Views\AreaE\PartsDefinition\RegistParts.view start...
[2026-07-25 03:18:14] [DEBUG] Screen::getContents() start...
[2026-07-25 03:18:14] [DEBUG] Screen::getContents() finish.
[2026-07-25 03:18:14] [DEBUG] Screen::updateAreaE() finish.
[2026-07-25 03:18:14] [DEBUG] PartsDefinitionController::editPartsAction() end.
[2026-07-25 03:18:14] [DEBUG] Screen::areaView() start...
[2026-07-25 03:18:14] [DEBUG] Screen::areaView() finish.
[2026-07-25 03:18:15] [DEBUG] --- wwProject System Start ---
[2026-07-25 03:18:15] [DEBUG] Router::Router() /jemini/wwProjectV1.54/Develop/Console/ServerBridgeAction/
[2026-07-25 03:18:15] [DEBUG] Attempting to load: \Develop\Controllers\ConsoleController::ServerBridgeAction
[2026-07-25 03:18:15] [DEBUG] Router: Executing \Develop\Controllers\ConsoleController->ServerBridgeAction
[2026-07-25 03:18:15] [DEBUG] ConsoleController::ServerBridge() start...
[2026-07-25 03:18:15] [DEBUG] ConsoleController::ServerBridge() \Develop\Controllers\PartsDefinitionController::editPartsAction()
[2026-07-25 03:18:15] [DEBUG] PartsDefinitionController::editPartsAction() start...
[2026-07-25 03:18:15] [DEBUG] PartsDefinitionModel::getAllPartsList() start... Project ID: PRJ-D45FEF
[2026-07-25 03:18:15] [DEBUG] PartsDefinitionModel::getTableStructure() start... Project ID: PRJ-D45FEF
[2026-07-25 03:18:15] [DEBUG] Screen::updateAreaE() [iframe起動版] path: \Develop\Views\AreaE\PartsDefinition\RegistParts.view start...
[2026-07-25 03:18:15] [DEBUG] Screen::getContents() start...
[2026-07-25 03:18:15] [DEBUG] Screen::getContents() finish.
[2026-07-25 03:18:15] [DEBUG] Screen::updateAreaE() finish.
[2026-07-25 03:18:15] [DEBUG] PartsDefinitionController::editPartsAction() end.
[2026-07-25 03:18:15] [DEBUG] Screen::areaView() start...
[2026-07-25 03:18:15] [DEBUG] Screen::areaView() finish.
[2026-07-25 03:18:16] [DEBUG] --- wwProject System Start ---
[2026-07-25 03:18:16] [DEBUG] Router::Router() /jemini/wwProjectV1.54/Develop/Console/ServerBridgeAction/
[2026-07-25 03:18:16] [DEBUG] Attempting to load: \Develop\Controllers\ConsoleController::ServerBridgeAction
[2026-07-25 03:18:16] [DEBUG] Router: Executing \Develop\Controllers\ConsoleController->ServerBridgeAction
[2026-07-25 03:18:16] [DEBUG] ConsoleController::ServerBridge() start...
[2026-07-25 03:18:16] [DEBUG] ConsoleController::ServerBridge() \Develop\Controllers\PartsDefinitionController::editPartsAction()
[2026-07-25 03:18:16] [DEBUG] PartsDefinitionController::editPartsAction() start...
[2026-07-25 03:18:16] [DEBUG] PartsDefinitionModel::getAllPartsList() start... Project ID: PRJ-D45FEF
[2026-07-25 03:18:16] [DEBUG] PartsDefinitionModel::getColumnsByTableId() start... Input: developers
[2026-07-25 03:18:16] [DEBUG] 逆引き成功: 物理名 developers -> table_id : 14
[2026-07-25 03:18:16] [DEBUG] PartsDefinitionModel::getColumnsByTableId() finish. 件数: 9
[2026-07-25 03:18:16] [DEBUG] PartsDefinitionModel::getTableStructure() start... Project ID: PRJ-D45FEF
[2026-07-25 03:18:16] [DEBUG] Screen::updateAreaE() [iframe起動版] path: \Develop\Views\AreaE\PartsDefinition\RegistParts.view start...
[2026-07-25 03:18:16] [DEBUG] Screen::getContents() start...
[2026-07-25 03:18:16] [DEBUG] Screen::getContents() finish.
[2026-07-25 03:18:16] [DEBUG] Screen::updateAreaE() finish.
[2026-07-25 03:18:16] [DEBUG] PartsDefinitionController::editPartsAction() end.
[2026-07-25 03:18:16] [DEBUG] Screen::areaView() start...
[2026-07-25 03:18:16] [DEBUG] Screen::areaView() finish.
[2026-07-25 03:18:17] [DEBUG] --- wwProject System Start ---
[2026-07-25 03:18:17] [DEBUG] Router::Router() /jemini/wwProjectV1.54/Develop/Console/ServerBridgeAction/
[2026-07-25 03:18:17] [DEBUG] Attempting to load: \Develop\Controllers\ConsoleController::ServerBridgeAction
[2026-07-25 03:18:17] [DEBUG] Router: Executing \Develop\Controllers\ConsoleController->ServerBridgeAction
[2026-07-25 03:18:17] [DEBUG] ConsoleController::ServerBridge() start...
[2026-07-25 03:18:17] [DEBUG] ConsoleController::ServerBridge() \Develop\Controllers\PartsDefinitionController::editPartsAction()
[2026-07-25 03:18:17] [DEBUG] PartsDefinitionController::editPartsAction() start...
[2026-07-25 03:18:17] [DEBUG] PartsDefinitionModel::getAllPartsList() start... Project ID: PRJ-D45FEF
[2026-07-25 03:18:17] [DEBUG] PartsDefinitionModel::getColumnsByTableId() start... Input: applicantmaster
[2026-07-25 03:18:17] [DEBUG] 逆引き成功: 物理名 applicantmaster -> table_id : 13
[2026-07-25 03:18:17] [DEBUG] PartsDefinitionModel::getColumnsByTableId() finish. 件数: 19
[2026-07-25 03:18:17] [DEBUG] PartsDefinitionModel::getTableStructure() start... Project ID: PRJ-D45FEF
[2026-07-25 03:18:17] [DEBUG] Screen::updateAreaE() [iframe起動版] path: \Develop\Views\AreaE\PartsDefinition\RegistParts.view start...
[2026-07-25 03:18:17] [DEBUG] Screen::getContents() start...
[2026-07-25 03:18:17] [DEBUG] Screen::getContents() finish.
[2026-07-25 03:18:17] [DEBUG] Screen::updateAreaE() finish.
[2026-07-25 03:18:17] [DEBUG] PartsDefinitionController::editPartsAction() end.
[2026-07-25 03:18:17] [DEBUG] Screen::areaView() start...
[2026-07-25 03:18:17] [DEBUG] Screen::areaView() finish.
[2026-07-25 03:18:18] [DEBUG] --- wwProject System Start ---
[2026-07-25 03:18:18] [DEBUG] Router::Router() /jemini/wwProjectV1.54/Develop/Console/ServerBridgeAction/
[2026-07-25 03:18:18] [DEBUG] Attempting to load: \Develop\Controllers\ConsoleController::ServerBridgeAction
[2026-07-25 03:18:18] [DEBUG] Router: Executing \Develop\Controllers\ConsoleController->ServerBridgeAction
[2026-07-25 03:18:18] [DEBUG] ConsoleController::ServerBridge() start...
[2026-07-25 03:18:18] [DEBUG] ConsoleController::ServerBridge() \Develop\Controllers\PartsDefinitionController::editPartsAction()
[2026-07-25 03:18:18] [DEBUG] PartsDefinitionController::editPartsAction() start...
[2026-07-25 03:18:18] [DEBUG] PartsDefinitionModel::getAllPartsList() start... Project ID: PRJ-D45FEF
[2026-07-25 03:18:18] [DEBUG] PartsDefinitionModel::getColumnsByTableId() start... Input: developers
[2026-07-25 03:18:18] [DEBUG] 逆引き成功: 物理名 developers -> table_id : 14
[2026-07-25 03:18:18] [DEBUG] PartsDefinitionModel::getColumnsByTableId() finish. 件数: 9
[2026-07-25 03:18:18] [DEBUG] PartsDefinitionModel::getTableStructure() start... Project ID: PRJ-D45FEF
[2026-07-25 03:18:18] [DEBUG] Screen::updateAreaE() [iframe起動版] path: \Develop\Views\AreaE\PartsDefinition\RegistParts.view start...
[2026-07-25 03:18:18] [DEBUG] Screen::getContents() start...
[2026-07-25 03:18:18] [DEBUG] Screen::getContents() finish.
[2026-07-25 03:18:18] [DEBUG] Screen::updateAreaE() finish.
[2026-07-25 03:18:18] [DEBUG] PartsDefinitionController::editPartsAction() end.
[2026-07-25 03:18:18] [DEBUG] Screen::areaView() start...
[2026-07-25 03:18:18] [DEBUG] Screen::areaView() finish.
[2026-07-25 03:18:22] [DEBUG] --- wwProject System Start ---
[2026-07-25 03:18:22] [DEBUG] Router::Router() /jemini/wwProjectV1.54/Develop/Console/ServerBridgeAction/
[2026-07-25 03:18:22] [DEBUG] Attempting to load: \Develop\Controllers\ConsoleController::ServerBridgeAction
[2026-07-25 03:18:22] [DEBUG] Router: Executing \Develop\Controllers\ConsoleController->ServerBridgeAction
[2026-07-25 03:18:22] [DEBUG] ConsoleController::ServerBridge() start...
[2026-07-25 03:18:22] [DEBUG] ConsoleController::ServerBridge() \Develop\Controllers\ScreenDefinitionController::initialAction()
[2026-07-25 03:18:22] [DEBUG] PartsDefinitionController::initialAction() start...
[2026-07-25 03:18:22] [DEBUG] PartsDefinitionController::initialAction() projectId : PRJ-D45FEF
[2026-07-25 03:18:22] [DEBUG] PartsDefinitionModel::getAllPartsList() start... Project ID: PRJ-D45FEF
[2026-07-25 03:18:22] [DEBUG] PartsDefinitionModel::getAllPartsList() １
[2026-07-25 03:18:22] [ERROR] PartsDefinitionModel::getAllPartsList エラー: SQLSTATE[42S02]: Base table or view not found: 1146 Table 'db_develop.m_parts' doesn't exist
[2026-07-25 03:18:22] [DEBUG] Screen::updateAreaD() path: \Develop\Views\AreaD\PartsDefinition\PartsDefinitionList.view start...
[2026-07-25 03:18:22] [DEBUG] Screen::getContents() start...
[2026-07-25 03:18:22] [DEBUG] Screen::getContents() finish.
[2026-07-25 03:18:22] [DEBUG] Screen::updateAreaD() finish.
[2026-07-25 03:18:22] [DEBUG] Screen::updateAreaE() [iframe起動版] path: \Develop\Views\AreaE\Area_E_clear.view start...
[2026-07-25 03:18:22] [DEBUG] Screen::getContents() start...
[2026-07-25 03:18:22] [DEBUG] Screen::getContents() finish.
[2026-07-25 03:18:22] [DEBUG] Screen::updateAreaE() finish.
[2026-07-25 03:18:22] [DEBUG] PartsDefinitionController::initialAction() end.
[2026-07-25 03:18:22] [DEBUG] Screen::areaView() start...
[2026-07-25 03:18:22] [DEBUG] Screen::areaView() finish.
[2026-07-25 03:25:36] [DEBUG] --- wwProject System Start ---
[2026-07-25 03:25:36] [DEBUG] Router::Router() /jemini/wwProjectV1.54/Develop/Console/ServerBridgeAction/
[2026-07-25 03:25:36] [DEBUG] Attempting to load: \Develop\Controllers\ConsoleController::ServerBridgeAction
[2026-07-25 03:25:36] [DEBUG] Router: Executing \Develop\Controllers\ConsoleController->ServerBridgeAction
[2026-07-25 03:25:36] [DEBUG] ConsoleController::ServerBridge() start...
[2026-07-25 03:25:36] [DEBUG] ConsoleController::ServerBridge() \Develop\Controllers\PartsDefinitionController::InitialAction()
[2026-07-25 03:25:36] [DEBUG] DBDefinitionController::initialAction() start...
[2026-07-25 03:25:36] [DEBUG] PartsDefinitionController::initialAction() projectId : PRJ-D45FEF
[2026-07-25 03:25:36] [DEBUG] PartsDefinitionModel::getAllPartsList() start... Project ID: PRJ-D45FEF
[2026-07-25 03:25:36] [DEBUG] Screen::updateAreaD() path: \Develop\Views\AreaD\PartsDefinition\PartsDefinitionList.view start...
[2026-07-25 03:25:36] [DEBUG] Screen::getContents() start...
[2026-07-25 03:25:36] [DEBUG] Screen::getContents() finish.
[2026-07-25 03:25:36] [DEBUG] Screen::updateAreaD() finish.
[2026-07-25 03:25:36] [DEBUG] Screen::updateAreaE() [iframe起動版] path: \Develop\Views\AreaE\Area_E_clear.view start...
[2026-07-25 03:25:36] [DEBUG] Screen::getContents() start...
[2026-07-25 03:25:36] [DEBUG] Screen::getContents() finish.
[2026-07-25 03:25:36] [DEBUG] Screen::updateAreaE() finish.
[2026-07-25 03:25:36] [DEBUG] DBDefinitionController::initialAction() end.
[2026-07-25 03:25:36] [DEBUG] Screen::areaView() start...
[2026-07-25 03:25:36] [DEBUG] Screen::areaView() finish.
[2026-07-25 03:25:38] [DEBUG] --- wwProject System Start ---
[2026-07-25 03:25:38] [DEBUG] Router::Router() /jemini/wwProjectV1.54/Develop/Console/ServerBridgeAction/
[2026-07-25 03:25:38] [DEBUG] Attempting to load: \Develop\Controllers\ConsoleController::ServerBridgeAction
[2026-07-25 03:25:38] [DEBUG] Router: Executing \Develop\Controllers\ConsoleController->ServerBridgeAction
[2026-07-25 03:25:38] [DEBUG] ConsoleController::ServerBridge() start...
[2026-07-25 03:25:38] [DEBUG] ConsoleController::ServerBridge() \Develop\Controllers\NavigationDefinitionController::initialAction()
[2026-07-25 03:25:38] [DEBUG] DBDefinitionController::initialAction() start...
[2026-07-25 03:25:38] [DEBUG] Screen::updateAreaD() path: \Develop\Views\AreaD\NavigationDefinition\NavigationDefinitionList.view start...
[2026-07-25 03:25:38] [DEBUG] Screen::getContents() start...
[2026-07-25 03:25:38] [DEBUG] Screen::getContents() finish.
[2026-07-25 03:25:38] [DEBUG] Screen::updateAreaD() finish.
[2026-07-25 03:25:38] [DEBUG] DBDefinitionController::initialAction() end.
[2026-07-25 03:25:38] [DEBUG] Screen::areaView() start...
[2026-07-25 03:25:38] [DEBUG] Screen::areaView() finish.
[2026-07-25 03:25:39] [DEBUG] --- wwProject System Start ---
[2026-07-25 03:25:39] [DEBUG] Router::Router() /jemini/wwProjectV1.54/Develop/Console/ServerBridgeAction/
[2026-07-25 03:25:39] [DEBUG] Attempting to load: \Develop\Controllers\ConsoleController::ServerBridgeAction
[2026-07-25 03:25:39] [DEBUG] Router: Executing \Develop\Controllers\ConsoleController->ServerBridgeAction
[2026-07-25 03:25:39] [DEBUG] ConsoleController::ServerBridge() start...
[2026-07-25 03:25:39] [DEBUG] ConsoleController::ServerBridge() \Develop\Controllers\DBDefinitionController::initialAction()
[2026-07-25 03:25:39] [DEBUG] DBDefinitionController::initialAction() start...
[2026-07-25 03:25:39] [DEBUG] DBDefinitionModel::getTableList() start...
[2026-07-25 03:25:39] [DEBUG] DBDefinitionModel::getTableList() finish. 取得件数: 5
[2026-07-25 03:25:39] [DEBUG] Screen::updateAreaD() path: \Develop\Views\AreaD\DBDefinition\DBDefinitionList.view start...
[2026-07-25 03:25:39] [DEBUG] Screen::getContents() start...
[2026-07-25 03:25:39] [DEBUG] Screen::getContents() finish.
[2026-07-25 03:25:39] [DEBUG] Screen::updateAreaD() finish.
[2026-07-25 03:25:39] [DEBUG] Screen::updateAreaE() [iframe起動版] path: \Develop\Views\AreaE\Area_E_clear.view start...
[2026-07-25 03:25:39] [DEBUG] Screen::getContents() start...
[2026-07-25 03:25:39] [DEBUG] Screen::getContents() finish.
[2026-07-25 03:25:39] [DEBUG] Screen::updateAreaE() finish.
[2026-07-25 03:25:39] [DEBUG] DBDefinitionController::initialAction() end.
[2026-07-25 03:25:39] [DEBUG] Screen::areaView() start...
[2026-07-25 03:25:39] [DEBUG] Screen::areaView() finish.
[2026-07-25 03:25:40] [DEBUG] --- wwProject System Start ---
[2026-07-25 03:25:41] [DEBUG] Router::Router() /jemini/wwProjectV1.54/Develop/Console/ServerBridgeAction/
[2026-07-25 03:25:41] [DEBUG] Attempting to load: \Develop\Controllers\ConsoleController::ServerBridgeAction
[2026-07-25 03:25:41] [DEBUG] Router: Executing \Develop\Controllers\ConsoleController->ServerBridgeAction
[2026-07-25 03:25:41] [DEBUG] ConsoleController::ServerBridge() start...
[2026-07-25 03:25:41] [DEBUG] ConsoleController::ServerBridge() \Develop\Controllers\ProjectDefinitionController::initialAction()
[2026-07-25 03:25:41] [DEBUG] ProjectDefinitionController::initialAction() start...
[2026-07-25 03:25:41] [DEBUG] ProjectModel::getProjectList() start...
[2026-07-25 03:25:41] [DEBUG] ProjectModel::getProjectList() finish.
[2026-07-25 03:25:41] [DEBUG] Screen::updateAreaD() path: \Develop\Views\AreaD\ProjectDefinition\ProjectDefinitionList.view start...
[2026-07-25 03:25:41] [DEBUG] Screen::getContents() start...
[2026-07-25 03:25:41] [DEBUG] Screen::getContents() finish.
[2026-07-25 03:25:41] [DEBUG] Screen::updateAreaD() finish.
[2026-07-25 03:25:41] [DEBUG] ProjectDefinitionController::initialAction() finish.
[2026-07-25 03:25:41] [DEBUG] Screen::areaView() start...
[2026-07-25 03:25:41] [DEBUG] Screen::areaView() finish.
[2026-07-25 03:25:43] [DEBUG] --- wwProject System Start ---
[2026-07-25 03:25:43] [DEBUG] Router::Router() /jemini/wwProjectV1.54/Develop/Console/ServerBridgeAction/
[2026-07-25 03:25:43] [DEBUG] Attempting to load: \Develop\Controllers\ConsoleController::ServerBridgeAction
[2026-07-25 03:25:43] [DEBUG] Router: Executing \Develop\Controllers\ConsoleController->ServerBridgeAction
[2026-07-25 03:25:43] [DEBUG] ConsoleController::ServerBridge() start...
[2026-07-25 03:25:43] [DEBUG] ConsoleController::ServerBridge() \Develop\Controllers\PartsDefinitionController::InitialAction()
[2026-07-25 03:25:43] [DEBUG] DBDefinitionController::initialAction() start...
[2026-07-25 03:25:43] [DEBUG] PartsDefinitionController::initialAction() projectId : PRJ-D45FEF
[2026-07-25 03:25:43] [DEBUG] PartsDefinitionModel::getAllPartsList() start... Project ID: PRJ-D45FEF
[2026-07-25 03:25:43] [DEBUG] Screen::updateAreaD() path: \Develop\Views\AreaD\PartsDefinition\PartsDefinitionList.view start...
[2026-07-25 03:25:43] [DEBUG] Screen::getContents() start...
[2026-07-25 03:25:43] [DEBUG] Screen::getContents() finish.
[2026-07-25 03:25:43] [DEBUG] Screen::updateAreaD() finish.
[2026-07-25 03:25:43] [DEBUG] Screen::updateAreaE() [iframe起動版] path: \Develop\Views\AreaE\Area_E_clear.view start...
[2026-07-25 03:25:43] [DEBUG] Screen::getContents() start...
[2026-07-25 03:25:43] [DEBUG] Screen::getContents() finish.
[2026-07-25 03:25:43] [DEBUG] Screen::updateAreaE() finish.
[2026-07-25 03:25:43] [DEBUG] DBDefinitionController::initialAction() end.
[2026-07-25 03:25:43] [DEBUG] Screen::areaView() start...
[2026-07-25 03:25:43] [DEBUG] Screen::areaView() finish.
[2026-07-25 03:26:55] [DEBUG] --- wwProject System Start ---
[2026-07-25 03:26:55] [DEBUG] Router::Router() /jemini/wwProjectV1.54/Develop/Console/ServerBridgeAction/
[2026-07-25 03:26:55] [DEBUG] Attempting to load: \Develop\Controllers\ConsoleController::ServerBridgeAction
[2026-07-25 03:26:55] [DEBUG] Router: Executing \Develop\Controllers\ConsoleController->ServerBridgeAction
[2026-07-25 03:26:55] [DEBUG] ConsoleController::ServerBridge() start...
[2026-07-25 03:26:55] [DEBUG] ConsoleController::ServerBridge() \Develop\Controllers\PartsDefinitionController::editPartsAction()
[2026-07-25 03:26:55] [DEBUG] PartsDefinitionController::editPartsAction() start...
[2026-07-25 03:26:55] [DEBUG] PartsDefinitionModel::getAllPartsList() start... Project ID: PRJ-D45FEF
[2026-07-25 03:26:55] [DEBUG] PartsDefinitionModel::getTableStructure() start... Project ID: PRJ-D45FEF
[2026-07-25 03:26:55] [DEBUG] Screen::updateAreaE() [iframe起動版] path: \Develop\Views\AreaE\PartsDefinition\RegistParts.view start...
[2026-07-25 03:26:55] [DEBUG] Screen::getContents() start...
[2026-07-25 03:26:55] [DEBUG] Screen::getContents() finish.
[2026-07-25 03:26:55] [DEBUG] Screen::updateAreaE() finish.
[2026-07-25 03:26:55] [DEBUG] PartsDefinitionController::editPartsAction() end.
[2026-07-25 03:26:55] [DEBUG] Screen::areaView() start...
[2026-07-25 03:26:55] [DEBUG] Screen::areaView() finish.
[2026-07-25 03:27:06] [DEBUG] --- wwProject System Start ---
[2026-07-25 03:27:06] [DEBUG] Router::Router() /jemini/wwProjectV1.54/Develop/Console/ServerBridgeAction/
[2026-07-25 03:27:06] [DEBUG] Attempting to load: \Develop\Controllers\ConsoleController::ServerBridgeAction
[2026-07-25 03:27:06] [DEBUG] Router: Executing \Develop\Controllers\ConsoleController->ServerBridgeAction
[2026-07-25 03:27:06] [DEBUG] ConsoleController::ServerBridge() start...
[2026-07-25 03:27:06] [DEBUG] ConsoleController::ServerBridge() \Develop\Controllers\PartsDefinitionController::editPartsAction()
[2026-07-25 03:27:06] [DEBUG] PartsDefinitionController::editPartsAction() start...
[2026-07-25 03:27:06] [DEBUG] PartsDefinitionModel::getAllPartsList() start... Project ID: PRJ-D45FEF
[2026-07-25 03:27:06] [DEBUG] PartsDefinitionModel::getTableStructure() start... Project ID: PRJ-D45FEF
[2026-07-25 03:27:06] [DEBUG] Screen::updateAreaE() [iframe起動版] path: \Develop\Views\AreaE\PartsDefinition\RegistParts.view start...
[2026-07-25 03:27:06] [DEBUG] Screen::getContents() start...
[2026-07-25 03:27:06] [DEBUG] Screen::getContents() finish.
[2026-07-25 03:27:06] [DEBUG] Screen::updateAreaE() finish.
[2026-07-25 03:27:06] [DEBUG] PartsDefinitionController::editPartsAction() end.
[2026-07-25 03:27:06] [DEBUG] Screen::areaView() start...
[2026-07-25 03:27:06] [DEBUG] Screen::areaView() finish.
[2026-07-25 03:27:19] [DEBUG] --- wwProject System Start ---
[2026-07-25 03:27:19] [DEBUG] Router::Router() /jemini/wwProjectV1.54/Develop/Console/ServerBridgeAction/
[2026-07-25 03:27:19] [DEBUG] Attempting to load: \Develop\Controllers\ConsoleController::ServerBridgeAction
[2026-07-25 03:27:19] [DEBUG] Router: Executing \Develop\Controllers\ConsoleController->ServerBridgeAction
[2026-07-25 03:27:19] [DEBUG] ConsoleController::ServerBridge() start...
[2026-07-25 03:27:19] [DEBUG] ConsoleController::ServerBridge() \Develop\Controllers\PartsDefinitionController::saveAction()
[2026-07-25 03:27:19] [DEBUG] PartsDefinitionController::saveAction() start...
[2026-07-25 03:27:19] [DEBUG] 🔍送信されたPOSTデータ: {"code":"PartsDefinition\/save","parts_id":"25","parts_name":"９９９９","parts_description":"９９９９","parts_type":"Text Confirm","table_name":"","preview_title":"９９９９","input_rows":"5","display_label":"","column_filter":"","contents":"","checked_columns_json":"[]","input_style":"[]"}
[2026-07-25 03:27:19] [DEBUG] PartsDefinitionModel::saveParts() start... Project ID: PRJ-D45FEF, Parts ID: 25
[2026-07-25 03:27:19] [DEBUG] PartsDefinitionModel::saveParts() 保存するchecked_columns_jsonの値: [[]]
[2026-07-25 03:27:19] [DEBUG] PartsDefinitionModel::saveParts() search_area : 
[2026-07-25 03:27:19] [DEBUG] PartsDefinitionModel::saveParts() detail_button : 
[2026-07-25 03:27:19] [DEBUG] PartsDefinitionModel::saveParts() UPDATE m_screenparts SET
                            parts_name = :parts_name,
                            parts_description = :parts_description,
                            parts_type = :parts_type,
                            table_name = :table_name,
                            display_label = :display_label,
                            preview_title = :preview_title,
                            column_filter = :column_filter,
                            input_rows = :input_rows,
                            checked_columns_json = :checked_columns_json,
                            input_style = :input_style,
                            contents = :contents,
                            style_condition = :style_condition,
                            style_column = :style_column,
                            search_area = :search_area,
                            detail_button = :detail_button
                        WHERE
                            project_id = :project_id AND parts_id = :parts_id
[2026-07-25 03:27:19] [DEBUG] PartsDefinitionModel::saveParts() UPDATEを実行します。Parts ID: 25
[2026-07-25 03:27:19] [DEBUG] PartsDefinitionModel::getAllPartsList() start... Project ID: PRJ-D45FEF
[2026-07-25 03:27:19] [DEBUG] Screen::updateAreaD() path: \Develop\Views\AreaD\PartsDefinition\PartsDefinitionList.view start...
[2026-07-25 03:27:19] [DEBUG] Screen::getContents() start...
[2026-07-25 03:27:19] [DEBUG] Screen::getContents() finish.
[2026-07-25 03:27:19] [DEBUG] Screen::updateAreaD() finish.
[2026-07-25 03:27:19] [DEBUG] Screen::updateAreaE() [iframe起動版] path: \Develop\Views\AreaE\Area_E_clear.view start...
[2026-07-25 03:27:19] [DEBUG] Screen::getContents() start...
[2026-07-25 03:27:19] [DEBUG] Screen::getContents() finish.
[2026-07-25 03:27:19] [DEBUG] Screen::updateAreaE() finish.
[2026-07-25 03:27:19] [DEBUG] PartsDefinitionController::saveAction() end.
[2026-07-25 03:27:19] [DEBUG] Screen::areaView() start...
[2026-07-25 03:27:19] [DEBUG] Screen::areaView() finish.
[2026-07-25 03:27:21] [DEBUG] --- wwProject System Start ---
[2026-07-25 03:27:21] [DEBUG] Router::Router() /jemini/wwProjectV1.54/Develop/Console/ServerBridgeAction/
[2026-07-25 03:27:21] [DEBUG] Attempting to load: \Develop\Controllers\ConsoleController::ServerBridgeAction
[2026-07-25 03:27:21] [DEBUG] Router: Executing \Develop\Controllers\ConsoleController->ServerBridgeAction
[2026-07-25 03:27:21] [DEBUG] ConsoleController::ServerBridge() start...
[2026-07-25 03:27:21] [DEBUG] ConsoleController::ServerBridge() \Develop\Controllers\PartsDefinitionController::editPartsAction()
[2026-07-25 03:27:21] [DEBUG] PartsDefinitionController::editPartsAction() start...
[2026-07-25 03:27:21] [DEBUG] PartsDefinitionModel::getAllPartsList() start... Project ID: PRJ-D45FEF
[2026-07-25 03:27:21] [DEBUG] PartsDefinitionModel::getTableStructure() start... Project ID: PRJ-D45FEF
[2026-07-25 03:27:21] [DEBUG] Screen::updateAreaE() [iframe起動版] path: \Develop\Views\AreaE\PartsDefinition\RegistParts.view start...
[2026-07-25 03:27:21] [DEBUG] Screen::getContents() start...
[2026-07-25 03:27:21] [DEBUG] Screen::getContents() finish.
[2026-07-25 03:27:21] [DEBUG] Screen::updateAreaE() finish.
[2026-07-25 03:27:21] [DEBUG] PartsDefinitionController::editPartsAction() end.
[2026-07-25 03:27:21] [DEBUG] Screen::areaView() start...
[2026-07-25 03:27:21] [DEBUG] Screen::areaView() finish.
[2026-07-25 05:22:15] [DEBUG] --- wwProject System Start ---
[2026-07-25 05:22:15] [DEBUG] Router::Router() /jemini/wwProjectV1.54/Develop/Console/ServerBridgeAction/
[2026-07-25 05:22:15] [DEBUG] Attempting to load: \Develop\Controllers\ConsoleController::ServerBridgeAction
[2026-07-25 05:22:15] [DEBUG] Router: Executing \Develop\Controllers\ConsoleController->ServerBridgeAction
[2026-07-25 05:22:15] [DEBUG] ConsoleController::ServerBridge() start...
[2026-07-25 05:22:15] [DEBUG] ConsoleController::ServerBridge() \Develop\Controllers\PartsDefinitionController::editPartsAction()
[2026-07-25 05:22:15] [DEBUG] PartsDefinitionController::editPartsAction() start...
[2026-07-25 05:22:15] [DEBUG] PartsDefinitionModel::getAllPartsList() start... Project ID: PRJ-D45FEF
[2026-07-25 05:22:15] [DEBUG] PartsDefinitionModel::getColumnsByTableId() start... Input: developers
[2026-07-25 05:22:15] [DEBUG] 逆引き成功: 物理名 developers -> table_id : 14
[2026-07-25 05:22:15] [DEBUG] PartsDefinitionModel::getColumnsByTableId() finish. 件数: 9
[2026-07-25 05:22:15] [DEBUG] PartsDefinitionModel::getTableStructure() start... Project ID: PRJ-D45FEF
[2026-07-25 05:22:15] [DEBUG] Screen::updateAreaE() [iframe起動版] path: \Develop\Views\AreaE\PartsDefinition\RegistParts.view start...
[2026-07-25 05:22:15] [DEBUG] Screen::getContents() start...
[2026-07-25 05:22:15] [DEBUG] Screen::getContents() finish.
[2026-07-25 05:22:15] [DEBUG] Screen::updateAreaE() finish.
[2026-07-25 05:22:15] [DEBUG] PartsDefinitionController::editPartsAction() end.
[2026-07-25 05:22:15] [DEBUG] Screen::areaView() start...
[2026-07-25 05:22:15] [DEBUG] Screen::areaView() finish.
[2026-07-25 05:25:13] [DEBUG] --- wwProject System Start ---
[2026-07-25 05:25:13] [DEBUG] Router::Router() /jemini/wwProjectV1.54/Develop/Console/ServerBridgeAction/
[2026-07-25 05:25:13] [DEBUG] Attempting to load: \Develop\Controllers\ConsoleController::ServerBridgeAction
[2026-07-25 05:25:13] [DEBUG] Router: Executing \Develop\Controllers\ConsoleController->ServerBridgeAction
[2026-07-25 05:25:13] [DEBUG] ConsoleController::ServerBridge() start...
[2026-07-25 05:25:13] [DEBUG] ConsoleController::ServerBridge() \Develop\Controllers\PartsDefinitionController::editPartsAction()
[2026-07-25 05:25:13] [DEBUG] PartsDefinitionController::editPartsAction() start...
[2026-07-25 05:25:13] [DEBUG] PartsDefinitionModel::getAllPartsList() start... Project ID: PRJ-D45FEF
[2026-07-25 05:25:13] [DEBUG] PartsDefinitionModel::getColumnsByTableId() start... Input: developers
[2026-07-25 05:25:13] [DEBUG] 逆引き成功: 物理名 developers -> table_id : 14
[2026-07-25 05:25:13] [DEBUG] PartsDefinitionModel::getColumnsByTableId() finish. 件数: 9
[2026-07-25 05:25:13] [DEBUG] PartsDefinitionModel::getTableStructure() start... Project ID: PRJ-D45FEF
[2026-07-25 05:25:13] [DEBUG] Screen::updateAreaE() [iframe起動版] path: \Develop\Views\AreaE\PartsDefinition\RegistParts.view start...
[2026-07-25 05:25:13] [DEBUG] Screen::getContents() start...
[2026-07-25 05:25:13] [DEBUG] Screen::getContents() finish.
[2026-07-25 05:25:13] [DEBUG] Screen::updateAreaE() finish.
[2026-07-25 05:25:13] [DEBUG] PartsDefinitionController::editPartsAction() end.
[2026-07-25 05:25:13] [DEBUG] Screen::areaView() start...
[2026-07-25 05:25:13] [DEBUG] Screen::areaView() finish.
[2026-07-25 12:41:39] [DEBUG] --- wwProject System Start ---
[2026-07-25 12:41:39] [DEBUG] Router::Router() /jemini/wwProjectV1.54/develop/
[2026-07-25 12:41:39] [DEBUG] Attempting to load: \Develop\Controllers\LoginController::initialAction
[2026-07-25 12:41:39] [DEBUG] Router: Executing \Develop\Controllers\LoginController->initialAction
[2026-07-25 12:41:39] [DEBUG] Login::initialAction() start...
[2026-07-25 12:41:39] [DEBUG] Login::initialAction() errorMessage : 
[2026-07-25 12:41:39] [DEBUG] Screen::view() path: \Develop\Views\Login\Login.view start...
[2026-07-25 12:41:39] [DEBUG] Screen::getContents() start...
[2026-07-25 12:41:39] [DEBUG] Screen::getContents() finish.
[2026-07-25 12:41:39] [DEBUG] Screen::view() path: \Develop\Views\Login\Login.view finish.
[2026-07-25 12:41:39] [DEBUG] Login::initialAction() finish.
[2026-07-25 12:41:43] [DEBUG] --- wwProject System Start ---
[2026-07-25 12:41:43] [DEBUG] Router::Router() /jemini/wwProjectV1.54/Develop/Login/authentication/
[2026-07-25 12:41:43] [DEBUG] Attempting to load: \Develop\Controllers\LoginController::authenticationAction
[2026-07-25 12:41:43] [DEBUG] Router: Executing \Develop\Controllers\LoginController->authenticationAction
[2026-07-25 12:41:43] [DEBUG] Login::AuthenticationAction() start...
[2026-07-25 12:41:43] [DEBUG] Login OK - x
[2026-07-25 12:41:43] [DEBUG] Session::start()
[2026-07-25 12:41:43] [DEBUG] Redirect to Console::initialAction()
[2026-07-25 12:41:43] [DEBUG] --- wwProject System Start ---
[2026-07-25 12:41:43] [DEBUG] Router::Router() /jemini/wwProjectV1.54/Develop/Console/initial/
[2026-07-25 12:41:43] [DEBUG] Attempting to load: \Develop\Controllers\ConsoleController::initialAction
[2026-07-25 12:41:43] [DEBUG] Router: Executing \Develop\Controllers\ConsoleController->initialAction
[2026-07-25 12:41:43] [DEBUG] Console::initialAction() start...
[2026-07-25 12:41:43] [DEBUG] Screen::view() path: \Develop\Views\Console\Console.view start...
[2026-07-25 12:41:43] [DEBUG] Screen::getContents() start...
[2026-07-25 12:41:43] [DEBUG] Screen::getContents() finish.
[2026-07-25 12:41:43] [DEBUG] Screen::view() path: \Develop\Views\Console\Console.view finish.
[2026-07-25 12:41:43] [DEBUG] ConsoleController::initialAction() finish.
[2026-07-25 12:41:43] [DEBUG] --- wwProject System Start ---
[2026-07-25 12:41:43] [DEBUG] Router::Router() /jemini/wwProjectV1.54/Develop/Console/ServerBridgeAction/
[2026-07-25 12:41:43] [DEBUG] Attempting to load: \Develop\Controllers\ConsoleController::ServerBridgeAction
[2026-07-25 12:41:43] [DEBUG] Router: Executing \Develop\Controllers\ConsoleController->ServerBridgeAction
[2026-07-25 12:41:43] [DEBUG] ConsoleController::ServerBridge() start...
[2026-07-25 12:41:43] [DEBUG] ConsoleController::ServerBridge() \Develop\Controllers\ConsoleController::areaInitialAction()
[2026-07-25 12:41:43] [DEBUG] ConsoleController::AreaInitialAction() start...
[2026-07-25 12:41:43] [DEBUG] Screen::updateAreaA() path: \Develop\Views\AreaA\Area_A.view start...
[2026-07-25 12:41:43] [DEBUG] Screen::areaView() sending JSON: ["areas"]
[2026-07-25 12:41:43] [DEBUG] Screen::getContents() start...
[2026-07-25 12:41:43] [DEBUG] Screen::getContents() finish.
[2026-07-25 12:41:43] [DEBUG] Screen::updateAreaA() finish.
[2026-07-25 12:41:43] [DEBUG] Screen::updateAreaB() path: \Develop\Views\AreaB\Area_B.view start...
[2026-07-25 12:41:43] [DEBUG] Screen::getContents() start...
[2026-07-25 12:41:43] [DEBUG] Screen::getContents() finish.
[2026-07-25 12:41:43] [DEBUG] Screen::updateAreaB() finish.
[2026-07-25 12:41:43] [DEBUG] Screen::updateAreaD() path: \Develop\Views\AreaD\Area_D_clear.view start...
[2026-07-25 12:41:43] [DEBUG] Screen::getContents() start...
[2026-07-25 12:41:43] [DEBUG] Screen::getContents() finish.
[2026-07-25 12:41:43] [DEBUG] Screen::updateAreaD() finish.
[2026-07-25 12:41:43] [DEBUG] Screen::updateAreaE() [iframe起動版] path: \Develop\Views\AreaE\Area_E_clear.view start...
[2026-07-25 12:41:43] [DEBUG] Screen::getContents() start...
[2026-07-25 12:41:43] [DEBUG] Screen::getContents() finish.
[2026-07-25 12:41:43] [DEBUG] Screen::updateAreaE() finish.
[2026-07-25 12:41:43] [DEBUG] Screen::updateAreaF() path: \Develop\Views\AreaF\Area_F.view start...
[2026-07-25 12:41:43] [DEBUG] Screen::getContents() start...
[2026-07-25 12:41:43] [DEBUG] Screen::getContents() finish.
[2026-07-25 12:41:43] [DEBUG] Screen::updateAreaF() finish.
[2026-07-25 12:41:43] [DEBUG] ProjectController::startProjectNabi() start...
[2026-07-25 12:41:43] [DEBUG] ProjectController::getProjectListHtml() start...
[2026-07-25 12:41:43] [DEBUG] ProjectModel::getProjectList() start...
[2026-07-25 12:41:43] [DEBUG] ProjectModel::getProjectList() finish.
[2026-07-25 12:41:43] [DEBUG] CodeMasterModel：：getCodesByGroup() start...
[2026-07-25 12:41:43] [DEBUG] CodeMasterModel：：getCodesByGroup() finish.
[2026-07-25 12:41:43] [DEBUG] ProjectController::getNaviFooterHtml() start...
[2026-07-25 12:41:43] [DEBUG] ProjectController::getNaviFooterHtml() finish.
[2026-07-25 12:41:43] [DEBUG] ProjectController::startProjectNabi() finish.
[2026-07-25 12:41:43] [DEBUG] Screen::updateAreaC() \Develop\Views\AreaC\Area_C.view start...
[2026-07-25 12:41:43] [DEBUG] Screen::getContents() start...
[2026-07-25 12:41:43] [DEBUG] Screen::getContents() finish.
[2026-07-25 12:41:43] [DEBUG] Screen::updateAreaC() finish.
[2026-07-25 12:41:43] [DEBUG] ConsoleController::AreaInitialAction() finish.
[2026-07-25 12:41:43] [DEBUG] Screen::areaView() start...
[2026-07-25 12:41:43] [DEBUG] Screen::areaView() finish.
[2026-07-25 12:41:45] [DEBUG] --- wwProject System Start ---
[2026-07-25 12:41:45] [DEBUG] Router::Router() /jemini/wwProjectV1.54/Develop/Console/ServerBridgeAction/
[2026-07-25 12:41:45] [DEBUG] Attempting to load: \Develop\Controllers\ConsoleController::ServerBridgeAction
[2026-07-25 12:41:45] [DEBUG] Router: Executing \Develop\Controllers\ConsoleController->ServerBridgeAction
[2026-07-25 12:41:45] [DEBUG] ConsoleController::ServerBridge() start...
[2026-07-25 12:41:45] [DEBUG] ConsoleController::ServerBridge() \Develop\Controllers\ProjectController::projectSelectAction()
[2026-07-25 12:41:45] [DEBUG] ProjectController::projectSelectAction() start...
[2026-07-25 12:41:45] [DEBUG] ProjectController::projectSelectAction() ☆★☆　SampleProject１
[2026-07-25 12:41:45] [DEBUG] Screen::updateAreaB() path: \Develop\Views\AreaB\Area_B.view start...
[2026-07-25 12:41:45] [DEBUG] Screen::getContents() start...
[2026-07-25 12:41:45] [DEBUG] Screen::getContents() finish.
[2026-07-25 12:41:45] [DEBUG] Screen::updateAreaB() finish.
[2026-07-25 12:41:45] [DEBUG] ProjectController::projectSelectAction() PRJ-D45FEF : PRJ-D45FEF
[2026-07-25 12:41:45] [DEBUG] ProjectController::getProjectListHtml() start...
[2026-07-25 12:41:45] [DEBUG] ProjectModel::getProjectList() start...
[2026-07-25 12:41:45] [DEBUG] ProjectModel::getProjectList() finish.
[2026-07-25 12:41:45] [DEBUG] CodeMasterModel：：getCodesByGroup() start...
[2026-07-25 12:41:45] [DEBUG] CodeMasterModel：：getCodesByGroup() finish.
[2026-07-25 12:41:45] [DEBUG] ProjectController::getNaviFooterHtml() start...
[2026-07-25 12:41:45] [DEBUG] ProjectController::getNaviFooterHtml() finish.
[2026-07-25 12:41:45] [DEBUG] Screen::updateAreaC() \Develop\Views\AreaC\Area_C.view start...
[2026-07-25 12:41:45] [DEBUG] Screen::getContents() start...
[2026-07-25 12:41:45] [DEBUG] Screen::getContents() finish.
[2026-07-25 12:41:45] [DEBUG] Screen::updateAreaC() finish.
[2026-07-25 12:41:45] [DEBUG] Screen::updateAreaD() path: \Develop\Views\AreaD\Area_D_clear.view start...
[2026-07-25 12:41:45] [DEBUG] Screen::getContents() start...
[2026-07-25 12:41:45] [DEBUG] Screen::getContents() finish.
[2026-07-25 12:41:45] [DEBUG] Screen::updateAreaD() finish.
[2026-07-25 12:41:45] [DEBUG] Screen::updateAreaE() [iframe起動版] path: \Develop\Views\AreaE\Area_E_clear.view start...
[2026-07-25 12:41:45] [DEBUG] Screen::getContents() start...
[2026-07-25 12:41:45] [DEBUG] Screen::getContents() finish.
[2026-07-25 12:41:45] [DEBUG] Screen::updateAreaE() finish.
[2026-07-25 12:41:45] [DEBUG] ProjectController::projectSelectAction() finish.
[2026-07-25 12:41:45] [DEBUG] Screen::areaView() start...
[2026-07-25 12:41:45] [DEBUG] Screen::areaView() finish.
[2026-07-25 12:41:47] [DEBUG] --- wwProject System Start ---
[2026-07-25 12:41:47] [DEBUG] Router::Router() /jemini/wwProjectV1.54/Develop/Console/ServerBridgeAction/
[2026-07-25 12:41:47] [DEBUG] Attempting to load: \Develop\Controllers\ConsoleController::ServerBridgeAction
[2026-07-25 12:41:47] [DEBUG] Router: Executing \Develop\Controllers\ConsoleController->ServerBridgeAction
[2026-07-25 12:41:47] [DEBUG] ConsoleController::ServerBridge() start...
[2026-07-25 12:41:47] [DEBUG] ConsoleController::ServerBridge() \Develop\Controllers\PartsDefinitionController::InitialAction()
[2026-07-25 12:41:47] [DEBUG] DBDefinitionController::initialAction() start...
[2026-07-25 12:41:47] [DEBUG] PartsDefinitionController::initialAction() projectId : PRJ-D45FEF
[2026-07-25 12:41:47] [DEBUG] PartsDefinitionModel::getAllPartsList() start... Project ID: PRJ-D45FEF
[2026-07-25 12:41:47] [DEBUG] Screen::updateAreaD() path: \Develop\Views\AreaD\PartsDefinition\PartsDefinitionList.view start...
[2026-07-25 12:41:47] [DEBUG] Screen::getContents() start...
[2026-07-25 12:41:47] [DEBUG] Screen::getContents() finish.
[2026-07-25 12:41:47] [DEBUG] Screen::updateAreaD() finish.
[2026-07-25 12:41:47] [DEBUG] Screen::updateAreaE() [iframe起動版] path: \Develop\Views\AreaE\Area_E_clear.view start...
[2026-07-25 12:41:47] [DEBUG] Screen::getContents() start...
[2026-07-25 12:41:47] [DEBUG] Screen::getContents() finish.
[2026-07-25 12:41:47] [DEBUG] Screen::updateAreaE() finish.
[2026-07-25 12:41:47] [DEBUG] DBDefinitionController::initialAction() end.
[2026-07-25 12:41:47] [DEBUG] Screen::areaView() start...
[2026-07-25 12:41:47] [DEBUG] Screen::areaView() finish.
[2026-07-25 12:42:57] [DEBUG] --- wwProject System Start ---
[2026-07-25 12:42:57] [DEBUG] Router::Router() /jemini/wwProjectV1.54/Develop/Console/initial/
[2026-07-25 12:42:57] [DEBUG] Attempting to load: \Develop\Controllers\ConsoleController::initialAction
[2026-07-25 12:42:57] [DEBUG] Router: Executing \Develop\Controllers\ConsoleController->initialAction
[2026-07-25 12:42:57] [DEBUG] Console::initialAction() start...
[2026-07-25 12:42:57] [DEBUG] Screen::view() path: \Develop\Views\Console\Console.view start...
[2026-07-25 12:42:57] [DEBUG] Screen::getContents() start...
[2026-07-25 12:42:57] [DEBUG] Screen::getContents() finish.
[2026-07-25 12:42:57] [DEBUG] Screen::view() path: \Develop\Views\Console\Console.view finish.
[2026-07-25 12:42:57] [DEBUG] ConsoleController::initialAction() finish.
[2026-07-25 12:42:57] [DEBUG] --- wwProject System Start ---
[2026-07-25 12:42:57] [DEBUG] Router::Router() /jemini/wwProjectV1.54/Develop/Console/ServerBridgeAction/
[2026-07-25 12:42:57] [DEBUG] Attempting to load: \Develop\Controllers\ConsoleController::ServerBridgeAction
[2026-07-25 12:42:57] [DEBUG] Router: Executing \Develop\Controllers\ConsoleController->ServerBridgeAction
[2026-07-25 12:42:57] [DEBUG] ConsoleController::ServerBridge() start...
[2026-07-25 12:42:57] [DEBUG] ConsoleController::ServerBridge() \Develop\Controllers\ConsoleController::areaInitialAction()
[2026-07-25 12:42:57] [DEBUG] ConsoleController::AreaInitialAction() start...
[2026-07-25 12:42:57] [DEBUG] Screen::updateAreaA() path: \Develop\Views\AreaA\Area_A.view start...
[2026-07-25 12:42:57] [DEBUG] Screen::areaView() sending JSON: ["areas"]
[2026-07-25 12:42:57] [DEBUG] Screen::getContents() start...
[2026-07-25 12:42:57] [DEBUG] Screen::getContents() finish.
[2026-07-25 12:42:57] [DEBUG] Screen::updateAreaA() finish.
[2026-07-25 12:42:57] [DEBUG] Screen::updateAreaB() path: \Develop\Views\AreaB\Area_B.view start...
[2026-07-25 12:42:57] [DEBUG] Screen::getContents() start...
[2026-07-25 12:42:57] [DEBUG] Screen::getContents() finish.
[2026-07-25 12:42:57] [DEBUG] Screen::updateAreaB() finish.
[2026-07-25 12:42:57] [DEBUG] Screen::updateAreaD() path: \Develop\Views\AreaD\Area_D_clear.view start...
[2026-07-25 12:42:57] [DEBUG] Screen::getContents() start...
[2026-07-25 12:42:57] [DEBUG] Screen::getContents() finish.
[2026-07-25 12:42:57] [DEBUG] Screen::updateAreaD() finish.
[2026-07-25 12:42:57] [DEBUG] Screen::updateAreaE() [iframe起動版] path: \Develop\Views\AreaE\Area_E_clear.view start...
[2026-07-25 12:42:57] [DEBUG] Screen::getContents() start...
[2026-07-25 12:42:57] [DEBUG] Screen::getContents() finish.
[2026-07-25 12:42:57] [DEBUG] Screen::updateAreaE() finish.
[2026-07-25 12:42:57] [DEBUG] Screen::updateAreaF() path: \Develop\Views\AreaF\Area_F.view start...
[2026-07-25 12:42:57] [DEBUG] Screen::getContents() start...
[2026-07-25 12:42:57] [DEBUG] Screen::getContents() finish.
[2026-07-25 12:42:57] [DEBUG] Screen::updateAreaF() finish.
[2026-07-25 12:42:57] [DEBUG] ProjectController::startProjectNabi() start...
[2026-07-25 12:42:57] [DEBUG] ProjectController::getProjectListHtml() start...
[2026-07-25 12:42:57] [DEBUG] ProjectModel::getProjectList() start...
[2026-07-25 12:42:57] [DEBUG] ProjectModel::getProjectList() finish.
[2026-07-25 12:42:57] [DEBUG] CodeMasterModel：：getCodesByGroup() start...
[2026-07-25 12:42:57] [DEBUG] CodeMasterModel：：getCodesByGroup() finish.
[2026-07-25 12:42:57] [DEBUG] ProjectController::getNaviFooterHtml() start...
[2026-07-25 12:42:57] [DEBUG] ProjectController::getNaviFooterHtml() finish.
[2026-07-25 12:42:57] [DEBUG] ProjectController::startProjectNabi() finish.
[2026-07-25 12:42:57] [DEBUG] Screen::updateAreaC() \Develop\Views\AreaC\Area_C.view start...
[2026-07-25 12:42:57] [DEBUG] Screen::getContents() start...
[2026-07-25 12:42:57] [DEBUG] Screen::getContents() finish.
[2026-07-25 12:42:57] [DEBUG] Screen::updateAreaC() finish.
[2026-07-25 12:42:57] [DEBUG] ConsoleController::AreaInitialAction() finish.
[2026-07-25 12:42:57] [DEBUG] Screen::areaView() start...
[2026-07-25 12:42:57] [DEBUG] Screen::areaView() finish.
[2026-07-25 12:42:59] [DEBUG] --- wwProject System Start ---
[2026-07-25 12:42:59] [DEBUG] Router::Router() /jemini/wwProjectV1.54/Develop/Console/ServerBridgeAction/
[2026-07-25 12:42:59] [DEBUG] Attempting to load: \Develop\Controllers\ConsoleController::ServerBridgeAction
[2026-07-25 12:42:59] [DEBUG] Router: Executing \Develop\Controllers\ConsoleController->ServerBridgeAction
[2026-07-25 12:42:59] [DEBUG] ConsoleController::ServerBridge() start...
[2026-07-25 12:42:59] [DEBUG] ConsoleController::ServerBridge() \Develop\Controllers\PartsDefinitionController::InitialAction()
[2026-07-25 12:42:59] [DEBUG] DBDefinitionController::initialAction() start...
[2026-07-25 12:42:59] [DEBUG] PartsDefinitionController::initialAction() projectId : PRJ-D45FEF
[2026-07-25 12:42:59] [DEBUG] PartsDefinitionModel::getAllPartsList() start... Project ID: PRJ-D45FEF
[2026-07-25 12:42:59] [DEBUG] Screen::updateAreaD() path: \Develop\Views\AreaD\PartsDefinition\PartsDefinitionList.view start...
[2026-07-25 12:42:59] [DEBUG] Screen::getContents() start...
[2026-07-25 12:42:59] [DEBUG] Screen::getContents() finish.
[2026-07-25 12:42:59] [DEBUG] Screen::updateAreaD() finish.
[2026-07-25 12:42:59] [DEBUG] Screen::updateAreaE() [iframe起動版] path: \Develop\Views\AreaE\Area_E_clear.view start...
[2026-07-25 12:42:59] [DEBUG] Screen::getContents() start...
[2026-07-25 12:42:59] [DEBUG] Screen::getContents() finish.
[2026-07-25 12:42:59] [DEBUG] Screen::updateAreaE() finish.
[2026-07-25 12:42:59] [DEBUG] DBDefinitionController::initialAction() end.
[2026-07-25 12:42:59] [DEBUG] Screen::areaView() start...
[2026-07-25 12:42:59] [DEBUG] Screen::areaView() finish.
[2026-07-25 12:43:53] [DEBUG] --- wwProject System Start ---
[2026-07-25 12:43:53] [DEBUG] Router::Router() /jemini/wwProjectV1.54/develop/
[2026-07-25 12:43:53] [DEBUG] Attempting to load: \Develop\Controllers\LoginController::initialAction
[2026-07-25 12:43:53] [DEBUG] Router: Executing \Develop\Controllers\LoginController->initialAction
[2026-07-25 12:43:53] [DEBUG] Login::initialAction() start...
[2026-07-25 12:43:53] [DEBUG] Login::initialAction() errorMessage : 
[2026-07-25 12:43:53] [DEBUG] Screen::view() path: \Develop\Views\Login\Login.view start...
[2026-07-25 12:43:53] [DEBUG] Screen::getContents() start...
[2026-07-25 12:43:53] [DEBUG] Screen::getContents() finish.
[2026-07-25 12:43:53] [DEBUG] Screen::view() path: \Develop\Views\Login\Login.view finish.
[2026-07-25 12:43:53] [DEBUG] Login::initialAction() finish.
[2026-07-25 12:44:27] [DEBUG] --- wwProject System Start ---
[2026-07-25 12:44:27] [DEBUG] Router::Router() /jemini/wwProjectV1.54/Develop/Console/initial/
[2026-07-25 12:44:27] [DEBUG] Attempting to load: \Develop\Controllers\ConsoleController::initialAction
[2026-07-25 12:44:27] [DEBUG] Router: Executing \Develop\Controllers\ConsoleController->initialAction
[2026-07-25 12:44:27] [DEBUG] Console::initialAction() start...
[2026-07-25 12:44:27] [DEBUG] Screen::view() path: \Develop\Views\Console\Console.view start...
[2026-07-25 12:44:27] [DEBUG] Screen::getContents() start...
[2026-07-25 12:44:27] [DEBUG] Screen::getContents() finish.
[2026-07-25 12:44:27] [DEBUG] Screen::view() path: \Develop\Views\Console\Console.view finish.
[2026-07-25 12:44:27] [DEBUG] ConsoleController::initialAction() finish.
[2026-07-25 12:44:27] [DEBUG] --- wwProject System Start ---
[2026-07-25 12:44:27] [DEBUG] Router::Router() /jemini/wwProjectV1.54/Develop/Console/ServerBridgeAction/
[2026-07-25 12:44:27] [DEBUG] Attempting to load: \Develop\Controllers\ConsoleController::ServerBridgeAction
[2026-07-25 12:44:27] [DEBUG] Router: Executing \Develop\Controllers\ConsoleController->ServerBridgeAction
[2026-07-25 12:44:27] [DEBUG] ConsoleController::ServerBridge() start...
[2026-07-25 12:44:27] [DEBUG] ConsoleController::ServerBridge() \Develop\Controllers\ConsoleController::areaInitialAction()
[2026-07-25 12:44:27] [DEBUG] ConsoleController::AreaInitialAction() start...
[2026-07-25 12:44:27] [DEBUG] Screen::updateAreaA() path: \Develop\Views\AreaA\Area_A.view start...
[2026-07-25 12:44:27] [DEBUG] Screen::areaView() sending JSON: ["areas"]
[2026-07-25 12:44:27] [DEBUG] Screen::getContents() start...
[2026-07-25 12:44:27] [DEBUG] Screen::getContents() finish.
[2026-07-25 12:44:27] [DEBUG] Screen::updateAreaA() finish.
[2026-07-25 12:44:27] [DEBUG] Screen::updateAreaB() path: \Develop\Views\AreaB\Area_B.view start...
[2026-07-25 12:44:27] [DEBUG] Screen::getContents() start...
[2026-07-25 12:44:27] [DEBUG] Screen::getContents() finish.
[2026-07-25 12:44:27] [DEBUG] Screen::updateAreaB() finish.
[2026-07-25 12:44:27] [DEBUG] Screen::updateAreaD() path: \Develop\Views\AreaD\Area_D_clear.view start...
[2026-07-25 12:44:27] [DEBUG] Screen::getContents() start...
[2026-07-25 12:44:27] [DEBUG] Screen::getContents() finish.
[2026-07-25 12:44:27] [DEBUG] Screen::updateAreaD() finish.
[2026-07-25 12:44:27] [DEBUG] Screen::updateAreaE() [iframe起動版] path: \Develop\Views\AreaE\Area_E_clear.view start...
[2026-07-25 12:44:27] [DEBUG] Screen::getContents() start...
[2026-07-25 12:44:27] [DEBUG] Screen::getContents() finish.
[2026-07-25 12:44:27] [DEBUG] Screen::updateAreaE() finish.
[2026-07-25 12:44:27] [DEBUG] Screen::updateAreaF() path: \Develop\Views\AreaF\Area_F.view start...
[2026-07-25 12:44:27] [DEBUG] Screen::getContents() start...
[2026-07-25 12:44:27] [DEBUG] Screen::getContents() finish.
[2026-07-25 12:44:27] [DEBUG] Screen::updateAreaF() finish.
[2026-07-25 12:44:27] [DEBUG] ProjectController::startProjectNabi() start...
[2026-07-25 12:44:27] [DEBUG] ProjectController::getProjectListHtml() start...
[2026-07-25 12:44:27] [DEBUG] ProjectModel::getProjectList() start...
[2026-07-25 12:44:27] [DEBUG] ProjectModel::getProjectList() finish.
[2026-07-25 12:44:27] [DEBUG] CodeMasterModel：：getCodesByGroup() start...
[2026-07-25 12:44:27] [DEBUG] CodeMasterModel：：getCodesByGroup() finish.
[2026-07-25 12:44:27] [DEBUG] ProjectController::getNaviFooterHtml() start...
[2026-07-25 12:44:27] [DEBUG] ProjectController::getNaviFooterHtml() finish.
[2026-07-25 12:44:27] [DEBUG] ProjectController::startProjectNabi() finish.
[2026-07-25 12:44:27] [DEBUG] Screen::updateAreaC() \Develop\Views\AreaC\Area_C.view start...
[2026-07-25 12:44:27] [DEBUG] Screen::getContents() start...
[2026-07-25 12:44:27] [DEBUG] Screen::getContents() finish.
[2026-07-25 12:44:27] [DEBUG] Screen::updateAreaC() finish.
[2026-07-25 12:44:27] [DEBUG] ConsoleController::AreaInitialAction() finish.
[2026-07-25 12:44:27] [DEBUG] Screen::areaView() start...
[2026-07-25 12:44:27] [DEBUG] Screen::areaView() finish.
[2026-07-25 12:44:29] [DEBUG] --- wwProject System Start ---
[2026-07-25 12:44:29] [DEBUG] Router::Router() /jemini/wwProjectV1.54/Develop/Console/ServerBridgeAction/
[2026-07-25 12:44:29] [DEBUG] Attempting to load: \Develop\Controllers\ConsoleController::ServerBridgeAction
[2026-07-25 12:44:29] [DEBUG] Router: Executing \Develop\Controllers\ConsoleController->ServerBridgeAction
[2026-07-25 12:44:29] [DEBUG] ConsoleController::ServerBridge() start...
[2026-07-25 12:44:29] [DEBUG] ConsoleController::ServerBridge() \Develop\Controllers\PartsDefinitionController::InitialAction()
[2026-07-25 12:44:29] [DEBUG] DBDefinitionController::initialAction() start...
[2026-07-25 12:44:29] [DEBUG] PartsDefinitionController::initialAction() projectId : PRJ-D45FEF
[2026-07-25 12:44:29] [DEBUG] PartsDefinitionModel::getAllPartsList() start... Project ID: PRJ-D45FEF
[2026-07-25 12:44:29] [DEBUG] Screen::updateAreaD() path: \Develop\Views\AreaD\PartsDefinition\PartsDefinitionList.view start...
[2026-07-25 12:44:29] [DEBUG] Screen::getContents() start...
[2026-07-25 12:44:29] [DEBUG] Screen::getContents() finish.
[2026-07-25 12:44:29] [DEBUG] Screen::updateAreaD() finish.
[2026-07-25 12:44:29] [DEBUG] Screen::updateAreaE() [iframe起動版] path: \Develop\Views\AreaE\Area_E_clear.view start...
[2026-07-25 12:44:29] [DEBUG] Screen::getContents() start...
[2026-07-25 12:44:29] [DEBUG] Screen::getContents() finish.
[2026-07-25 12:44:29] [DEBUG] Screen::updateAreaE() finish.
[2026-07-25 12:44:29] [DEBUG] DBDefinitionController::initialAction() end.
[2026-07-25 12:44:29] [DEBUG] Screen::areaView() start...
[2026-07-25 12:44:29] [DEBUG] Screen::areaView() finish.
[2026-07-25 12:44:31] [DEBUG] --- wwProject System Start ---
[2026-07-25 12:44:31] [DEBUG] Router::Router() /jemini/wwProjectV1.54/Develop/Console/ServerBridgeAction/
[2026-07-25 12:44:31] [DEBUG] Attempting to load: \Develop\Controllers\ConsoleController::ServerBridgeAction
[2026-07-25 12:44:31] [DEBUG] Router: Executing \Develop\Controllers\ConsoleController->ServerBridgeAction
[2026-07-25 12:44:31] [DEBUG] ConsoleController::ServerBridge() start...
[2026-07-25 12:44:31] [DEBUG] ConsoleController::ServerBridge() \Develop\Controllers\PartsDefinitionController::editPartsAction()
[2026-07-25 12:44:31] [DEBUG] PartsDefinitionController::editPartsAction() start...
[2026-07-25 12:44:31] [DEBUG] PartsDefinitionModel::getAllPartsList() start... Project ID: PRJ-D45FEF
[2026-07-25 12:44:31] [DEBUG] PartsDefinitionModel::getColumnsByTableId() start... Input: newDevelopers
[2026-07-25 12:44:31] [DEBUG] 逆引き成功: 物理名 newDevelopers -> table_id : 12
[2026-07-25 12:44:31] [DEBUG] PartsDefinitionModel::getColumnsByTableId() finish. 件数: 9
[2026-07-25 12:44:31] [DEBUG] PartsDefinitionModel::getTableStructure() start... Project ID: PRJ-D45FEF
[2026-07-25 12:44:31] [DEBUG] Screen::updateAreaE() [iframe起動版] path: \Develop\Views\AreaE\PartsDefinition\RegistParts.view start...
[2026-07-25 12:44:31] [DEBUG] Screen::getContents() start...
[2026-07-25 12:44:31] [DEBUG] Screen::getContents() finish.
[2026-07-25 12:44:31] [DEBUG] Screen::updateAreaE() finish.
[2026-07-25 12:44:31] [DEBUG] PartsDefinitionController::editPartsAction() end.
[2026-07-25 12:44:31] [DEBUG] Screen::areaView() start...
[2026-07-25 12:44:31] [DEBUG] Screen::areaView() finish.
[2026-07-25 12:45:27] [DEBUG] --- wwProject System Start ---
[2026-07-25 12:45:27] [DEBUG] Router::Router() /jemini/wwProjectV1.54/Develop/Console/ServerBridgeAction/
[2026-07-25 12:45:27] [DEBUG] Attempting to load: \Develop\Controllers\ConsoleController::ServerBridgeAction
[2026-07-25 12:45:27] [DEBUG] Router: Executing \Develop\Controllers\ConsoleController->ServerBridgeAction
[2026-07-25 12:45:27] [DEBUG] ConsoleController::ServerBridge() start...
[2026-07-25 12:45:27] [DEBUG] ConsoleController::ServerBridge() \Develop\Controllers\PartsDefinitionController::editPartsAction()
[2026-07-25 12:45:27] [DEBUG] PartsDefinitionController::editPartsAction() start...
[2026-07-25 12:45:27] [DEBUG] PartsDefinitionModel::getAllPartsList() start... Project ID: PRJ-D45FEF
[2026-07-25 12:45:27] [DEBUG] PartsDefinitionModel::getColumnsByTableId() start... Input: developers
[2026-07-25 12:45:27] [DEBUG] 逆引き成功: 物理名 developers -> table_id : 14
[2026-07-25 12:45:27] [DEBUG] PartsDefinitionModel::getColumnsByTableId() finish. 件数: 9
[2026-07-25 12:45:27] [DEBUG] PartsDefinitionModel::getTableStructure() start... Project ID: PRJ-D45FEF
[2026-07-25 12:45:27] [DEBUG] Screen::updateAreaE() [iframe起動版] path: \Develop\Views\AreaE\PartsDefinition\RegistParts.view start...
[2026-07-25 12:45:27] [DEBUG] Screen::getContents() start...
[2026-07-25 12:45:27] [DEBUG] Screen::getContents() finish.
[2026-07-25 12:45:27] [DEBUG] Screen::updateAreaE() finish.
[2026-07-25 12:45:27] [DEBUG] PartsDefinitionController::editPartsAction() end.
[2026-07-25 12:45:27] [DEBUG] Screen::areaView() start...
[2026-07-25 12:45:27] [DEBUG] Screen::areaView() finish.
[2026-07-25 12:47:31] [DEBUG] --- wwProject System Start ---
[2026-07-25 12:47:31] [DEBUG] Router::Router() /jemini/wwProjectV1.54/Develop/Console/ServerBridgeAction/
[2026-07-25 12:47:31] [DEBUG] Attempting to load: \Develop\Controllers\ConsoleController::ServerBridgeAction
[2026-07-25 12:47:31] [DEBUG] Router: Executing \Develop\Controllers\ConsoleController->ServerBridgeAction
[2026-07-25 12:47:31] [DEBUG] ConsoleController::ServerBridge() start...
[2026-07-25 12:47:31] [DEBUG] ConsoleController::ServerBridge() \Develop\Controllers\ProjectDefinitionController::initialAction()
[2026-07-25 12:47:31] [DEBUG] ProjectDefinitionController::initialAction() start...
[2026-07-25 12:47:31] [DEBUG] ProjectModel::getProjectList() start...
[2026-07-25 12:47:31] [DEBUG] ProjectModel::getProjectList() finish.
[2026-07-25 12:47:31] [DEBUG] Screen::updateAreaD() path: \Develop\Views\AreaD\ProjectDefinition\ProjectDefinitionList.view start...
[2026-07-25 12:47:31] [DEBUG] Screen::getContents() start...
[2026-07-25 12:47:31] [DEBUG] Screen::getContents() finish.
[2026-07-25 12:47:31] [DEBUG] Screen::updateAreaD() finish.
[2026-07-25 12:47:31] [DEBUG] ProjectDefinitionController::initialAction() finish.
[2026-07-25 12:47:31] [DEBUG] Screen::areaView() start...
[2026-07-25 12:47:31] [DEBUG] Screen::areaView() finish.
[2026-07-25 12:47:33] [DEBUG] --- wwProject System Start ---
[2026-07-25 12:47:33] [DEBUG] Router::Router() /jemini/wwProjectV1.54/Develop/Console/ServerBridgeAction/
[2026-07-25 12:47:33] [DEBUG] Attempting to load: \Develop\Controllers\ConsoleController::ServerBridgeAction
[2026-07-25 12:47:33] [DEBUG] Router: Executing \Develop\Controllers\ConsoleController->ServerBridgeAction
[2026-07-25 12:47:33] [DEBUG] ConsoleController::ServerBridge() start...
[2026-07-25 12:47:33] [DEBUG] ConsoleController::ServerBridge() \Develop\Controllers\DBDefinitionController::initialAction()
[2026-07-25 12:47:33] [DEBUG] DBDefinitionController::initialAction() start...
[2026-07-25 12:47:33] [DEBUG] DBDefinitionModel::getTableList() start...
[2026-07-25 12:47:33] [DEBUG] DBDefinitionModel::getTableList() finish. 取得件数: 5
[2026-07-25 12:47:33] [DEBUG] Screen::updateAreaD() path: \Develop\Views\AreaD\DBDefinition\DBDefinitionList.view start...
[2026-07-25 12:47:33] [DEBUG] Screen::getContents() start...
[2026-07-25 12:47:33] [DEBUG] Screen::getContents() finish.
[2026-07-25 12:47:33] [DEBUG] Screen::updateAreaD() finish.
[2026-07-25 12:47:33] [DEBUG] Screen::updateAreaE() [iframe起動版] path: \Develop\Views\AreaE\Area_E_clear.view start...
[2026-07-25 12:47:33] [DEBUG] Screen::getContents() start...
[2026-07-25 12:47:33] [DEBUG] Screen::getContents() finish.
[2026-07-25 12:47:33] [DEBUG] Screen::updateAreaE() finish.
[2026-07-25 12:47:33] [DEBUG] DBDefinitionController::initialAction() end.
[2026-07-25 12:47:33] [DEBUG] Screen::areaView() start...
[2026-07-25 12:47:33] [DEBUG] Screen::areaView() finish.
[2026-07-25 12:47:34] [DEBUG] --- wwProject System Start ---
[2026-07-25 12:47:34] [DEBUG] Router::Router() /jemini/wwProjectV1.54/Develop/Console/ServerBridgeAction/
[2026-07-25 12:47:34] [DEBUG] Attempting to load: \Develop\Controllers\ConsoleController::ServerBridgeAction
[2026-07-25 12:47:34] [DEBUG] Router: Executing \Develop\Controllers\ConsoleController->ServerBridgeAction
[2026-07-25 12:47:34] [DEBUG] ConsoleController::ServerBridge() start...
[2026-07-25 12:47:34] [DEBUG] ConsoleController::ServerBridge() \Develop\Controllers\PartsDefinitionController::InitialAction()
[2026-07-25 12:47:34] [DEBUG] DBDefinitionController::initialAction() start...
[2026-07-25 12:47:34] [DEBUG] PartsDefinitionController::initialAction() projectId : PRJ-D45FEF
[2026-07-25 12:47:34] [DEBUG] PartsDefinitionModel::getAllPartsList() start... Project ID: PRJ-D45FEF
[2026-07-25 12:47:34] [DEBUG] Screen::updateAreaD() path: \Develop\Views\AreaD\PartsDefinition\PartsDefinitionList.view start...
[2026-07-25 12:47:34] [DEBUG] Screen::getContents() start...
[2026-07-25 12:47:34] [DEBUG] Screen::getContents() finish.
[2026-07-25 12:47:34] [DEBUG] Screen::updateAreaD() finish.
[2026-07-25 12:47:34] [DEBUG] Screen::updateAreaE() [iframe起動版] path: \Develop\Views\AreaE\Area_E_clear.view start...
[2026-07-25 12:47:34] [DEBUG] Screen::getContents() start...
[2026-07-25 12:47:34] [DEBUG] Screen::getContents() finish.
[2026-07-25 12:47:34] [DEBUG] Screen::updateAreaE() finish.
[2026-07-25 12:47:34] [DEBUG] DBDefinitionController::initialAction() end.
[2026-07-25 12:47:34] [DEBUG] Screen::areaView() start...
[2026-07-25 12:47:34] [DEBUG] Screen::areaView() finish.
[2026-07-25 12:47:36] [DEBUG] --- wwProject System Start ---
[2026-07-25 12:47:36] [DEBUG] Router::Router() /jemini/wwProjectV1.54/Develop/Console/ServerBridgeAction/
[2026-07-25 12:47:36] [DEBUG] Attempting to load: \Develop\Controllers\ConsoleController::ServerBridgeAction
[2026-07-25 12:47:36] [DEBUG] Router: Executing \Develop\Controllers\ConsoleController->ServerBridgeAction
[2026-07-25 12:47:36] [DEBUG] ConsoleController::ServerBridge() start...
[2026-07-25 12:47:36] [DEBUG] ConsoleController::ServerBridge() \Develop\Controllers\ProjectDefinitionController::initialAction()
[2026-07-25 12:47:36] [DEBUG] ProjectDefinitionController::initialAction() start...
[2026-07-25 12:47:36] [DEBUG] ProjectModel::getProjectList() start...
[2026-07-25 12:47:36] [DEBUG] ProjectModel::getProjectList() finish.
[2026-07-25 12:47:36] [DEBUG] Screen::updateAreaD() path: \Develop\Views\AreaD\ProjectDefinition\ProjectDefinitionList.view start...
[2026-07-25 12:47:36] [DEBUG] Screen::getContents() start...
[2026-07-25 12:47:36] [DEBUG] Screen::getContents() finish.
[2026-07-25 12:47:36] [DEBUG] Screen::updateAreaD() finish.
[2026-07-25 12:47:36] [DEBUG] ProjectDefinitionController::initialAction() finish.
[2026-07-25 12:47:36] [DEBUG] Screen::areaView() start...
[2026-07-25 12:47:36] [DEBUG] Screen::areaView() finish.
[2026-07-25 12:47:37] [DEBUG] --- wwProject System Start ---
[2026-07-25 12:47:37] [DEBUG] Router::Router() /jemini/wwProjectV1.54/Develop/Console/ServerBridgeAction/
[2026-07-25 12:47:37] [DEBUG] Attempting to load: \Develop\Controllers\ConsoleController::ServerBridgeAction
[2026-07-25 12:47:37] [DEBUG] Router: Executing \Develop\Controllers\ConsoleController->ServerBridgeAction
[2026-07-25 12:47:37] [DEBUG] ConsoleController::ServerBridge() start...
[2026-07-25 12:47:37] [DEBUG] ConsoleController::ServerBridge() \Develop\Controllers\DBDefinitionController::initialAction()
[2026-07-25 12:47:37] [DEBUG] DBDefinitionController::initialAction() start...
[2026-07-25 12:47:37] [DEBUG] DBDefinitionModel::getTableList() start...
[2026-07-25 12:47:37] [DEBUG] DBDefinitionModel::getTableList() finish. 取得件数: 5
[2026-07-25 12:47:37] [DEBUG] Screen::updateAreaD() path: \Develop\Views\AreaD\DBDefinition\DBDefinitionList.view start...
[2026-07-25 12:47:37] [DEBUG] Screen::getContents() start...
[2026-07-25 12:47:37] [DEBUG] Screen::getContents() finish.
[2026-07-25 12:47:37] [DEBUG] Screen::updateAreaD() finish.
[2026-07-25 12:47:37] [DEBUG] Screen::updateAreaE() [iframe起動版] path: \Develop\Views\AreaE\Area_E_clear.view start...
[2026-07-25 12:47:37] [DEBUG] Screen::getContents() start...
[2026-07-25 12:47:37] [DEBUG] Screen::getContents() finish.
[2026-07-25 12:47:37] [DEBUG] Screen::updateAreaE() finish.
[2026-07-25 12:47:37] [DEBUG] DBDefinitionController::initialAction() end.
[2026-07-25 12:47:37] [DEBUG] Screen::areaView() start...
[2026-07-25 12:47:37] [DEBUG] Screen::areaView() finish.
[2026-07-25 12:47:40] [DEBUG] --- wwProject System Start ---
[2026-07-25 12:47:40] [DEBUG] Router::Router() /jemini/wwProjectV1.54/Develop/Console/ServerBridgeAction/
[2026-07-25 12:47:40] [DEBUG] Attempting to load: \Develop\Controllers\ConsoleController::ServerBridgeAction
[2026-07-25 12:47:40] [DEBUG] Router: Executing \Develop\Controllers\ConsoleController->ServerBridgeAction
[2026-07-25 12:47:40] [DEBUG] ConsoleController::ServerBridge() start...
[2026-07-25 12:47:40] [DEBUG] ConsoleController::ServerBridge() \Develop\Controllers\PartsDefinitionController::InitialAction()
[2026-07-25 12:47:40] [DEBUG] DBDefinitionController::initialAction() start...
[2026-07-25 12:47:40] [DEBUG] PartsDefinitionController::initialAction() projectId : PRJ-D45FEF
[2026-07-25 12:47:40] [DEBUG] PartsDefinitionModel::getAllPartsList() start... Project ID: PRJ-D45FEF
[2026-07-25 12:47:40] [DEBUG] Screen::updateAreaD() path: \Develop\Views\AreaD\PartsDefinition\PartsDefinitionList.view start...
[2026-07-25 12:47:40] [DEBUG] Screen::getContents() start...
[2026-07-25 12:47:40] [DEBUG] Screen::getContents() finish.
[2026-07-25 12:47:40] [DEBUG] Screen::updateAreaD() finish.
[2026-07-25 12:47:40] [DEBUG] Screen::updateAreaE() [iframe起動版] path: \Develop\Views\AreaE\Area_E_clear.view start...
[2026-07-25 12:47:40] [DEBUG] Screen::getContents() start...
[2026-07-25 12:47:40] [DEBUG] Screen::getContents() finish.
[2026-07-25 12:47:40] [DEBUG] Screen::updateAreaE() finish.
[2026-07-25 12:47:40] [DEBUG] DBDefinitionController::initialAction() end.
[2026-07-25 12:47:40] [DEBUG] Screen::areaView() start...
[2026-07-25 12:47:40] [DEBUG] Screen::areaView() finish.
[2026-07-25 12:47:42] [DEBUG] --- wwProject System Start ---
[2026-07-25 12:47:42] [DEBUG] Router::Router() /jemini/wwProjectV1.54/Develop/Console/ServerBridgeAction/
[2026-07-25 12:47:42] [DEBUG] Attempting to load: \Develop\Controllers\ConsoleController::ServerBridgeAction
[2026-07-25 12:47:42] [DEBUG] Router: Executing \Develop\Controllers\ConsoleController->ServerBridgeAction
[2026-07-25 12:47:42] [DEBUG] ConsoleController::ServerBridge() start...
[2026-07-25 12:47:42] [DEBUG] ConsoleController::ServerBridge() \Develop\Controllers\DBDefinitionController::initialAction()
[2026-07-25 12:47:42] [DEBUG] DBDefinitionController::initialAction() start...
[2026-07-25 12:47:42] [DEBUG] DBDefinitionModel::getTableList() start...
[2026-07-25 12:47:42] [DEBUG] DBDefinitionModel::getTableList() finish. 取得件数: 5
[2026-07-25 12:47:42] [DEBUG] Screen::updateAreaD() path: \Develop\Views\AreaD\DBDefinition\DBDefinitionList.view start...
[2026-07-25 12:47:42] [DEBUG] Screen::getContents() start...
[2026-07-25 12:47:42] [DEBUG] Screen::getContents() finish.
[2026-07-25 12:47:42] [DEBUG] Screen::updateAreaD() finish.
[2026-07-25 12:47:42] [DEBUG] Screen::updateAreaE() [iframe起動版] path: \Develop\Views\AreaE\Area_E_clear.view start...
[2026-07-25 12:47:42] [DEBUG] Screen::getContents() start...
[2026-07-25 12:47:42] [DEBUG] Screen::getContents() finish.
[2026-07-25 12:47:42] [DEBUG] Screen::updateAreaE() finish.
[2026-07-25 12:47:42] [DEBUG] DBDefinitionController::initialAction() end.
[2026-07-25 12:47:42] [DEBUG] Screen::areaView() start...
[2026-07-25 12:47:42] [DEBUG] Screen::areaView() finish.
[2026-07-25 12:47:44] [DEBUG] --- wwProject System Start ---
[2026-07-25 12:47:44] [DEBUG] Router::Router() /jemini/wwProjectV1.54/Develop/Console/ServerBridgeAction/
[2026-07-25 12:47:44] [DEBUG] Attempting to load: \Develop\Controllers\ConsoleController::ServerBridgeAction
[2026-07-25 12:47:44] [DEBUG] Router: Executing \Develop\Controllers\ConsoleController->ServerBridgeAction
[2026-07-25 12:47:44] [DEBUG] ConsoleController::ServerBridge() start...
[2026-07-25 12:47:44] [DEBUG] ConsoleController::ServerBridge() \Develop\Controllers\PartsDefinitionController::InitialAction()
[2026-07-25 12:47:44] [DEBUG] DBDefinitionController::initialAction() start...
[2026-07-25 12:47:44] [DEBUG] PartsDefinitionController::initialAction() projectId : PRJ-D45FEF
[2026-07-25 12:47:44] [DEBUG] PartsDefinitionModel::getAllPartsList() start... Project ID: PRJ-D45FEF
[2026-07-25 12:47:44] [DEBUG] Screen::updateAreaD() path: \Develop\Views\AreaD\PartsDefinition\PartsDefinitionList.view start...
[2026-07-25 12:47:44] [DEBUG] Screen::getContents() start...
[2026-07-25 12:47:44] [DEBUG] Screen::getContents() finish.
[2026-07-25 12:47:44] [DEBUG] Screen::updateAreaD() finish.
[2026-07-25 12:47:44] [DEBUG] Screen::updateAreaE() [iframe起動版] path: \Develop\Views\AreaE\Area_E_clear.view start...
[2026-07-25 12:47:44] [DEBUG] Screen::getContents() start...
[2026-07-25 12:47:44] [DEBUG] Screen::getContents() finish.
[2026-07-25 12:47:44] [DEBUG] Screen::updateAreaE() finish.
[2026-07-25 12:47:44] [DEBUG] DBDefinitionController::initialAction() end.
[2026-07-25 12:47:44] [DEBUG] Screen::areaView() start...
[2026-07-25 12:47:44] [DEBUG] Screen::areaView() finish.
[2026-07-25 12:57:38] [DEBUG] --- wwProject System Start ---
[2026-07-25 12:57:38] [DEBUG] Router::Router() /jemini/wwProjectV1.54/Develop/Console/ServerBridgeAction/
[2026-07-25 12:57:38] [DEBUG] Attempting to load: \Develop\Controllers\ConsoleController::ServerBridgeAction
[2026-07-25 12:57:38] [DEBUG] Router: Executing \Develop\Controllers\ConsoleController->ServerBridgeAction
[2026-07-25 12:57:38] [DEBUG] ConsoleController::ServerBridge() start...
[2026-07-25 12:57:38] [DEBUG] ConsoleController::ServerBridge() \Develop\Controllers\PartsDefinitionController::editPartsAction()
[2026-07-25 12:57:38] [DEBUG] PartsDefinitionController::editPartsAction() start...
[2026-07-25 12:57:38] [DEBUG] PartsDefinitionModel::getAllPartsList() start... Project ID: PRJ-D45FEF
[2026-07-25 12:57:38] [DEBUG] PartsDefinitionModel::getColumnsByTableId() start... Input: newDevelopers
[2026-07-25 12:57:38] [DEBUG] 逆引き成功: 物理名 newDevelopers -> table_id : 12
[2026-07-25 12:57:38] [DEBUG] PartsDefinitionModel::getColumnsByTableId() finish. 件数: 9
[2026-07-25 12:57:38] [DEBUG] PartsDefinitionModel::getTableStructure() start... Project ID: PRJ-D45FEF
[2026-07-25 12:57:38] [DEBUG] Screen::updateAreaE() [iframe起動版] path: \Develop\Views\AreaE\PartsDefinition\RegistParts.view start...
[2026-07-25 12:57:38] [DEBUG] Screen::getContents() start...
[2026-07-25 12:57:38] [DEBUG] Screen::getContents() finish.
[2026-07-25 12:57:38] [DEBUG] Screen::updateAreaE() finish.
[2026-07-25 12:57:38] [DEBUG] PartsDefinitionController::editPartsAction() end.
[2026-07-25 12:57:38] [DEBUG] Screen::areaView() start...
[2026-07-25 12:57:38] [DEBUG] Screen::areaView() finish.
[2026-07-25 12:57:40] [DEBUG] --- wwProject System Start ---
[2026-07-25 12:57:40] [DEBUG] Router::Router() /jemini/wwProjectV1.54/Develop/Console/ServerBridgeAction/
[2026-07-25 12:57:40] [DEBUG] Attempting to load: \Develop\Controllers\ConsoleController::ServerBridgeAction
[2026-07-25 12:57:40] [DEBUG] Router: Executing \Develop\Controllers\ConsoleController->ServerBridgeAction
[2026-07-25 12:57:40] [DEBUG] ConsoleController::ServerBridge() start...
[2026-07-25 12:57:40] [DEBUG] ConsoleController::ServerBridge() \Develop\Controllers\PartsDefinitionController::editPartsAction()
[2026-07-25 12:57:40] [DEBUG] PartsDefinitionController::editPartsAction() start...
[2026-07-25 12:57:40] [DEBUG] PartsDefinitionModel::getAllPartsList() start... Project ID: PRJ-D45FEF
[2026-07-25 12:57:40] [DEBUG] PartsDefinitionModel::getColumnsByTableId() start... Input: newDevelopers
[2026-07-25 12:57:40] [DEBUG] 逆引き成功: 物理名 newDevelopers -> table_id : 12
[2026-07-25 12:57:40] [DEBUG] PartsDefinitionModel::getColumnsByTableId() finish. 件数: 9
[2026-07-25 12:57:40] [DEBUG] PartsDefinitionModel::getTableStructure() start... Project ID: PRJ-D45FEF
[2026-07-25 12:57:40] [DEBUG] Screen::updateAreaE() [iframe起動版] path: \Develop\Views\AreaE\PartsDefinition\RegistParts.view start...
[2026-07-25 12:57:40] [DEBUG] Screen::getContents() start...
[2026-07-25 12:57:40] [DEBUG] Screen::getContents() finish.
[2026-07-25 12:57:40] [DEBUG] Screen::updateAreaE() finish.
[2026-07-25 12:57:40] [DEBUG] PartsDefinitionController::editPartsAction() end.
[2026-07-25 12:57:40] [DEBUG] Screen::areaView() start...
[2026-07-25 12:57:40] [DEBUG] Screen::areaView() finish.
[2026-07-25 12:57:42] [DEBUG] --- wwProject System Start ---
[2026-07-25 12:57:42] [DEBUG] Router::Router() /jemini/wwProjectV1.54/Develop/Console/ServerBridgeAction/
[2026-07-25 12:57:42] [DEBUG] Attempting to load: \Develop\Controllers\ConsoleController::ServerBridgeAction
[2026-07-25 12:57:42] [DEBUG] Router: Executing \Develop\Controllers\ConsoleController->ServerBridgeAction
[2026-07-25 12:57:42] [DEBUG] ConsoleController::ServerBridge() start...
[2026-07-25 12:57:42] [DEBUG] ConsoleController::ServerBridge() \Develop\Controllers\PartsDefinitionController::editPartsAction()
[2026-07-25 12:57:42] [DEBUG] PartsDefinitionController::editPartsAction() start...
[2026-07-25 12:57:42] [DEBUG] PartsDefinitionModel::getAllPartsList() start... Project ID: PRJ-D45FEF
[2026-07-25 12:57:42] [DEBUG] PartsDefinitionModel::getColumnsByTableId() start... Input: developers
[2026-07-25 12:57:42] [DEBUG] 逆引き成功: 物理名 developers -> table_id : 14
[2026-07-25 12:57:42] [DEBUG] PartsDefinitionModel::getColumnsByTableId() finish. 件数: 9
[2026-07-25 12:57:42] [DEBUG] PartsDefinitionModel::getTableStructure() start... Project ID: PRJ-D45FEF
[2026-07-25 12:57:42] [DEBUG] Screen::updateAreaE() [iframe起動版] path: \Develop\Views\AreaE\PartsDefinition\RegistParts.view start...
[2026-07-25 12:57:42] [DEBUG] Screen::getContents() start...
[2026-07-25 12:57:42] [DEBUG] Screen::getContents() finish.
[2026-07-25 12:57:42] [DEBUG] Screen::updateAreaE() finish.
[2026-07-25 12:57:42] [DEBUG] PartsDefinitionController::editPartsAction() end.
[2026-07-25 12:57:42] [DEBUG] Screen::areaView() start...
[2026-07-25 12:57:42] [DEBUG] Screen::areaView() finish.
[2026-07-25 12:57:45] [DEBUG] --- wwProject System Start ---
[2026-07-25 12:57:45] [DEBUG] Router::Router() /jemini/wwProjectV1.54/Develop/Console/ServerBridgeAction/
[2026-07-25 12:57:45] [DEBUG] Attempting to load: \Develop\Controllers\ConsoleController::ServerBridgeAction
[2026-07-25 12:57:45] [DEBUG] Router: Executing \Develop\Controllers\ConsoleController->ServerBridgeAction
[2026-07-25 12:57:45] [DEBUG] ConsoleController::ServerBridge() start...
[2026-07-25 12:57:45] [DEBUG] ConsoleController::ServerBridge() \Develop\Controllers\PartsDefinitionController::editPartsAction()
[2026-07-25 12:57:45] [DEBUG] PartsDefinitionController::editPartsAction() start...
[2026-07-25 12:57:45] [DEBUG] PartsDefinitionModel::getAllPartsList() start... Project ID: PRJ-D45FEF
[2026-07-25 12:57:45] [DEBUG] PartsDefinitionModel::getColumnsByTableId() start... Input: developers
[2026-07-25 12:57:45] [DEBUG] 逆引き成功: 物理名 developers -> table_id : 14
[2026-07-25 12:57:45] [DEBUG] PartsDefinitionModel::getColumnsByTableId() finish. 件数: 9
[2026-07-25 12:57:45] [DEBUG] PartsDefinitionModel::getTableStructure() start... Project ID: PRJ-D45FEF
[2026-07-25 12:57:45] [DEBUG] Screen::updateAreaE() [iframe起動版] path: \Develop\Views\AreaE\PartsDefinition\RegistParts.view start...
[2026-07-25 12:57:45] [DEBUG] Screen::getContents() start...
[2026-07-25 12:57:45] [DEBUG] Screen::getContents() finish.
[2026-07-25 12:57:45] [DEBUG] Screen::updateAreaE() finish.
[2026-07-25 12:57:45] [DEBUG] PartsDefinitionController::editPartsAction() end.
[2026-07-25 12:57:45] [DEBUG] Screen::areaView() start...
[2026-07-25 12:57:45] [DEBUG] Screen::areaView() finish.
[2026-07-25 12:57:53] [DEBUG] --- wwProject System Start ---
[2026-07-25 12:57:53] [DEBUG] Router::Router() /jemini/wwProjectV1.54/Develop/Console/ServerBridgeAction/
[2026-07-25 12:57:53] [DEBUG] Attempting to load: \Develop\Controllers\ConsoleController::ServerBridgeAction
[2026-07-25 12:57:53] [DEBUG] Router: Executing \Develop\Controllers\ConsoleController->ServerBridgeAction
[2026-07-25 12:57:53] [DEBUG] ConsoleController::ServerBridge() start...
[2026-07-25 12:57:53] [DEBUG] ConsoleController::ServerBridge() \Develop\Controllers\PartsDefinitionController::saveAction()
[2026-07-25 12:57:53] [DEBUG] PartsDefinitionController::saveAction() start...
[2026-07-25 12:57:53] [DEBUG] 🔍送信されたPOSTデータ: {"code":"PartsDefinition\/save","parts_id":"4","parts_name":"MultiConfirm","parts_description":"６６６６６６６６Confirm","parts_type":"Multi Record Confirm","table_name":"developers","preview_title":"MultiInputConfirm","input_rows":"3","display_label":"logical","column_filter":"selected","contents":"","checked_columns_json":"id,user_name,xyz","input_style":",,,,,,,,"}
[2026-07-25 12:57:53] [DEBUG] PartsDefinitionModel::saveParts() start... Project ID: PRJ-D45FEF, Parts ID: 4
[2026-07-25 12:57:53] [DEBUG] PartsDefinitionModel::saveParts() 保存するchecked_columns_jsonの値: [id,user_name,xyz]
[2026-07-25 12:57:53] [DEBUG] PartsDefinitionModel::saveParts() search_area : 
[2026-07-25 12:57:53] [DEBUG] PartsDefinitionModel::saveParts() detail_button : 
[2026-07-25 12:57:53] [DEBUG] PartsDefinitionModel::saveParts() UPDATE m_screenparts SET
                            parts_name = :parts_name,
                            parts_description = :parts_description,
                            parts_type = :parts_type,
                            table_name = :table_name,
                            display_label = :display_label,
                            preview_title = :preview_title,
                            column_filter = :column_filter,
                            input_rows = :input_rows,
                            checked_columns_json = :checked_columns_json,
                            input_style = :input_style,
                            contents = :contents,
                            style_condition = :style_condition,
                            style_column = :style_column,
                            search_area = :search_area,
                            detail_button = :detail_button
                        WHERE
                            project_id = :project_id AND parts_id = :parts_id
[2026-07-25 12:57:53] [DEBUG] PartsDefinitionModel::saveParts() UPDATEを実行します。Parts ID: 4
[2026-07-25 12:57:53] [DEBUG] PartsDefinitionModel::getAllPartsList() start... Project ID: PRJ-D45FEF
[2026-07-25 12:57:53] [DEBUG] Screen::updateAreaD() path: \Develop\Views\AreaD\PartsDefinition\PartsDefinitionList.view start...
[2026-07-25 12:57:53] [DEBUG] Screen::getContents() start...
[2026-07-25 12:57:53] [DEBUG] Screen::getContents() finish.
[2026-07-25 12:57:53] [DEBUG] Screen::updateAreaD() finish.
[2026-07-25 12:57:53] [DEBUG] Screen::updateAreaE() [iframe起動版] path: \Develop\Views\AreaE\Area_E_clear.view start...
[2026-07-25 12:57:53] [DEBUG] Screen::getContents() start...
[2026-07-25 12:57:53] [DEBUG] Screen::getContents() finish.
[2026-07-25 12:57:53] [DEBUG] Screen::updateAreaE() finish.
[2026-07-25 12:57:53] [DEBUG] PartsDefinitionController::saveAction() end.
[2026-07-25 12:57:53] [DEBUG] Screen::areaView() start...
[2026-07-25 12:57:53] [DEBUG] Screen::areaView() finish.
[2026-07-25 12:57:55] [DEBUG] --- wwProject System Start ---
[2026-07-25 12:57:55] [DEBUG] Router::Router() /jemini/wwProjectV1.54/Develop/Console/ServerBridgeAction/
[2026-07-25 12:57:55] [DEBUG] Attempting to load: \Develop\Controllers\ConsoleController::ServerBridgeAction
[2026-07-25 12:57:55] [DEBUG] Router: Executing \Develop\Controllers\ConsoleController->ServerBridgeAction
[2026-07-25 12:57:55] [DEBUG] ConsoleController::ServerBridge() start...
[2026-07-25 12:57:55] [DEBUG] ConsoleController::ServerBridge() \Develop\Controllers\PartsDefinitionController::editPartsAction()
[2026-07-25 12:57:55] [DEBUG] PartsDefinitionController::editPartsAction() start...
[2026-07-25 12:57:55] [DEBUG] PartsDefinitionModel::getAllPartsList() start... Project ID: PRJ-D45FEF
[2026-07-25 12:57:55] [DEBUG] PartsDefinitionModel::getColumnsByTableId() start... Input: developers
[2026-07-25 12:57:55] [DEBUG] 逆引き成功: 物理名 developers -> table_id : 14
[2026-07-25 12:57:55] [DEBUG] PartsDefinitionModel::getColumnsByTableId() finish. 件数: 9
[2026-07-25 12:57:55] [DEBUG] PartsDefinitionModel::getTableStructure() start... Project ID: PRJ-D45FEF
[2026-07-25 12:57:55] [DEBUG] Screen::updateAreaE() [iframe起動版] path: \Develop\Views\AreaE\PartsDefinition\RegistParts.view start...
[2026-07-25 12:57:55] [DEBUG] Screen::getContents() start...
[2026-07-25 12:57:55] [DEBUG] Screen::getContents() finish.
[2026-07-25 12:57:55] [DEBUG] Screen::updateAreaE() finish.
[2026-07-25 12:57:55] [DEBUG] PartsDefinitionController::editPartsAction() end.
[2026-07-25 12:57:55] [DEBUG] Screen::areaView() start...
[2026-07-25 12:57:55] [DEBUG] Screen::areaView() finish.
[2026-07-25 12:57:58] [DEBUG] --- wwProject System Start ---
[2026-07-25 12:57:58] [DEBUG] Router::Router() /jemini/wwProjectV1.54/Develop/Console/ServerBridgeAction/
[2026-07-25 12:57:58] [DEBUG] Attempting to load: \Develop\Controllers\ConsoleController::ServerBridgeAction
[2026-07-25 12:57:58] [DEBUG] Router: Executing \Develop\Controllers\ConsoleController->ServerBridgeAction
[2026-07-25 12:57:58] [DEBUG] ConsoleController::ServerBridge() start...
[2026-07-25 12:57:58] [DEBUG] ConsoleController::ServerBridge() \Develop\Controllers\PartsDefinitionController::editPartsAction()
[2026-07-25 12:57:58] [DEBUG] PartsDefinitionController::editPartsAction() start...
[2026-07-25 12:57:58] [DEBUG] PartsDefinitionModel::getAllPartsList() start... Project ID: PRJ-D45FEF
[2026-07-25 12:57:58] [DEBUG] PartsDefinitionModel::getTableStructure() start... Project ID: PRJ-D45FEF
[2026-07-25 12:57:58] [DEBUG] Screen::updateAreaE() [iframe起動版] path: \Develop\Views\AreaE\PartsDefinition\RegistParts.view start...
[2026-07-25 12:57:58] [DEBUG] Screen::getContents() start...
[2026-07-25 12:57:58] [DEBUG] Screen::getContents() finish.
[2026-07-25 12:57:58] [DEBUG] Screen::updateAreaE() finish.
[2026-07-25 12:57:58] [DEBUG] PartsDefinitionController::editPartsAction() end.
[2026-07-25 12:57:58] [DEBUG] Screen::areaView() start...
[2026-07-25 12:57:58] [DEBUG] Screen::areaView() finish.
[2026-07-25 12:57:59] [DEBUG] --- wwProject System Start ---
[2026-07-25 12:57:59] [DEBUG] Router::Router() /jemini/wwProjectV1.54/Develop/Console/ServerBridgeAction/
[2026-07-25 12:57:59] [DEBUG] Attempting to load: \Develop\Controllers\ConsoleController::ServerBridgeAction
[2026-07-25 12:57:59] [DEBUG] Router: Executing \Develop\Controllers\ConsoleController->ServerBridgeAction
[2026-07-25 12:57:59] [DEBUG] ConsoleController::ServerBridge() start...
[2026-07-25 12:57:59] [DEBUG] ConsoleController::ServerBridge() \Develop\Controllers\PartsDefinitionController::editPartsAction()
[2026-07-25 12:57:59] [DEBUG] PartsDefinitionController::editPartsAction() start...
[2026-07-25 12:57:59] [DEBUG] PartsDefinitionModel::getAllPartsList() start... Project ID: PRJ-D45FEF
[2026-07-25 12:57:59] [DEBUG] PartsDefinitionModel::getTableStructure() start... Project ID: PRJ-D45FEF
[2026-07-25 12:57:59] [DEBUG] Screen::updateAreaE() [iframe起動版] path: \Develop\Views\AreaE\PartsDefinition\RegistParts.view start...
[2026-07-25 12:57:59] [DEBUG] Screen::getContents() start...
[2026-07-25 12:57:59] [DEBUG] Screen::getContents() finish.
[2026-07-25 12:57:59] [DEBUG] Screen::updateAreaE() finish.
[2026-07-25 12:57:59] [DEBUG] PartsDefinitionController::editPartsAction() end.
[2026-07-25 12:57:59] [DEBUG] Screen::areaView() start...
[2026-07-25 12:57:59] [DEBUG] Screen::areaView() finish.
[2026-07-25 12:58:01] [DEBUG] --- wwProject System Start ---
[2026-07-25 12:58:01] [DEBUG] Router::Router() /jemini/wwProjectV1.54/Develop/Console/ServerBridgeAction/
[2026-07-25 12:58:01] [DEBUG] Attempting to load: \Develop\Controllers\ConsoleController::ServerBridgeAction
[2026-07-25 12:58:01] [DEBUG] Router: Executing \Develop\Controllers\ConsoleController->ServerBridgeAction
[2026-07-25 12:58:01] [DEBUG] ConsoleController::ServerBridge() start...
[2026-07-25 12:58:01] [DEBUG] ConsoleController::ServerBridge() \Develop\Controllers\PartsDefinitionController::editPartsAction()
[2026-07-25 12:58:01] [DEBUG] PartsDefinitionController::editPartsAction() start...
[2026-07-25 12:58:01] [DEBUG] PartsDefinitionModel::getAllPartsList() start... Project ID: PRJ-D45FEF
[2026-07-25 12:58:01] [DEBUG] PartsDefinitionModel::getTableStructure() start... Project ID: PRJ-D45FEF
[2026-07-25 12:58:01] [DEBUG] Screen::updateAreaE() [iframe起動版] path: \Develop\Views\AreaE\PartsDefinition\RegistParts.view start...
[2026-07-25 12:58:01] [DEBUG] Screen::getContents() start...
[2026-07-25 12:58:01] [DEBUG] Screen::getContents() finish.
[2026-07-25 12:58:01] [DEBUG] Screen::updateAreaE() finish.
[2026-07-25 12:58:01] [DEBUG] PartsDefinitionController::editPartsAction() end.
[2026-07-25 12:58:01] [DEBUG] Screen::areaView() start...
[2026-07-25 12:58:01] [DEBUG] Screen::areaView() finish.
[2026-07-25 12:58:03] [DEBUG] --- wwProject System Start ---
[2026-07-25 12:58:03] [DEBUG] Router::Router() /jemini/wwProjectV1.54/Develop/Console/ServerBridgeAction/
[2026-07-25 12:58:03] [DEBUG] Attempting to load: \Develop\Controllers\ConsoleController::ServerBridgeAction
[2026-07-25 12:58:03] [DEBUG] Router: Executing \Develop\Controllers\ConsoleController->ServerBridgeAction
[2026-07-25 12:58:03] [DEBUG] ConsoleController::ServerBridge() start...
[2026-07-25 12:58:03] [DEBUG] ConsoleController::ServerBridge() \Develop\Controllers\PartsDefinitionController::editPartsAction()
[2026-07-25 12:58:03] [DEBUG] PartsDefinitionController::editPartsAction() start...
[2026-07-25 12:58:03] [DEBUG] PartsDefinitionModel::getAllPartsList() start... Project ID: PRJ-D45FEF
[2026-07-25 12:58:03] [DEBUG] PartsDefinitionModel::getTableStructure() start... Project ID: PRJ-D45FEF
[2026-07-25 12:58:03] [DEBUG] Screen::updateAreaE() [iframe起動版] path: \Develop\Views\AreaE\PartsDefinition\RegistParts.view start...
[2026-07-25 12:58:03] [DEBUG] Screen::getContents() start...
[2026-07-25 12:58:03] [DEBUG] Screen::getContents() finish.
[2026-07-25 12:58:03] [DEBUG] Screen::updateAreaE() finish.
[2026-07-25 12:58:03] [DEBUG] PartsDefinitionController::editPartsAction() end.
[2026-07-25 12:58:03] [DEBUG] Screen::areaView() start...
[2026-07-25 12:58:03] [DEBUG] Screen::areaView() finish.
[2026-07-25 12:58:04] [DEBUG] --- wwProject System Start ---
[2026-07-25 12:58:04] [DEBUG] Router::Router() /jemini/wwProjectV1.54/Develop/Console/ServerBridgeAction/
[2026-07-25 12:58:04] [DEBUG] Attempting to load: \Develop\Controllers\ConsoleController::ServerBridgeAction
[2026-07-25 12:58:04] [DEBUG] Router: Executing \Develop\Controllers\ConsoleController->ServerBridgeAction
[2026-07-25 12:58:04] [DEBUG] ConsoleController::ServerBridge() start...
[2026-07-25 12:58:04] [DEBUG] ConsoleController::ServerBridge() \Develop\Controllers\PartsDefinitionController::editPartsAction()
[2026-07-25 12:58:04] [DEBUG] PartsDefinitionController::editPartsAction() start...
[2026-07-25 12:58:04] [DEBUG] PartsDefinitionModel::getAllPartsList() start... Project ID: PRJ-D45FEF
[2026-07-25 12:58:04] [DEBUG] PartsDefinitionModel::getColumnsByTableId() start... Input: developers
[2026-07-25 12:58:04] [DEBUG] 逆引き成功: 物理名 developers -> table_id : 14
[2026-07-25 12:58:04] [DEBUG] PartsDefinitionModel::getColumnsByTableId() finish. 件数: 9
[2026-07-25 12:58:04] [DEBUG] PartsDefinitionModel::getTableStructure() start... Project ID: PRJ-D45FEF
[2026-07-25 12:58:04] [DEBUG] Screen::updateAreaE() [iframe起動版] path: \Develop\Views\AreaE\PartsDefinition\RegistParts.view start...
[2026-07-25 12:58:04] [DEBUG] Screen::getContents() start...
[2026-07-25 12:58:04] [DEBUG] Screen::getContents() finish.
[2026-07-25 12:58:04] [DEBUG] Screen::updateAreaE() finish.
[2026-07-25 12:58:04] [DEBUG] PartsDefinitionController::editPartsAction() end.
[2026-07-25 12:58:04] [DEBUG] Screen::areaView() start...
[2026-07-25 12:58:04] [DEBUG] Screen::areaView() finish.
[2026-07-25 12:58:06] [DEBUG] --- wwProject System Start ---
[2026-07-25 12:58:06] [DEBUG] Router::Router() /jemini/wwProjectV1.54/Develop/Console/ServerBridgeAction/
[2026-07-25 12:58:06] [DEBUG] Attempting to load: \Develop\Controllers\ConsoleController::ServerBridgeAction
[2026-07-25 12:58:06] [DEBUG] Router: Executing \Develop\Controllers\ConsoleController->ServerBridgeAction
[2026-07-25 12:58:06] [DEBUG] ConsoleController::ServerBridge() start...
[2026-07-25 12:58:06] [DEBUG] ConsoleController::ServerBridge() \Develop\Controllers\PartsDefinitionController::editPartsAction()
[2026-07-25 12:58:06] [DEBUG] PartsDefinitionController::editPartsAction() start...
[2026-07-25 12:58:06] [DEBUG] PartsDefinitionModel::getAllPartsList() start... Project ID: PRJ-D45FEF
[2026-07-25 12:58:06] [DEBUG] PartsDefinitionModel::getColumnsByTableId() start... Input: developers
[2026-07-25 12:58:06] [DEBUG] 逆引き成功: 物理名 developers -> table_id : 14
[2026-07-25 12:58:06] [DEBUG] PartsDefinitionModel::getColumnsByTableId() finish. 件数: 9
[2026-07-25 12:58:06] [DEBUG] PartsDefinitionModel::getTableStructure() start... Project ID: PRJ-D45FEF
[2026-07-25 12:58:06] [DEBUG] Screen::updateAreaE() [iframe起動版] path: \Develop\Views\AreaE\PartsDefinition\RegistParts.view start...
[2026-07-25 12:58:06] [DEBUG] Screen::getContents() start...
[2026-07-25 12:58:06] [DEBUG] Screen::getContents() finish.
[2026-07-25 12:58:06] [DEBUG] Screen::updateAreaE() finish.
[2026-07-25 12:58:06] [DEBUG] PartsDefinitionController::editPartsAction() end.
[2026-07-25 12:58:06] [DEBUG] Screen::areaView() start...
[2026-07-25 12:58:06] [DEBUG] Screen::areaView() finish.
[2026-07-25 12:58:08] [DEBUG] --- wwProject System Start ---
[2026-07-25 12:58:08] [DEBUG] Router::Router() /jemini/wwProjectV1.54/Develop/Console/ServerBridgeAction/
[2026-07-25 12:58:08] [DEBUG] Attempting to load: \Develop\Controllers\ConsoleController::ServerBridgeAction
[2026-07-25 12:58:08] [DEBUG] Router: Executing \Develop\Controllers\ConsoleController->ServerBridgeAction
[2026-07-25 12:58:08] [DEBUG] ConsoleController::ServerBridge() start...
[2026-07-25 12:58:08] [DEBUG] ConsoleController::ServerBridge() \Develop\Controllers\PartsDefinitionController::editPartsAction()
[2026-07-25 12:58:08] [DEBUG] PartsDefinitionController::editPartsAction() start...
[2026-07-25 12:58:08] [DEBUG] PartsDefinitionModel::getAllPartsList() start... Project ID: PRJ-D45FEF
[2026-07-25 12:58:08] [DEBUG] PartsDefinitionModel::getColumnsByTableId() start... Input: newDevelopers
[2026-07-25 12:58:08] [DEBUG] 逆引き成功: 物理名 newDevelopers -> table_id : 12
[2026-07-25 12:58:08] [DEBUG] PartsDefinitionModel::getColumnsByTableId() finish. 件数: 9
[2026-07-25 12:58:08] [DEBUG] PartsDefinitionModel::getTableStructure() start... Project ID: PRJ-D45FEF
[2026-07-25 12:58:08] [DEBUG] Screen::updateAreaE() [iframe起動版] path: \Develop\Views\AreaE\PartsDefinition\RegistParts.view start...
[2026-07-25 12:58:08] [DEBUG] Screen::getContents() start...
[2026-07-25 12:58:08] [DEBUG] Screen::getContents() finish.
[2026-07-25 12:58:08] [DEBUG] Screen::updateAreaE() finish.
[2026-07-25 12:58:08] [DEBUG] PartsDefinitionController::editPartsAction() end.
[2026-07-25 12:58:08] [DEBUG] Screen::areaView() start...
[2026-07-25 12:58:08] [DEBUG] Screen::areaView() finish.
[2026-07-25 12:58:11] [DEBUG] --- wwProject System Start ---
[2026-07-25 12:58:11] [DEBUG] Router::Router() /jemini/wwProjectV1.54/Develop/Console/ServerBridgeAction/
[2026-07-25 12:58:11] [DEBUG] Attempting to load: \Develop\Controllers\ConsoleController::ServerBridgeAction
[2026-07-25 12:58:11] [DEBUG] Router: Executing \Develop\Controllers\ConsoleController->ServerBridgeAction
[2026-07-25 12:58:11] [DEBUG] ConsoleController::ServerBridge() start...
[2026-07-25 12:58:11] [DEBUG] ConsoleController::ServerBridge() \Develop\Controllers\PartsDefinitionController::editPartsAction()
[2026-07-25 12:58:11] [DEBUG] PartsDefinitionController::editPartsAction() start...
[2026-07-25 12:58:11] [DEBUG] PartsDefinitionModel::getAllPartsList() start... Project ID: PRJ-D45FEF
[2026-07-25 12:58:11] [DEBUG] PartsDefinitionModel::getColumnsByTableId() start... Input: developers
[2026-07-25 12:58:11] [DEBUG] 逆引き成功: 物理名 developers -> table_id : 14
[2026-07-25 12:58:11] [DEBUG] PartsDefinitionModel::getColumnsByTableId() finish. 件数: 9
[2026-07-25 12:58:11] [DEBUG] PartsDefinitionModel::getTableStructure() start... Project ID: PRJ-D45FEF
[2026-07-25 12:58:11] [DEBUG] Screen::updateAreaE() [iframe起動版] path: \Develop\Views\AreaE\PartsDefinition\RegistParts.view start...
[2026-07-25 12:58:11] [DEBUG] Screen::getContents() start...
[2026-07-25 12:58:11] [DEBUG] Screen::getContents() finish.
[2026-07-25 12:58:11] [DEBUG] Screen::updateAreaE() finish.
[2026-07-25 12:58:11] [DEBUG] PartsDefinitionController::editPartsAction() end.
[2026-07-25 12:58:11] [DEBUG] Screen::areaView() start...
[2026-07-25 12:58:11] [DEBUG] Screen::areaView() finish.
[2026-07-25 12:58:12] [DEBUG] --- wwProject System Start ---
[2026-07-25 12:58:12] [DEBUG] Router::Router() /jemini/wwProjectV1.54/Develop/Console/ServerBridgeAction/
[2026-07-25 12:58:12] [DEBUG] Attempting to load: \Develop\Controllers\ConsoleController::ServerBridgeAction
[2026-07-25 12:58:12] [DEBUG] Router: Executing \Develop\Controllers\ConsoleController->ServerBridgeAction
[2026-07-25 12:58:12] [DEBUG] ConsoleController::ServerBridge() start...
[2026-07-25 12:58:12] [DEBUG] ConsoleController::ServerBridge() \Develop\Controllers\PartsDefinitionController::editPartsAction()
[2026-07-25 12:58:12] [DEBUG] PartsDefinitionController::editPartsAction() start...
[2026-07-25 12:58:12] [DEBUG] PartsDefinitionModel::getAllPartsList() start... Project ID: PRJ-D45FEF
[2026-07-25 12:58:12] [DEBUG] PartsDefinitionModel::getColumnsByTableId() start... Input: newDevelopers
[2026-07-25 12:58:12] [DEBUG] 逆引き成功: 物理名 newDevelopers -> table_id : 12
[2026-07-25 12:58:12] [DEBUG] PartsDefinitionModel::getColumnsByTableId() finish. 件数: 9
[2026-07-25 12:58:12] [DEBUG] PartsDefinitionModel::getTableStructure() start... Project ID: PRJ-D45FEF
[2026-07-25 12:58:12] [DEBUG] Screen::updateAreaE() [iframe起動版] path: \Develop\Views\AreaE\PartsDefinition\RegistParts.view start...
[2026-07-25 12:58:12] [DEBUG] Screen::getContents() start...
[2026-07-25 12:58:12] [DEBUG] Screen::getContents() finish.
[2026-07-25 12:58:12] [DEBUG] Screen::updateAreaE() finish.
[2026-07-25 12:58:12] [DEBUG] PartsDefinitionController::editPartsAction() end.
[2026-07-25 12:58:12] [DEBUG] Screen::areaView() start...
[2026-07-25 12:58:12] [DEBUG] Screen::areaView() finish.
[2026-07-25 12:58:20] [DEBUG] --- wwProject System Start ---
[2026-07-25 12:58:20] [DEBUG] Router::Router() /jemini/wwProjectV1.54/Develop/Console/ServerBridgeAction/
[2026-07-25 12:58:20] [DEBUG] Attempting to load: \Develop\Controllers\ConsoleController::ServerBridgeAction
[2026-07-25 12:58:20] [DEBUG] Router: Executing \Develop\Controllers\ConsoleController->ServerBridgeAction
[2026-07-25 12:58:20] [DEBUG] ConsoleController::ServerBridge() start...
[2026-07-25 12:58:20] [DEBUG] ConsoleController::ServerBridge() \Develop\Controllers\PartsDefinitionController::editPartsAction()
[2026-07-25 12:58:20] [DEBUG] PartsDefinitionController::editPartsAction() start...
[2026-07-25 12:58:20] [DEBUG] PartsDefinitionModel::getAllPartsList() start... Project ID: PRJ-D45FEF
[2026-07-25 12:58:20] [DEBUG] PartsDefinitionModel::getColumnsByTableId() start... Input: developers
[2026-07-25 12:58:20] [DEBUG] 逆引き成功: 物理名 developers -> table_id : 14
[2026-07-25 12:58:20] [DEBUG] PartsDefinitionModel::getColumnsByTableId() finish. 件数: 9
[2026-07-25 12:58:20] [DEBUG] PartsDefinitionModel::getTableStructure() start... Project ID: PRJ-D45FEF
[2026-07-25 12:58:20] [DEBUG] Screen::updateAreaE() [iframe起動版] path: \Develop\Views\AreaE\PartsDefinition\RegistParts.view start...
[2026-07-25 12:58:20] [DEBUG] Screen::getContents() start...
[2026-07-25 12:58:20] [DEBUG] Screen::getContents() finish.
[2026-07-25 12:58:20] [DEBUG] Screen::updateAreaE() finish.
[2026-07-25 12:58:20] [DEBUG] PartsDefinitionController::editPartsAction() end.
[2026-07-25 12:58:20] [DEBUG] Screen::areaView() start...
[2026-07-25 12:58:20] [DEBUG] Screen::areaView() finish.
[2026-07-25 12:58:22] [DEBUG] --- wwProject System Start ---
[2026-07-25 12:58:22] [DEBUG] Router::Router() /jemini/wwProjectV1.54/Develop/Console/ServerBridgeAction/
[2026-07-25 12:58:22] [DEBUG] Attempting to load: \Develop\Controllers\ConsoleController::ServerBridgeAction
[2026-07-25 12:58:22] [DEBUG] Router: Executing \Develop\Controllers\ConsoleController->ServerBridgeAction
[2026-07-25 12:58:22] [DEBUG] ConsoleController::ServerBridge() start...
[2026-07-25 12:58:22] [DEBUG] ConsoleController::ServerBridge() \Develop\Controllers\PartsDefinitionController::editPartsAction()
[2026-07-25 12:58:22] [DEBUG] PartsDefinitionController::editPartsAction() start...
[2026-07-25 12:58:22] [DEBUG] PartsDefinitionModel::getAllPartsList() start... Project ID: PRJ-D45FEF
[2026-07-25 12:58:22] [DEBUG] PartsDefinitionModel::getColumnsByTableId() start... Input: applicantmaster
[2026-07-25 12:58:22] [DEBUG] 逆引き成功: 物理名 applicantmaster -> table_id : 13
[2026-07-25 12:58:22] [DEBUG] PartsDefinitionModel::getColumnsByTableId() finish. 件数: 19
[2026-07-25 12:58:22] [DEBUG] PartsDefinitionModel::getTableStructure() start... Project ID: PRJ-D45FEF
[2026-07-25 12:58:22] [DEBUG] Screen::updateAreaE() [iframe起動版] path: \Develop\Views\AreaE\PartsDefinition\RegistParts.view start...
[2026-07-25 12:58:22] [DEBUG] Screen::getContents() start...
[2026-07-25 12:58:22] [DEBUG] Screen::getContents() finish.
[2026-07-25 12:58:22] [DEBUG] Screen::updateAreaE() finish.
[2026-07-25 12:58:22] [DEBUG] PartsDefinitionController::editPartsAction() end.
[2026-07-25 12:58:22] [DEBUG] Screen::areaView() start...
[2026-07-25 12:58:22] [DEBUG] Screen::areaView() finish.
[2026-07-25 12:58:25] [DEBUG] --- wwProject System Start ---
[2026-07-25 12:58:25] [DEBUG] Router::Router() /jemini/wwProjectV1.54/Develop/Console/ServerBridgeAction/
[2026-07-25 12:58:25] [DEBUG] Attempting to load: \Develop\Controllers\ConsoleController::ServerBridgeAction
[2026-07-25 12:58:25] [DEBUG] Router: Executing \Develop\Controllers\ConsoleController->ServerBridgeAction
[2026-07-25 12:58:25] [DEBUG] ConsoleController::ServerBridge() start...
[2026-07-25 12:58:25] [DEBUG] ConsoleController::ServerBridge() \Develop\Controllers\PartsDefinitionController::editPartsAction()
[2026-07-25 12:58:25] [DEBUG] PartsDefinitionController::editPartsAction() start...
[2026-07-25 12:58:25] [DEBUG] PartsDefinitionModel::getAllPartsList() start... Project ID: PRJ-D45FEF
[2026-07-25 12:58:25] [DEBUG] PartsDefinitionModel::getColumnsByTableId() start... Input: developers
[2026-07-25 12:58:25] [DEBUG] 逆引き成功: 物理名 developers -> table_id : 14
[2026-07-25 12:58:25] [DEBUG] PartsDefinitionModel::getColumnsByTableId() finish. 件数: 9
[2026-07-25 12:58:25] [DEBUG] PartsDefinitionModel::getTableStructure() start... Project ID: PRJ-D45FEF
[2026-07-25 12:58:25] [DEBUG] Screen::updateAreaE() [iframe起動版] path: \Develop\Views\AreaE\PartsDefinition\RegistParts.view start...
[2026-07-25 12:58:25] [DEBUG] Screen::getContents() start...
[2026-07-25 12:58:25] [DEBUG] Screen::getContents() finish.
[2026-07-25 12:58:25] [DEBUG] Screen::updateAreaE() finish.
[2026-07-25 12:58:25] [DEBUG] PartsDefinitionController::editPartsAction() end.
[2026-07-25 12:58:25] [DEBUG] Screen::areaView() start...
[2026-07-25 12:58:25] [DEBUG] Screen::areaView() finish.
[2026-07-25 12:58:27] [DEBUG] --- wwProject System Start ---
[2026-07-25 12:58:27] [DEBUG] Router::Router() /jemini/wwProjectV1.54/Develop/Console/ServerBridgeAction/
[2026-07-25 12:58:27] [DEBUG] Attempting to load: \Develop\Controllers\ConsoleController::ServerBridgeAction
[2026-07-25 12:58:27] [DEBUG] Router: Executing \Develop\Controllers\ConsoleController->ServerBridgeAction
[2026-07-25 12:58:27] [DEBUG] ConsoleController::ServerBridge() start...
[2026-07-25 12:58:27] [DEBUG] ConsoleController::ServerBridge() \Develop\Controllers\PartsDefinitionController::editPartsAction()
[2026-07-25 12:58:27] [DEBUG] PartsDefinitionController::editPartsAction() start...
[2026-07-25 12:58:27] [DEBUG] PartsDefinitionModel::getAllPartsList() start... Project ID: PRJ-D45FEF
[2026-07-25 12:58:27] [DEBUG] PartsDefinitionModel::getTableStructure() start... Project ID: PRJ-D45FEF
[2026-07-25 12:58:27] [DEBUG] Screen::updateAreaE() [iframe起動版] path: \Develop\Views\AreaE\PartsDefinition\RegistParts.view start...
[2026-07-25 12:58:27] [DEBUG] Screen::getContents() start...
[2026-07-25 12:58:27] [DEBUG] Screen::getContents() finish.
[2026-07-25 12:58:27] [DEBUG] Screen::updateAreaE() finish.
[2026-07-25 12:58:27] [DEBUG] PartsDefinitionController::editPartsAction() end.
[2026-07-25 12:58:27] [DEBUG] Screen::areaView() start...
[2026-07-25 12:58:27] [DEBUG] Screen::areaView() finish.
[2026-07-25 12:58:30] [DEBUG] --- wwProject System Start ---
[2026-07-25 12:58:30] [DEBUG] Router::Router() /jemini/wwProjectV1.54/Develop/Console/ServerBridgeAction/
[2026-07-25 12:58:30] [DEBUG] Attempting to load: \Develop\Controllers\ConsoleController::ServerBridgeAction
[2026-07-25 12:58:30] [DEBUG] Router: Executing \Develop\Controllers\ConsoleController->ServerBridgeAction
[2026-07-25 12:58:30] [DEBUG] ConsoleController::ServerBridge() start...
[2026-07-25 12:58:30] [DEBUG] ConsoleController::ServerBridge() \Develop\Controllers\PartsDefinitionController::editPartsAction()
[2026-07-25 12:58:30] [DEBUG] PartsDefinitionController::editPartsAction() start...
[2026-07-25 12:58:30] [DEBUG] PartsDefinitionModel::getAllPartsList() start... Project ID: PRJ-D45FEF
[2026-07-25 12:58:30] [DEBUG] PartsDefinitionModel::getColumnsByTableId() start... Input: applicantmaster
[2026-07-25 12:58:30] [DEBUG] 逆引き成功: 物理名 applicantmaster -> table_id : 13
[2026-07-25 12:58:30] [DEBUG] PartsDefinitionModel::getColumnsByTableId() finish. 件数: 19
[2026-07-25 12:58:30] [DEBUG] PartsDefinitionModel::getTableStructure() start... Project ID: PRJ-D45FEF
[2026-07-25 12:58:30] [DEBUG] Screen::updateAreaE() [iframe起動版] path: \Develop\Views\AreaE\PartsDefinition\RegistParts.view start...
[2026-07-25 12:58:30] [DEBUG] Screen::getContents() start...
[2026-07-25 12:58:30] [DEBUG] Screen::getContents() finish.
[2026-07-25 12:58:30] [DEBUG] Screen::updateAreaE() finish.
[2026-07-25 12:58:30] [DEBUG] PartsDefinitionController::editPartsAction() end.
[2026-07-25 12:58:30] [DEBUG] Screen::areaView() start...
[2026-07-25 12:58:30] [DEBUG] Screen::areaView() finish.
[2026-07-25 12:58:32] [DEBUG] --- wwProject System Start ---
[2026-07-25 12:58:32] [DEBUG] Router::Router() /jemini/wwProjectV1.54/Develop/Console/ServerBridgeAction/
[2026-07-25 12:58:32] [DEBUG] Attempting to load: \Develop\Controllers\ConsoleController::ServerBridgeAction
[2026-07-25 12:58:32] [DEBUG] Router: Executing \Develop\Controllers\ConsoleController->ServerBridgeAction
[2026-07-25 12:58:32] [DEBUG] ConsoleController::ServerBridge() start...
[2026-07-25 12:58:32] [DEBUG] ConsoleController::ServerBridge() \Develop\Controllers\PartsDefinitionController::editPartsAction()
[2026-07-25 12:58:32] [DEBUG] PartsDefinitionController::editPartsAction() start...
[2026-07-25 12:58:32] [DEBUG] PartsDefinitionModel::getAllPartsList() start... Project ID: PRJ-D45FEF
[2026-07-25 12:58:32] [DEBUG] PartsDefinitionModel::getTableStructure() start... Project ID: PRJ-D45FEF
[2026-07-25 12:58:32] [DEBUG] Screen::updateAreaE() [iframe起動版] path: \Develop\Views\AreaE\PartsDefinition\RegistParts.view start...
[2026-07-25 12:58:32] [DEBUG] Screen::getContents() start...
[2026-07-25 12:58:32] [DEBUG] Screen::getContents() finish.
[2026-07-25 12:58:32] [DEBUG] Screen::updateAreaE() finish.
[2026-07-25 12:58:32] [DEBUG] PartsDefinitionController::editPartsAction() end.
[2026-07-25 12:58:32] [DEBUG] Screen::areaView() start...
[2026-07-25 12:58:32] [DEBUG] Screen::areaView() finish.
[2026-07-25 12:58:33] [DEBUG] --- wwProject System Start ---
[2026-07-25 12:58:33] [DEBUG] Router::Router() /jemini/wwProjectV1.54/Develop/Console/ServerBridgeAction/
[2026-07-25 12:58:33] [DEBUG] Attempting to load: \Develop\Controllers\ConsoleController::ServerBridgeAction
[2026-07-25 12:58:33] [DEBUG] Router: Executing \Develop\Controllers\ConsoleController->ServerBridgeAction
[2026-07-25 12:58:33] [DEBUG] ConsoleController::ServerBridge() start...
[2026-07-25 12:58:33] [DEBUG] ConsoleController::ServerBridge() \Develop\Controllers\PartsDefinitionController::editPartsAction()
[2026-07-25 12:58:33] [DEBUG] PartsDefinitionController::editPartsAction() start...
[2026-07-25 12:58:33] [DEBUG] PartsDefinitionModel::getAllPartsList() start... Project ID: PRJ-D45FEF
[2026-07-25 12:58:33] [DEBUG] PartsDefinitionModel::getTableStructure() start... Project ID: PRJ-D45FEF
[2026-07-25 12:58:33] [DEBUG] Screen::updateAreaE() [iframe起動版] path: \Develop\Views\AreaE\PartsDefinition\RegistParts.view start...
[2026-07-25 12:58:33] [DEBUG] Screen::getContents() start...
[2026-07-25 12:58:33] [DEBUG] Screen::getContents() finish.
[2026-07-25 12:58:33] [DEBUG] Screen::updateAreaE() finish.
[2026-07-25 12:58:33] [DEBUG] PartsDefinitionController::editPartsAction() end.
[2026-07-25 12:58:33] [DEBUG] Screen::areaView() start...
[2026-07-25 12:58:33] [DEBUG] Screen::areaView() finish.
[2026-07-25 12:58:35] [DEBUG] --- wwProject System Start ---
[2026-07-25 12:58:35] [DEBUG] Router::Router() /jemini/wwProjectV1.54/Develop/Console/ServerBridgeAction/
[2026-07-25 12:58:35] [DEBUG] Attempting to load: \Develop\Controllers\ConsoleController::ServerBridgeAction
[2026-07-25 12:58:35] [DEBUG] Router: Executing \Develop\Controllers\ConsoleController->ServerBridgeAction
[2026-07-25 12:58:35] [DEBUG] ConsoleController::ServerBridge() start...
[2026-07-25 12:58:35] [DEBUG] ConsoleController::ServerBridge() \Develop\Controllers\PartsDefinitionController::editPartsAction()
[2026-07-25 12:58:35] [DEBUG] PartsDefinitionController::editPartsAction() start...
[2026-07-25 12:58:35] [DEBUG] PartsDefinitionModel::getAllPartsList() start... Project ID: PRJ-D45FEF
[2026-07-25 12:58:35] [DEBUG] PartsDefinitionModel::getColumnsByTableId() start... Input: applicantmaster
[2026-07-25 12:58:35] [DEBUG] 逆引き成功: 物理名 applicantmaster -> table_id : 13
[2026-07-25 12:58:35] [DEBUG] PartsDefinitionModel::getColumnsByTableId() finish. 件数: 19
[2026-07-25 12:58:35] [DEBUG] PartsDefinitionModel::getTableStructure() start... Project ID: PRJ-D45FEF
[2026-07-25 12:58:35] [DEBUG] Screen::updateAreaE() [iframe起動版] path: \Develop\Views\AreaE\PartsDefinition\RegistParts.view start...
[2026-07-25 12:58:35] [DEBUG] Screen::getContents() start...
[2026-07-25 12:58:35] [DEBUG] Screen::getContents() finish.
[2026-07-25 12:58:35] [DEBUG] Screen::updateAreaE() finish.
[2026-07-25 12:58:35] [DEBUG] PartsDefinitionController::editPartsAction() end.
[2026-07-25 12:58:35] [DEBUG] Screen::areaView() start...
[2026-07-25 12:58:35] [DEBUG] Screen::areaView() finish.
[2026-07-25 12:58:37] [DEBUG] --- wwProject System Start ---
[2026-07-25 12:58:37] [DEBUG] Router::Router() /jemini/wwProjectV1.54/Develop/Console/ServerBridgeAction/
[2026-07-25 12:58:37] [DEBUG] Attempting to load: \Develop\Controllers\ConsoleController::ServerBridgeAction
[2026-07-25 12:58:37] [DEBUG] Router: Executing \Develop\Controllers\ConsoleController->ServerBridgeAction
[2026-07-25 12:58:37] [DEBUG] ConsoleController::ServerBridge() start...
[2026-07-25 12:58:37] [DEBUG] ConsoleController::ServerBridge() \Develop\Controllers\PartsDefinitionController::editPartsAction()
[2026-07-25 12:58:37] [DEBUG] PartsDefinitionController::editPartsAction() start...
[2026-07-25 12:58:37] [DEBUG] PartsDefinitionModel::getAllPartsList() start... Project ID: PRJ-D45FEF
[2026-07-25 12:58:37] [DEBUG] PartsDefinitionModel::getTableStructure() start... Project ID: PRJ-D45FEF
[2026-07-25 12:58:37] [DEBUG] Screen::updateAreaE() [iframe起動版] path: \Develop\Views\AreaE\PartsDefinition\RegistParts.view start...
[2026-07-25 12:58:37] [DEBUG] Screen::getContents() start...
[2026-07-25 12:58:37] [DEBUG] Screen::getContents() finish.
[2026-07-25 12:58:37] [DEBUG] Screen::updateAreaE() finish.
[2026-07-25 12:58:37] [DEBUG] PartsDefinitionController::editPartsAction() end.
[2026-07-25 12:58:37] [DEBUG] Screen::areaView() start...
[2026-07-25 12:58:37] [DEBUG] Screen::areaView() finish.
[2026-07-25 12:58:43] [DEBUG] --- wwProject System Start ---
[2026-07-25 12:58:43] [DEBUG] Router::Router() /jemini/wwProjectV1.54/Develop/Console/ServerBridgeAction/
[2026-07-25 12:58:43] [DEBUG] Attempting to load: \Develop\Controllers\ConsoleController::ServerBridgeAction
[2026-07-25 12:58:43] [DEBUG] Router: Executing \Develop\Controllers\ConsoleController->ServerBridgeAction
[2026-07-25 12:58:43] [DEBUG] ConsoleController::ServerBridge() start...
[2026-07-25 12:58:43] [DEBUG] ConsoleController::ServerBridge() \Develop\Controllers\PartsDefinitionController::editPartsAction()
[2026-07-25 12:58:43] [DEBUG] PartsDefinitionController::editPartsAction() start...
[2026-07-25 12:58:43] [DEBUG] PartsDefinitionModel::getAllPartsList() start... Project ID: PRJ-D45FEF
[2026-07-25 12:58:43] [DEBUG] PartsDefinitionModel::getTableStructure() start... Project ID: PRJ-D45FEF
[2026-07-25 12:58:43] [DEBUG] Screen::updateAreaE() [iframe起動版] path: \Develop\Views\AreaE\PartsDefinition\RegistParts.view start...
[2026-07-25 12:58:43] [DEBUG] Screen::getContents() start...
[2026-07-25 12:58:43] [DEBUG] Screen::getContents() finish.
[2026-07-25 12:58:43] [DEBUG] Screen::updateAreaE() finish.
[2026-07-25 12:58:43] [DEBUG] PartsDefinitionController::editPartsAction() end.
[2026-07-25 12:58:43] [DEBUG] Screen::areaView() start...
[2026-07-25 12:58:43] [DEBUG] Screen::areaView() finish.
[2026-07-25 12:58:45] [DEBUG] --- wwProject System Start ---
[2026-07-25 12:58:45] [DEBUG] Router::Router() /jemini/wwProjectV1.54/Develop/Console/ServerBridgeAction/
[2026-07-25 12:58:45] [DEBUG] Attempting to load: \Develop\Controllers\ConsoleController::ServerBridgeAction
[2026-07-25 12:58:45] [DEBUG] Router: Executing \Develop\Controllers\ConsoleController->ServerBridgeAction
[2026-07-25 12:58:45] [DEBUG] ConsoleController::ServerBridge() start...
[2026-07-25 12:58:45] [DEBUG] ConsoleController::ServerBridge() \Develop\Controllers\PartsDefinitionController::editPartsAction()
[2026-07-25 12:58:45] [DEBUG] PartsDefinitionController::editPartsAction() start...
[2026-07-25 12:58:45] [DEBUG] PartsDefinitionModel::getAllPartsList() start... Project ID: PRJ-D45FEF
[2026-07-25 12:58:45] [DEBUG] PartsDefinitionModel::getTableStructure() start... Project ID: PRJ-D45FEF
[2026-07-25 12:58:45] [DEBUG] Screen::updateAreaE() [iframe起動版] path: \Develop\Views\AreaE\PartsDefinition\RegistParts.view start...
[2026-07-25 12:58:45] [DEBUG] Screen::getContents() start...
[2026-07-25 12:58:45] [DEBUG] Screen::getContents() finish.
[2026-07-25 12:58:45] [DEBUG] Screen::updateAreaE() finish.
[2026-07-25 12:58:45] [DEBUG] PartsDefinitionController::editPartsAction() end.
[2026-07-25 12:58:45] [DEBUG] Screen::areaView() start...
[2026-07-25 12:58:45] [DEBUG] Screen::areaView() finish.
[2026-07-25 12:58:46] [DEBUG] --- wwProject System Start ---
[2026-07-25 12:58:46] [DEBUG] Router::Router() /jemini/wwProjectV1.54/Develop/Console/ServerBridgeAction/
[2026-07-25 12:58:46] [DEBUG] Attempting to load: \Develop\Controllers\ConsoleController::ServerBridgeAction
[2026-07-25 12:58:46] [DEBUG] Router: Executing \Develop\Controllers\ConsoleController->ServerBridgeAction
[2026-07-25 12:58:46] [DEBUG] ConsoleController::ServerBridge() start...
[2026-07-25 12:58:46] [DEBUG] ConsoleController::ServerBridge() \Develop\Controllers\PartsDefinitionController::editPartsAction()
[2026-07-25 12:58:46] [DEBUG] PartsDefinitionController::editPartsAction() start...
[2026-07-25 12:58:46] [DEBUG] PartsDefinitionModel::getAllPartsList() start... Project ID: PRJ-D45FEF
[2026-07-25 12:58:46] [DEBUG] PartsDefinitionModel::getTableStructure() start... Project ID: PRJ-D45FEF
[2026-07-25 12:58:46] [DEBUG] Screen::updateAreaE() [iframe起動版] path: \Develop\Views\AreaE\PartsDefinition\RegistParts.view start...
[2026-07-25 12:58:46] [DEBUG] Screen::getContents() start...
[2026-07-25 12:58:46] [DEBUG] Screen::getContents() finish.
[2026-07-25 12:58:46] [DEBUG] Screen::updateAreaE() finish.
[2026-07-25 12:58:46] [DEBUG] PartsDefinitionController::editPartsAction() end.
[2026-07-25 12:58:46] [DEBUG] Screen::areaView() start...
[2026-07-25 12:58:46] [DEBUG] Screen::areaView() finish.
[2026-07-25 12:58:49] [DEBUG] --- wwProject System Start ---
[2026-07-25 12:58:49] [DEBUG] Router::Router() /jemini/wwProjectV1.54/Develop/Console/ServerBridgeAction/
[2026-07-25 12:58:49] [DEBUG] Attempting to load: \Develop\Controllers\ConsoleController::ServerBridgeAction
[2026-07-25 12:58:49] [DEBUG] Router: Executing \Develop\Controllers\ConsoleController->ServerBridgeAction
[2026-07-25 12:58:49] [DEBUG] ConsoleController::ServerBridge() start...
[2026-07-25 12:58:49] [DEBUG] ConsoleController::ServerBridge() \Develop\Controllers\PartsDefinitionController::editPartsAction()
[2026-07-25 12:58:49] [DEBUG] PartsDefinitionController::editPartsAction() start...
[2026-07-25 12:58:49] [DEBUG] PartsDefinitionModel::getAllPartsList() start... Project ID: PRJ-D45FEF
[2026-07-25 12:58:49] [DEBUG] PartsDefinitionModel::getTableStructure() start... Project ID: PRJ-D45FEF
[2026-07-25 12:58:49] [DEBUG] Screen::updateAreaE() [iframe起動版] path: \Develop\Views\AreaE\PartsDefinition\RegistParts.view start...
[2026-07-25 12:58:49] [DEBUG] Screen::getContents() start...
[2026-07-25 12:58:49] [DEBUG] Screen::getContents() finish.
[2026-07-25 12:58:49] [DEBUG] Screen::updateAreaE() finish.
[2026-07-25 12:58:49] [DEBUG] PartsDefinitionController::editPartsAction() end.
[2026-07-25 12:58:49] [DEBUG] Screen::areaView() start...
[2026-07-25 12:58:49] [DEBUG] Screen::areaView() finish.
[2026-07-25 12:58:51] [DEBUG] --- wwProject System Start ---
[2026-07-25 12:58:51] [DEBUG] Router::Router() /jemini/wwProjectV1.54/Develop/Console/ServerBridgeAction/
[2026-07-25 12:58:51] [DEBUG] Attempting to load: \Develop\Controllers\ConsoleController::ServerBridgeAction
[2026-07-25 12:58:51] [DEBUG] Router: Executing \Develop\Controllers\ConsoleController->ServerBridgeAction
[2026-07-25 12:58:51] [DEBUG] ConsoleController::ServerBridge() start...
[2026-07-25 12:58:51] [DEBUG] ConsoleController::ServerBridge() \Develop\Controllers\PartsDefinitionController::editPartsAction()
[2026-07-25 12:58:51] [DEBUG] PartsDefinitionController::editPartsAction() start...
[2026-07-25 12:58:51] [DEBUG] PartsDefinitionModel::getAllPartsList() start... Project ID: PRJ-D45FEF
[2026-07-25 12:58:51] [DEBUG] PartsDefinitionModel::getTableStructure() start... Project ID: PRJ-D45FEF
[2026-07-25 12:58:51] [DEBUG] Screen::updateAreaE() [iframe起動版] path: \Develop\Views\AreaE\PartsDefinition\RegistParts.view start...
[2026-07-25 12:58:51] [DEBUG] Screen::getContents() start...
[2026-07-25 12:58:51] [DEBUG] Screen::getContents() finish.
[2026-07-25 12:58:51] [DEBUG] Screen::updateAreaE() finish.
[2026-07-25 12:58:51] [DEBUG] PartsDefinitionController::editPartsAction() end.
[2026-07-25 12:58:51] [DEBUG] Screen::areaView() start...
[2026-07-25 12:58:51] [DEBUG] Screen::areaView() finish.
[2026-07-25 12:58:53] [DEBUG] --- wwProject System Start ---
[2026-07-25 12:58:53] [DEBUG] Router::Router() /jemini/wwProjectV1.54/Develop/Console/ServerBridgeAction/
[2026-07-25 12:58:53] [DEBUG] Attempting to load: \Develop\Controllers\ConsoleController::ServerBridgeAction
[2026-07-25 12:58:53] [DEBUG] Router: Executing \Develop\Controllers\ConsoleController->ServerBridgeAction
[2026-07-25 12:58:53] [DEBUG] ConsoleController::ServerBridge() start...
[2026-07-25 12:58:53] [DEBUG] ConsoleController::ServerBridge() \Develop\Controllers\PartsDefinitionController::editPartsAction()
[2026-07-25 12:58:53] [DEBUG] PartsDefinitionController::editPartsAction() start...
[2026-07-25 12:58:53] [DEBUG] PartsDefinitionModel::getAllPartsList() start... Project ID: PRJ-D45FEF
[2026-07-25 12:58:53] [DEBUG] PartsDefinitionModel::getTableStructure() start... Project ID: PRJ-D45FEF
[2026-07-25 12:58:53] [DEBUG] Screen::updateAreaE() [iframe起動版] path: \Develop\Views\AreaE\PartsDefinition\RegistParts.view start...
[2026-07-25 12:58:53] [DEBUG] Screen::getContents() start...
[2026-07-25 12:58:53] [DEBUG] Screen::getContents() finish.
[2026-07-25 12:58:53] [DEBUG] Screen::updateAreaE() finish.
[2026-07-25 12:58:53] [DEBUG] PartsDefinitionController::editPartsAction() end.
[2026-07-25 12:58:53] [DEBUG] Screen::areaView() start...
[2026-07-25 12:58:53] [DEBUG] Screen::areaView() finish.
[2026-07-25 13:09:36] [DEBUG] --- wwProject System Start ---
[2026-07-25 13:09:36] [DEBUG] Router::Router() /jemini/wwProjectV1.54/Develop/Console/ServerBridgeAction/
[2026-07-25 13:09:36] [DEBUG] Attempting to load: \Develop\Controllers\ConsoleController::ServerBridgeAction
[2026-07-25 13:09:36] [DEBUG] Router: Executing \Develop\Controllers\ConsoleController->ServerBridgeAction
[2026-07-25 13:09:36] [DEBUG] ConsoleController::ServerBridge() start...
[2026-07-25 13:09:36] [DEBUG] ConsoleController::ServerBridge() \Develop\Controllers\PartsDefinitionController::editPartsAction()
[2026-07-25 13:09:36] [DEBUG] PartsDefinitionController::editPartsAction() start...
[2026-07-25 13:09:36] [DEBUG] PartsDefinitionModel::getAllPartsList() start... Project ID: PRJ-D45FEF
[2026-07-25 13:09:36] [DEBUG] PartsDefinitionModel::getTableStructure() start... Project ID: PRJ-D45FEF
[2026-07-25 13:09:36] [DEBUG] Screen::updateAreaE() [iframe起動版] path: \Develop\Views\AreaE\PartsDefinition\RegistParts.view start...
[2026-07-25 13:09:36] [DEBUG] Screen::getContents() start...
[2026-07-25 13:09:36] [DEBUG] Screen::getContents() finish.
[2026-07-25 13:09:36] [DEBUG] Screen::updateAreaE() finish.
[2026-07-25 13:09:36] [DEBUG] PartsDefinitionController::editPartsAction() end.
[2026-07-25 13:09:36] [DEBUG] Screen::areaView() start...
[2026-07-25 13:09:36] [DEBUG] Screen::areaView() finish.
[2026-07-25 13:09:38] [DEBUG] --- wwProject System Start ---
[2026-07-25 13:09:38] [DEBUG] Router::Router() /jemini/wwProjectV1.54/Develop/Console/ServerBridgeAction/
[2026-07-25 13:09:38] [DEBUG] Attempting to load: \Develop\Controllers\ConsoleController::ServerBridgeAction
[2026-07-25 13:09:38] [DEBUG] Router: Executing \Develop\Controllers\ConsoleController->ServerBridgeAction
[2026-07-25 13:09:38] [DEBUG] ConsoleController::ServerBridge() start...
[2026-07-25 13:09:38] [DEBUG] ConsoleController::ServerBridge() \Develop\Controllers\PartsDefinitionController::editPartsAction()
[2026-07-25 13:09:38] [DEBUG] PartsDefinitionController::editPartsAction() start...
[2026-07-25 13:09:38] [DEBUG] PartsDefinitionModel::getAllPartsList() start... Project ID: PRJ-D45FEF
[2026-07-25 13:09:38] [DEBUG] PartsDefinitionModel::getTableStructure() start... Project ID: PRJ-D45FEF
[2026-07-25 13:09:38] [DEBUG] Screen::updateAreaE() [iframe起動版] path: \Develop\Views\AreaE\PartsDefinition\RegistParts.view start...
[2026-07-25 13:09:38] [DEBUG] Screen::getContents() start...
[2026-07-25 13:09:38] [DEBUG] Screen::getContents() finish.
[2026-07-25 13:09:38] [DEBUG] Screen::updateAreaE() finish.
[2026-07-25 13:09:38] [DEBUG] PartsDefinitionController::editPartsAction() end.
[2026-07-25 13:09:38] [DEBUG] Screen::areaView() start...
[2026-07-25 13:09:38] [DEBUG] Screen::areaView() finish.
[2026-07-25 13:09:39] [DEBUG] --- wwProject System Start ---
[2026-07-25 13:09:39] [DEBUG] Router::Router() /jemini/wwProjectV1.54/Develop/Console/ServerBridgeAction/
[2026-07-25 13:09:39] [DEBUG] Attempting to load: \Develop\Controllers\ConsoleController::ServerBridgeAction
[2026-07-25 13:09:39] [DEBUG] Router: Executing \Develop\Controllers\ConsoleController->ServerBridgeAction
[2026-07-25 13:09:39] [DEBUG] ConsoleController::ServerBridge() start...
[2026-07-25 13:09:39] [DEBUG] ConsoleController::ServerBridge() \Develop\Controllers\PartsDefinitionController::editPartsAction()
[2026-07-25 13:09:39] [DEBUG] PartsDefinitionController::editPartsAction() start...
[2026-07-25 13:09:39] [DEBUG] PartsDefinitionModel::getAllPartsList() start... Project ID: PRJ-D45FEF
[2026-07-25 13:09:39] [DEBUG] PartsDefinitionModel::getTableStructure() start... Project ID: PRJ-D45FEF
[2026-07-25 13:09:39] [DEBUG] Screen::updateAreaE() [iframe起動版] path: \Develop\Views\AreaE\PartsDefinition\RegistParts.view start...
[2026-07-25 13:09:39] [DEBUG] Screen::getContents() start...
[2026-07-25 13:09:39] [DEBUG] Screen::getContents() finish.
[2026-07-25 13:09:39] [DEBUG] Screen::updateAreaE() finish.
[2026-07-25 13:09:39] [DEBUG] PartsDefinitionController::editPartsAction() end.
[2026-07-25 13:09:39] [DEBUG] Screen::areaView() start...
[2026-07-25 13:09:39] [DEBUG] Screen::areaView() finish.
[2026-07-25 13:09:41] [DEBUG] --- wwProject System Start ---
[2026-07-25 13:09:41] [DEBUG] Router::Router() /jemini/wwProjectV1.54/Develop/Console/ServerBridgeAction/
[2026-07-25 13:09:41] [DEBUG] Attempting to load: \Develop\Controllers\ConsoleController::ServerBridgeAction
[2026-07-25 13:09:41] [DEBUG] Router: Executing \Develop\Controllers\ConsoleController->ServerBridgeAction
[2026-07-25 13:09:41] [DEBUG] ConsoleController::ServerBridge() start...
[2026-07-25 13:09:41] [DEBUG] ConsoleController::ServerBridge() \Develop\Controllers\PartsDefinitionController::editPartsAction()
[2026-07-25 13:09:41] [DEBUG] PartsDefinitionController::editPartsAction() start...
[2026-07-25 13:09:41] [DEBUG] PartsDefinitionModel::getAllPartsList() start... Project ID: PRJ-D45FEF
[2026-07-25 13:09:41] [DEBUG] PartsDefinitionModel::getTableStructure() start... Project ID: PRJ-D45FEF
[2026-07-25 13:09:41] [DEBUG] Screen::updateAreaE() [iframe起動版] path: \Develop\Views\AreaE\PartsDefinition\RegistParts.view start...
[2026-07-25 13:09:41] [DEBUG] Screen::getContents() start...
[2026-07-25 13:09:41] [DEBUG] Screen::getContents() finish.
[2026-07-25 13:09:41] [DEBUG] Screen::updateAreaE() finish.
[2026-07-25 13:09:41] [DEBUG] PartsDefinitionController::editPartsAction() end.
[2026-07-25 13:09:41] [DEBUG] Screen::areaView() start...
[2026-07-25 13:09:41] [DEBUG] Screen::areaView() finish.
